Timestamp,x_parc,y_parc,x_out,y_out,a_pos,b_pos,c_pos
1780193180.493518,0.0,0.0,0.062,-0.012,-318,-318,-318
1780193180.5484958,0.0,0.0,0.062,-0.012,-318,-318,-318
1780193180.595073,0.0,0.0,0.062,-0.012,-318,-318,-318
1780193180.6338189,0.0,0.0,0.062,-0.012,-318,-318,-318
1780193180.661055,0.0,0.0,0.062,-0.012,-318,-318,-318
1780193180.685009,0.0,0.0,0.062,-0.012,-318,-318,-318
1780193180.6975381,0.0,0.0,0.062,-0.012,-318,-318,-318
1780193180.722883,0.0,0.0,0.062,-0.012,-318,-318,-318
1780193180.745731,0.0,0.0,0.062,-0.012,-318,-318,-318
1780193180.7690282,0.0,0.0,0.062,-0.012,-318,-318,-318
1780193180.793647,0.0,0.0,0.062,-0.012,-318,-318,-318
1780193180.817027,0.0,0.0,0.062,-0.012,-318,-318,-318
1780193180.846923,0.0,0.0,0.062,-0.012,-318,-318,-318
1780193180.8751051,0.0,0.0,0.062,-0.012,-318,-318,-318
1780193180.9016309,0.0,0.0,0.062,-0.012,-318,-318,-318
1780193180.926882,0.0,0.0,0.062,-0.012,-318,-318,-318
1780193180.952322,0.0,0.0,0.062,-0.012,-318,-318,-318
1780193180.98001,0.0,0.0,0.062,-0.012,-318,-318,-318
1780193181.007124,0.0,0.0,0.062,-0.012,-318,-318,-318
1780193181.030132,0.0,0.0,0.062,-0.012,-318,-318,-318
1780193181.057406,0.0,0.0,0.062,-0.012,-318,-318,-318
1780193181.080178,0.0,0.0,0.062,-0.012,-318,-318,-318
1780193181.1068878,0.0,0.0,0.062,-0.012,-318,-318,-318
1780193181.129696,0.0,0.0,0.062,-0.012,-318,-318,-318
1780193181.156702,0.0,0.0,0.062,-0.012,-318,-318,-318
1780193181.179895,0.0,0.0,0.062,-0.012,-318,-318,-318
1780193181.2070389,0.0,0.0,0.062,-0.012,-318,-318,-318
1780193181.229614,0.0,0.0,0.062,-0.012,-318,-318,-318
1780193181.253616,0.0,0.0,0.062,-0.012,-318,-318,-318
1780193181.2661529,0.0,0.0,0.062,-0.012,-318,-318,-318
1780193181.291559,0.0,0.0,0.062,-0.012,-318,-318,-318
1780193181.31458,0.0,0.0,0.062,-0.012,-318,-318,-318
1780193181.339882,0.0,0.0,0.062,-0.012,-318,-318,-318
1780193181.3629172,0.0,0.0,0.062,-0.012,-318,-318,-318
1780193181.3861408,0.0,0.0,0.062,-0.012,-318,-318,-318
1780193181.39862,0.0,0.0,0.062,-0.012,-318,-318,-318
1780193181.4239402,0.0,0.0,0.062,-0.012,-318,-318,-318
1780193181.446775,0.0,0.0,0.062,-0.012,-318,-318,-318
1780193181.474468,0.0,0.0,0.062,-0.012,-318,-318,-318
1780193181.499187,0.0,0.0,0.062,-0.012,-318,-318,-318
1780193181.5266151,0.0,0.0,0.062,-0.012,-318,-318,-318
1780193181.55136,0.0,0.0,0.062,-0.012,-318,-318,-318
1780193181.576596,0.0,0.0,0.062,-0.012,-318,-318,-318
1780193181.599993,0.0,0.0,0.062,-0.012,-318,-318,-318
1780193181.624776,0.0,0.0,0.062,-0.012,-318,-318,-318
1780193181.6486888,0.0,0.0,0.062,-0.012,-318,-318,-318
1780193181.6751208,0.0,0.0,0.062,-0.012,-318,-318,-318
1780193181.699062,0.0,0.0,0.062,-0.012,-318,-318,-318
1780193181.72516,0.0,0.0,0.062,-0.012,-318,-318,-318
1780193181.747945,0.0,0.0,0.062,-0.012,-318,-318,-318
1780193181.772863,0.0,0.0,0.062,-0.012,-318,-318,-318
1780193181.795315,0.0,0.0,0.062,-0.012,-318,-318,-318
1780193181.8184042,0.0,0.0,0.062,-0.012,-318,-318,-318
1780193181.842884,0.0,0.0,0.062,-0.012,-318,-318,-318
1780193181.865335,0.0,0.0,0.062,-0.012,-318,-318,-318
1780193181.8902552,0.0,0.0,0.062,-0.012,-318,-318,-318
1780193181.912757,0.0,0.0,0.062,-0.012,-318,-318,-318
1780193181.935725,0.0,0.0,0.062,-0.012,-318,-318,-318
1780193181.9479198,0.0,0.0,0.062,-0.012,-318,-318,-318
1780193181.9726348,0.0,0.0,0.062,-0.012,-318,-318,-318
1780193181.995028,0.0,0.0,0.062,-0.012,-318,-318,-318
1780193182.0203478,0.0,0.0,0.062,-0.012,-318,-318,-318
1780193182.0494258,0.0,0.0,0.062,-0.012,-318,-318,-318
1780193182.079656,0.0,0.0,0.062,-0.012,-318,-318,-318
1780193182.109909,0.0,0.0,0.062,-0.012,-318,-318,-318
1780193182.140893,0.0,0.0,0.062,-0.012,-318,-318,-318
1780193182.165765,0.0,0.0,0.062,-0.012,-318,-318,-318
1780193182.191527,0.0,0.0,0.062,-0.012,-318,-318,-318
1780193182.214271,0.0,0.0,0.062,-0.012,-318,-318,-318
1780193182.239297,0.0,0.0,0.062,-0.012,-318,-318,-318
1780193182.2619379,0.0,0.0,0.062,-0.012,-318,-318,-318
1780193182.285814,0.0,0.0,0.062,-0.012,-318,-318,-318
1780193182.2981172,0.0,0.0,0.062,-0.012,-318,-318,-318
1780193182.324768,0.0,0.0,0.062,-0.012,-318,-318,-318
1780193182.347271,0.0,0.0,0.062,-0.012,-318,-318,-318
1780193182.370247,0.0,0.0,0.062,-0.012,-318,-318,-318
1780193182.382414,0.0,0.0,0.062,-0.012,-318,-318,-318
1780193182.4074152,0.0,0.0,0.062,-0.012,-318,-318,-318
1780193182.429909,0.0,0.0,0.062,-0.012,-318,-318,-318
1780193182.452776,0.0,0.0,0.062,-0.012,-318,-318,-318
1780193182.4649322,0.0,0.0,0.062,-0.012,-318,-318,-318
1780193182.489816,0.0,0.0,0.062,-0.012,-318,-318,-318
1780193182.512987,0.0,0.0,0.062,-0.012,-318,-318,-318
1780193182.5362382,0.0,0.0,0.062,-0.012,-318,-318,-318
1780193182.55938,0.0,0.0,0.062,-0.012,-318,-318,-318
1780193182.58217,0.0,0.0,0.062,-0.012,-318,-318,-318
1780193182.606869,0.0,0.0,0.062,-0.012,-318,-318,-318
1780193182.629768,0.0,0.0,0.062,-0.012,-318,-318,-318
1780193182.6528199,0.0,0.0,0.062,-0.012,-318,-318,-318
1780193182.6756952,0.0,0.0,0.062,-0.012,-318,-318,-318
1780193182.6987278,0.0,0.0,0.062,-0.012,-318,-318,-318
1780193182.7234619,0.0,0.0,0.062,-0.012,-318,-318,-318
1780193182.746367,0.0,0.0,0.062,-0.012,-318,-318,-318
1780193182.769463,0.0,0.0,0.062,-0.012,-318,-318,-318
1780193182.781641,0.0,0.0,0.062,-0.012,-318,-318,-318
1780193182.8065012,0.0,0.0,0.062,-0.012,-318,-318,-318
1780193182.828971,0.0,0.0,0.062,-0.012,-318,-318,-318
1780193182.851851,0.0,0.0,0.062,-0.012,-318,-318,-318
1780193182.876437,0.0,0.0,0.062,-0.012,-318,-318,-318
1780193182.8998358,0.0,0.0,0.062,-0.012,-318,-318,-318
1780193182.9242501,0.0,0.0,0.062,-0.012,-318,-318,-318
1780193182.946686,0.0,0.0,0.062,-0.012,-318,-318,-318
1780193182.9697149,0.0,0.0,0.062,-0.012,-318,-318,-318
1780193182.981832,0.0,0.0,0.062,-0.012,-318,-318,-318
1780193183.006583,0.0,0.0,0.062,-0.012,-318,-318,-318
1780193183.02957,0.0,0.0,0.062,-0.012,-318,-318,-318
1780193183.052665,0.0,0.0,0.062,-0.012,-318,-318,-318
1780193183.065974,0.0,0.0,0.062,-0.012,-318,-318,-318
1780193183.0909178,0.0,0.0,0.062,-0.012,-318,-318,-318
1780193183.113388,0.0,0.0,0.062,-0.012,-318,-318,-318
1780193183.136433,0.0,0.0,0.062,-0.012,-318,-318,-318
1780193183.148555,0.0,0.0,0.062,-0.012,-318,-318,-318
1780193183.173511,0.0,0.0,0.062,-0.012,-318,-318,-318
1780193183.196094,0.0,0.0,0.062,-0.012,-318,-318,-318
1780193183.2190778,0.0,0.0,0.062,-0.012,-318,-318,-318
1780193183.2312949,0.0,0.0,0.062,-0.012,-318,-318,-318
1780193183.256032,0.0,0.0,0.062,-0.012,-318,-318,-318
1780193183.2786539,0.0,0.0,0.062,-0.012,-318,-318,-318
1780193183.302017,0.0,0.0,0.062,-0.012,-318,-318,-318
1780193183.3270001,0.0,0.0,0.062,-0.012,-318,-318,-318
1780193183.3504682,0.0,0.0,0.062,-0.012,-318,-318,-318
1780193183.3753111,0.0,0.0,0.062,-0.012,-318,-318,-318
1780193183.398161,0.0,0.0,0.062,-0.012,-318,-318,-318
1780193183.423263,0.0,0.0,0.062,-0.012,-318,-318,-318
1780193183.446007,0.0,0.0,0.062,-0.012,-318,-318,-318
1780193183.469285,0.0,0.0,0.062,-0.012,-318,-318,-318
1780193183.492372,0.0,0.0,0.062,-0.012,-318,-318,-318
1780193183.515247,0.0,0.0,0.062,-0.012,-318,-318,-318
1780193183.539881,0.0,0.0,0.062,-0.012,-318,-318,-318
1780193183.56227,0.0,0.0,0.062,-0.012,-318,-318,-318
1780193183.585313,0.0,0.0,0.062,-0.012,-318,-318,-318
1780193183.6097121,0.0,0.0,0.062,-0.012,-318,-318,-318
1780193183.6335418,0.0,0.0,0.062,-0.012,-318,-318,-318
1780193183.658444,0.0,0.0,0.062,-0.012,-318,-318,-318
1780193183.681472,0.0,0.0,0.062,-0.012,-318,-318,-318
1780193183.70457,0.0,0.0,0.062,-0.012,-318,-318,-318
1780193183.72932,0.0,0.0,0.062,-0.012,-318,-318,-318
1780193183.752311,0.0,0.0,0.062,-0.012,-318,-318,-318
1780193183.764512,0.0,0.0,0.062,-0.012,-318,-318,-318
1780193183.7896519,0.0,0.0,0.062,-0.012,-318,-318,-318
1780193183.812201,0.0,0.0,0.062,-0.012,-318,-318,-318
1780193183.835006,0.0,0.0,0.062,-0.012,-318,-318,-318
1780193183.859474,0.0,0.0,0.062,-0.012,-318,-318,-318
1780193183.881855,0.0,0.0,0.062,-0.012,-318,-318,-318
1780193183.907142,0.0,0.0,0.062,-0.012,-318,-318,-318
1780193183.9295528,0.0,0.0,0.062,-0.012,-318,-318,-318
1780193183.952802,0.0,0.0,0.062,-0.012,-318,-318,-318
1780193183.9652522,0.0,0.0,0.062,-0.012,-318,-318,-318
1780193183.990422,0.0,0.0,0.062,-0.012,-318,-318,-318
1780193184.0132601,0.0,0.0,0.062,-0.012,-318,-318,-318
1780193184.0365481,0.0,0.0,0.062,-0.012,-318,-318,-318
1780193184.048722,0.0,0.0,0.062,-0.012,-318,-318,-318
1780193184.073486,0.0,0.0,0.062,-0.012,-318,-318,-318
1780193184.095914,0.0,0.0,0.062,-0.012,-318,-318,-318
1780193184.119005,0.0,0.0,0.062,-0.012,-318,-318,-318
1780193184.131163,0.0,0.0,0.062,-0.012,-318,-318,-318
1780193184.155945,0.0,0.0,0.062,-0.012,-318,-318,-318
1780193184.1784132,0.0,0.0,0.062,-0.012,-318,-318,-318
1780193184.2017841,0.0,0.0,0.062,-0.012,-318,-318,-318
1780193184.2266529,0.0,0.0,0.062,-0.012,-318,-318,-318
1780193184.250232,0.0,0.0,0.062,-0.012,-318,-318,-318
1780193184.275025,0.0,0.0,0.062,-0.012,-318,-318,-318
1780193184.297916,0.0,0.0,0.062,-0.012,-318,-318,-318
1780193184.322934,0.0,0.0,0.062,-0.012,-318,-318,-318
1780193184.3454652,0.0,0.0,0.062,-0.012,-318,-318,-318
1780193184.368233,0.0,0.0,0.062,-0.012,-318,-318,-318
1780193184.3929589,0.0,0.0,0.062,-0.012,-318,-318,-318
1780193184.416676,0.0,0.0,0.062,-0.012,-318,-318,-318
1780193184.441587,0.0,0.0,0.062,-0.012,-318,-318,-318
1780193184.4644969,0.0,0.0,0.062,-0.012,-318,-318,-318
1780193184.489512,0.0,0.0,0.062,-0.012,-318,-318,-318
1780193184.5119731,0.0,0.0,0.062,-0.012,-318,-318,-318
1780193184.535017,0.0,0.0,0.062,-0.012,-318,-318,-318
1780193184.559399,0.0,0.0,0.062,-0.012,-318,-318,-318
1780193184.581973,0.0,0.0,0.062,-0.012,-318,-318,-318
1780193184.606781,0.0,0.0,0.062,-0.012,-318,-318,-318
1780193184.629227,0.0,0.0,0.062,-0.012,-318,-318,-318
1780193184.6523252,0.0,0.0,0.062,-0.012,-318,-318,-318
1780193184.664432,0.0,0.0,0.062,-0.012,-318,-318,-318
1780193184.6893172,0.0,0.0,0.062,-0.012,-318,-318,-318
1780193184.711814,0.0,0.0,0.062,-0.012,-318,-318,-318
1780193184.7349172,0.0,0.0,0.062,-0.012,-318,-318,-318
1780193184.7593448,0.0,0.0,0.062,-0.012,-318,-318,-318
1780193184.781791,0.0,0.0,0.062,-0.012,-318,-318,-318
1780193184.80721,0.0,0.0,0.062,-0.012,-318,-318,-318
1780193184.830267,0.0,0.0,0.062,-0.012,-318,-318,-318
1780193184.853385,0.0,0.0,0.062,-0.012,-318,-318,-318
1780193184.875904,0.0,0.0,0.062,-0.012,-318,-318,-318
1780193184.8987598,0.0,0.0,0.062,-0.012,-318,-318,-318
1780193184.923438,0.0,0.0,0.062,-0.012,-318,-318,-318
1780193184.945846,0.0,0.0,0.062,-0.012,-318,-318,-318
1780193184.968812,0.0,0.0,0.062,-0.012,-318,-318,-318
1780193184.993383,0.0,0.0,0.062,-0.012,-318,-318,-318
1780193185.016315,0.0,0.0,0.062,-0.012,-318,-318,-318
1780193185.040755,0.0,0.0,0.062,-0.012,-318,-318,-318
1780193185.0632179,0.0,0.0,0.062,-0.012,-318,-318,-318
1780193185.0865521,0.0,0.0,0.062,-0.012,-318,-318,-318
1780193185.109605,0.0,0.0,0.062,-0.012,-318,-318,-318
1780193185.132407,0.0,0.0,0.062,-0.012,-318,-318,-318
1780193185.156867,0.0,0.0,0.062,-0.012,-318,-318,-318
1780193185.1793852,0.0,0.0,0.062,-0.012,-318,-318,-318
1780193185.2024078,0.0,0.0,0.062,-0.012,-318,-318,-318
1780193185.214588,0.0,0.0,0.062,-0.012,-318,-318,-318
1780193185.239496,0.0,0.0,0.062,-0.012,-318,-318,-318
1780193185.2619278,0.0,0.0,0.062,-0.012,-318,-318,-318
1780193185.274507,0.0,0.0,0.062,-0.012,-318,-318,-318
1780193185.296927,0.0,0.0,0.062,-0.012,-318,-318,-318
1780193185.322264,0.0,0.0,0.062,-0.012,-318,-318,-318
1780193185.345215,0.0,0.0,0.062,-0.012,-318,-318,-318
1780193185.368459,0.0,0.0,0.062,-0.012,-318,-318,-318
1780193185.393132,0.0,0.0,0.062,-0.012,-318,-318,-318
1780193185.416042,0.0,0.0,0.062,-0.012,-318,-318,-318
1780193185.4404,0.0,0.0,0.062,-0.012,-318,-318,-318
1780193185.462789,0.0,0.0,0.062,-0.012,-318,-318,-318
1780193185.485916,0.0,0.0,0.062,-0.012,-318,-318,-318
1780193185.510165,0.0,0.0,0.062,-0.012,-318,-318,-318
1780193185.5331929,0.0,0.0,0.062,-0.012,-318,-318,-318
1780193185.5573928,0.0,0.0,0.062,-0.012,-318,-318,-318
1780193185.579742,0.0,0.0,0.062,-0.012,-318,-318,-318
1780193185.603302,0.0,0.0,0.062,-0.012,-318,-318,-318
1780193185.626318,0.0,0.0,0.062,-0.012,-318,-318,-318
1780193185.648722,0.0,0.0,0.062,-0.012,-318,-318,-318
1780193185.6734002,0.0,0.0,0.062,-0.012,-318,-318,-318
1780193185.6958342,0.0,0.0,0.062,-0.012,-318,-318,-318
1780193185.718848,0.0,0.0,0.062,-0.012,-318,-318,-318
1780193185.7310588,0.0,0.0,0.062,-0.012,-318,-318,-318
1780193185.7563782,0.0,0.0,0.062,-0.012,-318,-318,-318
1780193185.779425,0.0,0.0,0.062,-0.012,-318,-318,-318
1780193185.792297,0.0,0.0,0.062,-0.012,-318,-318,-318
1780193185.815294,0.0,0.0,0.062,-0.012,-318,-318,-318
1780193185.840692,0.0,0.0,0.062,-0.012,-318,-318,-318
1780193185.863532,0.0,0.0,0.062,-0.012,-318,-318,-318
1780193185.888751,0.0,0.0,0.062,-0.012,-318,-318,-318
1780193185.911513,0.0,0.0,0.062,-0.012,-318,-318,-318
1780193185.934741,0.0,0.0,0.062,-0.012,-318,-318,-318
1780193185.959562,0.0,0.0,0.062,-0.012,-318,-318,-318
1780193185.983052,0.0,0.0,0.062,-0.012,-318,-318,-318
1780193186.007689,0.0,0.0,0.062,-0.012,-318,-318,-318
1780193186.0307121,0.0,0.0,0.062,-0.012,-318,-318,-318
1780193186.055618,0.0,0.0,0.062,-0.012,-318,-318,-318
1780193186.079044,0.0,0.0,0.062,-0.012,-318,-318,-318
1780193186.102404,0.0,0.0,0.062,-0.012,-318,-318,-318
1780193186.114754,0.0,0.0,0.062,-0.012,-318,-318,-318
1780193186.139852,0.0,0.0,0.062,-0.012,-318,-318,-318
1780193186.162484,0.0,0.0,0.062,-0.012,-318,-318,-318
1780193186.1856608,0.0,0.0,0.062,-0.012,-318,-318,-318
1780193186.198184,0.0,0.0,0.062,-0.012,-318,-318,-318
1780193186.2232199,1.681,43.514,-0.005,-0.11,-158,-407,-423
1780193186.2457778,1.791,43.054,-0.005,-0.108,-161,-404,-421
1780193186.269011,1.846,42.791,-0.005,-0.107,-163,-403,-420
1780193186.28144,1.846,42.857,-0.005,-0.107,-162,-403,-420
1780193186.3065448,1.846,42.594,-0.005,-0.106,-164,-403,-419
1780193186.329273,1.901,42.66,-0.005,-0.106,-163,-403,-420
1780193186.35243,1.791,42.66,-0.005,-0.106,-163,-404,-419
1780193186.364773,1.791,42.857,-0.005,-0.107,-162,-405,-420
1780193186.3898351,1.791,42.923,-0.005,-0.108,-162,-405,-420
1780193186.412448,1.791,42.989,-0.004,-0.108,-161,-405,-420
1780193186.435492,1.736,42.857,-0.004,-0.107,-162,-405,-419
1780193186.447762,1.846,42.989,-0.005,-0.108,-161,-405,-420
1780193186.472627,1.846,42.857,-0.005,-0.107,-162,-404,-420
1780193186.495177,1.791,42.857,-0.004,-0.107,-162,-405,-419
1780193186.518281,1.846,42.791,-0.005,-0.107,-162,-404,-420
1780193186.5429592,1.846,42.726,-0.005,-0.107,-163,-404,-419
1780193186.566048,2.067,42.66,-0.006,-0.106,-163,-402,-421
1780193186.5907059,2.122,42.529,-0.006,-0.106,-164,-401,-420
1780193186.6133819,2.342,42.2,-0.007,-0.105,-166,-399,-421
1780193186.636554,2.397,41.872,-0.007,-0.103,-167,-397,-420
1780193186.6488252,2.563,41.872,-0.007,-0.104,-167,-397,-421
1780193186.6738958,2.673,41.938,-0.008,-0.104,-166,-397,-422
1780193186.6964722,2.948,42.266,-0.008,-0.106,-164,-397,-425
1780193186.719522,3.169,42.332,-0.009,-0.106,-164,-396,-427
1780193186.731871,3.389,42.332,-0.01,-0.106,-164,-395,-427
1780193186.756741,3.61,42.463,-0.011,-0.106,-163,-394,-429
1780193186.77916,3.996,42.594,-0.012,-0.107,-162,-392,-432
1780193186.802188,4.216,42.726,-0.012,-0.107,-162,-392,-433
1780193186.814334,4.436,42.857,-0.013,-0.108,-161,-391,-435
1780193186.839266,4.657,43.054,-0.014,-0.109,-160,-391,-437
1780193186.8619788,4.932,43.317,-0.014,-0.109,-159,-391,-439
1780193186.885321,5.043,43.777,-0.014,-0.111,-157,-392,-441
1780193186.909804,5.153,43.974,-0.015,-0.112,-156,-392,-441
1780193186.933076,5.428,44.565,-0.015,-0.114,-153,-393,-445
1780193186.957667,5.428,44.893,-0.015,-0.115,-152,-394,-445
1780193186.980306,5.704,45.616,-0.016,-0.117,-149,-395,-449
1780193187.005274,5.759,46.01,-0.016,-0.118,-148,-396,-450
1780193187.027951,5.869,46.404,-0.016,-0.119,-146,-397,-451
1780193187.051069,6.09,46.732,-0.017,-0.12,-145,-396,-453
1780193187.0756018,6.2,47.586,-0.017,-0.123,-142,-399,-456
1780193187.09827,6.365,47.915,-0.017,-0.124,-141,-399,-458
1780193187.123822,6.476,48.309,-0.017,-0.124,-140,-399,-459
1780193187.147104,6.531,48.768,-0.017,-0.126,-138,-400,-461
1780193187.172519,6.751,49.163,-0.018,-0.126,-137,-400,-462
1780193187.1951628,6.861,49.622,-0.018,-0.128,-136,-401,-464
1780193187.218337,7.137,50.016,-0.019,-0.129,-135,-400,-467
1780193187.242816,7.192,49.885,-0.019,-0.128,-136,-399,-466
1780193187.265926,7.192,49.885,-0.019,-0.128,-136,-399,-466
1780193187.2906182,7.192,49.885,-0.019,-0.128,-136,-399,-466
1780193187.313397,7.688,52.184,-0.021,-0.137,-124,-404,-480
1780193187.3364239,7.798,52.841,-0.021,-0.138,-123,-405,-481
1780193187.348673,7.798,53.432,-0.021,-0.14,-121,-407,-482
1780193187.373538,7.964,53.76,-0.021,-0.139,-121,-406,-482
1780193187.396081,8.019,53.695,-0.021,-0.138,-123,-405,-481
1780193187.4191282,8.129,54.548,-0.021,-0.141,-119,-407,-484
1780193187.431305,8.129,55.205,-0.021,-0.143,-117,-410,-486
1780193187.456785,8.294,55.599,-0.022,-0.143,-116,-409,-487
1780193187.4801831,8.294,56.125,-0.021,-0.145,-114,-411,-488
1780193187.505493,8.46,57.176,-0.022,-0.148,-110,-413,-493
1780193187.528627,8.57,57.504,-0.022,-0.149,-110,-413,-494
1780193187.552282,8.46,58.03,-0.022,-0.15,-108,-415,-494
1780193187.5647192,8.515,58.818,-0.022,-0.152,-105,-417,-497
1780193187.590337,8.515,59.212,-0.022,-0.153,-105,-418,-498
1780193187.613348,8.68,59.934,-0.022,-0.155,-102,-418,-501
1780193187.6366742,8.735,60.394,-0.022,-0.156,-101,-419,-502
1780193187.649044,8.735,60.788,-0.022,-0.156,-100,-420,-503
1780193187.674222,8.79,61.051,-0.022,-0.157,-100,-420,-503
1780193187.696861,8.735,61.182,-0.022,-0.156,-100,-420,-502
1780193187.7221708,8.79,61.314,-0.022,-0.156,-101,-420,-502
1780193187.745051,8.68,61.314,-0.022,-0.155,-101,-420,-501
1780193187.7682319,8.625,61.576,-0.022,-0.156,-100,-421,-501
1780193187.7929568,8.735,61.576,-0.022,-0.156,-101,-420,-501
1780193187.816082,8.735,61.839,-0.022,-0.156,-100,-421,-502
1780193187.840766,8.68,61.839,-0.022,-0.156,-101,-421,-501
1780193187.863403,8.57,61.773,-0.021,-0.155,-101,-421,-500
1780193187.886647,8.46,61.905,-0.021,-0.156,-101,-422,-499
1780193187.910645,8.405,61.839,-0.021,-0.155,-102,-422,-498
1780193187.933791,8.349,61.97,-0.02,-0.156,-101,-423,-498
1780193187.958699,8.129,61.97,-0.02,-0.156,-101,-424,-496
1780193187.9813702,8.074,62.102,-0.019,-0.156,-101,-425,-497
1780193188.006388,8.019,61.708,-0.019,-0.154,-103,-423,-494
1780193188.029428,7.853,61.839,-0.019,-0.155,-102,-424,-494
1780193188.0528781,7.798,61.905,-0.019,-0.155,-102,-425,-494
1780193188.076014,7.798,61.905,-0.019,-0.155,-102,-425,-494
1780193188.09877,7.798,61.905,-0.019,-0.155,-102,-425,-494
1780193188.123481,2.232,39.507,-0.006,-0.098,-174,-393,-414
1780193188.145837,2.397,39.442,-0.007,-0.098,-174,-392,-415
1780193188.168873,2.342,39.442,-0.006,-0.098,-174,-393,-414
1780193188.1915479,2.452,39.639,-0.007,-0.099,-172,-394,-416
1780193188.214051,2.342,39.901,-0.006,-0.1,-171,-396,-416
1780193188.238559,2.342,40.033,-0.006,-0.101,-170,-396,-416
1780193188.260865,2.342,40.23,-0.006,-0.102,-169,-397,-417
1780193188.28414,2.342,40.493,-0.006,-0.103,-168,-398,-418
1780193188.308746,2.287,40.558,-0.006,-0.103,-168,-398,-417
1780193188.331151,2.232,40.755,-0.005,-0.103,-167,-399,-418
1780193188.3558369,2.232,40.624,-0.006,-0.102,-168,-398,-417
1780193188.378319,2.232,40.69,-0.006,-0.103,-168,-399,-417
1780193188.401352,2.232,40.69,-0.006,-0.102,-168,-398,-417
1780193188.425666,2.342,40.558,-0.006,-0.102,-169,-397,-417
1780193188.448214,2.508,40.558,-0.007,-0.102,-169,-396,-418
1780193188.473046,2.618,40.887,-0.007,-0.103,-167,-396,-420
1780193188.495499,2.783,40.296,-0.008,-0.1,-171,-393,-419
1780193188.5184221,2.783,40.23,-0.008,-0.1,-171,-393,-418
1780193188.54284,2.838,39.704,-0.008,-0.098,-174,-391,-416
1780193188.565747,2.783,39.573,-0.007,-0.098,-175,-391,-415
1780193188.590039,2.728,39.31,-0.007,-0.097,-175,-391,-414
1780193188.6123421,2.728,39.048,-0.007,-0.096,-177,-390,-413
1780193188.635633,2.563,38.916,-0.006,-0.096,-177,-391,-412
1780193188.65856,2.508,38.916,-0.006,-0.096,-176,-392,-412
1780193188.680974,2.508,38.719,-0.006,-0.096,-177,-391,-411
1780193188.7052412,2.508,38.654,-0.006,-0.096,-177,-391,-412
1780193188.727668,2.397,38.719,-0.006,-0.096,-176,-393,-411
1780193188.751032,2.342,38.391,-0.006,-0.095,-178,-392,-410
1780193188.775856,2.287,38.456,-0.005,-0.096,-177,-392,-410
1780193188.799304,2.342,38.325,-0.006,-0.095,-178,-392,-410
1780193188.823989,2.287,38.456,-0.005,-0.096,-177,-393,-411
1780193188.846806,2.177,38.259,-0.005,-0.095,-178,-393,-409
1780193188.8719392,2.232,38.391,-0.005,-0.096,-177,-393,-411
1780193188.8947132,2.177,38.456,-0.005,-0.096,-176,-393,-411
1780193188.9180338,2.177,38.456,-0.005,-0.096,-176,-393,-411
1780193188.942771,2.232,38.456,-0.006,-0.096,-176,-393,-411
1780193188.9657679,2.177,38.391,-0.005,-0.096,-177,-393,-411
1780193188.9900968,2.232,38.654,-0.006,-0.097,-175,-394,-412
1780193189.012515,2.177,38.588,-0.005,-0.097,-176,-394,-411
1780193189.0353868,2.232,38.588,-0.006,-0.097,-176,-393,-412
1780193189.0476,2.232,38.785,-0.006,-0.098,-175,-394,-413
1780193189.072254,2.232,38.916,-0.006,-0.098,-174,-394,-413
1780193189.094651,2.232,38.851,-0.006,-0.098,-174,-394,-413
1780193189.117413,2.287,38.982,-0.006,-0.098,-174,-394,-413
1780193189.141697,2.287,39.048,-0.006,-0.098,-174,-394,-414
1780193189.1640298,2.342,39.113,-0.006,-0.099,-173,-394,-414
1780193189.188745,2.342,39.179,-0.006,-0.099,-173,-394,-414
1780193189.211213,2.342,39.376,-0.006,-0.099,-172,-395,-415
1780193189.234116,2.287,39.507,-0.006,-0.1,-172,-396,-415
1780193189.2584121,2.397,39.639,-0.006,-0.1,-171,-395,-416
1780193189.280909,2.342,39.704,-0.006,-0.1,-171,-396,-415
1780193189.305534,2.342,39.704,-0.006,-0.1,-171,-396,-415
1780193189.328702,2.342,39.836,-0.006,-0.1,-171,-396,-416
1780193189.352158,2.397,39.901,-0.006,-0.101,-171,-396,-416
1780193189.3644428,2.397,40.164,-0.006,-0.102,-169,-397,-417
1780193189.3894432,2.342,40.033,-0.006,-0.101,-170,-397,-416
1780193189.412104,2.452,39.967,-0.006,-0.1,-171,-395,-416
1780193189.435149,2.452,39.901,-0.006,-0.1,-171,-395,-416
1780193189.459872,2.452,39.967,-0.006,-0.1,-171,-395,-416
1780193189.482914,2.397,39.967,-0.006,-0.1,-171,-396,-416
1780193189.507431,2.397,39.704,-0.006,-0.099,-173,-395,-414
1780193189.530049,2.342,39.77,-0.006,-0.099,-172,-395,-414
1780193189.555671,2.397,39.704,-0.006,-0.099,-172,-395,-415
1780193189.578302,2.342,39.573,-0.006,-0.099,-173,-395,-414
1780193189.601535,2.287,39.573,-0.006,-0.099,-173,-395,-413
1780193189.626567,2.232,39.573,-0.005,-0.099,-173,-396,-413
1780193189.650314,2.287,39.639,-0.006,-0.099,-172,-395,-414
1780193189.675522,2.342,39.704,-0.006,-0.1,-172,-395,-415
1780193189.699456,2.232,39.573,-0.005,-0.099,-173,-395,-413
1780193189.7244449,2.287,39.573,-0.006,-0.099,-173,-395,-414
1780193189.7474802,2.287,39.507,-0.006,-0.099,-173,-395,-414
1780193189.7728581,2.287,39.507,-0.006,-0.099,-173,-395,-414
1780193189.795542,2.287,39.442,-0.006,-0.099,-173,-394,-414
1780193189.818777,2.287,39.507,-0.006,-0.099,-173,-395,-414
1780193189.841758,2.232,39.507,-0.006,-0.099,-173,-395,-413
1780193189.864197,2.287,39.573,-0.006,-0.099,-173,-395,-414
1780193189.888737,2.287,39.639,-0.006,-0.1,-172,-395,-414
1780193189.911319,2.342,39.704,-0.006,-0.1,-172,-395,-415
1780193189.935284,2.287,39.836,-0.006,-0.1,-171,-396,-415
1780193189.948116,2.342,39.836,-0.006,-0.1,-171,-396,-415
1780193189.9738722,2.122,40.952,-0.005,-0.103,-167,-399,-417
1780193189.9966981,2.122,41.084,-0.005,-0.104,-167,-400,-418
1780193190.022308,2.177,41.149,-0.006,-0.104,-166,-400,-418
1780193190.0451782,2.177,41.149,-0.006,-0.104,-167,-399,-418
1780193190.068694,2.177,41.215,-0.006,-0.104,-166,-400,-418
1780193190.081107,2.177,41.018,-0.006,-0.103,-168,-399,-417
1780193190.106313,2.122,41.149,-0.005,-0.103,-167,-400,-417
1780193190.128912,2.122,41.084,-0.005,-0.103,-167,-399,-417
1780193190.152024,2.067,41.084,-0.005,-0.103,-167,-400,-417
1780193190.1644711,2.232,41.149,-0.006,-0.103,-167,-399,-418
1780193190.1894348,2.177,41.215,-0.006,-0.104,-167,-400,-418
1780193190.211953,2.177,41.149,-0.006,-0.103,-167,-399,-418
1780193190.235192,2.122,41.149,-0.005,-0.103,-167,-400,-417
1780193190.2476249,2.122,41.018,-0.005,-0.103,-168,-399,-417
1780193190.2748091,2.232,40.887,-0.006,-0.102,-169,-398,-417
1780193190.298082,2.287,40.755,-0.006,-0.102,-169,-397,-417
1780193190.323369,2.232,40.624,-0.006,-0.101,-170,-397,-416
1780193190.346022,2.287,40.296,-0.006,-0.1,-172,-395,-415
1780193190.369525,2.177,40.099,-0.005,-0.099,-172,-396,-414
1780193190.381876,2.232,39.704,-0.006,-0.098,-174,-394,-413
1780193190.407116,2.177,38.851,-0.005,-0.095,-179,-392,-409
1780193190.429782,2.122,38.128,-0.005,-0.092,-182,-390,-406
1780193190.4551759,1.736,37.274,-0.004,-0.089,-186,-390,-401
1780193190.478003,1.571,36.486,-0.003,-0.087,-189,-388,-398
1780193190.501181,1.295,35.698,-0.002,-0.084,-193,-388,-394
1780193190.525957,0.524,33.662,0.001,-0.076,-205,-385,-381
1780193190.549309,0.248,32.611,0.002,-0.073,-209,-384,-377
1780193190.5740778,-0.468,31.232,0.004,-0.069,-214,-384,-370
1780193190.596864,-0.909,30.509,0.006,-0.068,-216,-385,-367
1780193190.6225762,-1.35,29.195,0.007,-0.064,-220,-384,-363
1780193190.645472,-1.626,28.079,0.007,-0.061,-225,-382,-359
1780193190.668879,-2.177,27.225,0.009,-0.06,-226,-383,-356
1780193190.681292,-2.508,26.634,0.01,-0.059,-228,-383,-354
1780193190.706508,-2.783,26.174,0.01,-0.059,-227,-384,-353
1780193190.729274,-3.004,25.78,0.01,-0.059,-228,-384,-352
1780193190.7526028,-3.114,25.255,0.01,-0.058,-229,-383,-352
1780193190.7651,-3.279,24.86,0.01,-0.057,-230,-383,-351
1780193190.790277,-3.5,24.401,0.011,-0.057,-231,-383,-350
1780193190.812941,-3.61,24.335,0.011,-0.057,-230,-384,-351
1780193190.838472,-3.61,23.941,0.01,-0.057,-231,-382,-351
1780193190.861258,-3.665,23.875,0.01,-0.057,-231,-383,-351
1780193190.884402,-3.665,23.941,0.01,-0.058,-229,-383,-352
1780193190.909288,-3.555,23.81,0.009,-0.058,-229,-382,-353
1780193190.9322538,-3.5,23.941,0.009,-0.059,-228,-382,-354
1780193190.956884,-3.389,24.401,0.008,-0.061,-225,-384,-357
1780193190.9792662,-3.169,24.663,0.007,-0.063,-223,-383,-360
1780193191.0027661,-2.783,25.386,0.006,-0.066,-219,-383,-365
1780193191.0253792,-2.508,25.649,0.005,-0.066,-217,-382,-367
1780193191.048049,-2.067,26.24,0.003,-0.068,-215,-382,-371
1780193191.0725179,-1.626,26.24,0.002,-0.068,-215,-379,-373
1780193191.095082,-1.35,26.962,0.001,-0.071,-212,-380,-377
1780193191.118437,-1.13,27.159,0.001,-0.071,-211,-380,-378
1780193191.143174,-0.854,27.882,0.0,-0.073,-208,-381,-381
1780193191.166191,-0.799,28.342,0.0,-0.075,-206,-382,-382
1780193191.190858,-0.744,28.867,0.0,-0.076,-204,-384,-383
1780193191.213365,-0.524,29.589,-0.0,-0.078,-201,-385,-386
1780193191.238473,-0.358,30.181,-0.001,-0.08,-198,-386,-388
1780193191.260828,-0.193,30.837,-0.001,-0.082,-196,-387,-390
1780193191.28373,-0.138,31.166,-0.001,-0.083,-195,-388,-391
1780193191.308095,0.083,31.823,-0.002,-0.084,-193,-388,-393
1780193191.330563,0.138,32.414,-0.002,-0.086,-190,-390,-395
1780193191.355885,0.303,33.005,-0.002,-0.087,-188,-391,-397
1780193191.3785129,0.358,33.399,-0.002,-0.088,-187,-391,-398
1780193191.401522,0.358,33.399,-0.002,-0.088,-187,-391,-398
1780193191.4259899,0.358,33.399,-0.002,-0.088,-187,-391,-398
1780193191.449452,0.744,36.158,-0.003,-0.099,-173,-399,-409
1780193191.474775,0.799,36.355,-0.003,-0.098,-174,-398,-409
1780193191.497341,0.909,36.355,-0.003,-0.096,-177,-396,-407
1780193191.522036,1.13,36.42,-0.004,-0.095,-178,-394,-408
1780193191.544375,1.295,36.289,-0.005,-0.094,-179,-392,-408
1780193191.567456,1.24,36.223,-0.004,-0.093,-181,-392,-406
1780193191.591837,1.405,36.223,-0.005,-0.093,-181,-391,-406
1780193191.61433,1.571,36.158,-0.005,-0.092,-182,-390,-406
1780193191.6391191,1.405,36.092,-0.004,-0.091,-183,-391,-404
1780193191.664279,1.405,36.026,-0.004,-0.091,-184,-391,-403
1780193191.693965,1.405,35.698,-0.004,-0.089,-186,-389,-402
1780193191.717933,1.24,35.501,-0.003,-0.089,-187,-390,-400
1780193191.742878,1.24,35.501,-0.003,-0.089,-187,-390,-400
1780193191.766419,0.413,34.187,0.001,-0.083,-195,-390,-388
1780193191.79535,0.413,33.793,0.0,-0.082,-196,-389,-388
1780193191.823126,0.248,33.399,0.001,-0.08,-198,-389,-386
1780193191.847449,-3.389,-14.023,0.01,0.046,-399,-295,-269
1780193191.874437,-3.444,-15.271,0.01,0.048,-403,-293,-267
1780193191.897132,-3.389,-16.256,0.009,0.051,-407,-290,-266
1780193191.922464,-3.444,-17.438,0.009,0.053,-412,-288,-264
1780193191.9450848,-3.444,-17.833,0.009,0.053,-412,-288,-264
1780193191.968193,-3.389,-18.686,0.009,0.054,-414,-287,-264
1780193191.993047,-3.389,-19.146,0.009,0.055,-415,-286,-263
1780193192.018132,-3.334,-19.934,0.008,0.056,-418,-285,-263
1780193192.043581,-3.389,-20.197,0.009,0.056,-418,-285,-262
1780193192.056952,-3.389,-20.46,0.009,0.055,-417,-286,-263
1780193192.080236,-3.334,-20.591,0.008,0.055,-416,-285,-263
1780193192.106007,-3.279,-20.788,0.008,0.055,-416,-285,-264
1780193192.128872,-3.279,-21.051,0.008,0.055,-417,-285,-264
1780193192.1520221,-3.279,-20.985,0.008,0.054,-415,-286,-264
1780193192.164292,-3.334,-21.248,0.008,0.055,-416,-286,-263
1780193192.189172,-3.389,-21.445,0.009,0.055,-417,-286,-263
1780193192.211782,-3.444,-21.445,0.009,0.055,-416,-286,-263
1780193192.235044,-3.444,-21.379,0.009,0.054,-415,-287,-264
1780193192.259679,-3.5,-21.445,0.009,0.054,-415,-287,-263
1780193192.282967,-3.5,-21.379,0.009,0.054,-414,-287,-264
1780193192.307596,-3.444,-21.182,0.009,0.053,-412,-288,-265
1780193192.330504,-3.444,-21.117,0.009,0.052,-411,-288,-265
1780193192.355681,-3.334,-20.722,0.008,0.051,-408,-289,-267
1780193192.378389,-3.389,-20.722,0.008,0.051,-408,-289,-267
1780193192.401651,-3.389,-20.657,0.008,0.051,-408,-289,-267
1780193192.42638,-3.334,-20.46,0.008,0.05,-406,-289,-268
1780193192.449572,-3.389,-20.197,0.008,0.049,-405,-290,-268
1780193192.474187,-3.389,-20.197,0.008,0.049,-405,-290,-268
1780193192.4968379,-3.334,-20.066,0.008,0.049,-404,-290,-268
1780193192.521853,-3.279,-19.737,0.008,0.048,-402,-291,-270
1780193192.5450938,-3.279,-19.737,0.008,0.048,-403,-291,-269
1780193192.568505,-3.224,-19.672,0.008,0.048,-403,-290,-269
1780193192.591754,-3.169,-19.475,0.008,0.047,-401,-291,-270
1780193192.6147242,-3.004,-19.409,0.007,0.047,-401,-290,-271
1780193192.639659,-2.783,-19.146,0.006,0.046,-399,-289,-273
1780193192.662678,-2.783,-18.883,0.006,0.045,-398,-290,-273
1780193192.6862562,-2.783,-18.949,0.006,0.046,-399,-290,-273
1780193192.709308,-2.783,-18.883,0.007,0.046,-399,-290,-273
1780193192.7318301,-2.783,-19.08,0.007,0.047,-401,-290,-272
1780193192.75686,-2.783,-18.949,0.007,0.046,-400,-290,-272
1780193192.779526,-2.783,-19.015,0.007,0.047,-401,-290,-272
1780193192.8027651,-2.783,-18.949,0.007,0.047,-400,-290,-272
1780193192.8169112,-2.838,-18.883,0.007,0.046,-400,-291,-272
1780193192.84208,-2.893,-18.752,0.007,0.046,-399,-291,-272
1780193192.865737,-2.783,-18.818,0.007,0.046,-400,-290,-272
1780193192.8907468,-2.838,-18.752,0.007,0.046,-399,-291,-272
1780193192.9136262,-2.783,-18.752,0.007,0.046,-399,-290,-272
1780193192.938748,-2.783,-18.621,0.007,0.046,-398,-291,-272
1780193192.961589,-2.838,-18.555,0.007,0.046,-398,-291,-272
1780193192.98483,-2.728,-18.555,0.007,0.046,-398,-291,-273
1780193193.0094972,-2.728,-18.424,0.007,0.045,-397,-291,-273
1780193193.0326889,-2.673,-18.358,0.006,0.045,-397,-291,-274
1780193193.057763,-2.673,-18.424,0.007,0.045,-398,-291,-273
1780193193.0806441,-2.728,-18.227,0.007,0.045,-396,-292,-274
1780193193.093365,-2.673,-18.358,0.007,0.045,-397,-291,-273
1780193193.11659,-2.508,-18.358,0.006,0.045,-398,-290,-274
1780193193.141341,-2.563,-18.095,0.006,0.044,-395,-291,-275
1780193193.164289,-2.452,-18.227,0.006,0.045,-397,-290,-275
1780193193.189421,-2.452,-18.03,0.006,0.044,-395,-291,-275
1780193193.2121658,-2.287,-17.898,0.005,0.044,-395,-290,-276
1780193193.235392,-2.342,-17.767,0.006,0.043,-394,-291,-276
1780193193.258556,-2.232,-17.833,0.005,0.044,-395,-290,-276
1780193193.281465,-2.177,-17.635,0.005,0.043,-393,-290,-277
1780193193.306416,-2.177,-17.57,0.005,0.043,-393,-291,-277
1780193193.328952,-2.067,-17.635,0.005,0.043,-394,-290,-277
1780193193.35216,-2.177,-17.438,0.005,0.043,-392,-291,-277
1780193193.364533,-2.012,-17.373,0.005,0.042,-392,-290,-278
1780193193.389825,-2.067,-17.241,0.005,0.042,-391,-291,-278
1780193193.412555,-2.012,-17.438,0.005,0.043,-393,-290,-277
1780193193.435671,-1.956,-17.307,0.005,0.042,-392,-290,-278
1780193193.448082,-1.956,-17.241,0.005,0.042,-392,-291,-278
1780193193.4730282,-1.901,-17.241,0.004,0.042,-392,-290,-278
1780193193.4956028,-1.846,-17.176,0.004,0.042,-392,-290,-279
1780193193.5186229,-1.846,-17.11,0.004,0.042,-391,-290,-279
1780193193.530824,-1.846,-17.11,0.004,0.042,-391,-290,-279
1780193193.5557718,-1.791,-17.044,0.004,0.042,-391,-290,-279
1780193193.578203,-1.681,-16.979,0.004,0.042,-391,-290,-280
1780193193.6013591,-1.736,-17.044,0.004,0.042,-391,-290,-279
1780193193.6259341,-4.051,-24.335,0.011,0.063,-432,-283,-254
1780193193.649334,-4.051,-24.532,0.011,0.063,-433,-282,-254
1780193193.6739562,-4.106,-25.123,0.011,0.065,-436,-281,-253
1780193193.6965802,-4.216,-25.386,0.011,0.066,-438,-281,-252
1780193193.719518,-4.326,-26.108,0.011,0.068,-443,-279,-250
1780193193.731641,-4.381,-26.437,0.012,0.069,-444,-279,-249
1780193193.7563531,-4.822,-27.685,0.013,0.073,-454,-278,-243
1780193193.7787468,-5.153,-28.342,0.015,0.076,-458,-278,-240
1780193193.8016481,-5.649,-29.195,0.016,0.078,-463,-278,-237
1780193193.81384,-6.145,-30.181,0.018,0.081,-470,-278,-232
1780193193.8385222,-6.531,-31.363,0.019,0.085,-479,-277,-228
1780193193.8609102,-7.302,-33.333,0.022,0.092,-494,-275,-220
1780193193.883803,-7.964,-34.581,0.024,0.096,-503,-275,-214
1780193193.908154,-9.066,-36.552,0.028,0.102,-517,-275,-206
1780193193.9304268,-9.617,-37.668,0.029,0.104,-524,-275,-202
1780193193.955085,-10.333,-39.245,0.031,0.108,-533,-274,-198
1780193193.977491,-10.719,-40.23,0.032,0.111,-539,-273,-195
1780193194.0008352,-11.601,-41.281,0.034,0.112,-544,-275,-191
1780193194.025293,-11.932,-41.609,0.035,0.112,-543,-276,-191
1780193194.047799,-12.152,-42.463,0.034,0.113,-546,-275,-190
1780193194.072584,-12.262,-42.66,0.034,0.113,-545,-275,-191
1780193194.095074,-12.317,-43.251,0.033,0.114,-547,-274,-191
1780193194.117963,-12.207,-43.777,0.032,0.115,-550,-271,-191
1780193194.14242,-12.373,-44.171,0.033,0.115,-551,-272,-191
1780193194.165341,-12.373,-44.499,0.032,0.115,-552,-271,-191
1780193194.1896892,-12.648,-44.893,0.033,0.116,-553,-271,-190
1780193194.21205,-12.593,-45.156,0.033,0.116,-554,-270,-190
1780193194.23589,-12.758,-45.681,0.033,0.118,-558,-270,-189
1780193194.248424,-12.869,-46.076,0.033,0.119,-561,-270,-188
1780193194.273115,-13.089,-46.338,0.034,0.119,-561,-270,-187
1780193194.2955048,-13.089,-46.798,0.034,0.12,-565,-269,-186
1780193194.3185742,-13.199,-47.455,0.034,0.122,-570,-268,-185
1780193194.330677,-13.199,-47.98,0.034,0.124,-575,-266,-184
1780193194.355432,-13.199,-48.506,0.034,0.125,-578,-265,-183
1780193194.377802,-13.144,-49.163,0.033,0.127,-584,-263,-182
1780193194.400604,-13.199,-49.622,0.033,0.128,-587,-263,-182
1780193194.4248362,-13.254,-49.951,0.033,0.129,-589,-262,-181
1780193194.447222,-13.199,-50.476,0.033,0.13,-592,-261,-181
1780193194.4717891,-13.254,-50.805,0.033,0.13,-594,-261,-180
1780193194.49414,-13.42,-51.199,0.034,0.131,-596,-261,-179
1780193194.5171049,-13.365,-51.396,0.034,0.131,-597,-261,-179
1780193194.541343,-13.475,-51.921,0.034,0.133,-601,-260,-177
1780193194.563636,-13.42,-51.921,0.034,0.132,-599,-260,-178
1780193194.588224,-13.53,-52.315,0.034,0.133,-602,-260,-177
1780193194.610943,-13.585,-52.578,0.034,0.134,-604,-260,-176
1780193194.63384,-13.585,-52.578,0.034,0.133,-602,-260,-177
1780193194.6581042,-13.585,-52.512,0.034,0.132,-600,-261,-178
1780193194.680446,-13.585,-52.644,0.034,0.133,-601,-260,-177
1780193194.705075,-13.64,-52.644,0.034,0.132,-600,-261,-177
1780193194.727488,-13.53,-52.644,0.034,0.132,-599,-260,-178
1780193194.7506182,-13.585,-52.775,0.034,0.132,-600,-260,-178
1780193194.7751648,-13.64,-52.906,0.034,0.133,-602,-260,-177
1780193194.797656,-13.75,-53.038,0.035,0.133,-603,-261,-176
1780193194.822577,-13.75,-53.432,0.035,0.135,-607,-259,-175
1780193194.844973,-13.861,-54.023,0.035,0.137,-614,-258,-174
1780193194.8683789,-13.861,-54.417,0.035,0.138,-619,-257,-173
1780193194.880508,-13.971,-54.745,0.035,0.139,-621,-257,-172
1780193194.905279,-14.026,-55.074,0.036,0.14,-624,-257,-171
1780193194.927614,-14.026,-55.205,0.035,0.14,-624,-257,-171
1780193194.950413,-14.081,-55.271,0.036,0.14,-623,-257,-171
1780193194.974616,-14.136,-55.599,0.036,0.141,-626,-256,-170
1780193194.996968,-14.136,-55.534,0.036,0.14,-624,-257,-171
1780193195.021525,-14.136,-55.468,0.036,0.139,-622,-257,-172
1780193195.043914,-14.191,-55.402,0.036,0.139,-620,-258,-172
1780193195.067082,-14.191,-55.402,0.036,0.139,-620,-258,-172
1780193195.091517,-14.136,-55.205,0.035,0.138,-617,-258,-173
1780193195.113942,-14.081,-54.943,0.035,0.136,-613,-259,-174
1780193195.1386938,-14.081,-55.008,0.035,0.137,-614,-258,-174
1780193195.1610959,-13.971,-54.745,0.035,0.136,-611,-259,-175
1780193195.173564,-13.971,-54.614,0.035,0.135,-610,-259,-175
1780193195.195893,-13.916,-54.417,0.035,0.135,-608,-259,-176
1780193195.218766,-13.861,-54.68,0.034,0.136,-612,-258,-175
1780193195.230963,-13.805,-54.811,0.034,0.137,-614,-257,-175
1780193195.2556129,-13.75,-54.943,0.034,0.137,-616,-257,-174
1780193195.278023,-13.805,-55.008,0.034,0.138,-617,-257,-174
1780193195.3010838,-13.861,-55.402,0.035,0.139,-622,-256,-173
1780193195.3256068,-13.861,-55.599,0.035,0.14,-624,-256,-172
1780193195.349637,-13.971,-55.796,0.035,0.141,-626,-256,-171
1780193195.375469,-13.971,-56.059,0.035,0.141,-629,-255,-171
1780193195.399675,-13.805,-55.796,0.034,0.139,-621,-256,-173
1780193195.426292,-13.861,-55.731,0.035,0.139,-621,-256,-173
1780193195.45137,-13.805,-55.665,0.034,0.139,-620,-256,-173
1780193195.476193,-13.75,-55.731,0.034,0.139,-621,-256,-173
1780193195.4992902,-13.75,-55.599,0.034,0.139,-619,-256,-174
1780193195.525166,-13.75,-55.599,0.034,0.139,-620,-256,-173
1780193195.54803,-13.75,-55.599,0.034,0.139,-620,-256,-173
1780193195.573011,-13.805,-55.468,0.035,0.138,-618,-257,-173
1780193195.595781,-13.861,-55.534,0.035,0.139,-619,-257,-173
1780193195.6214201,-13.861,-55.665,0.035,0.139,-621,-256,-173
1780193195.644386,-13.861,-55.599,0.035,0.139,-620,-256,-173
1780193195.667712,-13.861,-55.599,0.035,0.139,-620,-257,-173
1780193195.692735,-13.75,-55.534,0.034,0.139,-619,-256,-173
1780193195.7159748,-13.805,-55.534,0.035,0.139,-620,-256,-173
1780193195.740576,-13.805,-55.534,0.035,0.139,-620,-256,-173
1780193195.763235,-13.805,-55.731,0.035,0.139,-623,-256,-173
1780193195.7882571,-13.805,-55.402,0.035,0.138,-618,-257,-174
1780193195.810923,-13.75,-55.468,0.034,0.138,-619,-256,-174
1780193195.846553,-13.861,-55.534,0.035,0.139,-620,-257,-173
1780193195.859326,-13.805,-55.534,0.035,0.139,-620,-256,-173
1780193195.882842,-13.75,-55.534,0.034,0.139,-620,-256,-173
1780193195.9076018,-13.64,-55.534,0.034,0.139,-620,-255,-174
1780193195.9304562,-13.75,-55.534,0.034,0.139,-620,-256,-173
1780193195.955501,-13.695,-55.337,0.034,0.138,-618,-256,-174
1780193195.9786,-13.585,-55.271,0.034,0.138,-617,-256,-175
1780193196.001826,-13.695,-55.402,0.034,0.138,-619,-256,-174
1780193196.0140429,-13.64,-55.14,0.034,0.137,-615,-257,-175
1780193196.039144,-13.585,-55.205,0.034,0.138,-616,-256,-175
1780193196.062104,-13.585,-55.14,0.034,0.137,-616,-256,-175
1780193196.0852501,-13.475,-54.877,0.033,0.136,-612,-257,-176
1780193196.1082082,-13.475,-54.877,0.033,0.136,-613,-257,-176
1780193196.1308029,-13.475,-54.745,0.034,0.136,-612,-257,-176
1780193196.155661,-13.475,-54.745,0.034,0.136,-612,-257,-176
1780193196.178592,-13.475,-54.483,0.034,0.135,-609,-258,-176
1780193196.202092,-13.475,-54.614,0.034,0.136,-611,-257,-176
1780193196.22502,-13.42,-54.483,0.033,0.135,-610,-257,-176
1780193196.247901,-13.475,-54.68,0.034,0.136,-613,-257,-175
1780193196.272835,-13.42,-54.417,0.034,0.135,-609,-257,-176
1780193196.295595,-13.42,-54.417,0.034,0.135,-610,-257,-176
1780193196.318793,-13.42,-54.68,0.034,0.137,-614,-257,-175
1780193196.3312361,-13.365,-54.614,0.033,0.136,-613,-256,-176
1780193196.356593,-13.365,-54.548,0.033,0.136,-612,-257,-176
1780193196.379542,-13.254,-54.548,0.033,0.136,-612,-256,-177
1780193196.40274,-13.365,-54.745,0.033,0.137,-615,-256,-175
1780193196.4150999,-13.365,-54.483,0.033,0.136,-611,-257,-176
1780193196.440672,-13.309,-54.745,0.033,0.137,-615,-256,-176
1780193196.4635031,-13.254,-54.614,0.033,0.136,-613,-256,-176
1780193196.489581,-13.309,-54.614,0.033,0.136,-613,-256,-176
1780193196.5127418,-13.199,-54.614,0.033,0.136,-613,-256,-176
1780193196.5383449,-13.199,-54.745,0.033,0.137,-614,-256,-176
1780193196.5614662,-13.144,-54.68,0.033,0.137,-613,-256,-177
1780193196.5851688,-13.199,-54.811,0.033,0.137,-615,-255,-176
1780193196.597663,-13.254,-54.614,0.033,0.136,-612,-256,-176
1780193196.623161,-13.144,-54.745,0.033,0.137,-614,-255,-176
1780193196.645984,-13.254,-54.943,0.033,0.138,-617,-255,-175
1780193196.669235,-13.309,-54.68,0.033,0.136,-613,-257,-176
1780193196.681567,-13.199,-54.614,0.033,0.136,-612,-256,-176
1780193196.7068238,-13.254,-54.745,0.033,0.137,-614,-256,-176
1780193196.72959,-13.144,-54.614,0.033,0.136,-612,-256,-177
1780193196.7528262,-13.144,-54.68,0.033,0.137,-613,-256,-176
1780193196.777473,-13.199,-54.614,0.033,0.136,-613,-256,-176
1780193196.800544,-13.144,-54.548,0.033,0.136,-612,-256,-177
1780193196.825253,-13.089,-54.417,0.033,0.136,-610,-256,-177
1780193196.8483782,-13.034,-54.483,0.032,0.136,-611,-256,-177
1780193196.873186,-13.034,-54.483,0.032,0.136,-611,-256,-177
1780193196.896649,-13.034,-54.417,0.032,0.136,-611,-256,-177
1780193196.922445,-12.924,-54.286,0.032,0.135,-609,-256,-178
1780193196.9452438,-12.924,-54.351,0.032,0.136,-610,-255,-178
1780193196.969057,-12.979,-54.154,0.032,0.135,-608,-256,-178
1780193196.9815419,-12.924,-54.22,0.032,0.135,-609,-256,-178
1780193197.007099,-12.924,-54.22,0.032,0.135,-609,-256,-178
1780193197.029932,-12.869,-54.089,0.032,0.135,-607,-256,-178
1780193197.0553658,-12.869,-54.089,0.032,0.135,-608,-256,-178
1780193197.078447,-12.593,-53.76,0.031,0.133,-603,-256,-181
1780193197.101911,-12.538,-53.498,0.031,0.132,-600,-256,-181
1780193197.1141691,-12.317,-53.432,0.03,0.132,-600,-255,-182
1780193197.1393778,-12.317,-53.432,0.03,0.132,-600,-255,-182
1780193197.162122,-12.317,-53.432,0.03,0.132,-600,-255,-182
1780193197.185279,-10.885,-52.972,0.024,0.131,-595,-249,-191
1780193197.197532,-10.444,-52.709,0.023,0.13,-593,-248,-192
1780193197.222765,-10.333,-52.644,0.023,0.13,-593,-248,-192
1780193197.245386,-10.058,-52.184,0.023,0.128,-589,-249,-194
1780193197.258403,-9.341,-49.228,0.023,0.122,-570,-254,-197
1780193197.2810082,-9.286,-49.163,0.023,0.122,-570,-254,-197
1780193197.306062,-9.286,-49.097,0.023,0.122,-570,-254,-197
1780193197.328882,-9.231,-49.36,0.023,0.123,-573,-253,-197
1780193197.354733,-9.286,-49.294,0.023,0.123,-573,-253,-197
1780193197.378013,-9.286,-49.425,0.023,0.124,-575,-253,-196
1780193197.401773,-9.397,-49.228,0.024,0.123,-572,-254,-196
1780193197.414376,-9.507,-49.425,0.024,0.124,-575,-254,-195
1780193197.439908,-9.397,-49.491,0.024,0.124,-576,-253,-195
1780193197.463104,-9.452,-49.294,0.024,0.123,-573,-254,-196
1780193197.48861,-9.452,-49.228,0.024,0.123,-572,-254,-196
1780193197.5118349,-9.507,-49.36,0.024,0.123,-574,-254,-195
1780193197.535272,-9.507,-49.294,0.024,0.123,-573,-254,-196
1780193197.5475788,-9.617,-49.294,0.024,0.123,-573,-255,-195
1780193197.5728798,-9.562,-49.294,0.024,0.123,-573,-255,-195
1780193197.595681,-9.452,-49.36,0.024,0.124,-574,-254,-196
1780193197.619012,-9.617,-49.031,0.024,0.122,-570,-256,-196
1780193197.631406,-9.562,-49.097,0.024,0.123,-571,-255,-196
1780193197.656478,-9.617,-49.228,0.024,0.123,-573,-255,-195
1780193197.679143,-9.727,-49.097,0.025,0.123,-571,-256,-195
1780193197.704778,-9.672,-49.163,0.024,0.123,-572,-255,-195
1780193197.727634,-9.672,-48.9,0.024,0.122,-569,-256,-196
1780193197.751474,-9.727,-48.966,0.025,0.122,-570,-256,-195
1780193197.774844,-9.727,-48.834,0.025,0.122,-569,-256,-196
1780193197.797947,-9.727,-48.703,0.025,0.121,-568,-257,-196
1780193197.823061,-9.727,-48.834,0.025,0.122,-570,-256,-196
1780193197.846247,-9.837,-48.637,0.025,0.121,-568,-257,-196
1780193197.871425,-9.893,-48.374,0.025,0.12,-565,-258,-196
1780193197.894618,-9.893,-48.44,0.025,0.121,-566,-258,-196
1780193197.918175,-9.837,-48.374,0.025,0.121,-566,-257,-196
1780193197.9306939,-9.837,-48.309,0.025,0.12,-565,-257,-197
1780193197.9562151,-9.893,-48.309,0.025,0.12,-565,-258,-196
1780193197.9795709,-9.893,-48.374,0.025,0.121,-567,-257,-196
1780193198.0051122,-9.837,-48.309,0.025,0.121,-566,-257,-196
1780193198.0280352,-9.893,-48.243,0.025,0.12,-566,-258,-196
1780193198.051622,-9.893,-48.374,0.025,0.121,-567,-257,-196
1780193198.0639832,-9.837,-48.112,0.025,0.12,-564,-258,-197
1780193198.089398,-9.837,-48.046,0.025,0.12,-564,-258,-197
1780193198.1120121,-9.948,-47.783,0.025,0.119,-561,-259,-197
1780193198.1350772,-9.837,-47.849,0.025,0.119,-562,-258,-198
1780193198.157768,-9.893,-47.849,0.025,0.119,-563,-258,-197
1780193198.180137,-9.948,-47.849,0.025,0.119,-563,-259,-197
1780193198.2045052,-9.893,-47.718,0.025,0.119,-561,-259,-197
1780193198.226902,-9.837,-47.652,0.025,0.119,-561,-258,-198
1780193198.2500129,-9.948,-47.521,0.025,0.118,-560,-259,-198
1780193198.274498,-9.893,-47.586,0.025,0.119,-561,-259,-198
1780193198.2852569,-9.893,-47.521,0.025,0.118,-560,-259,-198
1780193198.309325,-9.948,-47.652,0.025,0.119,-562,-259,-197
1780193198.332206,-9.948,-47.586,0.025,0.119,-561,-259,-197
1780193198.3564422,-9.948,-47.521,0.025,0.119,-560,-259,-197
1780193198.3787782,-9.893,-47.455,0.025,0.118,-560,-259,-198
1780193198.401504,-9.948,-47.652,0.025,0.119,-562,-259,-197
1780193198.413588,-10.003,-47.652,0.025,0.119,-562,-259,-197
1780193198.438433,-9.948,-47.586,0.025,0.119,-562,-259,-197
1780193198.460703,-9.893,-47.455,0.025,0.118,-560,-259,-198
1780193198.483459,-9.948,-47.586,0.025,0.119,-562,-259,-197
1780193198.5076108,-9.893,-47.455,0.025,0.118,-560,-259,-198
1780193198.5299351,-9.893,-47.521,0.025,0.119,-561,-258,-198
1780193198.554695,-9.948,-47.521,0.025,0.119,-561,-259,-197
1780193198.57697,-9.893,-47.586,0.025,0.119,-562,-258,-197
1780193198.5998158,-9.948,-47.389,0.025,0.118,-560,-259,-198
1780193198.6240032,-10.003,-47.258,0.025,0.118,-559,-260,-198
1780193198.646346,-10.058,-47.258,0.025,0.118,-559,-260,-197
1780193198.669099,-10.058,-46.995,0.025,0.117,-556,-261,-198
1780193198.6811159,-10.113,-46.995,0.026,0.117,-556,-261,-198
1780193198.705697,-10.168,-47.061,0.026,0.117,-557,-261,-197
1780193198.72799,-10.113,-46.995,0.025,0.117,-557,-261,-198
1780193198.7508779,-10.168,-46.995,0.026,0.117,-557,-261,-198
1780193198.7752168,-10.113,-46.864,0.025,0.117,-556,-261,-198
1780193198.7993221,-10.113,-46.995,0.025,0.117,-557,-260,-198
1780193198.825758,-10.168,-46.995,0.026,0.117,-558,-261,-197
1780193198.85094,-10.168,-46.864,0.026,0.117,-556,-261,-198
1780193198.876159,-10.058,-46.929,0.025,0.117,-557,-260,-198
1780193198.899554,-10.058,-46.732,0.025,0.116,-555,-261,-199
1780193198.924195,-10.113,-46.798,0.025,0.117,-556,-261,-198
1780193198.9466739,-10.058,-46.929,0.025,0.118,-558,-260,-198
1780193198.9717472,-10.113,-46.601,0.025,0.116,-554,-261,-199
1780193198.994935,-10.113,-46.798,0.025,0.117,-556,-261,-198
1780193199.018313,-10.113,-46.667,0.025,0.117,-555,-261,-198
1780193199.030814,-10.058,-46.601,0.025,0.116,-554,-261,-199
1780193199.055648,-10.113,-46.47,0.025,0.116,-553,-262,-199
1780193199.07846,-9.893,-45.747,0.025,0.115,-550,-262,-200
1780193199.101116,-9.893,-45.681,0.025,0.114,-549,-262,-200
1780193199.1257432,-9.893,-45.878,0.025,0.115,-551,-262,-200
1780193199.148627,-9.948,-45.747,0.025,0.115,-550,-262,-200
1780193199.173617,-9.893,-45.878,0.025,0.115,-551,-262,-200
1780193199.195946,-10.058,-46.076,0.026,0.116,-553,-262,-199
1780193199.218805,-9.893,-46.01,0.025,0.116,-552,-261,-200
1780193199.230937,-10.003,-45.944,0.025,0.115,-551,-262,-199
1780193199.255587,-10.003,-45.944,0.025,0.115,-551,-262,-199
1780193199.277921,-10.003,-46.207,0.025,0.116,-554,-261,-199
1780193199.300818,-10.003,-46.076,0.025,0.116,-552,-262,-199
1780193199.325053,-9.948,-46.207,0.025,0.116,-554,-261,-199
1780193199.335731,-10.003,-46.207,0.025,0.116,-553,-261,-199
1780193199.359989,-10.058,-45.944,0.025,0.115,-550,-262,-200
1780193199.382902,-10.003,-46.273,0.025,0.116,-554,-261,-199
1780193199.4071522,-10.058,-46.207,0.025,0.116,-553,-262,-199
1780193199.4294798,-10.058,-46.141,0.025,0.116,-552,-262,-199
1780193199.452331,-10.113,-45.944,0.026,0.115,-550,-263,-199
1780193199.464436,-10.003,-46.141,0.025,0.116,-553,-261,-199
1780193199.489038,-10.003,-46.076,0.025,0.115,-552,-261,-200
1780193199.51137,-10.058,-46.076,0.025,0.115,-552,-262,-199
1780193199.534233,-10.058,-46.076,0.025,0.115,-552,-262,-199
1780193199.558687,-10.113,-45.944,0.026,0.115,-550,-262,-199
1780193199.582747,-10.003,-46.141,0.025,0.116,-553,-261,-199
1780193199.607971,-10.113,-46.207,0.026,0.116,-553,-262,-199
1780193199.630474,-10.113,-46.207,0.025,0.116,-553,-262,-199
1780193199.655982,-10.113,-46.273,0.025,0.116,-554,-261,-199
1780193199.678952,-10.058,-46.338,0.025,0.116,-555,-261,-199
1780193199.702516,-10.223,-46.273,0.026,0.116,-554,-262,-198
1780193199.714664,-10.223,-46.47,0.026,0.117,-556,-261,-198
1780193199.740093,-10.278,-46.404,0.026,0.117,-555,-262,-198
1780193199.76289,-10.333,-46.207,0.026,0.116,-552,-263,-198
1780193199.788204,-10.223,-46.404,0.026,0.116,-555,-261,-198
1780193199.811153,-10.333,-46.338,0.026,0.116,-554,-262,-198
1780193199.834592,-10.389,-46.273,0.026,0.116,-553,-263,-198
1780193199.846862,-10.278,-46.404,0.026,0.116,-555,-262,-198
1780193199.8717709,-10.278,-46.076,0.026,0.115,-551,-263,-199
1780193199.8941891,-10.333,-45.813,0.026,0.114,-548,-264,-199
1780193199.9175098,-10.168,-45.813,0.025,0.114,-548,-263,-200
1780193199.9423082,-10.223,-45.747,0.026,0.114,-548,-263,-200
1780193199.9656682,-10.168,-45.747,0.025,0.114,-548,-263,-200
1780193199.990258,-10.113,-45.55,0.025,0.113,-547,-263,-201
1780193200.013193,-10.058,-45.55,0.025,0.114,-547,-263,-201
1780193200.0380769,-10.003,-45.353,0.025,0.113,-545,-263,-202
1780193200.060992,-10.003,-45.353,0.025,0.113,-546,-263,-201
1780193200.0844119,-10.003,-45.287,0.025,0.113,-545,-263,-201
1780193200.109285,-9.948,-45.156,0.025,0.112,-544,-263,-202
1780193200.132256,-9.948,-45.09,0.025,0.112,-544,-263,-202
1780193200.15727,-9.948,-45.156,0.025,0.113,-545,-263,-202
1780193200.180156,-9.893,-45.287,0.025,0.113,-547,-262,-201
1780193200.205471,-9.893,-45.353,0.025,0.114,-547,-262,-201
1780193200.228239,-10.003,-45.353,0.025,0.114,-547,-263,-201
1780193200.251758,-9.948,-45.222,0.025,0.113,-546,-263,-201
1780193200.2639859,-10.003,-45.222,0.025,0.113,-546,-263,-201
1780193200.288747,-10.003,-45.222,0.025,0.113,-546,-263,-201
1780193200.311239,-9.948,-45.353,0.025,0.114,-548,-263,-201
1780193200.334269,-9.948,-45.419,0.025,0.114,-548,-262,-201
1780193200.3586292,-9.893,-45.287,0.025,0.113,-547,-262,-201
1780193200.381608,-9.893,-45.353,0.025,0.114,-548,-262,-201
1780193200.405922,-9.948,-45.616,0.025,0.115,-551,-262,-200
1780193200.428396,-9.893,-45.353,0.025,0.114,-547,-262,-201
1780193200.451305,-9.893,-45.353,0.025,0.114,-547,-262,-201
1780193200.463446,-9.948,-45.484,0.025,0.114,-549,-262,-200
1780193200.4889631,-9.893,-45.484,0.025,0.114,-549,-262,-201
1780193200.512028,-9.893,-45.222,0.025,0.113,-546,-263,-202
1780193200.535336,-9.893,-45.353,0.025,0.114,-547,-263,-201
1780193200.547711,-9.893,-45.287,0.025,0.113,-546,-263,-201
1780193200.572581,-9.837,-45.419,0.025,0.114,-548,-262,-201
1780193200.595083,-9.837,-45.287,0.025,0.113,-546,-262,-201
1780193200.618021,-9.893,-45.419,0.025,0.114,-548,-262,-201
1780193200.630099,-9.893,-45.353,0.025,0.114,-547,-263,-201
1780193200.6550431,-9.837,-45.813,0.025,0.116,-553,-261,-200
1780193200.6775,-9.782,-45.55,0.024,0.114,-549,-261,-201
1780193200.7003,-9.837,-45.747,0.025,0.115,-551,-261,-200
1780193200.724714,-9.727,-45.878,0.024,0.116,-553,-260,-200
1780193200.747088,-9.782,-45.944,0.025,0.116,-553,-260,-200
1780193200.771882,-9.837,-45.813,0.025,0.115,-551,-261,-200
1780193200.79428,-9.837,-46.076,0.025,0.116,-554,-261,-199
1780193200.817143,-9.782,-45.944,0.025,0.115,-552,-261,-200
1780193200.841439,-9.782,-46.076,0.025,0.116,-553,-260,-200
1780193200.864018,-9.893,-46.141,0.025,0.116,-554,-261,-199
1780193200.886823,-9.948,-46.01,0.025,0.115,-552,-262,-199
1780193200.911197,-9.893,-46.207,0.025,0.116,-554,-261,-199
1780193200.934109,-9.782,-46.076,0.024,0.116,-552,-261,-200
1780193200.958511,-9.837,-46.207,0.025,0.116,-554,-261,-200
1780193200.981353,-9.837,-46.273,0.025,0.116,-554,-260,-199
1780193201.005887,-9.837,-46.207,0.025,0.116,-553,-261,-200
1780193201.028106,-9.893,-46.273,0.025,0.116,-554,-261,-199
1780193201.051029,-9.893,-46.207,0.025,0.116,-553,-261,-199
1780193201.0753422,-10.003,-45.09,0.025,0.113,-547,-263,-201
1780193201.098197,-10.058,-44.959,0.025,0.113,-545,-264,-201
1780193201.122394,-10.058,-44.959,0.025,0.113,-545,-264,-201
1780193201.14478,-10.113,-45.156,0.026,0.114,-547,-263,-200
1780193201.167659,-10.113,-45.09,0.026,0.113,-546,-264,-200
1780193201.192033,-10.113,-44.893,0.026,0.112,-544,-264,-201
1780193201.214873,-10.058,-45.025,0.025,0.113,-546,-264,-201
1780193201.239211,-10.113,-44.959,0.026,0.113,-545,-264,-201
1780193201.26146,-10.113,-44.762,0.025,0.112,-543,-265,-201
1780193201.284357,-10.113,-44.565,0.025,0.111,-541,-265,-202
1780193201.3085911,-10.113,-44.631,0.025,0.112,-542,-265,-202
1780193201.331624,-10.168,-44.565,0.026,0.111,-541,-265,-202
1780193201.355904,-10.058,-44.368,0.025,0.111,-539,-265,-203
1780193201.378359,-10.058,-44.433,0.025,0.111,-540,-265,-202
1780193201.401134,-10.003,-44.499,0.025,0.111,-542,-264,-202
1780193201.413226,-10.058,-44.236,0.025,0.11,-539,-266,-203
1780193201.4380858,-10.003,-44.236,0.025,0.11,-539,-265,-203
1780193201.460567,-10.058,-44.236,0.025,0.111,-539,-265,-203
1780193201.484421,-10.058,-44.302,0.025,0.111,-540,-265,-202
1780193201.509513,-10.003,-44.236,0.025,0.111,-540,-265,-203
1780193201.532485,-10.058,-44.368,0.025,0.111,-541,-265,-202
1780193201.5571918,-10.113,-44.368,0.026,0.111,-541,-265,-202
1780193201.580095,-10.058,-44.499,0.025,0.112,-543,-265,-202
1780193201.6054752,-10.003,-44.499,0.025,0.112,-542,-264,-202
1780193201.628244,-10.003,-44.433,0.025,0.111,-542,-264,-202
1780193201.652318,-10.058,-44.499,0.025,0.112,-542,-265,-202
1780193201.664761,-10.168,-44.762,0.026,0.113,-545,-264,-200
1780193201.689962,-10.113,-44.631,0.026,0.112,-544,-264,-201
1780193201.712894,-10.113,-44.368,0.026,0.111,-540,-265,-202
1780193201.7379231,-10.113,-44.565,0.025,0.112,-543,-265,-201
1780193201.760347,-10.113,-44.762,0.025,0.113,-545,-264,-201
1780193201.7833521,-10.113,-44.433,0.025,0.111,-541,-265,-202
1780193201.807764,-10.113,-44.696,0.025,0.112,-544,-264,-201
1780193201.83038,-10.058,-44.499,0.025,0.112,-542,-265,-202
1780193201.8550432,-10.058,-44.499,0.025,0.112,-542,-265,-202
1780193201.8775969,-10.113,-44.499,0.026,0.112,-542,-265,-202
1780193201.900429,-10.003,-44.565,0.025,0.112,-543,-264,-202
1780193201.92483,-10.003,-44.236,0.025,0.11,-539,-265,-203
1780193201.9472141,-9.948,-44.368,0.025,0.111,-541,-264,-203
1780193201.970164,-10.003,-44.499,0.025,0.112,-542,-264,-202
1780193201.994795,-9.948,-44.236,0.025,0.111,-539,-265,-203
1780193202.018395,-9.948,-44.499,0.025,0.112,-543,-264,-202
1780193202.030815,-10.058,-44.368,0.025,0.111,-541,-265,-202
1780193202.056035,-10.003,-44.368,0.025,0.111,-541,-265,-202
1780193202.079034,-10.058,-44.368,0.025,0.111,-541,-265,-202
1780193202.104331,-10.058,-44.499,0.025,0.112,-543,-265,-202
1780193202.12699,-9.948,-44.565,0.025,0.112,-543,-264,-202
1780193202.1501162,-10.058,-44.565,0.025,0.112,-543,-264,-201
1780193202.174422,-10.003,-45.025,0.025,0.114,-548,-263,-200
1780193202.196973,-10.058,-45.09,0.025,0.114,-548,-263,-200
1780193202.221621,-10.058,-45.09,0.025,0.114,-548,-263,-200
1780193202.244202,-10.058,-45.156,0.025,0.114,-548,-263,-200
1780193202.2671812,-10.058,-45.419,0.025,0.115,-550,-262,-200
1780193202.2917252,-10.003,-45.813,0.025,0.116,-555,-261,-199
1780193202.314691,-10.058,-45.944,0.025,0.117,-555,-261,-198
1780193202.339224,-10.113,-45.681,0.026,0.115,-551,-262,-199
1780193202.361535,-10.003,-45.878,0.025,0.116,-553,-261,-199
1780193202.384994,-9.948,-46.076,0.025,0.117,-555,-260,-199
1780193202.397356,-10.058,-46.01,0.025,0.116,-554,-261,-199
1780193202.422225,-10.168,-45.747,0.026,0.115,-550,-263,-199
1780193202.444641,-10.003,-45.813,0.025,0.115,-551,-262,-200
1780193202.467774,-10.003,-45.484,0.025,0.114,-547,-263,-201
1780193202.490342,-9.893,-45.353,0.025,0.113,-546,-263,-202
1780193202.512875,-10.003,-45.353,0.025,0.113,-546,-263,-201
1780193202.535228,-9.782,-45.156,0.024,0.113,-545,-262,-202
1780193202.547366,-9.727,-44.762,0.024,0.111,-541,-263,-204
1780193202.57236,-9.617,-44.565,0.024,0.111,-539,-263,-204
1780193202.594939,-9.617,-44.368,0.024,0.11,-538,-264,-205
1780193202.617811,-9.617,-44.368,0.024,0.11,-538,-264,-205
1780193202.629942,-9.507,-43.908,0.024,0.109,-534,-265,-206
1780193202.654878,-9.672,-43.777,0.024,0.108,-533,-266,-205
1780193202.677449,-9.672,-43.645,0.024,0.108,-533,-266,-205
1780193202.700279,-9.672,-43.514,0.024,0.108,-532,-266,-206
1780193202.72463,-9.672,-43.12,0.024,0.107,-529,-267,-206
1780193202.74706,-9.617,-42.989,0.024,0.106,-528,-267,-207
1780193202.771905,-9.672,-42.726,0.024,0.106,-527,-268,-207
1780193202.795021,-9.727,-42.989,0.025,0.107,-530,-267,-206
1780193202.8184671,-9.782,-42.857,0.025,0.107,-530,-268,-206
1780193202.830879,-9.727,-42.989,0.025,0.107,-531,-267,-206
1780193202.8560221,-9.837,-43.317,0.025,0.109,-535,-266,-204
1780193202.878844,-9.948,-43.514,0.025,0.11,-537,-266,-203
1780193202.904177,-9.948,-43.974,0.025,0.112,-542,-265,-202
1780193202.9269152,-10.003,-43.711,0.026,0.11,-539,-266,-202
1780193202.950421,-10.058,-44.105,0.026,0.112,-542,-265,-201
1780193202.97503,-10.223,-44.302,0.026,0.112,-544,-265,-200
1780193202.998111,-10.168,-44.368,0.026,0.112,-544,-265,-200
1780193203.0224981,-9.727,-44.039,0.025,0.109,-536,-266,-204
1780193203.045133,-9.562,-43.645,0.024,0.108,-532,-266,-206
1780193203.067979,-9.452,-43.317,0.023,0.107,-530,-266,-207
1780193203.0800571,-9.341,-42.989,0.023,0.106,-527,-266,-209
1780193203.104785,-9.011,-42.66,0.022,0.105,-525,-265,-211
1780193203.1273222,-9.011,-42.397,0.022,0.104,-523,-266,-211
1780193203.150188,-8.845,-42.266,0.021,0.104,-524,-265,-212
1780193203.175144,-8.625,-42.332,0.021,0.105,-525,-264,-212
1780193203.198422,-8.68,-42.332,0.021,0.105,-526,-264,-211
1780193203.2233589,-8.735,-42.332,0.022,0.106,-527,-264,-211
1780193203.24644,-8.735,-42.266,0.022,0.105,-526,-265,-211
1780193203.2714958,-8.68,-42.135,0.021,0.105,-525,-265,-211
1780193203.294088,-8.68,-42.2,0.022,0.106,-527,-264,-211
1780193203.317536,-8.57,-42.069,0.021,0.105,-526,-264,-211
1780193203.3422909,-8.57,-42.003,0.021,0.105,-525,-264,-211
1780193203.365864,-8.515,-42.069,0.021,0.105,-526,-264,-211
1780193203.390641,-8.57,-42.003,0.021,0.105,-526,-264,-211
1780193203.413374,-8.901,-42.594,0.023,0.108,-532,-264,-207
1780193203.438199,-8.901,-42.463,0.023,0.107,-531,-265,-208
1780193203.460895,-9.231,-42.726,0.024,0.108,-533,-266,-206
1780193203.4837918,-9.341,-42.529,0.024,0.107,-531,-267,-206
1780193203.508356,-9.562,-42.463,0.025,0.107,-530,-268,-205
1780193203.5312982,-9.672,-42.594,0.025,0.107,-531,-268,-205
1780193203.556179,-9.837,-42.397,0.026,0.107,-529,-269,-205
1780193203.579201,-9.893,-41.938,0.026,0.105,-524,-271,-206
1780193203.604314,-9.893,-41.675,0.026,0.104,-522,-271,-207
1780193203.6267378,-10.003,-41.675,0.026,0.104,-522,-271,-206
1780193203.649843,-10.113,-41.346,0.026,0.103,-519,-273,-207
1780193203.674266,-10.113,-40.887,0.026,0.101,-515,-274,-208
1780193203.696851,-10.113,-40.493,0.026,0.1,-512,-275,-209
1780193203.7215738,-10.113,-39.901,0.026,0.098,-507,-276,-211
1780193203.744127,-10.113,-39.179,0.026,0.095,-501,-278,-213
1780193203.767062,-10.168,-38.325,0.026,0.092,-495,-280,-214
1780193203.791562,-10.003,-37.997,0.025,0.092,-493,-280,-216
1780193203.814532,-9.893,-37.011,0.025,0.088,-486,-281,-219
1780193203.839078,-9.837,-36.552,0.024,0.087,-483,-282,-220
1780193203.8614342,-9.782,-36.223,0.024,0.087,-483,-282,-220
1780193203.884553,-9.617,-35.698,0.024,0.086,-480,-282,-222
1780193203.907059,-9.562,-34.647,0.024,0.082,-472,-285,-224
1780193203.929738,-9.507,-34.187,0.023,0.081,-470,-286,-225
1780193203.954187,-9.231,-33.333,0.022,0.079,-465,-286,-228
1780193203.9766011,-9.011,-32.414,0.022,0.076,-458,-287,-231
1780193203.999469,-8.46,-31.034,0.019,0.07,-446,-289,-238
1780193204.0244741,-8.019,-30.509,0.018,0.069,-445,-287,-241
1780193204.047574,-7.578,-29.589,0.016,0.067,-441,-287,-244
1780193204.071245,-7.247,-29.064,0.016,0.066,-439,-286,-246
1780193204.096384,-6.917,-28.079,0.015,0.064,-434,-287,-248
1780193204.121844,-6.806,-27.488,0.015,0.063,-431,-288,-249
1780193204.144589,-6.806,-26.897,0.015,0.061,-429,-290,-250
1780193204.167897,-6.861,-25.714,0.016,0.058,-422,-294,-251
1780193204.1801002,-6.917,-24.926,0.017,0.056,-418,-296,-252
1780193204.205209,-7.082,-23.81,0.018,0.053,-412,-300,-253
1780193204.2276711,-7.027,-23.415,0.017,0.053,-411,-300,-254
1780193204.250817,-7.082,-21.97,0.018,0.048,-403,-304,-257
1780193204.275167,-7.082,-21.182,0.018,0.046,-399,-306,-258
1780193204.298174,-6.806,-19.869,0.017,0.042,-392,-307,-262
1780193204.322294,-6.751,-19.015,0.016,0.04,-388,-308,-264
1780193204.344787,-6.531,-17.898,0.016,0.037,-383,-310,-267
1780193204.36762,-6.476,-17.241,0.016,0.036,-380,-311,-268
1780193204.379692,-6.421,-16.125,0.016,0.033,-376,-313,-270
1780193204.40435,-6.421,-15.402,0.016,0.032,-372,-314,-272
1780193204.4268029,-6.641,-14.154,0.017,0.028,-366,-319,-273
1780193204.44952,-6.751,-13.629,0.017,0.027,-365,-320,-273
1780193204.4739149,-6.972,-13.038,0.018,0.027,-364,-322,-272
1780193204.496247,-7.082,-12.315,0.019,0.025,-360,-324,-273
1780193204.5210161,-7.302,-11.527,0.019,0.023,-356,-327,-274
1780193204.543275,-7.578,-10.805,0.02,0.021,-354,-330,-273
1780193204.5662441,-7.578,-10.936,0.02,0.023,-357,-328,-272
1780193204.590421,-7.798,-10.87,0.021,0.024,-358,-328,-271
1780193204.612918,-8.735,-10.148,0.025,0.021,-353,-337,-268
1780193204.637524,-9.231,-9.951,0.026,0.021,-354,-338,-265
1780193204.660052,-9.672,-10.148,0.028,0.023,-357,-339,-262
1780193204.682783,-10.278,-10.476,0.029,0.025,-361,-339,-259
1780193204.7071922,-10.995,-11.396,0.032,0.03,-369,-339,-252
1780193204.729588,-12.373,-11.396,0.037,0.029,-368,-346,-246
1780193204.754327,-13.034,-12.25,0.038,0.033,-375,-346,-241
1780193204.776663,-14.301,-13.103,0.042,0.036,-381,-349,-234
1780193204.800329,-15.183,-13.366,0.045,0.037,-382,-353,-230
1780193204.825418,-16.285,-14.548,0.048,0.041,-389,-353,-224
1780193204.8487659,-16.726,-14.877,0.049,0.042,-391,-354,-221
1780193204.873039,-18.38,-16.19,0.056,0.048,-402,-359,-209
1780193204.8956108,-18.6,-17.044,0.055,0.05,-406,-356,-209
1780193204.91847,-18.325,-17.701,0.052,0.051,-408,-350,-212
1780193204.9305978,-18.104,-17.898,0.05,0.051,-407,-347,-215
1780193204.956279,-17.498,-18.03,0.046,0.05,-406,-342,-220
1780193204.9793909,-57.068,-22.956,0.146,0.064,-430,-495,-98
1780193205.004562,-57.619,-23.481,0.148,0.065,-431,-498,-96
1780193205.027491,-57.84,-24.007,0.148,0.066,-434,-497,-95
1780193205.050621,-57.84,-24.663,0.147,0.067,-436,-494,-95
1780193205.075258,-58.06,-25.123,0.148,0.068,-439,-493,-93
1780193205.0986,-58.225,-25.517,0.148,0.069,-439,-493,-93
1780193205.123612,-58.336,-25.911,0.148,0.07,-441,-492,-92
1780193205.146537,-58.446,-26.437,0.148,0.071,-443,-491,-92
1780193205.171891,-58.501,-26.831,0.148,0.072,-445,-490,-91
1780193205.194946,-58.281,-27.947,0.147,0.075,-453,-483,-90
1780193205.2181,-58.17,-28.342,0.146,0.076,-455,-481,-90
1780193205.2302551,-58.06,-29.261,0.145,0.079,-460,-477,-89
1780193205.255167,-57.895,-29.787,0.145,0.08,-463,-474,-89
1780193205.280103,-58.005,-30.706,0.145,0.083,-469,-472,-87
1780193205.305111,-58.005,-30.969,0.145,0.083,-469,-472,-87
1780193205.327578,-58.005,-31.429,0.145,0.085,-473,-470,-86
1780193205.3511019,-58.005,-31.429,0.145,0.085,-473,-470,-86
1780193205.3636851,-57.509,-33.662,0.143,0.093,-492,-457,-83
1780193205.388779,-57.344,-34.122,0.143,0.093,-491,-456,-84
1780193205.411746,-57.068,-35.041,0.142,0.096,-497,-451,-83
1780193205.435204,-56.793,-35.632,0.141,0.096,-498,-449,-84
1780193205.447593,-56.682,-36.158,0.141,0.097,-501,-448,-83
1780193205.4727821,-56.517,-36.617,0.14,0.098,-502,-447,-83
1780193205.495413,-56.517,-37.077,0.141,0.099,-504,-446,-83
1780193205.518477,-56.572,-37.668,0.141,0.1,-507,-446,-81
1780193205.53064,-56.737,-37.8,0.142,0.099,-506,-448,-81
1780193205.555458,-56.903,-38.325,0.143,0.1,-508,-448,-79
1780193205.578024,-57.068,-38.456,0.143,0.1,-508,-449,-79
1780193205.6014159,-57.344,-38.982,0.144,0.102,-511,-450,-77
1780193205.6138701,-57.729,-38.982,0.146,0.101,-509,-453,-76
1780193205.639141,-58.115,-38.982,0.147,0.1,-508,-456,-74
1780193205.662139,-58.446,-38.916,0.148,0.099,-505,-459,-74
1780193205.687354,-58.611,-39.507,0.149,0.102,-511,-457,-72
1780193205.709913,-58.777,-39.901,0.149,0.103,-513,-456,-72
1780193205.7333891,-59.052,-40.033,0.15,0.103,-513,-458,-71
1780193205.758434,-59.438,-40.099,0.151,0.103,-512,-460,-70
1780193205.782088,-59.603,-40.558,0.151,0.104,-517,-459,-68
1780193205.806933,-60.044,-40.69,0.153,0.104,-516,-461,-67
1780193205.830059,-60.209,-41.018,0.153,0.105,-519,-461,-66
1780193205.855274,-60.595,-41.215,0.154,0.106,-520,-462,-65
1780193205.8783429,-60.816,-41.084,0.155,0.105,-517,-464,-65
1780193205.901571,-61.257,-41.741,0.156,0.107,-523,-464,-62
1780193205.913749,-61.532,-42.069,0.157,0.108,-525,-464,-61
1780193205.9394639,-61.973,-42.857,0.158,0.111,-532,-463,-58
1780193205.962521,-62.193,-43.58,0.158,0.114,-539,-461,-56
1780193205.987736,-62.634,-44.565,0.16,0.117,-547,-460,-53
1780193206.010732,-62.855,-45.156,0.16,0.119,-551,-459,-51
1780193206.0340889,-63.13,-45.55,0.161,0.119,-553,-459,-50
1780193206.059029,-63.516,-45.944,0.162,0.12,-554,-460,-49
1780193206.0825899,-63.681,-46.141,0.162,0.12,-554,-460,-49
1780193206.107591,-64.067,-46.535,0.163,0.121,-556,-462,-47
1780193206.130301,-64.177,-46.732,0.163,0.121,-556,-461,-47
1780193206.155256,-64.453,-47.258,0.164,0.122,-560,-461,-46
1780193206.1777222,-64.508,-47.258,0.163,0.122,-558,-461,-46
1780193206.201053,-64.508,-47.389,0.163,0.121,-558,-461,-47
1780193206.213408,-64.398,-47.586,0.162,0.122,-559,-459,-47
1780193206.238593,-64.453,-47.718,0.162,0.122,-559,-459,-47
1780193206.261429,-64.508,-47.783,0.162,0.122,-559,-459,-47
1780193206.285138,-64.673,-48.046,0.163,0.122,-561,-459,-46
1780193206.2975638,-64.729,-48.243,0.163,0.123,-562,-459,-46
1780193206.322639,-64.949,-48.703,0.164,0.125,-566,-458,-44
1780193206.345248,-65.169,-48.9,0.165,0.125,-568,-459,-43
1780193206.368412,-65.28,-48.966,0.165,0.125,-567,-460,-43
1780193206.380595,-65.555,-49.294,0.166,0.126,-570,-460,-42
1780193206.4057522,-65.721,-49.622,0.166,0.127,-572,-460,-41
1780193206.428215,-65.886,-50.213,0.166,0.129,-578,-458,-39
1780193206.451819,-66.161,-50.016,0.167,0.128,-574,-461,-39
1780193206.46435,-66.492,-50.476,0.168,0.129,-578,-462,-37
1780193206.489686,-66.768,-50.739,0.169,0.13,-580,-462,-36
1780193206.5132449,-66.933,-51.264,0.169,0.131,-584,-461,-35
1780193206.5393128,-67.264,-51.658,0.171,0.133,-588,-461,-33
1780193206.5622861,-67.87,-51.987,0.173,0.133,-590,-464,-31
1780193206.587865,-68.09,-52.381,0.173,0.135,-593,-464,-30
1780193206.6108181,-68.586,-52.841,0.175,0.136,-596,-465,-28
1780193206.634287,-68.697,-53.169,0.175,0.137,-599,-464,-27
1780193206.6466072,-68.917,-53.892,0.175,0.139,-605,-462,-26
1780193206.671749,-68.972,-54.089,0.175,0.139,-606,-461,-26
1780193206.69474,-69.193,-54.483,0.175,0.14,-608,-461,-25
1780193206.7180202,-69.413,-55.14,0.176,0.142,-616,-460,-23
1780193206.730135,-69.578,-55.468,0.176,0.143,-618,-460,-22
1780193206.754959,-69.854,-55.928,0.177,0.144,-621,-460,-21
1780193206.778382,-70.019,-55.928,0.177,0.143,-619,-461,-21
1780193206.804042,-70.295,-56.256,0.178,0.144,-621,-462,-20
1780193206.826912,-70.35,-56.388,0.178,0.144,-621,-461,-20
1780193206.850514,-70.515,-56.322,0.178,0.143,-618,-463,-20
1780193206.875513,-81.207,-69.589,0.207,0.179,-756,-472,26
1780193206.8990378,-81.482,-71.1,0.207,0.185,-790,-467,29
1780193206.9237728,-81.979,-72.217,0.209,0.188,-820,-465,32
1780193206.946899,-82.254,-72.742,0.209,0.189,-829,-465,33
1780193206.972085,-82.75,-73.399,0.211,0.19,-840,-466,35
1780193206.994869,-83.081,-73.727,0.211,0.191,-843,-467,36
1780193207.018044,-83.522,-74.844,0.212,0.194,-908,-465,38
1780193207.030495,-83.687,-75.435,0.213,0.195,-908,-464,39
1780193207.055777,-84.018,-76.814,0.213,0.2,-909,-460,42
1780193207.0789208,-84.128,-77.668,0.213,0.202,-910,-457,43
1780193207.104109,-84.403,-78.719,0.214,0.205,-911,-455,45
1780193207.1270669,-84.624,-79.507,0.214,0.207,-911,-454,46
1780193207.150401,-84.679,-80.493,0.214,0.209,-912,-451,47
1780193207.1753511,-84.679,-80.952,0.214,0.21,-912,-450,47
1780193207.198512,-84.679,-81.675,0.213,0.212,-913,-447,48
1780193207.223414,-84.569,-82.2,0.213,0.212,-913,-446,47
1780193207.246366,-84.569,-82.463,0.212,0.212,-913,-445,47
1780193207.271596,-84.624,-83.251,0.213,0.214,-913,-444,48
1780193207.294145,-84.844,-83.777,0.213,0.215,-914,-444,50
1780193207.31746,-85.01,-84.696,0.214,0.218,-915,-442,51
1780193207.329966,-85.395,-85.025,0.215,0.218,-915,-444,53
1780193207.3552692,-85.947,-85.813,0.217,0.22,-916,-445,56
1780193207.378164,-86.443,-86.404,0.219,0.222,-916,-446,58
1780193207.402018,-86.608,-86.995,0.219,0.224,-917,-445,59
1780193207.4142861,-86.939,-87.586,0.22,0.225,-917,-445,60
1780193207.439261,-87.159,-87.586,0.221,0.224,-917,-446,60
1780193207.46192,-87.49,-87.98,0.222,0.224,-917,-447,61
1780193207.485327,-87.655,-88.374,0.222,0.226,-917,-446,62
1780193207.49809,-87.931,-88.637,0.222,0.226,-917,-447,63
1780193207.523614,-88.206,-88.44,0.223,0.224,-917,-450,63
1780193207.546586,-88.371,-88.768,0.223,0.225,-917,-449,63
1780193207.5719821,-88.647,-88.637,0.224,0.224,-917,-452,63
1780193207.594941,-88.867,-88.571,0.225,0.223,-917,-453,64
1780193207.618334,-89.198,-88.768,0.226,0.224,-917,-454,65
1780193207.6305542,-89.363,-88.44,0.226,0.222,-916,-456,64
1780193207.655398,-89.749,-88.309,0.227,0.222,-916,-459,65
1780193207.6779451,-89.915,-88.243,0.227,0.221,-916,-460,65
1780193207.70115,-90.355,-88.046,0.229,0.221,-916,-463,66
1780193207.7238321,-90.576,-88.046,0.229,0.221,-916,-464,66
1780193207.746541,-90.907,-87.389,0.23,0.218,-915,-468,66
1780193207.770999,-91.017,-87.521,0.23,0.219,-916,-467,66
1780193207.7935529,-91.072,-87.455,0.23,0.219,-916,-467,66
1780193207.8165069,-91.127,-87.389,0.23,0.219,-916,-467,66
1780193207.841108,-91.127,-87.258,0.23,0.218,-915,-467,65
1780193207.86352,-91.292,-87.455,0.23,0.219,-916,-466,66
1780193207.888381,-91.237,-87.521,0.23,0.22,-916,-465,66
1780193207.911167,-91.292,-87.389,0.23,0.219,-916,-466,66
1780193207.93754,-91.292,-87.586,0.229,0.22,-916,-465,66
1780193207.9603992,-91.182,-87.258,0.229,0.219,-916,-465,65
1780193207.984247,-91.292,-87.258,0.229,0.219,-916,-466,65
1780193207.996973,-91.292,-87.258,0.229,0.219,-916,-466,65
1780193208.022242,-91.237,-87.521,0.229,0.22,-916,-464,65
1780193208.044897,-91.292,-87.389,0.229,0.219,-916,-465,65
1780193208.068016,-91.237,-87.389,0.229,0.219,-916,-464,65
1780193208.080178,-91.292,-87.258,0.229,0.219,-916,-465,65
1780193208.104975,-91.292,-87.192,0.229,0.219,-915,-466,65
1780193208.1274261,-91.237,-87.455,0.229,0.22,-916,-464,65
1780193208.1503859,-91.292,-87.192,0.229,0.219,-915,-466,65
1780193208.1746979,-91.182,-87.521,0.228,0.22,-916,-463,65
1780193208.197848,-91.182,-87.586,0.228,0.22,-916,-463,65
1780193208.222126,-91.182,-87.521,0.229,0.22,-916,-463,65
1780193208.232865,-91.127,-87.455,0.228,0.22,-916,-463,65
1780193208.25747,-91.127,-87.652,0.228,0.22,-916,-462,65
1780193208.2781289,-91.072,-87.718,0.228,0.221,-916,-462,65
1780193208.290169,-91.072,-87.389,0.228,0.219,-916,-463,64
1780193208.312427,-91.017,-87.521,0.228,0.22,-916,-462,65
1780193208.337434,-91.017,-87.521,0.228,0.22,-916,-463,65
1780193208.359741,-91.017,-87.258,0.228,0.219,-915,-464,64
1780193208.3827982,-90.962,-87.258,0.228,0.219,-915,-464,64
1780193208.407111,-90.962,-87.126,0.228,0.218,-915,-464,64
1780193208.429694,-91.127,-87.258,0.229,0.219,-916,-465,65
1780193208.454358,-91.072,-87.061,0.228,0.218,-915,-465,64
1780193208.476903,-91.072,-86.798,0.228,0.217,-915,-466,64
1780193208.499729,-91.182,-86.929,0.229,0.218,-915,-466,64
1780193208.524802,-91.127,-86.667,0.229,0.217,-915,-467,64
1780193208.548362,-91.182,-86.535,0.229,0.216,-915,-468,64
1780193208.573317,-91.072,-86.601,0.228,0.217,-915,-466,63
1780193208.595855,-91.072,-86.601,0.228,0.217,-915,-466,64
1780193208.62081,-90.962,-86.732,0.228,0.218,-915,-465,63
1780193208.643785,-91.017,-86.47,0.228,0.217,-915,-466,63
1780193208.666969,-90.962,-86.47,0.228,0.217,-915,-466,63
1780193208.691309,-90.962,-86.273,0.228,0.216,-915,-467,63
1780193208.714431,-90.962,-86.207,0.228,0.216,-915,-467,63
1780193208.738879,-90.851,-86.207,0.228,0.216,-915,-466,62
1780193208.761719,-87.545,-81.741,0.22,0.205,-911,-465,50
1780193208.774135,-87.545,-81.938,0.22,0.206,-911,-464,51
1780193208.7966,-87.545,-81.806,0.22,0.206,-911,-464,50
1780193208.822166,-87.49,-81.675,0.219,0.205,-911,-464,50
1780193208.8451579,-87.545,-81.478,0.22,0.204,-911,-466,50
1780193208.86846,-87.49,-81.544,0.219,0.205,-911,-465,50
1780193208.891242,-87.545,-81.609,0.22,0.205,-911,-465,50
1780193208.9136288,-87.545,-81.609,0.22,0.205,-911,-465,50
1780193208.938261,-87.435,-81.675,0.219,0.206,-911,-464,50
1780193208.9611678,-87.379,-81.609,0.219,0.205,-911,-464,50
1780193208.984786,-87.435,-81.346,0.219,0.204,-911,-466,49
1780193208.997314,-87.435,-81.478,0.219,0.205,-911,-465,50
1780193209.022141,-87.49,-81.412,0.22,0.204,-911,-466,50
1780193209.0446908,-87.379,-81.544,0.219,0.205,-911,-464,50
1780193209.067789,-87.435,-81.675,0.219,0.206,-911,-464,50
1780193209.079934,-87.379,-81.412,0.219,0.205,-911,-465,49
1780193209.105309,-87.324,-81.609,0.219,0.205,-911,-464,50
1780193209.128371,-87.379,-81.741,0.219,0.206,-911,-463,50
1780193209.151825,-87.435,-81.609,0.22,0.205,-911,-464,50
1780193209.164259,-87.379,-81.544,0.219,0.205,-911,-464,50
1780193209.189652,-87.379,-81.675,0.219,0.206,-911,-464,50
1780193209.212586,-87.324,-81.609,0.219,0.205,-911,-464,50
1780193209.238026,-87.379,-81.675,0.219,0.206,-911,-464,50
1780193209.260593,-87.324,-81.544,0.219,0.205,-911,-464,50
1780193209.2840152,-87.269,-81.544,0.219,0.205,-911,-464,49
1780193209.30912,-87.269,-81.675,0.219,0.206,-911,-463,50
1780193209.3327942,-87.324,-81.741,0.219,0.206,-911,-463,50
1780193209.357651,-87.214,-81.675,0.219,0.205,-911,-463,49
1780193209.381135,-87.324,-81.675,0.219,0.205,-911,-464,50
1780193209.4058702,-87.214,-81.609,0.219,0.205,-911,-463,49
1780193209.4288452,-87.269,-81.741,0.219,0.206,-911,-463,50
1780193209.4540422,-87.269,-81.806,0.219,0.206,-911,-463,50
1780193209.476921,-87.269,-81.675,0.219,0.205,-911,-464,50
1780193209.500064,-87.324,-81.741,0.219,0.206,-911,-464,50
1780193209.524679,-87.214,-81.806,0.219,0.206,-911,-463,50
1780193209.5476859,-87.324,-81.872,0.219,0.206,-911,-463,50
1780193209.572651,-87.269,-81.872,0.219,0.206,-911,-463,50
1780193209.595616,-87.269,-81.872,0.219,0.206,-911,-463,50
1780193209.620838,-87.269,-81.544,0.219,0.205,-911,-465,49
1780193209.6433148,-87.214,-81.609,0.219,0.205,-911,-464,49
1780193209.6667578,-87.214,-81.675,0.219,0.205,-911,-463,50
1780193209.691665,-87.159,-81.544,0.219,0.205,-911,-464,49
1780193209.71502,-87.269,-81.675,0.219,0.205,-911,-464,50
1780193209.739465,-87.269,-81.412,0.219,0.204,-911,-465,49
1780193209.762172,-87.214,-81.675,0.219,0.206,-911,-463,50
1780193209.785111,-87.214,-81.478,0.219,0.205,-911,-464,49
1780193209.808156,-87.214,-81.412,0.219,0.204,-911,-465,49
1780193209.83105,-87.214,-81.478,0.219,0.205,-911,-464,49
1780193209.855819,-87.214,-81.741,0.219,0.206,-911,-463,50
1780193209.878237,-87.214,-81.478,0.219,0.205,-911,-464,49
1780193209.9014158,-87.214,-81.741,0.219,0.206,-911,-463,50
1780193209.913554,-87.269,-81.741,0.219,0.206,-911,-463,50
1780193209.9383411,-87.269,-81.806,0.219,0.206,-911,-463,50
1780193209.9608178,-87.214,-81.675,0.219,0.206,-911,-463,50
1780193209.984185,-87.214,-81.675,0.219,0.206,-911,-463,50
1780193209.996632,-87.214,-81.544,0.219,0.205,-911,-464,49
1780193210.022679,-87.324,-81.544,0.219,0.205,-911,-465,50
1780193210.045621,-87.269,-81.412,0.219,0.204,-911,-465,49
1780193210.071266,-87.269,-81.478,0.219,0.205,-911,-465,50
1780193210.0941288,-87.269,-81.412,0.219,0.205,-911,-465,49
1780193210.1175628,-87.269,-81.478,0.219,0.205,-911,-464,50
1780193210.12978,-87.269,-81.346,0.219,0.204,-911,-465,49
1780193210.154832,-87.269,-81.478,0.219,0.205,-911,-464,50
1780193210.177479,-87.214,-81.478,0.219,0.205,-911,-464,49
1780193210.201153,-87.269,-81.412,0.219,0.205,-911,-465,49
1780193210.213622,-87.435,-81.478,0.22,0.205,-911,-466,50
1780193210.238713,-87.324,-81.412,0.219,0.205,-911,-465,50
1780193210.261247,-87.324,-81.346,0.219,0.204,-911,-465,50
1780193210.2846138,-87.214,-81.215,0.219,0.204,-911,-465,49
1780193210.29694,-87.214,-81.478,0.219,0.205,-911,-464,49
1780193210.3219998,-87.269,-81.609,0.219,0.206,-911,-463,50
1780193210.3445692,-87.269,-81.346,0.219,0.204,-911,-465,49
1780193210.367861,-87.269,-81.281,0.219,0.204,-911,-465,49
1780193210.380013,-87.269,-81.544,0.219,0.205,-911,-464,50
1780193210.405118,-87.269,-81.544,0.219,0.205,-911,-464,50
1780193210.427802,-87.324,-81.478,0.219,0.205,-911,-465,50
1780193210.4542851,-87.269,-81.544,0.219,0.205,-911,-464,50
1780193210.4767702,-87.269,-81.478,0.219,0.205,-911,-464,50
1780193210.489394,-87.324,-81.478,0.219,0.205,-911,-465,50
1780193210.512052,-87.324,-81.346,0.219,0.204,-911,-465,50
1780193210.53794,-87.324,-81.346,0.219,0.204,-911,-465,50
1780193210.5608032,-87.379,-81.215,0.22,0.204,-911,-466,50
1780193210.584397,-87.269,-81.346,0.219,0.205,-911,-465,49
1780193210.5978081,-87.545,-73.859,0.22,0.187,-796,-486,41
1780193210.622721,-87.655,-74.122,0.22,0.188,-803,-486,42
1780193210.6452422,-87.6,-74.056,0.22,0.187,-800,-486,42
1780193210.670389,-87.6,-73.99,0.22,0.187,-797,-487,42
1780193210.693047,-87.6,-74.122,0.22,0.187,-801,-486,42
1780193210.718187,-87.655,-74.056,0.22,0.187,-797,-487,42
1780193210.730541,-87.655,-73.859,0.22,0.186,-790,-488,41
1780193210.756192,-87.71,-73.99,0.221,0.186,-794,-488,42
1780193210.7792692,-87.71,-73.924,0.221,0.186,-792,-488,42
1780193210.80492,-87.71,-73.99,0.221,0.187,-795,-488,42
1780193210.8275251,-87.71,-73.727,0.221,0.185,-786,-489,41
1780193210.8507211,-87.655,-73.793,0.22,0.186,-789,-488,41
1780193210.879282,-87.6,-73.924,0.22,0.186,-794,-487,41
1780193210.904329,-87.655,-73.924,0.22,0.186,-794,-488,42
1780193210.926707,-87.655,-73.924,0.22,0.186,-794,-488,42
1780193210.950287,-87.6,-73.859,0.22,0.186,-792,-488,41
1780193210.974953,-87.6,-73.727,0.22,0.185,-787,-488,41
1780193210.9981608,-87.6,-73.662,0.22,0.185,-786,-489,41
1780193211.0224798,-87.6,-73.793,0.22,0.186,-790,-488,41
1780193211.045137,-87.545,-73.465,0.22,0.185,-781,-489,40
1780193211.0680761,-87.49,-73.793,0.22,0.186,-792,-487,41
1780193211.080266,-87.49,-73.727,0.22,0.186,-790,-487,41
1780193211.105967,-87.545,-73.53,0.22,0.185,-783,-489,41
1780193211.129077,-87.49,-73.727,0.22,0.186,-790,-487,41
1780193211.154025,-87.435,-73.727,0.22,0.186,-790,-487,41
1780193211.1765919,-87.379,-73.727,0.219,0.186,-790,-487,40
1780193211.1997771,-87.379,-73.53,0.219,0.185,-784,-488,40
1780193211.224475,-87.379,-73.53,0.22,0.185,-785,-488,40
1780193211.247562,-87.435,-73.465,0.22,0.185,-783,-488,40
1780193211.272191,-87.49,-73.859,0.22,0.187,-796,-487,41
1780193211.294505,-87.379,-73.465,0.22,0.185,-783,-488,40
1780193211.317628,-87.379,-73.53,0.22,0.185,-785,-488,40
1780193211.329705,-87.435,-73.662,0.22,0.186,-790,-487,41
1780193211.3544261,-87.435,-73.727,0.22,0.186,-792,-487,41
1780193211.377172,-87.379,-73.662,0.22,0.186,-790,-487,41
1780193211.4002402,-87.435,-73.53,0.22,0.185,-785,-488,41
1780193211.4245691,-87.379,-73.793,0.22,0.186,-794,-486,41
1780193211.447537,-87.49,-73.53,0.22,0.185,-785,-489,41
1780193211.47188,-87.379,-73.53,0.22,0.185,-785,-488,40
1780193211.4944088,-87.49,-73.53,0.22,0.185,-785,-489,41
1780193211.517338,-87.49,-73.793,0.22,0.186,-794,-487,41
1780193211.529666,-87.545,-73.727,0.22,0.186,-791,-488,41
1780193211.555394,-87.49,-73.793,0.22,0.186,-793,-487,41
1780193211.577993,-87.545,-73.662,0.22,0.186,-789,-488,41
1780193211.600929,-87.49,-73.596,0.22,0.185,-787,-488,41
1780193211.6130738,-87.435,-73.859,0.22,0.187,-796,-486,41
1780193211.63808,-87.435,-73.662,0.22,0.186,-789,-487,41
1780193211.6606069,-87.545,-73.596,0.22,0.185,-787,-489,41
1780193211.683508,-87.49,-73.53,0.22,0.185,-785,-489,41
1780193211.7080882,-87.49,-73.859,0.22,0.187,-796,-487,41
1780193211.731012,-87.435,-73.53,0.22,0.185,-785,-488,40
1780193211.755747,-87.435,-73.662,0.22,0.186,-789,-487,41
1780193211.778261,-87.435,-73.465,0.22,0.185,-783,-488,40
1780193211.80146,-87.435,-73.399,0.22,0.185,-782,-489,40
1780193211.8136508,-87.379,-73.596,0.22,0.186,-788,-487,40
1780193211.838422,-87.49,-73.727,0.22,0.186,-792,-487,41
1780193211.860915,-87.379,-73.662,0.22,0.186,-790,-487,41
1780193211.883931,-87.435,-73.859,0.22,0.187,-796,-486,41
1780193211.9081888,-87.435,-73.596,0.22,0.185,-787,-488,41
1780193211.931295,-87.324,-73.727,0.219,0.186,-792,-486,41
1780193211.9554439,-87.379,-73.53,0.22,0.185,-785,-488,40
1780193211.9780018,-87.324,-73.662,0.219,0.186,-790,-487,40
1780193212.000911,-87.324,-73.596,0.22,0.185,-787,-487,40
1780193212.013012,-87.324,-73.662,0.22,0.186,-789,-487,40
1780193212.0378208,-87.379,-73.859,0.22,0.187,-796,-486,41
1780193212.060331,-87.269,-73.596,0.219,0.185,-787,-487,40
1780193212.083117,-87.269,-73.793,0.219,0.186,-793,-486,41
1780193212.1082082,-87.269,-73.662,0.219,0.186,-789,-487,40
1780193212.131505,-87.324,-73.793,0.22,0.186,-793,-486,41
1780193212.1564522,-87.324,-73.727,0.22,0.186,-791,-487,41
1780193212.179028,-87.269,-73.662,0.219,0.186,-789,-487,40
1780193212.204133,-87.324,-73.924,0.22,0.187,-798,-486,41
1780193212.227054,-87.324,-73.793,0.22,0.186,-793,-487,41
1780193212.250528,-87.324,-73.924,0.22,0.187,-797,-486,41
1780193212.262914,-87.269,-73.793,0.219,0.186,-792,-486,41
1780193212.2877681,-87.324,-73.727,0.22,0.186,-790,-487,41
1780193212.3101451,-87.324,-74.056,0.22,0.187,-801,-485,41
1780193212.333302,-87.269,-73.924,0.219,0.187,-796,-486,41
1780193212.357805,-87.269,-73.859,0.219,0.186,-794,-486,41
1780193212.381004,-87.269,-73.793,0.219,0.186,-792,-486,41
1780193212.4052951,-87.269,-73.662,0.22,0.185,-787,-487,40
1780193212.4277802,-87.324,-73.793,0.22,0.186,-792,-487,41
1780193212.450565,-87.269,-73.859,0.219,0.186,-794,-486,41
1780193212.4627461,-87.269,-73.99,0.219,0.187,-798,-485,41
1780193212.487721,-87.269,-73.859,0.22,0.186,-793,-486,41
1780193212.51028,-87.214,-73.99,0.219,0.187,-798,-485,41
1780193212.5333571,-86.773,-73.924,0.218,0.187,-800,-484,40
1780193212.5577989,-86.773,-73.793,0.218,0.186,-795,-484,40
1780193212.5806909,-86.773,-73.662,0.218,0.186,-791,-485,40
1780193212.605278,-86.663,-73.727,0.218,0.186,-794,-484,39
1780193212.627585,-86.718,-73.859,0.218,0.187,-797,-484,40
1780193212.650568,-86.828,-73.727,0.219,0.186,-792,-485,40
1780193212.662636,-86.773,-73.727,0.219,0.186,-792,-485,40
1780193212.6872041,-86.773,-73.727,0.219,0.186,-792,-485,40
1780193212.709602,-86.663,-73.662,0.218,0.186,-790,-484,39
1780193212.7325382,-86.718,-73.859,0.218,0.187,-797,-484,40
1780193212.756768,-86.663,-73.793,0.218,0.186,-795,-484,39
1780193212.7792242,-86.663,-73.662,0.218,0.186,-790,-484,39
1780193212.8040152,-86.828,-73.793,0.219,0.186,-794,-485,40
1780193212.826433,-86.718,-73.596,0.218,0.185,-789,-485,39
1780193212.849308,-86.663,-73.727,0.218,0.186,-794,-484,39
1780193212.873757,-86.718,-73.662,0.218,0.186,-792,-485,40
1780193212.896141,-86.608,-73.596,0.218,0.186,-790,-484,39
1780193212.919138,-86.773,-73.727,0.219,0.186,-794,-485,40
1780193212.943365,-86.608,-73.793,0.218,0.186,-796,-483,39
1780193212.9664671,-86.663,-73.662,0.218,0.186,-792,-484,39
1780193212.9907022,-86.718,-73.662,0.218,0.186,-791,-485,40
1780193213.013152,-86.663,-73.53,0.218,0.185,-787,-485,39
1780193213.0377972,-86.718,-73.399,0.218,0.185,-783,-486,39
1780193213.06041,-86.663,-73.596,0.218,0.186,-791,-484,39
1780193213.083344,-86.663,-73.399,0.218,0.185,-785,-485,39
1780193213.1078951,-86.773,-73.333,0.219,0.185,-783,-487,39
1780193213.130782,-86.718,-73.071,0.218,0.184,-776,-487,38
1780193213.15507,-86.553,-73.136,0.218,0.184,-779,-486,38
1780193213.177463,-86.663,-73.005,0.218,0.184,-776,-487,38
1780193213.200555,-86.718,-72.874,0.218,0.183,-773,-488,38
1780193213.2127209,-86.663,-72.742,0.218,0.183,-770,-488,38
1780193213.2375638,-86.553,-72.742,0.218,0.183,-772,-487,37
1780193213.259972,-86.608,-72.545,0.218,0.182,-767,-488,37
1780193213.2839081,-86.498,-72.348,0.218,0.182,-764,-488,37
1780193213.296136,-86.553,-72.151,0.218,0.181,-760,-490,37
1780193213.321057,-86.553,-71.954,0.218,0.18,-756,-490,36
1780193213.343539,-86.498,-71.888,0.218,0.18,-756,-490,36
1780193213.366557,-86.553,-71.56,0.218,0.179,-750,-492,36
1780193213.391052,-86.498,-71.56,0.218,0.179,-751,-491,36
1780193213.414052,-86.553,-71.297,0.218,0.179,-746,-493,35
1780193213.4384289,-86.608,-71.034,0.218,0.178,-742,-494,35
1780193213.4609642,-86.553,-70.837,0.218,0.177,-740,-494,35
1780193213.483828,-86.498,-70.969,0.218,0.178,-745,-493,35
1780193213.4960692,-86.498,-70.837,0.218,0.178,-743,-493,35
1780193213.520885,-86.498,-70.575,0.218,0.177,-739,-494,35
1780193213.5435672,-86.443,-70.706,0.218,0.178,-743,-493,35
1780193213.566334,-86.387,-70.509,0.217,0.177,-740,-493,34
1780193213.590894,-86.443,-70.181,0.218,0.176,-733,-495,34
1780193213.613856,-86.387,-70.312,0.217,0.177,-738,-494,34
1780193213.638479,-86.387,-70.049,0.217,0.176,-733,-495,34
1780193213.660932,-86.387,-70.115,0.218,0.176,-735,-494,34
1780193213.684337,-86.443,-69.918,0.218,0.176,-732,-496,34
1780193213.696525,-86.443,-69.852,0.218,0.176,-732,-496,34
1780193213.7214458,-86.387,-69.589,0.218,0.175,-727,-496,33
1780193213.7441258,-86.332,-69.655,0.217,0.175,-730,-495,33
1780193213.767422,-86.332,-69.392,0.217,0.174,-726,-497,33
1780193213.779605,-86.167,-69.327,0.217,0.174,-726,-495,32
1780193213.804563,-86.167,-69.261,0.217,0.174,-725,-495,32
1780193213.827182,-86.112,-69.195,0.217,0.174,-725,-495,32
1780193213.850857,-86.167,-68.736,0.217,0.172,-716,-498,31
1780193213.8633778,-86.112,-68.67,0.217,0.172,-716,-498,31
1780193213.888412,-86.057,-68.473,0.217,0.172,-713,-498,31
1780193213.911406,-85.836,-68.473,0.216,0.172,-715,-496,30
1780193213.934876,-85.781,-68.145,0.215,0.171,-710,-497,29
1780193213.957786,-85.726,-67.882,0.215,0.17,-707,-498,29
1780193213.9805949,-85.671,-67.356,0.215,0.168,-698,-500,28
1780193214.0053692,-85.506,-66.962,0.215,0.167,-694,-501,27
1780193214.028821,-85.395,-66.568,0.214,0.166,-688,-502,26
1780193214.053748,-85.285,-66.502,0.214,0.166,-689,-501,25
1780193214.076365,-85.01,-65.911,0.213,0.164,-682,-501,24
1780193214.099402,-85.01,-65.386,0.213,0.162,-675,-504,23
1780193214.124279,-84.789,-65.386,0.213,0.163,-679,-502,23
1780193214.1476228,-84.789,-64.795,0.213,0.161,-671,-505,22
1780193214.172569,-84.789,-64.466,0.213,0.16,-668,-506,22
1780193214.19536,-84.734,-64.401,0.213,0.161,-669,-505,22
1780193214.220729,-84.679,-64.269,0.213,0.161,-670,-505,22
1780193214.24336,-84.679,-64.072,0.213,0.16,-668,-506,22
1780193214.2666419,-84.679,-64.007,0.213,0.16,-668,-506,22
1780193214.291223,-84.734,-63.35,0.213,0.158,-659,-509,21
1780193214.314455,-84.734,-63.284,0.213,0.158,-660,-509,21
1780193214.33875,-84.734,-62.89,0.213,0.157,-656,-511,20
1780193214.361883,-84.789,-62.562,0.214,0.156,-652,-512,20
1780193214.387042,-84.734,-62.365,0.213,0.156,-652,-512,20
1780193214.409612,-84.789,-61.839,0.214,0.154,-645,-515,19
1780193214.432677,-84.789,-61.445,0.214,0.153,-642,-516,18
1780193214.457281,-84.789,-61.248,0.214,0.152,-641,-517,18
1780193214.468003,-84.734,-60.657,0.213,0.151,-634,-519,17
1780193214.492743,-84.679,-60.657,0.213,0.151,-636,-518,17
1780193214.5159922,-84.624,-60.066,0.213,0.149,-629,-520,16
1780193214.540742,-83.356,-41.346,0.21,0.104,-510,-575,-11
1780193214.563087,-83.136,-41.018,0.209,0.103,-508,-575,-13
1780193214.588088,-82.971,-41.018,0.208,0.103,-508,-573,-13
1780193214.610494,-82.585,-40.887,0.207,0.103,-508,-570,-15
1780193214.633624,-82.254,-40.361,0.206,0.101,-503,-571,-17
1780193214.645869,-81.482,-40.099,0.203,0.1,-502,-565,-20
1780193214.670688,-81.097,-39.704,0.202,0.099,-499,-565,-22
1780193214.693172,-80.38,-39.245,0.199,0.098,-497,-562,-25
1780193214.7162318,-79.884,-38.785,0.198,0.096,-493,-560,-27
1780193214.7406049,-78.672,-38.128,0.194,0.094,-489,-554,-32
1780193214.763304,-78.121,-37.865,0.192,0.093,-488,-552,-34
1780193214.7881432,-77.239,-37.274,0.19,0.092,-484,-549,-37
1780193214.810826,-76.412,-36.617,0.187,0.09,-480,-546,-41
1780193214.833868,-75.09,-36.683,0.183,0.091,-483,-535,-44
1780193214.856652,-74.318,-35.829,0.181,0.088,-477,-535,-48
1780193214.8791318,-72.72,-35.304,0.176,0.087,-474,-527,-54
1780193214.903695,-71.673,-34.844,0.173,0.085,-472,-522,-58
1780193214.92738,-70.626,-34.384,0.17,0.084,-469,-518,-62
1780193214.951267,-68.807,-33.399,0.164,0.081,-463,-511,-69
1780193214.963826,-67.815,-32.545,0.162,0.078,-457,-509,-73
1780193214.989152,-65.776,-31.494,0.156,0.075,-452,-501,-81
1780193215.0120902,-64.673,-30.64,0.153,0.072,-446,-499,-86
1780193215.037573,-62.745,-29.852,0.147,0.071,-443,-490,-92
1780193215.060304,-61.587,-29.195,0.145,0.069,-440,-487,-96
1780193215.083519,-59.438,-28.407,0.138,0.067,-437,-477,-104
1780193215.108279,-58.005,-28.276,0.134,0.068,-438,-469,-108
1780193215.131853,-55.8,-27.291,0.128,0.065,-432,-462,-116
1780193215.156756,-54.092,-26.634,0.122,0.062,-428,-453,-124
1780193215.179779,-52.053,-25.78,0.117,0.06,-424,-447,-130
1780193215.2049742,-50.455,-25.78,0.113,0.061,-427,-438,-134
1780193215.2280982,-48.195,-25.255,0.107,0.061,-425,-429,-141
1780193215.2513978,-46.707,-25.452,0.104,0.062,-429,-421,-144
1780193215.2635741,-44.227,-24.663,0.097,0.06,-424,-413,-153
1780193215.288865,-42.519,-24.532,0.093,0.06,-424,-405,-158
1780193215.31191,-40.094,-24.007,0.086,0.059,-422,-397,-166
1780193215.3371,-38.33,-23.547,0.082,0.057,-419,-390,-172
1780193215.3600042,-36.071,-22.759,0.076,0.055,-415,-384,-180
1780193215.38308,-34.693,-22.299,0.073,0.054,-412,-381,-185
1780193215.407951,-33.811,-21.511,0.072,0.051,-407,-382,-187
1780193215.430969,-31.827,-20.854,0.066,0.049,-404,-374,-196
1780193215.455751,-30.614,-20.197,0.065,0.048,-401,-374,-198
1780193215.478306,-29.457,-19.803,0.063,0.047,-400,-370,-202
1780193215.503669,-28.41,-19.475,0.062,0.047,-399,-369,-203
1780193215.526557,-27.804,-19.212,0.061,0.046,-399,-369,-204
1780193215.550098,-26.757,-18.949,0.059,0.046,-399,-366,-206
1780193215.574825,-26.261,-18.818,0.059,0.046,-399,-365,-206
1780193215.598289,-25.599,-18.555,0.058,0.046,-398,-365,-207
1780193215.622994,-25.214,-18.227,0.058,0.045,-396,-365,-208
1780193215.645961,-24.883,-17.964,0.059,0.044,-395,-366,-208
1780193215.671246,-24.607,-17.504,0.058,0.043,-392,-367,-209
1780193215.694009,-24.442,-17.373,0.059,0.043,-393,-368,-209
1780193215.717074,-24.222,-17.176,0.059,0.043,-392,-368,-209
1780193215.729352,-24.111,-17.044,0.059,0.042,-392,-368,-209
1780193215.754496,-24.111,-17.044,0.059,0.042,-392,-368,-209
1780193215.777143,-24.111,-17.044,0.059,0.042,-392,-368,-209
1780193215.800048,-22.678,-15.731,0.054,0.038,-383,-365,-219
1780193215.824657,-22.789,-15.271,0.055,0.036,-381,-368,-218
1780193215.847711,-22.568,-14.417,0.055,0.034,-376,-371,-220
1780193215.872468,-22.403,-13.76,0.055,0.032,-372,-372,-221
1780193215.894928,-22.127,-13.432,0.055,0.032,-372,-372,-222
1780193215.9198878,-22.017,-13.038,0.055,0.031,-370,-373,-223
1780193215.942357,-22.017,-12.512,0.055,0.029,-368,-375,-223
1780193215.9654882,-21.962,-12.053,0.055,0.028,-366,-376,-224
1780193215.989834,-21.962,-11.527,0.056,0.027,-364,-378,-224
1780193216.0124018,-22.017,-11.133,0.056,0.026,-362,-379,-224
1780193216.035285,-22.017,-11.199,0.056,0.027,-364,-379,-223
1780193216.059828,-22.017,-11.264,0.057,0.028,-365,-378,-222
1780193216.082809,-22.017,-11.461,0.057,0.029,-368,-377,-221
1780193216.107327,-21.907,-11.002,0.056,0.028,-365,-378,-223
1780193216.130355,-21.797,-10.739,0.056,0.027,-364,-378,-224
1780193216.155,-21.686,-10.673,0.056,0.027,-364,-377,-224
1780193216.1772952,-21.631,-10.279,0.055,0.026,-362,-378,-225
1780193216.200843,-21.576,-10.279,0.055,0.026,-362,-378,-225
1780193216.213302,-21.576,-10.148,0.056,0.026,-362,-378,-225
1780193216.238126,-21.466,-10.016,0.055,0.026,-362,-378,-226
1780193216.2606568,-21.466,-9.754,0.055,0.025,-360,-379,-226
1780193216.284087,-21.466,-9.622,0.055,0.025,-360,-379,-226
1780193216.2965188,-21.411,-9.557,0.055,0.025,-360,-379,-226
1780193216.321425,-21.466,-9.36,0.055,0.024,-359,-380,-226
1780193216.343963,-21.411,-9.163,0.055,0.024,-358,-380,-227
1780193216.3674061,-21.466,-9.491,0.055,0.025,-361,-379,-225
1780193216.3903081,-21.576,-9.491,0.056,0.025,-361,-380,-225
1780193216.412964,-21.631,-9.622,0.056,0.026,-362,-379,-224
1780193216.437363,-21.631,-9.622,0.056,0.026,-362,-379,-224
1780193216.459916,-21.686,-9.557,0.056,0.026,-362,-380,-224
1780193216.48328,-25.82,-1.741,0.067,0.006,-328,-415,-225
1780193216.50819,-25.765,-2.003,0.066,0.007,-330,-414,-225
1780193216.5312629,-25.765,-1.806,0.066,0.006,-328,-414,-225
1780193216.5560598,-25.71,-1.741,0.066,0.006,-328,-414,-226
1780193216.578601,-25.71,-1.741,0.066,0.006,-328,-414,-226
1780193216.603502,-25.544,-1.544,0.065,0.005,-327,-414,-227
1780193216.625955,-25.599,-1.806,0.066,0.007,-329,-413,-226
1780193216.6493921,-25.489,-1.412,0.065,0.005,-326,-414,-228
1780193216.674261,-25.379,-1.741,0.065,0.006,-328,-412,-227
1780193216.697942,-25.324,-1.609,0.065,0.006,-328,-412,-228
1780193216.7228632,-25.379,-1.675,0.065,0.006,-328,-413,-227
1780193216.745646,-25.379,-1.675,0.065,0.006,-328,-413,-227
1780193216.770516,-25.379,-1.544,0.065,0.006,-327,-413,-227
1780193216.793153,-25.434,-1.609,0.066,0.006,-328,-414,-227
1780193216.816194,-25.379,-1.675,0.065,0.006,-328,-413,-227
1780193216.840859,-25.379,-1.609,0.065,0.006,-328,-413,-227
1780193216.8639371,-25.434,-1.149,0.066,0.004,-324,-416,-228
1780193216.888801,-25.434,-1.018,0.066,0.004,-324,-416,-228
1780193216.9118621,-25.544,-1.149,0.066,0.004,-325,-416,-227
1780193216.9369159,-25.434,-1.084,0.066,0.004,-325,-415,-228
1780193216.95945,-25.489,-1.149,0.066,0.005,-325,-415,-227
1780193216.9828951,-25.544,-1.149,0.066,0.005,-325,-416,-227
1780193217.007722,-25.434,-1.149,0.065,0.005,-326,-415,-228
1780193217.031536,-25.544,-1.215,0.066,0.005,-326,-415,-227
1780193217.05634,-25.434,-0.887,0.065,0.004,-324,-416,-229
1780193217.06735,-25.489,-0.69,0.066,0.003,-323,-417,-229
1780193217.092159,-25.379,-0.558,0.065,0.003,-322,-416,-230
1780193217.115359,-25.434,-0.427,0.066,0.002,-321,-417,-230
1780193217.139758,-25.434,-0.296,0.066,0.002,-321,-418,-230
1780193217.162443,-25.379,-0.493,0.065,0.003,-323,-416,-229
1780193217.18726,-25.324,-0.23,0.065,0.002,-321,-417,-230
1780193217.209952,-25.434,-0.23,0.066,0.002,-321,-417,-230
1780193217.232896,-25.434,-0.296,0.066,0.002,-322,-417,-229
1780193217.257458,-25.489,-0.033,0.066,0.001,-320,-419,-230
1780193217.28053,-25.544,0.099,0.066,0.001,-319,-419,-230
1780193217.30562,-25.544,0.033,0.066,0.001,-320,-419,-230
1780193217.3287559,-25.599,0.164,0.066,0.001,-319,-420,-230
1780193217.354306,-25.544,0.624,0.066,-0.001,-316,-421,-231
1780193217.376823,-25.599,0.296,0.066,0.001,-319,-420,-230
1780193217.4001951,-25.599,0.361,0.066,0.001,-319,-420,-230
1780193217.412647,-25.654,0.493,0.066,0.0,-318,-421,-230
1780193217.437901,-25.654,0.624,0.066,-0.0,-317,-421,-230
1780193217.46081,-25.654,0.821,0.066,-0.001,-316,-422,-231
1780193217.4844851,-25.71,1.018,0.066,-0.002,-315,-423,-231
1780193217.496829,-25.765,0.821,0.067,-0.001,-317,-422,-230
1780193217.521943,-25.765,0.887,0.067,-0.001,-317,-422,-230
1780193217.544908,-25.71,1.084,0.066,-0.001,-315,-422,-231
1780193217.570291,-25.765,1.084,0.067,-0.001,-316,-422,-231
1780193217.5928671,-25.875,1.346,0.067,-0.002,-314,-424,-231
1780193217.616097,-25.985,1.412,0.067,-0.002,-314,-425,-230
1780193217.640409,-26.095,1.544,0.068,-0.003,-313,-426,-230
1780193217.663002,-26.15,1.872,0.068,-0.004,-311,-427,-231
1780193217.687912,-26.316,1.806,0.069,-0.003,-312,-428,-230
1780193217.7105439,-26.426,2.069,0.069,-0.004,-311,-429,-230
1780193217.733526,-26.316,2.069,0.068,-0.004,-311,-428,-231
1780193217.7456799,-26.371,2.332,0.068,-0.005,-310,-429,-231
1780193217.770686,-26.316,2.397,0.068,-0.005,-310,-429,-232
1780193217.793196,-26.261,2.66,0.068,-0.006,-308,-429,-233
1780193217.816052,-26.316,2.66,0.068,-0.006,-309,-429,-232
1780193217.840554,-26.371,2.857,0.068,-0.006,-308,-430,-232
1780193217.863552,-26.316,3.186,0.068,-0.007,-306,-431,-234
1780193217.8882618,-26.371,3.448,0.068,-0.008,-305,-432,-234
1780193217.9106078,-26.316,3.514,0.068,-0.008,-305,-431,-234
1780193217.933706,-26.371,3.645,0.068,-0.008,-304,-432,-234
1780193217.945867,-26.426,4.039,0.068,-0.01,-302,-434,-235
1780193217.970617,-26.536,4.171,0.069,-0.01,-302,-435,-234
1780193217.99305,-26.646,4.368,0.069,-0.01,-301,-436,-234
1780193218.016117,-26.812,4.302,0.07,-0.01,-302,-436,-233
1780193218.040413,-26.812,4.828,0.07,-0.012,-299,-438,-235
1780193218.0629802,-26.977,4.959,0.07,-0.012,-299,-439,-234
1780193218.087733,-27.087,5.287,0.071,-0.013,-297,-441,-234
1780193218.110293,-27.087,5.287,0.071,-0.013,-297,-441,-234
1780193218.1228428,-27.363,6.01,0.072,-0.016,-292,-447,-235
1780193218.1452422,-27.473,6.207,0.072,-0.016,-291,-447,-235
1780193218.1701481,-27.583,6.535,0.072,-0.017,-290,-448,-235
1780193218.192678,-27.694,6.995,0.072,-0.019,-288,-450,-236
1780193218.215561,-27.749,8.571,0.072,-0.025,-279,-456,-240
1780193218.240038,-27.694,8.506,0.072,-0.023,-281,-454,-240
1780193218.26246,-28.134,8.374,0.074,-0.022,-283,-456,-237
1780193218.28737,-28.245,8.243,0.074,-0.02,-285,-455,-236
1780193218.309796,-28.465,8.112,0.074,-0.019,-287,-455,-234
1780193218.332882,-28.52,7.98,0.074,-0.019,-288,-454,-233
1780193218.3571332,-28.741,7.718,0.075,-0.017,-290,-454,-232
1780193218.379748,-38.716,1.938,0.1,-0.002,-314,-483,-192
1780193218.404483,-38.33,1.412,0.098,-0.0,-317,-477,-192
1780193218.426959,-37.944,1.281,0.096,0.0,-318,-474,-194
1780193218.450432,-37.393,0.558,0.094,0.003,-322,-467,-195
1780193218.473557,-36.897,0.033,0.092,0.005,-325,-461,-196
1780193218.496072,-35.74,-0.755,0.088,0.007,-330,-450,-199
1780193218.520589,-35.023,-1.084,0.085,0.008,-331,-445,-201
1780193218.543162,-33.866,-1.872,0.081,0.011,-335,-436,-204
1780193218.56623,-33.26,-2.332,0.08,0.012,-337,-432,-205
1780193218.590606,-32.103,-2.989,0.076,0.014,-340,-424,-208
1780193218.613667,-31.386,-3.251,0.074,0.014,-341,-420,-210
1780193218.6379929,-30.559,-3.842,0.072,0.016,-344,-416,-212
1780193218.660563,-30.559,-3.842,0.072,0.016,-344,-416,-212
1780193218.6834471,-28.961,-5.09,0.066,0.021,-353,-400,-216
1780193218.6957068,-28.079,-5.813,0.064,0.022,-355,-396,-217
1780193218.720683,-27.363,-5.944,0.063,0.022,-355,-394,-219
1780193218.743347,-26.316,-6.667,0.06,0.024,-358,-388,-221
1780193218.766282,-25.654,-7.061,0.059,0.024,-359,-385,-222
1780193218.7910311,-24.828,-7.586,0.057,0.025,-361,-382,-223
1780193218.8140612,-24.166,-8.112,0.056,0.027,-363,-378,-224
1780193218.8387609,-23.119,-8.768,0.053,0.028,-366,-372,-226
1780193218.861225,-22.458,-9.163,0.051,0.029,-368,-369,-228
1780193218.8843892,-21.631,-9.425,0.05,0.029,-368,-366,-230
1780193218.8965929,-21.411,-9.622,0.049,0.03,-369,-365,-230
1780193218.9213068,-21.411,-9.622,0.049,0.03,-369,-365,-230
1780193218.9438488,-19.427,-10.542,0.043,0.032,-373,-353,-236
1780193218.967044,-18.931,-10.739,0.042,0.032,-374,-352,-237
1780193218.979187,-18.49,-11.527,0.042,0.035,-378,-350,-235
1780193219.004151,-18.104,-12.184,0.042,0.037,-382,-347,-234
1780193219.026649,-17.663,-12.578,0.041,0.038,-383,-347,-234
1780193219.049719,-17.663,-12.447,0.042,0.036,-380,-349,-234
1780193219.074144,-17.884,-12.381,0.044,0.035,-378,-353,-232
1780193219.0971851,-17.994,-12.512,0.045,0.035,-378,-354,-231
1780193219.1215749,-18.27,-12.315,0.047,0.034,-376,-358,-230
1780193219.1441228,-18.38,-12.25,0.048,0.033,-375,-359,-229
1780193219.15664,-18.49,-11.855,0.048,0.031,-372,-362,-230
1780193219.179005,-18.49,-11.724,0.048,0.031,-371,-363,-231
1780193219.204106,-18.325,-11.987,0.048,0.032,-373,-361,-230
1780193219.2266922,-18.104,-11.987,0.047,0.032,-373,-359,-232
1780193219.2496278,-17.939,-11.921,0.046,0.032,-372,-359,-232
1780193219.274194,-17.829,-12.053,0.046,0.032,-373,-358,-232
1780193219.2971032,-17.718,-12.053,0.046,0.032,-373,-357,-233
1780193219.3216908,-17.663,-12.184,0.045,0.033,-374,-357,-232
1780193219.344121,-17.333,-12.118,0.044,0.033,-374,-355,-234
1780193219.367193,-17.277,-11.921,0.044,0.032,-372,-356,-235
1780193219.379324,-17.057,-12.184,0.044,0.033,-374,-354,-235
1780193219.404016,-17.057,-11.987,0.044,0.032,-373,-355,-235
1780193219.4264598,-16.947,-11.855,0.044,0.031,-372,-355,-236
1780193219.4495082,-16.947,-11.855,0.044,0.031,-372,-355,-236
1780193219.473821,-16.837,-11.921,0.043,0.032,-372,-355,-236
1780193219.496326,-16.781,-11.855,0.043,0.031,-372,-355,-236
1780193219.521157,-16.781,-11.855,0.044,0.031,-372,-355,-236
1780193219.5436878,-16.837,-11.724,0.044,0.031,-371,-356,-236
1780193219.5665689,-16.892,-12.184,0.044,0.033,-375,-355,-234
1780193219.5910232,-16.892,-12.118,0.044,0.033,-374,-355,-234
1780193219.613813,-16.947,-11.855,0.044,0.031,-372,-356,-235
1780193219.638484,-16.892,-11.79,0.044,0.031,-371,-356,-235
1780193219.660942,-16.781,-11.79,0.044,0.031,-372,-356,-236
1780193219.67345,-16.671,-11.658,0.043,0.031,-371,-355,-237
1780193219.696492,-16.726,-11.461,0.044,0.03,-369,-357,-237
1780193219.721832,-16.671,-11.264,0.044,0.029,-368,-357,-238
1780193219.7446961,-16.726,-11.264,0.044,0.029,-368,-357,-237
1780193219.769871,-16.726,-11.199,0.044,0.029,-368,-357,-237
1780193219.792585,-16.837,-10.87,0.044,0.028,-366,-359,-237
1780193219.816063,-16.726,-10.805,0.044,0.028,-366,-358,-238
1780193219.840665,-16.837,-10.739,0.044,0.028,-366,-359,-237
1780193219.8640268,-16.781,-10.542,0.044,0.027,-364,-359,-238
1780193219.888404,-16.837,-10.476,0.044,0.027,-364,-360,-238
1780193219.911075,-16.781,-10.345,0.044,0.027,-364,-360,-239
1780193219.933931,-16.837,-10.279,0.044,0.027,-364,-360,-238
1780193219.946083,-16.892,-9.885,0.045,0.025,-361,-362,-239
1780193219.971371,-17.002,-9.622,0.045,0.025,-360,-363,-239
1780193219.9942038,-17.002,-9.36,0.045,0.024,-358,-364,-240
1780193220.017408,-17.112,-9.031,0.045,0.023,-357,-365,-240
1780193220.02974,-17.167,-8.9,0.045,0.023,-356,-366,-240
1780193220.0554528,-17.222,-8.571,0.046,0.022,-355,-367,-240
1780193220.07814,-17.222,-8.177,0.045,0.02,-352,-368,-242
1780193220.101174,-17.222,-7.849,0.045,0.019,-351,-369,-242
1780193220.1133802,-17.277,-7.98,0.046,0.02,-352,-368,-241
1780193220.1389492,-17.277,-7.98,0.046,0.021,-353,-368,-241
1780193220.162081,-17.277,-7.849,0.045,0.02,-352,-368,-241
1780193220.1854599,-17.277,-7.98,0.045,0.021,-354,-367,-241
1780193220.210419,-17.498,-7.455,0.046,0.019,-350,-370,-241
1780193220.233857,-17.608,-7.126,0.047,0.018,-348,-372,-242
1780193220.2575722,-17.663,-7.126,0.047,0.019,-349,-371,-241
1780193220.281727,-17.66443,-1.938,0.046,0.006,-327,-382,-252
1780193220.306494,-17.388,-1.872,0.046,0.006,-327,-381,-252
1780193220.3290539,-17.277,-1.806,0.045,0.006,-327,-381,-253
1780193220.3544588,-17.277,-1.806,0.045,0.006,-328,-381,-253
1780193220.377335,-17.222,-1.938,0.045,0.007,-329,-380,-252
1780193220.400775,-17.112,-1.872,0.045,0.006,-329,-379,-253
1780193220.4132092,-17.002,-1.872,0.044,0.006,-329,-378,-253
1780193220.438594,-17.002,-1.675,0.044,0.006,-327,-379,-254
1780193220.461482,-16.947,-1.412,0.044,0.005,-326,-380,-255
1780193220.48702,-16.726,-1.346,0.043,0.005,-326,-379,-256
1780193220.5095732,-16.616,-1.346,0.043,0.005,-326,-378,-256
1780193220.532875,-16.506,-1.084,0.043,0.004,-324,-378,-257
1780193220.5573041,-16.396,-1.346,0.042,0.005,-326,-377,-257
1780193220.580819,-16.341,-1.806,0.042,0.007,-330,-375,-255
1780193220.605633,-16.285,-1.741,0.042,0.007,-329,-375,-256
1780193220.6287649,-16.23,-1.741,0.042,0.007,-329,-375,-256
1780193220.654019,-16.175,-2.135,0.042,0.008,-332,-373,-255
1780193220.677044,-16.12,-2.529,0.042,0.01,-334,-372,-254
1780193220.702903,-16.01,-2.726,0.042,0.01,-335,-371,-254
1780193220.732012,-15.845,-3.251,0.041,0.012,-339,-368,-253
1780193220.758052,-15.845,-3.514,0.041,0.013,-339,-368,-253
1780193220.7827818,-15.734,-4.105,0.041,0.015,-343,-365,-251
1780193220.807391,-15.514,-4.828,0.04,0.017,-347,-362,-251
1780193220.831051,-15.514,-5.353,0.04,0.019,-350,-361,-249
1780193220.855577,-15.293,-6.076,0.039,0.021,-354,-358,-249
1780193220.8781812,-15.128,-6.601,0.039,0.023,-356,-356,-248
1780193220.903084,-14.963,-7.126,0.038,0.024,-358,-354,-248
1780193220.925591,-14.742,-7.521,0.038,0.025,-360,-352,-248
1780193220.9498298,-14.632,-8.046,0.038,0.026,-362,-351,-247
1780193220.962087,-14.522,-8.177,0.037,0.026,-362,-351,-248
1780193220.987041,-14.357,-8.768,0.037,0.028,-365,-348,-247
1780193221.010605,-14.301,-9.031,0.037,0.029,-367,-347,-247
1780193221.041434,-14.301,-9.031,0.037,0.029,-367,-347,-247
1780193221.065662,-13.861,-10.542,0.035,0.035,-378,-339,-244
1780193221.0922182,-13.75,-10.936,0.035,0.035,-379,-338,-244
1780193221.116399,-13.695,-11.264,0.035,0.035,-379,-339,-244
1780193221.1412868,-13.585,-11.987,0.035,0.037,-383,-337,-243
1780193221.1648939,-13.585,-12.118,0.035,0.037,-381,-338,-243
1780193221.189705,-13.53,-12.184,0.035,0.036,-380,-338,-243
1780193221.210782,-13.309,-12.841,0.034,0.038,-384,-336,-243
1780193221.233838,-13.254,-12.906,0.034,0.038,-383,-336,-243
1780193221.258471,-13.199,-12.906,0.034,0.037,-381,-337,-244
1780193221.281719,-13.199,-12.644,0.035,0.035,-379,-338,-245
1780193221.306693,-13.144,-12.709,0.034,0.035,-378,-338,-245
1780193221.329524,-13.144,-12.512,0.035,0.034,-376,-340,-245
1780193221.354622,-13.144,-12.381,0.035,0.033,-375,-340,-246
1780193221.3772612,-13.144,-12.381,0.035,0.033,-375,-340,-246
1780193221.4006028,-13.034,-12.184,0.034,0.032,-373,-341,-247
1780193221.423539,-13.089,-12.25,0.035,0.033,-374,-341,-246
1780193221.446802,-13.089,-12.053,0.035,0.032,-372,-342,-247
1780193221.4714549,-13.089,-12.315,0.035,0.033,-375,-341,-246
1780193221.495172,-13.144,-11.987,0.035,0.032,-372,-342,-247
1780193221.5204182,-13.254,-11.987,0.035,0.032,-372,-343,-246
1780193221.54316,-13.365,-12.053,0.036,0.032,-373,-343,-245
1780193221.566754,-13.475,-12.118,0.036,0.032,-373,-344,-244
1780193221.591966,-13.53,-11.987,0.037,0.032,-372,-344,-245
1780193221.617006,-13.64,-12.381,0.037,0.034,-376,-343,-243
1780193221.6297112,-13.695,-12.053,0.037,0.032,-373,-345,-244
1780193221.655999,-13.805,-11.987,0.037,0.032,-372,-345,-244
1780193221.679004,-14.026,-11.987,0.038,0.032,-373,-347,-242
1780193221.703862,-14.136,-11.921,0.038,0.032,-372,-347,-242
1780193221.727892,-14.246,-11.921,0.039,0.032,-372,-348,-242
1780193221.751105,-14.357,-11.987,0.039,0.032,-373,-348,-241
1780193221.776454,-14.632,-11.527,0.04,0.03,-369,-351,-241
1780193221.800142,-14.797,-11.724,0.04,0.031,-371,-350,-240
1780193221.81263,-14.797,-11.461,0.04,0.03,-369,-351,-241
1780193221.838015,-14.963,-11.396,0.041,0.03,-369,-352,-241
1780193221.861016,-15.073,-11.593,0.041,0.031,-371,-351,-240
1780193221.884325,-15.238,-10.673,0.041,0.027,-364,-356,-242
1780193221.907507,-15.293,-10.608,0.041,0.027,-364,-356,-242
1780193221.93014,-15.293,-10.476,0.041,0.027,-364,-355,-242
1780193221.954818,-15.349,-10.476,0.041,0.027,-364,-355,-242
1780193221.977282,-15.293,-10.476,0.041,0.027,-365,-354,-242
1780193222.000693,-15.293,-10.542,0.041,0.028,-365,-354,-242
1780193222.013094,-15.293,-10.411,0.041,0.027,-365,-354,-243
1780193222.037963,-15.349,-10.542,0.041,0.028,-366,-354,-242
1780193222.060815,-15.238,-10.542,0.04,0.028,-366,-353,-242
1780193222.084234,-15.293,-10.476,0.041,0.028,-366,-354,-242
1780193222.0963142,-15.404,-10.476,0.041,0.028,-366,-354,-242
1780193222.12114,-15.073,-11.067,0.04,0.031,-370,-350,-242
1780193222.14367,-14.963,-11.593,0.039,0.033,-374,-347,-241
1780193222.167187,-14.963,-11.527,0.039,0.032,-373,-348,-241
1780193222.179568,-14.963,-11.593,0.039,0.032,-373,-348,-241
1780193222.204611,-6.696,-6.207,0.019,0.017,-347,-331,-279
1780193222.226932,-6.696,-6.338,0.019,0.018,-348,-330,-278
1780193222.250324,-6.641,-6.535,0.019,0.019,-350,-329,-278
1780193222.2628312,-6.531,-6.273,0.018,0.017,-347,-330,-279
1780193222.287915,-6.531,-6.47,0.018,0.018,-349,-329,-278
1780193222.3105438,-6.696,-6.404,0.019,0.018,-348,-330,-278
1780193222.333614,-6.696,-6.404,0.019,0.018,-348,-330,-278
1780193222.345829,-6.806,-6.404,0.019,0.018,-348,-331,-277
1780193222.3705878,-6.917,-6.601,0.02,0.019,-350,-331,-276
1780193222.3931892,-7.027,-6.535,0.02,0.019,-349,-332,-276
1780193222.416611,-7.082,-6.601,0.02,0.019,-350,-332,-275
1780193222.429019,-7.192,-6.535,0.021,0.018,-349,-333,-275
1780193222.454127,-7.302,-6.404,0.021,0.018,-348,-334,-275
1780193222.4770591,-7.357,-6.601,0.021,0.019,-350,-333,-274
1780193222.5006661,-7.468,-6.338,0.022,0.018,-348,-334,-275
1780193222.513066,-7.578,-6.47,0.022,0.018,-349,-334,-274
1780193222.538269,-7.523,-6.338,0.021,0.018,-348,-334,-275
1780193222.5611289,-7.688,-6.601,0.022,0.019,-350,-334,-273
1780193222.586247,-7.743,-6.273,0.022,0.017,-347,-336,-274
1780193222.60915,-8.019,-6.338,0.023,0.018,-348,-337,-272
1780193222.6326458,-8.129,-6.47,0.024,0.018,-349,-337,-271
1780193222.657428,-8.46,-6.732,0.025,0.019,-351,-337,-269
1780193222.6809988,-8.515,-6.667,0.025,0.019,-350,-338,-269
1780193222.705716,-8.57,-6.404,0.025,0.018,-348,-339,-270
1780193222.728794,-8.625,-6.207,0.025,0.017,-347,-339,-271
1780193222.754082,-8.735,-6.01,0.025,0.016,-345,-340,-271
1780193222.776812,-8.735,-5.747,0.025,0.015,-344,-341,-272
1780193222.7894762,-8.845,-5.55,0.025,0.015,-342,-342,-272
1780193222.812041,-9.011,-5.222,0.026,0.014,-341,-344,-272
1780193222.8375301,-9.011,-5.156,0.025,0.014,-341,-344,-272
1780193222.860571,-9.121,-4.696,0.026,0.012,-338,-345,-273
1780193222.883976,-9.286,-4.696,0.026,0.012,-339,-346,-272
1780193222.907153,-9.507,-4.236,0.027,0.011,-336,-348,-273
1780193222.929955,-9.617,-3.974,0.027,0.01,-334,-350,-273
1780193222.955033,-9.672,-3.974,0.027,0.01,-335,-349,-272
1780193222.977833,-9.617,-4.105,0.027,0.011,-337,-348,-272
1780193223.00321,-9.782,-3.908,0.027,0.011,-336,-349,-272
1780193223.025694,-9.893,-3.777,0.028,0.01,-335,-350,-272
1780193223.049231,-10.003,-3.383,0.028,0.009,-333,-352,-273
1780193223.074052,-10.058,-2.989,0.028,0.008,-331,-353,-273
1780193223.097378,-10.223,-2.857,0.029,0.007,-330,-354,-273
1780193223.1217432,-10.389,-2.594,0.029,0.007,-329,-355,-273
1780193223.1444821,-10.554,-2.397,0.03,0.006,-328,-356,-272
1780193223.1695669,-10.664,-1.872,0.03,0.004,-325,-358,-274
1780193223.1921852,-10.719,-1.938,0.03,0.005,-327,-358,-273
1780193223.2154298,-10.719,-1.806,0.03,0.005,-327,-357,-273
1780193223.240494,-10.609,-1.741,0.029,0.005,-327,-356,-274
1780193223.26388,-10.499,-1.741,0.029,0.006,-327,-355,-275
1780193223.2887838,-10.444,-1.609,0.028,0.005,-326,-355,-275
1780193223.299552,-10.444,-1.609,0.028,0.005,-327,-355,-275
1780193223.32389,-10.389,-1.741,0.028,0.006,-328,-354,-275
1780193223.347429,-10.278,-1.806,0.028,0.006,-329,-353,-275
1780193223.372555,-10.389,-1.872,0.028,0.007,-329,-354,-274
1780193223.395412,-10.278,-1.741,0.028,0.006,-328,-353,-275
1780193223.4207628,-10.278,-1.675,0.028,0.006,-328,-354,-275
1780193223.443394,-10.223,-1.741,0.028,0.006,-328,-353,-275
1780193223.4667578,-10.113,-1.412,0.027,0.005,-326,-354,-277
1780193223.479182,-9.893,-1.478,0.026,0.005,-327,-352,-278
1780193223.504242,-9.837,-1.412,0.026,0.005,-327,-352,-278
1780193223.526994,-9.782,-1.281,0.026,0.005,-326,-352,-278
1780193223.550512,-9.727,-0.952,0.026,0.004,-324,-353,-279
1780193223.562891,-9.727,-1.018,0.026,0.004,-325,-353,-279
1780193223.588012,-9.672,-1.018,0.026,0.004,-325,-353,-279
1780193223.6105971,-9.617,-0.952,0.026,0.004,-325,-352,-279
1780193223.633866,-9.617,-0.755,0.026,0.003,-323,-353,-280
1780193223.656536,-9.672,-0.69,0.026,0.003,-323,-354,-280
1780193223.6791859,-9.672,-0.755,0.026,0.003,-324,-354,-279
1780193223.70357,-9.672,-0.755,0.026,0.004,-324,-354,-279
1780193223.726273,-9.617,-0.887,0.026,0.004,-325,-353,-279
1780193223.749249,-9.562,-0.821,0.026,0.004,-325,-353,-279
1780193223.773952,-9.562,-0.624,0.026,0.003,-323,-353,-280
1780193223.797079,-9.562,-0.755,0.026,0.004,-324,-353,-279
1780193223.821686,-9.452,-1.149,0.026,0.005,-327,-351,-279
1780193223.8324292,-9.397,-1.281,0.025,0.006,-328,-350,-278
1780193223.8568351,-9.286,-1.478,0.025,0.007,-329,-349,-278
1780193223.879817,-9.176,-1.478,0.025,0.006,-329,-348,-279
1780193223.904403,-9.066,-1.544,0.024,0.006,-329,-348,-279
1780193223.926851,-8.901,-1.872,0.024,0.008,-331,-346,-279
1780193223.949913,-8.735,-1.938,0.023,0.008,-331,-345,-280
1780193223.962069,-8.79,-2.2,0.024,0.009,-333,-345,-279
1780193223.9870012,-8.68,-2.397,0.023,0.009,-334,-344,-279
1780193224.009452,-8.57,-2.069,0.023,0.008,-331,-345,-280
1780193224.032455,-8.57,-2.266,0.023,0.008,-332,-344,-280
1780193224.056824,-8.46,-2.266,0.023,0.008,-332,-344,-280
1780193224.0801878,-10.223,-2.003,0.027,0.007,-330,-352,-275
1780193224.105203,-10.223,-2.069,0.028,0.008,-331,-352,-274
1780193224.1282718,-10.278,-1.938,0.028,0.007,-330,-353,-274
1780193224.1535969,-10.168,-2.069,0.027,0.008,-331,-352,-275
1780193224.176642,-10.003,-2.332,0.027,0.009,-332,-350,-275
1780193224.1999319,-10.058,-2.2,0.027,0.008,-331,-351,-275
1780193224.212161,-9.893,-2.069,0.026,0.007,-330,-350,-276
1780193224.237531,-9.837,-2.135,0.026,0.008,-331,-350,-276
1780193224.260216,-9.837,-2.2,0.026,0.008,-331,-350,-276
1780193224.283303,-9.672,-2.2,0.026,0.008,-331,-349,-276
1780193224.306126,-9.727,-2.2,0.026,0.008,-331,-350,-276
1780193224.328606,-9.672,-2.266,0.026,0.008,-331,-349,-276
1780193224.3532002,-9.562,-2.069,0.026,0.007,-330,-349,-277
1780193224.3643498,-9.507,-2.332,0.025,0.008,-332,-348,-276
1780193224.389239,-9.452,-2.2,0.025,0.008,-331,-349,-277
1780193224.410091,-9.286,-2.332,0.025,0.008,-332,-347,-277
1780193224.422276,-9.286,-2.2,0.025,0.008,-331,-348,-278
1780193224.444983,-9.176,-2.069,0.025,0.007,-330,-348,-279
1780193224.469891,-9.176,-2.003,0.025,0.007,-329,-348,-279
1780193224.492511,-9.121,-1.938,0.025,0.007,-329,-348,-279
1780193224.515527,-8.956,-1.544,0.024,0.005,-326,-349,-281
1780193224.540191,-8.901,-1.741,0.024,0.006,-328,-348,-280
1780193224.563195,-8.845,-1.675,0.024,0.006,-328,-348,-281
1780193224.588275,-8.68,-1.544,0.023,0.005,-327,-347,-282
1780193224.611289,-8.57,-1.609,0.023,0.006,-327,-347,-282
1780193224.6366851,-8.46,-1.675,0.023,0.006,-328,-346,-282
1780193224.659203,-8.349,-1.609,0.022,0.006,-328,-346,-283
1780193224.682425,-8.294,-1.544,0.022,0.006,-327,-346,-283
1780193224.7069361,-8.294,-1.609,0.022,0.006,-328,-346,-282
1780193224.730125,-8.129,-1.675,0.022,0.006,-328,-344,-283
1780193224.754488,-8.129,-1.544,0.022,0.006,-327,-345,-283
1780193224.7771552,-8.184,-1.609,0.022,0.006,-328,-346,-282
1780193224.8001332,-8.074,-1.872,0.022,0.007,-330,-344,-282
1780193224.812302,-8.074,-1.806,0.022,0.007,-329,-344,-282
1780193224.8378382,-8.074,-1.806,0.022,0.007,-329,-345,-282
1780193224.860907,-8.129,-1.938,0.022,0.007,-330,-345,-281
1780193224.88605,-8.074,-2.135,0.022,0.008,-331,-344,-281
1780193224.9089699,-8.019,-2.332,0.022,0.009,-332,-343,-281
1780193224.932255,-8.074,-2.266,0.022,0.008,-332,-344,-281
1780193224.95722,-8.074,-2.332,0.022,0.008,-332,-344,-281
1780193224.980559,-8.019,-2.463,0.022,0.009,-333,-343,-281
1780193225.005546,-8.019,-2.463,0.022,0.009,-332,-343,-281
1780193225.028994,-8.019,-2.726,0.022,0.01,-334,-342,-280
1780193225.054389,-8.019,-2.529,0.022,0.009,-332,-343,-281
1780193225.077387,-7.853,-2.726,0.022,0.009,-334,-341,-281
1780193225.100836,-7.798,-3.054,0.021,0.011,-336,-340,-280
1780193225.113058,-7.909,-3.251,0.022,0.011,-337,-340,-279
1780193225.137991,-7.798,-3.383,0.021,0.012,-338,-339,-279
1780193225.1605718,-7.743,-3.251,0.021,0.011,-336,-340,-280
1780193225.1838,-7.743,-3.514,0.021,0.012,-338,-339,-279
1780193225.19602,-7.688,-3.777,0.021,0.013,-339,-338,-279
1780193225.220808,-7.633,-3.777,0.021,0.013,-339,-338,-279
1780193225.243449,-7.688,-3.842,0.021,0.013,-339,-338,-279
1780193225.266616,-7.633,-3.842,0.021,0.012,-339,-338,-279
1780193225.278883,-7.578,-3.908,0.021,0.013,-339,-338,-279
1780193225.3037848,-7.578,-3.908,0.021,0.012,-339,-338,-279
1780193225.3263218,-7.578,-3.974,0.021,0.013,-339,-338,-279
1780193225.349809,-7.523,-3.842,0.021,0.012,-338,-338,-280
1780193225.372919,-7.468,-4.105,0.021,0.013,-340,-337,-279
1780193225.396063,-7.357,-4.171,0.02,0.013,-340,-336,-280
1780193225.42083,-7.302,-4.236,0.02,0.013,-340,-336,-280
1780193225.443579,-7.302,-4.039,0.02,0.012,-339,-337,-280
1780193225.466451,-7.247,-4.039,0.02,0.012,-339,-337,-281
1780193225.478658,-7.247,-4.171,0.02,0.013,-340,-336,-280
1780193225.503936,-7.137,-3.974,0.02,0.012,-338,-336,-281
1780193225.5269,-7.027,-3.974,0.019,0.012,-338,-336,-282
1780193225.550157,-7.082,-4.105,0.02,0.013,-339,-336,-281
1780193225.562489,-7.137,-4.039,0.02,0.012,-339,-337,-281
1780193225.587571,-7.082,-4.105,0.02,0.013,-339,-336,-281
1780193225.6101801,-7.027,-4.039,0.02,0.012,-338,-336,-281
1780193225.633523,-7.027,-4.105,0.02,0.013,-339,-336,-281
1780193225.646029,-6.861,-4.171,0.019,0.013,-340,-335,-282
1780193225.6711402,-6.751,-4.105,0.019,0.013,-339,-334,-282
1780193225.693772,-6.641,-4.171,0.018,0.013,-339,-334,-283
1780193225.7167969,-6.586,-4.236,0.018,0.013,-340,-333,-283
1780193225.7290509,-6.365,-4.171,0.017,0.013,-339,-332,-284
1780193225.754527,-6.2,-4.236,0.017,0.013,-340,-331,-285
1780193225.7776058,-6.035,-4.433,0.016,0.014,-341,-330,-285
1780193225.802849,-5.814,-4.105,0.016,0.012,-338,-330,-287
1780193225.8258119,-5.704,-4.368,0.015,0.013,-340,-329,-286
1780193225.849065,-5.539,-4.696,0.015,0.015,-343,-327,-286
1780193225.873808,-5.318,-4.631,0.014,0.014,-342,-327,-287
1780193225.896838,-4.988,-4.762,0.013,0.015,-343,-325,-288
1780193225.9214988,-4.767,-4.828,0.012,0.015,-343,-324,-289
1780193225.932142,-4.547,-4.959,0.012,0.015,-344,-323,-289
1780193225.9566112,-4.326,-5.025,0.011,0.015,-344,-322,-290
1780193225.9797802,-3.996,-4.893,0.01,0.015,-343,-321,-292
1780193226.004452,-3.61,-5.156,0.009,0.016,-344,-318,-293
1780193226.026985,-1.35,-5.616,0.007,0.016,-345,-315,-295
1780193226.05024,-1.405,-5.419,0.007,0.015,-343,-316,-296
1780193226.062622,-1.516,-5.419,0.007,0.015,-343,-316,-296
1780193226.087491,-1.626,-5.287,0.007,0.015,-343,-317,-296
1780193226.109967,-1.626,-5.353,0.007,0.015,-343,-316,-296
1780193226.133374,-1.846,-5.55,0.008,0.016,-345,-316,-294
1780193226.1456902,-1.956,-5.353,0.008,0.015,-343,-317,-295
1780193226.1705751,-2.122,-5.484,0.009,0.016,-344,-318,-293
1780193226.193182,-2.287,-5.353,0.009,0.015,-344,-319,-293
1780193226.216335,-2.397,-5.222,0.009,0.015,-343,-319,-293
1780193226.228537,-2.618,-4.959,0.01,0.014,-341,-321,-293
1780193226.253469,-2.673,-4.696,0.01,0.013,-339,-322,-294
1780193226.276051,-2.728,-4.368,0.01,0.012,-337,-323,-295
1780193226.299114,-2.783,-3.908,0.01,0.01,-334,-324,-296
1780193226.3234859,-2.948,-3.777,0.011,0.01,-334,-325,-296
1780193226.346623,-2.948,-3.645,0.01,0.01,-334,-325,-296
1780193226.371059,-3.059,-3.514,0.011,0.009,-334,-326,-296
1780193226.39369,-3.169,-3.383,0.011,0.009,-333,-326,-295
1780193226.417399,-3.279,-3.711,0.011,0.011,-336,-325,-294
1780193226.429941,-3.61,-3.711,0.012,0.011,-336,-327,-292
1780193226.455127,-3.94,-3.711,0.014,0.011,-337,-328,-290
1780193226.477773,-4.161,-3.908,0.014,0.012,-338,-329,-289
1780193226.5026329,-4.381,-3.645,0.015,0.011,-336,-331,-289
1780193226.525213,-4.547,-3.58,0.015,0.011,-336,-331,-288
1780193226.5482008,-4.932,-3.645,0.017,0.011,-336,-333,-286
1780193226.573142,-5.263,-3.448,0.018,0.01,-335,-335,-286
1780193226.596658,-5.924,-3.251,0.02,0.009,-334,-339,-283
1780193226.621741,-6.421,-3.514,0.022,0.011,-336,-340,-280
1780193226.64463,-7.192,-3.514,0.024,0.011,-336,-344,-277
1780193226.670013,-7.688,-3.711,0.025,0.012,-337,-345,-274
1780193226.692482,-8.956,-3.711,0.03,0.012,-337,-352,-268
1780193226.715877,-9.507,-4.039,0.031,0.013,-340,-353,-265
1780193226.740722,-10.113,-4.105,0.033,0.013,-340,-355,-263
1780193226.764159,-10.664,-4.039,0.034,0.013,-339,-357,-262
1780193226.788588,-10.664,-4.039,0.034,0.013,-339,-357,-262
1780193226.8113039,-10.664,-4.039,0.034,0.013,-339,-357,-262
1780193226.8360991,-10.664,-4.039,0.034,0.013,-339,-357,-262
1780193226.858743,-10.664,-4.039,0.034,0.013,-339,-357,-262
1780193226.881727,-10.664,-4.039,0.034,0.013,-339,-357,-262
1780193226.90639,-10.664,-4.039,0.034,0.013,-339,-357,-262
1780193226.928909,-10.664,-4.039,0.034,0.013,-339,-357,-262
1780193226.9542038,-10.664,-4.039,0.034,0.013,-339,-357,-262
1780193226.965138,0.0,0.0,0.034,0.013,-318,-318,-318
1780193226.9900422,0.0,0.0,0.034,0.013,-318,-318,-318
1780193227.0134091,0.0,0.0,0.034,0.013,-318,-318,-318
1780193227.0384052,0.0,0.0,0.034,0.013,-318,-318,-318
1780193227.060957,0.0,0.0,0.034,0.013,-318,-318,-318
1780193227.08597,0.0,0.0,0.034,0.013,-318,-318,-318
1780193227.108453,0.0,0.0,0.034,0.013,-318,-318,-318
1780193227.131951,0.0,0.0,0.034,0.013,-318,-318,-318
1780193227.156737,0.0,0.0,0.034,0.013,-318,-318,-318
1780193227.180187,0.0,0.0,0.034,0.013,-318,-318,-318
1780193227.204848,0.0,0.0,0.034,0.013,-318,-318,-318
1780193227.2275672,0.0,0.0,0.034,0.013,-318,-318,-318
1780193227.250463,0.0,0.0,0.034,0.013,-318,-318,-318
1780193227.262673,0.0,0.0,0.034,0.013,-318,-318,-318
1780193227.288078,0.0,0.0,0.034,0.013,-318,-318,-318
1780193227.310602,0.0,0.0,0.034,0.013,-318,-318,-318
1780193227.33361,0.0,0.0,0.034,0.013,-318,-318,-318
1780193227.345734,0.0,0.0,0.034,0.013,-318,-318,-318
1780193227.3706439,0.0,0.0,0.034,0.013,-318,-318,-318
1780193227.393184,0.0,0.0,0.034,0.013,-318,-318,-318
1780193227.416148,0.0,0.0,0.034,0.013,-318,-318,-318
1780193227.4283829,0.0,0.0,0.034,0.013,-318,-318,-318
1780193227.453245,0.0,0.0,0.034,0.013,-318,-318,-318
1780193227.475722,0.0,0.0,0.034,0.013,-318,-318,-318
1780193227.4985752,0.0,0.0,0.034,0.013,-318,-318,-318
1780193227.5230641,0.0,0.0,0.034,0.013,-318,-318,-318
1780193227.545503,0.0,0.0,0.034,0.013,-318,-318,-318
1780193227.570395,0.0,0.0,0.034,0.013,-318,-318,-318
1780193227.5927749,0.0,0.0,0.034,0.013,-318,-318,-318
1780193227.615834,0.0,0.0,0.034,0.013,-318,-318,-318
1780193227.640227,0.0,0.0,0.034,0.013,-318,-318,-318
1780193227.663218,0.0,0.0,0.034,0.013,-318,-318,-318
1780193227.687422,0.0,0.0,0.034,0.013,-318,-318,-318
1780193227.709897,0.0,0.0,0.034,0.013,-318,-318,-318
1780193227.732759,0.0,0.0,0.034,0.013,-318,-318,-318
1780193227.744918,0.0,0.0,0.034,0.013,-318,-318,-318
1780193227.769585,0.0,0.0,0.034,0.013,-318,-318,-318
1780193227.7922812,0.0,0.0,0.034,0.013,-318,-318,-318
1780193227.8156538,0.0,0.0,0.034,0.013,-318,-318,-318
1780193227.84049,0.0,0.0,0.034,0.013,-318,-318,-318
1780193227.863853,0.0,0.0,0.034,0.013,-318,-318,-318
1780193227.888576,0.0,0.0,0.034,0.013,-318,-318,-318
1780193227.9113631,0.0,0.0,0.034,0.013,-318,-318,-318
1780193227.9365351,0.0,0.0,0.034,0.013,-318,-318,-318
1780193227.9593651,0.0,0.0,0.034,0.013,-318,-318,-318
1780193227.982786,0.0,0.0,0.034,0.013,-318,-318,-318
1780193227.9950988,0.0,0.0,0.034,0.013,-318,-318,-318
1780193228.0203362,0.0,0.0,0.034,0.013,-318,-318,-318
1780193228.043233,0.0,0.0,0.034,0.013,-318,-318,-318
1780193228.0667078,0.0,0.0,0.034,0.013,-318,-318,-318
1780193228.079059,0.0,0.0,0.034,0.013,-318,-318,-318
1780193228.104369,0.0,0.0,0.034,0.013,-318,-318,-318
1780193228.1269279,0.0,0.0,0.034,0.013,-318,-318,-318
1780193228.150347,0.0,0.0,0.034,0.013,-318,-318,-318
1780193228.162729,0.0,0.0,0.034,0.013,-318,-318,-318
1780193228.1878211,0.0,0.0,0.034,0.013,-318,-318,-318
1780193228.210609,0.0,0.0,0.034,0.013,-318,-318,-318
1780193228.236036,0.0,0.0,0.034,0.013,-318,-318,-318
1780193228.258394,0.0,0.0,0.034,0.013,-318,-318,-318
1780193228.2815318,0.0,0.0,0.034,0.013,-318,-318,-318
1780193228.306129,0.0,0.0,0.034,0.013,-318,-318,-318
1780193228.328575,0.0,0.0,0.034,0.013,-318,-318,-318
1780193228.3531818,0.0,0.0,0.034,0.013,-318,-318,-318
1780193228.3756769,0.0,0.0,0.034,0.013,-318,-318,-318
1780193228.398893,0.0,0.0,0.034,0.013,-318,-318,-318
1780193228.4236841,0.0,0.0,0.034,0.013,-318,-318,-318
1780193228.446871,0.0,0.0,0.034,0.013,-318,-318,-318
1780193228.471522,0.0,0.0,0.034,0.013,-318,-318,-318
1780193228.49421,0.0,0.0,0.034,0.013,-318,-318,-318
1780193228.5193942,0.0,0.0,0.034,0.013,-318,-318,-318
1780193228.53012,0.0,0.0,0.034,0.013,-318,-318,-318
1780193228.554487,0.0,0.0,0.034,0.013,-318,-318,-318
1780193228.577409,0.0,0.0,0.034,0.013,-318,-318,-318
1780193228.6004941,0.0,0.0,0.034,0.013,-318,-318,-318
1780193228.612659,0.0,0.0,0.034,0.013,-318,-318,-318
1780193228.6376169,0.0,0.0,0.034,0.013,-318,-318,-318
1780193228.660186,0.0,0.0,0.034,0.013,-318,-318,-318
1780193228.683678,0.0,0.0,0.034,0.013,-318,-318,-318
1780193228.6960452,0.0,0.0,0.034,0.013,-318,-318,-318
1780193228.7211258,0.0,0.0,0.034,0.013,-318,-318,-318
1780193228.7437282,0.0,0.0,0.034,0.013,-318,-318,-318
1780193228.766908,0.0,0.0,0.034,0.013,-318,-318,-318
1780193228.779161,0.0,0.0,0.034,0.013,-318,-318,-318
1780193228.804054,0.0,0.0,0.034,0.013,-318,-318,-318
1780193228.826625,0.0,0.0,0.034,0.013,-318,-318,-318
1780193228.849725,0.0,0.0,0.034,0.013,-318,-318,-318
1780193228.861863,0.0,0.0,0.034,0.013,-318,-318,-318
1780193228.886624,0.0,0.0,0.034,0.013,-318,-318,-318
1780193228.9092312,0.0,0.0,0.034,0.013,-318,-318,-318
1780193228.932767,0.0,0.0,0.034,0.013,-318,-318,-318
1780193228.944972,0.0,0.0,0.034,0.013,-318,-318,-318
1780193228.9696121,0.0,0.0,0.034,0.013,-318,-318,-318
1780193228.9920452,0.0,0.0,0.034,0.013,-318,-318,-318
1780193229.015156,0.0,0.0,0.034,0.013,-318,-318,-318
1780193229.039416,0.0,0.0,0.034,0.013,-318,-318,-318
1780193229.062592,0.0,0.0,0.034,0.013,-318,-318,-318
1780193229.089113,0.0,0.0,0.034,0.013,-318,-318,-318
1780193229.112823,0.0,0.0,0.034,0.013,-318,-318,-318
1780193229.1375182,0.0,0.0,0.034,0.013,-318,-318,-318
1780193229.160021,0.0,0.0,0.034,0.013,-318,-318,-318
1780193229.18307,0.0,0.0,0.034,0.013,-318,-318,-318
1780193229.195511,0.0,0.0,0.034,0.013,-318,-318,-318
1780193229.220892,0.0,0.0,0.034,0.013,-318,-318,-318
1780193229.243917,0.0,0.0,0.034,0.013,-318,-318,-318
1780193229.2672489,0.0,0.0,0.034,0.013,-318,-318,-318
1780193229.2796109,0.0,0.0,0.034,0.013,-318,-318,-318
1780193229.304681,0.0,0.0,0.034,0.013,-318,-318,-318
1780193229.3272052,0.0,0.0,0.034,0.013,-318,-318,-318
1780193229.350307,0.0,0.0,0.034,0.013,-318,-318,-318
1780193229.3729138,0.0,0.0,0.034,0.013,-318,-318,-318
1780193229.3953521,0.0,0.0,0.034,0.013,-318,-318,-318
1780193229.4198232,0.0,0.0,0.034,0.013,-318,-318,-318
1780193229.442365,0.0,0.0,0.034,0.013,-318,-318,-318
1780193229.466023,0.0,0.0,0.034,0.013,-318,-318,-318
1780193229.4782138,0.0,0.0,0.034,0.013,-318,-318,-318
1780193229.502943,0.0,0.0,0.034,0.013,-318,-318,-318
1780193229.525364,0.0,0.0,0.034,0.013,-318,-318,-318
1780193229.5483131,0.0,0.0,0.034,0.013,-318,-318,-318
1780193229.572855,0.0,0.0,0.034,0.013,-318,-318,-318
1780193229.5835588,0.0,0.0,0.034,0.013,-318,-318,-318
1780193229.607902,0.0,0.0,0.034,0.013,-318,-318,-318
1780193229.631028,0.0,0.0,0.034,0.013,-318,-318,-318
1780193229.655343,0.0,0.0,0.034,0.013,-318,-318,-318
1780193229.678407,0.0,0.0,0.034,0.013,-318,-318,-318
1780193229.703709,0.0,0.0,0.034,0.013,-318,-318,-318
1780193229.726569,0.0,0.0,0.034,0.013,-318,-318,-318
1780193229.750201,0.0,0.0,0.034,0.013,-318,-318,-318
1780193229.762503,0.0,0.0,0.034,0.013,-318,-318,-318
1780193229.7878468,0.0,0.0,0.034,0.013,-318,-318,-318
1780193229.810442,0.0,0.0,0.034,0.013,-318,-318,-318
1780193229.833484,0.0,0.0,0.034,0.013,-318,-318,-318
1780193229.846101,0.0,0.0,0.034,0.013,-318,-318,-318
1780193229.8716302,0.0,0.0,0.034,0.013,-318,-318,-318
1780193229.895234,0.0,0.0,0.034,0.013,-318,-318,-318
1780193229.9205,0.0,0.0,0.034,0.013,-318,-318,-318
1780193229.943559,0.0,0.0,0.034,0.013,-318,-318,-318
1780193229.9669209,0.0,0.0,0.034,0.013,-318,-318,-318
1780193229.97915,0.0,0.0,0.034,0.013,-318,-318,-318
1780193230.004504,0.0,0.0,0.034,0.013,-318,-318,-318
1780193230.0276601,0.0,0.0,0.034,0.013,-318,-318,-318
1780193230.052768,0.0,0.0,0.034,0.013,-318,-318,-318
1780193230.0756228,0.0,0.0,0.034,0.013,-318,-318,-318
1780193230.099104,0.0,0.0,0.034,0.013,-318,-318,-318
1780193230.1240718,0.0,0.0,0.034,0.013,-318,-318,-318
1780193230.1473448,0.0,0.0,0.034,0.013,-318,-318,-318
1780193230.17236,0.0,0.0,0.034,0.013,-318,-318,-318
1780193230.1949818,0.0,0.0,0.034,0.013,-318,-318,-318
1780193230.21986,0.0,0.0,0.034,0.013,-318,-318,-318
1780193230.242342,0.0,0.0,0.034,0.013,-318,-318,-318
1780193230.2653792,0.0,0.0,0.034,0.013,-318,-318,-318
1780193230.2898118,0.0,0.0,0.034,0.013,-318,-318,-318
1780193230.312821,0.0,0.0,0.034,0.013,-318,-318,-318
1780193230.337086,0.0,0.0,0.034,0.013,-318,-318,-318
1780193230.3595788,0.0,0.0,0.034,0.013,-318,-318,-318
1780193230.382524,0.0,0.0,0.034,0.013,-318,-318,-318
1780193230.4070752,0.0,0.0,0.034,0.013,-318,-318,-318
1780193230.430059,0.0,0.0,0.034,0.013,-318,-318,-318
1780193230.454435,0.0,0.0,0.034,0.013,-318,-318,-318
1780193230.4767518,0.0,0.0,0.034,0.013,-318,-318,-318
1780193230.499743,0.0,0.0,0.034,0.013,-318,-318,-318
1780193230.511862,0.0,0.0,0.034,0.013,-318,-318,-318
1780193230.536552,0.0,0.0,0.034,0.013,-318,-318,-318
1780193230.559007,0.0,0.0,0.034,0.013,-318,-318,-318
1780193230.5823512,0.0,0.0,0.034,0.013,-318,-318,-318
1780193230.607255,0.0,0.0,0.034,0.013,-318,-318,-318
1780193230.630681,0.0,0.0,0.034,0.013,-318,-318,-318
1780193230.655394,0.0,0.0,0.034,0.013,-318,-318,-318
1780193230.67796,0.0,0.0,0.034,0.013,-318,-318,-318
1780193230.7026649,0.0,0.0,0.034,0.013,-318,-318,-318
1780193230.725525,0.0,0.0,0.034,0.013,-318,-318,-318
1780193230.748839,0.0,0.0,0.034,0.013,-318,-318,-318
1780193230.773841,0.0,0.0,0.034,0.013,-318,-318,-318
1780193230.797108,0.0,0.0,0.034,0.013,-318,-318,-318
1780193230.821928,0.0,0.0,0.034,0.013,-318,-318,-318
1780193230.844466,0.0,0.0,0.034,0.013,-318,-318,-318
1780193230.86955,0.0,0.0,0.034,0.013,-318,-318,-318
1780193230.8923929,0.0,0.0,0.034,0.013,-318,-318,-318
1780193230.915738,0.0,0.0,0.034,0.013,-318,-318,-318
1780193230.940386,0.0,0.0,0.034,0.013,-318,-318,-318
1780193230.963817,0.0,0.0,0.034,0.013,-318,-318,-318
1780193230.988488,0.0,0.0,0.034,0.013,-318,-318,-318
1780193231.01136,0.0,0.0,0.034,0.013,-318,-318,-318
1780193231.0364459,0.0,0.0,0.034,0.013,-318,-318,-318
1780193231.059049,0.0,0.0,0.034,0.013,-318,-318,-318
1780193231.0819159,0.0,0.0,0.034,0.013,-318,-318,-318
1780193231.106333,0.0,0.0,0.034,0.013,-318,-318,-318
1780193231.128761,0.0,0.0,0.034,0.013,-318,-318,-318
1780193231.153536,0.0,0.0,0.034,0.013,-318,-318,-318
1780193231.176003,0.0,0.0,0.034,0.013,-318,-318,-318
1780193231.198903,0.0,0.0,0.034,0.013,-318,-318,-318
1780193231.223389,0.0,0.0,0.034,0.013,-318,-318,-318
1780193231.246562,0.0,0.0,0.034,0.013,-318,-318,-318
1780193231.270907,0.0,0.0,0.034,0.013,-318,-318,-318
1780193231.29337,0.0,0.0,0.034,0.013,-318,-318,-318
1780193231.3163378,0.0,0.0,0.034,0.013,-318,-318,-318
1780193231.32845,0.0,0.0,0.034,0.013,-318,-318,-318
1780193231.353357,0.0,0.0,0.034,0.013,-318,-318,-318
1780193231.3764439,0.0,0.0,0.034,0.013,-318,-318,-318
1780193231.399853,0.0,0.0,0.034,0.013,-318,-318,-318
1780193231.412246,0.0,0.0,0.034,0.013,-318,-318,-318
1780193231.4374468,0.0,0.0,0.034,0.013,-318,-318,-318
1780193231.460393,0.0,0.0,0.034,0.013,-318,-318,-318
1780193231.483713,0.0,0.0,0.034,0.013,-318,-318,-318
1780193231.4960651,0.0,0.0,0.034,0.013,-318,-318,-318
1780193231.521256,0.0,0.0,0.034,0.013,-318,-318,-318
1780193231.544209,0.0,0.0,0.034,0.013,-318,-318,-318
1780193231.569333,0.0,0.0,0.034,0.013,-318,-318,-318
1780193231.5921762,0.0,0.0,0.034,0.013,-318,-318,-318
1780193231.615485,0.0,0.0,0.034,0.013,-318,-318,-318
1780193231.640387,0.0,0.0,0.034,0.013,-318,-318,-318
1780193231.663618,0.0,0.0,0.034,0.013,-318,-318,-318
1780193231.688243,0.0,0.0,0.034,0.013,-318,-318,-318
1780193231.708906,0.0,0.0,0.034,0.013,-318,-318,-318
1780193231.721044,0.0,0.0,0.034,0.013,-318,-318,-318
1780193231.743664,0.0,0.0,0.034,0.013,-318,-318,-318
1780193231.766947,0.0,0.0,0.034,0.013,-318,-318,-318
1780193231.77936,0.0,0.0,0.034,0.013,-318,-318,-318
1780193231.804964,0.0,0.0,0.034,0.013,-318,-318,-318
1780193231.827947,0.0,0.0,0.034,0.013,-318,-318,-318
1780193231.8532548,0.0,0.0,0.034,0.013,-318,-318,-318
1780193231.875859,0.0,0.0,0.034,0.013,-318,-318,-318
1780193231.898807,0.0,0.0,0.034,0.013,-318,-318,-318
1780193231.923533,0.0,0.0,0.034,0.013,-318,-318,-318
1780193231.9465861,0.0,0.0,0.034,0.013,-318,-318,-318
1780193231.971261,0.0,0.0,0.034,0.013,-318,-318,-318
1780193231.9937012,0.0,0.0,0.034,0.013,-318,-318,-318
1780193232.019022,0.0,0.0,0.034,0.013,-318,-318,-318
1780193232.041961,0.0,0.0,0.034,0.013,-318,-318,-318
1780193232.0653498,0.0,0.0,0.034,0.013,-318,-318,-318
1780193232.089717,0.0,0.0,0.034,0.013,-318,-318,-318
1780193232.112711,0.0,0.0,0.034,0.013,-318,-318,-318
1780193232.136951,0.0,0.0,0.034,0.013,-318,-318,-318
1780193232.1593258,0.0,0.0,0.034,0.013,-318,-318,-318
1780193232.1823099,0.0,0.0,0.034,0.013,-318,-318,-318
1780193232.206761,0.0,0.0,0.034,0.013,-318,-318,-318
1780193232.2193,0.0,0.0,0.034,0.013,-318,-318,-318
1780193232.2415318,0.0,0.0,0.034,0.013,-318,-318,-318
1780193232.2644238,0.0,0.0,0.034,0.013,-318,-318,-318
1780193232.2889001,0.0,0.0,0.034,0.013,-318,-318,-318
1780193232.311274,0.0,0.0,0.034,0.013,-318,-318,-318
1780193232.336462,0.0,0.0,0.034,0.013,-318,-318,-318
1780193232.3594508,0.0,0.0,0.034,0.013,-318,-318,-318
1780193232.382973,0.0,0.0,0.034,0.013,-318,-318,-318
1780193232.395318,0.0,0.0,0.034,0.013,-318,-318,-318
1780193232.420507,0.0,0.0,0.034,0.013,-318,-318,-318
1780193232.4433038,0.0,0.0,0.034,0.013,-318,-318,-318
1780193232.466712,0.0,0.0,0.034,0.013,-318,-318,-318
1780193232.4789429,0.0,0.0,0.034,0.013,-318,-318,-318
1780193232.503816,0.0,0.0,0.034,0.013,-318,-318,-318
1780193232.5262878,0.0,0.0,0.034,0.013,-318,-318,-318
1780193232.549269,0.0,0.0,0.034,0.013,-318,-318,-318
1780193232.5614378,0.0,0.0,0.034,0.013,-318,-318,-318
1780193232.5861042,0.0,0.0,0.034,0.013,-318,-318,-318
1780193232.608528,0.0,0.0,0.034,0.013,-318,-318,-318
1780193232.63147,0.0,0.0,0.034,0.013,-318,-318,-318
1780193232.6559098,0.0,0.0,0.034,0.013,-318,-318,-318
1780193232.678895,0.0,0.0,0.034,0.013,-318,-318,-318
1780193232.703894,0.0,0.0,0.034,0.013,-318,-318,-318
1780193232.726351,0.0,0.0,0.034,0.013,-318,-318,-318
1780193232.7492852,0.0,0.0,0.034,0.013,-318,-318,-318
1780193232.761439,0.0,0.0,0.034,0.013,-318,-318,-318
1780193232.786035,0.0,0.0,0.034,0.013,-318,-318,-318
1780193232.80845,0.0,0.0,0.034,0.013,-318,-318,-318
1780193232.8313322,0.0,0.0,0.034,0.013,-318,-318,-318
1780193232.8557599,0.0,0.0,0.034,0.013,-318,-318,-318
1780193232.878293,0.0,0.0,0.034,0.013,-318,-318,-318
1780193232.9030552,0.0,0.0,0.034,0.013,-318,-318,-318
1780193232.9254851,0.0,0.0,0.034,0.013,-318,-318,-318
1780193232.94843,0.0,0.0,0.034,0.013,-318,-318,-318
1780193232.972678,0.0,0.0,0.034,0.013,-318,-318,-318
1780193232.995123,0.0,0.0,0.034,0.013,-318,-318,-318
1780193233.019865,0.0,0.0,0.034,0.013,-318,-318,-318
1780193233.043296,0.0,0.0,0.034,0.013,-318,-318,-318
1780193233.069281,0.0,0.0,0.034,0.013,-318,-318,-318
1780193233.0922801,0.0,0.0,0.034,0.013,-318,-318,-318
1780193233.1156921,0.0,0.0,0.034,0.013,-318,-318,-318
1780193233.138507,0.0,0.0,0.034,0.013,-318,-318,-318
1780193233.160905,0.0,0.0,0.034,0.013,-318,-318,-318
1780193233.183532,0.0,0.0,0.034,0.013,-318,-318,-318
1780193233.195701,0.0,0.0,0.034,0.013,-318,-318,-318
1780193233.220433,0.0,0.0,0.034,0.013,-318,-318,-318
1780193233.243826,0.0,0.0,0.034,0.013,-318,-318,-318
1780193233.266929,0.0,0.0,0.034,0.013,-318,-318,-318
1780193233.279092,0.0,0.0,0.034,0.013,-318,-318,-318
1780193233.304,0.0,0.0,0.034,0.013,-318,-318,-318
1780193233.32642,0.0,0.0,0.034,0.013,-318,-318,-318
1780193233.349335,0.0,0.0,0.034,0.013,-318,-318,-318
1780193233.3614972,0.0,0.0,0.034,0.013,-318,-318,-318
1780193233.386278,0.0,0.0,0.034,0.013,-318,-318,-318
1780193233.408742,0.0,0.0,0.034,0.013,-318,-318,-318
1780193233.4319448,0.0,0.0,0.034,0.013,-318,-318,-318
1780193233.4568331,0.0,0.0,0.034,0.013,-318,-318,-318
1780193233.480303,0.0,0.0,0.034,0.013,-318,-318,-318
1780193233.505034,0.0,0.0,0.034,0.013,-318,-318,-318
1780193233.527872,0.0,0.0,0.034,0.013,-318,-318,-318
1780193233.55265,0.0,0.0,0.034,0.013,-318,-318,-318
1780193233.575146,0.0,0.0,0.034,0.013,-318,-318,-318
1780193233.597955,0.0,0.0,0.034,0.013,-318,-318,-318
1780193233.6228852,0.0,0.0,0.034,0.013,-318,-318,-318
1780193233.645563,0.0,0.0,0.034,0.013,-318,-318,-318
1780193233.6701078,0.0,0.0,0.034,0.013,-318,-318,-318
1780193233.692384,0.0,0.0,0.034,0.013,-318,-318,-318
1780193233.715456,0.0,0.0,0.034,0.013,-318,-318,-318
1780193233.739753,0.0,0.0,0.034,0.013,-318,-318,-318
1780193233.752259,0.0,0.0,0.034,0.013,-318,-318,-318
1780193233.774774,0.0,0.0,0.034,0.013,-318,-318,-318
1780193233.798047,0.0,0.0,0.034,0.013,-318,-318,-318
1780193233.822561,0.0,0.0,0.034,0.013,-318,-318,-318
1780193233.845199,0.0,0.0,0.034,0.013,-318,-318,-318
1780193233.869928,0.0,0.0,0.034,0.013,-318,-318,-318
1780193233.892229,0.0,0.0,0.034,0.013,-318,-318,-318
1780193233.915117,0.0,0.0,0.034,0.013,-318,-318,-318
1780193233.939502,0.0,0.0,0.034,0.013,-318,-318,-318
1780193233.961911,0.0,0.0,0.034,0.013,-318,-318,-318
1780193233.9868312,0.0,0.0,0.034,0.013,-318,-318,-318
1780193234.009311,0.0,0.0,0.034,0.013,-318,-318,-318
1780193234.032806,0.0,0.0,0.034,0.013,-318,-318,-318
1780193234.045281,0.0,0.0,0.034,0.013,-318,-318,-318
1780193234.070509,0.0,0.0,0.034,0.013,-318,-318,-318
1780193234.093361,0.0,0.0,0.034,0.013,-318,-318,-318
1780193234.118794,0.0,0.0,0.034,0.013,-318,-318,-318
1780193234.141592,0.0,0.0,0.034,0.013,-318,-318,-318
1780193234.1649852,0.0,0.0,0.034,0.013,-318,-318,-318
1780193234.189551,0.0,0.0,0.034,0.013,-318,-318,-318
1780193234.212596,0.0,0.0,0.034,0.013,-318,-318,-318
1780193234.237001,0.0,0.0,0.034,0.013,-318,-318,-318
1780193234.259629,0.0,0.0,0.034,0.013,-318,-318,-318
1780193234.282628,0.0,0.0,0.034,0.013,-318,-318,-318
1780193234.307063,0.0,0.0,0.034,0.013,-318,-318,-318
1780193234.330078,0.0,0.0,0.034,0.013,-318,-318,-318
1780193234.3546681,0.0,0.0,0.034,0.013,-318,-318,-318
1780193234.3772302,0.0,0.0,0.034,0.013,-318,-318,-318
1780193234.402632,0.0,0.0,0.034,0.013,-318,-318,-318
1780193234.425909,0.0,0.0,0.034,0.013,-318,-318,-318
1780193234.449567,0.0,0.0,0.034,0.013,-318,-318,-318
1780193234.4620118,0.0,0.0,0.034,0.013,-318,-318,-318
1780193234.4874308,0.0,0.0,0.034,0.013,-318,-318,-318
1780193234.510241,0.0,0.0,0.034,0.013,-318,-318,-318
1780193234.535753,0.0,0.0,0.034,0.013,-318,-318,-318
1780193234.5584261,0.0,0.0,0.034,0.013,-318,-318,-318
1780193234.581655,0.0,0.0,0.034,0.013,-318,-318,-318
1780193234.6061141,0.0,0.0,0.034,0.013,-318,-318,-318
1780193234.628609,0.0,0.0,0.034,0.013,-318,-318,-318
1780193234.653368,0.0,0.0,0.034,0.013,-318,-318,-318
1780193234.676264,0.0,0.0,0.034,0.013,-318,-318,-318
1780193234.699284,0.0,0.0,0.034,0.013,-318,-318,-318
1780193234.72189,0.0,0.0,0.034,0.013,-318,-318,-318
1780193234.744202,0.0,0.0,0.034,0.013,-318,-318,-318
1780193234.7688372,0.0,0.0,0.034,0.013,-318,-318,-318
1780193234.791222,0.0,0.0,0.034,0.013,-318,-318,-318
1780193234.803814,0.0,0.0,0.034,0.013,-318,-318,-318
1780193234.826313,0.0,0.0,0.034,0.013,-318,-318,-318
1780193234.849698,0.0,0.0,0.034,0.013,-318,-318,-318
1780193234.8621209,0.0,0.0,0.034,0.013,-318,-318,-318
1780193234.887105,0.0,0.0,0.034,0.013,-318,-318,-318
1780193234.909899,0.0,0.0,0.034,0.013,-318,-318,-318
1780193234.933232,0.0,0.0,0.034,0.013,-318,-318,-318
1780193234.94555,0.0,0.0,0.034,0.013,-318,-318,-318
1780193234.970674,0.0,0.0,0.034,0.013,-318,-318,-318
1780193234.994817,0.0,0.0,0.034,0.013,-318,-318,-318
1780193235.019896,0.0,0.0,0.034,0.013,-318,-318,-318
1780193235.04238,0.0,0.0,0.034,0.013,-318,-318,-318
1780193235.06561,0.0,0.0,0.034,0.013,-318,-318,-318
1780193235.077951,0.0,0.0,0.034,0.013,-318,-318,-318
1780193235.102657,0.0,0.0,0.034,0.013,-318,-318,-318
1780193235.125003,0.0,0.0,0.034,0.013,-318,-318,-318
1780193235.147866,0.0,0.0,0.034,0.013,-318,-318,-318
1780193235.172265,0.0,0.0,0.034,0.013,-318,-318,-318
1780193235.1947799,0.0,0.0,0.034,0.013,-318,-318,-318
1780193235.219512,0.0,0.0,0.034,0.013,-318,-318,-318
1780193235.24201,0.0,0.0,0.034,0.013,-318,-318,-318
1780193235.26631,0.0,0.0,0.034,0.013,-318,-318,-318
1780193235.2895858,0.0,0.0,0.034,0.013,-318,-318,-318
1780193235.312096,0.0,0.0,0.034,0.013,-318,-318,-318
1780193235.336899,0.0,0.0,0.034,0.013,-318,-318,-318
1780193235.357546,0.0,0.0,0.034,0.013,-318,-318,0
1780193235.369591,0.0,0.0,0.034,0.013,-318,-318,-318
1780193235.392355,0.0,0.0,0.034,0.013,-318,-318,-318
1780193235.415413,0.0,0.0,0.034,0.013,-318,-318,-318
1780193235.4399412,0.0,0.0,0.034,0.013,-318,-318,-318
1780193235.4629529,0.0,0.0,0.034,0.013,-318,-318,-318
1780193235.48825,0.0,0.0,0.034,0.013,-318,-318,-318
1780193235.511358,0.0,0.0,0.034,0.013,-318,-318,-318
1780193235.536878,0.0,0.0,0.034,0.013,-318,-318,-318
1780193235.559365,0.0,0.0,0.034,0.013,-318,-318,-318
1780193235.5827599,0.0,0.0,0.034,0.013,-318,-318,-318
1780193235.595244,0.0,0.0,0.034,0.013,-318,-318,-318
1780193235.6203892,0.0,0.0,0.034,0.013,-318,-318,-318
1780193235.642967,0.0,0.0,0.034,0.013,-318,-318,-318
1780193235.66652,0.0,0.0,0.034,0.013,-318,-318,-318
1780193235.678993,0.0,0.0,0.034,0.013,-318,-318,-318
1780193235.7037818,0.0,0.0,0.034,0.013,-318,-318,-318
1780193235.7262359,0.0,0.0,0.034,0.013,-318,-318,-318
1780193235.7492008,0.0,0.0,0.034,0.013,-318,-318,-318
1780193235.761282,0.0,0.0,0.034,0.013,-318,-318,-318
1780193235.7859788,0.0,0.0,0.034,0.013,-318,-318,-318
1780193235.8084412,0.0,0.0,0.034,0.013,-318,-318,-318
1780193235.8314629,0.0,0.0,0.034,0.013,-318,-318,-318
1780193235.8562748,0.0,0.0,0.034,0.013,-318,-318,-318
1780193235.879793,0.0,0.0,0.034,0.013,-318,-318,-318
1780193235.904722,0.0,0.0,0.034,0.013,-318,-318,-318
1780193235.927739,0.0,0.0,0.034,0.013,-318,-318,-318
1780193235.952966,0.0,0.0,0.034,0.013,-318,-318,-318
1780193235.975913,0.0,0.0,0.034,0.013,-318,-318,-318
1780193235.998983,0.0,0.0,0.034,0.013,-318,-318,-318
1780193236.0112,0.0,0.0,0.034,0.013,-318,-318,-318
1780193236.036423,-0.634,80.033,0.006,-0.2,-49,-516,-492
1780193236.058966,-0.634,80.033,0.006,-0.2,-49,-516,-492
1780193236.081922,-0.634,80.033,0.006,-0.2,-49,-516,-492
1780193236.1066072,-0.634,80.033,0.006,-0.2,-49,-516,-492
1780193236.1295612,-0.634,80.033,0.006,-0.2,-49,-516,-492
1780193236.154144,-0.524,79.901,0.005,-0.199,-50,-514,-493
1780193236.1766899,-0.579,80.099,0.004,-0.2,-49,-513,-496
1780193236.201997,-0.689,80.099,0.004,-0.2,-49,-513,-496
1780193236.2249038,-0.634,80.296,0.003,-0.201,-48,-513,-498
1780193236.248354,-0.744,80.558,0.003,-0.202,-46,-514,-500
1780193236.272768,-0.799,80.427,0.003,-0.201,-47,-513,-499
1780193236.295944,-0.964,80.558,0.004,-0.202,-47,-514,-499
1780193236.320241,-1.13,80.427,0.004,-0.201,-47,-514,-497
1780193236.342783,-1.185,80.427,0.004,-0.201,-47,-514,-497
1780193236.365671,-1.405,80.427,0.005,-0.201,-47,-516,-496
1780193236.390201,-1.791,80.493,0.006,-0.201,-47,-519,-494
1780193236.41313,-1.791,80.69,0.006,-0.202,-46,-519,-495
1780193236.4377532,-1.846,80.887,0.006,-0.203,-45,-520,-496
1780193236.460214,-1.901,80.887,0.006,-0.203,-46,-519,-496
1780193236.485535,-1.901,80.887,0.006,-0.203,-46,-519,-496
1780193236.508542,-1.901,80.887,0.006,-0.203,-46,-519,-496
1780193236.532104,-1.901,80.887,0.006,-0.203,-46,-519,-496
1780193236.556929,-2.673,78.128,0.009,-0.19,-60,-513,-477
1780193236.580419,-2.673,77.734,0.009,-0.19,-61,-511,-477
1780193236.605178,-2.948,77.471,0.009,-0.189,-61,-512,-475
1780193236.628184,-3.059,77.077,0.009,-0.189,-62,-512,-474
1780193236.653345,-3.169,76.749,0.01,-0.188,-62,-511,-473
1780193236.676278,-3.389,76.289,0.01,-0.187,-64,-511,-471
1780193236.699577,-3.5,76.092,0.01,-0.187,-64,-511,-471
1780193236.722798,-3.775,75.829,0.011,-0.187,-64,-513,-469
1780193236.745704,-3.885,75.435,0.011,-0.186,-65,-512,-468
1780193236.770577,-4.106,75.041,0.012,-0.185,-66,-512,-466
1780193236.793139,-4.216,74.91,0.012,-0.185,-67,-513,-465
1780193236.816499,-4.271,74.581,0.012,-0.184,-68,-511,-464
1780193236.828943,-4.436,74.384,0.012,-0.184,-68,-512,-464
1780193236.854126,-4.436,74.384,0.012,-0.184,-68,-512,-464
1780193236.86497,-4.436,74.384,0.012,-0.184,-68,-512,-464
1780193236.889492,-4.436,74.384,0.012,-0.184,-68,-512,-464
1780193236.9124749,-4.436,74.384,0.012,-0.184,-68,-512,-464
1780193236.937143,-4.436,74.384,0.012,-0.184,-68,-512,-464
1780193236.959605,-5.924,73.268,0.019,-0.179,-73,-520,-447
1780193236.983063,-6.035,73.005,0.018,-0.179,-73,-519,-448
1780193237.006196,-6.09,73.202,0.018,-0.18,-72,-520,-450
1780193237.028945,-6.31,73.53,0.018,-0.183,-69,-523,-452
1780193237.05339,-6.31,73.793,0.018,-0.184,-67,-524,-454
1780193237.075975,-6.476,74.253,0.018,-0.186,-65,-527,-456
1780193237.099023,-6.421,74.581,0.017,-0.187,-63,-527,-458
1780193237.122066,-6.641,74.844,0.018,-0.188,-62,-529,-458
1780193237.1445749,-6.696,74.91,0.018,-0.188,-62,-529,-458
1780193237.169077,-6.696,75.041,0.018,-0.189,-62,-529,-459
1780193237.191523,-6.806,74.91,0.018,-0.188,-63,-529,-458
1780193237.2148428,-6.861,74.975,0.018,-0.188,-63,-529,-458
1780193237.2399821,-6.861,75.172,0.018,-0.189,-62,-529,-459
1780193237.2634182,-6.917,90.542,0.017,-0.227,-18,-574,-498
1780193237.2880251,-6.751,90.542,0.017,-0.227,-18,-572,-499
1780193237.310633,-6.806,90.608,0.017,-0.227,-18,-573,-499
1780193237.335505,-6.806,90.411,0.017,-0.226,-19,-572,-498
1780193237.358128,-6.806,90.739,0.017,-0.228,-18,-574,-499
1780193237.381171,-6.806,90.739,0.017,-0.228,-18,-574,-499
1780193237.405854,-6.806,90.87,0.017,-0.228,-17,-574,-499
1780193237.4282749,-6.861,90.805,0.017,-0.228,-18,-574,-498
1780193237.453283,-6.806,91.067,0.017,-0.229,-17,-575,-500
1780193237.475709,-6.917,91.133,0.018,-0.229,-17,-576,-499
1780193237.4992619,-6.861,91.199,0.017,-0.229,-17,-576,-500
1780193237.511868,-6.917,91.33,0.017,-0.229,-16,-577,-500
1780193237.537208,-6.972,91.33,0.018,-0.229,-16,-577,-499
1780193237.560212,-6.972,91.658,0.018,-0.23,-15,-579,-500
1780193237.585801,-6.861,91.724,0.017,-0.231,-15,-578,-502
1780193237.608747,-6.806,91.855,0.017,-0.231,-14,-577,-502
1780193237.632294,-6.806,91.921,0.017,-0.231,-14,-577,-503
1780193237.6447098,-6.917,92.118,0.017,-0.232,-14,-580,-502
1780193237.67,-6.972,92.25,0.018,-0.232,-13,-581,-502
1780193237.6927218,-6.972,92.381,0.018,-0.232,-13,-581,-503
1780193237.715893,-6.972,92.315,0.018,-0.232,-13,-580,-502
1780193237.728124,-7.082,92.578,0.018,-0.233,-12,-583,-502
1780193237.7530618,-7.137,92.841,0.018,-0.234,-11,-584,-503
1780193237.776051,-7.082,93.038,0.018,-0.234,-11,-584,-504
1780193237.79969,-7.137,93.3,0.018,-0.235,-10,-586,-504
1780193237.8120582,-7.137,93.3,0.018,-0.235,-10,-585,-504
1780193237.837232,-7.192,93.366,0.018,-0.235,-10,-586,-504
1780193237.860115,-7.137,93.169,0.018,-0.234,-11,-584,-503
1780193237.885653,-7.247,93.103,0.018,-0.233,-12,-584,-502
1780193237.908672,-7.137,93.169,0.018,-0.234,-11,-583,-503
1780193237.932653,-7.137,93.169,0.018,-0.233,-12,-583,-503
1780193237.9582348,-7.137,93.038,0.018,-0.233,-12,-582,-503
1780193237.981765,-7.137,93.038,0.018,-0.233,-12,-582,-503
1780193238.006649,-7.137,92.972,0.018,-0.233,-13,-582,-502
1780193238.0300689,-7.247,93.038,0.018,-0.233,-12,-583,-502
1780193238.0551522,-7.247,92.972,0.018,-0.233,-13,-583,-501
1780193238.078109,-7.137,93.103,0.018,-0.233,-12,-582,-503
1780193238.103651,-7.247,93.038,0.018,-0.233,-12,-583,-502
1780193238.126082,-7.247,92.972,0.018,-0.233,-13,-583,-501
1780193238.149624,-7.247,93.038,0.018,-0.233,-12,-583,-502
1780193238.161906,-7.357,92.972,0.019,-0.233,-13,-584,-501
1780193238.1868281,-7.247,92.972,0.018,-0.233,-12,-583,-502
1780193238.209394,-7.302,92.906,0.018,-0.232,-13,-583,-501
1780193238.233064,-7.302,93.103,0.018,-0.233,-12,-584,-502
1780193238.256521,-7.302,92.972,0.018,-0.233,-12,-583,-501
1780193238.279844,-7.247,93.038,0.018,-0.233,-12,-583,-502
1780193238.3046021,-7.302,93.103,0.018,-0.233,-12,-584,-502
1780193238.327185,-7.247,93.038,0.018,-0.233,-12,-583,-502
1780193238.3519318,-7.192,93.038,0.018,-0.233,-12,-582,-503
1780193238.3745012,-7.247,93.103,0.018,-0.233,-12,-583,-502
1780193238.3974988,-7.302,92.972,0.018,-0.233,-12,-583,-501
1780193238.422146,-7.247,92.972,0.018,-0.233,-12,-583,-502
1780193238.43282,-7.192,93.103,0.018,-0.233,-12,-583,-503
1780193238.457104,-7.302,92.972,0.018,-0.233,-12,-583,-501
1780193238.480853,-7.192,93.038,0.018,-0.233,-12,-583,-503
1780193238.505911,-7.192,93.103,0.018,-0.233,-12,-583,-503
1780193238.5289118,-7.247,93.103,0.018,-0.233,-12,-583,-502
1780193238.553814,-7.247,93.038,0.018,-0.233,-12,-583,-502
1780193238.5763788,-7.302,92.972,0.018,-0.233,-12,-583,-501
1780193238.599607,-7.357,93.235,0.019,-0.234,-11,-585,-502
1780193238.611857,-7.247,92.906,0.018,-0.232,-13,-582,-501
1780193238.636784,-7.247,93.038,0.018,-0.233,-12,-583,-502
1780193238.6593,-7.192,92.906,0.018,-0.232,-13,-582,-502
1780193238.6823401,-7.247,92.906,0.018,-0.232,-13,-582,-502
1780193238.69451,-7.302,92.906,0.018,-0.232,-13,-583,-501
1780193238.719247,-7.247,93.103,0.018,-0.233,-12,-583,-502
1780193238.741668,-7.247,92.644,0.018,-0.231,-14,-581,-500
1780193238.7650292,-7.247,93.103,0.018,-0.233,-12,-584,-503
1780193238.789634,-7.192,92.906,0.018,-0.232,-13,-582,-502
1780193238.812682,-7.247,92.972,0.018,-0.233,-12,-583,-502
1780193238.837003,-7.247,93.103,0.018,-0.233,-12,-583,-502
1780193238.859506,-7.192,93.038,0.018,-0.233,-12,-582,-503
1780193238.882946,-7.192,93.169,0.018,-0.234,-12,-583,-503
1780193238.895453,-7.302,93.103,0.018,-0.233,-12,-584,-502
1780193238.9204962,-7.302,93.103,0.018,-0.233,-12,-584,-502
1780193238.943006,-7.247,92.906,0.018,-0.232,-13,-582,-501
1780193238.965873,-7.302,93.038,0.018,-0.233,-12,-584,-502
1780193238.988481,-7.247,93.038,0.018,-0.233,-12,-583,-502
1780193239.010772,-7.247,93.038,0.018,-0.233,-12,-583,-502
1780193239.033259,-7.302,93.103,0.018,-0.233,-12,-584,-502
1780193239.055688,-7.192,93.169,0.018,-0.234,-11,-583,-503
1780193239.078169,-7.247,92.972,0.018,-0.233,-12,-583,-502
1780193239.1025841,-7.302,93.038,0.018,-0.233,-12,-584,-502
1780193239.125173,-7.192,92.972,0.018,-0.233,-12,-582,-502
1780193239.148174,-7.247,92.906,0.018,-0.233,-13,-583,-502
1780193239.172589,-7.192,93.103,0.018,-0.233,-12,-583,-503
1780193239.195445,-7.247,93.103,0.018,-0.233,-12,-584,-503
1780193239.219855,-7.357,93.235,0.019,-0.234,-11,-586,-502
1780193239.242272,-7.247,92.906,0.018,-0.233,-13,-583,-502
1780193239.265415,-7.247,93.169,0.018,-0.234,-11,-584,-503
1780193239.2775831,-7.247,92.972,0.018,-0.233,-12,-583,-502
1780193239.3024871,-7.192,92.906,0.018,-0.233,-13,-582,-502
1780193239.3249989,-7.137,92.972,0.018,-0.233,-12,-582,-503
1780193239.34807,-7.192,93.103,0.018,-0.234,-12,-583,-503
1780193239.372401,-7.247,93.038,0.018,-0.233,-12,-584,-502
1780193239.394999,-7.192,92.972,0.018,-0.233,-12,-582,-502
1780193239.419721,-7.247,93.103,0.018,-0.234,-12,-584,-503
1780193239.442284,-7.302,93.103,0.018,-0.234,-12,-585,-502
1780193239.465214,-7.247,93.038,0.018,-0.233,-12,-583,-502
1780193239.489698,-7.247,92.841,0.018,-0.232,-13,-582,-501
1780193239.512699,-7.247,92.972,0.018,-0.233,-12,-583,-502
1780193239.5372758,-7.357,93.103,0.019,-0.234,-12,-585,-502
1780193239.559777,-7.302,93.038,0.018,-0.233,-12,-584,-502
1780193239.5829492,-7.247,92.906,0.018,-0.233,-13,-583,-502
1780193239.6056252,-7.247,92.972,0.018,-0.233,-12,-583,-502
1780193239.628146,-7.247,93.103,0.018,-0.234,-11,-584,-503
1780193239.6526039,-7.302,92.906,0.018,-0.233,-12,-583,-501
1780193239.675168,-7.192,93.103,0.018,-0.234,-12,-583,-503
1780193239.698112,-7.247,93.169,0.018,-0.234,-11,-584,-503
1780193239.722553,-7.247,93.038,0.018,-0.233,-12,-583,-502
1780193239.745588,-7.302,93.169,0.018,-0.234,-11,-585,-502
1780193239.770092,-7.302,93.038,0.018,-0.233,-12,-584,-502
1780193239.7924511,-7.247,92.972,0.018,-0.233,-12,-583,-502
1780193239.815508,-7.192,93.038,0.018,-0.233,-12,-583,-503
1780193239.827696,-7.192,93.038,0.018,-0.233,-12,-583,-503
1780193239.852502,-7.247,92.972,0.018,-0.233,-12,-583,-502
1780193239.875034,-7.192,92.972,0.018,-0.233,-12,-583,-502
1780193239.898195,-7.247,92.841,0.018,-0.232,-13,-582,-501
1780193239.925963,-7.247,92.906,0.018,-0.233,-12,-583,-502
1780193239.955968,-7.192,93.235,0.018,-0.234,-11,-584,-504
1780193239.986152,-7.302,93.103,0.018,-0.234,-12,-585,-502
1780193240.012256,-7.247,93.103,0.018,-0.233,-12,-584,-503
1780193240.025501,-7.192,92.972,0.018,-0.233,-12,-583,-502
1780193240.051851,-7.192,93.169,0.018,-0.234,-11,-584,-503
1780193240.075126,-7.302,93.038,0.018,-0.233,-12,-584,-502
1780193240.0990841,-7.247,92.906,0.018,-0.233,-13,-583,-502
1780193240.111626,-7.247,93.038,0.018,-0.233,-12,-584,-502
1780193240.1369789,-7.247,93.169,0.018,-0.234,-11,-584,-503
1780193240.1600032,-7.247,92.906,0.018,-0.233,-13,-583,-502
1780193240.18591,-7.247,92.906,0.018,-0.233,-12,-583,-502
1780193240.2086332,-7.302,93.038,0.018,-0.233,-12,-584,-502
1780193240.231998,-7.247,92.972,0.018,-0.233,-12,-583,-502
1780193240.244512,-7.247,93.038,0.018,-0.233,-12,-584,-502
1780193240.2697449,-7.302,93.103,0.018,-0.234,-11,-585,-502
1780193240.292575,-7.247,93.038,0.018,-0.233,-12,-584,-502
1780193240.315962,-7.302,93.103,0.018,-0.234,-11,-585,-502
1780193240.3281689,-7.247,92.906,0.018,-0.233,-12,-583,-502
1780193240.353108,-7.192,93.038,0.018,-0.233,-12,-583,-503
1780193240.375659,-7.247,93.038,0.018,-0.233,-12,-584,-502
1780193240.39891,-7.247,93.103,0.018,-0.234,-11,-584,-503
1780193240.411115,-7.247,93.038,0.018,-0.233,-12,-584,-502
1780193240.435885,-7.247,93.103,0.018,-0.234,-11,-584,-503
1780193240.458406,-7.247,92.972,0.018,-0.233,-12,-583,-502
1780193240.481518,-7.302,93.103,0.018,-0.234,-11,-585,-502
1780193240.506005,-7.247,93.038,0.018,-0.233,-12,-584,-502
1780193240.528987,-7.192,93.169,0.018,-0.234,-11,-584,-504
1780193240.55335,-7.192,92.906,0.018,-0.233,-12,-582,-502
1780193240.575926,-7.247,92.906,0.018,-0.233,-12,-583,-502
1780193240.598834,-7.247,92.906,0.018,-0.233,-12,-583,-502
1780193240.6110039,-7.247,93.038,0.018,-0.233,-12,-584,-502
1780193240.636606,-7.357,92.906,0.019,-0.233,-12,-584,-501
1780193240.6596448,-7.247,93.103,0.018,-0.234,-11,-584,-503
1780193240.683025,-7.302,93.038,0.018,-0.233,-12,-584,-502
1780193240.695445,-7.302,93.3,0.018,-0.235,-10,-586,-503
1780193240.720722,-7.192,92.906,0.018,-0.233,-13,-582,-502
1780193240.743764,-7.302,92.841,0.018,-0.232,-13,-583,-501
1780193240.768831,-7.302,92.972,0.018,-0.233,-12,-584,-502
1780193240.791806,-7.247,93.103,0.018,-0.234,-11,-584,-503
1780193240.815027,-7.247,92.972,0.018,-0.233,-12,-583,-502
1780193240.839862,-7.247,92.906,0.018,-0.233,-12,-583,-502
1780193240.8631601,-7.192,93.038,0.018,-0.233,-12,-583,-503
1780193240.888049,-7.247,93.038,0.018,-0.233,-12,-584,-502
1780193240.910916,-7.247,92.906,0.018,-0.233,-12,-583,-502
1780193240.936204,-7.302,93.103,0.018,-0.234,-11,-585,-502
1780193240.9587488,-7.247,92.841,0.018,-0.232,-13,-583,-501
1780193240.9821901,-7.247,93.038,0.018,-0.233,-12,-584,-502
1780193240.994566,-7.192,92.906,0.018,-0.233,-12,-582,-502
1780193241.019682,-7.247,93.103,0.018,-0.234,-11,-584,-503
1780193241.0420501,-7.247,92.841,0.018,-0.233,-13,-583,-502
1780193241.054708,-7.302,92.972,0.018,-0.233,-12,-584,-502
1780193241.077308,-7.302,93.038,0.018,-0.234,-12,-585,-502
1780193241.102266,-7.302,93.038,0.018,-0.234,-11,-585,-502
1780193241.12472,-7.247,93.103,0.018,-0.234,-11,-584,-503
1780193241.1483421,-7.192,93.103,0.018,-0.234,-11,-584,-503
1780193241.1733382,-7.247,93.103,0.018,-0.234,-11,-584,-503
1780193241.19696,-7.302,93.103,0.018,-0.234,-11,-585,-502
1780193241.221865,-7.302,93.038,0.018,-0.234,-12,-584,-502
1780193241.244709,-7.192,92.906,0.018,-0.233,-12,-582,-502
1780193241.269683,-7.302,92.906,0.018,-0.233,-12,-584,-501
1780193241.292425,-7.247,92.906,0.018,-0.233,-12,-583,-502
1780193241.3155022,-7.192,93.169,0.018,-0.234,-11,-584,-504
1780193241.327766,-7.247,92.906,0.018,-0.233,-12,-583,-502
1780193241.3532622,-7.247,93.169,0.018,-0.234,-11,-585,-503
1780193241.3762739,-7.247,92.972,0.018,-0.233,-12,-584,-502
1780193241.3996642,-7.192,93.038,0.018,-0.234,-11,-583,-503
1780193241.422828,-7.247,93.038,0.018,-0.234,-11,-584,-503
1780193241.445738,-7.247,92.972,0.018,-0.233,-12,-584,-502
1780193241.4706008,-7.247,92.906,0.018,-0.233,-12,-583,-502
1780193241.49349,-7.192,93.103,0.018,-0.234,-11,-584,-503
1780193241.518911,-7.357,93.038,0.019,-0.234,-12,-585,-502
1780193241.541815,-7.192,93.103,0.018,-0.234,-11,-584,-503
1780193241.56537,-7.302,93.103,0.018,-0.234,-11,-585,-502
1780193241.588301,-7.247,93.038,0.018,-0.234,-11,-584,-503
1780193241.611223,-7.247,93.038,0.018,-0.234,-11,-584,-503
1780193241.636058,-7.302,93.038,0.018,-0.234,-12,-584,-502
1780193241.6589062,-7.247,93.103,0.018,-0.234,-11,-584,-503
1780193241.681908,-7.192,93.169,0.018,-0.234,-11,-584,-504
1780193241.694169,-7.247,93.038,0.018,-0.234,-12,-584,-503
1780193241.7193868,-7.247,92.972,0.018,-0.233,-12,-583,-502
1780193241.742093,-7.302,93.038,0.018,-0.234,-11,-585,-502
1780193241.7656791,-7.357,92.841,0.019,-0.233,-12,-584,-501
1780193241.788945,-7.302,93.038,0.018,-0.234,-11,-585,-502
1780193241.811892,-7.192,93.038,0.018,-0.234,-11,-584,-503
1780193241.836988,-7.247,93.235,0.018,-0.235,-10,-585,-504
1780193241.859584,-7.357,92.972,0.019,-0.233,-12,-585,-501
1780193241.883064,-7.302,93.038,0.018,-0.234,-11,-585,-502
1780193241.895372,-7.302,93.038,0.018,-0.234,-11,-585,-502
1780193241.920535,-7.302,93.169,0.018,-0.234,-11,-585,-503
1780193241.943656,-7.247,92.972,0.018,-0.233,-12,-584,-502
1780193241.968904,-7.247,93.169,0.018,-0.234,-11,-585,-503
1780193241.991422,-7.247,93.103,0.018,-0.234,-11,-584,-503
1780193242.014718,-7.247,93.103,0.018,-0.234,-11,-584,-503
1780193242.039111,-7.192,92.841,0.018,-0.233,-12,-582,-502
1780193242.0622878,-7.247,92.906,0.018,-0.233,-12,-583,-502
1780193242.086709,-7.192,93.103,0.018,-0.234,-11,-584,-504
1780193242.097492,-7.302,93.169,0.018,-0.234,-11,-585,-503
1780193242.12211,-7.192,93.235,0.018,-0.235,-10,-585,-504
1780193242.1450582,-7.192,92.906,0.018,-0.233,-12,-583,-503
1780193242.170412,-7.247,93.038,0.018,-0.234,-11,-584,-503
1780193242.1932008,-7.247,93.038,0.018,-0.234,-11,-584,-503
1780193242.216289,-7.247,92.972,0.018,-0.233,-12,-584,-502
1780193242.228456,-7.192,92.906,0.018,-0.233,-12,-583,-503
1780193242.253578,-7.192,93.038,0.018,-0.234,-11,-584,-503
1780193242.2762282,-7.302,92.906,0.018,-0.233,-12,-584,-502
1780193242.299179,-7.247,93.038,0.018,-0.234,-11,-584,-503
1780193242.311442,-7.192,93.169,0.018,-0.234,-11,-584,-504
1780193242.336709,-7.302,92.972,0.018,-0.233,-12,-584,-502
1780193242.3592288,-7.302,92.906,0.018,-0.233,-12,-584,-502
1780193242.382179,-7.247,93.038,0.018,-0.234,-11,-584,-503
1780193242.394377,-7.247,93.038,0.018,-0.234,-11,-584,-503
1780193242.420044,-7.413,93.038,0.019,-0.234,-11,-586,-501
1780193242.443161,-7.247,92.906,0.018,-0.233,-12,-583,-502
1780193242.46836,-7.357,93.235,0.019,-0.235,-10,-586,-503
1780193242.4909172,-7.302,93.038,0.018,-0.234,-11,-585,-502
1780193242.5138261,-7.192,92.972,0.018,-0.233,-12,-583,-503
1780193242.5384698,-7.192,93.038,0.018,-0.234,-11,-583,-503
1780193242.560937,-7.357,93.169,0.019,-0.234,-11,-586,-502
1780193242.58629,-7.247,92.972,0.018,-0.233,-12,-584,-502
1780193242.609123,-7.192,93.103,0.018,-0.234,-11,-584,-504
1780193242.632517,-7.247,92.972,0.018,-0.233,-12,-584,-502
1780193242.65697,-7.302,93.169,0.018,-0.234,-11,-585,-503
1780193242.680105,-7.302,92.972,0.018,-0.233,-12,-584,-502
1780193242.704488,-7.302,92.906,0.018,-0.233,-12,-584,-502
1780193242.72705,-7.357,93.103,0.019,-0.234,-11,-586,-502
1780193242.751782,-7.302,93.103,0.018,-0.234,-11,-585,-503
1780193242.7743309,-7.247,92.972,0.018,-0.233,-12,-584,-503
1780193242.79718,-7.302,93.169,0.018,-0.234,-11,-585,-503
1780193242.821743,-7.247,93.235,0.018,-0.235,-10,-585,-504
1780193242.844182,-7.247,92.972,0.018,-0.233,-12,-584,-502
1780193242.869217,-7.247,93.038,0.018,-0.234,-11,-584,-503
1780193242.8923252,-7.137,93.038,0.018,-0.234,-11,-583,-504
1780193242.91645,-7.192,93.038,0.018,-0.234,-11,-584,-503
1780193242.928927,-7.247,93.103,0.018,-0.234,-11,-585,-503
1780193242.954117,-7.192,92.906,0.018,-0.233,-12,-583,-503
1780193242.977067,-7.247,92.972,0.018,-0.234,-11,-584,-503
1780193243.002592,-7.247,92.906,0.018,-0.233,-12,-584,-502
1780193243.0253792,-7.247,93.038,0.018,-0.234,-11,-584,-503
1780193243.049013,-7.302,92.906,0.018,-0.233,-12,-584,-502
1780193243.061379,-7.302,93.038,0.018,-0.234,-11,-585,-502
1780193243.0865622,-7.247,93.103,0.018,-0.234,-11,-585,-503
1780193243.109171,-7.192,93.038,0.018,-0.234,-11,-584,-503
1780193243.132479,-7.247,92.972,0.018,-0.234,-11,-584,-503
1780193243.155029,-7.302,93.103,0.018,-0.234,-11,-586,-503
1780193243.177658,-7.247,93.038,0.018,-0.234,-11,-584,-503
1780193243.202014,-7.192,92.906,0.018,-0.233,-12,-583,-503
1780193243.224566,-7.247,92.906,0.018,-0.233,-12,-584,-502
1780193243.2481542,-7.302,92.906,0.018,-0.233,-12,-584,-502
1780193243.273349,-7.247,93.038,0.018,-0.234,-11,-585,-503
1780193243.296726,-7.247,93.038,0.018,-0.234,-11,-585,-503
1780193243.321548,-7.192,92.972,0.018,-0.234,-11,-584,-503
1780193243.344068,-7.247,93.038,0.018,-0.234,-11,-585,-503
1780193243.369154,-7.247,92.972,0.018,-0.234,-11,-584,-503
1780193243.3917398,-7.247,92.972,0.018,-0.234,-11,-584,-503
1780193243.414826,-7.247,93.169,0.018,-0.235,-10,-585,-504
1780193243.4392881,-7.247,93.038,0.018,-0.234,-11,-584,-503
1780193243.462475,-7.247,93.103,0.018,-0.234,-11,-585,-503
1780193243.4868119,-7.302,93.038,0.018,-0.234,-11,-585,-502
1780193243.509512,-7.192,92.906,0.018,-0.233,-12,-583,-503
1780193243.5324008,-7.247,92.906,0.018,-0.233,-12,-584,-502
1780193243.544641,-7.247,92.841,0.018,-0.233,-12,-583,-502
1780193243.5701041,-7.357,92.972,0.019,-0.234,-11,-586,-502
1780193243.593099,-7.247,92.972,0.018,-0.234,-11,-584,-503
1780193243.618311,-7.247,92.906,0.018,-0.233,-12,-584,-502
1780193243.641258,-7.192,93.169,0.018,-0.235,-10,-585,-504
1780193243.66463,-7.192,93.103,0.018,-0.234,-11,-584,-504
1780193243.689593,-7.137,93.169,0.018,-0.235,-10,-584,-505
1780193243.7129002,-7.247,93.103,0.018,-0.234,-11,-585,-503
1780193243.737589,-7.247,92.972,0.018,-0.234,-11,-584,-503
1780193243.76017,-7.302,92.972,0.018,-0.234,-11,-585,-502
1780193243.785075,-7.302,93.169,0.018,-0.235,-10,-586,-503
1780193243.808053,-7.247,93.103,0.018,-0.234,-11,-585,-503
1780193243.831554,-7.302,93.169,0.018,-0.235,-10,-586,-503
1780193243.85626,-7.247,92.841,0.018,-0.233,-12,-583,-502
1780193243.879642,-7.247,93.169,0.018,-0.235,-10,-585,-504
1780193243.9041579,-7.192,93.038,0.018,-0.234,-11,-584,-503
1780193243.92692,-7.247,93.103,0.018,-0.234,-11,-585,-503
1780193243.951659,-7.192,92.972,0.018,-0.234,-11,-584,-503
1780193243.974305,-7.247,93.038,0.018,-0.234,-11,-585,-503
1780193243.997192,-7.247,93.038,0.018,-0.234,-11,-585,-503
1780193244.021919,-7.302,93.169,0.018,-0.235,-10,-586,-503
1780193244.04442,-7.302,92.972,0.018,-0.234,-11,-585,-502
1780193244.069439,-7.247,93.038,0.018,-0.234,-11,-584,-503
1780193244.091769,-7.247,93.038,0.018,-0.234,-11,-584,-503
1780193244.11537,-7.247,93.038,0.018,-0.234,-11,-585,-503
1780193244.1279612,-7.357,92.972,0.019,-0.234,-11,-585,-502
1780193244.1530292,-7.247,92.906,0.018,-0.233,-12,-584,-502
1780193244.175477,-7.247,93.038,0.018,-0.234,-11,-585,-503
1780193244.1989708,-7.247,93.169,0.018,-0.235,-10,-585,-504
1780193244.222108,-7.192,92.906,0.018,-0.233,-12,-583,-503
1780193244.245323,-7.302,93.103,0.019,-0.234,-11,-586,-503
1780193244.2701771,-7.357,92.906,0.019,-0.233,-12,-585,-501
1780193244.293273,-7.192,93.103,0.018,-0.234,-11,-584,-504
1780193244.31852,-7.247,92.906,0.018,-0.233,-12,-584,-502
1780193244.341228,-7.302,92.972,0.018,-0.234,-11,-585,-502
1780193244.364097,-7.302,93.103,0.018,-0.234,-11,-586,-503
1780193244.388819,-7.247,92.972,0.018,-0.234,-11,-584,-503
1780193244.412239,-7.192,93.103,0.018,-0.234,-11,-584,-504
1780193244.437345,-7.247,93.103,0.018,-0.234,-11,-585,-503
1780193244.460317,-7.302,92.972,0.018,-0.234,-11,-585,-502
1780193244.486045,-7.247,93.038,0.018,-0.234,-11,-585,-503
1780193244.509019,-7.192,93.038,0.018,-0.234,-11,-584,-504
1780193244.5325189,-7.247,93.366,0.018,-0.236,-9,-586,-505
1780193244.5447721,-7.247,92.841,0.018,-0.233,-12,-583,-502
1780193244.569555,-7.247,92.972,0.018,-0.234,-11,-584,-503
1780193244.592018,-7.302,93.169,0.018,-0.235,-10,-586,-503
1780193244.615362,-7.302,93.235,0.018,-0.235,-10,-586,-503
1780193244.6277308,-7.247,92.841,0.018,-0.233,-12,-583,-502
1780193244.65286,-7.192,93.103,0.018,-0.234,-11,-584,-504
1780193244.675746,-7.302,92.972,0.018,-0.234,-11,-585,-502
1780193244.699361,-7.192,93.103,0.018,-0.234,-11,-584,-504
1780193244.711636,-7.247,93.038,0.018,-0.234,-11,-585,-503
1780193244.736703,-7.302,92.906,0.018,-0.233,-12,-584,-502
1780193244.759294,-7.302,93.038,0.018,-0.234,-11,-585,-503
1780193244.782753,-7.357,93.169,0.019,-0.235,-10,-587,-503
1780193244.795168,-7.247,93.038,0.018,-0.234,-11,-585,-503
1780193244.820433,-7.247,93.169,0.018,-0.235,-10,-585,-504
1780193244.843353,-7.192,93.038,0.018,-0.234,-11,-584,-504
1780193244.868793,-7.247,93.038,0.018,-0.234,-11,-585,-503
1780193244.891372,-7.247,92.972,0.018,-0.234,-11,-585,-503
1780193244.91474,-7.302,93.103,0.018,-0.235,-10,-586,-503
1780193244.939635,-7.357,93.235,0.019,-0.235,-10,-587,-503
1780193244.9628348,-7.302,93.038,0.018,-0.234,-11,-585,-503
1780193244.987113,-7.302,93.038,0.018,-0.234,-11,-585,-503
1780193245.0096939,-7.247,93.038,0.018,-0.234,-11,-585,-503
1780193245.03246,-7.192,93.038,0.018,-0.234,-11,-584,-504
1780193245.044559,-7.192,93.169,0.018,-0.235,-10,-585,-504
1780193245.069558,-7.357,93.103,0.019,-0.235,-10,-587,-502
1780193245.0921679,-7.247,93.103,0.018,-0.235,-10,-585,-504
1780193245.115094,-7.357,93.103,0.019,-0.235,-10,-586,-503
1780193245.138211,-7.247,93.038,0.018,-0.234,-11,-585,-503
1780193245.160914,-7.247,93.038,0.018,-0.234,-11,-585,-503
1780193245.185722,-7.247,93.103,0.018,-0.235,-10,-585,-504
1780193245.208401,-7.192,93.038,0.018,-0.234,-11,-584,-504
1780193245.231526,-7.247,93.169,0.018,-0.235,-10,-586,-504
1780193245.255931,-7.192,92.906,0.018,-0.234,-11,-584,-503
1780193245.279115,-7.192,93.103,0.018,-0.235,-10,-585,-504
1780193245.3033879,-7.192,93.038,0.018,-0.234,-11,-584,-504
1780193245.326144,-7.192,93.103,0.018,-0.235,-10,-585,-504
1780193245.349087,-7.302,92.906,0.019,-0.234,-11,-585,-502
1780193245.361247,-7.247,93.169,0.018,-0.235,-10,-586,-504
1780193245.38615,-7.247,93.235,0.018,-0.235,-10,-586,-504
1780193245.408736,-7.247,93.038,0.018,-0.234,-11,-585,-503
1780193245.431652,-7.247,93.038,0.018,-0.234,-11,-585,-503
1780193245.443905,-7.302,93.038,0.018,-0.234,-11,-586,-503
1780193245.4688551,-7.247,93.038,0.018,-0.234,-11,-585,-503
1780193245.4915571,-7.302,92.972,0.018,-0.234,-11,-585,-502
1780193245.5144188,-7.192,93.038,0.018,-0.234,-11,-584,-504
1780193245.53907,-7.247,93.103,0.018,-0.235,-10,-585,-504
1780193245.5620348,-7.247,93.038,0.018,-0.234,-11,-585,-503
1780193245.586623,-7.247,92.972,0.018,-0.234,-11,-585,-503
1780193245.60912,-7.247,93.169,0.018,-0.235,-10,-586,-504
1780193245.6327412,-7.302,93.038,0.018,-0.234,-11,-586,-503
1780193245.645195,-7.247,92.972,0.018,-0.234,-11,-585,-503
1780193245.670631,-7.302,93.103,0.018,-0.235,-10,-586,-503
1780193245.6936362,-7.247,93.038,0.018,-0.234,-11,-585,-503
1780193245.719125,-7.247,93.103,0.018,-0.235,-10,-585,-504
1780193245.742073,-7.192,92.906,0.018,-0.234,-11,-584,-503
1780193245.765701,-7.247,93.103,0.018,-0.235,-10,-585,-504
1780193245.788446,-7.302,93.169,0.018,-0.235,-10,-586,-503
1780193245.811115,-7.302,93.169,0.018,-0.235,-10,-586,-503
1780193245.835558,-7.247,93.103,0.018,-0.235,-10,-585,-503
1780193245.85812,-7.247,93.038,0.018,-0.234,-11,-585,-503
1780193245.881367,-7.357,93.038,0.019,-0.234,-11,-586,-502
1780193245.9059489,-7.247,93.038,0.018,-0.234,-11,-585,-503
1780193245.928952,-7.192,92.775,0.018,-0.233,-12,-583,-503
1780193245.953592,-7.192,92.512,0.018,-0.232,-13,-582,-501
1780193245.976074,-7.192,92.25,0.018,-0.231,-14,-580,-500
1780193246.0015721,-6.972,91.002,0.017,-0.226,-20,-572,-497
1780193246.024572,-6.917,89.885,0.017,-0.222,-25,-566,-493
1780193246.048121,-6.972,88.768,0.017,-0.218,-28,-563,-489
1780193246.072955,-7.247,87.915,0.019,-0.215,-31,-563,-483
1780193246.096464,-8.184,86.864,0.023,-0.213,-35,-569,-473
1780193246.1212301,-9.121,85.747,0.026,-0.209,-39,-573,-463
1780193246.144195,-10.554,83.842,0.032,-0.203,-46,-578,-447
1780193246.169482,-11.766,82.397,0.036,-0.198,-51,-583,-435
1780193246.19228,-12.538,81.084,0.038,-0.195,-55,-583,-429
1780193246.215193,-12.758,79.77,0.037,-0.191,-59,-578,-426
1780193246.227332,-13.254,76.814,0.038,-0.181,-71,-567,-416
1780193246.2526321,-13.585,75.304,0.039,-0.177,-76,-563,-411
1780193246.275178,-13.805,72.742,0.039,-0.168,-86,-552,-403
1780193246.2979798,-14.412,69.721,0.04,-0.159,-97,-545,-393
1780193246.322658,-14.797,66.502,0.042,-0.147,-112,-532,-380
1780193246.3354769,-14.963,64.072,0.041,-0.14,-120,-524,-374
1780193246.358328,-15.349,59.146,0.042,-0.123,-142,-506,-358
1780193246.3818471,-15.349,59.146,0.042,-0.123,-142,-506,-358
1780193246.3941948,-15.349,59.146,0.042,-0.123,-142,-506,-358
1780193246.419269,-15.349,59.146,0.042,-0.123,-142,-506,-358
1780193246.441866,-15.349,59.146,0.042,-0.123,-142,-506,-358
1780193246.464789,-15.349,59.146,0.042,-0.123,-142,-506,-358
1780193246.4896588,-15.349,59.146,0.042,-0.123,-142,-506,-358
1780193246.513131,-15.349,59.146,0.042,-0.123,-142,-506,-358
1780193246.538063,0.0,0.0,0.042,-0.123,-318,-318,-318
1780193246.560992,0.0,0.0,0.042,-0.123,-318,-318,-318
1780193246.586302,0.0,0.0,0.042,-0.123,-318,-318,-318
1780193246.609123,0.0,0.0,0.042,-0.123,-318,-318,-318
1780193246.632608,0.0,0.0,0.042,-0.123,-318,-318,-318
1780193246.644951,0.0,0.0,0.042,-0.123,-318,-318,-318
1780193246.6700008,0.0,0.0,0.042,-0.123,-318,-318,-318
1780193246.6929028,0.0,0.0,0.042,-0.123,-318,-318,-318
1780193246.7182112,0.0,0.0,0.042,-0.123,-318,-318,-318
1780193246.74101,0.0,0.0,0.042,-0.123,-318,-318,-318
1780193246.7644758,0.0,0.0,0.042,-0.123,-318,-318,-318
1780193246.788903,0.0,0.0,0.042,-0.123,-318,-318,-318
1780193246.812296,0.0,0.0,0.042,-0.123,-318,-318,-318
1780193246.836807,-6.31,-93.957,0.015,0.234,-914,-168,-136
1780193246.847523,-6.035,-93.76,0.014,0.233,-914,-168,-138
1780193246.8720808,-5.594,-93.957,0.012,0.234,-914,-165,-139
1780193246.895186,-5.208,-93.826,0.011,0.234,-914,-164,-140
1780193246.9195142,-4.712,-93.235,0.009,0.231,-913,-164,-143
1780193246.942136,-4.602,-92.841,0.009,0.23,-913,-165,-144
1780193246.964991,-4.602,-92.512,0.01,0.229,-913,-166,-144
1780193246.977094,-4.547,-92.512,0.01,0.23,-913,-166,-144
1780193247.002464,-4.602,-92.709,0.011,0.231,-913,-166,-142
1780193247.025333,-4.657,-93.103,0.011,0.233,-914,-165,-141
1780193247.0483358,-4.822,-93.235,0.012,0.233,-914,-166,-139
1780193247.0604858,-4.877,-93.498,0.012,0.234,-914,-165,-138
1780193247.085984,-4.822,-93.629,0.012,0.235,-915,-165,-138
1780193247.108997,-4.877,-93.3,0.012,0.233,-914,-166,-139
1780193247.13236,-4.877,-93.498,0.012,0.234,-914,-165,-139
1780193247.1448362,-4.932,-93.695,0.012,0.235,-915,-165,-138
1780193247.17006,-4.932,-93.695,0.012,0.235,-914,-165,-138
1780193247.1931,-4.932,-94.22,0.012,0.237,-915,-164,-137
1780193247.218137,-4.712,-94.548,0.011,0.238,-915,-162,-137
1780193247.240981,-4.492,-95.14,0.011,0.24,-916,-160,-137
1780193247.263958,-4.547,-95.402,0.011,0.241,-916,-160,-136
1780193247.288779,-4.381,-95.862,0.01,0.242,-917,-158,-136
1780193247.312277,-4.492,-96.19,0.011,0.243,-917,-158,-135
1780193247.3372931,-4.492,-96.322,0.011,0.243,-917,-159,-135
1780193247.360076,-4.436,-96.388,0.011,0.243,-917,-158,-135
1780193247.38347,-4.492,-96.585,0.011,0.243,-917,-159,-134
1780193247.408195,-4.492,-96.519,0.011,0.243,-917,-159,-135
1780193247.431466,-4.492,-96.585,0.011,0.243,-917,-159,-135
1780193247.443684,-4.547,-96.847,0.011,0.243,-917,-159,-134
1780193247.468471,-4.602,-96.716,0.012,0.243,-917,-160,-134
1780193247.4910998,-4.712,-96.913,0.012,0.243,-917,-160,-133
1780193247.514467,-4.712,-97.044,0.012,0.244,-917,-159,-133
1780193247.539296,-4.712,-97.044,0.012,0.244,-917,-159,-133
1780193247.562881,-4.877,-96.847,0.013,0.243,-917,-161,-133
1780193247.587568,-5.043,-96.782,0.013,0.242,-917,-162,-133
1780193247.610558,-5.043,-96.716,0.013,0.242,-917,-162,-133
1780193247.635623,-5.208,-96.388,0.014,0.241,-916,-163,-133
1780193247.65825,-5.153,-96.322,0.013,0.24,-916,-163,-134
1780193247.6811452,-5.263,-96.125,0.014,0.24,-916,-164,-134
1780193247.7058408,-5.428,-95.993,0.014,0.239,-916,-165,-133
1780193247.728926,-5.594,-95.665,0.015,0.238,-915,-166,-133
1780193247.7535129,-5.704,-95.534,0.015,0.238,-915,-166,-133
1780193247.7759502,-5.704,-95.534,0.015,0.238,-915,-166,-133
1780193247.799211,-5.704,-95.205,0.015,0.237,-915,-167,-134
1780193247.8115468,-5.428,-95.402,0.013,0.238,-915,-164,-135
1780193247.8365178,-5.208,-94.943,0.013,0.236,-915,-164,-137
1780193247.859083,-5.263,-94.943,0.013,0.236,-915,-165,-137
1780193247.882619,-5.208,-94.745,0.013,0.236,-915,-165,-137
1780193247.905875,-5.208,-94.548,0.013,0.235,-915,-165,-137
1780193247.928877,-5.153,-94.548,0.013,0.236,-915,-165,-137
1780193247.953192,-5.208,-94.548,0.013,0.236,-915,-165,-137
1780193247.975692,-5.153,-94.483,0.013,0.236,-915,-165,-137
1780193247.998641,-4.932,-94.483,0.012,0.236,-915,-164,-138
1780193248.0107799,-4.767,-93.76,0.011,0.233,-914,-165,-140
1780193248.03629,-4.657,-93.695,0.011,0.233,-914,-165,-141
1780193248.0588832,-4.712,-93.826,0.011,0.234,-914,-165,-140
1780193248.081703,-4.712,-93.432,0.011,0.232,-914,-166,-141
1780193248.0938292,-4.547,-93.432,0.011,0.232,-914,-165,-141
1780193248.119277,-4.381,-93.103,0.01,0.231,-913,-165,-142
1780193248.142272,-4.381,-93.169,0.01,0.232,-914,-165,-142
1780193248.165535,-4.326,-92.709,0.01,0.23,-913,-166,-143
1780193248.177854,-4.436,-92.709,0.011,0.231,-913,-166,-142
1780193248.2030342,-4.381,-92.578,0.011,0.231,-913,-166,-142
1780193248.2259672,-4.381,-92.381,0.011,0.23,-913,-166,-143
1780193248.2512,-4.436,-92.381,0.011,0.23,-913,-167,-142
1780193248.273727,-4.492,-92.512,0.011,0.231,-913,-166,-141
1780193248.296643,-4.602,-92.447,0.012,0.231,-913,-167,-141
1780193248.3210518,-4.602,-92.447,0.012,0.231,-913,-167,-141
1780193248.3433752,-4.602,-92.447,0.012,0.231,-913,-167,-141
1780193248.368083,-4.602,-92.447,0.012,0.231,-913,-167,-141
1780193248.3903518,-4.602,-92.447,0.012,0.231,-913,-167,-141
1780193248.413661,-4.602,-92.447,0.012,0.231,-913,-167,-141
1780193248.4383411,-4.602,-92.447,0.012,0.231,-913,-167,-141
1780193248.460929,-4.602,-92.447,0.012,0.231,-913,-167,-141
1780193248.485603,0.0,0.0,0.012,0.231,-318,-318,-318
1780193248.5081239,-5.869,-91.461,0.015,0.228,-913,-172,-139
1780193248.530862,-5.98,-91.33,0.015,0.228,-912,-173,-139
1780193248.555629,-6.035,-91.264,0.015,0.228,-912,-173,-139
1780193248.578828,-6.09,-90.87,0.016,0.226,-912,-174,-140
1780193248.6034482,-6.09,-90.936,0.016,0.227,-912,-174,-140
1780193248.625927,-6.145,-90.739,0.016,0.226,-912,-174,-140
1780193248.64902,-6.421,-90.739,0.017,0.226,-912,-176,-138
1780193248.661181,-6.421,-90.411,0.017,0.225,-912,-176,-139
1780193248.686309,0.0,0.0,0.039,0.193,-318,-318,-318
1780193248.7086148,0.0,0.0,0.039,0.193,-318,-318,-318
1780193248.731982,0.0,0.0,0.039,0.193,-318,-318,-318
1780193248.755101,0.0,0.0,0.039,0.193,-318,-318,-318
1780193248.778133,0.0,0.0,0.039,0.193,-318,-318,-318
1780193248.802521,0.0,0.0,0.039,0.193,-318,-318,-318
1780193248.825102,0.0,0.0,0.039,0.193,-318,-318,-318
1780193248.8481002,0.0,0.0,0.039,0.193,-318,-318,-318
1780193248.860311,0.0,0.0,0.039,0.193,-318,-318,-318
1780193248.885495,0.0,0.0,0.039,0.193,-318,-318,-318
1780193248.908245,0.0,0.0,0.039,0.193,-318,-318,-318
1780193248.931155,0.0,0.0,0.039,0.193,-318,-318,-318
1780193248.955779,0.0,0.0,0.039,0.193,-318,-318,-318
1780193248.978726,0.0,0.0,0.039,0.193,-318,-318,-318
1780193249.003145,0.0,0.0,0.039,0.193,-318,-318,-318
1780193249.0255628,0.0,0.0,0.039,0.193,-318,-318,-318
1780193249.0489411,0.0,0.0,0.039,0.193,-318,-318,-318
1780193249.07196,0.0,0.0,0.039,0.193,-318,-318,-318
1780193249.094889,0.0,0.0,0.039,0.193,-318,-318,-318
1780193249.119273,0.0,0.0,0.039,0.193,-318,-318,-318
1780193249.141759,0.0,0.0,0.039,0.193,-318,-318,-318
1780193249.1646411,0.0,0.0,0.039,0.193,-318,-318,-318
1780193249.176818,0.0,0.0,0.039,0.193,-318,-318,-318
1780193249.20204,0.0,0.0,0.039,0.193,-318,-318,-318
1780193249.2249758,0.0,0.0,0.039,0.193,-318,-318,-318
1780193249.2482932,0.0,0.0,0.039,0.193,-318,-318,-318
1780193249.260583,0.0,0.0,0.039,0.193,-318,-318,-318
1780193249.285774,0.0,0.0,0.039,0.193,-318,-318,-318
1780193249.30829,0.0,0.0,0.039,0.193,-318,-318,-318
1780193249.331164,0.0,0.0,0.039,0.193,-318,-318,-318
1780193249.355605,0.0,0.0,0.039,0.193,-318,-318,-318
1780193249.378474,0.0,0.0,0.039,0.193,-318,-318,-318
1780193249.4030652,0.0,0.0,0.039,0.193,-318,-318,-318
1780193249.4259908,0.0,0.0,0.039,0.193,-318,-318,-318
1780193249.4512472,0.0,0.0,0.039,0.193,-318,-318,-318
1780193249.4740999,0.0,0.0,0.039,0.193,-318,-318,-318
1780193249.4975371,0.0,0.0,0.039,0.193,-318,-318,-318
1780193249.522084,0.0,0.0,0.039,0.193,-318,-318,-318
1780193249.545064,0.0,0.0,0.039,0.193,-318,-318,-318
1780193249.5693882,0.0,0.0,0.039,0.193,-318,-318,-318
1780193249.591905,0.0,0.0,0.039,0.193,-318,-318,-318
1780193249.614793,0.0,0.0,0.039,0.193,-318,-318,-318
1780193249.62693,0.0,0.0,0.039,0.193,-318,-318,-318
1780193249.6522272,0.0,0.0,0.039,0.193,-318,-318,-318
1780193249.675159,0.0,0.0,0.039,0.193,-318,-318,-318
1780193249.698572,0.0,0.0,0.039,0.193,-318,-318,-318
1780193249.710732,0.0,0.0,0.039,0.193,-318,-318,-318
1780193249.735509,0.0,0.0,0.039,0.193,-318,-318,-318
1780193249.7579882,0.0,0.0,0.039,0.193,-318,-318,-318
1780193249.78075,0.0,0.0,0.039,0.193,-318,-318,-318
1780193249.805086,0.0,0.0,0.039,0.193,-318,-318,-318
1780193249.827438,0.0,0.0,0.039,0.193,-318,-318,-318
1780193249.852309,0.0,0.0,0.039,0.193,-318,-318,-318
1780193249.874736,0.0,0.0,0.039,0.193,-318,-318,-318
1780193249.898175,0.0,0.0,0.039,0.193,-318,-318,-318
1780193249.910578,0.0,0.0,0.039,0.193,-318,-318,-318
1780193249.935283,0.0,0.0,0.039,0.193,-318,-318,-318
1780193249.957676,0.0,0.0,0.039,0.193,-318,-318,-318
1780193249.970229,0.0,0.0,0.039,0.193,-318,-318,-318
1780193249.993066,0.0,0.0,0.039,0.193,-318,-318,-318
1780193250.018327,0.0,0.0,0.039,0.193,-318,-318,-318
1780193250.041522,0.0,0.0,0.039,0.193,-318,-318,-318
1780193250.064965,0.0,0.0,0.039,0.193,-318,-318,-318
1780193250.077343,0.0,0.0,0.039,0.193,-318,-318,-318
1780193250.1024299,0.0,0.0,0.039,0.193,-318,-318,-318
1780193250.1250072,0.0,0.0,0.039,0.193,-318,-318,-318
1780193250.148098,0.0,0.0,0.039,0.193,-318,-318,-318
1780193250.160338,0.0,0.0,0.039,0.193,-318,-318,-318
1780193250.1854641,0.0,0.0,0.039,0.193,-318,-318,-318
1780193250.208277,0.0,0.0,0.039,0.193,-318,-318,-318
1780193250.2318149,0.0,0.0,0.039,0.193,-318,-318,-318
1780193250.2440808,0.0,0.0,0.039,0.193,-318,-318,-318
1780193250.274555,0.0,0.0,0.039,0.193,-318,-318,-318
1780193250.2982788,0.0,0.0,0.039,0.193,-318,-318,-318
1780193250.310583,0.0,0.0,0.039,0.193,-318,-318,-318
1780193250.335681,0.0,0.0,0.039,0.193,-318,-318,-318
1780193250.3582358,0.0,0.0,0.039,0.193,-318,-318,-318
1780193250.381084,0.0,0.0,0.039,0.193,-318,-318,-318
1780193250.405659,0.0,0.0,0.039,0.193,-318,-318,-318
1780193250.4290218,0.0,0.0,0.039,0.193,-318,-318,-318
1780193250.4538329,0.0,0.0,0.039,0.193,-318,-318,-318
1780193250.47665,0.0,0.0,0.039,0.193,-318,-318,-318
1780193250.500042,0.0,0.0,0.039,0.193,-318,-318,-318
1780193250.524884,0.0,0.0,0.039,0.193,-318,-318,-318
1780193250.5481,0.0,0.0,0.039,0.193,-318,-318,-318
1780193250.56024,0.0,0.0,0.039,0.193,-318,-318,-318
1780193250.5849018,0.0,0.0,0.039,0.193,-318,-318,-318
1780193250.607306,0.0,0.0,0.039,0.193,-318,-318,-318
1780193250.630574,0.0,0.0,0.039,0.193,-318,-318,-318
1780193250.6552708,0.0,0.0,0.039,0.193,-318,-318,-318
1780193250.6788008,0.0,0.0,0.039,0.193,-318,-318,-318
1780193250.7034261,0.0,0.0,0.039,0.193,-318,-318,-318
1780193250.7263849,0.0,0.0,0.039,0.193,-318,-318,-318
1780193250.751345,0.0,0.0,0.039,0.193,-318,-318,-318
1780193250.773979,0.0,0.0,0.039,0.193,-318,-318,-318
1780193250.7967958,0.0,0.0,0.039,0.193,-318,-318,-318
1780193250.821517,0.0,0.0,0.039,0.193,-318,-318,-318
1780193250.844314,0.0,0.0,0.039,0.193,-318,-318,-318
1780193250.8697941,0.0,0.0,0.039,0.193,-318,-318,-318
1780193250.892396,0.0,0.0,0.039,0.193,-318,-318,-318
1780193250.9206452,0.0,0.0,0.039,0.193,-318,-318,-318
1780193250.952091,0.0,0.0,0.039,0.193,-318,-318,-318
1780193250.978102,0.0,0.0,0.039,0.193,-318,-318,-318
1780193251.005562,0.0,0.0,0.039,0.193,-318,-318,-318
1780193251.0287108,0.0,0.0,0.039,0.193,-318,-318,-318
1780193251.053198,0.0,0.0,0.039,0.193,-318,-318,-318
1780193251.0758882,0.0,0.0,0.039,0.193,-318,-318,-318
1780193251.0988212,0.0,0.0,0.039,0.193,-318,-318,-318
1780193251.111003,0.0,0.0,0.039,0.193,-318,-318,-318
1780193251.1365929,0.0,0.0,0.039,0.193,-318,-318,-318
1780193251.1595259,0.0,0.0,0.039,0.193,-318,-318,-318
1780193251.184469,0.0,0.0,0.039,0.193,-318,-318,-318
1780193251.206899,0.0,0.0,0.039,0.193,-318,-318,-318
1780193251.2298949,0.0,0.0,0.039,0.193,-318,-318,-318
1780193251.254297,0.0,0.0,0.039,0.193,-318,-318,-318
1780193251.27672,0.0,0.0,0.039,0.193,-318,-318,-318
1780193251.302377,0.0,0.0,0.039,0.193,-318,-318,-318
1780193251.325232,0.0,0.0,0.039,0.193,-318,-318,-318
1780193251.348594,0.0,0.0,0.039,0.193,-318,-318,-318
1780193251.3609412,0.0,0.0,0.039,0.193,-318,-318,-318
1780193251.386215,0.0,0.0,0.039,0.193,-318,-318,-318
1780193251.4086862,0.0,0.0,0.039,0.193,-318,-318,-318
1780193251.432,0.0,0.0,0.039,0.193,-318,-318,-318
1780193251.444268,0.0,0.0,0.039,0.193,-318,-318,-318
1780193251.469424,0.0,0.0,0.039,0.193,-318,-318,-318
1780193251.492299,0.0,0.0,0.039,0.193,-318,-318,-318
1780193251.515539,0.0,0.0,0.039,0.193,-318,-318,-318
1780193251.52772,0.0,0.0,0.039,0.193,-318,-318,-318
1780193251.552885,0.0,0.0,0.039,0.193,-318,-318,-318
1780193251.5755332,0.0,0.0,0.039,0.193,-318,-318,-318
1780193251.5986922,0.0,0.0,0.039,0.193,-318,-318,-318
1780193251.610952,0.0,0.0,0.039,0.193,-318,-318,-318
1780193251.635911,0.0,0.0,0.039,0.193,-318,-318,-318
1780193251.658626,0.0,0.0,0.039,0.193,-318,-318,-318
1780193251.6818292,0.0,0.0,0.039,0.193,-318,-318,-318
1780193251.694128,0.0,0.0,0.039,0.193,-318,-318,-318
1780193251.719135,0.0,0.0,0.039,0.193,-318,-318,-318
1780193251.7417228,0.0,0.0,0.039,0.193,-318,-318,-318
1780193251.764981,0.0,0.0,0.039,0.193,-318,-318,-318
1780193251.77723,0.0,0.0,0.039,0.193,-318,-318,-318
1780193251.802134,0.0,0.0,0.039,0.193,-318,-318,-318
1780193251.8248472,0.0,0.0,0.039,0.193,-318,-318,-318
1780193251.848032,0.0,0.0,0.039,0.193,-318,-318,-318
1780193251.860351,0.0,0.0,0.039,0.193,-318,-318,-318
1780193251.885366,0.0,0.0,0.039,0.193,-318,-318,-318
1780193251.9077902,0.0,0.0,0.039,0.193,-318,-318,-318
1780193251.930877,0.0,0.0,0.039,0.193,-318,-318,-318
1780193251.955513,0.0,0.0,0.039,0.193,-318,-318,-318
1780193251.978681,0.0,0.0,0.039,0.193,-318,-318,-318
1780193252.003366,0.0,0.0,0.039,0.193,-318,-318,-318
1780193252.0257988,0.0,0.0,0.039,0.193,-318,-318,-318
1780193252.048835,0.0,0.0,0.039,0.193,-318,-318,-318
1780193252.0716128,0.0,0.0,0.039,0.193,-318,-318,-318
1780193252.094267,0.0,0.0,0.039,0.193,-318,-318,-318
1780193252.119019,0.0,0.0,0.039,0.193,-318,-318,-318
1780193252.141742,0.0,0.0,0.039,0.193,-318,-318,-318
1780193252.164983,0.0,0.0,0.039,0.193,-318,-318,-318
1780193252.177286,0.0,0.0,0.039,0.193,-318,-318,-318
1780193252.202188,0.0,0.0,0.039,0.193,-318,-318,-318
1780193252.224616,0.0,0.0,0.039,0.193,-318,-318,-318
1780193252.247736,0.0,0.0,0.039,0.193,-318,-318,-318
1780193252.2723851,0.0,0.0,0.039,0.193,-318,-318,-318
1780193252.295703,0.0,0.0,0.039,0.193,-318,-318,-318
1780193252.320252,0.0,0.0,0.039,0.193,-318,-318,-318
1780193252.3430479,0.0,0.0,0.039,0.193,-318,-318,-318
1780193252.3683698,0.0,0.0,0.039,0.193,-318,-318,-318
1780193252.39107,0.0,0.0,0.039,0.193,-318,-318,-318
1780193252.413978,0.0,0.0,0.039,0.193,-318,-318,-318
1780193252.438378,0.0,0.0,0.039,0.193,-318,-318,-318
1780193252.461283,0.0,0.0,0.039,0.193,-318,-318,-318
1780193252.4857972,0.0,0.0,0.039,0.193,-318,-318,-318
1780193252.508731,0.0,0.0,0.039,0.193,-318,-318,-318
1780193252.532215,0.0,0.0,0.039,0.193,-318,-318,-318
1780193252.555358,0.0,0.0,0.039,0.193,-318,-318,-318
1780193252.578243,0.0,0.0,0.039,0.193,-318,-318,-318
1780193252.602845,0.0,0.0,0.039,0.193,-318,-318,-318
1780193252.62543,0.0,0.0,0.039,0.193,-318,-318,-318
1780193252.6486778,0.0,0.0,0.039,0.193,-318,-318,-318
1780193252.6608489,0.0,0.0,0.039,0.193,-318,-318,-318
1780193252.6862562,0.0,0.0,0.039,0.193,-318,-318,-318
1780193252.7091541,0.0,0.0,0.039,0.193,-318,-318,-318
1780193252.73439,0.0,0.0,0.039,0.193,-318,-318,-318
1780193252.7570848,0.0,0.0,0.039,0.193,-318,-318,-318
1780193252.780212,0.0,0.0,0.039,0.193,-318,-318,-318
1780193252.804928,0.0,0.0,0.039,0.193,-318,-318,-318
1780193252.82805,0.0,0.0,0.039,0.193,-318,-318,-318
1780193252.8526258,0.0,0.0,0.039,0.193,-318,-318,-318
1780193252.875305,0.0,0.0,0.039,0.193,-318,-318,-318
1780193252.89841,0.0,0.0,0.039,0.193,-318,-318,-318
1780193252.921203,0.0,0.0,0.039,0.193,-318,-318,-318
1780193252.944006,0.0,0.0,0.039,0.193,-318,-318,-318
1780193252.968632,0.0,0.0,0.039,0.193,-318,-318,-318
1780193252.991447,0.0,0.0,0.039,0.193,-318,-318,-318
1780193253.0147352,0.0,0.0,0.039,0.193,-318,-318,-318
1780193253.027027,0.0,0.0,0.039,0.193,-318,-318,-318
1780193253.051797,0.0,0.0,0.039,0.193,-318,-318,-318
1780193253.0743308,0.0,0.0,0.039,0.193,-318,-318,-318
1780193253.0971441,0.0,0.0,0.039,0.193,-318,-318,-318
1780193253.121629,0.0,0.0,0.039,0.193,-318,-318,-318
1780193253.144673,0.0,0.0,0.039,0.193,-318,-318,-318
1780193253.1694021,0.0,0.0,0.039,0.193,-318,-318,-318
1780193253.192349,0.0,0.0,0.039,0.193,-318,-318,-318
1780193253.215669,0.0,0.0,0.039,0.193,-318,-318,-318
1780193253.2278981,0.0,0.0,0.039,0.193,-318,-318,-318
1780193253.252535,0.0,0.0,0.039,0.193,-318,-318,-318
1780193253.2749949,0.0,0.0,0.039,0.193,-318,-318,-318
1780193253.29823,0.0,0.0,0.039,0.193,-318,-318,-318
1780193253.310473,0.0,0.0,0.039,0.193,-318,-318,-318
1780193253.3355992,0.0,0.0,0.039,0.193,-318,-318,-318
1780193253.358423,0.0,0.0,0.039,0.193,-318,-318,-318
1780193253.3817852,0.0,0.0,0.039,0.193,-318,-318,-318
1780193253.3941739,0.0,0.0,0.039,0.193,-318,-318,-318
1780193253.41935,0.0,0.0,0.039,0.193,-318,-318,-318
1780193253.441945,0.0,0.0,0.039,0.193,-318,-318,-318
1780193253.4652312,0.0,0.0,0.039,0.193,-318,-318,-318
1780193253.4775229,0.0,0.0,0.039,0.193,-318,-318,-318
1780193253.502618,0.0,0.0,0.039,0.193,-318,-318,-318
1780193253.525389,0.0,0.0,0.039,0.193,-318,-318,-318
1780193253.548741,0.0,0.0,0.039,0.193,-318,-318,-318
1780193253.560997,0.0,0.0,0.039,0.193,-318,-318,-318
1780193253.586066,0.0,0.0,0.039,0.193,-318,-318,-318
1780193253.6087732,0.0,0.0,0.039,0.193,-318,-318,-318
1780193253.632255,0.0,0.0,0.039,0.193,-318,-318,-318
1780193253.65681,0.0,0.0,0.039,0.193,-318,-318,-318
1780193253.679862,0.0,0.0,0.039,0.193,-318,-318,-318
1780193253.704183,0.0,0.0,0.039,0.193,-318,-318,-318
1780193253.726665,0.0,0.0,0.039,0.193,-318,-318,-318
1780193253.7514398,0.0,0.0,0.039,0.193,-318,-318,-318
1780193253.7739232,0.0,0.0,0.039,0.193,-318,-318,-318
1780193253.796916,0.0,0.0,0.039,0.193,-318,-318,-318
1780193253.821389,0.0,0.0,0.039,0.193,-318,-318,-318
1780193253.843827,0.0,0.0,0.039,0.193,-318,-318,-318
1780193253.868949,0.0,0.0,0.039,0.193,-318,-318,-318
1780193253.8915,0.0,0.0,0.039,0.193,-318,-318,-318
1780193253.914546,0.0,0.0,0.039,0.193,-318,-318,-318
1780193253.936975,0.0,0.0,0.039,0.193,-318,-318,-318
1780193253.959501,0.0,0.0,0.039,0.193,-318,-318,-318
1780193253.982015,0.0,0.0,0.039,0.193,-318,-318,-318
1780193253.99406,0.0,0.0,0.039,0.193,-318,-318,-318
1780193254.018848,0.0,0.0,0.039,0.193,-318,-318,-318
1780193254.0412621,0.0,0.0,0.039,0.193,-318,-318,-318
1780193254.06428,0.0,0.0,0.039,0.193,-318,-318,-318
1780193254.088779,0.0,0.0,0.039,0.193,-318,-318,-318
1780193254.111734,0.0,0.0,0.039,0.193,-318,-318,-318
1780193254.1361039,0.0,0.0,0.039,0.193,-318,-318,-318
1780193254.1467662,0.0,0.0,0.039,0.193,-318,-318,-318
1780193254.171055,0.0,0.0,0.039,0.193,-318,-318,-318
1780193254.193542,0.0,0.0,0.039,0.193,-318,-318,-318
1780193254.218376,0.0,0.0,0.039,0.193,-318,-318,-318
1780193254.240656,0.0,0.0,0.039,0.193,-318,-318,-318
1780193254.263513,0.0,0.0,0.039,0.193,-318,-318,-318
1780193254.287734,0.0,0.0,0.039,0.193,-318,-318,-318
1780193254.310176,0.0,0.0,0.039,0.193,-318,-318,-318
1780193254.3350642,0.0,0.0,0.039,0.193,-318,-318,-318
1780193254.357535,0.0,0.0,0.039,0.193,-318,-318,-318
1780193254.380383,0.0,0.0,0.039,0.193,-318,-318,-318
1780193254.404812,0.0,0.0,0.039,0.193,-318,-318,-318
1780193254.427295,-97.575,20.591,0.245,-0.053,-237,-916,-69
1780193254.452259,-97.685,20.788,0.245,-0.053,-236,-916,-69
1780193254.4747992,-97.796,20.854,0.245,-0.053,-236,-916,-69
1780193254.497787,-97.906,20.854,0.246,-0.053,-237,-916,-68
1780193254.509911,-98.126,21.182,0.246,-0.054,-235,-917,-68
1780193254.534645,-98.236,21.314,0.247,-0.055,-235,-917,-68
1780193254.557125,-98.236,21.379,0.246,-0.055,-235,-917,-68
1780193254.580147,-98.236,21.511,0.246,-0.055,-234,-917,-69
1780193254.60449,-98.236,21.511,0.246,-0.055,-235,-917,-69
1780193254.626996,-98.236,21.511,0.246,-0.055,-235,-917,-69
1780193254.6516511,-98.236,21.511,0.246,-0.055,-235,-917,-69
1780193254.6741261,-98.236,21.511,0.246,-0.055,-235,-917,-69
1780193254.686542,-98.402,21.905,0.247,-0.056,-232,-917,-69
1780193254.7088268,-98.457,21.773,0.247,-0.055,-234,-917,-68
1780193254.7319171,-98.567,21.773,0.247,-0.055,-234,-917,-68
1780193254.755091,-98.512,21.773,0.247,-0.055,-234,-917,-68
1780193254.777746,-98.402,21.511,0.246,-0.054,-236,-917,-68
1780193254.802405,-98.236,21.379,0.245,-0.053,-237,-916,-68
1780193254.825141,-98.181,21.182,0.245,-0.052,-238,-916,-68
1780193254.84852,-98.016,21.117,0.245,-0.052,-238,-916,-69
1780193254.860887,-98.016,21.248,0.245,-0.053,-237,-916,-69
1780193254.885834,-97.851,21.051,0.244,-0.052,-238,-916,-69
1780193254.9084249,-97.906,20.92,0.244,-0.052,-239,-916,-68
1780193254.931759,-97.851,20.854,0.244,-0.052,-239,-916,-68
1780193254.944132,-97.74,20.657,0.244,-0.051,-240,-916,-68
1780193254.969298,-97.63,20.591,0.244,-0.051,-240,-916,-69
1780193254.992172,-97.63,20.788,0.244,-0.052,-239,-916,-69
1780193255.017463,-97.52,20.985,0.243,-0.053,-237,-916,-70
1780193255.04037,-97.41,21.051,0.243,-0.053,-237,-916,-71
1780193255.063806,-97.355,21.182,0.243,-0.053,-236,-916,-71
1780193255.088471,-97.3,21.117,0.243,-0.053,-237,-916,-71
1780193255.11198,-97.3,21.117,0.243,-0.053,-237,-916,-71
1780193255.13637,-97.244,21.445,0.243,-0.054,-235,-916,-72
1780193255.159072,-97.244,21.445,0.243,-0.054,-235,-916,-71
1780193255.18193,-97.244,21.379,0.243,-0.054,-236,-916,-71
1780193255.204971,-97.244,21.248,0.243,-0.053,-237,-916,-71
1780193255.227702,-97.3,21.117,0.243,-0.053,-237,-916,-70
1780193255.252515,-97.355,21.117,0.244,-0.053,-237,-916,-70
1780193255.275334,-97.355,21.051,0.244,-0.052,-238,-916,-70
1780193255.298731,-97.3,20.985,0.243,-0.052,-238,-916,-70
1780193255.311048,-97.355,21.182,0.244,-0.053,-237,-916,-70
1780193255.336113,-97.3,21.379,0.243,-0.054,-236,-916,-71
1780193255.358613,-97.189,21.905,0.243,-0.056,-233,-916,-73
1780193255.381748,-97.134,22.365,0.243,-0.058,-230,-916,-74
1780193255.4042292,-97.079,22.956,0.243,-0.06,-227,-917,-75
1780193255.4270668,-96.914,23.087,0.242,-0.06,-227,-916,-76
1780193255.451678,-96.473,23.547,0.24,-0.061,-225,-916,-78
1780193255.474581,-96.197,23.415,0.239,-0.06,-227,-916,-79
1780193255.497777,-95.701,23.087,0.237,-0.058,-229,-915,-79
1780193255.520614,-95.481,22.824,0.237,-0.057,-231,-915,-79
1780193255.5430331,-95.481,22.824,0.237,-0.057,-231,-915,-79
1780193255.568063,-93.827,22.824,0.23,-0.057,-231,-913,-86
1780193255.5910048,-93.442,23.087,0.229,-0.058,-229,-913,-88
1780193255.617621,-92.395,24.072,0.226,-0.063,-224,-913,-93
1780193255.64082,-91.623,24.466,0.223,-0.064,-222,-912,-97
1780193255.6680589,-90.521,25.255,0.22,-0.066,-218,-912,-101
1780193255.693596,-89.859,26.043,0.219,-0.069,-214,-912,-105
1780193255.718226,-89.033,26.962,0.217,-0.072,-210,-911,-109
1780193255.7440388,-89.033,26.962,0.217,-0.072,-210,-911,-109
1780193255.770911,-87.104,29.195,0.21,-0.08,-200,-911,-120
1780193255.794622,-86.608,30.181,0.209,-0.083,-196,-911,-123
1780193255.821558,-85.671,30.969,0.207,-0.084,-194,-911,-126
1780193255.845858,-84.844,31.691,0.205,-0.086,-192,-910,-130
1780193255.871706,-83.742,33.005,0.202,-0.09,-186,-910,-135
1780193255.895066,-83.356,33.793,0.202,-0.092,-184,-910,-137
1780193255.920086,-83.136,34.45,0.202,-0.094,-181,-911,-138
1780193255.942521,-81.593,36.092,0.196,-0.1,-174,-910,-148
1780193255.9678268,-80.876,36.42,0.195,-0.099,-175,-910,-148
1780193255.9906938,-80.49,36.749,0.195,-0.099,-175,-910,-148
1780193256.01426,-80.27,37.34,0.196,-0.099,-174,-910,-148
1780193256.027064,-80.105,37.734,0.196,-0.1,-173,-910,-148
1780193256.053972,-79.939,38.128,0.197,-0.1,-173,-910,-148
1780193256.078961,-79.774,38.391,0.196,-0.1,-173,-910,-148
1780193256.104531,-79.774,38.391,0.196,-0.1,-173,-910,-148
1780193256.127189,-79.774,38.391,0.196,-0.1,-173,-910,-148
1780193256.1524842,-79.719,40.887,0.197,-0.111,-159,-912,-155
1780193256.1749802,-79.388,41.281,0.196,-0.11,-160,-912,-155
1780193256.198678,-79.002,42.069,0.195,-0.113,-157,-912,-158
1780193256.222037,-78.782,42.332,0.195,-0.112,-158,-911,-157
1780193256.245307,-78.672,41.544,0.195,-0.107,-164,-911,-154
1780193256.270026,-78.341,40.624,0.194,-0.102,-170,-910,-152
1780193256.293111,-78.176,39.901,0.194,-0.099,-175,-909,-150
1780193256.318342,-77.735,39.048,0.192,-0.096,-179,-908,-149
1780193256.3414001,-77.404,38.128,0.191,-0.092,-184,-908,-1
1780193256.3646982,-43.455,34.516,0.108,-0.087,-189,-615,-241
1780193256.387825,-43.4,34.319,0.108,-0.086,-191,-613,-241
1780193256.4107058,-43.235,34.122,0.107,-0.085,-192,-610,-240
1780193256.43596,-43.125,33.793,0.107,-0.084,-194,-607,-240
1780193256.4588218,-42.959,33.53,0.107,-0.083,-195,-605,-240
1780193256.484432,-42.574,32.808,0.105,-0.08,-199,-596,-239
1780193256.507225,-42.133,32.151,0.104,-0.078,-202,-589,-240
1780193256.530845,-41.747,32.02,0.102,-0.078,-202,-586,-241
1780193256.543175,-41.196,31.56,0.101,-0.076,-204,-580,-242
1780193256.568266,-40.81,31.757,0.099,-0.078,-202,-579,-245
1780193256.590858,-40.259,31.757,0.098,-0.078,-201,-575,-247
1780193256.614133,-39.763,31.757,0.096,-0.079,-201,-572,-250
1780193256.638483,-39.047,31.823,0.094,-0.079,-200,-567,-253
1780193256.6616662,-38.495,31.888,0.092,-0.079,-199,-564,-255
1780193256.686099,-37.834,31.691,0.091,-0.079,-201,-559,-257
1780193256.708677,-37.338,31.494,0.089,-0.078,-202,-554,-258
1780193256.7315688,-36.567,31.429,0.087,-0.078,-202,-549,-261
1780193256.743723,-36.071,31.166,0.086,-0.077,-203,-545,-262
1780193256.7692008,-35.409,30.837,0.084,-0.076,-205,-540,-263
1780193256.792223,-35.023,30.772,0.083,-0.076,-205,-538,-264
1780193256.817465,-34.527,30.64,0.083,-0.075,-205,-536,-265
1780193256.840139,-34.142,30.312,0.082,-0.074,-207,-532,-265
1780193256.863229,-33.535,30.181,0.08,-0.074,-207,-529,-267
1780193256.887852,-33.37,30.049,0.08,-0.074,-207,-529,-267
1780193256.91055,-32.819,30.115,0.079,-0.074,-206,-526,-269
1780193256.935596,-32.764,29.852,0.079,-0.073,-208,-526,-268
1780193256.958453,-32.543,29.655,0.079,-0.073,-208,-525,-267
1780193256.981684,-32.599,29.852,0.08,-0.074,-207,-528,-267
1780193256.9939032,-32.323,29.721,0.079,-0.074,-207,-526,-268
1780193257.0187619,-32.213,29.918,0.079,-0.075,-206,-527,-269
1780193257.0412438,-32.103,29.589,0.079,-0.073,-208,-526,-268
1780193257.064277,-31.992,29.589,0.079,-0.073,-208,-525,-268
1780193257.076399,-31.882,29.458,0.079,-0.073,-208,-525,-268
1780193257.101068,-31.827,29.195,0.079,-0.072,-210,-523,-267
1780193257.1240692,-31.882,28.933,0.079,-0.071,-211,-524,-266
1780193257.147466,-31.827,28.867,0.079,-0.071,-211,-523,-266
1780193257.17043,-31.717,28.604,0.079,-0.07,-212,-522,-266
1780193257.1932979,-31.772,28.473,0.079,-0.07,-213,-522,-265
1780193257.217986,-31.717,28.276,0.079,-0.069,-213,-521,-265
1780193257.240584,-31.827,28.342,0.08,-0.07,-212,-523,-264
1780193257.2641191,-31.772,28.079,0.08,-0.069,-214,-522,-264
1780193257.2763252,-31.772,27.882,0.08,-0.069,-215,-521,-263
1780193257.301047,-31.772,27.816,0.08,-0.069,-214,-521,-263
1780193257.323524,-31.827,27.685,0.08,-0.068,-215,-521,-263
1780193257.346585,-31.772,27.816,0.08,-0.069,-214,-522,-264
1780193257.370917,-31.717,27.488,0.079,-0.068,-216,-520,-263
1780193257.3933718,-31.827,27.488,0.08,-0.068,-215,-521,-263
1780193257.4183528,-31.772,27.553,0.08,-0.068,-215,-521,-263
1780193257.440779,-31.882,27.553,0.08,-0.069,-215,-522,-263
1780193257.463798,-31.882,27.553,0.08,-0.069,-214,-522,-263
1780193257.488194,-31.937,27.75,0.08,-0.07,-213,-524,-263
1780193257.511203,-31.937,27.553,0.08,-0.069,-214,-523,-263
1780193257.535449,-31.992,27.488,0.081,-0.069,-215,-523,-262
1780193257.557887,-31.992,27.685,0.081,-0.069,-213,-524,-263
1780193257.580811,-32.047,27.553,0.081,-0.069,-214,-523,-262
1780193257.592993,-31.992,27.553,0.08,-0.069,-214,-523,-263
1780193257.617919,-32.103,27.685,0.081,-0.069,-213,-525,-263
1780193257.640245,-32.158,27.685,0.081,-0.069,-213,-525,-262
1780193257.663094,-32.268,27.947,0.081,-0.07,-212,-527,-263
1780193257.687517,-32.213,27.816,0.081,-0.07,-213,-526,-262
1780193257.710434,-32.213,27.816,0.081,-0.07,-213,-526,-262
1780193257.735299,-32.213,27.816,0.081,-0.07,-213,-526,-262
1780193257.7575948,-32.213,27.816,0.081,-0.07,-213,-526,-262
1780193257.780577,-32.213,27.816,0.081,-0.07,-213,-526,-262
1780193257.804998,-32.213,27.816,0.081,-0.07,-213,-526,-262
1780193257.828786,-32.213,27.816,0.081,-0.07,-213,-526,-262
1780193257.853411,-32.213,27.816,0.081,-0.07,-213,-526,-262
1780193257.876796,-32.378,29.327,0.082,-0.076,-204,-535,-266
1780193257.90183,-32.323,29.852,0.081,-0.078,-201,-537,-268
1780193257.924452,-32.323,29.787,0.081,-0.077,-203,-535,-267
1780193257.947346,-32.323,30.049,0.081,-0.078,-202,-536,-268
1780193257.972148,-32.323,30.049,0.081,-0.077,-203,-535,-268
1780193257.995111,-32.158,30.246,0.081,-0.078,-202,-534,-269
1780193258.019757,-32.158,30.181,0.081,-0.077,-203,-533,-268
1780193258.042273,-32.103,29.984,0.08,-0.076,-205,-531,-268
1780193258.067293,-32.158,29.984,0.081,-0.076,-205,-532,-267
1780193258.089823,-32.047,29.984,0.08,-0.075,-205,-531,-268
1780193258.112923,-32.047,30.049,0.08,-0.076,-205,-531,-268
1780193258.137511,-32.047,29.918,0.08,-0.075,-206,-530,-267
1780193258.161338,-31.992,30.181,0.08,-0.076,-204,-531,-268
1780193258.187288,-31.882,30.115,0.08,-0.076,-205,-530,-269
1780193258.2144692,-31.827,30.181,0.08,-9.0,-186,-584,-259
1780193258.226974,-37.614,35.764,0.095,-0.09,-186,-585,-259
1780193258.2535832,-37.724,35.829,0.096,-0.09,-185,-587,-259
1780193258.277805,-37.834,35.764,0.096,-0.09,-186,-587,-258
1780193258.305102,-37.944,35.829,0.096,-0.09,-185,-588,-258
1780193258.331084,-38.11,36.026,0.097,-0.091,-184,-590,-258
1780193258.344039,-38.22,36.092,0.097,-0.091,-184,-591,-258
1780193258.3705988,-38.44,36.092,0.098,-0.091,-184,-593,-257
1780193258.393994,-38.716,36.289,0.099,-0.092,-183,-597,-256
1780193258.419845,-38.881,36.486,0.099,-0.092,-182,-599,-256
1780193258.44363,-39.047,36.552,0.099,-0.092,-182,-600,-256
1780193258.468718,-39.267,36.88,0.1,-0.094,-180,-603,-256
1780193258.4914188,-39.543,36.749,0.101,-0.093,-182,-605,-254
1780193258.5173728,-39.708,36.814,0.101,-0.093,-181,-606,-254
1780193258.540084,-39.653,36.88,0.101,-0.093,-181,-604,-255
1780193258.563401,-39.763,36.749,0.101,-0.092,-182,-604,-254
1780193258.58824,-39.763,36.486,0.101,-0.091,-184,-601,-253
1780193258.611746,-39.818,36.355,0.101,-0.091,-184,-601,-253
1780193258.636847,-39.653,36.289,0.1,-0.09,-185,-598,-254
1780193258.659822,-39.653,35.829,0.1,-0.089,-187,-595,-252
1780193258.685159,-39.818,35.764,0.1,-0.089,-187,-597,-252
1780193258.7078028,-39.818,35.238,0.1,-0.087,-190,-594,-250
1780193258.731136,-39.873,34.975,0.1,-0.086,-191,-593,-249
1780193258.7434099,-39.818,35.041,0.1,-0.087,-190,-593,-250
1780193258.768302,-39.818,35.172,0.1,-0.087,-189,-594,-251
1780193258.79109,-39.763,34.975,0.1,-0.087,-190,-593,-251
1780193258.814686,-39.763,34.975,0.1,-0.087,-189,-593,-251
1780193258.826859,-39.708,34.713,0.1,-0.086,-191,-591,-251
1780193258.851711,-39.763,34.647,0.1,-0.086,-191,-591,-250
1780193258.874202,-39.763,34.647,0.1,-0.086,-191,-591,-250
1780193258.897395,-39.763,34.647,0.1,-0.086,-191,-591,-250
1780193258.9095721,-38.33,32.808,0.094,-0.079,-201,-566,-253
1780193258.935123,-38.22,32.348,0.094,-0.077,-203,-564,-252
1780193258.9582841,-37.999,31.56,0.093,-0.075,-206,-560,-250
1780193258.983884,-37.779,31.363,0.093,-0.075,-206,-559,-251
1780193259.0070379,-37.503,30.837,0.092,-0.074,-208,-556,-251
1780193259.030727,-37.393,30.246,0.092,-0.072,-210,-553,-250
1780193259.043133,-37.228,29.787,0.092,-0.071,-211,-551,-249
1780193259.0683389,-37.173,29.392,0.092,-0.07,-213,-550,-249
1780193259.0913222,-37.063,28.801,0.092,-0.068,-215,-548,-248
1780193259.1150022,-37.007,28.407,0.092,-0.067,-216,-546,-247
1780193259.1273549,-36.842,27.685,0.091,-0.065,-219,-543,-246
1780193259.152521,-36.842,27.094,0.092,-0.063,-222,-541,-244
1780193259.1753001,-36.456,26.831,0.09,-0.063,-222,-538,-246
1780193259.200611,-36.456,26.502,0.09,-0.063,-223,-537,-245
1780193259.2230852,-36.346,25.911,0.09,-0.061,-225,-535,-244
1780193259.246418,-36.181,25.517,0.09,-0.06,-226,-533,-244
1780193259.2709062,-36.126,25.123,0.09,-0.059,-227,-532,-244
1780193259.293488,-36.015,24.86,0.09,-0.059,-228,-530,-244
1780193259.318332,-35.905,24.532,0.089,-0.059,-229,-529,-244
1780193259.340909,-35.905,24.532,0.089,-0.059,-229,-529,-244
1780193259.364946,-35.905,24.532,0.089,-0.059,-229,-529,-244
1780193259.3881721,-35.905,24.532,0.089,-0.059,-229,-529,-244
1780193259.4109561,-35.905,24.532,0.089,-0.059,-229,-529,-244
1780193259.436019,-35.905,24.532,0.089,-0.059,-229,-529,-244
1780193259.458584,-35.905,24.532,0.089,-0.059,-229,-529,-244
1780193259.4845362,-36.511,24.007,0.092,-0.056,-232,-533,-239
1780193259.507113,-36.622,24.007,0.093,-0.057,-231,-535,-239
1780193259.530339,-36.677,24.729,0.093,-0.061,-225,-540,-241
1780193259.554784,-36.787,25.123,0.093,-0.063,-222,-544,-242
1780193259.577816,-36.897,25.452,0.093,-0.065,-220,-546,-243
1780193259.602217,-36.952,25.911,0.093,-0.066,-218,-549,-244
1780193259.624819,-37.063,26.24,0.094,-0.068,-216,-551,-245
1780193259.6478379,-37.063,26.174,0.094,-0.067,-217,-550,-244
1780193259.6599932,-37.063,26.437,0.093,-0.068,-216,-551,-245
1780193259.685639,-37.063,26.502,0.093,-0.068,-216,-550,-245
1780193259.708746,-36.952,26.502,0.093,-0.067,-216,-549,-246
1780193259.7339342,-36.952,26.568,0.093,-0.068,-216,-549,-246
1780193259.756481,-36.897,26.7,0.093,-0.068,-215,-549,-246
1780193259.779476,-36.787,26.568,0.092,-0.067,-216,-547,-246
1780193259.804141,-36.787,26.831,0.092,-0.068,-215,-548,-247
1780193259.826587,-36.732,26.634,0.092,-0.067,-216,-547,-247
1780193259.8519208,-36.732,26.634,0.092,-0.067,-217,-547,-246
1780193259.874381,-36.842,26.765,0.093,-0.068,-216,-548,-246
1780193259.897866,-36.897,26.634,0.093,-0.067,-217,-548,-245
1780193259.920804,-36.897,26.765,0.093,-0.067,-216,-549,-246
1780193259.9434829,-37.007,26.765,0.093,-0.067,-216,-550,-245
1780193259.968141,-39.487,42.594,0.1,-0.111,-158,-630,-269
1780193259.990668,-39.487,43.186,0.1,-0.112,-156,-632,-270
1780193260.013695,-39.157,43.908,0.098,-0.115,-153,-631,-274
1780193260.038335,-39.267,43.974,0.099,-0.114,-154,-632,-273
1780193260.061375,-39.763,45.747,0.101,-0.122,-144,-652,-275
1780193260.08639,-39.763,46.338,0.101,-0.123,-142,-654,-277
1780193260.109601,-39.653,47.389,0.1,-0.126,-139,-656,-279
1780193260.135087,-39.598,47.915,0.1,-0.127,-138,-657,-281
1780193260.1575968,-39.598,48.703,0.1,-0.128,-136,-660,-282
1780193260.1808908,-39.487,49.163,0.099,-0.129,-135,-660,-283
1780193260.193085,-39.598,49.885,0.1,-0.131,-133,-664,-284
1780193260.21815,-39.543,50.608,0.099,-0.133,-130,-667,-286
1780193260.241385,-39.487,51.396,0.099,-0.136,-126,-672,-288
1780193260.265013,-39.543,52.053,0.099,-0.137,-124,-676,-289
1780193260.27732,-39.377,52.447,0.099,-0.137,-125,-673,-290
1780193260.302471,-39.487,52.644,0.099,-0.137,-125,-674,-289
1780193260.325064,-39.377,53.169,0.099,-0.138,-124,-675,-290
1780193260.350493,-39.267,53.235,0.098,-0.137,-124,-672,-291
1780193260.373313,-39.322,53.235,0.099,-0.136,-126,-671,-289
1780193260.397141,-39.212,53.3,0.098,-0.136,-126,-669,-290
1780193260.4220748,-39.102,53.3,0.098,-0.135,-127,-667,-290
1780193260.435185,-39.102,53.103,0.098,-0.134,-128,-665,-289
1780193260.458236,-39.047,52.906,0.098,-0.133,-130,-662,-288
1780193260.48384,-38.991,52.381,0.098,-0.131,-133,-657,-286
1780193260.507,-39.047,52.184,0.098,-0.13,-134,-657,-285
1780193260.530754,-39.047,52.184,0.098,-0.13,-134,-657,-285
1780193260.543207,-39.047,52.184,0.098,-0.13,-134,-657,-285
1780193260.5685592,-39.102,49.557,0.098,-0.119,-148,-639,-277
1780193260.5917041,-39.102,48.834,0.098,-0.117,-150,-636,-275
1780193260.6170518,-39.212,48.243,0.099,-0.116,-152,-635,-274
1780193260.639981,-39.267,47.323,0.099,-0.113,-155,-631,-271
1780193260.6634722,-39.377,46.47,0.099,-0.11,-158,-628,-269
1780193260.68827,-39.377,46.47,0.099,-0.11,-158,-628,-269
1780193260.711721,-39.102,43.251,0.098,-0.098,-175,-604,-261
1780193260.7364821,-38.826,41.609,0.097,-0.093,-181,-595,-260
1780193260.7595048,-38.881,41.084,0.097,-0.092,-182,-594,-258
1780193260.7844229,-38.551,38.194,0.096,-0.083,-195,-578,-253
1780193260.807029,-38.606,36.749,0.096,-0.079,-200,-573,-250
1780193260.830017,-38.551,35.501,0.096,-0.076,-204,-569,-248
1780193260.8546932,-38.661,32.677,0.097,-0.065,-220,-554,-239
1780193260.877943,-38.716,30.837,0.097,-0.061,-225,-551,-236
1780193260.902762,-38.606,29.524,0.097,-0.059,-228,-546,-235
1780193260.925376,-38.551,27.356,0.097,-0.051,-240,-535,-229
1780193260.950498,-38.936,25.517,0.098,-0.047,-245,-535,-225
1780193260.9732301,-38.991,24.269,0.098,-0.045,-248,-533,-223
1780193260.996783,-39.047,21.642,0.099,-0.035,-263,-520,-215
1780193261.0217972,-38.936,20.328,0.098,-0.033,-266,-516,-215
1780193261.045434,-38.881,18.686,0.098,-0.031,-269,-513,-213
1780193261.070233,-38.881,18.686,0.098,-0.031,-269,-513,-213
1780193261.093303,-38.881,15.534,0.098,-0.022,-283,-503,-207
1780193261.118507,-38.826,14.877,0.098,-0.022,-282,-503,-208
1780193261.141524,-38.881,13.892,0.098,-0.022,-282,-503,-207
1780193261.164979,-38.936,13.563,0.098,-0.023,-281,-505,-208
1780193261.177427,-38.991,13.169,0.098,-0.024,-280,-505,-208
1780193261.202882,-38.991,13.169,0.098,-0.024,-280,-505,-208
1780193261.225706,-38.991,13.169,0.098,-0.024,-280,-505,-208
1780193261.250707,-39.322,10.608,0.1,-0.014,-295,-497,-200
1780193261.273412,-39.157,10.082,0.099,-0.015,-293,-497,-202
1780193261.296437,-39.102,9.951,0.098,-0.017,-291,-498,-203
1780193261.321399,-39.102,9.491,0.098,-0.017,-290,-498,-203
1780193261.344519,-39.047,9.163,0.098,-0.017,-290,-497,-203
1780193261.369174,-38.991,8.966,0.098,-0.018,-289,-498,-204
1780193261.391774,-38.991,8.703,0.098,-0.018,-289,-498,-204
1780193261.4172,-38.936,8.177,0.098,-0.016,-292,-496,-203
1780193261.440174,-38.881,7.98,0.098,-0.017,-291,-496,-204
1780193261.463891,-38.881,7.98,0.098,-0.017,-290,-497,-204
1780193261.487027,-38.826,7.718,0.097,-0.017,-291,-496,-204
1780193261.510176,-38.771,7.586,0.097,-0.017,-291,-495,-204
1780193261.535177,-38.771,7.586,0.097,-0.017,-291,-495,-204
1780193261.5581949,-38.771,7.586,0.097,-0.017,-291,-495,-204
1780193261.581579,-38.771,7.586,0.097,-0.017,-291,-495,-204
1780193261.594044,-38.771,7.586,0.097,-0.017,-291,-495,-204
1780193261.619421,-38.771,7.586,0.097,-0.017,-291,-495,-204
1780193261.642269,-38.771,7.586,0.097,-0.017,-291,-495,-204
1780193261.6673322,-38.771,7.586,0.097,-0.017,-291,-495,-204
1780193261.689853,0.0,0.0,0.097,-0.017,-318,-318,-318
1780193261.713069,-39.267,7.323,0.098,-0.016,-292,-496,-203
1780193261.737984,-39.322,7.718,0.098,-0.019,-288,-499,-204
1780193261.76116,-39.377,7.718,0.098,-0.019,-288,-500,-204
1780193261.786504,-39.377,7.915,0.098,-0.02,-286,-501,-205
1780193261.809689,-39.432,8.046,0.099,-0.02,-285,-502,-205
1780193261.835596,-24.552,61.445,0.061,-0.153,-104,-587,-355
1780193261.858064,-24.497,61.182,0.061,-0.152,-106,-586,-355
1780193261.8837051,-24.662,60.591,0.062,-0.15,-108,-584,-352
1780193261.90686,-24.662,60.525,0.062,-0.15,-108,-584,-352
1780193261.9307039,-24.662,59.737,0.062,-0.147,-112,-580,-349
1780193261.943198,-24.773,59.277,0.062,-0.145,-114,-579,-347
1780193261.968531,-24.828,58.489,0.062,-0.143,-117,-576,-345
1780193261.991487,-24.883,57.767,0.063,-0.14,-120,-573,-343
1780193262.015234,-24.993,56.519,0.063,-0.136,-126,-569,-339
1780193262.0403259,-24.938,55.271,0.063,-0.132,-131,-562,-336
1780193262.063502,-25.158,54.089,0.064,-0.128,-135,-560,-332
1780193262.088128,-25.158,52.972,0.063,-0.125,-140,-555,-329
1780193262.111454,-25.158,51.264,0.063,-0.119,-147,-548,-325
1780193262.136075,-25.103,49.885,0.063,-0.115,-152,-542,-322
1780193262.158829,-25.158,48.046,0.063,-0.11,-159,-536,-317
1780193262.183765,-24.993,46.535,0.062,-0.105,-165,-528,-315
1780193262.206521,-25.048,44.039,0.063,-0.097,-175,-520,-308
1780193262.2296221,-25.103,42.463,0.063,-0.093,-181,-515,-304
1780193262.254654,-25.214,39.967,0.063,-0.086,-191,-507,-298
1780193262.278466,-25.269,38.654,0.064,-0.083,-195,-504,-296
1780193262.3035462,-25.379,36.617,0.064,-0.078,-202,-499,-291
1780193262.326211,-25.434,35.172,0.064,-0.074,-207,-495,-288
1780193262.351694,-25.599,32.545,0.065,-0.067,-217,-488,-282
1780193262.374634,-25.71,31.1,0.065,-0.063,-222,-485,-278
1780193262.398417,-25.599,28.539,0.064,-0.056,-232,-476,-274
1780193262.410836,-25.765,26.831,0.065,-0.051,-239,-472,-270
1780193262.4362738,-25.82,24.598,0.065,-0.046,-247,-466,-266
1780193262.459397,-25.875,22.693,0.065,-0.041,-255,-461,-261
1780193262.48514,-26.04,20.657,0.066,-0.036,-261,-457,-257
1780193262.5079172,-25.985,19.54,0.066,-0.034,-264,-454,-256
1780193262.531571,-25.82,18.03,0.065,-0.032,-268,-450,-256
1780193262.556428,-25.985,17.176,0.065,-0.031,-270,-450,-254
1780193262.579756,-26.095,15.862,0.066,-0.028,-273,-449,-252
1780193262.604413,-26.15,15.14,0.066,-0.027,-275,-448,-251
1780193262.627788,-26.261,14.154,0.066,-0.026,-277,-447,-249
1780193262.65266,-26.261,13.498,0.066,-0.025,-278,-446,-248
1780193262.676029,-26.206,12.841,0.066,-0.024,-280,-444,-248
1780193262.701455,-26.206,12.841,0.066,-0.024,-280,-444,-248
1780193262.72431,-26.206,10.739,0.066,-0.016,-292,-436,-243
1780193262.747543,-26.426,9.819,0.067,-0.015,-293,-437,-241
1780193262.759937,-26.481,9.425,0.067,-0.015,-293,-437,-241
1780193262.785451,-26.646,8.309,0.067,-0.013,-297,-435,-238
1780193262.808467,-26.646,7.915,0.067,-0.013,-298,-435,-238
1780193262.8337438,-26.702,7.521,0.067,-0.012,-298,-435,-238
1780193262.8571131,-26.757,7.455,0.068,-0.013,-297,-436,-238
1780193262.880446,-26.646,7.98,0.067,-0.017,-291,-439,-241
1780193262.9034839,-27.032,8.374,0.069,-0.019,-288,-444,-241
1780193262.926091,-27.032,8.966,0.068,-0.022,-283,-447,-244
1780193262.9506829,-27.142,9.491,0.069,-0.024,-279,-450,-245
1780193262.973699,-27.473,10.016,0.07,-0.027,-276,-454,-245
1780193262.997055,-27.473,10.082,0.07,-0.027,-276,-454,-245
1780193263.0217059,-27.583,10.608,0.07,-0.028,-273,-456,-246
1780193263.045077,-27.694,10.87,0.07,-0.029,-272,-458,-246
1780193263.069419,-27.694,11.002,0.07,-0.029,-272,-457,-247
1780193263.0920901,-27.804,11.264,0.07,-0.03,-270,-459,-247
1780193263.117174,-27.914,12.118,0.071,-0.033,-266,-463,-249
1780193263.1397738,-27.969,12.447,0.071,-0.034,-264,-464,-250
1780193263.162873,-28.19,13.629,0.071,-0.039,-258,-470,-252
1780193263.188142,-28.465,14.483,0.073,-0.041,-253,-475,-253
1780193263.212049,-28.63,15.402,0.073,-0.044,-250,-479,-254
1780193263.237311,-28.796,16.716,0.073,-0.049,-243,-485,-257
1780193263.260027,-29.182,18.686,0.075,-0.055,-233,-495,-260
1780193263.285368,-29.457,19.737,0.076,-0.058,-229,-500,-261
1780193263.30838,-29.953,21.314,0.077,-0.063,-223,-509,-262
1780193263.333685,-29.953,21.314,0.077,-0.063,-223,-509,-262
1780193263.356128,-30.504,24.598,0.079,-0.075,-205,-528,-269
1780193263.379342,-30.725,26.305,0.079,-0.079,-200,-533,-272
1780193263.403806,-31.055,27.553,0.08,-0.082,-196,-539,-273
1780193263.426317,-31.276,29.524,0.081,-0.087,-189,-546,-276
1780193263.451261,-31.441,30.772,0.081,-0.09,-185,-551,-278
1780193263.47409,-31.606,32.414,0.081,-0.094,-180,-556,-280
1780193263.4972239,-31.551,33.727,0.08,-0.097,-176,-559,-284
1780193263.5094929,-31.827,35.764,0.081,-0.102,-169,-568,-287
1780193263.534722,-31.992,36.683,0.082,-0.104,-167,-571,-287
1780193263.5572522,-32.158,38.194,0.082,-0.107,-162,-576,-290
1780193263.580149,-32.158,39.048,0.082,-0.109,-160,-578,-291
1780193263.604734,-32.654,41.215,0.083,-0.115,-152,-591,-293
1780193263.627651,-32.709,41.872,0.083,-0.116,-152,-592,-294
1780193263.652735,-32.984,43.054,0.084,-0.118,-149,-597,-295
1780193263.675734,-33.15,43.908,0.085,-0.12,-146,-601,-295
1780193263.701213,-33.646,46.338,0.086,-0.129,-135,-620,-300
1780193263.724132,-33.535,46.929,0.086,-0.129,-135,-617,-301
1780193263.747745,-33.591,48.177,0.085,-0.131,-132,-620,-303
1780193263.7600079,-33.811,49.163,0.086,-0.133,-129,-626,-304
1780193263.7852569,-47.093,31.232,0.118,-0.09,-186,-650,-230
1780193263.807847,-47.148,33.202,0.118,-0.095,-179,-660,-234
1780193263.831328,-47.093,34.778,0.118,-0.1,-173,-668,-238
1780193263.843792,-47.203,36.617,0.119,-0.104,-167,-678,-240
1780193263.8768902,-47.313,37.8,0.119,-0.107,-163,-686,-242
1780193263.907746,-47.368,39.77,0.119,-0.112,-156,-697,-245
1780193263.9342499,-47.479,41.281,0.119,-0.116,-151,-708,-248
1780193263.957692,-47.589,42.726,0.12,-0.119,-148,-715,-249
1780193263.983938,-47.589,43.58,0.12,-0.121,-146,-718,-251
1780193264.006795,-47.534,45.222,0.119,-0.125,-141,-727,-254
1780193264.030171,-47.644,46.404,0.12,-0.128,-137,-736,-256
1780193264.05501,-47.864,47.783,0.121,-0.13,-133,-748,-257
1780193264.078051,-47.975,48.44,0.121,-0.131,-132,-752,-257
1780193264.10253,-48.085,49.228,0.121,-0.132,-131,-756,-257
1780193264.125259,-48.03,49.557,0.121,-0.133,-131,-756,-258
1780193264.150517,-48.03,51.724,0.121,-0.14,-121,-781,-264
1780193264.173066,-48.14,52.184,0.121,-0.14,-121,-783,-263
1780193264.196043,-48.25,53.038,0.121,-0.141,-120,-789,-263
1780193264.220732,-48.25,53.432,0.121,-0.141,-120,-788,-264
1780193264.243175,-48.305,54.023,0.121,-0.142,-119,-791,-264
1780193264.268586,-48.305,54.154,0.121,-0.141,-120,-787,-263
1780193264.291511,-48.36,54.286,0.122,-0.14,-121,-785,-263
1780193264.316965,-48.36,54.089,0.121,-0.139,-123,-778,-261
1780193264.339915,-48.36,53.892,0.121,-0.137,-125,-772,-260
1780193264.363394,-48.305,53.629,0.121,-0.135,-127,-766,-259
1780193264.3877819,-48.25,52.972,0.121,-0.132,-131,-755,-258
1780193264.4108438,-48.195,52.381,0.121,-0.13,-134,-746,-256
1780193264.43524,-48.14,51.461,0.12,-0.126,-139,-735,-254
1780193264.457917,-48.25,49.622,0.121,-0.118,-149,-718,-247
1780193264.480876,-48.03,48.309,0.12,-0.114,-154,-705,-246
1780193264.493149,-48.03,47.455,0.12,-0.112,-157,-699,-244
1780193264.517962,-47.809,45.484,0.119,-0.105,-166,-682,-240
1780193264.540531,-47.809,43.711,0.119,-0.099,-174,-671,-236
1780193264.563875,-47.699,42.266,0.119,-0.096,-178,-663,-234
1780193264.5865548,-47.589,41.149,0.118,-0.093,-182,-656,-232
1780193264.608973,-47.368,38.785,0.118,-0.085,-192,-641,-228
1780193264.633934,-47.313,37.406,0.118,-0.082,-197,-634,-225
1780193264.6570182,-47.203,35.501,0.117,-0.077,-203,-625,-222
1780193264.680696,-47.148,33.99,0.117,-0.072,-209,-618,-219
1780193264.693237,-46.983,31.626,0.117,-0.066,-219,-606,-215
1780193264.718675,-46.762,30.246,0.116,-0.062,-223,-598,-214
1780193264.741759,-46.707,27.882,0.116,-0.056,-233,-589,-209
1780193264.7671812,-46.707,26.305,0.116,-0.052,-239,-583,-206
1780193264.790231,-46.597,24.401,0.116,-0.047,-245,-576,-203
1780193264.813853,-46.597,22.43,0.116,-0.041,-254,-568,-199
1780193264.826296,-46.542,20.788,0.116,-0.038,-259,-563,-197
1780193264.851616,-46.542,20.591,0.116,-0.04,-256,-566,-198
1780193264.875201,-46.652,19.737,0.117,-0.039,-257,-567,-197
1780193264.900766,-46.597,19.212,0.117,-0.039,-257,-566,-197
1780193264.923425,-46.432,18.621,0.116,-0.039,-257,-564,-198
1780193264.9467258,-46.266,18.227,0.115,-0.039,-257,-562,-198
1780193264.971211,-46.046,18.358,0.114,-0.041,-254,-564,-201
1780193264.9948921,-45.991,18.555,0.114,-0.043,-251,-566,-202
1780193265.019826,-45.605,18.949,0.113,-0.046,-247,-566,-206
1780193265.042921,-45.274,19.212,0.112,-0.047,-245,-566,-208
1780193265.0682182,-44.778,19.803,0.11,-0.05,-241,-566,-212
1780193265.091207,-44.392,19.934,0.109,-0.051,-240,-563,-214
1780193265.114561,-44.062,20.525,0.108,-0.053,-237,-565,-217
1780193265.137841,-43.676,20.854,0.107,-0.054,-235,-563,-219
1780193265.16081,-43.235,21.445,0.106,-0.056,-232,-563,-222
1780193265.185995,-42.959,21.708,0.105,-0.057,-231,-563,-223
1780193265.208674,-42.629,22.299,0.104,-0.059,-228,-564,-225
1780193265.234337,-42.629,22.299,0.104,-0.059,-228,-564,-225
1780193265.2590458,-42.188,24.007,0.103,-0.066,-219,-570,-232
1780193265.289014,-42.078,25.057,0.103,-0.069,-215,-575,-234
1780193265.312172,-41.802,25.517,0.102,-0.07,-213,-574,-235
1780193265.336937,-41.361,25.846,0.101,-0.069,-213,-571,-237
1780193265.359396,-40.975,26.502,0.1,-0.071,-211,-571,-240
1780193265.385228,-40.535,27.291,0.099,-0.074,-208,-571,-243
1780193265.408664,-40.314,28.013,0.098,-0.076,-205,-573,-245
1780193265.434129,-40.259,29.064,0.099,-0.079,-200,-579,-246
1780193265.456625,-40.424,29.721,0.1,-0.081,-198,-584,-246
1780193265.479978,-40.535,30.837,0.101,-0.084,-194,-591,-248
1780193265.504603,-40.645,31.823,0.101,-0.087,-190,-597,-249
1780193265.527771,-40.865,33.005,0.103,-0.09,-185,-605,-250
1780193265.552427,-40.92,33.793,0.103,-0.092,-183,-609,-251
1780193265.575145,-40.755,34.384,0.102,-0.093,-182,-607,-253
1780193265.598141,-40.645,34.91,0.102,-0.094,-180,-608,-254
1780193265.610463,-40.424,35.698,0.101,-0.096,-178,-608,-256
1780193265.636103,-40.259,36.026,0.1,-0.096,-178,-607,-257
1780193265.6592052,-40.094,36.946,0.1,-0.098,-174,-610,-260
1780193265.686923,-40.039,37.668,0.1,-0.1,-171,-613,-261
1780193265.714932,-40.259,38.259,0.101,-0.101,-170,-617,-261
1780193265.739265,-40.259,38.522,0.101,-0.101,-170,-618,-261
1780193265.762284,-40.369,39.048,0.101,-0.102,-169,-621,-261
1780193265.7871108,0.0,0.0,0.103,-0.103,-318,-318,-318
1780193265.809809,0.0,0.0,0.103,-0.103,-318,-318,-318
1780193265.834613,0.0,0.0,0.103,-0.103,-318,-318,-318
1780193265.8573902,0.0,0.0,0.103,-0.103,-318,-318,-318
1780193265.8808398,0.0,0.0,0.103,-0.103,-318,-318,-318
1780193265.903736,0.0,0.0,0.103,-0.103,-318,-318,-318
1780193265.926141,0.0,0.0,0.103,-0.103,-318,-318,-318
1780193265.951034,0.0,0.0,0.103,-0.103,-318,-318,-318
1780193265.9737668,0.0,0.0,0.103,-0.103,-318,-318,-318
1780193265.9970748,0.0,0.0,0.103,-0.103,-318,-318,-318
1780193266.009384,0.0,0.0,0.103,-0.103,-318,-318,-318
1780193266.0349388,0.0,0.0,0.103,-0.103,-318,-318,-318
1780193266.0575519,0.0,0.0,0.103,-0.103,-318,-318,-318
1780193266.080876,0.0,0.0,0.103,-0.103,-318,-318,-318
1780193266.103725,0.0,0.0,0.103,-0.103,-318,-318,-318
1780193266.126627,0.0,0.0,0.103,-0.103,-318,-318,-318
1780193266.151361,0.0,0.0,0.103,-0.103,-318,-318,-318
1780193266.162118,0.0,0.0,0.103,-0.103,-318,-318,-318
1780193266.187466,0.0,0.0,0.103,-0.103,-318,-318,-318
1780193266.200115,0.0,0.0,0.103,-0.103,-318,-318,-318
1780193266.22269,0.0,0.0,0.103,-0.103,-318,-318,-318
1780193266.2457411,0.0,0.0,0.103,-0.103,-318,-318,-318
1780193266.27019,0.0,0.0,0.103,-0.103,-318,-318,-318
1780193266.292701,0.0,0.0,0.103,-0.103,-318,-318,-318
1780193266.317442,0.0,0.0,0.103,-0.103,-318,-318,-318
1780193266.34003,0.0,0.0,0.103,-0.103,-318,-318,-318
1780193266.3629801,0.0,0.0,0.103,-0.103,-318,-318,-318
1780193266.387725,0.0,0.0,0.103,-0.103,-318,-318,-318
1780193266.413954,0.0,0.0,0.103,-0.103,-318,-318,-318
1780193266.439426,0.0,0.0,0.103,-0.103,-318,-318,-318
1780193266.462732,0.0,0.0,0.103,-0.103,-318,-318,-318
1780193266.4877172,0.0,0.0,0.103,-0.103,-318,-318,-318
1780193266.511233,0.0,0.0,0.103,-0.103,-318,-318,-318
1780193266.535997,0.0,0.0,0.103,-0.103,-318,-318,-318
1780193266.558399,0.0,0.0,0.103,-0.103,-318,-318,-318
1780193266.583574,0.0,0.0,0.103,-0.103,-318,-318,-318
1780193266.606117,0.0,0.0,0.103,-0.103,-318,-318,-318
1780193266.62902,0.0,0.0,0.103,-0.103,-318,-318,-318
1780193266.653555,0.0,0.0,0.103,-0.103,-318,-318,-318
1780193266.676049,0.0,0.0,0.103,-0.103,-318,-318,-318
1780193266.700853,0.0,0.0,0.103,-0.103,-318,-318,-318
1780193266.727325,0.0,0.0,0.103,-0.103,-318,-318,-318
1780193266.755275,0.0,0.0,0.103,-0.103,-318,-318,-318
1780193266.779277,0.0,0.0,0.103,-0.103,-318,-318,-318
1780193266.803979,0.0,0.0,0.103,-0.103,-318,-318,-318
1780193266.8264902,0.0,0.0,0.103,-0.103,-318,-318,-318
1780193266.851549,0.0,0.0,0.103,-0.103,-318,-318,-318
1780193266.8749282,0.0,0.0,0.103,-0.103,-318,-318,-318
1780193266.897974,0.0,0.0,0.103,-0.103,-318,-318,-318
1780193266.910152,0.0,0.0,0.103,-0.103,-318,-318,-318
1780193266.935339,0.0,0.0,0.103,-0.103,-318,-318,-318
1780193266.9579442,0.0,0.0,0.103,-0.103,-318,-318,-318
1780193266.981001,0.0,0.0,0.103,-0.103,-318,-318,-318
1780193266.9932318,0.0,0.0,0.103,-0.103,-318,-318,-318
1780193267.018115,0.0,0.0,0.103,-0.103,-318,-318,-318
1780193267.040658,0.0,0.0,0.103,-0.103,-318,-318,-318
1780193267.063649,0.0,0.0,0.103,-0.103,-318,-318,-318
1780193267.075958,0.0,0.0,0.103,-0.103,-318,-318,-318
1780193267.1007612,0.0,0.0,0.103,-0.103,-318,-318,-318
1780193267.1232262,0.0,0.0,0.103,-0.103,-318,-318,-318
1780193267.147873,0.0,0.0,0.103,-0.103,-318,-318,-318
1780193267.172055,0.0,0.0,0.103,-0.103,-318,-318,-318
1780193267.195145,0.0,0.0,0.103,-0.103,-318,-318,-318
1780193267.219809,0.0,0.0,0.103,-0.103,-318,-318,-318
1780193267.2424908,0.0,0.0,0.103,-0.103,-318,-318,-318
1780193267.268262,0.0,0.0,0.103,-0.103,-318,-318,-318
1780193267.29088,0.0,0.0,0.103,-0.103,-318,-318,-318
1780193267.313906,0.0,0.0,0.103,-0.103,-318,-318,-318
1780193267.326184,0.0,0.0,0.103,-0.103,-318,-318,-318
1780193267.350933,0.0,0.0,0.103,-0.103,-318,-318,-318
1780193267.373379,0.0,0.0,0.103,-0.103,-318,-318,-318
1780193267.397108,0.0,0.0,0.103,-0.103,-318,-318,-318
1780193267.409438,0.0,0.0,0.103,-0.103,-318,-318,-318
1780193267.434208,0.0,0.0,0.103,-0.103,-318,-318,-318
1780193267.4567811,0.0,0.0,0.103,-0.103,-318,-318,-318
1780193267.479737,0.0,0.0,0.103,-0.103,-318,-318,-318
1780193267.5042932,0.0,0.0,0.103,-0.103,-318,-318,-318
1780193267.527242,0.0,0.0,0.103,-0.103,-318,-318,-318
1780193267.551754,0.0,0.0,0.103,-0.103,-318,-318,-318
1780193267.574848,0.0,0.0,0.103,-0.103,-318,-318,-318
1780193267.601208,0.0,0.0,0.103,-0.103,-318,-318,-318
1780193267.624426,0.0,0.0,0.103,-0.103,-318,-318,-318
1780193267.6479669,0.0,0.0,0.103,-0.103,-318,-318,-318
1780193267.672116,0.0,0.0,0.103,-0.103,-318,-318,-318
1780193267.695772,0.0,0.0,0.103,-0.103,-318,-318,-318
1780193267.7210822,0.0,0.0,0.103,-0.103,-318,-318,-318
1780193267.7447941,0.0,0.0,0.103,-0.103,-318,-318,-318
1780193267.7703848,0.0,0.0,0.103,-0.103,-318,-318,-318
1780193267.7941918,0.0,0.0,0.103,-0.103,-318,-318,-318
1780193267.819296,0.0,0.0,0.103,-0.103,-318,-318,-318
1780193267.8422039,0.0,0.0,0.103,-0.103,-318,-318,-318
1780193267.868258,0.0,0.0,0.103,-0.103,-318,-318,-318
1780193267.891558,0.0,0.0,0.103,-0.103,-318,-318,-318
1780193267.917456,0.0,0.0,0.103,-0.103,-318,-318,-318
1780193267.939997,0.0,0.0,0.103,-0.103,-318,-318,-318
1780193267.962966,0.0,0.0,0.103,-0.103,-318,-318,-318
1780193267.987373,0.0,0.0,0.103,-0.103,-318,-318,-318
1780193268.0105228,0.0,0.0,0.103,-0.103,-318,-318,-318
1780193268.035986,0.0,0.0,0.103,-0.103,-318,-318,-318
1780193268.0591612,0.0,0.0,0.103,-0.103,-318,-318,-318
1780193268.0851939,0.0,0.0,0.103,-0.103,-318,-318,-318
1780193268.108906,0.0,0.0,0.103,-0.103,-318,-318,-318
1780193268.135089,0.0,0.0,0.103,-0.103,-318,-318,-318
1780193268.1581109,0.0,0.0,0.103,-0.103,-318,-318,-318
1780193268.183667,0.0,0.0,0.103,-0.103,-318,-318,-318
1780193268.2063239,0.0,0.0,0.103,-0.103,-318,-318,-318
1780193268.2292109,0.0,0.0,0.103,-0.103,-318,-318,-318
1780193268.253888,0.0,0.0,0.103,-0.103,-318,-318,-318
1780193268.26459,0.0,0.0,0.103,-0.103,-318,-318,-318
1780193268.289375,0.0,0.0,0.103,-0.103,-318,-318,-318
1780193268.312344,0.0,0.0,0.103,-0.103,-318,-318,-318
1780193268.337121,0.0,0.0,0.103,-0.103,-318,-318,-318
1780193268.3596091,0.0,0.0,0.103,-0.103,-318,-318,-318
1780193268.38479,0.0,0.0,0.103,-0.103,-318,-318,-318
1780193268.407258,0.0,0.0,0.103,-0.103,-318,-318,-318
1780193268.430486,0.0,0.0,0.103,-0.103,-318,-318,-318
1780193268.4428082,0.0,0.0,0.103,-0.103,-318,-318,-318
1780193268.467617,0.0,0.0,0.103,-0.103,-318,-318,-318
1780193268.4900758,0.0,0.0,0.103,-0.103,-318,-318,-318
1780193268.513066,0.0,0.0,0.103,-0.103,-318,-318,-318
1780193268.537708,0.0,0.0,0.103,-0.103,-318,-318,-318
1780193268.560713,0.0,0.0,0.103,-0.103,-318,-318,-318
1780193268.5852091,0.0,0.0,0.103,-0.103,-318,-318,-318
1780193268.607681,0.0,0.0,0.103,-0.103,-318,-318,-318
1780193268.630241,0.0,0.0,0.103,-0.103,-318,-318,-318
1780193268.64252,0.0,0.0,0.103,-0.103,-318,-318,-318
1780193268.667132,0.0,0.0,0.103,-0.103,-318,-318,-318
1780193268.689676,0.0,0.0,0.103,-0.103,-318,-318,-318
1780193268.712665,0.0,0.0,0.103,-0.103,-318,-318,-318
1780193268.737111,0.0,0.0,0.103,-0.103,-318,-318,-318
1780193268.75953,0.0,0.0,0.103,-0.103,-318,-318,-318
1780193268.7844632,0.0,0.0,0.103,-0.103,-318,-318,-318
1780193268.806798,0.0,0.0,0.103,-0.103,-318,-318,-318
1780193268.8296928,0.0,0.0,0.103,-0.103,-318,-318,-318
1780193268.853905,0.0,0.0,0.103,-0.103,-318,-318,-318
1780193268.8764899,0.0,0.0,0.103,-0.103,-318,-318,-318
1780193268.901254,0.0,0.0,0.103,-0.103,-318,-318,-318
1780193268.923672,0.0,0.0,0.103,-0.103,-318,-318,-318
1780193268.946424,0.0,0.0,0.103,-0.103,-318,-318,-318
1780193268.970709,0.0,0.0,0.103,-0.103,-318,-318,-318
1780193268.9936268,0.0,0.0,0.103,-0.103,-318,-318,-318
1780193269.018124,0.0,0.0,0.103,-0.103,-318,-318,-318
1780193269.040427,0.0,0.0,0.103,-0.103,-318,-318,-318
1780193269.0630069,0.0,0.0,0.103,-0.103,-318,-318,-318
1780193269.0870872,0.0,0.0,0.103,-0.103,-318,-318,-318
1780193269.110933,0.0,0.0,0.103,-0.103,-318,-318,-318
1780193269.135596,0.0,0.0,0.103,-0.103,-318,-318,-318
1780193269.158488,0.0,0.0,0.103,-0.103,-318,-318,-318
1780193269.183211,0.0,0.0,0.103,-0.103,-318,-318,-318
1780193269.205569,0.0,0.0,0.103,-0.103,-318,-318,-318
1780193269.2284749,0.0,0.0,0.103,-0.103,-318,-318,-318
1780193269.252924,0.0,0.0,0.103,-0.103,-318,-318,-318
1780193269.2753751,0.0,0.0,0.103,-0.103,-318,-318,-318
1780193269.300231,0.0,0.0,0.103,-0.103,-318,-318,-318
1780193269.322657,0.0,0.0,0.103,-0.103,-318,-318,-318
1780193269.345612,0.0,0.0,0.103,-0.103,-318,-318,-318
1780193269.369858,0.0,0.0,0.103,-0.103,-318,-318,-318
1780193269.392294,0.0,0.0,0.103,-0.103,-318,-318,-318
1780193269.41698,0.0,0.0,0.103,-0.103,-318,-318,-318
1780193269.43941,0.0,0.0,0.103,-0.103,-318,-318,-318
1780193269.462429,0.0,0.0,0.103,-0.103,-318,-318,-318
1780193269.487155,0.0,0.0,0.103,-0.103,-318,-318,-318
1780193269.509541,0.0,0.0,0.103,-0.103,-318,-318,-318
1780193269.535006,0.0,0.0,0.103,-0.103,-318,-318,-318
1780193269.558205,0.0,0.0,0.103,-0.103,-318,-318,-318
1780193269.5837162,0.0,0.0,0.103,-0.103,-318,-318,-318
1780193269.606168,0.0,0.0,0.103,-0.103,-318,-318,-318
1780193269.629358,0.0,0.0,0.103,-0.103,-318,-318,-318
1780193269.6544142,0.0,0.0,0.103,-0.103,-318,-318,-318
1780193269.6778612,0.0,0.0,0.103,-0.103,-318,-318,-318
1780193269.7028039,0.0,0.0,0.103,-0.103,-318,-318,-318
1780193269.7258298,0.0,0.0,0.103,-0.103,-318,-318,-318
1780193269.7511868,0.0,0.0,0.103,-0.103,-318,-318,-318
1780193269.7740989,0.0,0.0,0.103,-0.103,-318,-318,-318
1780193269.797285,0.0,0.0,0.103,-0.103,-318,-318,-318
1780193269.809549,0.0,0.0,0.103,-0.103,-318,-318,-318
1780193269.83455,0.0,0.0,0.103,-0.103,-318,-318,-318
1780193269.8569431,0.0,0.0,0.103,-0.103,-318,-318,-318
1780193269.880223,0.0,0.0,0.103,-0.103,-318,-318,-318
1780193269.903358,0.0,0.0,0.103,-0.103,-318,-318,-318
1780193269.925975,0.0,0.0,0.103,-0.103,-318,-318,-318
1780193269.950572,0.0,0.0,0.103,-0.103,-318,-318,-318
1780193269.972963,0.0,0.0,0.103,-0.103,-318,-318,-318
1780193269.996243,0.0,0.0,0.103,-0.103,-318,-318,-318
1780193270.0207539,0.0,0.0,0.103,-0.103,-318,-318,-318
1780193270.0437691,0.0,0.0,0.103,-0.103,-318,-318,-318
1780193270.067947,0.0,0.0,0.103,-0.103,-318,-318,-318
1780193270.090508,0.0,0.0,0.103,-0.103,-318,-318,-318
1780193270.113445,0.0,0.0,0.103,-0.103,-318,-318,-318
1780193270.125679,0.0,0.0,0.103,-0.103,-318,-318,-318
1780193270.1505878,0.0,0.0,0.103,-0.103,-318,-318,-318
1780193270.173137,0.0,0.0,0.103,-0.103,-318,-318,-318
1780193270.195874,0.0,0.0,0.103,-0.103,-318,-318,-318
1780193270.22048,0.0,0.0,0.103,-0.103,-318,-318,-318
1780193270.2436821,0.0,0.0,0.103,-0.103,-318,-318,-318
1780193270.2684941,0.0,0.0,0.103,-0.103,-318,-318,-318
1780193270.290914,0.0,0.0,0.103,-0.103,-318,-318,-318
1780193270.314112,0.0,0.0,0.103,-0.103,-318,-318,-318
1780193270.326417,0.0,0.0,0.103,-0.103,-318,-318,-318
1780193270.351275,0.0,0.0,0.103,-0.103,-318,-318,-318
1780193270.373924,0.0,0.0,0.103,-0.103,-318,-318,-318
1780193270.3975658,0.0,0.0,0.103,-0.103,-318,-318,-318
1780193270.409856,0.0,0.0,0.103,-0.103,-318,-318,-318
1780193270.4348328,0.0,0.0,0.103,-0.103,-318,-318,-318
1780193270.457292,0.0,0.0,0.103,-0.103,-318,-318,-318
1780193270.480302,0.0,0.0,0.103,-0.103,-318,-318,-318
1780193270.492539,0.0,0.0,0.103,-0.103,-318,-318,-318
1780193270.51744,0.0,0.0,0.103,-0.103,-318,-318,-318
1780193270.539934,0.0,0.0,0.103,-0.103,-318,-318,-318
1780193270.563044,0.0,0.0,0.103,-0.103,-318,-318,-318
1780193270.587543,0.0,0.0,0.103,-0.103,-318,-318,-318
1780193270.610486,0.0,0.0,0.103,-0.103,-318,-318,-318
1780193270.634869,0.0,0.0,0.103,-0.103,-318,-318,-318
1780193270.6574101,0.0,0.0,0.103,-0.103,-318,-318,-318
1780193270.68046,0.0,0.0,0.103,-0.103,-318,-318,-318
1780193270.692702,0.0,0.0,0.103,-0.103,-318,-318,-318
1780193270.71853,0.0,0.0,0.103,-0.103,-318,-318,-318
1780193270.7412841,0.0,0.0,0.103,-0.103,-318,-318,-318
1780193270.764338,0.0,0.0,0.103,-0.103,-318,-318,-318
1780193270.7765539,0.0,0.0,0.103,-0.103,-318,-318,-318
1780193270.801924,0.0,0.0,0.103,-0.103,-318,-318,-318
1780193270.82482,0.0,0.0,0.103,-0.103,-318,-318,-318
1780193270.849823,0.0,0.0,0.103,-0.103,-318,-318,-318
1780193270.872729,0.0,0.0,0.103,-0.103,-318,-318,-318
1780193270.885597,0.0,0.0,0.103,-0.103,-318,-318,-318
1780193270.9084811,0.0,0.0,0.103,-0.103,-318,-318,-318
1780193270.933663,0.0,0.0,0.103,-0.103,-318,-318,-318
1780193270.956532,0.0,0.0,0.103,-0.103,-318,-318,-318
1780193270.9798641,0.0,0.0,0.103,-0.103,-318,-318,-318
1780193270.992193,0.0,0.0,0.103,-0.103,-318,-318,-318
1780193271.0168939,0.0,0.0,0.103,-0.103,-318,-318,-318
1780193271.039546,0.0,0.0,0.103,-0.103,-318,-318,-318
1780193271.0627131,0.0,0.0,0.103,-0.103,-318,-318,-318
1780193271.087151,0.0,0.0,0.103,-0.103,-318,-318,-318
1780193271.110337,0.0,0.0,0.103,-0.103,-318,-318,-318
1780193271.135086,0.0,0.0,0.103,-0.103,-318,-318,-318
1780193271.15786,0.0,0.0,0.103,-0.103,-318,-318,-318
1780193271.183112,0.0,0.0,0.103,-0.103,-318,-318,-318
1780193271.205881,0.0,0.0,0.103,-0.103,-318,-318,-318
1780193271.229344,0.0,0.0,0.103,-0.103,-318,-318,-318
1780193271.254121,0.0,0.0,0.103,-0.103,-318,-318,-318
1780193271.277311,0.0,0.0,0.103,-0.103,-318,-318,-318
1780193271.301743,0.0,0.0,0.103,-0.103,-318,-318,-318
1780193271.32463,0.0,0.0,0.103,-0.103,-318,-318,-318
1780193271.34765,0.0,0.0,0.103,-0.103,-318,-318,-318
1780193271.359862,0.0,0.0,0.103,-0.103,-318,-318,-318
1780193271.385163,0.0,0.0,0.103,-0.103,-318,-318,-318
1780193271.4077241,0.0,0.0,0.103,-0.103,-318,-318,-318
1780193271.4307709,0.0,0.0,0.103,-0.103,-318,-318,-318
1780193271.442972,0.0,0.0,0.103,-0.103,-318,-318,-318
1780193271.467874,0.0,0.0,0.103,-0.103,-318,-318,-318
1780193271.490497,0.0,0.0,0.103,-0.103,-318,-318,-318
1780193271.513503,0.0,0.0,0.103,-0.103,-318,-318,-318
1780193271.52578,0.0,0.0,0.103,-0.103,-318,-318,-318
1780193271.550797,0.0,0.0,0.103,-0.103,-318,-318,-318
1780193271.576023,0.0,0.0,0.103,-0.103,-318,-318,-318
1780193271.603298,0.0,0.0,0.103,-0.103,-318,-318,-318
1780193271.627936,0.0,0.0,0.103,-0.103,-318,-318,-318
1780193271.6542878,0.0,0.0,0.103,-0.103,-318,-318,-318
1780193271.6786401,0.0,0.0,0.103,-0.103,-318,-318,-318
1780193271.704509,0.0,0.0,0.103,-0.103,-318,-318,-318
1780193271.728962,0.0,0.0,0.103,-0.103,-318,-318,-318
1780193271.755038,0.0,0.0,0.103,-0.103,-318,-318,-318
1780193271.780085,0.0,0.0,0.103,-0.103,-318,-318,-318
1780193271.806023,0.0,0.0,0.103,-0.103,-318,-318,-318
1780193271.8335319,0.0,0.0,0.103,-0.103,-318,-318,-318
1780193271.8593652,0.0,0.0,0.103,-0.103,-318,-318,-318
1780193271.88825,0.0,0.0,0.103,-0.103,-318,-318,-318
1780193271.9169998,0.0,0.0,0.103,-0.103,-318,-318,-318
1780193271.943207,0.0,0.0,0.103,-0.103,-318,-318,-318
1780193271.972387,0.0,0.0,0.103,-0.103,-318,-318,-318
1780193272.0019479,0.0,0.0,0.103,-0.103,-318,-318,-318
1780193272.027463,0.0,0.0,0.103,-0.103,-318,-318,-318
1780193272.056433,0.0,0.0,0.103,-0.103,-318,-318,-318
1780193272.087163,0.0,0.0,0.103,-0.103,-318,-318,-318
1780193272.116708,0.0,0.0,0.103,-0.103,-318,-318,-318
1780193272.142121,0.0,0.0,0.103,-0.103,-318,-318,-318
1780193272.171865,0.0,0.0,0.103,-0.103,-318,-318,-318
1780193272.2017999,0.0,0.0,0.103,-0.103,-318,-318,-318
1780193272.229645,0.0,0.0,0.103,-0.103,-318,-318,-318
1780193272.258781,0.0,0.0,0.103,-0.103,-318,-318,-318
1780193272.289713,0.0,0.0,0.103,-0.103,-318,-318,-318
1780193272.320122,0.0,0.0,0.103,-0.103,-318,-318,-318
1780193272.346933,0.0,0.0,0.103,-0.103,-318,-318,-318
1780193272.360558,0.0,0.0,0.103,-0.103,-318,-318,-318
1780193272.387638,0.0,0.0,0.103,-0.103,-318,-318,-318
1780193272.412035,0.0,0.0,0.103,-0.103,-318,-318,-318
1780193272.437435,0.0,0.0,0.103,-0.103,-318,-318,-318
1780193272.461047,0.0,0.0,0.103,-0.103,-318,-318,-318
1780193272.486544,0.0,0.0,0.103,-0.103,-318,-318,-318
1780193272.509835,0.0,0.0,0.103,-0.103,-318,-318,-318
1780193272.5358999,0.0,0.0,0.103,-0.103,-318,-318,-318
1780193272.566566,0.0,0.0,0.103,-0.103,-318,-318,-318
1780193272.5978591,0.0,0.0,0.103,-0.103,-318,-318,-318
1780193272.624393,0.0,0.0,0.103,-0.103,-318,-318,-318
1780193272.6501372,0.0,0.0,0.103,-0.103,-318,-318,-318
1780193272.6734521,0.0,0.0,0.103,-0.103,-318,-318,-318
1780193272.697475,0.0,0.0,0.103,-0.103,-318,-318,-318
1780193272.710142,0.0,0.0,0.103,-0.103,-318,-318,-318
1780193272.7359092,0.0,0.0,0.103,-0.103,-318,-318,-318
1780193272.75933,0.0,0.0,0.103,-0.103,-318,-318,-318
1780193272.7853172,0.0,0.0,0.103,-0.103,-318,-318,-318
1780193272.8085382,0.0,0.0,0.103,-0.103,-318,-318,-318
1780193272.834433,0.0,0.0,0.103,-0.103,-318,-318,-318
1780193272.857567,0.0,0.0,0.103,-0.103,-318,-318,-318
1780193272.883327,0.0,0.0,0.103,-0.103,-318,-318,-318
1780193272.9062111,0.0,0.0,0.103,-0.103,-318,-318,-318
1780193272.929706,0.0,0.0,0.103,-0.103,-318,-318,-318
1780193272.9545841,0.0,0.0,0.103,-0.103,-318,-318,-318
1780193272.977807,0.0,0.0,0.103,-0.103,-318,-318,-318
1780193273.002343,0.0,0.0,0.103,-0.103,-318,-318,-318
1780193273.0249112,0.0,0.0,0.103,-0.103,-318,-318,-318
1780193273.0477,0.0,0.0,0.103,-0.103,-318,-318,-318
1780193273.06,0.0,0.0,0.103,-0.103,-318,-318,-318
1780193273.085173,0.0,0.0,0.103,-0.103,-318,-318,-318
1780193273.108014,0.0,0.0,0.103,-0.103,-318,-318,-318
1780193273.133027,0.0,0.0,0.103,-0.103,-318,-318,-318
1780193273.1556349,0.0,0.0,0.103,-0.103,-318,-318,-318
1780193273.178609,0.0,0.0,0.103,-0.103,-318,-318,-318
1780193273.202997,0.0,0.0,0.103,-0.103,-318,-318,-318
1780193273.225486,0.0,0.0,0.103,-0.103,-318,-318,-318
1780193273.250356,0.0,0.0,0.103,-0.103,-318,-318,-318
1780193273.272819,0.0,0.0,0.103,-0.103,-318,-318,-318
1780193273.29651,0.0,0.0,0.103,-0.103,-318,-318,-318
1780193273.309044,0.0,0.0,0.103,-0.103,-318,-318,-318
1780193273.335395,0.0,0.0,0.103,-0.103,-318,-318,-318
1780193273.35907,0.0,0.0,0.103,-0.103,-318,-318,-318
1780193273.3850539,0.0,0.0,0.103,-0.103,-318,-318,-318
1780193273.408276,0.0,0.0,0.103,-0.103,-318,-318,-318
1780193273.433533,0.0,0.0,0.103,-0.103,-318,-318,-318
1780193273.4561448,0.0,0.0,0.103,-0.103,-318,-318,-318
1780193273.4798238,0.0,0.0,0.103,-0.103,-318,-318,-318
1780193273.4923809,0.0,0.0,0.103,-0.103,-318,-318,-318
1780193273.5175061,0.0,0.0,0.103,-0.103,-318,-318,-318
1780193273.540564,0.0,0.0,0.103,-0.103,-318,-318,-318
1780193273.563848,0.0,0.0,0.103,-0.103,-318,-318,-318
1780193273.5762858,0.0,0.0,0.103,-0.103,-318,-318,-318
1780193273.60126,0.0,0.0,0.103,-0.103,-318,-318,-318
1780193273.627372,0.0,0.0,0.103,-0.103,-318,-318,-318
1780193273.654034,0.0,0.0,0.103,-0.103,-318,-318,-318
1780193273.677679,0.0,0.0,0.103,-0.103,-318,-318,-318
1780193273.702286,0.0,0.0,0.103,-0.103,-318,-318,-318
1780193273.724884,0.0,0.0,0.103,-0.103,-318,-318,-318
1780193273.749985,0.0,0.0,0.103,-0.103,-318,-318,-318
1780193273.773509,0.0,0.0,0.103,-0.103,-318,-318,-318
1780193273.8000588,0.0,0.0,0.103,-0.103,-318,-318,-318
1780193273.823542,0.0,0.0,0.103,-0.103,-318,-318,-318
1780193273.847221,0.0,0.0,0.103,-0.103,-318,-318,-318
1780193273.85985,0.0,0.0,0.103,-0.103,-318,-318,-318
1780193273.88502,0.0,0.0,0.103,-0.103,-318,-318,-318
1780193273.907858,0.0,0.0,0.103,-0.103,-318,-318,-318
1780193273.9333491,0.0,0.0,0.103,-0.103,-318,-318,-318
1780193273.944247,0.0,0.0,0.103,-0.103,-318,-318,-318
1780193273.96852,0.0,0.0,0.103,-0.103,-318,-318,-318
1780193273.991447,0.0,0.0,0.103,-0.103,-318,-318,-318
1780193274.016568,0.0,0.0,0.103,-0.103,-318,-318,-318
1780193274.039066,0.0,0.0,0.103,-0.103,-318,-318,-318
1780193274.062258,0.0,0.0,0.103,-0.103,-318,-318,-318
1780193274.087371,0.0,0.0,0.103,-0.103,-318,-318,-318
1780193274.1107998,0.0,0.0,0.103,-0.103,-318,-318,-318
1780193274.135193,0.0,0.0,0.103,-0.103,-318,-318,-318
1780193274.157761,0.0,0.0,0.103,-0.103,-318,-318,-318
1780193274.180616,0.0,0.0,0.103,-0.103,-318,-318,-318
1780193274.203582,0.0,0.0,0.103,-0.103,-318,-318,-318
1780193274.226528,0.0,0.0,0.103,-0.103,-318,-318,-318
1780193274.2519429,0.0,0.0,0.103,-0.103,-318,-318,-318
1780193274.275365,0.0,0.0,0.103,-0.103,-318,-318,-318
1780193274.301567,0.0,0.0,0.103,-0.103,-318,-318,-318
1780193274.325004,0.0,0.0,0.103,-0.103,-318,-318,-318
1780193274.351082,0.0,0.0,0.103,-0.103,-318,-318,-318
1780193274.374749,0.0,0.0,0.103,-0.103,-318,-318,-318
1780193274.400608,0.0,0.0,0.103,-0.103,-318,-318,-318
1780193274.423595,0.0,0.0,0.103,-0.103,-318,-318,-318
1780193274.449652,0.0,0.0,0.103,-0.103,-318,-318,-318
1780193274.473553,0.0,0.0,0.103,-0.103,-318,-318,-318
1780193274.4864519,0.0,0.0,0.103,-0.103,-318,-318,-318
1780193274.509501,0.0,0.0,0.103,-0.103,-318,-318,-318
1780193274.535029,0.0,0.0,0.103,-0.103,-318,-318,-318
1780193274.5578449,0.0,0.0,0.103,-0.103,-318,-318,-318
1780193274.583207,0.0,0.0,0.103,-0.103,-318,-318,-318
1780193274.605808,0.0,0.0,0.103,-0.103,-318,-318,-318
1780193274.6294131,0.0,0.0,0.103,-0.103,-318,-318,-318
1780193274.653981,0.0,0.0,0.103,-0.103,-318,-318,-318
1780193274.676912,0.0,0.0,0.103,-0.103,-318,-318,-318
1780193274.701447,0.0,0.0,0.103,-0.103,-318,-318,-318
1780193274.723972,0.0,0.0,0.103,-0.103,-318,-318,-318
1780193274.7471292,0.0,0.0,0.103,-0.103,-318,-318,-318
1780193274.759386,0.0,0.0,0.103,-0.103,-318,-318,-318
1780193274.7843468,0.0,0.0,0.103,-0.103,-318,-318,-318
1780193274.806877,0.0,0.0,0.103,-0.103,-318,-318,-318
1780193274.8296242,0.0,0.0,0.103,-0.103,-318,-318,-318
1780193274.84192,0.0,0.0,0.103,-0.103,-318,-318,-318
1780193274.866792,0.0,0.0,0.103,-0.103,-318,-318,-318
1780193274.889399,0.0,0.0,0.103,-0.103,-318,-318,-318
1780193274.912225,0.0,0.0,0.103,-0.103,-318,-318,-318
1780193274.936876,0.0,0.0,0.103,-0.103,-318,-318,-318
1780193274.9592981,0.0,0.0,0.103,-0.103,-318,-318,-318
1780193274.984155,0.0,0.0,0.103,-0.103,-318,-318,-318
1780193275.006631,0.0,0.0,0.103,-0.103,-318,-318,-318
1780193275.02939,0.0,0.0,0.103,-0.103,-318,-318,-318
1780193275.0536692,0.0,0.0,0.103,-0.103,-318,-318,-318
1780193275.077187,0.0,0.0,0.103,-0.103,-318,-318,-318
1780193275.102004,0.0,0.0,0.103,-0.103,-318,-318,-318
1780193275.125288,0.0,0.0,0.103,-0.103,-318,-318,-318
1780193275.150723,0.0,0.0,0.103,-0.103,-318,-318,-318
1780193275.173811,0.0,0.0,0.103,-0.103,-318,-318,-318
1780193275.197087,0.0,0.0,0.103,-0.103,-318,-318,-318
1780193275.2200909,0.0,0.0,0.103,-0.103,-318,-318,-318
1780193275.2429178,0.0,0.0,0.103,-0.103,-318,-318,-318
1780193275.2676322,0.0,0.0,0.103,-0.103,-318,-318,-318
1780193275.2900321,0.0,0.0,0.103,-0.103,-318,-318,-318
1780193275.313316,0.0,0.0,0.103,-0.103,-318,-318,-318
1780193275.3360078,0.0,0.0,0.103,-0.103,-318,-318,-318
1780193275.358836,0.0,0.0,0.103,-0.103,-318,-318,-318
1780193275.383363,0.0,0.0,0.103,-0.103,-318,-318,-318
1780193275.4061928,0.0,0.0,0.103,-0.103,-318,-318,-318
1780193275.429995,0.0,0.0,0.103,-0.103,-318,-318,-318
1780193275.442699,0.0,0.0,0.103,-0.103,-318,-318,-318
1780193275.46913,0.0,0.0,0.103,-0.103,-318,-318,-318
1780193275.492853,0.0,0.0,0.103,-0.103,-318,-318,-318
1780193275.516841,0.0,0.0,0.103,-0.103,-318,-318,-318
1780193275.541975,0.0,0.0,0.103,-0.103,-318,-318,-318
1780193275.567601,0.0,0.0,0.103,-0.103,-318,-318,-318
1780193275.5907378,0.0,0.0,0.103,-0.103,-318,-318,-318
1780193275.614142,0.0,0.0,0.103,-0.103,-318,-318,-318
1780193275.637711,0.0,0.0,0.103,-0.103,-318,-318,-318
1780193275.660912,0.0,0.0,0.103,-0.103,-318,-318,-318
1780193275.6867042,0.0,0.0,0.103,-0.103,-318,-318,-318
1780193275.710707,0.0,0.0,0.103,-0.103,-318,-318,-318
1780193275.735132,0.0,0.0,0.103,-0.103,-318,-318,-318
1780193275.757586,0.0,0.0,0.103,-0.103,-318,-318,-318
1780193275.780561,0.0,0.0,0.103,-0.103,-318,-318,-318
1780193275.792727,0.0,0.0,0.103,-0.103,-318,-318,-318
1780193275.8172338,0.0,0.0,0.103,-0.103,-318,-318,-318
1780193275.839782,0.0,0.0,0.103,-0.103,-318,-318,-318
1780193275.862633,0.0,0.0,0.103,-0.103,-318,-318,-318
1780193275.886689,0.0,0.0,0.103,-0.103,-318,-318,-318
1780193275.909204,0.0,0.0,0.103,-0.103,-318,-318,-318
1780193275.9339688,0.0,0.0,0.103,-0.103,-318,-318,-318
1780193275.956487,0.0,0.0,0.103,-0.103,-318,-318,-318
1780193275.9802291,0.0,0.0,0.103,-0.103,-318,-318,-318
1780193276.003505,0.0,0.0,0.103,-0.103,-318,-318,-318
1780193276.02619,0.0,0.0,0.103,-0.103,-318,-318,-318
1780193276.050747,0.0,0.0,0.103,-0.103,-318,-318,-318
1780193276.073163,0.0,0.0,0.103,-0.103,-318,-318,-318
1780193276.096092,0.0,0.0,0.103,-0.103,-318,-318,-318
1780193276.1203358,0.0,0.0,0.103,-0.103,-318,-318,-318
1780193276.143235,0.0,0.0,0.103,-0.103,-318,-318,-318
1780193276.167617,0.0,0.0,0.103,-0.103,-318,-318,-318
1780193276.1899352,0.0,0.0,0.103,-0.103,-318,-318,-318
1780193276.2127712,0.0,0.0,0.103,-0.103,-318,-318,-318
1780193276.237202,0.0,0.0,0.103,-0.103,-318,-318,-318
1780193276.2602031,0.0,0.0,0.103,-0.103,-318,-318,-318
1780193276.2846332,0.0,0.0,0.103,-0.103,-318,-318,-318
1780193276.306907,0.0,0.0,0.103,-0.103,-318,-318,-318
1780193276.329955,0.0,0.0,0.103,-0.103,-318,-318,-318
1780193276.3420959,0.0,0.0,0.103,-0.103,-318,-318,-318
1780193276.3668458,0.0,0.0,0.103,-0.103,-318,-318,-318
1780193276.389229,0.0,0.0,0.103,-0.103,-318,-318,-318
1780193276.412229,0.0,0.0,0.103,-0.103,-318,-318,-318
1780193276.436515,0.0,0.0,0.103,-0.103,-318,-318,-318
1780193276.458953,0.0,0.0,0.103,-0.103,-318,-318,-318
1780193276.483743,0.0,0.0,0.103,-0.103,-318,-318,-318
1780193276.506816,0.0,0.0,0.103,-0.103,-318,-318,-318
1780193276.5303192,0.0,0.0,0.103,-0.103,-318,-318,-318
1780193276.5427132,0.0,0.0,0.103,-0.103,-318,-318,-318
1780193276.5681112,0.0,0.0,0.103,-0.103,-318,-318,-318
1780193276.591125,0.0,0.0,0.103,-0.103,-318,-318,-318
1780193276.616315,0.0,0.0,0.103,-0.103,-318,-318,-318
1780193276.639561,0.0,0.0,0.103,-0.103,-318,-318,-318
1780193276.662604,0.0,0.0,0.103,-0.103,-318,-318,-318
1780193276.6870651,0.0,0.0,0.103,-0.103,-318,-318,-318
1780193276.710515,0.0,0.0,0.103,-0.103,-318,-318,-318
1780193276.735994,0.0,0.0,0.103,-0.103,-318,-318,-318
1780193276.759292,0.0,0.0,0.103,-0.103,-318,-318,-318
1780193276.785562,0.0,0.0,0.103,-0.103,-318,-318,-318
1780193276.8096159,0.0,0.0,0.103,-0.103,-318,-318,-318
1780193276.836352,0.0,0.0,0.103,-0.103,-318,-318,-318
1780193276.8602822,0.0,0.0,0.103,-0.103,-318,-318,-318
1780193276.886336,0.0,0.0,0.103,-0.103,-318,-318,-318
1780193276.910948,0.0,0.0,0.103,-0.103,-318,-318,-318
1780193276.936397,0.0,0.0,0.103,-0.103,-318,-318,-318
1780193276.9601972,0.0,0.0,0.103,-0.103,-318,-318,-318
1780193276.985379,0.0,0.0,0.103,-0.103,-318,-318,-318
1780193277.008404,0.0,0.0,0.103,-0.103,-318,-318,-318
1780193277.033801,0.0,0.0,0.103,-0.103,-318,-318,-318
1780193277.056715,0.0,0.0,0.103,-0.103,-318,-318,-318
1780193277.080409,0.0,0.0,0.103,-0.103,-318,-318,-318
1780193277.103134,0.0,0.0,0.103,-0.103,-318,-318,-318
1780193277.125973,0.0,0.0,0.103,-0.103,-318,-318,-318
1780193277.150806,0.0,0.0,0.103,-0.103,-318,-318,-318
1780193277.173244,0.0,0.0,0.103,-0.103,-318,-318,-318
1780193277.1962008,0.0,0.0,0.103,-0.103,-318,-318,-318
1780193277.208401,0.0,0.0,0.103,-0.103,-318,-318,-318
1780193277.233231,0.0,0.0,0.103,-0.103,-318,-318,-318
1780193277.255648,0.0,0.0,0.103,-0.103,-318,-318,-318
1780193277.27849,0.0,0.0,0.103,-0.103,-318,-318,-318
1780193277.302691,0.0,0.0,0.103,-0.103,-318,-318,-318
1780193277.324919,0.0,0.0,0.103,-0.103,-318,-318,-318
1780193277.3496141,0.0,0.0,0.103,-0.103,-318,-318,-318
1780193277.3720052,0.0,0.0,0.103,-0.103,-318,-318,-318
1780193277.3947861,0.0,0.0,0.103,-0.103,-318,-318,-318
1780193277.418963,0.0,0.0,0.103,-0.103,-318,-318,-318
1780193277.441417,0.0,0.0,0.103,-0.103,-318,-318,-318
1780193277.4639099,0.0,0.0,0.103,-0.103,-318,-318,-318
1780193277.4760141,0.0,0.0,0.103,-0.103,-318,-318,-318
1780193277.500814,0.0,0.0,0.103,-0.103,-318,-318,-318
1780193277.523388,0.0,0.0,0.103,-0.103,-318,-318,-318
1780193277.546274,0.0,0.0,0.103,-0.103,-318,-318,-318
1780193277.558485,0.0,0.0,0.103,-0.103,-318,-318,-318
1780193277.583403,0.0,0.0,0.103,-0.103,-318,-318,-318
1780193277.606016,0.0,0.0,0.103,-0.103,-318,-318,-318
1780193277.618437,0.0,0.0,0.103,-0.103,-318,-318,-318
1780193277.640787,0.0,0.0,0.103,-0.103,-318,-318,-318
1780193277.666004,0.0,0.0,0.103,-0.103,-318,-318,-318
1780193277.688724,0.0,0.0,0.103,-0.103,-318,-318,-318
1780193277.7114902,0.0,0.0,0.103,-0.103,-318,-318,-318
1780193277.736537,0.0,0.0,0.103,-0.103,-318,-318,-318
1780193277.7601979,0.0,0.0,0.103,-0.103,-318,-318,-318
1780193277.785082,0.0,0.0,0.103,-0.103,-318,-318,-318
1780193277.807668,0.0,0.0,0.103,-0.103,-318,-318,-318
1780193277.832763,0.0,0.0,0.103,-0.103,-318,-318,-318
1780193277.8557508,0.0,0.0,0.103,-0.103,-318,-318,-318
1780193277.879275,0.0,0.0,0.103,-0.103,-318,-318,-318
1780193277.903735,0.0,0.0,0.103,-0.103,-318,-318,-318
1780193277.9267359,0.0,0.0,0.103,-0.103,-318,-318,-318
1780193277.953322,0.0,0.0,0.103,-0.103,-318,-318,-318
1780193278.014252,0.0,0.0,0.103,-0.103,-318,-318,-318
1780193278.040555,0.0,0.0,0.103,-0.103,-318,-318,-318
1780193278.067165,0.0,0.0,0.103,-0.103,-318,-318,-318
1780193278.0898979,0.0,0.0,0.103,-0.103,-318,-318,-318
1780193278.1134121,0.0,0.0,0.103,-0.103,-318,-318,-318
1780193278.137697,0.0,0.0,0.103,-0.103,-318,-318,-318
1780193278.1604621,0.0,0.0,0.103,-0.103,-318,-318,-318
1780193278.1853042,0.0,0.0,0.103,-0.103,-318,-318,-318
1780193278.2079191,0.0,0.0,0.103,-0.103,-318,-318,-318
1780193278.232826,0.0,0.0,0.103,-0.103,-318,-318,-318
1780193278.255382,0.0,0.0,0.103,-0.103,-318,-318,-318
1780193278.2782028,0.0,0.0,0.103,-0.103,-318,-318,-318
1780193278.3026712,0.0,0.0,0.103,-0.103,-318,-318,-318
1780193278.325095,0.0,0.0,0.103,-0.103,-318,-318,-318
1780193278.3501408,0.0,0.0,0.103,-0.103,-318,-318,-318
1780193278.372494,0.0,0.0,0.103,-0.103,-318,-318,-318
1780193278.395395,0.0,0.0,0.103,-0.103,-318,-318,-318
1780193278.41955,0.0,0.0,0.103,-0.103,-318,-318,-318
1780193278.441993,0.0,0.0,0.103,-0.103,-318,-318,-318
1780193278.466721,0.0,0.0,0.103,-0.103,-318,-318,-318
1780193278.4891589,0.0,0.0,0.103,-0.103,-318,-318,-318
1780193278.512131,0.0,0.0,0.103,-0.103,-318,-318,-318
1780193278.536555,0.0,0.0,0.103,-0.103,-318,-318,-318
1780193278.558967,0.0,0.0,0.103,-0.103,-318,-318,-318
1780193278.583838,0.0,0.0,0.103,-0.103,-318,-318,-318
1780193278.6071029,0.0,0.0,0.103,-0.103,-318,-318,-318
1780193278.632643,0.0,0.0,0.103,-0.103,-318,-318,-318
1780193278.655824,0.0,0.0,0.103,-0.103,-318,-318,-318
1780193278.679625,0.0,0.0,0.103,-0.103,-318,-318,-318
1780193278.691985,0.0,0.0,0.103,-0.103,-318,-318,-318
1780193278.717052,0.0,0.0,0.103,-0.103,-318,-318,-318
1780193278.7395258,0.0,0.0,0.103,-0.103,-318,-318,-318
1780193278.762696,0.0,0.0,0.103,-0.103,-318,-318,-318
1780193278.774822,0.0,0.0,0.103,-0.103,-318,-318,-318
1780193278.799528,0.0,0.0,0.103,-0.103,-318,-318,-318
1780193278.821918,0.0,0.0,0.103,-0.103,-318,-318,-318
1780193278.844961,0.0,0.0,0.103,-0.103,-318,-318,-318
1780193278.869209,0.0,0.0,0.103,-0.103,-318,-318,-318
1780193278.891756,0.0,0.0,0.103,-0.103,-318,-318,-318
1780193278.9164119,0.0,0.0,0.103,-0.103,-318,-318,-318
1780193278.938881,0.0,0.0,0.103,-0.103,-318,-318,-318
1780193278.961884,0.0,0.0,0.103,-0.103,-318,-318,-318
1780193278.986242,0.0,0.0,0.103,-0.103,-318,-318,-318
1780193279.009994,0.0,0.0,0.103,-0.103,-318,-318,-318
1780193279.043884,0.0,0.0,0.103,-0.103,-318,-318,-318
1780193279.069122,0.0,0.0,0.103,-0.103,-318,-318,-318
1780193279.091561,0.0,0.0,0.103,-0.103,-318,-318,-318
1780193279.1164181,0.0,0.0,0.103,-0.103,-318,-318,-318
1780193279.1389089,0.0,0.0,0.103,-0.103,-318,-318,-318
1780193279.151474,0.0,0.0,0.103,-0.103,-318,-318,-318
1780193279.173912,0.0,0.0,0.103,-0.103,-318,-318,-318
1780193279.1967301,0.0,0.0,0.103,-0.103,-318,-318,-318
1780193279.208829,0.0,0.0,0.103,-0.103,-318,-318,-318
1780193279.2334468,0.0,0.0,0.103,-0.103,-318,-318,-318
1780193279.25583,0.0,0.0,0.103,-0.103,-318,-318,-318
1780193279.278674,0.0,0.0,0.103,-0.103,-318,-318,-318
1780193279.302954,0.0,0.0,0.103,-0.103,-318,-318,-318
1780193279.325239,0.0,0.0,0.103,-0.103,-318,-318,-318
1780193279.349822,0.0,0.0,0.103,-0.103,-318,-318,-318
1780193279.372121,0.0,0.0,0.103,-0.103,-318,-318,-318
1780193279.394973,0.0,0.0,0.103,-0.103,-318,-318,-318
1780193279.419174,0.0,0.0,0.103,-0.103,-318,-318,-318
1780193279.441482,0.0,0.0,0.103,-0.103,-318,-318,-318
1780193279.465927,0.0,0.0,0.103,-0.103,-318,-318,-318
1780193279.488108,0.0,0.0,0.103,-0.103,-318,-318,-318
1780193279.51104,0.0,0.0,0.103,-0.103,-318,-318,-318
1780193279.535267,0.0,0.0,0.103,-0.103,-318,-318,-318
1780193279.5574741,0.0,0.0,0.103,-0.103,-318,-318,-318
1780193279.58044,0.0,0.0,0.103,-0.103,-318,-318,-318
1780193279.592486,0.0,0.0,0.103,-0.103,-318,-318,-318
1780193279.617054,0.0,0.0,0.103,-0.103,-318,-318,-318
1780193279.639393,0.0,0.0,0.103,-0.103,-318,-318,-318
1780193279.662122,0.0,0.0,0.103,-0.103,-318,-318,-318
1780193279.686303,0.0,0.0,0.103,-0.103,-318,-318,-318
1780193279.708569,0.0,0.0,0.103,-0.103,-318,-318,-318
1780193279.733145,0.0,0.0,0.103,-0.103,-318,-318,-318
1780193279.755441,0.0,0.0,0.103,-0.103,-318,-318,-318
1780193279.778255,0.0,0.0,0.103,-0.103,-318,-318,-318
1780193279.8024719,0.0,0.0,0.103,-0.103,-318,-318,-318
1780193279.824621,0.0,0.0,0.103,-0.103,-318,-318,-318
1780193279.8492548,0.0,0.0,0.103,-0.103,-318,-318,-318
1780193279.871547,0.0,0.0,0.103,-0.103,-318,-318,-318
1780193279.894145,0.0,0.0,0.103,-0.103,-318,-318,-318
1780193279.918178,0.0,0.0,0.103,-0.103,-318,-318,-318
1780193279.940533,0.0,0.0,0.103,-0.103,-318,-318,-318
1780193279.963233,0.0,0.0,0.103,-0.103,-318,-318,-318
1780193279.975337,0.0,0.0,0.103,-0.103,-318,-318,-318
1780193279.9999628,0.0,0.0,0.103,-0.103,-318,-318,-318
1780193280.022277,0.0,0.0,0.103,-0.103,-318,-318,-318
1780193280.0451,0.0,0.0,0.103,-0.103,-318,-318,-318
1780193280.069282,0.0,0.0,0.103,-0.103,-318,-318,-318
1780193280.0914571,0.0,0.0,0.103,-0.103,-318,-318,-318
1780193280.1163058,0.0,0.0,0.103,-0.103,-318,-318,-318
1780193280.1387122,0.0,0.0,0.103,-0.103,-318,-318,-318
1780193280.161899,0.0,0.0,0.103,-0.103,-318,-318,-318
1780193280.186063,0.0,0.0,0.103,-0.103,-318,-318,-318
1780193280.1967528,0.0,0.0,0.103,-0.103,-318,-318,-318
1780193280.221523,0.0,0.0,0.103,-0.103,-318,-318,-318
1780193280.245074,0.0,0.0,0.103,-0.103,-318,-318,-318
1780193280.269498,0.0,0.0,0.103,-0.103,-318,-318,-318
1780193280.2918,0.0,0.0,0.103,-0.103,-318,-318,-318
1780193280.3164191,0.0,0.0,0.103,-0.103,-318,-318,-318
1780193280.338867,0.0,0.0,0.103,-0.103,-318,-318,-318
1780193280.361608,0.0,0.0,0.103,-0.103,-318,-318,-318
1780193280.385901,0.0,0.0,0.103,-0.103,-318,-318,-318
1780193280.4082408,0.0,0.0,0.103,-0.103,-318,-318,-318
1780193280.432937,0.0,0.0,0.103,-0.103,-318,-318,-318
1780193280.455204,0.0,0.0,0.103,-0.103,-318,-318,-318
1780193280.4783602,0.0,0.0,0.103,-0.103,-318,-318,-318
1780193280.502625,0.0,0.0,0.103,-0.103,-318,-318,-318
1780193280.525227,0.0,0.0,0.103,-0.103,-318,-318,-318
1780193280.54998,0.0,0.0,0.103,-0.103,-318,-318,-318
1780193280.572574,0.0,0.0,0.103,-0.103,-318,-318,-318
1780193280.595388,0.0,0.0,0.103,-0.103,-318,-318,-318
1780193280.619725,0.0,0.0,0.103,-0.103,-318,-318,-318
1780193280.642068,0.0,0.0,0.103,-0.103,-318,-318,-318
1780193280.6666791,0.0,0.0,0.103,-0.103,-318,-318,-318
1780193280.688931,0.0,0.0,0.103,-0.103,-318,-318,-318
1780193280.711937,0.0,0.0,0.103,-0.103,-318,-318,-318
1780193280.7361479,0.0,0.0,0.103,-0.103,-318,-318,-318
1780193280.758645,0.0,0.0,0.103,-0.103,-318,-318,-318
1780193280.7833211,0.0,0.0,0.103,-0.103,-318,-318,-318
1780193280.805666,0.0,0.0,0.103,-0.103,-318,-318,-318
1780193280.828257,0.0,0.0,0.103,-0.103,-318,-318,-318
1780193280.852386,0.0,0.0,0.103,-0.103,-318,-318,-318
1780193280.874686,0.0,0.0,0.103,-0.103,-318,-318,-318
1780193280.899231,0.0,0.0,0.103,-0.103,-318,-318,-318
1780193280.921674,0.0,0.0,0.103,-0.103,-318,-318,-318
1780193280.944733,0.0,0.0,0.103,-0.103,-318,-318,-318
1780193280.968828,0.0,0.0,0.103,-0.103,-318,-318,-318
1780193280.9911392,0.0,0.0,0.103,-0.103,-318,-318,-318
1780193281.01576,0.0,0.0,0.103,-0.103,-318,-318,-318
1780193281.038124,0.0,0.0,0.103,-0.103,-318,-318,-318
1780193281.061271,0.0,0.0,0.103,-0.103,-318,-318,-318
1780193281.0854442,0.0,0.0,0.103,-0.103,-318,-318,-318
1780193281.1076322,0.0,0.0,0.103,-0.103,-318,-318,-318
1780193281.130367,0.0,0.0,0.103,-0.103,-318,-318,-318
1780193281.1424189,0.0,0.0,0.103,-0.103,-318,-318,-318
1780193281.167021,0.0,0.0,0.103,-0.103,-318,-318,-318
1780193281.1893919,0.0,0.0,0.103,-0.103,-318,-318,-318
1780193281.212209,0.0,0.0,0.103,-0.103,-318,-318,-318
1780193281.236245,0.0,0.0,0.103,-0.103,-318,-318,-318
1780193281.246944,0.0,0.0,0.103,-0.103,-318,-318,-318
1780193281.2710772,0.0,0.0,0.103,-0.103,-318,-318,-318
1780193281.294134,0.0,0.0,0.103,-0.103,-318,-318,-318
1780193281.3185549,0.0,0.0,0.103,-0.103,-318,-318,-318
1780193281.3408241,0.0,0.0,0.103,-0.103,-318,-318,-318
1780193281.363465,0.0,0.0,0.103,-0.103,-318,-318,-318
1780193281.3754969,0.0,0.0,0.103,-0.103,-318,-318,-318
1780193281.40017,0.0,0.0,0.103,-0.103,-318,-318,-318
1780193281.422456,0.0,0.0,0.103,-0.103,-318,-318,-318
1780193281.445229,0.0,0.0,0.103,-0.103,-318,-318,-318
1780193281.4693172,0.0,0.0,0.103,-0.103,-318,-318,-318
1780193281.491622,0.0,0.0,0.103,-0.103,-318,-318,-318
1780193281.5174751,0.0,0.0,0.103,-0.103,-318,-318,-318
1780193281.552038,0.0,0.0,0.103,-0.103,-318,-318,-318
1780193281.591912,0.0,0.0,0.103,-0.103,-318,-318,-318
1780193281.6264,0.0,0.0,0.103,-0.103,-318,-318,-318
1780193281.658549,0.0,0.0,0.103,-0.103,-318,-318,-318
1780193281.690211,0.0,0.0,0.103,-0.103,-318,-318,-318
1780193281.7234979,0.0,0.0,0.103,-0.103,-318,-318,-318
1780193281.754348,0.0,0.0,0.103,-0.103,-318,-318,-318
1780193281.78369,0.0,0.0,0.103,-0.103,-318,-318,-318
1780193281.811245,0.0,0.0,0.103,-0.103,-318,-318,-318
1780193281.84035,0.0,0.0,0.103,-0.103,-318,-318,-318
1780193281.870311,0.0,0.0,0.103,-0.103,-318,-318,-318
1780193281.901057,0.0,0.0,0.103,-0.103,-318,-318,-318
1780193281.925597,0.0,0.0,0.103,-0.103,-318,-318,-318
1780193281.952262,0.0,0.0,0.103,-0.103,-318,-318,-318
1780193281.975589,0.0,0.0,0.103,-0.103,-318,-318,-318
1780193282.0017998,0.0,0.0,0.103,-0.103,-318,-318,-318
1780193282.025634,0.0,0.0,0.103,-0.103,-318,-318,-318
1780193282.05519,0.0,0.0,0.103,-0.103,-318,-318,-318
1780193282.083426,0.0,0.0,0.103,-0.103,-318,-318,-318
1780193282.110291,0.0,0.0,0.103,-0.103,-318,-318,-318
1780193282.1397078,0.0,0.0,0.103,-0.103,-318,-318,-318
1780193282.166948,0.0,0.0,0.103,-0.103,-318,-318,-318
1780193282.191914,0.0,0.0,0.103,-0.103,-318,-318,-318
1780193282.217757,0.0,0.0,0.103,-0.103,-318,-318,-318
1780193282.2413719,0.0,0.0,0.103,-0.103,-318,-318,-318
1780193282.267283,0.0,0.0,0.103,-0.103,-318,-318,-318
1780193282.292053,0.0,0.0,0.103,-0.103,-318,-318,-318
1780193282.3165052,0.0,0.0,0.103,-0.103,-318,-318,-318
1780193282.3424692,0.0,0.0,0.103,-0.103,-318,-318,-318
1780193282.3696158,0.0,0.0,0.103,-0.103,-318,-318,-318
1780193282.39375,0.0,0.0,0.103,-0.103,-318,-318,-318
1780193282.418781,0.0,0.0,0.103,-0.103,-318,-318,-318
1780193282.4462929,0.0,0.0,0.103,-0.103,-318,-318,-318
1780193282.474095,0.0,0.0,0.103,-0.103,-318,-318,-318
1780193282.501374,0.0,0.0,0.103,-0.103,-318,-318,-318
1780193282.525263,0.0,0.0,0.103,-0.103,-318,-318,-318
1780193282.551498,0.0,0.0,0.103,-0.103,-318,-318,-318
1780193282.575636,0.0,0.0,0.103,-0.103,-318,-318,-318
1780193282.601739,0.0,0.0,0.103,-0.103,-318,-318,-318
1780193282.6249,0.0,0.0,0.103,-0.103,-318,-318,-318
1780193282.6502242,0.0,0.0,0.103,-0.103,-318,-318,-318
1780193282.673078,0.0,0.0,0.103,-0.103,-318,-318,-318
1780193282.696382,0.0,0.0,0.103,-0.103,-318,-318,-318
1780193282.719135,0.0,0.0,0.103,-0.103,-318,-318,-318
1780193282.7422762,0.0,0.0,0.103,-0.103,-318,-318,-318
1780193282.76734,0.0,0.0,0.103,-0.103,-318,-318,-318
1780193282.790024,0.0,0.0,0.103,-0.103,-318,-318,-318
1780193282.813361,0.0,0.0,0.103,-0.103,-318,-318,-318
1780193282.83648,0.0,0.0,0.103,-0.103,-318,-318,-318
1780193282.8595562,0.0,0.0,0.103,-0.103,-318,-318,-318
1780193282.88423,0.0,0.0,0.103,-0.103,-318,-318,-318
1780193282.907136,0.0,0.0,0.103,-0.103,-318,-318,-318
1780193282.9326248,0.0,0.0,0.103,-0.103,-318,-318,-318
1780193282.955749,0.0,0.0,0.103,-0.103,-318,-318,-318
1780193282.978871,0.0,0.0,0.103,-0.103,-318,-318,-318
1780193283.0037491,0.0,0.0,0.103,-0.103,-318,-318,-318
1780193283.026943,0.0,0.0,0.103,-0.103,-318,-318,-318
1780193283.0514932,0.0,0.0,0.103,-0.103,-318,-318,-318
1780193283.07393,0.0,0.0,0.103,-0.103,-318,-318,-318
1780193283.0989618,0.0,0.0,0.103,-0.103,-318,-318,-318
1780193283.121446,0.0,0.0,0.103,-0.103,-318,-318,-318
1780193283.144597,0.0,0.0,0.103,-0.103,-318,-318,-318
1780193283.169405,0.0,0.0,0.103,-0.103,-318,-318,-318
1780193283.1931882,0.0,0.0,0.103,-0.103,-318,-318,-318
1780193283.217856,0.0,0.0,0.103,-0.103,-318,-318,-318
1780193283.240671,0.0,0.0,0.103,-0.103,-318,-318,-318
1780193283.265996,0.0,0.0,0.103,-0.103,-318,-318,-318
1780193283.288925,0.0,0.0,0.103,-0.103,-318,-318,-318
1780193283.3120482,0.0,0.0,0.103,-0.103,-318,-318,-318
1780193283.33703,0.0,0.0,0.103,-0.103,-318,-318,-318
1780193283.36053,0.0,0.0,0.103,-0.103,-318,-318,-318
1780193283.3857222,0.0,0.0,0.103,-0.103,-318,-318,-318
1780193283.408322,0.0,0.0,0.103,-0.103,-318,-318,-318
1780193283.433511,0.0,0.0,0.103,-0.103,-318,-318,-318
1780193283.457459,0.0,0.0,0.103,-0.103,-318,-318,-318
1780193283.483715,0.0,0.0,0.103,-0.103,-318,-318,-318
1780193283.507815,0.0,0.0,0.103,-0.103,-318,-318,-318
1780193283.5333009,0.0,0.0,0.103,-0.103,-318,-318,-318
1780193283.556086,0.0,0.0,0.103,-0.103,-318,-318,-318
1780193283.579396,0.0,0.0,0.103,-0.103,-318,-318,-318
1780193283.5917408,0.0,0.0,0.103,-0.103,-318,-318,-318
1780193283.616765,0.0,0.0,0.103,-0.103,-318,-318,-318
1780193283.639222,0.0,0.0,0.103,-0.103,-318,-318,-318
1780193283.6622841,0.0,0.0,0.103,-0.103,-318,-318,-318
1780193283.6870599,0.0,0.0,0.103,-0.103,-318,-318,-318
1780193283.710091,0.0,0.0,0.103,-0.103,-318,-318,-318
1780193283.7345972,0.0,0.0,0.103,-0.103,-318,-318,-318
1780193283.75728,0.0,0.0,0.103,-0.103,-318,-318,-318
1780193283.780166,0.0,0.0,0.103,-0.103,-318,-318,-318
1780193283.792353,0.0,0.0,0.103,-0.103,-318,-318,-318
1780193283.817488,0.0,0.0,0.103,-0.103,-318,-318,-318
1780193283.8399549,0.0,0.0,0.103,-0.103,-318,-318,-318
1780193283.862942,0.0,0.0,0.103,-0.103,-318,-318,-318
1780193283.88588,0.0,0.0,0.103,-0.103,-318,-318,-318
1780193283.90893,0.0,0.0,0.103,-0.103,-318,-318,-318
1780193283.9339771,0.0,0.0,0.103,-0.103,-318,-318,-318
1780193283.956794,0.0,0.0,0.103,-0.103,-318,-318,-318
1780193283.98015,0.0,0.0,0.103,-0.103,-318,-318,-318
1780193283.992447,0.0,0.0,0.103,-0.103,-318,-318,-318
1780193284.017636,0.0,0.0,0.103,-0.103,-318,-318,-318
1780193284.040336,0.0,0.0,0.103,-0.103,-318,-318,-318
1780193284.06339,0.0,0.0,0.103,-0.103,-318,-318,-318
1780193284.075733,0.0,0.0,0.103,-0.103,-318,-318,-318
1780193284.100597,0.0,0.0,0.103,-0.103,-318,-318,-318
1780193284.123465,0.0,0.0,0.103,-0.103,-318,-318,-318
1780193284.146762,0.0,0.0,0.103,-0.103,-318,-318,-318
1780193284.159095,0.0,0.0,0.103,-0.103,-318,-318,-318
1780193284.1841972,0.0,0.0,0.103,-0.103,-318,-318,-318
1780193284.206999,0.0,0.0,0.103,-0.103,-318,-318,-318
1780193284.2323499,0.0,0.0,0.103,-0.103,-318,-318,-318
1780193284.2548501,0.0,0.0,0.103,-0.103,-318,-318,-318
1780193284.278154,0.0,0.0,0.103,-0.103,-318,-318,-318
1780193284.302526,0.0,0.0,0.103,-0.103,-318,-318,-318
1780193284.325118,0.0,0.0,0.103,-0.103,-318,-318,-318
1780193284.349793,0.0,0.0,0.103,-0.103,-318,-318,-318
1780193284.3724082,0.0,0.0,0.103,-0.103,-318,-318,-318
1780193284.395385,0.0,0.0,0.103,-0.103,-318,-318,-318
1780193284.420347,0.0,0.0,0.103,-0.103,-318,-318,-318
1780193284.4435,0.0,0.0,0.103,-0.103,-318,-318,-318
1780193284.468247,0.0,0.0,0.103,-0.103,-318,-318,-318
1780193284.4911182,0.0,0.0,0.103,-0.103,-318,-318,-318
1780193284.516515,0.0,0.0,0.103,-0.103,-318,-318,-318
1780193284.5393732,0.0,0.0,0.103,-0.103,-318,-318,-318
1780193284.562721,0.0,0.0,0.103,-0.103,-318,-318,-318
1780193284.575121,0.0,0.0,0.103,-0.103,-318,-318,-318
1780193284.60009,0.0,0.0,0.103,-0.103,-318,-318,-318
1780193284.622968,0.0,0.0,0.103,-0.103,-318,-318,-318
1780193284.6463842,0.0,0.0,0.103,-0.103,-318,-318,-318
1780193284.6585631,0.0,0.0,0.103,-0.103,-318,-318,-318
1780193284.683363,0.0,0.0,0.103,-0.103,-318,-318,-318
1780193284.705908,0.0,0.0,0.103,-0.103,-318,-318,-318
1780193284.728895,0.0,0.0,0.103,-0.103,-318,-318,-318
1780193284.7531111,0.0,0.0,0.103,-0.103,-318,-318,-318
1780193284.776135,0.0,0.0,0.103,-0.103,-318,-318,-318
1780193284.800448,0.0,0.0,0.103,-0.103,-318,-318,-318
1780193284.822934,0.0,0.0,0.103,-0.103,-318,-318,-318
1780193284.845953,0.0,0.0,0.103,-0.103,-318,-318,-318
1780193284.8580601,0.0,0.0,0.103,-0.103,-318,-318,-318
1780193284.8832178,0.0,0.0,0.103,-0.103,-318,-318,-318
1780193284.905684,0.0,0.0,0.103,-0.103,-318,-318,-318
1780193284.9285288,0.0,0.0,0.103,-0.103,-318,-318,-318
1780193284.9532712,0.0,0.0,0.103,-0.103,-318,-318,-318
1780193284.976682,0.0,0.0,0.103,-0.103,-318,-318,-318
1780193285.001602,0.0,0.0,0.103,-0.103,-318,-318,-318
1780193285.024937,0.0,0.0,0.103,-0.103,-318,-318,-318
1780193285.0502112,0.0,0.0,0.103,-0.103,-318,-318,-318
1780193285.072694,0.0,0.0,0.103,-0.103,-318,-318,-318
1780193285.095823,0.0,0.0,0.103,-0.103,-318,-318,-318
1780193285.108232,0.0,0.0,0.103,-0.103,-318,-318,-318
1780193285.133318,0.0,0.0,0.103,-0.103,-318,-318,-318
1780193285.156196,0.0,0.0,0.103,-0.103,-318,-318,-318
1780193285.1794791,0.0,0.0,0.103,-0.103,-318,-318,-318
1780193285.191669,0.0,0.0,0.103,-0.103,-318,-318,-318
1780193285.2165408,0.0,0.0,0.103,-0.103,-318,-318,-318
1780193285.23942,0.0,0.0,0.103,-0.103,-318,-318,-318
1780193285.262573,0.0,0.0,0.103,-0.103,-318,-318,-318
1780193285.2747562,0.0,0.0,0.103,-0.103,-318,-318,-318
1780193285.299335,0.0,0.0,0.103,-0.103,-318,-318,-318
1780193285.321712,0.0,0.0,0.103,-0.103,-318,-318,-318
1780193285.344745,0.0,0.0,0.103,-0.103,-318,-318,-318
1780193285.369086,0.0,0.0,0.103,-0.103,-318,-318,-318
1780193285.391573,0.0,0.0,0.103,-0.103,-318,-318,-318
1780193285.416388,0.0,0.0,0.103,-0.103,-318,-318,-318
1780193285.4388921,0.0,0.0,0.103,-0.103,-318,-318,-318
1780193285.4617689,0.0,0.0,0.103,-0.103,-318,-318,-318
1780193285.486155,0.0,0.0,0.103,-0.103,-318,-318,-318
1780193285.508558,0.0,0.0,0.103,-0.103,-318,-318,-318
1780193285.533631,0.0,0.0,0.103,-0.103,-318,-318,-318
1780193285.556406,0.0,0.0,0.103,-0.103,-318,-318,-318
1780193285.579813,0.0,0.0,0.103,-0.103,-318,-318,-318
1780193285.5921211,0.0,0.0,0.103,-0.103,-318,-318,-318
1780193285.617258,0.0,0.0,0.103,-0.103,-318,-318,-318
1780193285.6402,0.0,0.0,0.103,-0.103,-318,-318,-318
1780193285.66538,0.0,0.0,0.103,-0.103,-318,-318,-318
1780193285.6882272,0.0,0.0,0.103,-0.103,-318,-318,-318
1780193285.711367,0.0,0.0,0.103,-0.103,-318,-318,-318
1780193285.7356858,0.0,0.0,0.103,-0.103,-318,-318,-318
1780193285.758216,0.0,0.0,0.103,-0.103,-318,-318,-318
1780193285.783197,0.0,0.0,0.103,-0.103,-318,-318,-318
1780193285.8058481,0.0,0.0,0.103,-0.103,-318,-318,-318
1780193285.828595,0.0,0.0,0.103,-0.103,-318,-318,-318
1780193285.853506,0.0,0.0,0.103,-0.103,-318,-318,-318
1780193285.876765,0.0,0.0,0.103,-0.103,-318,-318,-318
1780193285.901547,0.0,0.0,0.103,-0.103,-318,-318,-318
1780193285.9239821,0.0,0.0,0.103,-0.103,-318,-318,-318
1780193285.948991,0.0,0.0,0.103,-0.103,-318,-318,-318
1780193285.9715252,0.0,0.0,0.103,-0.103,-318,-318,-318
1780193285.9949398,0.0,0.0,0.103,-0.103,-318,-318,-318
1780193286.0198,0.0,0.0,0.103,-0.103,-318,-318,-318
1780193286.04349,0.0,0.0,0.103,-0.103,-318,-318,-318
1780193286.068087,0.0,0.0,0.103,-0.103,-318,-318,-318
1780193286.090698,0.0,0.0,0.103,-0.103,-318,-318,-318
1780193286.1155462,0.0,0.0,0.103,-0.103,-318,-318,-318
1780193286.138109,0.0,0.0,0.103,-0.103,-318,-318,-318
1780193286.161026,0.0,0.0,0.103,-0.103,-318,-318,-318
1780193286.185438,0.0,0.0,0.103,-0.103,-318,-318,-318
1780193286.2080069,0.0,0.0,0.103,-0.103,-318,-318,-318
1780193286.232844,0.0,0.0,0.103,-0.103,-318,-318,-318
1780193286.2553,0.0,0.0,0.103,-0.103,-318,-318,-318
1780193286.278372,0.0,0.0,0.103,-0.103,-318,-318,-318
1780193286.302788,0.0,0.0,0.103,-0.103,-318,-318,-318
1780193286.325793,0.0,0.0,0.103,-0.103,-318,-318,-318
1780193286.350452,0.0,0.0,0.103,-0.103,-318,-318,-318
1780193286.37317,0.0,0.0,0.103,-0.103,-318,-318,-318
1780193286.396225,0.0,0.0,0.103,-0.103,-318,-318,-318
1780193286.408462,0.0,0.0,0.103,-0.103,-318,-318,-318
1780193286.433857,0.0,0.0,0.103,-0.103,-318,-318,-318
1780193286.456908,0.0,0.0,0.103,-0.103,-318,-318,-318
1780193286.482162,0.0,0.0,0.103,-0.103,-318,-318,-318
1780193286.504769,0.0,0.0,0.103,-0.103,-318,-318,-318
1780193286.527724,0.0,0.0,0.103,-0.103,-318,-318,-318
1780193286.5522099,0.0,0.0,0.103,-0.103,-318,-318,-318
1780193286.5727649,0.0,0.0,0.103,-0.103,-318,-318,-318
1780193286.584863,0.0,0.0,0.103,-0.103,-318,-318,-318
1780193286.607197,0.0,0.0,0.103,-0.103,-318,-318,-318
1780193286.6319392,0.0,0.0,0.103,-0.103,-318,-318,-318
1780193286.6543381,0.0,0.0,0.103,-0.103,-318,-318,-318
1780193286.6771562,0.0,0.0,0.103,-0.103,-318,-318,-318
1780193286.70222,0.0,0.0,0.103,-0.103,-318,-318,-318
1780193286.7290702,0.0,0.0,0.103,-0.103,-318,-318,-318
1780193286.7424908,0.0,0.0,0.103,-0.103,-318,-318,-318
1780193286.767827,0.0,0.0,0.103,-0.103,-318,-318,-318
1780193286.790668,0.0,0.0,0.103,-0.103,-318,-318,-318
1780193286.815716,0.0,0.0,0.103,-0.103,-318,-318,-318
1780193286.838103,0.0,0.0,0.103,-0.103,-318,-318,-318
1780193286.8610969,0.0,0.0,0.103,-0.103,-318,-318,-318
1780193286.886517,0.0,0.0,0.103,-0.103,-318,-318,-318
1780193286.91007,0.0,0.0,0.103,-0.103,-318,-318,-318
1780193286.9348018,0.0,0.0,0.103,-0.103,-318,-318,-318
1780193286.957209,0.0,0.0,0.103,-0.103,-318,-318,-318
1780193286.982023,0.0,0.0,0.103,-0.103,-318,-318,-318
1780193287.004422,0.0,0.0,0.103,-0.103,-318,-318,-318
1780193287.02764,0.0,0.0,0.103,-0.103,-318,-318,-318
1780193287.052018,0.0,0.0,0.103,-0.103,-318,-318,-318
1780193287.062728,0.0,0.0,0.103,-0.103,-318,-318,-318
1780193287.08716,0.0,0.0,0.103,-0.103,-318,-318,-318
1780193287.110506,0.0,0.0,0.103,-0.103,-318,-318,-318
1780193287.1382751,0.0,0.0,0.103,-0.103,-318,-318,-318
1780193287.161941,0.0,0.0,0.103,-0.103,-318,-318,-318
1780193287.18642,0.0,0.0,0.103,-0.103,-318,-318,-318
1780193287.2096908,0.0,0.0,0.103,-0.103,-318,-318,-318
1780193287.234134,0.0,0.0,0.103,-0.103,-318,-318,-318
1780193287.2568479,0.0,0.0,0.103,-0.103,-318,-318,-318
1780193287.279815,0.0,0.0,0.103,-0.103,-318,-318,-318
1780193287.292017,0.0,0.0,0.103,-0.103,-318,-318,-318
1780193287.316708,0.0,0.0,0.103,-0.103,-318,-318,-318
1780193287.3391309,0.0,0.0,0.103,-0.103,-318,-318,-318
1780193287.3620548,0.0,0.0,0.103,-0.103,-318,-318,-318
1780193287.386397,0.0,0.0,0.103,-0.103,-318,-318,-318
1780193287.4092858,0.0,0.0,0.103,-0.103,-318,-318,-318
1780193287.433707,0.0,0.0,0.103,-0.103,-318,-318,-318
1780193287.456904,0.0,0.0,0.103,-0.103,-318,-318,-318
1780193287.482712,0.0,0.0,0.103,-0.103,-318,-318,-318
1780193287.5060658,0.0,0.0,0.103,-0.103,-318,-318,-318
1780193287.529814,0.0,0.0,0.103,-0.103,-318,-318,-318
1780193287.5421598,0.0,0.0,0.103,-0.103,-318,-318,-318
1780193287.5673401,0.0,0.0,0.103,-0.103,-318,-318,-318
1780193287.5899,0.0,0.0,0.103,-0.103,-318,-318,-318
1780193287.602557,0.0,0.0,0.103,-0.103,-318,-318,-318
1780193287.626626,0.0,0.0,0.103,-0.103,-318,-318,-318
1780193287.6517031,0.0,0.0,0.103,-0.103,-318,-318,-318
1780193287.6742558,0.0,0.0,0.103,-0.103,-318,-318,-318
1780193287.699261,0.0,0.0,0.103,-0.103,-318,-318,-318
1780193287.721869,0.0,0.0,0.103,-0.103,-318,-318,-318
1780193287.745043,0.0,0.0,0.103,-0.103,-318,-318,-318
1780193287.769439,0.0,0.0,0.103,-0.103,-318,-318,-318
1780193287.79279,0.0,0.0,0.103,-0.103,-318,-318,-318
1780193287.817136,0.0,0.0,0.103,-0.103,-318,-318,-318
1780193287.83971,0.0,0.0,0.103,-0.103,-318,-318,-318
1780193287.862827,0.0,0.0,0.103,-0.103,-318,-318,-318
1780193287.874913,0.0,0.0,0.103,-0.103,-318,-318,-318
1780193287.899956,0.0,0.0,0.103,-0.103,-318,-318,-318
1780193287.922505,0.0,0.0,0.103,-0.103,-318,-318,-318
1780193287.945432,0.0,0.0,0.103,-0.103,-318,-318,-318
1780193287.9578629,0.0,0.0,0.103,-0.103,-318,-318,-318
1780193287.9826958,0.0,0.0,0.103,-0.103,-318,-318,-318
1780193288.005218,0.0,0.0,0.103,-0.103,-318,-318,-318
1780193288.0283651,0.0,0.0,0.103,-0.103,-318,-318,-318
1780193288.053385,0.0,0.0,0.103,-0.103,-318,-318,-318
1780193288.0763679,0.0,0.0,0.103,-0.103,-318,-318,-318
1780193288.100787,0.0,0.0,0.103,-0.103,-318,-318,-318
1780193288.111567,0.0,0.0,0.103,-0.103,-318,-318,-318
1780193288.136277,0.0,0.0,0.103,-0.103,-318,-318,-318
1780193288.1600242,0.0,0.0,0.103,-0.103,-318,-318,-318
1780193288.184982,0.0,0.0,0.103,-0.103,-318,-318,-318
1780193288.207894,0.0,0.0,0.103,-0.103,-318,-318,-318
1780193288.233143,0.0,0.0,0.103,-0.103,-318,-318,-318
1780193288.2560508,0.0,0.0,0.103,-0.103,-318,-318,-318
1780193288.2793689,0.0,0.0,0.103,-0.103,-318,-318,-318
1780193288.2918022,0.0,0.0,0.103,-0.103,-318,-318,-318
1780193288.316837,0.0,0.0,0.103,-0.103,-318,-318,-318
1780193288.3396428,0.0,0.0,0.103,-0.103,-318,-318,-318
1780193288.36303,0.0,0.0,0.103,-0.103,-318,-318,-318
1780193288.375246,0.0,0.0,0.103,-0.103,-318,-318,-318
1780193288.400158,0.0,0.0,0.103,-0.103,-318,-318,-318
1780193288.42272,0.0,0.0,0.103,-0.103,-318,-318,-318
1780193288.445677,0.0,0.0,0.103,-0.103,-318,-318,-318
1780193288.4578052,0.0,0.0,0.103,-0.103,-318,-318,-318
1780193288.482522,0.0,0.0,0.103,-0.103,-318,-318,-318
1780193288.504908,0.0,0.0,0.103,-0.103,-318,-318,-318
1780193288.527906,0.0,0.0,0.103,-0.103,-318,-318,-318
1780193288.552307,0.0,0.0,0.103,-0.103,-318,-318,-318
1780193288.5747452,0.0,0.0,0.103,-0.103,-318,-318,-318
1780193288.599469,0.0,0.0,0.103,-0.103,-318,-318,-318
1780193288.622079,0.0,0.0,0.103,-0.103,-318,-318,-318
1780193288.645675,0.0,0.0,0.103,-0.103,-318,-318,-318
1780193288.668524,0.0,0.0,0.103,-0.103,-318,-318,-318
1780193288.691107,0.0,0.0,0.103,-0.103,-318,-318,-318
1780193288.715529,0.0,0.0,0.103,-0.103,-318,-318,-318
1780193288.7379441,0.0,0.0,0.103,-0.103,-318,-318,-318
1780193288.76082,0.0,0.0,0.103,-0.103,-318,-318,-318
1780193288.785383,0.0,0.0,0.103,-0.103,-318,-318,-318
1780193288.808268,0.0,0.0,0.103,-0.103,-318,-318,-318
1780193288.8332229,0.0,0.0,0.103,-0.103,-318,-318,-318
1780193288.85599,0.0,0.0,0.103,-0.103,-318,-318,-318
1780193288.879195,0.0,0.0,0.103,-0.103,-318,-318,-318
1780193288.89133,0.0,0.0,0.103,-0.103,-318,-318,-318
1780193288.916917,0.0,0.0,0.103,-0.103,-318,-318,-318
1780193288.940233,0.0,0.0,0.103,-0.103,-318,-318,-318
1780193288.966626,0.0,0.0,0.103,-0.103,-318,-318,-318
1780193288.989249,0.0,0.0,0.103,-0.103,-318,-318,-318
1780193289.01223,0.0,0.0,0.103,-0.103,-318,-318,-318
1780193289.024425,0.0,0.0,0.103,-0.103,-318,-318,-318
1780193289.049334,5.924,38.062,-0.014,-0.097,-175,-380,-426
1780193289.072075,14.742,38.654,-0.054,-0.1,-172,-323,-504
1780193289.0950332,14.742,38.654,-0.054,-0.1,-172,-323,-504
1780193289.119615,14.742,38.654,-0.054,-0.1,-172,-323,-504
1780193289.142644,14.742,38.654,-0.054,-0.1,-172,-323,-504
1780193289.167573,14.742,38.654,-0.054,-0.1,-172,-323,-504
1780193289.178325,14.742,38.654,-0.054,-0.1,-172,-323,-504
1780193289.20265,14.742,38.654,-0.054,-0.1,-172,-323,-504
1780193289.225848,14.742,38.654,-0.054,-0.1,-172,-323,-504
1780193289.250752,73.546,44.631,-0.25,-0.125,-144,-108,-927
1780193289.2732658,73.546,44.631,-0.25,-0.125,-144,-108,-927
1780193289.298687,73.546,44.631,-0.25,-0.125,-144,-108,-927
1780193289.321179,73.546,44.631,-0.25,-0.125,-144,-108,-927
1780193289.3442938,73.546,44.631,-0.25,-0.125,-144,-108,-927
1780193289.368609,73.546,44.631,-0.25,-0.125,-144,-108,-927
1780193289.3911629,73.546,44.631,-0.25,-0.125,-144,-108,-927
1780193289.415971,73.546,44.631,-0.25,-0.125,-144,-108,-927
1780193289.438797,0.0,0.0,-0.25,-0.125,-318,-318,-318
1780193289.461689,0.0,0.0,-0.25,-0.125,-318,-318,-318
1780193289.486274,0.0,0.0,-0.25,-0.125,-318,-318,-318
1780193289.50933,0.0,0.0,-0.25,-0.125,-318,-318,-318
1780193289.534204,0.0,0.0,-0.25,-0.125,-318,-318,-318
1780193289.55722,0.0,0.0,-0.25,-0.125,-318,-318,-318
1780193289.5824692,0.0,0.0,-0.25,-0.125,-318,-318,-318
1780193289.6050189,0.0,0.0,-0.25,-0.125,-318,-318,-318
1780193289.6281228,0.0,0.0,-0.25,-0.125,-318,-318,-318
1780193289.6524282,0.0,0.0,-0.25,-0.125,-318,-318,-318
1780193289.675105,0.0,0.0,-0.25,-0.125,-318,-318,-318
1780193289.699915,0.0,0.0,-0.25,-0.125,-318,-318,-318
1780193289.722374,0.0,0.0,-0.25,-0.125,-318,-318,-318
1780193289.745329,0.0,0.0,-0.25,-0.125,-318,-318,-318
1780193289.757452,0.0,0.0,-0.25,-0.125,-318,-318,-318
1780193289.7821949,0.0,0.0,-0.25,-0.125,-318,-318,-318
1780193289.8046532,0.0,0.0,-0.25,-0.125,-318,-318,-318
1780193289.827478,0.0,0.0,-0.25,-0.125,-318,-318,-318
1780193289.851841,0.0,0.0,-0.25,-0.125,-318,-318,-318
1780193289.874353,0.0,0.0,-0.25,-0.125,-318,-318,-318
1780193289.899206,0.0,0.0,-0.25,-0.125,-318,-318,-318
1780193289.9215958,0.0,0.0,-0.25,-0.125,-318,-318,-318
1780193289.9446158,0.0,0.0,-0.25,-0.125,-318,-318,-318
1780193289.968778,0.0,0.0,-0.25,-0.125,-318,-318,-318
1780193289.991203,0.0,0.0,-0.25,-0.125,-318,-318,-318
1780193290.015977,0.0,0.0,-0.25,-0.125,-318,-318,-318
1780193290.038526,0.0,0.0,-0.25,-0.125,-318,-318,-318
1780193290.0613272,0.0,0.0,-0.25,-0.125,-318,-318,-318
1780193290.085697,0.0,0.0,-0.25,-0.125,-318,-318,-318
1780193290.108149,0.0,0.0,-0.25,-0.125,-318,-318,-318
1780193290.1329181,0.0,0.0,-0.25,-0.125,-318,-318,-318
1780193290.155346,0.0,0.0,-0.25,-0.125,-318,-318,-318
1780193290.178345,0.0,0.0,-0.25,-0.125,-318,-318,-318
1780193290.202657,0.0,0.0,-0.25,-0.125,-318,-318,-318
1780193290.2257001,0.0,0.0,-0.25,-0.125,-318,-318,-318
1780193290.2500129,0.0,0.0,-0.25,-0.125,-318,-318,-318
1780193290.2724469,0.0,0.0,-0.25,-0.125,-318,-318,-318
1780193290.295278,0.0,0.0,-0.25,-0.125,-318,-318,-318
1780193290.307415,0.0,0.0,-0.25,-0.125,-318,-318,-318
1780193290.332221,0.0,0.0,-0.25,-0.125,-318,-318,-318
1780193290.354537,0.0,0.0,-0.25,-0.125,-318,-318,-318
1780193290.37745,0.0,0.0,-0.25,-0.125,-318,-318,-318
1780193290.402976,0.0,0.0,-0.25,-0.125,-318,-318,-318
1780193290.435102,0.0,0.0,-0.25,-0.125,-318,-318,-318
1780193290.4624782,0.0,0.0,-0.25,-0.125,-318,-318,-318
1780193290.489439,0.0,0.0,-0.25,-0.125,-318,-318,-318
1780193290.5155048,0.0,0.0,-0.25,-0.125,-318,-318,-318
1780193290.538235,0.0,0.0,-0.25,-0.125,-318,-318,-318
1780193290.5621068,0.0,0.0,-0.25,-0.125,-318,-318,-318
1780193290.574465,0.0,0.0,-0.25,-0.125,-318,-318,-318
1780193290.599461,0.0,0.0,-0.25,-0.125,-318,-318,-318
1780193290.622122,0.0,0.0,-0.25,-0.125,-318,-318,-318
1780193290.645903,0.0,0.0,-0.25,-0.125,-318,-318,-318
1780193290.6584032,0.0,0.0,-0.25,-0.125,-318,-318,-318
1780193290.6836212,0.0,0.0,-0.25,-0.125,-318,-318,-318
1780193290.70666,0.0,0.0,-0.25,-0.125,-318,-318,-318
1780193290.731982,0.0,0.0,-0.25,-0.125,-318,-318,-318
1780193290.754821,0.0,0.0,-0.25,-0.125,-318,-318,-318
1780193290.778197,0.0,0.0,-0.25,-0.125,-318,-318,-318
1780193290.802923,0.0,0.0,-0.25,-0.125,-318,-318,-318
1780193290.826252,0.0,0.0,-0.25,-0.125,-318,-318,-318
1780193290.850896,0.0,0.0,-0.25,-0.125,-318,-318,-318
1780193290.873537,0.0,0.0,-0.25,-0.125,-318,-318,-318
1780193290.896488,0.0,0.0,-0.25,-0.125,-318,-318,-318
1780193290.908787,0.0,0.0,-0.25,-0.125,-318,-318,-318
1780193290.934462,0.0,0.0,-0.25,-0.125,-318,-318,-318
1780193290.9574661,0.0,0.0,-0.25,-0.125,-318,-318,-318
1780193290.9827468,0.0,0.0,-0.25,-0.125,-318,-318,-318
1780193291.0057092,0.0,0.0,-0.25,-0.125,-318,-318,-318
1780193291.028954,0.0,0.0,-0.25,-0.125,-318,-318,-318
1780193291.04129,0.0,0.0,-0.25,-0.125,-318,-318,-318
1780193291.0662882,0.0,0.0,-0.25,-0.125,-318,-318,-318
1780193291.0887969,0.0,0.0,-0.25,-0.125,-318,-318,-318
1780193291.111796,0.0,0.0,-0.25,-0.125,-318,-318,-318
1780193291.136205,0.0,0.0,-0.25,-0.125,-318,-318,-318
1780193291.159008,0.0,0.0,-0.25,-0.125,-318,-318,-318
1780193291.183361,0.0,0.0,-0.25,-0.125,-318,-318,-318
1780193291.2058198,0.0,0.0,-0.25,-0.125,-318,-318,-318
1780193291.229186,0.0,0.0,-0.25,-0.125,-318,-318,-318
1780193291.241405,0.0,0.0,-0.25,-0.125,-318,-318,-318
1780193291.2664,0.0,0.0,-0.25,-0.125,-318,-318,-318
1780193291.2889621,0.0,0.0,-0.25,-0.125,-318,-318,-318
1780193291.312584,0.0,0.0,-0.25,-0.125,-318,-318,-318
1780193291.324984,0.0,0.0,-0.25,-0.125,-318,-318,-318
1780193291.349907,0.0,0.0,-0.25,-0.125,-318,-318,-318
1780193291.372415,0.0,0.0,-0.25,-0.125,-318,-318,-318
1780193291.395637,0.0,0.0,-0.25,-0.125,-318,-318,-318
1780193291.407885,0.0,0.0,-0.25,-0.125,-318,-318,-318
1780193291.4326148,0.0,0.0,-0.25,-0.125,-318,-318,-318
1780193291.455124,0.0,0.0,-0.25,-0.125,-318,-318,-318
1780193291.478385,0.0,0.0,-0.25,-0.125,-318,-318,-318
1780193291.503219,0.0,0.0,-0.25,-0.125,-318,-318,-318
1780193291.526284,0.0,0.0,-0.25,-0.125,-318,-318,-318
1780193291.550598,0.0,0.0,-0.25,-0.125,-318,-318,-318
1780193291.573157,0.0,0.0,-0.25,-0.125,-318,-318,-318
1780193291.596134,0.0,0.0,-0.25,-0.125,-318,-318,-318
1780193291.608324,0.0,0.0,-0.25,-0.125,-318,-318,-318
1780193291.63306,0.0,0.0,-0.25,-0.125,-318,-318,-318
1780193291.655541,0.0,0.0,-0.25,-0.125,-318,-318,-318
1780193291.678505,0.0,0.0,-0.25,-0.125,-318,-318,-318
1780193291.690604,0.0,0.0,-0.25,-0.125,-318,-318,-318
1780193291.7153978,0.0,0.0,-0.25,-0.125,-318,-318,-318
1780193291.737878,0.0,0.0,-0.25,-0.125,-318,-318,-318
1780193291.7606819,0.0,0.0,-0.25,-0.125,-318,-318,-318
1780193291.78498,0.0,0.0,-0.25,-0.125,-318,-318,-318
1780193291.795736,0.0,0.0,-0.25,-0.125,-318,-318,-318
1780193291.820019,0.0,0.0,-0.25,-0.125,-318,-318,-318
1780193291.843083,0.0,0.0,-0.25,-0.125,-318,-318,-318
1780193291.867381,0.0,0.0,-0.25,-0.125,-318,-318,-318
1780193291.889836,0.0,0.0,-0.25,-0.125,-318,-318,-318
1780193291.912889,0.0,0.0,-0.25,-0.125,-318,-318,-318
1780193291.925015,0.0,0.0,-0.25,-0.125,-318,-318,-318
1780193291.949732,0.0,0.0,-0.25,-0.125,-318,-318,-318
1780193291.9721391,0.0,0.0,-0.25,-0.125,-318,-318,-318
1780193291.994963,0.0,0.0,-0.25,-0.125,-318,-318,-318
1780193292.019371,0.0,0.0,-0.25,-0.125,-318,-318,-318
1780193292.042345,0.0,0.0,-0.25,-0.125,-318,-318,-318
1780193292.0669792,0.0,0.0,-0.25,-0.125,-318,-318,-318
1780193292.089914,0.0,0.0,-0.25,-0.125,-318,-318,-318
1780193292.114987,0.0,0.0,-0.25,-0.125,-318,-318,-318
1780193292.1374779,0.0,0.0,-0.25,-0.125,-318,-318,-318
1780193292.160502,0.0,0.0,-0.25,-0.125,-318,-318,-318
1780193292.185066,0.0,0.0,-0.25,-0.125,-318,-318,-318
1780193292.207911,0.0,0.0,-0.25,-0.125,-318,-318,-318
1780193292.233075,0.0,0.0,-0.25,-0.125,-318,-318,-318
1780193292.255875,0.0,0.0,-0.25,-0.125,-318,-318,-318
1780193292.279381,0.0,0.0,-0.25,-0.125,-318,-318,-318
1780193292.291693,0.0,0.0,-0.25,-0.125,-318,-318,-318
1780193292.316812,0.0,0.0,-0.25,-0.125,-318,-318,-318
1780193292.3393788,0.0,0.0,-0.25,-0.125,-318,-318,-318
1780193292.362564,0.0,0.0,-0.25,-0.125,-318,-318,-318
1780193292.374901,0.0,0.0,-0.25,-0.125,-318,-318,-318
1780193292.3998961,0.0,0.0,-0.25,-0.125,-318,-318,-318
1780193292.4226408,0.0,0.0,-0.25,-0.125,-318,-318,-318
1780193292.4459891,0.0,0.0,-0.25,-0.125,-318,-318,-318
1780193292.4582882,0.0,0.0,-0.25,-0.125,-318,-318,-318
1780193292.4831822,0.0,0.0,-0.25,-0.125,-318,-318,-318
1780193292.505982,0.0,0.0,-0.25,-0.125,-318,-318,-318
1780193292.529309,0.0,0.0,-0.25,-0.125,-318,-318,-318
1780193292.5415978,0.0,0.0,-0.25,-0.125,-318,-318,-318
1780193292.566431,0.0,0.0,-0.25,-0.125,-318,-318,-318
1780193292.589,0.0,0.0,-0.25,-0.125,-318,-318,-318
1780193292.612061,0.0,0.0,-0.25,-0.125,-318,-318,-318
1780193292.624255,0.0,0.0,-0.25,-0.125,-318,-318,-318
1780193292.648899,0.0,0.0,-0.25,-0.125,-318,-318,-318
1780193292.671402,0.0,0.0,-0.25,-0.125,-318,-318,-318
1780193292.6942852,0.0,0.0,-0.25,-0.125,-318,-318,-318
1780193292.718706,0.0,0.0,-0.25,-0.125,-318,-318,-318
1780193292.7426822,0.0,0.0,-0.25,-0.125,-318,-318,-318
1780193292.767367,0.0,0.0,-0.25,-0.125,-318,-318,-318
1780193292.790227,0.0,0.0,-0.25,-0.125,-318,-318,-318
1780193292.815257,0.0,0.0,-0.25,-0.125,-318,-318,-318
1780193292.838138,0.0,0.0,-0.25,-0.125,-318,-318,-318
1780193292.85081,0.0,0.0,-0.25,-0.125,-318,-318,-318
1780193292.873607,0.0,0.0,-0.25,-0.125,-318,-318,-318
1780193292.8987782,0.0,0.0,-0.25,-0.125,-318,-318,-318
1780193292.921578,0.0,0.0,-0.25,-0.125,-318,-318,-318
1780193292.944858,0.0,0.0,-0.25,-0.125,-318,-318,-318
1780193292.9695601,0.0,0.0,-0.25,-0.125,-318,-318,-318
1780193292.9926279,0.0,0.0,-0.25,-0.125,-318,-318,-318
1780193293.017426,0.0,0.0,-0.25,-0.125,-318,-318,-318
1780193293.040517,0.0,0.0,-0.25,-0.125,-318,-318,-318
1780193293.0658948,0.0,0.0,-0.25,-0.125,-318,-318,-318
1780193293.088758,0.0,0.0,-0.25,-0.125,-318,-318,-318
1780193293.1121778,0.0,0.0,-0.25,-0.125,-318,-318,-318
1780193293.124471,0.0,0.0,-0.25,-0.125,-318,-318,-318
1780193293.149777,0.0,0.0,-0.25,-0.125,-318,-318,-318
1780193293.172457,0.0,0.0,-0.25,-0.125,-318,-318,-318
1780193293.1958048,0.0,0.0,-0.25,-0.125,-318,-318,-318
1780193293.2082298,0.0,0.0,-0.25,-0.125,-318,-318,-318
1780193293.233532,0.0,0.0,-0.25,-0.125,-318,-318,-318
1780193293.256453,0.0,0.0,-0.25,-0.125,-318,-318,-318
1780193293.281753,0.0,0.0,-0.25,-0.125,-318,-318,-318
1780193293.304586,0.0,0.0,-0.25,-0.125,-318,-318,-318
1780193293.3278751,0.0,0.0,-0.25,-0.125,-318,-318,-318
1780193293.352723,0.0,0.0,-0.25,-0.125,-318,-318,-318
1780193293.36555,0.0,0.0,-0.25,-0.125,-318,-318,-318
1780193293.3880892,0.0,0.0,-0.25,-0.125,-318,-318,-318
1780193293.411241,0.0,0.0,-0.25,-0.125,-318,-318,-318
1780193293.435576,0.0,0.0,-0.25,-0.125,-318,-318,-318
1780193293.458634,0.0,0.0,-0.25,-0.125,-318,-318,-318
1780193293.4829628,0.0,0.0,-0.25,-0.125,-318,-318,-318
1780193293.505505,0.0,0.0,-0.25,-0.125,-318,-318,-318
1780193293.528827,0.0,0.0,-0.25,-0.125,-318,-318,-318
1780193293.541234,0.0,0.0,-0.25,-0.125,-318,-318,-318
1780193293.566234,0.0,0.0,-0.25,-0.125,-318,-318,-318
1780193293.588869,0.0,0.0,-0.25,-0.125,-318,-318,-318
1780193293.611935,0.0,0.0,-0.25,-0.125,-318,-318,-318
1780193293.6240692,0.0,0.0,-0.25,-0.125,-318,-318,-318
1780193293.6488152,0.0,0.0,-0.25,-0.125,-318,-318,-318
1780193293.671366,0.0,0.0,-0.25,-0.125,-318,-318,-318
1780193293.694292,0.0,0.0,-0.25,-0.125,-318,-318,-318
1780193293.718762,0.0,0.0,-0.25,-0.125,-318,-318,-318
1780193293.741224,0.0,0.0,-0.25,-0.125,-318,-318,-318
1780193293.765909,0.0,0.0,-0.25,-0.125,-318,-318,-318
1780193293.78821,0.0,0.0,-0.25,-0.125,-318,-318,-318
1780193293.811266,0.0,0.0,-0.25,-0.125,-318,-318,-318
1780193293.835407,0.0,0.0,-0.25,-0.125,-318,-318,-318
1780193293.857831,0.0,0.0,-0.25,-0.125,-318,-318,-318
1780193293.882483,0.0,0.0,-0.25,-0.125,-318,-318,-318
1780193293.904918,0.0,0.0,-0.25,-0.125,-318,-318,-318
1780193293.9277241,0.0,0.0,-0.25,-0.125,-318,-318,-318
1780193293.952048,0.0,0.0,-0.25,-0.125,-318,-318,-318
1780193293.97452,0.0,0.0,-0.25,-0.125,-318,-318,-318
1780193294.0003011,0.0,0.0,-0.25,-0.125,-318,-318,-318
1780193294.022933,0.0,0.0,-0.25,-0.125,-318,-318,-318
1780193294.045865,0.0,0.0,-0.25,-0.125,-318,-318,-318
1780193294.058084,0.0,0.0,-0.25,-0.125,-318,-318,-318
1780193294.0828989,0.0,0.0,-0.25,-0.125,-318,-318,-318
1780193294.105342,0.0,0.0,-0.25,-0.125,-318,-318,-318
1780193294.128129,0.0,0.0,-0.25,-0.125,-318,-318,-318
1780193294.152488,0.0,0.0,-0.25,-0.125,-318,-318,-318
1780193294.175443,0.0,0.0,-0.25,-0.125,-318,-318,-318
1780193294.199863,0.0,0.0,-0.25,-0.125,-318,-318,-318
1780193294.223197,0.0,0.0,-0.25,-0.125,-318,-318,-318
1780193294.2487628,0.0,0.0,-0.25,-0.125,-318,-318,-318
1780193294.271701,0.0,0.0,-0.25,-0.125,-318,-318,-318
1780193294.295006,0.0,0.0,-0.25,-0.125,-318,-318,-318
1780193294.307441,0.0,0.0,-0.25,-0.125,-318,-318,-318
1780193294.3325021,0.0,0.0,-0.25,-0.125,-318,-318,-318
1780193294.355285,0.0,0.0,-0.25,-0.125,-318,-318,-318
1780193294.378736,0.0,0.0,-0.25,-0.125,-318,-318,-318
1780193294.390929,0.0,0.0,-0.25,-0.125,-318,-318,-318
1780193294.415937,0.0,0.0,-0.25,-0.125,-318,-318,-318
1780193294.438829,0.0,0.0,-0.25,-0.125,-318,-318,-318
1780193294.461882,0.0,0.0,-0.25,-0.125,-318,-318,-318
1780193294.4740438,0.0,0.0,-0.25,-0.125,-318,-318,-318
1780193294.499059,0.0,0.0,-0.25,-0.125,-318,-318,-318
1780193294.521444,0.0,0.0,-0.25,-0.125,-318,-318,-318
1780193294.54451,0.0,0.0,-0.25,-0.125,-318,-318,-318
1780193294.56879,0.0,0.0,-0.25,-0.125,-318,-318,-318
1780193294.591273,0.0,0.0,-0.25,-0.125,-318,-318,-318
1780193294.6159732,0.0,0.0,-0.25,-0.125,-318,-318,-318
1780193294.638394,0.0,0.0,-0.25,-0.125,-318,-318,-318
1780193294.661122,0.0,0.0,-0.25,-0.125,-318,-318,-318
1780193294.6854231,0.0,0.0,-0.25,-0.125,-318,-318,-318
1780193294.707843,0.0,0.0,-0.25,-0.125,-318,-318,-318
1780193294.732506,0.0,0.0,-0.25,-0.125,-318,-318,-318
1780193294.754956,0.0,0.0,-0.25,-0.125,-318,-318,-318
1780193294.778039,0.0,0.0,-0.25,-0.125,-318,-318,-318
1780193294.802588,0.0,0.0,-0.25,-0.125,-318,-318,-318
1780193294.826688,0.0,0.0,-0.25,-0.125,-318,-318,-318
1780193294.851529,0.0,0.0,-0.25,-0.125,-318,-318,-318
1780193294.874657,0.0,0.0,-0.25,-0.125,-318,-318,-318
1780193294.899725,0.0,0.0,-0.25,-0.125,-318,-318,-318
1780193294.922675,0.0,0.0,-0.25,-0.125,-318,-318,-318
1780193294.946058,0.0,0.0,-0.25,-0.125,-318,-318,-318
1780193294.970968,0.0,0.0,-0.25,-0.125,-318,-318,-318
1780193294.994279,0.0,0.0,-0.25,-0.125,-318,-318,-318
1780193295.019377,0.0,0.0,-0.25,-0.125,-318,-318,-318
1780193295.0427892,0.0,0.0,-0.25,-0.125,-318,-318,-318
1780193295.0673878,0.0,0.0,-0.25,-0.125,-318,-318,-318
1780193295.08981,0.0,0.0,-0.25,-0.125,-318,-318,-318
1780193295.114882,0.0,0.0,-0.25,-0.125,-318,-318,-318
1780193295.1377769,0.0,0.0,-0.25,-0.125,-318,-318,-318
1780193295.16114,0.0,0.0,-0.25,-0.125,-318,-318,-318
1780193295.18596,0.0,0.0,-0.25,-0.125,-318,-318,-318
1780193295.209446,0.0,0.0,-0.25,-0.125,-318,-318,-318
1780193295.234144,0.0,0.0,-0.25,-0.125,-318,-318,-318
1780193295.256696,0.0,0.0,-0.25,-0.125,-318,-318,-318
1780193295.2816472,0.0,0.0,-0.25,-0.125,-318,-318,-318
1780193295.30421,0.0,0.0,-0.25,-0.125,-318,-318,-318
1780193295.32715,0.0,0.0,-0.25,-0.125,-318,-318,-318
1780193295.35166,0.0,0.0,-0.25,-0.125,-318,-318,-318
1780193295.374143,0.0,0.0,-0.25,-0.125,-318,-318,-318
1780193295.3990788,0.0,0.0,-0.25,-0.125,-318,-318,-318
1780193295.421494,0.0,0.0,-0.25,-0.125,-318,-318,-318
1780193295.444833,0.0,0.0,-0.25,-0.125,-318,-318,-318
1780193295.4693398,0.0,0.0,-0.25,-0.125,-318,-318,-318
1780193295.49232,0.0,0.0,-0.25,-0.125,-318,-318,-318
1780193295.5165188,0.0,0.0,-0.25,-0.125,-318,-318,-318
1780193295.539056,0.0,0.0,-0.25,-0.125,-318,-318,-318
1780193295.5619352,0.0,0.0,-0.25,-0.125,-318,-318,-318
1780193295.584626,0.0,0.0,-0.25,-0.125,-318,-318,-318
1780193295.607064,0.0,0.0,-0.25,-0.125,-318,-318,-318
1780193295.63151,0.0,0.0,-0.25,-0.125,-318,-318,-318
1780193295.653873,0.0,0.0,-0.25,-0.125,-318,-318,-318
1780193295.677289,0.0,0.0,-0.25,-0.125,-318,-318,-318
1780193295.702243,0.0,0.0,-0.25,-0.125,-318,-318,-318
1780193295.725806,0.0,0.0,-0.25,-0.125,-318,-318,-318
1780193295.7504928,0.0,0.0,-0.25,-0.125,-318,-318,-318
1780193295.773331,0.0,0.0,-0.25,-0.125,-318,-318,-318
1780193295.798434,0.0,0.0,-0.25,-0.125,-318,-318,-318
1780193295.821297,0.0,0.0,-0.25,-0.125,-318,-318,-318
1780193295.844463,0.0,0.0,-0.25,-0.125,-318,-318,-318
1780193295.8693278,0.0,0.0,-0.25,-0.125,-318,-318,-318
1780193295.892478,0.0,0.0,-0.25,-0.125,-318,-318,-318
1780193295.916852,0.0,0.0,-0.25,-0.125,-318,-318,-318
1780193295.939264,0.0,0.0,-0.25,-0.125,-318,-318,-318
1780193295.9625332,0.0,0.0,-0.25,-0.125,-318,-318,-318
1780193295.9852679,0.0,0.0,-0.25,-0.125,-318,-318,-318
1780193296.008179,0.0,0.0,-0.25,-0.125,-318,-318,-318
1780193296.0328279,0.0,0.0,-0.25,-0.125,-318,-318,-318
1780193296.055584,0.0,0.0,-0.25,-0.125,-318,-318,-318
1780193296.078769,0.0,0.0,-0.25,-0.125,-318,-318,-318
1780193296.0909219,0.0,0.0,-0.25,-0.125,-318,-318,-318
1780193296.11577,0.0,0.0,-0.25,-0.125,-318,-318,-318
1780193296.138657,0.0,0.0,-0.25,-0.125,-318,-318,-318
1780193296.162239,0.0,0.0,-0.25,-0.125,-318,-318,-318
1780193296.174592,0.0,0.0,-0.25,-0.125,-318,-318,-318
1780193296.19997,0.0,0.0,-0.25,-0.125,-318,-318,-318
1780193296.222827,0.0,0.0,-0.25,-0.125,-318,-318,-318
1780193296.248311,0.0,0.0,-0.25,-0.125,-318,-318,-318
1780193296.271196,0.0,0.0,-0.25,-0.125,-318,-318,-318
1780193296.294202,0.0,0.0,-0.25,-0.125,-318,-318,-318
1780193296.318742,0.0,0.0,-0.25,-0.125,-318,-318,-318
1780193296.341853,0.0,0.0,-0.25,-0.125,-318,-318,-318
1780193296.366396,0.0,0.0,-0.25,-0.125,-318,-318,-318
1780193296.389067,0.0,0.0,-0.25,-0.125,-318,-318,-318
1780193296.412488,0.0,0.0,-0.25,-0.125,-318,-318,-318
1780193296.424793,0.0,0.0,-0.25,-0.125,-318,-318,-318
1780193296.44975,0.0,0.0,-0.25,-0.125,-318,-318,-318
1780193296.472585,0.0,0.0,-0.25,-0.125,-318,-318,-318
1780193296.495849,0.0,0.0,-0.25,-0.125,-318,-318,-318
1780193296.518472,0.0,0.0,-0.25,-0.125,-318,-318,-318
1780193296.541165,0.0,0.0,-0.25,-0.125,-318,-318,-318
1780193296.5654452,0.0,0.0,-0.25,-0.125,-318,-318,-318
1780193296.588035,0.0,0.0,-0.25,-0.125,-318,-318,-318
1780193296.61088,0.0,0.0,-0.25,-0.125,-318,-318,-318
1780193296.63579,0.0,0.0,-0.25,-0.125,-318,-318,-318
1780193296.6595478,0.0,0.0,-0.25,-0.125,-318,-318,-318
1780193296.6847072,0.0,0.0,-0.25,-0.125,-318,-318,-318
1780193296.707149,0.0,0.0,-0.25,-0.125,-318,-318,-318
1780193296.732255,0.0,0.0,-0.25,-0.125,-318,-318,-318
1780193296.7547898,0.0,0.0,-0.25,-0.125,-318,-318,-318
1780193296.778072,0.0,0.0,-0.25,-0.125,-318,-318,-318
1780193296.802985,0.0,0.0,-0.25,-0.125,-318,-318,-318
1780193296.8264651,0.0,0.0,-0.25,-0.125,-318,-318,-318
1780193296.851263,0.0,0.0,-0.25,-0.125,-318,-318,-318
1780193296.8742452,0.0,0.0,-0.25,-0.125,-318,-318,-318
1780193296.899384,0.0,0.0,-0.25,-0.125,-318,-318,-318
1780193296.922168,0.0,0.0,-0.25,-0.125,-318,-318,-318
1780193296.945081,0.0,0.0,-0.25,-0.125,-318,-318,-318
1780193296.957317,0.0,0.0,-0.25,-0.125,-318,-318,-318
1780193296.9823942,0.0,0.0,-0.25,-0.125,-318,-318,-318
1780193297.004898,0.0,0.0,-0.25,-0.125,-318,-318,-318
1780193297.0281322,0.0,0.0,-0.25,-0.125,-318,-318,-318
1780193297.052514,0.0,0.0,-0.25,-0.125,-318,-318,-318
1780193297.075896,0.0,0.0,-0.25,-0.125,-318,-318,-318
1780193297.100276,0.0,0.0,-0.25,-0.125,-318,-318,-318
1780193297.122741,0.0,0.0,-0.25,-0.125,-318,-318,-318
1780193297.14567,0.0,0.0,-0.25,-0.125,-318,-318,-318
1780193297.1578088,0.0,0.0,-0.25,-0.125,-318,-318,-318
1780193297.182482,0.0,0.0,-0.25,-0.125,-318,-318,-318
1780193297.204978,0.0,0.0,-0.25,-0.125,-318,-318,-318
1780193297.228073,0.0,0.0,-0.25,-0.125,-318,-318,-318
1780193297.252265,0.0,0.0,-0.25,-0.125,-318,-318,-318
1780193297.275261,0.0,0.0,-0.25,-0.125,-318,-318,-318
1780193297.2994392,0.0,0.0,-0.25,-0.125,-318,-318,-318
1780193297.321959,0.0,0.0,-0.25,-0.125,-318,-318,-318
1780193297.3448288,0.0,0.0,-0.25,-0.125,-318,-318,-318
1780193297.356939,0.0,0.0,-0.25,-0.125,-318,-318,-318
1780193297.3816051,0.0,0.0,-0.25,-0.125,-318,-318,-318
1780193297.403981,0.0,0.0,-0.25,-0.125,-318,-318,-318
1780193297.426974,0.0,0.0,-0.25,-0.125,-318,-318,-318
1780193297.451212,0.0,0.0,-0.25,-0.125,-318,-318,-318
1780193297.473527,0.0,0.0,-0.25,-0.125,-318,-318,-318
1780193297.4981818,0.0,0.0,-0.25,-0.125,-318,-318,-318
1780193297.520548,0.0,0.0,-0.25,-0.125,-318,-318,-318
1780193297.543354,0.0,0.0,-0.25,-0.125,-318,-318,-318
1780193297.5675771,0.0,0.0,-0.25,-0.125,-318,-318,-318
1780193297.590024,0.0,0.0,-0.25,-0.125,-318,-318,-318
1780193297.6127381,0.0,0.0,-0.25,-0.125,-318,-318,-318
1780193297.624916,0.0,0.0,-0.25,-0.125,-318,-318,-318
1780193297.6493409,0.0,0.0,-0.25,-0.125,-318,-318,-318
1780193297.671606,0.0,0.0,-0.25,-0.125,-318,-318,-318
1780193297.694412,0.0,0.0,-0.25,-0.125,-318,-318,-318
1780193297.718658,0.0,0.0,-0.25,-0.125,-318,-318,-318
1780193297.740999,0.0,0.0,-0.25,-0.125,-318,-318,-318
1780193297.765588,0.0,0.0,-0.25,-0.125,-318,-318,-318
1780193297.787897,0.0,0.0,-0.25,-0.125,-318,-318,-318
1780193297.8107278,0.0,0.0,-0.25,-0.125,-318,-318,-318
1780193297.834999,0.0,0.0,-0.25,-0.125,-318,-318,-318
1780193297.857395,0.0,0.0,-0.25,-0.125,-318,-318,-318
1780193297.881879,0.0,0.0,-0.25,-0.125,-318,-318,-318
1780193297.9042292,0.0,0.0,-0.25,-0.125,-318,-318,-318
1780193297.9270148,0.0,0.0,-0.25,-0.125,-318,-318,-318
1780193297.951242,0.0,0.0,-0.25,-0.125,-318,-318,-318
1780193297.973469,0.0,0.0,-0.25,-0.125,-318,-318,-318
1780193297.9982321,0.0,0.0,-0.25,-0.125,-318,-318,-318
1780193298.0207539,0.0,0.0,-0.25,-0.125,-318,-318,-318
1780193298.043641,0.0,0.0,-0.25,-0.125,-318,-318,-318
1780193298.068311,0.0,0.0,-0.25,-0.125,-318,-318,-318
1780193298.079347,0.0,0.0,-0.25,-0.125,-318,-318,-318
1780193298.103905,0.0,0.0,-0.25,-0.125,-318,-318,-318
1780193298.127378,0.0,0.0,-0.25,-0.125,-318,-318,-318
1780193298.152119,0.0,0.0,-0.25,-0.125,-318,-318,-318
1780193298.175317,0.0,0.0,-0.25,-0.125,-318,-318,-318
1780193298.19968,0.0,0.0,-0.25,-0.125,-318,-318,-318
1780193298.222615,0.0,0.0,-0.25,-0.125,-318,-318,-318
1780193298.245985,0.0,0.0,-0.25,-0.125,-318,-318,-318
1780193298.2584362,0.0,0.0,-0.25,-0.125,-318,-318,-318
1780193298.283674,0.0,0.0,-0.25,-0.125,-318,-318,-318
1780193298.3066208,0.0,0.0,-0.25,-0.125,-318,-318,-318
1780193298.331695,0.0,0.0,-0.25,-0.125,-318,-318,-318
1780193298.354496,0.0,0.0,-0.25,-0.125,-318,-318,-318
1780193298.377831,0.0,0.0,-0.25,-0.125,-318,-318,-318
1780193298.40255,0.0,0.0,-0.25,-0.125,-318,-318,-318
1780193298.425667,0.0,0.0,-0.25,-0.125,-318,-318,-318
1780193298.451338,0.0,0.0,-0.25,-0.125,-318,-318,-318
1780193298.4741151,0.0,0.0,-0.25,-0.125,-318,-318,-318
1780193298.4999459,0.0,0.0,-0.25,-0.125,-318,-318,-318
1780193298.52248,0.0,0.0,-0.25,-0.125,-318,-318,-318
1780193298.5479271,0.0,0.0,-0.25,-0.125,-318,-318,-318
1780193298.570935,0.0,0.0,-0.25,-0.125,-318,-318,-318
1780193298.59483,0.0,0.0,-0.25,-0.125,-318,-318,-318
1780193298.6073651,0.0,0.0,-0.25,-0.125,-318,-318,-318
1780193298.632707,0.0,0.0,-0.25,-0.125,-318,-318,-318
1780193298.6557062,0.0,0.0,-0.25,-0.125,-318,-318,-318
1780193298.679296,0.0,0.0,-0.25,-0.125,-318,-318,-318
1780193298.691657,0.0,0.0,-0.25,-0.125,-318,-318,-318
1780193298.716953,0.0,0.0,-0.25,-0.125,-318,-318,-318
1780193298.7399628,0.0,0.0,-0.25,-0.125,-318,-318,-318
1780193298.765568,0.0,0.0,-0.25,-0.125,-318,-318,-318
1780193298.78848,0.0,0.0,-0.25,-0.125,-318,-318,-318
1780193298.81179,0.0,0.0,-0.25,-0.125,-318,-318,-318
1780193298.824088,0.0,0.0,-0.25,-0.125,-318,-318,-318
1780193298.848889,0.0,0.0,-0.25,-0.125,-318,-318,-318
1780193298.8714209,0.0,0.0,-0.25,-0.125,-318,-318,-318
1780193298.8945348,0.0,0.0,-0.25,-0.125,-318,-318,-318
1780193298.9188879,0.0,0.0,-0.25,-0.125,-318,-318,-318
1780193298.941826,0.0,0.0,-0.25,-0.125,-318,-318,-318
1780193298.9661849,0.0,0.0,-0.25,-0.125,-318,-318,-318
1780193298.988784,0.0,0.0,-0.25,-0.125,-318,-318,-318
1780193299.0120032,0.0,0.0,-0.25,-0.125,-318,-318,-318
1780193299.024404,0.0,0.0,-0.25,-0.125,-318,-318,-318
1780193299.049633,0.0,0.0,-0.25,-0.125,-318,-318,-318
1780193299.072454,0.0,0.0,-0.25,-0.125,-318,-318,-318
1780193299.095677,0.0,0.0,-0.25,-0.125,-318,-318,-318
1780193299.107868,0.0,0.0,-0.25,-0.125,-318,-318,-318
1780193299.1328042,0.0,0.0,-0.25,-0.125,-318,-318,-318
1780193299.155363,0.0,0.0,-0.25,-0.125,-318,-318,-318
1780193299.178303,0.0,0.0,-0.25,-0.125,-318,-318,-318
1780193299.1905138,0.0,0.0,-0.25,-0.125,-318,-318,-318
1780193299.215402,0.0,0.0,-0.25,-0.125,-318,-318,-318
1780193299.2384021,0.0,0.0,-0.25,-0.125,-318,-318,-318
1780193299.261478,0.0,0.0,-0.25,-0.125,-318,-318,-318
1780193299.273612,0.0,0.0,-0.25,-0.125,-318,-318,-318
1780193299.298455,0.0,0.0,-0.25,-0.125,-318,-318,-318
1780193299.320977,0.0,0.0,-0.25,-0.125,-318,-318,-318
1780193299.343793,0.0,0.0,-0.25,-0.125,-318,-318,-318
1780193299.368448,0.0,0.0,-0.25,-0.125,-318,-318,-318
1780193299.391813,0.0,0.0,-0.25,-0.125,-318,-318,-318
1780193299.416599,0.0,0.0,-0.25,-0.125,-318,-318,-318
1780193299.439056,0.0,0.0,-0.25,-0.125,-318,-318,-318
1780193299.462102,0.0,0.0,-0.25,-0.125,-318,-318,-318
1780193299.474241,0.0,0.0,-0.25,-0.125,-318,-318,-318
1780193299.499478,0.0,0.0,-0.25,-0.125,-318,-318,-318
1780193299.522337,0.0,0.0,-0.25,-0.125,-318,-318,-318
1780193299.545595,0.0,0.0,-0.25,-0.125,-318,-318,-318
1780193299.557955,0.0,0.0,-0.25,-0.125,-318,-318,-318
1780193299.582891,0.0,0.0,-0.25,-0.125,-318,-318,-318
1780193299.605676,0.0,0.0,-0.25,-0.125,-318,-318,-318
1780193299.629091,0.0,0.0,-0.25,-0.125,-318,-318,-318
1780193299.651584,0.0,0.0,-0.25,-0.125,-318,-318,-318
1780193299.67427,0.0,0.0,-0.25,-0.125,-318,-318,-318
1780193299.698559,0.0,0.0,-0.25,-0.125,-318,-318,-318
1780193299.720983,0.0,0.0,-0.25,-0.125,-318,-318,-318
1780193299.7439308,0.0,0.0,-0.25,-0.125,-318,-318,-318
1780193299.768342,0.0,0.0,-0.25,-0.125,-318,-318,-318
1780193299.790774,0.0,0.0,-0.25,-0.125,-318,-318,-318
1780193299.815825,0.0,0.0,-0.25,-0.125,-318,-318,-318
1780193299.838612,0.0,0.0,-0.25,-0.125,-318,-318,-318
1780193299.861633,0.0,0.0,-0.25,-0.125,-318,-318,-318
1780193299.88417,0.0,0.0,-0.25,-0.125,-318,-318,-318
1780193299.906618,0.0,0.0,-0.25,-0.125,-318,-318,-318
1780193299.929131,0.0,0.0,-0.25,-0.125,-318,-318,-318
1780193299.941207,0.0,0.0,-0.25,-0.125,-318,-318,-318
1780193299.9660249,0.0,0.0,-0.25,-0.125,-318,-318,-318
1780193299.988464,0.0,0.0,-0.25,-0.125,-318,-318,-318
1780193300.011559,0.0,0.0,-0.25,-0.125,-318,-318,-318
1780193300.02368,0.0,0.0,-0.25,-0.125,-318,-318,-318
1780193300.048573,0.0,0.0,-0.25,-0.125,-318,-318,-318
1780193300.071075,0.0,0.0,-0.25,-0.125,-318,-318,-318
1780193300.094017,0.0,0.0,-0.25,-0.125,-318,-318,-318
1780193300.118363,0.0,0.0,-0.25,-0.125,-318,-318,-318
1780193300.1407418,0.0,0.0,-0.25,-0.125,-318,-318,-318
1780193300.1655838,0.0,0.0,-0.25,-0.125,-318,-318,-318
1780193300.1879659,0.0,0.0,-0.25,-0.125,-318,-318,-318
1780193300.211113,0.0,0.0,-0.25,-0.125,-318,-318,-318
1780193300.23566,0.0,0.0,-0.25,-0.125,-318,-318,-318
1780193300.258951,0.0,0.0,-0.25,-0.125,-318,-318,-318
1780193300.283218,0.0,0.0,-0.25,-0.125,-318,-318,-318
1780193300.3058639,0.0,0.0,-0.25,-0.125,-318,-318,-318
1780193300.328799,0.0,0.0,-0.25,-0.125,-318,-318,-318
1780193300.3409548,0.0,0.0,-0.25,-0.125,-318,-318,-318
1780193300.366413,0.0,0.0,-0.25,-0.125,-318,-318,-318
1780193300.389498,0.0,0.0,-0.25,-0.125,-318,-318,-318
1780193300.4147599,0.0,0.0,-0.25,-0.125,-318,-318,-318
1780193300.437629,0.0,0.0,-0.25,-0.125,-318,-318,-318
1780193300.460982,0.0,0.0,-0.25,-0.125,-318,-318,-318
1780193300.4855092,0.0,0.0,-0.25,-0.125,-318,-318,-318
1780193300.509134,0.0,0.0,-0.25,-0.125,-318,-318,-318
1780193300.534284,0.0,0.0,-0.25,-0.125,-318,-318,-318
1780193300.557387,0.0,0.0,-0.25,-0.125,-318,-318,-318
1780193300.582655,0.0,0.0,-0.25,-0.125,-318,-318,-318
1780193300.605508,0.0,0.0,-0.25,-0.125,-318,-318,-318
1780193300.629056,0.0,0.0,-0.25,-0.125,-318,-318,-318
1780193300.6413581,0.0,0.0,-0.25,-0.125,-318,-318,-318
1780193300.666378,0.0,0.0,-0.25,-0.125,-318,-318,-318
1780193300.688937,0.0,0.0,-0.25,-0.125,-318,-318,-318
1780193300.712048,0.0,0.0,-0.25,-0.125,-318,-318,-318
1780193300.724185,0.0,0.0,-0.25,-0.125,-318,-318,-318
1780193300.748985,0.0,0.0,-0.25,-0.125,-318,-318,-318
1780193300.7714,0.0,0.0,-0.25,-0.125,-318,-318,-318
1780193300.7943969,0.0,0.0,-0.25,-0.125,-318,-318,-318
1780193300.8187132,0.0,0.0,-0.25,-0.125,-318,-318,-318
1780193300.841632,0.0,0.0,-0.25,-0.125,-318,-318,-318
1780193300.866095,0.0,0.0,-0.25,-0.125,-318,-318,-318
1780193300.8887439,0.0,0.0,-0.25,-0.125,-318,-318,-318
1780193300.911628,0.0,0.0,-0.25,-0.125,-318,-318,-318
1780193300.923777,0.0,0.0,-0.25,-0.125,-318,-318,-318
1780193300.948572,0.0,0.0,-0.25,-0.125,-318,-318,-318
1780193300.971078,0.0,0.0,-0.25,-0.125,-318,-318,-318
1780193300.994138,0.0,0.0,-0.25,-0.125,-318,-318,-318
1780193301.018568,0.0,0.0,-0.25,-0.125,-318,-318,-318
1780193301.041606,0.0,0.0,-0.25,-0.125,-318,-318,-318
1780193301.066564,0.0,0.0,-0.25,-0.125,-318,-318,-318
1780193301.089292,0.0,0.0,-0.25,-0.125,-318,-318,-318
1780193301.112355,0.0,0.0,-0.25,-0.125,-318,-318,-318
1780193301.124592,0.0,0.0,-0.25,-0.125,-318,-318,-318
1780193301.1493728,0.0,0.0,-0.25,-0.125,-318,-318,-318
1780193301.1718762,0.0,0.0,-0.25,-0.125,-318,-318,-318
1780193301.1950688,0.0,0.0,-0.25,-0.125,-318,-318,-318
1780193301.219299,0.0,0.0,-0.25,-0.125,-318,-318,-318
1780193301.242346,0.0,0.0,-0.25,-0.125,-318,-318,-318
1780193301.266479,0.0,0.0,-0.25,-0.125,-318,-318,-318
1780193301.289143,0.0,0.0,-0.25,-0.125,-318,-318,-318
1780193301.3121438,0.0,0.0,-0.25,-0.125,-318,-318,-318
1780193301.324298,0.0,0.0,-0.25,-0.125,-318,-318,-318
1780193301.3489091,0.0,0.0,-0.25,-0.125,-318,-318,-318
1780193301.3713012,0.0,0.0,-0.25,-0.125,-318,-318,-318
1780193301.394228,0.0,0.0,-0.25,-0.125,-318,-318,-318
1780193301.418407,0.0,0.0,-0.25,-0.125,-318,-318,-318
1780193301.441206,0.0,0.0,-0.25,-0.125,-318,-318,-318
1780193301.4654238,0.0,0.0,-0.25,-0.125,-318,-318,-318
1780193301.487775,0.0,0.0,-0.25,-0.125,-318,-318,-318
1780193301.510624,0.0,0.0,-0.25,-0.125,-318,-318,-318
1780193301.5348191,0.0,0.0,-0.25,-0.125,-318,-318,-318
1780193301.5573618,0.0,0.0,-0.25,-0.125,-318,-318,-318
1780193301.581874,0.0,0.0,-0.25,-0.125,-318,-318,-318
1780193301.6042829,0.0,0.0,-0.25,-0.125,-318,-318,-318
1780193301.627085,0.0,0.0,-0.25,-0.125,-318,-318,-318
1780193301.651318,0.0,0.0,-0.25,-0.125,-318,-318,-318
1780193301.673663,0.0,0.0,-0.25,-0.125,-318,-318,-318
1780193301.698462,0.0,0.0,-0.25,-0.125,-318,-318,-318
1780193301.720858,0.0,0.0,-0.25,-0.125,-318,-318,-318
1780193301.743777,0.0,0.0,-0.25,-0.125,-318,-318,-318
1780193301.768297,0.0,0.0,-0.25,-0.125,-318,-318,-318
1780193301.7906811,0.0,0.0,-0.25,-0.125,-318,-318,-318
1780193301.8157382,0.0,0.0,-0.25,-0.125,-318,-318,-318
1780193301.838183,0.0,0.0,-0.25,-0.125,-318,-318,-318
1780193301.8612459,0.0,0.0,-0.25,-0.125,-318,-318,-318
1780193301.8733408,0.0,0.0,-0.25,-0.125,-318,-318,-318
1780193301.898284,0.0,0.0,-0.25,-0.125,-318,-318,-318
1780193301.9207191,0.0,0.0,-0.25,-0.125,-318,-318,-318
1780193301.9435048,0.0,0.0,-0.25,-0.125,-318,-318,-318
1780193301.9678028,0.0,0.0,-0.25,-0.125,-318,-318,-318
1780193301.990251,0.0,0.0,-0.25,-0.125,-318,-318,-318
1780193302.015133,0.0,0.0,-0.25,-0.125,-318,-318,-318
1780193302.037369,0.0,0.0,-0.25,-0.125,-318,-318,-318
1780193302.060589,0.0,0.0,-0.25,-0.125,-318,-318,-318
1780193302.085044,0.0,0.0,-0.25,-0.125,-318,-318,-318
1780193302.109621,0.0,0.0,-0.25,-0.125,-318,-318,-318
1780193302.1342552,0.0,0.0,-0.25,-0.125,-318,-318,-318
1780193302.157036,0.0,0.0,-0.25,-0.125,-318,-318,-318
1780193302.181855,0.0,0.0,-0.25,-0.125,-318,-318,-318
1780193302.2045178,0.0,0.0,-0.25,-0.125,-318,-318,-318
1780193302.227519,0.0,0.0,-0.25,-0.125,-318,-318,-318
1780193302.252052,0.0,0.0,-0.25,-0.125,-318,-318,-318
1780193302.2750561,0.0,0.0,-0.25,-0.125,-318,-318,-318
1780193302.29981,0.0,0.0,-0.25,-0.125,-318,-318,-318
1780193302.3222961,0.0,0.0,-0.25,-0.125,-318,-318,-318
1780193302.345268,0.0,0.0,-0.25,-0.125,-318,-318,-318
1780193302.36772,0.0,0.0,-0.25,-0.125,-318,-318,-318
1780193302.390123,0.0,0.0,-0.25,-0.125,-318,-318,-318
1780193302.414325,0.0,0.0,-0.25,-0.125,-318,-318,-318
1780193302.436681,0.0,0.0,-0.25,-0.125,-318,-318,-318
1780193302.459268,0.0,0.0,-0.25,-0.125,-318,-318,-318
1780193302.483443,0.0,0.0,-0.25,-0.125,-318,-318,-318
1780193302.505814,0.0,0.0,-0.25,-0.125,-318,-318,-318
1780193302.528574,0.0,0.0,-0.25,-0.125,-318,-318,-318
1780193302.540693,0.0,0.0,-0.25,-0.125,-318,-318,-318
1780193302.565557,0.0,0.0,-0.25,-0.125,-318,-318,-318
1780193302.587998,0.0,0.0,-0.25,-0.125,-318,-318,-318
1780193302.610996,0.0,0.0,-0.25,-0.125,-318,-318,-318
1780193302.635137,0.0,0.0,-0.25,-0.125,-318,-318,-318
1780193302.658006,0.0,0.0,-0.25,-0.125,-318,-318,-318
1780193302.682177,0.0,0.0,-0.25,-0.125,-318,-318,-318
1780193302.7047648,-34.583,73.268,-0.021,-0.195,-55,-458,-545
1780193302.727554,-46.707,59.08,0.051,-0.132,-131,-536,-353
1780193302.751909,-42.023,58.161,0.043,-0.131,-132,-516,-365
1780193302.7749991,-42.023,58.161,0.043,-0.131,-132,-516,-365
1780193302.799362,-42.023,58.161,0.043,-0.131,-132,-516,-365
1780193302.8216362,-42.023,58.161,0.043,-0.131,-132,-516,-365
1780193302.844629,-42.023,58.161,0.043,-0.131,-132,-516,-365
1780193302.856716,-42.023,58.161,0.043,-0.131,-132,-516,-365
1780193302.88187,-42.023,58.161,0.043,-0.131,-132,-516,-365
1780193302.9045389,-42.023,58.161,0.043,-0.131,-132,-516,-365
1780193302.9278579,0.0,0.0,0.043,-0.131,-318,-318,-318
1780193302.940076,0.0,0.0,0.043,-0.131,-318,-318,-318
1780193302.964798,0.0,0.0,0.043,-0.131,-318,-318,-318
1780193302.987178,0.0,0.0,0.043,-0.131,-318,-318,-318
1780193303.010297,0.0,0.0,0.043,-0.131,-318,-318,-318
1780193303.034612,0.0,0.0,0.043,-0.131,-318,-318,-318
1780193303.057172,0.0,0.0,0.043,-0.131,-318,-318,-318
1780193303.082638,0.0,0.0,0.043,-0.131,-318,-318,-318
1780193303.105793,0.0,0.0,0.043,-0.131,-318,-318,-318
1780193303.1309571,0.0,0.0,0.043,-0.131,-318,-318,-318
1780193303.153839,0.0,0.0,0.043,-0.131,-318,-318,-318
1780193303.1770802,0.0,0.0,0.043,-0.131,-318,-318,-318
1780193303.2016509,0.0,0.0,0.043,-0.131,-318,-318,-318
1780193303.2238898,0.0,0.0,0.043,-0.131,-318,-318,-318
1780193303.2488909,0.0,0.0,0.043,-0.131,-318,-318,-318
1780193303.2713358,0.0,0.0,0.043,-0.131,-318,-318,-318
1780193303.294271,0.0,0.0,0.043,-0.131,-318,-318,-318
1780193303.3185978,0.0,0.0,0.043,-0.131,-318,-318,-318
1780193303.341527,0.0,0.0,0.043,-0.131,-318,-318,-318
1780193303.365429,0.0,0.0,0.043,-0.131,-318,-318,-318
1780193303.387733,0.0,0.0,0.043,-0.131,-318,-318,-318
1780193303.41053,0.0,0.0,0.043,-0.131,-318,-318,-318
1780193303.434873,0.0,0.0,0.043,-0.131,-318,-318,-318
1780193303.45718,0.0,0.0,0.043,-0.131,-318,-318,-318
1780193303.4818292,0.0,0.0,0.043,-0.131,-318,-318,-318
1780193303.504189,0.0,0.0,0.043,-0.131,-318,-318,-318
1780193303.52737,0.0,0.0,0.043,-0.131,-318,-318,-318
1780193303.552087,0.0,0.0,0.043,-0.131,-318,-318,-318
1780193303.575556,0.0,0.0,0.043,-0.131,-318,-318,-318
1780193303.600404,0.0,0.0,0.043,-0.131,-318,-318,-318
1780193303.6231942,0.0,0.0,0.043,-0.131,-318,-318,-318
1780193303.647969,0.0,0.0,0.043,-0.131,-318,-318,-318
1780193303.6705642,0.0,0.0,0.043,-0.131,-318,-318,-318
1780193303.6933818,0.0,0.0,0.043,-0.131,-318,-318,-318
1780193303.71798,0.0,0.0,0.043,-0.131,-318,-318,-318
1780193303.74053,0.0,0.0,0.043,-0.131,-318,-318,-318
1780193303.7652621,0.0,0.0,0.043,-0.131,-318,-318,-318
1780193303.787589,0.0,0.0,0.043,-0.131,-318,-318,-318
1780193303.810635,-27.528,-62.562,0.013,0.17,-751,-208,-178
1780193303.834831,-27.528,-62.562,0.013,0.17,-751,-208,-178
1780193303.8572679,-27.528,-62.562,0.013,0.17,-751,-208,-178
1780193303.8819368,-27.528,-62.562,0.013,0.17,-751,-208,-178
1780193303.904514,-27.528,-62.562,0.013,0.17,-751,-208,-178
1780193303.927435,-27.528,-62.562,0.013,0.17,-751,-208,-178
1780193303.952183,-27.528,-62.562,0.013,0.17,-751,-208,-178
1780193303.975331,-27.528,-62.562,0.013,0.17,-751,-208,-178
1780193303.999794,-27.528,-62.562,0.013,0.17,-751,-208,-178
1780193304.022191,0.0,0.0,0.013,0.17,-318,-318,-318
1780193304.0454369,0.0,0.0,0.013,0.17,-318,-318,-318
1780193304.0575879,0.0,0.0,0.013,0.17,-318,-318,-318
1780193304.082845,0.0,0.0,0.013,0.17,-318,-318,-318
1780193304.105537,0.0,0.0,0.013,0.17,-318,-318,-318
1780193304.128869,0.0,0.0,0.013,0.17,-318,-318,-318
1780193304.141067,0.0,0.0,0.013,0.17,-318,-318,-318
1780193304.165843,0.0,0.0,0.013,0.17,-318,-318,-318
1780193304.188286,0.0,0.0,0.013,0.17,-318,-318,-318
1780193304.211395,0.0,0.0,0.013,0.17,-318,-318,-318
1780193304.223543,0.0,0.0,0.013,0.17,-318,-318,-318
1780193304.248279,0.0,0.0,0.013,0.17,-318,-318,-318
1780193304.2707121,0.0,0.0,0.013,0.17,-318,-318,-318
1780193304.29382,0.0,0.0,0.013,0.17,-318,-318,-318
1780193304.318131,0.0,0.0,0.013,0.17,-318,-318,-318
1780193304.3406332,0.0,0.0,0.013,0.17,-318,-318,-318
1780193304.365186,0.0,0.0,0.013,0.17,-318,-318,-318
1780193304.387545,0.0,0.0,0.013,0.17,-318,-318,-318
1780193304.410471,0.0,0.0,0.013,0.17,-318,-318,-318
1780193304.4348722,0.0,0.0,0.013,0.17,-318,-318,-318
1780193304.4573,0.0,0.0,0.013,0.17,-318,-318,-318
1780193304.4828181,0.0,0.0,0.013,0.17,-318,-318,-318
1780193304.505907,0.0,0.0,0.013,0.17,-318,-318,-318
1780193304.5312839,0.0,0.0,0.013,0.17,-318,-318,-318
1780193304.5541718,0.0,0.0,0.013,0.17,-318,-318,-318
1780193304.5777369,0.0,0.0,0.013,0.17,-318,-318,-318
1780193304.590132,0.0,0.0,0.013,0.17,-318,-318,-318
1780193304.615288,0.0,0.0,0.013,0.17,-318,-318,-318
1780193304.63827,0.0,0.0,0.013,0.17,-318,-318,-318
1780193304.661553,0.0,0.0,0.013,0.17,-318,-318,-318
1780193304.673862,0.0,0.0,0.013,0.17,-318,-318,-318
1780193304.698612,0.0,0.0,0.013,0.17,-318,-318,-318
1780193304.721129,0.0,0.0,0.013,0.17,-318,-318,-318
1780193304.744295,0.0,0.0,0.013,0.17,-318,-318,-318
1780193304.768662,0.0,0.0,0.013,0.17,-318,-318,-318
1780193304.791687,0.0,0.0,0.013,0.17,-318,-318,-318
1780193304.8160949,0.0,0.0,0.013,0.17,-318,-318,-318
1780193304.83862,0.0,0.0,0.013,0.17,-318,-318,-318
1780193304.861603,0.0,0.0,0.013,0.17,-318,-318,-318
1780193304.873792,0.0,0.0,0.013,0.17,-318,-318,-318
1780193304.8985522,0.0,0.0,0.013,0.17,-318,-318,-318
1780193304.921012,0.0,0.0,0.013,0.17,-318,-318,-318
1780193304.943985,0.0,0.0,0.013,0.17,-318,-318,-318
1780193304.968288,0.0,0.0,0.013,0.17,-318,-318,-318
1780193304.991223,0.0,0.0,0.013,0.17,-318,-318,-318
1780193305.015612,0.0,0.0,0.013,0.17,-318,-318,-318
1780193305.038103,0.0,0.0,0.013,0.17,-318,-318,-318
1780193305.0610108,0.0,0.0,0.013,0.17,-318,-318,-318
1780193305.07319,0.0,0.0,0.013,0.17,-318,-318,-318
1780193305.0977721,0.0,0.0,0.013,0.17,-318,-318,-318
1780193305.120287,0.0,0.0,0.013,0.17,-318,-318,-318
1780193305.1433148,0.0,0.0,0.013,0.17,-318,-318,-318
1780193305.167525,0.0,0.0,0.013,0.17,-318,-318,-318
1780193305.18997,0.0,0.0,0.013,0.17,-318,-318,-318
1780193305.214934,0.0,0.0,0.013,0.17,-318,-318,-318
1780193305.237438,0.0,0.0,0.013,0.17,-318,-318,-318
1780193305.260329,0.0,0.0,0.013,0.17,-318,-318,-318
1780193305.284699,0.0,0.0,0.013,0.17,-318,-318,-318
1780193305.307085,0.0,0.0,0.013,0.17,-318,-318,-318
1780193305.329966,0.0,0.0,0.013,0.17,-318,-318,-318
1780193305.354165,0.0,0.0,0.013,0.17,-318,-318,-318
1780193305.3770509,0.0,0.0,0.013,0.17,-318,-318,-318
1780193305.4011252,0.0,0.0,0.013,0.17,-318,-318,-318
1780193305.4235032,0.0,0.0,0.013,0.17,-318,-318,-318
1780193305.4480908,0.0,0.0,0.013,0.17,-318,-318,-318
1780193305.47051,0.0,0.0,0.013,0.17,-318,-318,-318
1780193305.493279,0.0,0.0,0.013,0.17,-318,-318,-318
1780193305.517473,0.0,0.0,0.013,0.17,-318,-318,-318
1780193305.5400908,0.0,0.0,0.013,0.17,-318,-318,-318
1780193305.564936,0.0,0.0,0.013,0.17,-318,-318,-318
1780193305.5873039,0.0,0.0,0.013,0.17,-318,-318,-318
1780193305.6103659,0.0,0.0,0.013,0.17,-318,-318,-318
1780193305.634586,0.0,0.0,0.013,0.17,-318,-318,-318
1780193305.656932,0.0,0.0,0.013,0.17,-318,-318,-318
1780193305.6816819,0.0,0.0,0.013,0.17,-318,-318,-318
1780193305.704184,0.0,0.0,0.013,0.17,-318,-318,-318
1780193305.727637,0.0,0.0,0.013,0.17,-318,-318,-318
1780193305.73996,0.0,0.0,0.013,0.17,-318,-318,-318
1780193305.765111,0.0,0.0,0.013,0.17,-318,-318,-318
1780193305.787659,0.0,0.0,0.013,0.17,-318,-318,-318
1780193305.810761,0.0,0.0,0.013,0.17,-318,-318,-318
1780193305.835341,0.0,0.0,0.013,0.17,-318,-318,-318
1780193305.858552,0.0,0.0,0.013,0.17,-318,-318,-318
1780193305.883394,0.0,0.0,0.013,0.17,-318,-318,-318
1780193305.9060109,0.0,0.0,0.013,0.17,-318,-318,-318
1780193305.931317,0.0,0.0,0.013,0.17,-318,-318,-318
1780193305.953847,0.0,0.0,0.013,0.17,-318,-318,-318
1780193305.97707,0.0,0.0,0.013,0.17,-318,-318,-318
1780193306.001562,0.0,0.0,0.013,0.17,-318,-318,-318
1780193306.024689,0.0,0.0,0.013,0.17,-318,-318,-318
1780193306.0490491,0.0,0.0,0.013,0.17,-318,-318,-318
1780193306.072035,0.0,0.0,0.013,0.17,-318,-318,-318
1780193306.095077,0.0,0.0,0.013,0.17,-318,-318,-318
1780193306.1072772,0.0,0.0,0.013,0.17,-318,-318,-318
1780193306.132385,0.0,0.0,0.013,0.17,-318,-318,-318
1780193306.154977,0.0,0.0,0.013,0.17,-318,-318,-318
1780193306.1779609,0.0,0.0,0.013,0.17,-318,-318,-318
1780193306.1900349,0.0,0.0,0.013,0.17,-318,-318,-318
1780193306.214751,0.0,0.0,0.013,0.17,-318,-318,-318
1780193306.237204,0.0,0.0,0.013,0.17,-318,-318,-318
1780193306.2600472,0.0,0.0,0.013,0.17,-318,-318,-318
1780193306.284377,0.0,0.0,0.013,0.17,-318,-318,-318
1780193306.306734,0.0,0.0,0.013,0.17,-318,-318,-318
1780193306.331419,0.0,0.0,0.013,0.17,-318,-318,-318
1780193306.353824,0.0,0.0,0.013,0.17,-318,-318,-318
1780193306.3768399,0.0,0.0,0.013,0.17,-318,-318,-318
1780193306.4010508,0.0,0.0,0.013,0.17,-318,-318,-318
1780193306.4234428,0.0,0.0,0.013,0.17,-318,-318,-318
1780193306.4484239,0.0,0.0,0.013,0.17,-318,-318,-318
1780193306.470895,0.0,0.0,0.013,0.17,-318,-318,-318
1780193306.493602,0.0,0.0,0.013,0.17,-318,-318,-318
1780193306.517924,0.0,0.0,0.013,0.17,-318,-318,-318
1780193306.540417,0.0,0.0,0.013,0.17,-318,-318,-318
1780193306.5657642,0.0,0.0,0.013,0.17,-318,-318,-318
1780193306.588289,0.0,0.0,0.013,0.17,-318,-318,-318
1780193306.611444,0.0,0.0,0.013,0.17,-318,-318,-318
1780193306.6235561,0.0,0.0,0.013,0.17,-318,-318,-318
1780193306.64826,0.0,0.0,0.013,0.17,-318,-318,-318
1780193306.670727,0.0,0.0,0.013,0.17,-318,-318,-318
1780193306.693511,0.0,0.0,0.013,0.17,-318,-318,-318
1780193306.717783,0.0,0.0,0.013,0.17,-318,-318,-318
1780193306.7406201,0.0,0.0,0.013,0.17,-318,-318,-318
1780193306.765548,0.0,0.0,0.013,0.17,-318,-318,-318
1780193306.787863,0.0,0.0,0.013,0.17,-318,-318,-318
1780193306.8107169,0.0,0.0,0.013,0.17,-318,-318,-318
1780193306.835152,0.0,0.0,0.013,0.17,-318,-318,-318
1780193306.85809,0.0,0.0,0.013,0.17,-318,-318,-318
1780193306.882376,0.0,0.0,0.013,0.17,-318,-318,-318
1780193306.893134,0.0,0.0,0.013,0.17,-318,-318,-318
1780193306.917229,0.0,0.0,0.013,0.17,-318,-318,-318
1780193306.939717,0.0,0.0,0.013,0.17,-318,-318,-318
1780193306.964383,0.0,0.0,0.013,0.17,-318,-318,-318
1780193306.98676,0.0,0.0,0.013,0.17,-318,-318,-318
1780193307.0098,0.0,0.0,0.013,0.17,-318,-318,-318
1780193307.033996,0.0,0.0,0.013,0.17,-318,-318,-318
1780193307.056478,0.0,0.0,0.013,0.17,-318,-318,-318
1780193307.0816278,0.0,0.0,0.013,0.17,-318,-318,-318
1780193307.104176,0.0,0.0,0.013,0.17,-318,-318,-318
1780193307.127073,0.0,0.0,0.013,0.17,-318,-318,-318
1780193307.151576,0.0,0.0,0.013,0.17,-318,-318,-318
1780193307.1746519,0.0,0.0,0.013,0.17,-318,-318,-318
1780193307.199195,0.0,0.0,0.013,0.17,-318,-318,-318
1780193307.2216132,0.0,0.0,0.013,0.17,-318,-318,-318
1780193307.244609,0.0,0.0,0.013,0.17,-318,-318,-318
1780193307.256719,0.0,0.0,0.013,0.17,-318,-318,-318
1780193307.281337,0.0,0.0,0.013,0.17,-318,-318,-318
1780193307.303905,0.0,0.0,0.013,0.17,-318,-318,-318
1780193307.327189,0.0,0.0,0.013,0.17,-318,-318,-318
1780193307.352179,0.0,0.0,0.013,0.17,-318,-318,-318
1780193307.3756852,0.0,0.0,0.013,0.17,-318,-318,-318
1780193307.400407,0.0,0.0,0.013,0.17,-318,-318,-318
1780193307.4227688,0.0,0.0,0.013,0.17,-318,-318,-318
1780193307.435286,0.0,0.0,0.013,0.17,-318,-318,-318
1780193307.458125,0.0,0.0,0.013,0.17,-318,-318,-318
1780193307.482313,0.0,0.0,0.013,0.17,-318,-318,-318
1780193307.504749,0.0,0.0,0.013,0.17,-318,-318,-318
1780193307.528064,0.0,0.0,0.013,0.17,-318,-318,-318
1780193307.550816,0.0,0.0,0.013,0.17,-318,-318,-318
1780193307.5733938,0.0,0.0,0.013,0.17,-318,-318,-318
1780193307.597985,0.0,0.0,0.013,0.17,-318,-318,-318
1780193307.620515,0.0,0.0,0.013,0.17,-318,-318,-318
1780193307.64362,0.0,0.0,0.013,0.17,-318,-318,-318
1780193307.667906,0.0,0.0,0.013,0.17,-318,-318,-318
1780193307.690588,0.0,0.0,0.013,0.17,-318,-318,-318
1780193307.715292,0.0,0.0,0.013,0.17,-318,-318,-318
1780193307.737955,0.0,0.0,0.013,0.17,-318,-318,-318
1780193307.760897,0.0,0.0,0.013,0.17,-318,-318,-318
1780193307.7729971,0.0,0.0,0.013,0.17,-318,-318,-318
1780193307.7979462,0.0,0.0,0.013,0.17,-318,-318,-318
1780193307.8204958,0.0,0.0,0.013,0.17,-318,-318,-318
1780193307.843751,0.0,0.0,0.013,0.17,-318,-318,-318
1780193307.8684359,0.0,0.0,0.013,0.17,-318,-318,-318
1780193307.8915331,0.0,0.0,0.013,0.17,-318,-318,-318
1780193307.9161458,0.0,0.0,0.013,0.17,-318,-318,-318
1780193307.938536,0.0,0.0,0.013,0.17,-318,-318,-318
1780193307.95105,0.0,0.0,0.013,0.17,-318,-318,-318
1780193307.973989,0.0,0.0,0.013,0.17,-318,-318,-318
1780193307.9995441,0.0,0.0,0.013,0.17,-318,-318,-318
1780193308.021986,0.0,0.0,0.013,0.17,-318,-318,-318
1780193308.045384,0.0,0.0,0.013,0.17,-318,-318,-318
1780193308.0580952,0.0,0.0,0.013,0.17,-318,-318,-318
1780193308.083209,0.0,0.0,0.013,0.17,-318,-318,-318
1780193308.105749,0.0,0.0,0.013,0.17,-318,-318,-318
1780193308.1307,0.0,0.0,0.013,0.17,-318,-318,-318
1780193308.1532211,0.0,0.0,0.013,0.17,-318,-318,-318
1780193308.176202,0.0,0.0,0.013,0.17,-318,-318,-318
1780193308.2005272,0.0,0.0,0.013,0.17,-318,-318,-318
1780193308.223083,0.0,0.0,0.013,0.17,-318,-318,-318
1780193308.247644,0.0,0.0,0.013,0.17,-318,-318,-318
1780193308.2700071,0.0,0.0,0.013,0.17,-318,-318,-318
1780193308.292927,0.0,0.0,0.013,0.17,-318,-318,-318
1780193308.3170838,0.0,0.0,0.013,0.17,-318,-318,-318
1780193308.339464,0.0,0.0,0.013,0.17,-318,-318,-318
1780193308.364068,0.0,0.0,0.013,0.17,-318,-318,-318
1780193308.386359,0.0,0.0,0.013,0.17,-318,-318,-318
1780193308.409219,0.0,0.0,0.013,0.17,-318,-318,-318
1780193308.433771,0.0,0.0,0.013,0.17,-318,-318,-318
1780193308.456749,0.0,0.0,0.013,0.17,-318,-318,-318
1780193308.469522,0.0,0.0,0.013,0.17,-318,-318,-318
1780193308.4928472,0.0,0.0,0.013,0.17,-318,-318,-318
1780193308.517514,0.0,0.0,0.013,0.17,-318,-318,-318
1780193308.540189,0.0,0.0,0.013,0.17,-318,-318,-318
1780193308.5652962,0.0,0.0,0.013,0.17,-318,-318,-318
1780193308.588213,0.0,0.0,0.013,0.17,-318,-318,-318
1780193308.6113238,0.0,0.0,0.013,0.17,-318,-318,-318
1780193308.623691,0.0,0.0,0.013,0.17,-318,-318,-318
1780193308.648994,0.0,0.0,0.013,0.17,-318,-318,-318
1780193308.672181,0.0,0.0,0.013,0.17,-318,-318,-318
1780193308.6974368,0.0,0.0,0.013,0.17,-318,-318,-318
1780193308.720351,0.0,0.0,0.013,0.17,-318,-318,-318
1780193308.7435782,0.0,0.0,0.013,0.17,-318,-318,-318
1780193308.7683892,0.0,0.0,0.013,0.17,-318,-318,-318
1780193308.791784,0.0,0.0,0.013,0.17,-318,-318,-318
1780193308.8163981,0.0,0.0,0.013,0.17,-318,-318,-318
1780193308.8389351,0.0,0.0,0.013,0.17,-318,-318,-318
1780193308.863978,0.0,0.0,0.013,0.17,-318,-318,-318
1780193308.886838,0.0,0.0,0.013,0.17,-318,-318,-318
1780193308.910211,0.0,0.0,0.013,0.17,-318,-318,-318
1780193308.934834,0.0,0.0,0.013,0.17,-318,-318,-318
1780193308.958206,0.0,0.0,0.013,0.17,-318,-318,-318
1780193308.9827452,0.0,0.0,0.013,0.17,-318,-318,-318
1780193309.0056698,0.0,0.0,0.013,0.17,-318,-318,-318
1780193309.030823,0.0,0.0,0.013,0.17,-318,-318,-318
1780193309.053504,0.0,0.0,0.013,0.17,-318,-318,-318
1780193309.07648,0.0,0.0,0.013,0.17,-318,-318,-318
1780193309.101108,0.0,0.0,0.013,0.17,-318,-318,-318
1780193309.124547,0.0,0.0,0.013,0.17,-318,-318,-318
1780193309.1493702,0.0,0.0,0.013,0.17,-318,-318,-318
1780193309.172176,0.0,0.0,0.013,0.17,-318,-318,-318
1780193309.197357,0.0,0.0,0.013,0.17,-318,-318,-318
1780193309.2201972,0.0,0.0,0.013,0.17,-318,-318,-318
1780193309.243469,0.0,0.0,0.013,0.17,-318,-318,-318
1780193309.2677,0.0,0.0,0.013,0.17,-318,-318,-318
1780193309.29021,0.0,0.0,0.013,0.17,-318,-318,-318
1780193309.314979,0.0,0.0,0.013,0.17,-318,-318,-318
1780193309.337416,0.0,0.0,0.013,0.17,-318,-318,-318
1780193309.3603609,0.0,0.0,0.013,0.17,-318,-318,-318
1780193309.3847628,0.0,0.0,0.013,0.17,-318,-318,-318
1780193309.4077811,0.0,0.0,0.013,0.17,-318,-318,-318
1780193309.4325812,0.0,0.0,0.013,0.17,-318,-318,-318
1780193309.4555478,0.0,0.0,0.013,0.17,-318,-318,-318
1780193309.480573,0.0,0.0,0.013,0.17,-318,-318,-318
1780193309.503215,0.0,0.0,0.013,0.17,-318,-318,-318
1780193309.526695,0.0,0.0,0.013,0.17,-318,-318,-318
1780193309.5514848,0.0,0.0,0.013,0.17,-318,-318,-318
1780193309.575017,0.0,0.0,0.013,0.17,-318,-318,-318
1780193309.599891,0.0,0.0,0.013,0.17,-318,-318,-318
1780193309.622944,0.0,0.0,0.013,0.17,-318,-318,-318
1780193309.648163,0.0,0.0,0.013,0.17,-318,-318,-318
1780193309.670837,0.0,0.0,0.013,0.17,-318,-318,-318
1780193309.693824,0.0,0.0,0.013,0.17,-318,-318,-318
1780193309.7184691,0.0,0.0,0.013,0.17,-318,-318,-318
1780193309.741513,0.0,0.0,0.013,0.17,-318,-318,-318
1780193309.7660758,0.0,0.0,0.013,0.17,-318,-318,-318
1780193309.788557,0.0,0.0,0.013,0.17,-318,-318,-318
1780193309.8116019,0.0,0.0,0.013,0.17,-318,-318,-318
1780193309.823819,0.0,0.0,0.013,0.17,-318,-318,-318
1780193309.84857,0.0,0.0,0.013,0.17,-318,-318,-318
1780193309.870922,0.0,0.0,0.013,0.17,-318,-318,-318
1780193309.894698,0.0,0.0,0.013,0.17,-318,-318,-318
1780193309.907031,0.0,0.0,0.013,0.17,-318,-318,-318
1780193309.932378,0.0,0.0,0.013,0.17,-318,-318,-318
1780193309.9553568,0.0,0.0,0.013,0.17,-318,-318,-318
1780193309.9806452,0.0,0.0,0.013,0.17,-318,-318,-318
1780193309.991628,0.0,0.0,0.013,0.17,-318,-318,-318
1780193310.016364,0.0,0.0,0.013,0.17,-318,-318,-318
1780193310.03943,0.0,0.0,0.013,0.17,-318,-318,-318
1780193310.06462,0.0,0.0,0.013,0.17,-318,-318,-318
1780193310.08752,0.0,0.0,0.013,0.17,-318,-318,-318
1780193310.110776,0.0,0.0,0.013,0.17,-318,-318,-318
1780193310.1231291,0.0,0.0,0.013,0.17,-318,-318,-318
1780193310.148136,0.0,0.0,0.013,0.17,-318,-318,-318
1780193310.170939,0.0,0.0,0.013,0.17,-318,-318,-318
1780193310.19439,0.0,0.0,0.013,0.17,-318,-318,-318
1780193310.206754,0.0,0.0,0.013,0.17,-318,-318,-318
1780193310.2318752,0.0,0.0,0.013,0.17,-318,-318,-318
1780193310.254716,0.0,0.0,0.013,0.17,-318,-318,-318
1780193310.277854,0.0,0.0,0.013,0.17,-318,-318,-318
1780193310.290027,0.0,0.0,0.013,0.17,-318,-318,-318
1780193310.3148952,0.0,0.0,0.013,0.17,-318,-318,-318
1780193310.3373382,0.0,0.0,0.013,0.17,-318,-318,-318
1780193310.360333,0.0,0.0,0.013,0.17,-318,-318,-318
1780193310.384654,0.0,0.0,0.013,0.17,-318,-318,-318
1780193310.40757,0.0,0.0,0.013,0.17,-318,-318,-318
1780193310.431828,0.0,0.0,0.013,0.17,-318,-318,-318
1780193310.454317,0.0,0.0,0.013,0.17,-318,-318,-318
1780193310.477043,0.0,0.0,0.013,0.17,-318,-318,-318
1780193310.5014699,0.0,0.0,0.013,0.17,-318,-318,-318
1780193310.525009,0.0,0.0,0.013,0.17,-318,-318,-318
1780193310.549592,0.0,0.0,0.013,0.17,-318,-318,-318
1780193310.572087,0.0,0.0,0.013,0.17,-318,-318,-318
1780193310.595212,0.0,0.0,0.013,0.17,-318,-318,-318
1780193310.607381,0.0,0.0,0.013,0.17,-318,-318,-318
1780193310.6322508,0.0,0.0,0.013,0.17,-318,-318,-318
1780193310.654752,0.0,0.0,0.013,0.17,-318,-318,-318
1780193310.677665,0.0,0.0,0.013,0.17,-318,-318,-318
1780193310.6898198,0.0,0.0,0.013,0.17,-318,-318,-318
1780193310.714411,0.0,0.0,0.013,0.17,-318,-318,-318
1780193310.7367492,0.0,0.0,0.013,0.17,-318,-318,-318
1780193310.75975,0.0,0.0,0.013,0.17,-318,-318,-318
1780193310.783904,0.0,0.0,0.013,0.17,-318,-318,-318
1780193310.8063202,0.0,0.0,0.013,0.17,-318,-318,-318
1780193310.830931,0.0,0.0,0.013,0.17,-318,-318,-318
1780193310.853452,0.0,0.0,0.013,0.17,-318,-318,-318
1780193310.8761868,0.0,0.0,0.013,0.17,-318,-318,-318
1780193310.900702,0.0,0.0,0.013,0.17,-318,-318,-318
1780193310.923549,0.0,0.0,0.013,0.17,-318,-318,-318
1780193310.9484138,0.0,0.0,0.013,0.17,-318,-318,-318
1780193310.970742,0.0,0.0,0.013,0.17,-318,-318,-318
1780193310.9937558,0.0,0.0,0.013,0.17,-318,-318,-318
1780193311.018116,0.0,0.0,0.013,0.17,-318,-318,-318
1780193311.0411541,0.0,0.0,0.013,0.17,-318,-318,-318
1780193311.065871,0.0,0.0,0.013,0.17,-318,-318,-318
1780193311.088491,0.0,0.0,0.013,0.17,-318,-318,-318
1780193311.111522,0.0,0.0,0.013,0.17,-318,-318,-318
1780193311.12377,0.0,0.0,0.013,0.17,-318,-318,-318
1780193311.148606,0.0,0.0,0.013,0.17,-318,-318,-318
1780193311.171068,0.0,0.0,0.013,0.17,-318,-318,-318
1780193311.1940339,0.0,0.0,0.013,0.17,-318,-318,-318
1780193311.206107,0.0,0.0,0.013,0.17,-318,-318,-318
1780193311.2309701,0.0,0.0,0.013,0.17,-318,-318,-318
1780193311.253568,0.0,0.0,0.013,0.17,-318,-318,-318
1780193311.276447,0.0,0.0,0.013,0.17,-318,-318,-318
1780193311.3014,0.0,0.0,0.013,0.17,-318,-318,-318
1780193311.3246279,0.0,0.0,0.013,0.17,-318,-318,-318
1780193311.349667,0.0,0.0,0.013,0.17,-318,-318,-318
1780193311.372381,0.0,0.0,0.013,0.17,-318,-318,-318
1780193311.397393,0.0,0.0,0.013,0.17,-318,-318,-318
1780193311.419868,0.0,0.0,0.013,0.17,-318,-318,-318
1780193311.4429069,0.0,0.0,0.013,0.17,-318,-318,-318
1780193311.467247,0.0,0.0,0.013,0.17,-318,-318,-318
1780193311.489832,0.0,0.0,0.013,0.17,-318,-318,-318
1780193311.5147488,0.0,0.0,0.013,0.17,-318,-318,-318
1780193311.537291,0.0,0.0,0.013,0.17,-318,-318,-318
1780193311.560302,0.0,0.0,0.013,0.17,-318,-318,-318
1780193311.584948,0.0,0.0,0.013,0.17,-318,-318,-318
1780193311.6077728,0.0,0.0,0.013,0.17,-318,-318,-318
1780193311.632617,0.0,0.0,0.013,0.17,-318,-318,-318
1780193311.655425,0.0,0.0,0.013,0.17,-318,-318,-318
1780193311.6803799,0.0,0.0,0.013,0.17,-318,-318,-318
1780193311.702763,0.0,0.0,0.013,0.17,-318,-318,-318
1780193311.725784,0.0,0.0,0.013,0.17,-318,-318,-318
1780193311.750017,0.0,0.0,0.013,0.17,-318,-318,-318
1780193311.772417,0.0,0.0,0.013,0.17,-318,-318,-318
1780193311.797059,0.0,0.0,0.013,0.17,-318,-318,-318
1780193311.819467,0.0,0.0,0.013,0.17,-318,-318,-318
1780193311.8422248,0.0,0.0,0.013,0.17,-318,-318,-318
1780193311.866913,0.0,0.0,0.013,0.17,-318,-318,-318
1780193311.889537,0.0,0.0,0.013,0.17,-318,-318,-318
1780193311.914479,0.0,0.0,0.013,0.17,-318,-318,-318
1780193311.936996,0.0,0.0,0.013,0.17,-318,-318,-318
1780193311.9600298,0.0,0.0,0.013,0.17,-318,-318,-318
1780193311.984266,0.0,0.0,0.013,0.17,-318,-318,-318
1780193312.006761,0.0,0.0,0.013,0.17,-318,-318,-318
1780193312.031745,0.0,0.0,0.013,0.17,-318,-318,-318
1780193312.054305,0.0,0.0,0.013,0.17,-318,-318,-318
1780193312.077249,0.0,0.0,0.013,0.17,-318,-318,-318
1780193312.100217,0.0,0.0,0.013,0.17,-318,-318,-318
1780193312.122613,0.0,0.0,0.013,0.17,-318,-318,-318
1780193312.1474571,0.0,0.0,0.013,0.17,-318,-318,-318
1780193312.16993,0.0,0.0,0.013,0.17,-318,-318,-318
1780193312.192844,0.0,0.0,0.013,0.17,-318,-318,-318
1780193312.217092,0.0,0.0,0.013,0.17,-318,-318,-318
1780193312.239525,0.0,0.0,0.013,0.17,-318,-318,-318
1780193312.264172,0.0,0.0,0.013,0.17,-318,-318,-318
1780193312.2868302,0.0,0.0,0.013,0.17,-318,-318,-318
1780193312.309694,0.0,0.0,0.013,0.17,-318,-318,-318
1780193312.3339672,0.0,0.0,0.013,0.17,-318,-318,-318
1780193312.35629,0.0,0.0,0.013,0.17,-318,-318,-318
1780193312.381365,0.0,0.0,0.013,0.17,-318,-318,-318
1780193312.403786,0.0,0.0,0.013,0.17,-318,-318,-318
1780193312.426869,0.0,0.0,0.013,0.17,-318,-318,-318
1780193312.4512131,0.0,0.0,0.013,0.17,-318,-318,-318
1780193312.474283,0.0,0.0,0.013,0.17,-318,-318,-318
1780193312.4986649,0.0,0.0,0.013,0.17,-318,-318,-318
1780193312.509341,0.0,0.0,0.013,0.17,-318,-318,-318
1780193312.5335512,0.0,0.0,0.013,0.17,-318,-318,-318
1780193312.555952,0.0,0.0,0.013,0.17,-318,-318,-318
1780193312.581153,0.0,0.0,0.013,0.17,-318,-318,-318
1780193312.603887,0.0,0.0,0.013,0.17,-318,-318,-318
1780193312.61643,0.0,0.0,0.013,0.17,-318,-318,-318
1780193312.6388521,0.0,0.0,0.013,0.17,-318,-318,-318
1780193312.66372,0.0,0.0,0.013,0.17,-318,-318,-318
1780193312.68617,0.0,0.0,0.013,0.17,-318,-318,-318
1780193312.709095,0.0,0.0,0.013,0.17,-318,-318,-318
1780193312.7335591,0.0,0.0,0.013,0.17,-318,-318,-318
1780193312.756055,0.0,0.0,0.013,0.17,-318,-318,-318
1780193312.780946,0.0,0.0,0.013,0.17,-318,-318,-318
1780193312.80351,0.0,0.0,0.013,0.17,-318,-318,-318
1780193312.826445,0.0,0.0,0.013,0.17,-318,-318,-318
1780193312.851017,0.0,0.0,0.013,0.17,-318,-318,-318
1780193312.8740811,0.0,0.0,0.013,0.17,-318,-318,-318
1780193312.898345,0.0,0.0,0.013,0.17,-318,-318,-318
1780193312.920822,0.0,0.0,0.013,0.17,-318,-318,-318
1780193312.943786,0.0,0.0,0.013,0.17,-318,-318,-318
1780193312.9558961,0.0,0.0,0.013,0.17,-318,-318,-318
1780193312.9810188,0.0,0.0,0.013,0.17,-318,-318,-318
1780193313.0036612,0.0,0.0,0.013,0.17,-318,-318,-318
1780193313.026774,0.0,0.0,0.013,0.17,-318,-318,-318
1780193313.051327,0.0,0.0,0.013,0.17,-318,-318,-318
1780193313.074419,0.0,0.0,0.013,0.17,-318,-318,-318
1780193313.099233,0.0,0.0,0.013,0.17,-318,-318,-318
1780193313.12179,0.0,0.0,0.013,0.17,-318,-318,-318
1780193313.134389,0.0,0.0,0.013,0.17,-318,-318,-318
1780193313.157842,0.0,0.0,0.013,0.17,-318,-318,-318
1780193313.182966,0.0,0.0,0.013,0.17,-318,-318,-318
1780193313.205685,0.0,0.0,0.013,0.17,-318,-318,-318
1780193313.231016,0.0,0.0,0.013,0.17,-318,-318,-318
1780193313.254283,0.0,0.0,0.013,0.17,-318,-318,-318
1780193313.277529,0.0,0.0,0.013,0.17,-318,-318,-318
1780193313.2896872,0.0,0.0,0.013,0.17,-318,-318,-318
1780193313.314621,0.0,0.0,0.013,0.17,-318,-318,-318
1780193313.337111,0.0,0.0,0.013,0.17,-318,-318,-318
1780193313.360116,0.0,0.0,0.013,0.17,-318,-318,-318
1780193313.384535,0.0,0.0,0.013,0.17,-318,-318,-318
1780193313.407665,0.0,0.0,0.013,0.17,-318,-318,-318
1780193313.4318311,0.0,0.0,0.013,0.17,-318,-318,-318
1780193313.454255,0.0,0.0,0.013,0.17,-318,-318,-318
1780193313.477643,0.0,0.0,0.013,0.17,-318,-318,-318
1780193313.5011892,0.0,0.0,0.013,0.17,-318,-318,-318
1780193313.524174,0.0,0.0,0.013,0.17,-318,-318,-318
1780193313.548692,0.0,0.0,0.013,0.17,-318,-318,-318
1780193313.5710669,0.0,0.0,0.013,0.17,-318,-318,-318
1780193313.594144,0.0,0.0,0.013,0.17,-318,-318,-318
1780193313.606275,0.0,0.0,0.013,0.17,-318,-318,-318
1780193313.631258,0.0,0.0,0.013,0.17,-318,-318,-318
1780193313.65381,0.0,0.0,0.013,0.17,-318,-318,-318
1780193313.677217,0.0,0.0,0.013,0.17,-318,-318,-318
1780193313.689696,0.0,0.0,0.013,0.17,-318,-318,-318
1780193313.714478,0.0,0.0,0.013,0.17,-318,-318,-318
1780193313.736949,0.0,0.0,0.013,0.17,-318,-318,-318
1780193313.760164,0.0,0.0,0.013,0.17,-318,-318,-318
1780193313.784516,0.0,0.0,0.013,0.17,-318,-318,-318
1780193313.80736,0.0,0.0,0.013,0.17,-318,-318,-318
1780193313.831498,0.0,0.0,0.013,0.17,-318,-318,-318
1780193313.853821,0.0,0.0,0.013,0.17,-318,-318,-318
1780193313.8766441,0.0,0.0,0.013,0.17,-318,-318,-318
1780193313.901071,0.0,0.0,0.013,0.17,-318,-318,-318
1780193313.924087,0.0,0.0,0.013,0.17,-318,-318,-318
1780193313.948378,0.0,0.0,0.013,0.17,-318,-318,-318
1780193313.970644,0.0,0.0,0.013,0.17,-318,-318,-318
1780193313.993485,0.0,0.0,0.013,0.17,-318,-318,-318
1780193314.017735,0.0,0.0,0.013,0.17,-318,-318,-318
1780193314.040483,0.0,0.0,0.013,0.17,-318,-318,-318
1780193314.064662,0.0,0.0,0.013,0.17,-318,-318,-318
1780193314.087082,0.0,0.0,0.013,0.17,-318,-318,-318
1780193314.109899,0.0,0.0,0.013,0.17,-318,-318,-318
1780193314.1340191,0.0,0.0,0.013,0.17,-318,-318,-318
1780193314.1447291,0.0,0.0,0.013,0.17,-318,-318,-318
1780193314.16883,0.0,0.0,0.013,0.17,-318,-318,-318
1780193314.191652,0.0,0.0,0.013,0.17,-318,-318,-318
1780193314.215724,0.0,0.0,0.013,0.17,-318,-318,-318
1780193314.237948,0.0,0.0,0.013,0.17,-318,-318,-318
1780193314.261025,0.0,0.0,0.013,0.17,-318,-318,-318
1780193314.273118,0.0,0.0,0.013,0.17,-318,-318,-318
1780193314.2980192,0.0,0.0,0.013,0.17,-318,-318,-318
1780193314.3205462,0.0,0.0,0.013,0.17,-318,-318,-318
1780193314.343466,0.0,0.0,0.013,0.17,-318,-318,-318
1780193314.36766,0.0,0.0,0.013,0.17,-318,-318,-318
1780193314.390592,0.0,0.0,0.013,0.17,-318,-318,-318
1780193314.414686,0.0,0.0,0.013,0.17,-318,-318,-318
1780193314.436998,0.0,0.0,0.013,0.17,-318,-318,-318
1780193314.459918,0.0,0.0,0.013,0.17,-318,-318,-318
1780193314.4840908,0.0,0.0,0.013,0.17,-318,-318,-318
1780193314.506458,0.0,0.0,0.013,0.17,-318,-318,-318
1780193314.531046,0.0,0.0,0.013,0.17,-318,-318,-318
1780193314.55343,0.0,0.0,0.013,0.17,-318,-318,-318
1780193314.576318,0.0,0.0,0.013,0.17,-318,-318,-318
1780193314.60048,0.0,0.0,0.013,0.17,-318,-318,-318
1780193314.62289,0.0,0.0,0.013,0.17,-318,-318,-318
1780193314.647347,0.0,0.0,0.013,0.17,-318,-318,-318
1780193314.66961,0.0,0.0,0.013,0.17,-318,-318,-318
1780193314.682137,0.0,0.0,0.013,0.17,-318,-318,-318
1780193314.7044291,0.0,0.0,0.013,0.17,-318,-318,-318
1780193314.727238,0.0,0.0,0.013,0.17,-318,-318,-318
1780193314.739313,0.0,0.0,0.013,0.17,-318,-318,-318
1780193314.763826,0.0,0.0,0.013,0.17,-318,-318,-318
1780193314.786197,0.0,0.0,0.013,0.17,-318,-318,-318
1780193314.80913,0.0,0.0,0.013,0.17,-318,-318,-318
1780193314.833556,0.0,0.0,0.013,0.17,-318,-318,-318
1780193314.856218,0.0,0.0,0.013,0.17,-318,-318,-318
1780193314.880949,0.0,0.0,0.013,0.17,-318,-318,-318
1780193314.90335,0.0,0.0,0.013,0.17,-318,-318,-318
1780193314.926399,0.0,0.0,0.013,0.17,-318,-318,-318
1780193314.950706,0.0,0.0,0.013,0.17,-318,-318,-318
1780193314.9731462,0.0,0.0,0.013,0.17,-318,-318,-318
1780193314.997906,0.0,0.0,0.013,0.17,-318,-318,-318
1780193315.020433,0.0,0.0,0.013,0.17,-318,-318,-318
1780193315.043193,0.0,0.0,0.013,0.17,-318,-318,-318
1780193315.06779,0.0,0.0,0.013,0.17,-318,-318,-318
1780193315.091306,0.0,0.0,0.013,0.17,-318,-318,-318
1780193315.1161962,0.0,0.0,0.013,0.17,-318,-318,-318
1780193315.1386151,0.0,0.0,0.013,0.17,-318,-318,-318
1780193315.161408,0.0,0.0,0.013,0.17,-318,-318,-318
1780193315.17341,0.0,0.0,0.013,0.17,-318,-318,-318
1780193315.197937,0.0,0.0,0.013,0.17,-318,-318,-318
1780193315.220313,0.0,0.0,0.013,0.17,-318,-318,-318
1780193315.243291,0.0,0.0,0.013,0.17,-318,-318,-318
1780193315.2676108,0.0,0.0,0.013,0.17,-318,-318,-318
1780193315.290637,0.0,0.0,0.013,0.17,-318,-318,-318
1780193315.314933,0.0,0.0,0.013,0.17,-318,-318,-318
1780193315.337394,0.0,0.0,0.013,0.17,-318,-318,-318
1780193315.360373,0.0,0.0,0.013,0.17,-318,-318,-318
1780193315.3725052,0.0,0.0,0.013,0.17,-318,-318,-318
1780193315.397356,0.0,0.0,0.013,0.17,-318,-318,-318
1780193315.419942,0.0,0.0,0.013,0.17,-318,-318,-318
1780193315.442915,0.0,0.0,0.013,0.17,-318,-318,-318
1780193315.467308,0.0,0.0,0.013,0.17,-318,-318,-318
1780193315.489845,0.0,0.0,0.013,0.17,-318,-318,-318
1780193315.514566,0.0,0.0,0.013,0.17,-318,-318,-318
1780193315.5368261,0.0,0.0,0.013,0.17,-318,-318,-318
1780193315.559659,0.0,0.0,0.013,0.17,-318,-318,-318
1780193315.583751,0.0,0.0,0.013,0.17,-318,-318,-318
1780193315.605982,0.0,0.0,0.013,0.17,-318,-318,-318
1780193315.630412,0.0,0.0,0.013,0.17,-318,-318,-318
1780193315.652672,0.0,0.0,0.013,0.17,-318,-318,-318
1780193315.6753018,0.0,0.0,0.013,0.17,-318,-318,-318
1780193315.699344,0.0,0.0,0.013,0.17,-318,-318,-318
1780193315.710026,0.0,0.0,0.013,0.17,-318,-318,-318
1780193315.734046,0.0,0.0,0.013,0.17,-318,-318,-318
1780193315.75631,0.0,0.0,0.013,0.17,-318,-318,-318
1780193315.781216,0.0,0.0,0.013,0.17,-318,-318,-318
1780193315.803623,0.0,0.0,0.013,0.17,-318,-318,-318
1780193315.8265128,0.0,0.0,0.013,0.17,-318,-318,-318
1780193315.850603,0.0,0.0,0.013,0.17,-318,-318,-318
1780193315.8729851,0.0,0.0,0.013,0.17,-318,-318,-318
1780193315.8976371,0.0,0.0,0.013,0.17,-318,-318,-318
1780193315.920007,0.0,0.0,0.013,0.17,-318,-318,-318
1780193315.942751,0.0,0.0,0.013,0.17,-318,-318,-318
1780193315.966812,0.0,0.0,0.013,0.17,-318,-318,-318
1780193315.98909,0.0,0.0,0.013,0.17,-318,-318,-318
1780193316.014106,0.0,0.0,0.013,0.17,-318,-318,-318
1780193316.0365891,0.0,0.0,0.013,0.17,-318,-318,-318
1780193316.059493,0.0,0.0,0.013,0.17,-318,-318,-318
1780193316.083837,0.0,0.0,0.013,0.17,-318,-318,-318
1780193316.106251,0.0,0.0,0.013,0.17,-318,-318,-318
1780193316.130961,0.0,0.0,0.013,0.17,-318,-318,-318
1780193316.153387,0.0,0.0,0.013,0.17,-318,-318,-318
1780193316.1761558,0.0,0.0,0.013,0.17,-318,-318,-318
1780193316.200346,0.0,0.0,0.013,0.17,-318,-318,-318
1780193316.2227259,0.0,0.0,0.013,0.17,-318,-318,-318
1780193316.2454872,0.0,0.0,0.013,0.17,-318,-318,-318
1780193316.269613,0.0,0.0,0.013,0.17,-318,-318,-318
1780193316.2925591,0.0,0.0,0.013,0.17,-318,-318,-318
1780193316.3171258,0.0,0.0,0.013,0.17,-318,-318,-318
1780193316.339711,0.0,0.0,0.013,0.17,-318,-318,-318
1780193316.3643122,0.0,0.0,0.013,0.17,-318,-318,-318
1780193316.386666,0.0,0.0,0.013,0.17,-318,-318,-318
1780193316.409434,0.0,0.0,0.013,0.17,-318,-318,-318
1780193316.433652,0.0,0.0,0.013,0.17,-318,-318,-318
1780193316.456031,0.0,0.0,0.013,0.17,-318,-318,-318
1780193316.4806201,0.0,0.0,0.013,0.17,-318,-318,-318
1780193316.502916,0.0,0.0,0.013,0.17,-318,-318,-318
1780193316.5258281,0.0,0.0,0.013,0.17,-318,-318,-318
1780193316.550015,0.0,0.0,0.013,0.17,-318,-318,-318
1780193316.5723462,0.0,0.0,0.013,0.17,-318,-318,-318
1780193316.597009,0.0,0.0,0.013,0.17,-318,-318,-318
1780193316.61946,0.0,0.0,0.013,0.17,-318,-318,-318
1780193316.64259,0.0,0.0,0.013,0.17,-318,-318,-318
1780193316.667009,0.0,0.0,0.013,0.17,-318,-318,-318
1780193316.689628,0.0,0.0,0.013,0.17,-318,-318,-318
1780193316.7142222,0.0,0.0,0.013,0.17,-318,-318,-318
1780193316.736733,0.0,0.0,0.013,0.17,-318,-318,-318
1780193316.7596679,0.0,0.0,0.013,0.17,-318,-318,-318
1780193316.783998,0.0,0.0,0.013,0.17,-318,-318,-318
1780193316.8064132,0.0,0.0,0.013,0.17,-318,-318,-318
1780193316.831069,0.0,0.0,0.013,0.17,-318,-318,-318
1780193316.853353,0.0,0.0,0.013,0.17,-318,-318,-318
1780193316.876205,0.0,0.0,0.013,0.17,-318,-318,-318
1780193316.90044,0.0,0.0,0.013,0.17,-318,-318,-318
1780193316.922802,0.0,0.0,0.013,0.17,-318,-318,-318
1780193316.9474409,0.0,0.0,0.013,0.17,-318,-318,-318
1780193316.969728,0.0,0.0,0.013,0.17,-318,-318,-318
1780193316.99267,0.0,0.0,0.013,0.17,-318,-318,-318
1780193317.017071,0.0,0.0,0.013,0.17,-318,-318,-318
1780193317.039813,0.0,0.0,0.013,0.17,-318,-318,-318
1780193317.06442,0.0,0.0,0.013,0.17,-318,-318,-318
1780193317.086845,0.0,0.0,0.013,0.17,-318,-318,-318
1780193317.109644,0.0,0.0,0.013,0.17,-318,-318,-318
1780193317.133922,0.0,0.0,0.013,0.17,-318,-318,-318
1780193317.1562948,0.0,0.0,0.013,0.17,-318,-318,-318
1780193317.181011,0.0,0.0,0.013,0.17,-318,-318,-318
1780193317.203435,0.0,0.0,0.013,0.17,-318,-318,-318
1780193317.22641,0.0,0.0,0.013,0.17,-318,-318,-318
1780193317.250941,0.0,0.0,0.013,0.17,-318,-318,-318
1780193317.273983,0.0,0.0,0.013,0.17,-318,-318,-318
1780193317.29836,0.0,0.0,0.013,0.17,-318,-318,-318
1780193317.320755,0.0,0.0,0.013,0.17,-318,-318,-318
1780193317.343594,0.0,0.0,0.013,0.17,-318,-318,-318
1780193317.355722,0.0,0.0,0.013,0.17,-318,-318,-318
1780193317.3803039,0.0,0.0,0.013,0.17,-318,-318,-318
1780193317.402577,0.0,0.0,0.013,0.17,-318,-318,-318
1780193317.4255092,0.0,0.0,0.013,0.17,-318,-318,-318
1780193317.4497888,0.0,0.0,0.013,0.17,-318,-318,-318
1780193317.472214,0.0,0.0,0.013,0.17,-318,-318,-318
1780193317.496931,0.0,0.0,0.013,0.17,-318,-318,-318
1780193317.51927,0.0,0.0,0.013,0.17,-318,-318,-318
1780193317.542021,0.0,0.0,0.013,0.17,-318,-318,-318
1780193317.566208,0.0,0.0,0.013,0.17,-318,-318,-318
1780193317.5885708,0.0,0.0,0.013,0.17,-318,-318,-318
1780193317.611439,0.0,0.0,0.013,0.17,-318,-318,-318
1780193317.623486,0.0,0.0,0.013,0.17,-318,-318,-318
1780193317.647949,0.0,0.0,0.013,0.17,-318,-318,-318
1780193317.6703029,0.0,0.0,0.013,0.17,-318,-318,-318
1780193317.6933591,0.0,0.0,0.013,0.17,-318,-318,-318
1780193317.717686,0.0,0.0,0.013,0.17,-318,-318,-318
1780193317.7405891,0.0,0.0,0.013,0.17,-318,-318,-318
1780193317.76485,0.0,0.0,0.013,0.17,-318,-318,-318
1780193317.775556,0.0,0.0,0.013,0.17,-318,-318,-318
1780193317.79971,0.0,0.0,0.013,0.17,-318,-318,-318
1780193317.822044,0.0,0.0,0.013,0.17,-318,-318,-318
1780193317.8448288,0.0,0.0,0.013,0.17,-318,-318,-318
1780193317.8568718,0.0,0.0,0.013,0.17,-318,-318,-318
1780193317.881294,0.0,0.0,0.013,0.17,-318,-318,-318
1780193317.9035552,0.0,0.0,0.013,0.17,-318,-318,-318
1780193317.9264798,0.0,0.0,0.013,0.17,-318,-318,-318
1780193317.9506838,0.0,0.0,0.013,0.17,-318,-318,-318
1780193317.972994,0.0,0.0,0.013,0.17,-318,-318,-318
1780193317.997786,0.0,0.0,0.013,0.17,-318,-318,-318
1780193318.020313,0.0,0.0,0.013,0.17,-318,-318,-318
1780193318.043325,0.0,0.0,0.013,0.17,-318,-318,-318
1780193318.067633,0.0,0.0,0.013,0.17,-318,-318,-318
1780193318.0905259,0.0,0.0,0.013,0.17,-318,-318,-318
1780193318.114906,0.0,0.0,0.013,0.17,-318,-318,-318
1780193318.137183,0.0,0.0,0.013,0.17,-318,-318,-318
1780193318.159984,0.0,0.0,0.013,0.17,-318,-318,-318
1780193318.184557,0.0,0.0,0.013,0.17,-318,-318,-318
1780193318.2074518,0.0,0.0,0.013,0.17,-318,-318,-318
1780193318.231712,0.0,0.0,0.013,0.17,-318,-318,-318
1780193318.2540329,0.0,0.0,0.013,0.17,-318,-318,-318
1780193318.276766,0.0,0.0,0.013,0.17,-318,-318,-318
1780193318.288843,0.0,0.0,0.013,0.17,-318,-318,-318
1780193318.3133361,0.0,0.0,0.013,0.17,-318,-318,-318
1780193318.335692,0.0,0.0,0.013,0.17,-318,-318,-318
1780193318.35856,0.0,0.0,0.013,0.17,-318,-318,-318
1780193318.38276,0.0,0.0,0.013,0.17,-318,-318,-318
1780193318.40507,0.0,0.0,0.013,0.17,-318,-318,-318
1780193318.4279182,0.0,0.0,0.013,0.17,-318,-318,-318
1780193318.439956,0.0,0.0,0.013,0.17,-318,-318,-318
1780193318.4644842,0.0,0.0,0.013,0.17,-318,-318,-318
1780193318.486861,0.0,0.0,0.013,0.17,-318,-318,-318
1780193318.509676,0.0,0.0,0.013,0.17,-318,-318,-318
1780193318.533974,0.0,0.0,0.013,0.17,-318,-318,-318
1780193318.55661,0.0,0.0,0.013,0.17,-318,-318,-318
1780193318.581393,0.0,0.0,0.013,0.17,-318,-318,-318
1780193318.6037362,0.0,0.0,0.013,0.17,-318,-318,-318
1780193318.626666,0.0,0.0,0.013,0.17,-318,-318,-318
1780193318.650746,0.0,0.0,0.013,0.17,-318,-318,-318
1780193318.673579,0.0,0.0,0.013,0.17,-318,-318,-318
1780193318.697727,0.0,0.0,0.013,0.17,-318,-318,-318
1780193318.720073,0.0,0.0,0.013,0.17,-318,-318,-318
1780193318.743108,0.0,0.0,0.013,0.17,-318,-318,-318
1780193318.7673962,0.0,0.0,0.013,0.17,-318,-318,-318
1780193318.7904341,0.0,0.0,0.013,0.17,-318,-318,-318
1780193318.814549,0.0,0.0,0.013,0.17,-318,-318,-318
1780193318.8252642,0.0,0.0,0.013,0.17,-318,-318,-318
1780193318.849312,0.0,0.0,0.013,0.17,-318,-318,-318
1780193318.871604,0.0,0.0,0.013,0.17,-318,-318,-318
1780193318.8944168,0.0,0.0,0.013,0.17,-318,-318,-318
1780193318.90649,0.0,0.0,0.013,0.17,-318,-318,-318
1780193318.931079,0.0,0.0,0.013,0.17,-318,-318,-318
1780193318.953438,0.0,0.0,0.013,0.17,-318,-318,-318
1780193318.9762838,0.0,0.0,0.013,0.17,-318,-318,-318
1780193319.000627,0.0,0.0,0.013,0.17,-318,-318,-318
1780193319.0229938,0.0,0.0,0.013,0.17,-318,-318,-318
1780193319.047612,0.0,0.0,0.013,0.17,-318,-318,-318
1780193319.069937,0.0,0.0,0.013,0.17,-318,-318,-318
1780193319.092795,0.0,0.0,0.013,0.17,-318,-318,-318
1780193319.116999,0.0,0.0,0.013,0.17,-318,-318,-318
1780193319.13937,0.0,0.0,0.013,0.17,-318,-318,-318
1780193319.16414,0.0,0.0,0.013,0.17,-318,-318,-318
1780193319.186408,0.0,0.0,0.013,0.17,-318,-318,-318
1780193319.209444,0.0,0.0,0.013,0.17,-318,-318,-318
1780193319.2335382,0.0,0.0,0.013,0.17,-318,-318,-318
1780193319.255855,0.0,0.0,0.013,0.17,-318,-318,-318
1780193319.280281,0.0,0.0,0.013,0.17,-318,-318,-318
1780193319.302542,0.0,0.0,0.013,0.17,-318,-318,-318
1780193319.325366,0.0,0.0,0.013,0.17,-318,-318,-318
1780193319.349439,0.0,0.0,0.013,0.17,-318,-318,-318
1780193319.360118,0.0,0.0,0.013,0.17,-318,-318,-318
1780193319.384107,0.0,0.0,0.013,0.17,-318,-318,-318
1780193319.406849,0.0,0.0,0.013,0.17,-318,-318,-318
1780193319.430919,0.0,0.0,0.013,0.17,-318,-318,-318
1780193319.4531782,0.0,0.0,0.013,0.17,-318,-318,-318
1780193319.475841,0.0,0.0,0.013,0.17,-318,-318,-318
1780193319.499927,0.0,0.0,0.013,0.17,-318,-318,-318
1780193319.522204,0.0,0.0,0.013,0.17,-318,-318,-318
1780193319.5466309,0.0,0.0,0.013,0.17,-318,-318,-318
1780193319.568848,0.0,0.0,0.013,0.17,-318,-318,-318
1780193319.591722,0.0,0.0,0.013,0.17,-318,-318,-318
1780193319.61593,0.0,0.0,0.013,0.17,-318,-318,-318
1780193319.638394,0.0,0.0,0.013,0.17,-318,-318,-318
1780193319.661216,0.0,0.0,0.013,0.17,-318,-318,-318
1780193319.67328,0.0,0.0,0.013,0.17,-318,-318,-318
1780193319.697849,0.0,0.0,0.013,0.17,-318,-318,-318
1780193319.720161,0.0,0.0,0.013,0.17,-318,-318,-318
1780193319.743065,0.0,0.0,0.013,0.17,-318,-318,-318
1780193319.7673159,0.0,0.0,0.013,0.17,-318,-318,-318
1780193319.7902899,0.0,0.0,0.013,0.17,-318,-318,-318
1780193319.814441,0.0,0.0,0.013,0.17,-318,-318,-318
1780193319.836708,0.0,0.0,0.013,0.17,-318,-318,-318
1780193319.859618,0.0,0.0,0.013,0.17,-318,-318,-318
1780193319.8837838,0.0,0.0,0.013,0.17,-318,-318,-318
1780193319.894461,0.0,0.0,0.013,0.17,-318,-318,-318
1780193319.918596,0.0,0.0,0.013,0.17,-318,-318,-318
1780193319.941238,0.0,0.0,0.013,0.17,-318,-318,-318
1780193319.9653351,0.0,0.0,0.013,0.17,-318,-318,-318
1780193319.987657,0.0,0.0,0.013,0.17,-318,-318,-318
1780193320.010572,0.0,0.0,0.013,0.17,-318,-318,-318
1780193320.022645,0.0,0.0,0.013,0.17,-318,-318,-318
1780193320.047223,0.0,0.0,0.013,0.17,-318,-318,-318
1780193320.069636,0.0,0.0,0.013,0.17,-318,-318,-318
1780193320.092608,0.0,0.0,0.013,0.17,-318,-318,-318
1780193320.1170108,0.0,0.0,0.013,0.17,-318,-318,-318
1780193320.1393359,0.0,0.0,0.013,0.17,-318,-318,-318
1780193320.163867,0.0,0.0,0.013,0.17,-318,-318,-318
1780193320.186225,0.0,0.0,0.013,0.17,-318,-318,-318
1780193320.20897,0.0,0.0,0.013,0.17,-318,-318,-318
1780193320.234035,0.0,0.0,0.013,0.17,-318,-318,-318
1780193320.257056,0.0,0.0,0.013,0.17,-318,-318,-318
1780193320.281327,0.0,0.0,0.013,0.17,-318,-318,-318
1780193320.3036401,0.0,0.0,0.013,0.17,-318,-318,-318
1780193320.326723,0.0,0.0,0.013,0.17,-318,-318,-318
1780193320.338825,0.0,0.0,0.013,0.17,-318,-318,-318
1780193320.363432,0.0,0.0,0.013,0.17,-318,-318,-318
1780193320.385952,0.0,0.0,0.013,0.17,-318,-318,-318
1780193320.408831,0.0,0.0,0.013,0.17,-318,-318,-318
1780193320.4330082,0.0,0.0,0.013,0.17,-318,-318,-318
1780193320.455393,0.0,0.0,0.013,0.17,-318,-318,-318
1780193320.479989,0.0,0.0,0.013,0.17,-318,-318,-318
1780193320.502295,0.0,0.0,0.013,0.17,-318,-318,-318
1780193320.5252118,0.0,0.0,0.013,0.17,-318,-318,-318
1780193320.549321,0.0,0.0,0.013,0.17,-318,-318,-318
1780193320.571723,0.0,0.0,0.013,0.17,-318,-318,-318
1780193320.5969548,0.0,0.0,0.013,0.17,-318,-318,-318
1780193320.619395,0.0,0.0,0.013,0.17,-318,-318,-318
1780193320.642276,0.0,0.0,0.013,0.17,-318,-318,-318
1780193320.666503,0.0,0.0,0.013,0.17,-318,-318,-318
1780193320.688965,0.0,0.0,0.013,0.17,-318,-318,-318
1780193320.71349,0.0,0.0,0.013,0.17,-318,-318,-318
1780193320.735732,0.0,0.0,0.013,0.17,-318,-318,-318
1780193320.7586088,0.0,0.0,0.013,0.17,-318,-318,-318
1780193320.782641,0.0,0.0,0.013,0.17,-318,-318,-318
1780193320.804984,0.0,0.0,0.013,0.17,-318,-318,-318
1780193320.82787,0.0,0.0,0.013,0.17,-318,-318,-318
1780193320.8398561,0.0,0.0,0.013,0.17,-318,-318,-318
1780193320.864382,0.0,0.0,0.013,0.17,-318,-318,-318
1780193320.886687,0.0,0.0,0.013,0.17,-318,-318,-318
1780193320.9094021,0.0,0.0,0.013,0.17,-318,-318,-318
1780193320.93372,0.0,0.0,0.013,0.17,-318,-318,-318
1780193320.944426,0.0,0.0,0.013,0.17,-318,-318,-318
1780193320.968519,0.0,0.0,0.013,0.17,-318,-318,-318
1780193320.99135,0.0,0.0,0.013,0.17,-318,-318,-318
1780193321.0158138,0.0,0.0,0.013,0.17,-318,-318,-318
1780193321.038368,0.0,0.0,0.013,0.17,-318,-318,-318
1780193321.063276,0.0,0.0,0.013,0.17,-318,-318,-318
1780193321.086077,0.0,0.0,0.013,0.17,-318,-318,-318
1780193321.109335,0.0,0.0,0.013,0.17,-318,-318,-318
1780193321.1341078,0.0,0.0,0.013,0.17,-318,-318,-318
1780193321.157078,0.0,0.0,0.013,0.17,-318,-318,-318
1780193321.181207,0.0,0.0,0.013,0.17,-318,-318,-318
1780193321.2034729,0.0,0.0,0.013,0.17,-318,-318,-318
1780193321.2263622,0.0,0.0,0.013,0.17,-318,-318,-318
1780193321.2504818,0.0,0.0,0.013,0.17,-318,-318,-318
1780193321.273385,0.0,0.0,0.013,0.17,-318,-318,-318
1780193321.297593,0.0,0.0,0.013,0.17,-318,-318,-318
1780193321.3199291,0.0,0.0,0.013,0.17,-318,-318,-318
1780193321.34267,0.0,0.0,0.013,0.17,-318,-318,-318
1780193321.366841,0.0,0.0,0.013,0.17,-318,-318,-318
1780193321.389201,0.0,0.0,0.013,0.17,-318,-318,-318
1780193321.413855,0.0,0.0,0.013,0.17,-318,-318,-318
1780193321.4361558,0.0,0.0,0.013,0.17,-318,-318,-318
1780193321.458991,0.0,0.0,0.013,0.17,-318,-318,-318
1780193321.483152,0.0,0.0,0.013,0.17,-318,-318,-318
1780193321.5054011,0.0,0.0,0.013,0.17,-318,-318,-318
1780193321.5299468,0.0,0.0,0.013,0.17,-318,-318,-318
1780193321.55223,0.0,0.0,0.013,0.17,-318,-318,-318
1780193321.574933,0.0,0.0,0.013,0.17,-318,-318,-318
1780193321.599156,0.0,0.0,0.013,0.17,-318,-318,-318
1780193321.621569,0.0,0.0,0.013,0.17,-318,-318,-318
1780193321.644342,0.0,0.0,0.013,0.17,-318,-318,-318
1780193321.656406,0.0,0.0,0.013,0.17,-318,-318,-318
1780193321.680892,0.0,0.0,0.013,0.17,-318,-318,-318
1780193321.703161,0.0,0.0,0.013,0.17,-318,-318,-318
1780193321.726327,0.0,0.0,0.013,0.17,-318,-318,-318
1780193321.7505322,0.0,0.0,0.013,0.17,-318,-318,-318
1780193321.773315,0.0,0.0,0.013,0.17,-318,-318,-318
1780193321.797577,0.0,0.0,0.013,0.17,-318,-318,-318
1780193321.8200161,0.0,0.0,0.013,0.17,-318,-318,-318
1780193321.8427598,0.0,0.0,0.013,0.17,-318,-318,-318
1780193321.8669922,0.0,0.0,0.013,0.17,-318,-318,-318
1780193321.889313,0.0,0.0,0.013,0.17,-318,-318,-318
1780193321.9138482,0.0,0.0,0.013,0.17,-318,-318,-318
1780193321.936116,0.0,0.0,0.013,0.17,-318,-318,-318
1780193321.958904,0.0,0.0,0.013,0.17,-318,-318,-318
1780193321.982964,0.0,0.0,0.013,0.17,-318,-318,-318
1780193321.99377,0.0,0.0,0.013,0.17,-318,-318,-318
1780193322.018104,0.0,0.0,0.013,0.17,-318,-318,-318
1780193322.0412211,0.0,0.0,0.013,0.17,-318,-318,-318
1780193322.065645,0.0,0.0,0.013,0.17,-318,-318,-318
1780193322.088203,0.0,0.0,0.013,0.17,-318,-318,-318
1780193322.1110451,0.0,0.0,0.013,0.17,-318,-318,-318
1780193322.123338,0.0,0.0,0.013,0.17,-318,-318,-318
1780193322.14783,0.0,0.0,0.013,0.17,-318,-318,-318
1780193322.1701581,0.0,0.0,0.013,0.17,-318,-318,-318
1780193322.1930282,0.0,0.0,0.013,0.17,-318,-318,-318
1780193322.2176058,0.0,0.0,0.013,0.17,-318,-318,-318
1780193322.240727,0.0,0.0,0.013,0.17,-318,-318,-318
1780193322.26504,0.0,0.0,0.013,0.17,-318,-318,-318
1780193322.287464,0.0,0.0,0.013,0.17,-318,-318,-318
1780193322.310297,0.0,0.0,0.013,0.17,-318,-318,-318
1780193322.322348,0.0,0.0,0.013,0.17,-318,-318,-318
1780193322.347019,0.0,0.0,0.013,0.17,-318,-318,-318
1780193322.369333,0.0,0.0,0.013,0.17,-318,-318,-318
1780193322.3921988,0.0,0.0,0.013,0.17,-318,-318,-318
1780193322.4163468,0.0,0.0,0.013,0.17,-318,-318,-318
1780193322.438851,0.0,0.0,0.013,0.17,-318,-318,-318
1780193322.4635782,0.0,0.0,0.013,0.17,-318,-318,-318
1780193322.486003,0.0,0.0,0.013,0.17,-318,-318,-318
1780193322.508787,0.0,0.0,0.013,0.17,-318,-318,-318
1780193322.53291,0.0,0.0,0.013,0.17,-318,-318,-318
1780193322.555296,0.0,0.0,0.013,0.17,-318,-318,-318
1780193322.579884,0.0,0.0,0.013,0.17,-318,-318,-318
1780193322.602294,0.0,0.0,0.013,0.17,-318,-318,-318
1780193322.625119,0.0,0.0,0.013,0.17,-318,-318,-318
1780193322.6496158,0.0,0.0,0.013,0.17,-318,-318,-318
1780193322.67202,0.0,0.0,0.013,0.17,-318,-318,-318
1780193322.696629,0.0,0.0,0.013,0.17,-318,-318,-318
1780193322.719023,0.0,0.0,0.013,0.17,-318,-318,-318
1780193322.741915,0.0,0.0,0.013,0.17,-318,-318,-318
1780193322.766229,0.0,0.0,0.013,0.17,-318,-318,-318
1780193322.7886379,0.0,0.0,0.013,0.17,-318,-318,-318
1780193322.813341,0.0,0.0,0.013,0.17,-318,-318,-318
1780193322.835763,0.0,0.0,0.013,0.17,-318,-318,-318
1780193322.85869,0.0,0.0,0.013,0.17,-318,-318,-318
1780193322.882777,0.0,0.0,0.013,0.17,-318,-318,-318
1780193322.90505,0.0,0.0,0.013,0.17,-318,-318,-318
1780193322.929584,0.0,0.0,0.013,0.17,-318,-318,-318
1780193322.951871,0.0,0.0,0.013,0.17,-318,-318,-318
1780193322.974474,0.0,0.0,0.013,0.17,-318,-318,-318
1780193322.9987001,0.0,0.0,0.013,0.17,-318,-318,-318
1780193323.021097,0.0,0.0,0.013,0.17,-318,-318,-318
1780193323.0439,0.0,0.0,0.013,0.17,-318,-318,-318
1780193323.068059,0.0,0.0,0.013,0.17,-318,-318,-318
1780193323.091053,0.0,0.0,0.013,0.17,-318,-318,-318
1780193323.11521,0.0,0.0,0.013,0.17,-318,-318,-318
1780193323.137645,0.0,0.0,0.013,0.17,-318,-318,-318
1780193323.160556,0.0,0.0,0.013,0.17,-318,-318,-318
1780193323.172652,0.0,0.0,0.013,0.17,-318,-318,-318
1780193323.197373,0.0,0.0,0.013,0.17,-318,-318,-318
1780193323.2198029,0.0,0.0,0.013,0.17,-318,-318,-318
1780193323.242514,0.0,0.0,0.013,0.17,-318,-318,-318
1780193323.2667031,0.0,0.0,0.013,0.17,-318,-318,-318
1780193323.289069,0.0,0.0,0.013,0.17,-318,-318,-318
1780193323.3135428,0.0,0.0,0.013,0.17,-318,-318,-318
1780193323.3357801,0.0,0.0,0.013,0.17,-318,-318,-318
1780193323.35887,0.0,0.0,0.013,0.17,-318,-318,-318
1780193323.3830059,0.0,0.0,0.013,0.17,-318,-318,-318
1780193323.40534,0.0,0.0,0.013,0.17,-318,-318,-318
1780193323.4298491,0.0,0.0,0.013,0.17,-318,-318,-318
1780193323.452192,0.0,0.0,0.013,0.17,-318,-318,-318
1780193323.474817,0.0,0.0,0.013,0.17,-318,-318,-318
1780193323.499004,0.0,0.0,0.013,0.17,-318,-318,-318
1780193323.5215611,0.0,0.0,0.013,0.17,-318,-318,-318
1780193323.544341,0.0,0.0,0.013,0.17,-318,-318,-318
1780193323.566807,0.0,0.0,0.013,0.17,-318,-318,-318
1780193323.589025,0.0,0.0,0.013,0.17,-318,-318,-318
1780193323.613184,0.0,0.0,0.013,0.17,-318,-318,-318
1780193323.635854,0.0,0.0,0.013,0.17,-318,-318,-318
1780193323.658645,0.0,0.0,0.013,0.17,-318,-318,-318
1780193323.682715,0.0,0.0,0.013,0.17,-318,-318,-318
1780193323.7050612,0.0,0.0,0.013,0.17,-318,-318,-318
1780193323.7297359,0.0,0.0,0.013,0.17,-318,-318,-318
1780193323.752081,0.0,0.0,0.013,0.17,-318,-318,-318
1780193323.774977,0.0,0.0,0.013,0.17,-318,-318,-318
1780193323.799107,0.0,0.0,0.013,0.17,-318,-318,-318
1780193323.821431,0.0,0.0,0.013,0.17,-318,-318,-318
1780193323.844306,0.0,0.0,0.013,0.17,-318,-318,-318
1780193323.856423,0.0,0.0,0.013,0.17,-318,-318,-318
1780193323.881002,0.0,0.0,0.013,0.17,-318,-318,-318
1780193323.903368,0.0,0.0,0.013,0.17,-318,-318,-318
1780193323.926162,0.0,0.0,0.013,0.17,-318,-318,-318
1780193323.9505541,0.0,0.0,0.013,0.17,-318,-318,-318
1780193323.973235,0.0,0.0,0.013,0.17,-318,-318,-318
1780193323.997599,0.0,0.0,0.013,0.17,-318,-318,-318
1780193324.020106,0.0,0.0,0.013,0.17,-318,-318,-318
1780193324.0429308,0.0,0.0,0.013,0.17,-318,-318,-318
1780193324.067196,0.0,0.0,0.013,0.17,-318,-318,-318
1780193324.0900218,0.0,0.0,0.013,0.17,-318,-318,-318
1780193324.114113,0.0,0.0,0.013,0.17,-318,-318,-318
1780193324.1364841,0.0,0.0,0.013,0.17,-318,-318,-318
1780193324.159223,0.0,0.0,0.013,0.17,-318,-318,-318
1780193324.183357,0.0,0.0,0.013,0.17,-318,-318,-318
1780193324.2057102,0.0,0.0,0.013,0.17,-318,-318,-318
1780193324.2301571,0.0,0.0,0.013,0.17,-318,-318,-318
1780193324.2524319,0.0,0.0,0.013,0.17,-318,-318,-318
1780193324.275271,0.0,0.0,0.013,0.17,-318,-318,-318
1780193324.299667,0.0,0.0,0.013,0.17,-318,-318,-318
1780193324.3221052,0.0,0.0,0.013,0.17,-318,-318,-318
1780193324.346774,0.0,0.0,0.013,0.17,-318,-318,-318
1780193324.369132,0.0,0.0,0.013,0.17,-318,-318,-318
1780193324.391957,0.0,0.0,0.013,0.17,-318,-318,-318
1780193324.416111,0.0,0.0,0.013,0.17,-318,-318,-318
1780193324.438553,0.0,0.0,0.013,0.17,-318,-318,-318
1780193324.463111,0.0,0.0,0.013,0.17,-318,-318,-318
1780193324.485466,0.0,0.0,0.013,0.17,-318,-318,-318
1780193324.5082722,0.0,0.0,0.013,0.17,-318,-318,-318
1780193324.532429,0.0,0.0,0.013,0.17,-318,-318,-318
1780193324.55474,0.0,0.0,0.013,0.17,-318,-318,-318
1780193324.577589,0.0,0.0,0.013,0.17,-318,-318,-318
1780193324.589631,0.0,0.0,0.013,0.17,-318,-318,-318
1780193324.614235,0.0,0.0,0.013,0.17,-318,-318,-318
1780193324.636512,0.0,0.0,0.013,0.17,-318,-318,-318
1780193324.6592681,0.0,0.0,0.013,0.17,-318,-318,-318
1780193324.683418,0.0,0.0,0.013,0.17,-318,-318,-318
1780193324.705761,0.0,0.0,0.013,0.17,-318,-318,-318
1780193324.730258,0.0,0.0,0.013,0.17,-318,-318,-318
1780193324.752535,0.0,0.0,0.013,0.17,-318,-318,-318
1780193324.775312,0.0,0.0,0.013,0.17,-318,-318,-318
1780193324.799274,0.0,0.0,0.013,0.17,-318,-318,-318
1780193324.821444,0.0,0.0,0.013,0.17,-318,-318,-318
1780193324.844237,0.0,0.0,0.013,0.17,-318,-318,-318
1780193324.8561752,0.0,0.0,0.013,0.17,-318,-318,-318
1780193324.880574,0.0,0.0,0.013,0.17,-318,-318,-318
1780193324.902834,0.0,0.0,0.013,0.17,-318,-318,-318
1780193324.925426,0.0,0.0,0.013,0.17,-318,-318,-318
1780193324.94946,0.0,0.0,0.013,0.17,-318,-318,-318
1780193324.971688,0.0,0.0,0.013,0.17,-318,-318,-318
1780193324.996521,0.0,0.0,0.013,0.17,-318,-318,-318
1780193325.019189,0.0,0.0,0.013,0.17,-318,-318,-318
1780193325.041975,0.0,0.0,0.013,0.17,-318,-318,-318
1780193325.066286,0.0,0.0,0.013,0.17,-318,-318,-318
1780193325.088518,0.0,0.0,0.013,0.17,-318,-318,-318
1780193325.113066,0.0,0.0,0.013,0.17,-318,-318,-318
1780193325.123733,0.0,0.0,0.013,0.17,-318,-318,-318
1780193325.1478841,0.0,0.0,0.013,0.17,-318,-318,-318
1780193325.170165,0.0,0.0,0.013,0.17,-318,-318,-318
1780193325.192889,0.0,0.0,0.013,0.17,-318,-318,-318
1780193325.2169442,0.0,0.0,0.013,0.17,-318,-318,-318
1780193325.23984,0.0,0.0,0.013,0.17,-318,-318,-318
1780193325.264069,0.0,0.0,0.013,0.17,-318,-318,-318
1780193325.28646,0.0,0.0,0.013,0.17,-318,-318,-318
1780193325.3093069,0.0,0.0,0.013,0.17,-318,-318,-318
1780193325.3334541,0.0,0.0,0.013,0.17,-318,-318,-318
1780193325.3557382,0.0,0.0,0.013,0.17,-318,-318,-318
1780193325.380595,0.0,0.0,0.013,0.17,-318,-318,-318
1780193325.4029179,0.0,0.0,0.013,0.17,-318,-318,-318
1780193325.425683,0.0,0.0,0.013,0.17,-318,-318,-318
1780193325.449852,0.0,0.0,0.013,0.17,-318,-318,-318
1780193325.472192,0.0,0.0,0.013,0.17,-318,-318,-318
1780193325.496814,0.0,0.0,0.013,0.17,-318,-318,-318
1780193325.519149,0.0,0.0,0.013,0.17,-318,-318,-318
1780193325.541994,0.0,0.0,0.013,0.17,-318,-318,-318
1780193325.566166,0.0,0.0,0.013,0.17,-318,-318,-318
1780193325.58847,0.0,0.0,0.013,0.17,-318,-318,-318
1780193325.613044,0.0,0.0,0.013,0.17,-318,-318,-318
1780193325.635392,0.0,0.0,0.013,0.17,-318,-318,-318
1780193325.6581628,0.0,0.0,0.013,0.17,-318,-318,-318
1780193325.682569,0.0,0.0,0.013,0.17,-318,-318,-318
1780193325.705371,0.0,0.0,0.013,0.17,-318,-318,-318
1780193325.729992,0.0,0.0,0.013,0.17,-318,-318,-318
1780193325.75234,0.0,0.0,0.013,0.17,-318,-318,-318
1780193325.775188,0.0,0.0,0.013,0.17,-318,-318,-318
1780193325.7993002,0.0,0.0,0.013,0.17,-318,-318,-318
1780193325.8217468,0.0,0.0,0.013,0.17,-318,-318,-318
1780193325.846358,0.0,0.0,0.013,0.17,-318,-318,-318
1780193325.868665,0.0,0.0,0.013,0.17,-318,-318,-318
1780193325.8913972,0.0,0.0,0.013,0.17,-318,-318,-318
1780193325.915575,0.0,0.0,0.013,0.17,-318,-318,-318
1780193325.93796,0.0,0.0,0.013,0.17,-318,-318,-318
1780193325.962846,0.0,0.0,0.013,0.17,-318,-318,-318
1780193325.985176,0.0,0.0,0.013,0.17,-318,-318,-318
1780193326.008089,0.0,0.0,0.013,0.17,-318,-318,-318
1780193326.032296,0.0,0.0,0.013,0.17,-318,-318,-318
1780193326.0546088,0.0,0.0,0.013,0.17,-318,-318,-318
1780193326.0774488,0.0,0.0,0.013,0.17,-318,-318,-318
1780193326.099873,0.0,0.0,0.013,0.17,-318,-318,-318
1780193326.122242,0.0,0.0,0.013,0.17,-318,-318,-318
1780193326.146388,0.0,0.0,0.013,0.17,-318,-318,-318
1780193326.168681,0.0,0.0,0.013,0.17,-318,-318,-318
1780193326.181159,0.0,0.0,0.013,0.17,-318,-318,-318
1780193326.203386,0.0,0.0,0.013,0.17,-318,-318,-318
1780193326.2262971,0.0,0.0,0.013,0.17,-318,-318,-318
1780193326.238334,0.0,0.0,0.013,0.17,-318,-318,-318
1780193326.263243,0.0,0.0,0.013,0.17,-318,-318,-318
1780193326.2857332,0.0,0.0,0.013,0.17,-318,-318,-318
1780193326.308584,0.0,0.0,0.013,0.17,-318,-318,-318
1780193326.332758,0.0,0.0,0.013,0.17,-318,-318,-318
1780193326.355168,0.0,0.0,0.013,0.17,-318,-318,-318
1780193326.3797681,0.0,0.0,0.013,0.17,-318,-318,-318
1780193326.401982,0.0,0.0,0.013,0.17,-318,-318,-318
1780193326.424861,0.0,0.0,0.013,0.17,-318,-318,-318
1780193326.4490528,0.0,0.0,0.013,0.17,-318,-318,-318
1780193326.471476,0.0,0.0,0.013,0.17,-318,-318,-318
1780193326.496493,0.0,0.0,0.013,0.17,-318,-318,-318
1780193326.518912,0.0,0.0,0.013,0.17,-318,-318,-318
1780193326.541687,0.0,0.0,0.013,0.17,-318,-318,-318
1780193326.566032,0.0,0.0,0.013,0.17,-318,-318,-318
1780193326.588398,0.0,0.0,0.013,0.17,-318,-318,-318
1780193326.612952,0.0,0.0,0.013,0.17,-318,-318,-318
1780193326.635176,0.0,0.0,0.013,0.17,-318,-318,-318
1780193326.658019,0.0,0.0,0.013,0.17,-318,-318,-318
1780193326.68223,0.0,0.0,0.013,0.17,-318,-318,-318
1780193326.692937,0.0,0.0,0.013,0.17,-318,-318,-318
1780193326.7170298,0.0,0.0,0.013,0.17,-318,-318,-318
1780193326.739836,0.0,0.0,0.013,0.17,-318,-318,-318
1780193326.764003,0.0,0.0,0.013,0.17,-318,-318,-318
1780193326.786297,0.0,0.0,0.013,0.17,-318,-318,-318
1780193326.809202,0.0,0.0,0.013,0.17,-318,-318,-318
1780193326.8333209,0.0,0.0,0.013,0.17,-318,-318,-318
1780193326.855608,0.0,0.0,0.013,0.17,-318,-318,-318
1780193326.8800929,0.0,0.0,0.013,0.17,-318,-318,-318
1780193326.902389,0.0,0.0,0.013,0.17,-318,-318,-318
1780193326.925471,0.0,0.0,0.013,0.17,-318,-318,-318
1780193326.950165,0.0,0.0,0.013,0.17,-318,-318,-318
1780193326.972943,0.0,0.0,0.013,0.17,-318,-318,-318
1780193326.997159,0.0,0.0,0.013,0.17,-318,-318,-318
1780193327.019548,0.0,0.0,0.013,0.17,-318,-318,-318
1780193327.042112,0.0,0.0,0.013,0.17,-318,-318,-318
1780193327.066253,0.0,0.0,0.013,0.17,-318,-318,-318
1780193327.088535,0.0,0.0,0.013,0.17,-318,-318,-318
1780193327.11316,0.0,0.0,0.013,0.17,-318,-318,-318
1780193327.1354518,0.0,0.0,0.013,0.17,-318,-318,-318
1780193327.158313,0.0,0.0,0.013,0.17,-318,-318,-318
1780193327.182369,0.0,0.0,0.013,0.17,-318,-318,-318
1780193327.204601,0.0,0.0,0.013,0.17,-318,-318,-318
1780193327.2274518,0.0,0.0,0.013,0.17,-318,-318,-318
1780193327.251373,0.0,0.0,0.013,0.17,-318,-318,-318
1780193327.274048,0.0,0.0,0.013,0.17,-318,-318,-318
1780193327.298034,0.0,0.0,0.013,0.17,-318,-318,-318
1780193327.320297,0.0,0.0,0.013,0.17,-318,-318,-318
1780193327.342904,0.0,0.0,0.013,0.17,-318,-318,-318
1780193327.354958,0.0,0.0,0.013,0.17,-318,-318,-318
1780193327.3794858,0.0,0.0,0.013,0.17,-318,-318,-318
1780193327.401649,0.0,0.0,0.013,0.17,-318,-318,-318
1780193327.424423,0.0,0.0,0.013,0.17,-318,-318,-318
1780193327.4484649,0.0,0.0,0.013,0.17,-318,-318,-318
1780193327.4706619,0.0,0.0,0.013,0.17,-318,-318,-318
1780193327.493508,0.0,0.0,0.013,0.17,-318,-318,-318
1780193327.505567,0.0,0.0,0.013,0.17,-318,-318,-318
1780193327.530195,0.0,0.0,0.013,0.17,-318,-318,-318
1780193327.552493,0.0,0.0,0.013,0.17,-318,-318,-318
1780193327.5751302,0.0,0.0,0.013,0.17,-318,-318,-318
1780193327.599245,0.0,0.0,0.013,0.17,-3,-318,-318
1780193327.621653,0.0,0.0,0.013,0.17,-318,-318,-318
1780193327.646176,0.0,0.0,0.013,0.17,-318,-318,-318
1780193327.668579,0.0,0.0,0.013,0.17,-318,-318,-318
1780193327.692139,0.0,0.0,0.013,0.17,-318,-318,-318
1780193327.716672,0.0,0.0,0.013,0.17,-318,-318,-318
1780193327.729259,0.0,0.0,0.013,0.17,-318,-318,-318
1780193327.7516532,0.0,0.0,0.013,0.17,-318,-318,-318
1780193327.7744598,0.0,0.0,0.013,0.17,-318,-318,-318
1780193327.798684,0.0,0.0,0.013,0.17,-318,-318,-318
1780193327.821111,0.0,0.0,0.013,0.17,-318,-318,-318
1780193327.843904,0.0,0.0,0.013,0.17,-318,-318,-318
1780193327.855925,0.0,0.0,0.013,0.17,-318,-318,-318
1780193327.8805492,0.0,0.0,0.013,0.17,-318,-318,-318
1780193327.9028192,0.0,0.0,0.013,0.17,-318,-318,-318
1780193327.925715,0.0,0.0,0.013,0.17,-318,-318,-318
1780193327.949858,0.0,0.0,0.013,0.17,-318,-318,-318
1780193327.972148,0.0,0.0,0.013,0.17,-318,-318,-318
1780193327.9966562,0.0,0.0,0.013,0.17,-318,-318,-318
1780193328.019069,0.0,0.0,0.013,0.17,-318,-318,-318
1780193328.04179,0.0,0.0,0.013,0.17,-318,-318,-318
1780193328.066207,0.0,0.0,0.013,0.17,-318,-318,-318
1780193328.0886981,0.0,0.0,0.013,0.17,-318,-318,-318
1780193328.113306,0.0,0.0,0.013,0.17,-318,-318,-318
1780193328.1356852,0.0,0.0,0.013,0.17,-318,-318,-318
1780193328.158705,0.0,0.0,0.013,0.17,-318,-318,-318
1780193328.18288,0.0,0.0,0.013,0.17,-318,-318,-318
1780193328.205215,0.0,0.0,0.013,0.17,-318,-318,-318
1780193328.229971,0.0,0.0,0.013,0.17,-318,-318,-318
1780193328.252325,0.0,0.0,0.013,0.17,-318,-318,-318
1780193328.275104,0.0,0.0,0.013,0.17,-318,-318,-318
1780193328.299327,0.0,0.0,0.013,0.17,-318,-318,-318
1780193328.321755,0.0,0.0,0.013,0.17,-318,-318,-318
1780193328.346238,0.0,0.0,0.013,0.17,-318,-318,-318
1780193328.368486,0.0,0.0,0.013,0.17,-318,-318,-318
1780193328.391252,0.0,0.0,0.013,0.17,-318,-318,-318
1780193328.415277,0.0,0.0,0.013,0.17,-318,-318,-318
1780193328.437508,0.0,0.0,0.013,0.17,-318,-318,-318
1780193328.460299,0.0,0.0,0.013,0.17,-318,-318,-318
1780193328.472312,0.0,0.0,0.013,0.17,-318,-318,-318
1780193328.496715,0.0,0.0,0.013,0.17,-318,-318,-318
1780193328.5190048,0.0,0.0,0.013,0.17,-318,-318,-318
1780193328.5416791,0.0,0.0,0.013,0.17,-318,-318,-318
1780193328.565738,0.0,0.0,0.013,0.17,-318,-318,-318
1780193328.5880299,0.0,0.0,0.013,0.17,-318,-318,-318
1780193328.6125891,0.0,0.0,0.013,0.17,-318,-318,-318
1780193328.6348228,0.0,0.0,0.013,0.17,-318,-318,-318
1780193328.657519,0.0,0.0,0.013,0.17,-318,-318,-318
1780193328.681508,0.0,0.0,0.013,0.17,-318,-318,-318
1780193328.7036831,0.0,0.0,0.013,0.17,-318,-318,-318
1780193328.726439,0.0,0.0,0.013,0.17,-318,-318,-318
1780193328.738335,0.0,0.0,0.013,0.17,-318,-318,-318
1780193328.76289,0.0,0.0,0.013,0.17,-318,-318,-318
1780193328.785096,0.0,0.0,0.013,0.17,-318,-318,-318
1780193328.807728,0.0,0.0,0.013,0.17,-318,-318,-318
1780193328.831792,0.0,0.0,0.013,0.17,-318,-318,-318
1780193328.8540711,0.0,0.0,0.013,0.17,-318,-318,-318
1780193328.8767328,0.0,0.0,0.013,0.17,-318,-318,-318
1780193328.888852,0.0,0.0,0.013,0.17,-318,-318,-318
1780193328.9134731,0.0,0.0,0.013,0.17,-318,-318,-318
1780193328.9356449,0.0,0.0,0.013,0.17,-318,-318,-318
1780193328.9584022,0.0,0.0,0.013,0.17,-318,-318,-318
1780193328.982306,0.0,0.0,0.013,0.17,-318,-318,-318
1780193329.0045838,0.0,0.0,0.013,0.17,-318,-318,-318
1780193329.029186,0.0,0.0,0.013,0.17,-318,-318,-318
1780193329.051442,0.0,0.0,0.013,0.17,-318,-318,-318
1780193329.074031,0.0,0.0,0.013,0.17,-318,-318,-318
1780193329.098058,0.0,0.0,0.013,0.17,-318,-318,-318
1780193329.120318,0.0,0.0,0.013,0.17,-318,-318,-318
1780193329.143002,0.0,0.0,0.013,0.17,-318,-318,-318
1780193329.155033,0.0,0.0,0.013,0.17,-318,-318,-318
1780193329.179562,0.0,0.0,0.013,0.17,-318,-318,-318
1780193329.20176,0.0,0.0,0.013,0.17,-318,-318,-318
1780193329.224519,0.0,0.0,0.013,0.17,-318,-318,-318
1780193329.2486038,0.0,0.0,0.013,0.17,-318,-318,-318
1780193329.2708008,0.0,0.0,0.013,0.17,-318,-318,-318
1780193329.2935722,0.0,0.0,0.013,0.17,-318,-318,-318
1780193329.317889,0.0,0.0,0.013,0.17,-318,-318,-318
1780193329.340677,0.0,0.0,0.013,0.17,-318,-318,-318
1780193329.364804,0.0,0.0,0.013,0.17,-318,-318,-318
1780193329.387127,0.0,0.0,0.013,0.17,-318,-318,-318
1780193329.4098072,0.0,0.0,0.013,0.17,-318,-318,-318
1780193329.421856,0.0,0.0,0.013,0.17,-318,-318,-318
1780193329.446708,0.0,0.0,0.013,0.17,-318,-318,-318
1780193329.46912,0.0,0.0,0.013,0.17,-318,-318,-318
1780193329.49203,0.0,0.0,0.013,0.17,-318,-318,-318
1780193329.516512,0.0,0.0,0.013,0.17,-318,-318,-318
1780193329.538904,0.0,0.0,0.013,0.17,-318,-318,-318
1780193329.563494,0.0,0.0,0.013,0.17,-318,-318,-318
1780193329.5858781,0.0,0.0,0.013,0.17,-318,-318,-318
1780193329.608671,0.0,0.0,0.013,0.17,-318,-318,-318
1780193329.632908,0.0,0.0,0.013,0.17,-318,-318,-318
1780193329.6552691,0.0,0.0,0.013,0.17,-318,-318,-318
1780193329.680031,0.0,0.0,0.013,0.17,-318,-318,-318
1780193329.702364,0.0,0.0,0.013,0.17,-318,-318,-318
1780193329.725187,0.0,0.0,0.013,0.17,-318,-318,-318
1780193329.7494779,0.0,0.0,0.013,0.17,-318,-318,-318
1780193329.771855,0.0,0.0,0.013,0.17,-318,-318,-318
1780193329.796427,0.0,0.0,0.013,0.17,-318,-318,-318
1780193329.818741,0.0,0.0,0.013,0.17,-318,-318,-318
1780193329.8414211,0.0,0.0,0.013,0.17,-318,-318,-318
1780193329.8655412,0.0,0.0,0.013,0.17,-318,-318,-318
1780193329.887897,0.0,0.0,0.013,0.17,-318,-318,-318
1780193329.910663,0.0,0.0,0.013,0.17,-318,-318,-318
1780193329.922689,0.0,0.0,0.013,0.17,-318,-318,-318
1780193329.9472919,0.0,0.0,0.013,0.17,-318,-318,-318
1780193329.9695308,0.0,0.0,0.013,0.17,-318,-318,-318
1780193329.9923358,0.0,0.0,0.013,0.17,-318,-318,-318
1780193330.016604,0.0,0.0,0.013,0.17,-318,-318,-318
1780193330.038823,0.0,0.0,0.013,0.17,-318,-318,-318
1780193330.063425,0.0,0.0,0.013,0.17,-318,-318,-318
1780193330.0857558,0.0,0.0,0.013,0.17,-318,-318,-318
1780193330.108426,0.0,0.0,0.013,0.17,-318,-318,-318
1780193330.1328242,0.0,0.0,0.013,0.17,-318,-318,-318
1780193330.1552022,0.0,0.0,0.013,0.17,-318,-318,-318
1780193330.179743,0.0,0.0,0.013,0.17,-318,-318,-318
1780193330.201959,0.0,0.0,0.013,0.17,-318,-318,-318
1780193330.224747,0.0,0.0,0.013,0.17,-318,-318,-318
1780193330.248798,0.0,0.0,0.013,0.17,-318,-318,-318
1780193330.271054,0.0,0.0,0.013,0.17,-318,-318,-318
1780193330.296057,0.0,0.0,0.013,0.17,-318,-318,-318
1780193330.306793,0.0,0.0,0.013,0.17,-318,-318,-318
1780193330.33081,0.0,0.0,0.013,0.17,-318,-318,-318
1780193330.3530939,0.0,0.0,0.013,0.17,-318,-318,-318
1780193330.375669,0.0,0.0,0.013,0.17,-318,-318,-318
1780193330.399721,0.0,0.0,0.013,0.17,-318,-318,-318
1780193330.4220538,0.0,0.0,0.013,0.17,-318,-318,-318
1780193330.44645,0.0,0.0,0.013,0.17,-318,-318,-318
1780193330.46865,0.0,0.0,0.013,0.17,-318,-318,-318
1780193330.4914439,0.0,0.0,0.013,0.17,-318,-318,-318
1780193330.5158951,0.0,0.0,0.013,0.17,-318,-318,-318
1780193330.538338,0.0,0.0,0.013,0.17,-318,-318,-318
1780193330.563083,0.0,0.0,0.013,0.17,-318,-318,-318
1780193330.58545,0.0,0.0,0.013,0.17,-318,-318,-318
1780193330.608236,0.0,0.0,0.013,0.17,-318,-318,-318
1780193330.632475,0.0,0.0,0.013,0.17,-318,-318,-318
1780193330.65483,0.0,0.0,0.013,0.17,-318,-318,-318
1780193330.679403,0.0,0.0,0.013,0.17,-318,-318,-318
1780193330.7017338,0.0,0.0,0.013,0.17,-318,-318,-318
1780193330.7246609,0.0,0.0,0.013,0.17,-318,-318,-318
1780193330.748991,0.0,0.0,0.013,0.17,-318,-318,-318
1780193330.771414,0.0,0.0,0.013,0.17,-318,-318,-318
1780193330.796067,0.0,0.0,0.013,0.17,-318,-318,-318
1780193330.818458,0.0,0.0,0.013,0.17,-318,-318,-318
1780193330.841151,0.0,0.0,0.013,0.17,-318,-318,-318
1780193330.865309,0.0,0.0,0.013,0.17,-318,-318,-318
1780193330.887608,0.0,0.0,0.013,0.17,-318,-318,-318
1780193330.910239,0.0,0.0,0.013,0.17,-318,-318,-318
1780193330.922305,0.0,0.0,0.013,0.17,-318,-318,-318
1780193330.94685,0.0,0.0,0.013,0.17,-318,-318,-318
1780193330.969117,0.0,0.0,0.013,0.17,-318,-318,-318
1780193330.9918878,0.0,0.0,0.013,0.17,-318,-318,-318
1780193331.0161831,0.0,0.0,0.013,0.17,-318,-318,-318
1780193331.03859,0.0,0.0,0.013,0.17,-318,-318,-318
1780193331.063491,0.0,0.0,0.013,0.17,-318,-318,-318
1780193331.0858848,0.0,0.0,0.013,0.17,-318,-318,-318
1780193331.108717,0.0,0.0,0.013,0.17,-318,-318,-318
1780193331.132977,0.0,0.0,0.013,0.17,-318,-318,-318
1780193331.155468,0.0,0.0,0.013,0.17,-318,-318,-318
1780193331.1802912,0.0,0.0,0.013,0.17,-318,-318,-318
1780193331.202711,0.0,0.0,0.013,0.17,-318,-318,-318
1780193331.225633,0.0,0.0,0.013,0.17,-318,-318,-318
1780193331.249822,0.0,0.0,0.013,0.17,-318,-318,-318
1780193331.272717,0.0,0.0,0.013,0.17,-318,-318,-318
1780193331.296927,0.0,0.0,0.013,0.17,-318,-318,-318
1780193331.319296,0.0,0.0,0.013,0.17,-318,-318,-318
1780193331.342098,0.0,0.0,0.013,0.17,-318,-318,-318
1780193331.366462,0.0,0.0,0.013,0.17,-318,-318,-318
1780193331.379178,0.0,0.0,0.013,0.17,-318,-318,-318
1780193331.401504,0.0,0.0,0.013,0.17,-318,-318,-318
1780193331.424431,0.0,0.0,0.013,0.17,-318,-318,-318
1780193331.448513,0.0,0.0,0.013,0.17,-318,-318,-318
1780193331.4708538,0.0,0.0,0.013,0.17,-318,-318,-318
1780193331.493813,0.0,0.0,0.013,0.17,-318,-318,-318
1780193331.505877,0.0,0.0,0.013,0.17,-318,-318,-318
1780193331.530518,0.0,0.0,0.013,0.17,-318,-318,-318
1780193331.55286,0.0,0.0,0.013,0.17,-318,-318,-318
1780193331.575743,0.0,0.0,0.013,0.17,-318,-318,-318
1780193331.600132,0.0,0.0,0.013,0.17,-318,-318,-318
1780193331.623157,0.0,0.0,0.013,0.17,-318,-318,-318
1780193331.64733,0.0,0.0,0.013,0.17,-318,-318,-318
1780193331.669648,0.0,0.0,0.013,0.17,-318,-318,-318
1780193331.69262,0.0,0.0,0.013,0.17,-318,-318,-318
1780193331.704687,0.0,0.0,0.013,0.17,-318,-318,-318
1780193331.7295492,0.0,0.0,0.013,0.17,-318,-318,-318
1780193331.752023,0.0,0.0,0.013,0.17,-318,-318,-318
1780193331.774857,0.0,0.0,0.013,0.17,-318,-318,-318
1780193331.7993221,0.0,0.0,0.013,0.17,-318,-318,-318
1780193331.823339,0.0,0.0,0.013,0.17,-318,-318,-318
1780193331.848822,0.0,0.0,0.013,0.17,-318,-318,-318
1780193331.8723671,0.0,0.0,0.013,0.17,-318,-318,-318
1780193331.885744,0.0,0.0,0.013,0.17,-318,-318,-318
1780193331.909962,0.0,0.0,0.013,0.17,-318,-318,-318
1780193331.9230661,0.0,0.0,0.013,0.17,-318,-318,-318
1780193331.949572,0.0,0.0,0.013,0.17,-318,-318,-318
1780193331.972385,0.0,0.0,0.013,0.17,-318,-318,-318
1780193331.9983602,0.0,0.0,0.013,0.17,-318,-318,-318
1780193332.0209868,0.0,0.0,0.013,0.17,-318,-318,-318
1780193332.04624,0.0,0.0,0.013,0.17,-318,-318,-318
1780193332.0687091,0.0,0.0,0.013,0.17,-318,-318,-318
1780193332.092441,0.0,0.0,0.013,0.17,-318,-318,-318
1780193332.116853,0.0,0.0,0.013,0.17,-318,-318,-318
1780193332.139644,0.0,0.0,0.013,0.17,-318,-318,-318
1780193332.163979,0.0,0.0,0.013,0.17,-318,-318,-318
1780193332.18656,0.0,0.0,0.013,0.17,-318,-318,-318
1780193332.209292,0.0,0.0,0.013,0.17,-318,-318,-318
1780193332.2214358,0.0,0.0,0.013,0.17,-318,-318,-318
1780193332.2461498,0.0,0.0,0.013,0.17,-318,-318,-318
1780193332.268455,0.0,0.0,0.013,0.17,-318,-318,-318
1780193332.291341,0.0,0.0,0.013,0.17,-318,-318,-318
1780193332.315426,0.0,0.0,0.013,0.17,-318,-318,-318
1780193332.33773,0.0,0.0,0.013,0.17,-318,-318,-318
1780193332.362499,0.0,0.0,0.013,0.17,-318,-318,-318
1780193332.384943,0.0,0.0,0.013,0.17,-318,-318,-318
1780193332.3974998,0.0,0.0,0.013,0.17,-318,-318,-318
1780193332.4198542,0.0,0.0,0.013,0.17,-318,-318,-318
1780193332.4426339,0.0,0.0,0.013,0.17,-318,-318,-318
1780193332.454751,0.0,0.0,0.013,0.17,-318,-318,-318
1780193332.479253,0.0,0.0,0.013,0.17,-318,-318,-318
1780193332.501518,0.0,0.0,0.013,0.17,-318,-318,-318
1780193332.5243552,0.0,0.0,0.013,0.17,-318,-318,-318
1780193332.5485609,0.0,0.0,0.013,0.17,-318,-318,-318
1780193332.570925,0.0,0.0,0.013,0.17,-318,-318,-318
1780193332.595579,0.0,0.0,0.013,0.17,-318,-318,-318
1780193332.617915,0.0,0.0,0.013,0.17,-318,-318,-318
1780193332.640655,0.0,0.0,0.013,0.17,-318,-318,-318
1780193332.664879,0.0,0.0,0.013,0.17,-318,-318,-318
1780193332.687236,0.0,0.0,0.013,0.17,-318,-318,-318
1780193332.7101948,0.0,0.0,0.013,0.17,-318,-318,-318
1780193332.7222762,0.0,0.0,0.013,0.17,-318,-318,-318
1780193332.7468271,0.0,0.0,0.013,0.17,-318,-318,-318
1780193332.769023,0.0,0.0,0.013,0.17,-318,-318,-318
1780193332.791817,0.0,0.0,0.013,0.17,-318,-318,-318
1780193332.8159401,0.0,0.0,0.013,0.17,-318,-318,-318
1780193332.838211,0.0,0.0,0.013,0.17,-318,-318,-318
1780193332.8628411,0.0,0.0,0.013,0.17,-318,-318,-318
1780193332.88517,0.0,0.0,0.013,0.17,-318,-318,-318
1780193332.90814,0.0,0.0,0.013,0.17,-318,-318,-318
1780193332.932294,0.0,0.0,0.013,0.17,-318,-318,-318
1780193332.9546728,0.0,0.0,0.013,0.17,-318,-318,-318
1780193332.979734,0.0,0.0,0.013,0.17,-318,-318,-318
1780193333.00201,0.0,0.0,0.013,0.17,-318,-318,-318
1780193333.025144,0.0,0.0,0.013,0.17,-318,-318,-318
1780193333.049425,0.0,0.0,0.013,0.17,-318,-318,-318
1780193333.0721018,0.0,0.0,0.013,0.17,-318,-318,-318
1780193333.0966358,0.0,0.0,0.013,0.17,-318,-318,-318
1780193333.119093,0.0,0.0,0.013,0.17,-318,-318,-318
1780193333.1419892,0.0,0.0,0.013,0.17,-318,-318,-318
1780193333.1661649,0.0,0.0,0.013,0.17,-318,-318,-318
1780193333.1886022,0.0,0.0,0.013,0.17,-318,-318,-318
1780193333.2132668,0.0,0.0,0.013,0.17,-318,-318,-318
1780193333.235604,0.0,0.0,0.013,0.17,-318,-318,-318
1780193333.258502,0.0,0.0,0.013,0.17,-318,-318,-318
1780193333.282754,0.0,0.0,0.013,0.17,-318,-318,-318
1780193333.30511,0.0,0.0,0.013,0.17,-318,-318,-318
1780193333.329927,0.0,0.0,0.013,0.17,-318,-318,-318
1780193333.3523278,0.0,0.0,0.013,0.17,-318,-318,-318
1780193333.375076,0.0,0.0,0.013,0.17,-318,-318,-318
1780193333.399276,0.0,0.0,0.013,0.17,-318,-318,-318
1780193333.4100008,0.0,0.0,0.013,0.17,-318,-318,-318
1780193333.434079,0.0,0.0,0.013,0.17,-318,-318,-318
1780193333.457005,0.0,0.0,0.013,0.17,-318,-318,-318
1780193333.481049,0.0,0.0,0.013,0.17,-318,-318,-318
1780193333.503428,0.0,0.0,0.013,0.17,-318,-318,-318
1780193333.526494,0.0,0.0,0.013,0.17,-318,-318,-318
1780193333.538615,0.0,0.0,0.013,0.17,-318,-318,-318
1780193333.5632288,0.0,0.0,0.013,0.17,-318,-318,-318
1780193333.5856209,0.0,0.0,0.013,0.17,-318,-318,-318
1780193333.6084402,0.0,0.0,0.013,0.17,-318,-318,-318
1780193333.632663,0.0,0.0,0.013,0.17,-318,-318,-318
1780193333.654997,0.0,0.0,0.013,0.17,-318,-318,-318
1780193333.67942,0.0,0.0,0.013,0.17,-318,-318,-318
1780193333.701715,0.0,0.0,0.013,0.17,-318,-318,-318
1780193333.724767,0.0,0.0,0.013,0.17,-318,-318,-318
1780193333.7490802,0.0,0.0,0.013,0.17,-318,-318,-318
1780193333.771426,0.0,0.0,0.013,0.17,-318,-318,-318
1780193333.796027,0.0,0.0,0.013,0.17,-318,-318,-318
1780193333.818479,0.0,0.0,0.013,0.17,-318,-318,-318
1780193333.8410912,0.0,0.0,0.013,0.17,-318,-318,-318
1780193333.865197,0.0,0.0,0.013,0.17,-318,-318,-318
1780193333.887412,0.0,0.0,0.013,0.17,-318,-318,-318
1780193333.910044,0.0,0.0,0.013,0.17,-318,-318,-318
1780193333.922005,0.0,0.0,0.013,0.17,-318,-318,-318
1780193333.946486,0.0,0.0,0.013,0.17,-318,-318,-318
1780193333.968609,0.0,0.0,0.013,0.17,-318,-318,-318
1780193333.991318,0.0,0.0,0.013,0.17,-318,-318,-318
1780193334.01562,0.0,0.0,0.013,0.17,-318,-318,-318
1780193334.0379992,0.0,0.0,0.013,0.17,-318,-318,-318
1780193334.062699,0.0,0.0,0.013,0.17,-318,-318,-318
1780193334.085109,0.0,0.0,0.013,0.17,-318,-318,-318
1780193334.107861,0.0,0.0,0.013,0.17,-318,-318,-318
1780193334.1321778,0.0,0.0,0.013,0.17,-318,-318,-318
1780193334.154764,0.0,0.0,0.013,0.17,-318,-318,-318
1780193334.179362,0.0,0.0,0.013,0.17,-318,-318,-318
1780193334.201568,0.0,0.0,0.013,0.17,-318,-318,-318
1780193334.22434,0.0,0.0,0.013,0.17,-318,-318,-318
1780193334.2493289,0.0,0.0,0.013,0.17,-318,-318,-318
1780193334.273343,0.0,0.0,0.013,0.17,-318,-318,-318
1780193334.297846,0.0,0.0,0.013,0.17,-318,-318,-318
1780193334.321311,0.0,0.0,0.013,0.17,-318,-318,-318
1780193334.3462179,0.0,0.0,0.013,0.17,-318,-318,-318
1780193334.368597,0.0,0.0,0.013,0.17,-318,-318,-318
1780193334.3915598,0.0,0.0,0.013,0.17,-318,-318,-318
1780193334.415901,0.0,0.0,0.013,0.17,-318,-318,-318
1780193334.4382699,0.0,0.0,0.013,0.17,-318,-318,-318
1780193334.462922,0.0,0.0,0.013,0.17,-318,-318,-318
1780193334.485258,0.0,0.0,0.013,0.17,-318,-318,-318
1780193334.508014,0.0,0.0,0.013,0.17,-318,-318,-318
1780193334.5322251,0.0,0.0,0.013,0.17,-318,-318,-318
1780193334.554622,0.0,0.0,0.013,0.17,-318,-318,-318
1780193334.579558,0.0,0.0,0.013,0.17,-318,-318,-318
1780193334.601911,0.0,0.0,0.013,0.17,-318,-318,-318
1780193334.6248598,0.0,0.0,0.013,0.17,-318,-318,-318
1780193334.649122,0.0,0.0,0.013,0.17,-318,-318,-318
1780193334.671424,0.0,0.0,0.013,0.17,-318,-318,-318
1780193334.696265,0.0,0.0,0.013,0.17,-318,-318,-318
1780193334.718653,0.0,0.0,0.013,0.17,-318,-318,-318
1780193334.7414558,0.0,0.0,0.013,0.17,-318,-318,-318
1780193334.765722,0.0,0.0,0.013,0.17,-318,-318,-318
1780193334.788219,0.0,0.0,0.013,0.17,-318,-318,-318
1780193334.813049,0.0,0.0,0.013,0.17,-318,-318,-318
1780193334.8354912,0.0,0.0,0.013,0.17,-318,-318,-318
1780193334.858606,0.0,0.0,0.013,0.17,-318,-318,-318
1780193334.8829079,0.0,0.0,0.013,0.17,-318,-318,-318
1780193334.905803,0.0,0.0,0.013,0.17,-318,-318,-318
1780193334.930256,0.0,0.0,0.013,0.17,-318,-318,-318
1780193334.952577,0.0,0.0,0.013,0.17,-318,-318,-318
1780193334.975383,0.0,0.0,0.013,0.17,-318,-318,-318
1780193334.9997928,0.0,0.0,0.013,0.17,-318,-318,-318
1780193335.022856,0.0,0.0,0.013,0.17,-318,-318,-318
1780193335.047078,0.0,0.0,0.013,0.17,-318,-318,-318
1780193335.069522,0.0,0.0,0.013,0.17,-318,-318,-318
1780193335.092442,0.0,0.0,0.013,0.17,-318,-318,-318
1780193335.104479,0.0,0.0,0.013,0.17,-318,-318,-318
1780193335.129118,0.0,0.0,0.013,0.17,-318,-318,-318
1780193335.151568,0.0,0.0,0.013,0.17,-318,-318,-318
1780193335.1744099,0.0,0.0,0.013,0.17,-318,-318,-318
1780193335.1987169,0.0,0.0,0.013,0.17,-318,-318,-318
1780193335.221129,0.0,0.0,0.013,0.17,-318,-318,-318
1780193335.2458172,0.0,0.0,0.013,0.17,-318,-318,-318
1780193335.26809,0.0,0.0,0.013,0.17,-318,-318,-318
1780193335.290977,0.0,0.0,0.013,0.17,-318,-318,-318
1780193335.315159,0.0,0.0,0.013,0.17,-318,-318,-318
1780193335.337465,0.0,0.0,0.013,0.17,-318,-318,-318
1780193335.3620732,0.0,0.0,0.013,0.17,-318,-318,-318
1780193335.3844092,0.0,0.0,0.013,0.17,-318,-318,-318
1780193335.40705,0.0,0.0,0.013,0.17,-318,-318,-318
1780193335.431275,0.0,0.0,0.013,0.17,-318,-318,-318
1780193335.4538639,0.0,0.0,0.013,0.17,-318,-318,-318
1780193335.476605,0.0,0.0,0.013,0.17,-318,-318,-318
1780193335.4887109,0.0,0.0,0.013,0.17,-318,-318,-318
1780193335.5133288,0.0,0.0,0.013,0.17,-318,-318,-318
1780193335.535671,0.0,0.0,0.013,0.17,-318,-318,-318
1780193335.558509,0.0,0.0,0.013,0.17,-318,-318,-318
1780193335.5826712,0.0,0.0,0.013,0.17,-318,-318,-318
1780193335.6049678,0.0,0.0,0.013,0.17,-318,-318,-318
1780193335.6294231,0.0,0.0,0.013,0.17,-318,-318,-318
1780193335.651781,0.0,0.0,0.013,0.17,-318,-318,-318
1780193335.674613,0.0,0.0,0.013,0.17,-318,-318,-318
1780193335.698696,0.0,0.0,0.013,0.17,-318,-318,-318
1780193335.720927,0.0,0.0,0.013,0.17,-318,-318,-318
1780193335.743561,0.0,0.0,0.013,0.17,-318,-318,-318
1780193335.755593,0.0,0.0,0.013,0.17,-318,-318,-318
1780193335.779944,0.0,0.0,0.013,0.17,-318,-318,-318
1780193335.8020952,0.0,0.0,0.013,0.17,-318,-318,-318
1780193335.824882,0.0,0.0,0.013,0.17,-318,-318,-318
1780193335.849241,0.0,0.0,0.013,0.17,-318,-318,-318
1780193335.8716102,0.0,0.0,0.013,0.17,-318,-318,-318
1780193335.896113,0.0,0.0,0.013,0.17,-318,-318,-318
1780193335.918414,0.0,0.0,0.013,0.17,-318,-318,-318
1780193335.9410381,0.0,0.0,0.013,0.17,-318,-318,-318
1780193335.9650218,0.0,0.0,0.013,0.17,-318,-318,-318
1780193335.987304,0.0,0.0,0.013,0.17,-318,-318,-318
1780193336.00997,0.0,0.0,0.013,0.17,-318,-318,-318
1780193336.021997,0.0,0.0,0.013,0.17,-318,-318,-318
1780193336.046489,0.0,0.0,0.013,0.17,-318,-318,-318
1780193336.068727,0.0,0.0,0.013,0.17,-318,-318,-318
1780193336.0914829,0.0,0.0,0.013,0.17,-318,-318,-318
1780193336.1155179,0.0,0.0,0.013,0.17,-318,-318,-318
1780193336.137768,0.0,0.0,0.013,0.17,-318,-318,-318
1780193336.162318,0.0,0.0,0.013,0.17,-318,-318,-318
1780193336.184602,0.0,0.0,0.013,0.17,-318,-318,-318
1780193336.2072809,0.0,0.0,0.013,0.17,-318,-318,-318
1780193336.231391,0.0,0.0,0.013,0.17,-318,-318,-318
1780193336.253686,0.0,0.0,0.013,0.17,-318,-318,-318
1780193336.276578,0.0,0.0,0.013,0.17,-318,-318,-318
1780193336.288706,0.0,0.0,0.013,0.17,-318,-318,-318
1780193336.3132129,0.0,0.0,0.013,0.17,-318,-318,-318
1780193336.335518,0.0,0.0,0.013,0.17,-318,-318,-318
1780193336.358363,0.0,0.0,0.013,0.17,-318,-318,-318
1780193336.38257,0.0,0.0,0.013,0.17,-318,-318,-318
1780193336.404948,0.0,0.0,0.013,0.17,-318,-318,-318
1780193336.429934,0.0,0.0,0.013,0.17,-318,-318,-318
1780193336.452351,0.0,0.0,0.013,0.17,-318,-318,-318
1780193336.475335,0.0,0.0,0.013,0.17,-318,-318,-318
1780193336.5001101,0.0,0.0,0.013,0.17,-318,-318,-318
1780193336.523085,0.0,0.0,0.013,0.17,-318,-318,-318
1780193336.547144,0.0,0.0,0.013,0.17,-318,-318,-318
1780193336.557827,0.0,0.0,0.013,0.17,-318,-318,-318
1780193336.581943,0.0,0.0,0.013,0.17,-318,-318,-318
1780193336.604209,0.0,0.0,0.013,0.17,-318,-318,-318
1780193336.62883,0.0,0.0,0.013,0.17,-318,-318,-318
1780193336.6511328,0.0,0.0,0.013,0.17,-318,-318,-318
1780193336.673841,0.0,0.0,0.013,0.17,-318,-318,-318
1780193336.698014,0.0,0.0,0.013,0.17,-318,-318,-318
1780193336.720779,0.0,0.0,0.013,0.17,-318,-318,-318
1780193336.74544,0.0,0.0,0.013,0.17,-318,-318,-318
1780193336.767782,0.0,0.0,0.013,0.17,-318,-318,-318
1780193336.790605,0.0,0.0,0.013,0.17,-318,-318,-318
1780193336.814857,0.0,0.0,0.013,0.17,-318,-318,-318
1780193336.837214,0.0,0.0,0.013,0.17,-318,-318,-318
1780193336.860053,0.0,0.0,0.013,0.17,-318,-318,-318
1780193336.872103,0.0,0.0,0.013,0.17,-318,-318,-318
1780193336.896561,0.0,0.0,0.013,0.17,-318,-318,-318
1780193336.918834,0.0,0.0,0.013,0.17,-318,-318,-318
1780193336.9416552,0.0,0.0,0.013,0.17,-318,-318,-318
1780193336.9657788,0.0,0.0,0.013,0.17,-318,-318,-318
1780193336.9882188,0.0,0.0,0.013,0.17,-318,-318,-318
1780193337.012887,0.0,0.0,0.013,0.17,-318,-318,-318
1780193337.035291,0.0,0.0,0.013,0.17,-318,-318,-318
1780193337.058208,0.0,0.0,0.013,0.17,-318,-318,-318
1780193337.0822139,0.0,0.0,0.013,0.17,-318,-318,-318
1780193337.0928938,0.0,0.0,0.013,0.17,-318,-318,-318
1780193337.116978,0.0,0.0,0.013,0.17,-318,-318,-318
1780193337.1398752,0.0,0.0,0.013,0.17,-318,-318,-318
1780193337.1641119,0.0,0.0,0.013,0.17,-318,-318,-318
1780193337.1864378,0.0,0.0,0.013,0.17,-318,-318,-318
1780193337.2092118,0.0,0.0,0.013,0.17,-318,-318,-318
1780193337.231682,0.0,0.0,0.013,0.17,-318,-318,-318
1780193337.253948,0.0,0.0,0.013,0.17,-318,-318,-318
1780193337.27646,0.0,0.0,0.013,0.17,-318,-318,-318
1780193337.2884722,0.0,0.0,0.013,0.17,-318,-318,-318
1780193337.3129869,0.0,0.0,0.013,0.17,-318,-318,-318
1780193337.335386,0.0,0.0,0.013,0.17,-318,-318,-318
1780193337.3582542,0.0,0.0,0.013,0.17,-318,-318,-318
1780193337.382443,0.0,0.0,0.013,0.17,-318,-318,-318
1780193337.4047182,0.0,0.0,0.013,0.17,-318,-318,-318
1780193337.4291961,0.0,0.0,0.013,0.17,-318,-318,-318
1780193337.451338,0.0,0.0,0.013,0.17,-318,-318,-318
1780193337.474158,0.0,0.0,0.013,0.17,-318,-318,-318
1780193337.498132,0.0,0.0,0.013,0.17,-318,-318,-318
1780193337.520331,0.0,0.0,0.013,0.17,-318,-318,-318
1780193337.5432682,0.0,0.0,0.013,0.17,-318,-318,-318
1780193337.555308,0.0,0.0,0.013,0.17,-318,-318,-318
1780193337.579807,0.0,0.0,0.013,0.17,-318,-318,-318
1780193337.6021109,0.0,0.0,0.013,0.17,-318,-318,-318
1780193337.624883,0.0,0.0,0.013,0.17,-318,-318,-318
1780193337.648911,0.0,0.0,0.013,0.17,-318,-318,-318
1780193337.671256,0.0,0.0,0.013,0.17,-318,-318,-318
1780193337.695615,0.0,0.0,0.013,0.17,-318,-318,-318
1780193337.717799,0.0,0.0,0.013,0.17,-318,-318,-318
1780193337.740505,0.0,0.0,0.013,0.17,-318,-318,-318
1780193337.764566,0.0,0.0,0.013,0.17,-318,-318,-318
1780193337.7868302,0.0,0.0,0.013,0.17,-318,-318,-318
1780193337.809592,0.0,0.0,0.013,0.17,-318,-318,-318
1780193337.8215811,0.0,0.0,0.013,0.17,-318,-318,-318
1780193337.846037,0.0,0.0,0.013,0.17,-318,-318,-318
1780193337.868285,0.0,0.0,0.013,0.17,-318,-318,-318
1780193337.8910122,0.0,0.0,0.013,0.17,-318,-318,-318
1780193337.915046,0.0,0.0,0.013,0.17,-318,-318,-318
1780193337.938354,0.0,0.0,0.013,0.17,-318,-318,-318
1780193337.968777,0.0,0.0,0.013,0.17,-318,-318,-318
1780193337.9996428,0.0,0.0,0.013,0.17,-318,-318,-318
1780193338.029175,0.0,0.0,0.013,0.17,-318,-318,-318
1780193338.052696,0.0,0.0,0.013,0.17,-318,-318,-318
1780193338.0786061,0.0,0.0,0.013,0.17,-318,-318,-318
1780193338.1016479,0.0,0.0,0.013,0.17,-318,-318,-318
1780193338.125217,0.0,0.0,0.013,0.17,-318,-318,-318
1780193338.150056,0.0,0.0,0.013,0.17,-318,-318,-318
1780193338.173588,0.0,0.0,0.013,0.17,-318,-318,-318
1780193338.1985312,0.0,0.0,0.013,0.17,-318,-318,-318
1780193338.22106,0.0,0.0,0.013,0.17,-318,-318,-318
1780193338.2457469,0.0,0.0,0.013,0.17,-318,-318,-318
1780193338.26814,0.0,0.0,0.013,0.17,-318,-318,-318
1780193338.2910411,0.0,0.0,0.013,0.17,-318,-318,-318
1780193338.31558,0.0,0.0,0.013,0.17,-318,-318,-318
1780193338.338488,0.0,0.0,0.013,0.17,-318,-318,-318
1780193338.363223,0.0,0.0,0.013,0.17,-318,-318,-318
1780193338.3860302,0.0,0.0,0.013,0.17,-318,-318,-318
1780193338.409018,0.0,0.0,0.013,0.17,-318,-318,-318
1780193338.421084,0.0,0.0,0.013,0.17,-318,-318,-318
1780193338.4456089,0.0,0.0,0.013,0.17,-318,-318,-318
1780193338.468035,0.0,0.0,0.013,0.17,-318,-318,-318
1780193338.4907851,0.0,0.0,0.013,0.17,-318,-318,-318
1780193338.515048,0.0,0.0,0.013,0.17,-318,-318,-318
1780193338.537437,0.0,0.0,0.013,0.17,-318,-318,-318
1780193338.562059,0.0,0.0,0.013,0.17,-318,-318,-318
1780193338.584451,0.0,0.0,0.013,0.17,-318,-318,-318
1780193338.607569,0.0,0.0,0.013,0.17,-318,-318,-318
1780193338.631756,0.0,0.0,0.013,0.17,-318,-318,-318
1780193338.654067,0.0,0.0,0.013,0.17,-318,-318,-318
1780193338.6786869,0.0,0.0,0.013,0.17,-318,-318,-318
1780193338.7009559,0.0,0.0,0.013,0.17,-318,-318,-318
1780193338.723976,0.0,0.0,0.013,0.17,-318,-318,-318
1780193338.748019,0.0,0.0,0.013,0.17,-318,-318,-318
1780193338.770296,0.0,0.0,0.013,0.17,-318,-318,-318
1780193338.793262,0.0,0.0,0.013,0.17,-318,-318,-318
1780193338.805443,0.0,0.0,0.013,0.17,-318,-318,-318
1780193338.8301818,0.0,0.0,0.013,0.17,-318,-318,-318
1780193338.852632,0.0,0.0,0.013,0.17,-318,-318,-318
1780193338.8754802,0.0,0.0,0.013,0.17,-318,-318,-318
1780193338.8874838,0.0,0.0,0.013,0.17,-318,-318,-318
1780193338.912199,0.0,0.0,0.013,0.17,-318,-318,-318
1780193338.934633,0.0,0.0,0.013,0.17,-318,-318,-318
1780193338.958859,0.0,0.0,0.013,0.17,-318,-318,-318
1780193338.9813042,0.0,0.0,0.013,0.17,-318,-318,-318
1780193339.003895,0.0,0.0,0.013,0.17,-318,-318,-318
1780193339.026638,0.0,0.0,0.013,0.17,-318,-318,-318
1780193339.038838,0.0,0.0,0.013,0.17,-318,-318,-318
1780193339.0636091,0.0,0.0,0.013,0.17,-318,-318,-318
1780193339.08587,0.0,0.0,0.013,0.17,-318,-318,-318
1780193339.10875,0.0,0.0,0.013,0.17,-318,-318,-318
1780193339.1209128,0.0,0.0,0.013,0.17,-318,-318,-318
1780193339.1454542,0.0,0.0,0.013,0.17,-318,-318,-318
1780193339.1675699,0.0,0.0,0.013,0.17,-318,-318,-318
1780193339.1904378,0.0,0.0,0.013,0.17,-318,-318,-318
1780193339.214623,0.0,0.0,0.013,0.17,-318,-318,-318
1780193339.236962,0.0,0.0,0.013,0.17,-318,-318,-318
1780193339.25985,0.0,0.0,0.013,0.17,-318,-318,-318
1780193339.271862,0.0,0.0,0.013,0.17,-318,-318,-318
1780193339.296414,0.0,0.0,0.013,0.17,-318,-318,-318
1780193339.318778,0.0,0.0,0.013,0.17,-318,-318,-318
1780193339.3413801,0.0,0.0,0.013,0.17,-318,-318,-318
1780193339.365484,0.0,0.0,0.013,0.17,-318,-318,-318
1780193339.387787,0.0,0.0,0.013,0.17,-318,-318,-318
1780193339.412202,0.0,0.0,0.013,0.17,-318,-318,-318
1780193339.434365,0.0,0.0,0.013,0.17,-318,-318,-318
1780193339.457068,0.0,0.0,0.013,0.17,-318,-318,-318
1780193339.481078,0.0,0.0,0.013,0.17,-318,-318,-318
1780193339.503413,0.0,0.0,0.013,0.17,-318,-318,-318
1780193339.5262022,0.0,0.0,0.013,0.17,-318,-318,-318
1780193339.538177,0.0,0.0,0.013,0.17,-318,-318,-318
1780193339.562689,0.0,0.0,0.013,0.17,-318,-318,-318
1780193339.584952,0.0,0.0,0.013,0.17,-318,-318,-318
1780193339.60757,0.0,0.0,0.013,0.17,-318,-318,-318
1780193339.631627,0.0,0.0,0.013,0.17,-318,-318,-318
1780193339.653909,0.0,0.0,0.013,0.17,-318,-318,-318
1780193339.676502,0.0,0.0,0.013,0.17,-318,-318,-318
1780193339.688511,0.0,0.0,0.013,0.17,-318,-318,-318
1780193339.7129521,0.0,0.0,0.013,0.17,-318,-318,-318
1780193339.735143,0.0,0.0,0.013,0.17,-318,-318,-318
1780193339.7579572,0.0,0.0,0.013,0.17,-318,-318,-318
1780193339.782014,0.0,0.0,0.013,0.17,-318,-318,-318
1780193339.80424,0.0,0.0,0.013,0.17,-318,-318,-318
1780193339.8288782,0.0,0.0,0.013,0.17,-318,-318,-318
1780193339.851289,0.0,0.0,0.013,0.17,-318,-318,-318
1780193339.873943,0.0,0.0,0.013,0.17,-318,-318,-318
1780193339.8980072,0.0,0.0,0.013,0.17,-318,-318,-318
1780193339.920297,0.0,0.0,0.013,0.17,-318,-318,-318
1780193339.942954,0.0,0.0,0.013,0.17,-318,-318,-318
1780193339.9549592,0.0,0.0,0.013,0.17,-318,-318,-318
1780193339.979363,0.0,0.0,0.013,0.17,-318,-318,-318
1780193340.001607,0.0,0.0,0.013,0.17,-318,-318,-318
1780193340.024365,0.0,0.0,0.013,0.17,-318,-318,-318
1780193340.048652,0.0,0.0,0.013,0.17,-318,-318,-318
1780193340.071139,0.0,0.0,0.013,0.17,-318,-318,-318
1780193340.0957792,0.0,0.0,0.013,0.17,-318,-318,-318
1780193340.118012,0.0,0.0,0.013,0.17,-318,-318,-318
1780193340.1407301,0.0,0.0,0.013,0.17,-318,-318,-318
1780193340.164813,0.0,0.0,0.013,0.17,-318,-318,-318
1780193340.1874502,0.0,0.0,0.013,0.17,-318,-318,-318
1780193340.21216,0.0,0.0,0.013,0.17,-318,-318,-318
1780193340.222889,0.0,0.0,0.013,0.17,-318,-318,-318
1780193340.247464,0.0,0.0,0.013,0.17,-318,-318,-318
1780193340.2700741,0.0,0.0,0.013,0.17,-318,-318,-318
1780193340.292866,0.0,0.0,0.013,0.17,-318,-318,-318
1780193340.3155,0.0,0.0,0.013,0.17,-318,-318,-318
1780193340.3381288,0.0,0.0,0.013,0.17,-318,-318,-318
1780193340.362504,0.0,0.0,0.013,0.17,-318,-318,-318
1780193340.3847969,0.0,0.0,0.013,0.17,-318,-318,-318
1780193340.4075751,0.0,0.0,0.013,0.17,-318,-318,-318
1780193340.431628,0.0,0.0,0.013,0.17,-318,-318,-318
1780193340.453876,0.0,0.0,0.013,0.17,-318,-318,-318
1780193340.478504,0.0,0.0,0.013,0.17,-318,-318,-318
1780193340.500725,0.0,0.0,0.013,0.17,-318,-318,-318
1780193340.523354,0.0,0.0,0.013,0.17,-318,-318,-318
1780193340.5473568,0.0,0.0,0.013,0.17,-318,-318,-318
1780193340.56966,0.0,0.0,0.013,0.17,-318,-318,-318
1780193340.592305,0.0,0.0,0.013,0.17,-318,-318,-318
1780193340.604321,0.0,0.0,0.013,0.17,-318,-318,-318
1780193340.62868,0.0,0.0,0.013,0.17,-318,-318,-318
1780193340.650816,0.0,0.0,0.013,0.17,-318,-318,-318
1780193340.673553,0.0,0.0,0.013,0.17,-318,-318,-318
1780193340.69779,0.0,0.0,0.013,0.17,-318,-318,-318
1780193340.7202199,0.0,0.0,0.013,0.17,-318,-318,-318
1780193340.743087,0.0,0.0,0.013,0.17,-318,-318,-318
1780193340.765462,0.0,0.0,0.013,0.17,-318,-318,-318
1780193340.787777,0.0,0.0,0.013,0.17,-318,-318,-318
1780193340.809997,0.0,0.0,0.013,0.17,-318,-318,-318
1780193340.832593,0.0,0.0,0.013,0.17,-318,-318,-318
1780193340.854893,0.0,0.0,0.013,0.17,-318,-318,-318
1780193340.879463,0.0,0.0,0.013,0.17,-318,-318,-318
1780193340.901829,0.0,0.0,0.013,0.17,-318,-318,-318
1780193340.924588,0.0,0.0,0.013,0.17,-318,-318,-318
1780193340.948779,0.0,0.0,0.013,0.17,-318,-318,-318
1780193340.9711769,0.0,0.0,0.013,0.17,-318,-318,-318
1780193340.995827,0.0,0.0,0.013,0.17,-318,-318,-318
1780193341.018222,0.0,0.0,0.013,0.17,-318,-318,-318
1780193341.040902,0.0,0.0,0.013,0.17,-318,-318,-318
1780193341.065207,0.0,0.0,0.013,0.17,-318,-318,-318
1780193341.087533,0.0,0.0,0.013,0.17,-318,-318,-318
1780193341.1122088,0.0,0.0,0.013,0.17,-318,-318,-318
1780193341.134602,0.0,0.0,0.013,0.17,-318,-318,-318
1780193341.157269,0.0,0.0,0.013,0.17,-318,-318,-318
1780193341.181406,0.0,0.0,0.013,0.17,-318,-318,-318
1780193341.203747,0.0,0.0,0.013,0.17,-318,-318,-318
1780193341.2284422,0.0,0.0,0.013,0.17,-318,-318,-318
1780193341.250646,0.0,0.0,0.013,0.17,-318,-318,-318
1780193341.273417,0.0,0.0,0.013,0.17,-318,-318,-318
1780193341.2975419,0.0,0.0,0.013,0.17,-318,-318,-318
1780193341.3199282,0.0,0.0,0.013,0.17,-318,-318,-318
1780193341.342931,0.0,0.0,0.013,0.17,-318,-318,-318
1780193341.3549702,0.0,0.0,0.013,0.17,-318,-318,-318
1780193341.379582,0.0,0.0,0.013,0.17,-318,-318,-318
1780193341.402008,0.0,0.0,0.013,0.17,-318,-318,-318
1780193341.4247448,0.0,0.0,0.013,0.17,-318,-318,-318
1780193341.448902,0.0,0.0,0.013,0.17,-318,-318,-318
1780193341.471228,0.0,0.0,0.013,0.17,-318,-318,-318
1780193341.4956958,0.0,0.0,0.013,0.17,-318,-318,-318
1780193341.5179362,0.0,0.0,0.013,0.17,-318,-318,-318
1780193341.54078,0.0,0.0,0.013,0.17,-318,-318,-318
1780193341.5649521,0.0,0.0,0.013,0.17,-318,-318,-318
1780193341.587192,0.0,0.0,0.013,0.17,-318,-318,-318
1780193341.6117702,0.0,0.0,0.013,0.17,-318,-318,-318
1780193341.63411,0.0,0.0,0.013,0.17,-318,-318,-318
1780193341.656808,0.0,0.0,0.013,0.17,-318,-318,-318
1780193341.680963,0.0,0.0,0.013,0.17,-318,-318,-318
1780193341.7032828,0.0,0.0,0.013,0.17,-318,-318,-318
1780193341.72603,0.0,0.0,0.013,0.17,-318,-318,-318
1780193341.7484648,0.0,0.0,0.013,0.17,-318,-318,-318
1780193341.770675,0.0,0.0,0.013,0.17,-318,-318,-318
1780193341.793091,0.0,0.0,0.013,0.17,-318,-318,-318
1780193341.80512,0.0,0.0,0.013,0.17,-318,-318,-318
1780193341.82992,0.0,0.0,0.013,0.17,-318,-318,-318
1780193341.8522859,0.0,0.0,0.013,0.17,-318,-318,-318
1780193341.874998,0.0,0.0,0.013,0.17,-318,-318,-318
1780193341.899262,0.0,0.0,0.013,0.17,-318,-318,-318
1780193341.922155,0.0,0.0,0.013,0.17,-318,-318,-318
1780193341.946306,0.0,0.0,0.013,0.17,-318,-318,-318
1780193341.968522,0.0,0.0,0.013,0.17,-318,-318,-318
1780193341.99134,0.0,0.0,0.013,0.17,-318,-318,-318
1780193342.015579,0.0,0.0,0.013,0.17,-318,-318,-318
1780193342.038191,0.0,0.0,0.013,0.17,-318,-318,-318
1780193342.0629382,0.0,0.0,0.013,0.17,-318,-318,-318
1780193342.085406,0.0,0.0,0.013,0.17,-318,-318,-318
1780193342.1081889,0.0,0.0,0.013,0.17,-318,-318,-318
1780193342.1323469,0.0,0.0,0.013,0.17,-318,-318,-318
1780193342.1546571,0.0,0.0,0.013,0.17,-318,-318,-318
1780193342.179677,0.0,0.0,0.013,0.17,-318,-318,-318
1780193342.2026958,0.0,0.0,0.013,0.17,-318,-318,-318
1780193342.225805,0.0,0.0,0.013,0.17,-318,-318,-318
1780193342.237914,0.0,0.0,0.013,0.17,-318,-318,-318
1780193342.2626739,0.0,0.0,0.013,0.17,-318,-318,-318
1780193342.2850099,0.0,0.0,0.013,0.17,-318,-318,-318
1780193342.3076952,0.0,0.0,0.013,0.17,-318,-318,-318
1780193342.33202,0.0,0.0,0.013,0.17,-318,-318,-318
1780193342.3544362,0.0,0.0,0.013,0.17,-318,-318,-318
1780193342.3789499,0.0,0.0,0.013,0.17,-318,-318,-318
1780193342.4013,0.0,0.0,0.013,0.17,-318,-318,-318
1780193342.424208,0.0,0.0,0.013,0.17,-318,-318,-318
1780193342.4483032,0.0,0.0,0.013,0.17,-318,-318,-318
1780193342.47062,0.0,0.0,0.013,0.17,-318,-318,-318
1780193342.495239,0.0,0.0,0.013,0.17,-318,-318,-318
1780193342.517632,0.0,0.0,0.013,0.17,-318,-318,-318
1780193342.5403578,0.0,0.0,0.013,0.17,-318,-318,-318
1780193342.564631,0.0,0.0,0.013,0.17,-318,-318,-318
1780193342.58702,0.0,0.0,0.013,0.17,-318,-318,-318
1780193342.611669,0.0,0.0,0.013,0.17,-318,-318,-318
1780193342.633933,0.0,0.0,0.013,0.17,-318,-318,-318
1780193342.656729,0.0,0.0,0.013,0.17,-318,-318,-318
1780193342.680835,0.0,0.0,0.013,0.17,-318,-318,-318
1780193342.703222,0.0,0.0,0.013,0.17,-318,-318,-318
1780193342.728564,0.0,0.0,0.013,0.17,-318,-318,-318
1780193342.751056,0.0,0.0,0.013,0.17,-318,-318,-318
1780193342.774019,0.0,0.0,0.013,0.17,-318,-318,-318
1780193342.798342,0.0,0.0,0.013,0.17,-318,-318,-318
1780193342.820767,0.0,0.0,0.013,0.17,-318,-318,-318
1780193342.8435462,0.0,0.0,0.013,0.17,-318,-318,-318
1780193342.8676832,0.0,0.0,0.013,0.17,-318,-318,-318
1780193342.8904939,0.0,0.0,0.013,0.17,-318,-318,-318
1780193342.9144802,0.0,0.0,0.013,0.17,-318,-318,-318
1780193342.9367738,0.0,0.0,0.013,0.17,-318,-318,-318
1780193342.959532,0.0,0.0,0.013,0.17,-318,-318,-318
1780193342.971505,0.0,0.0,0.013,0.17,-318,-318,-318
1780193342.99615,0.0,0.0,0.013,0.17,-318,-318,-318
1780193343.018409,0.0,0.0,0.013,0.17,-318,-318,-318
1780193343.0409222,0.0,0.0,0.013,0.17,-318,-318,-318
1780193343.065224,0.0,0.0,0.013,0.17,-318,-318,-318
1780193343.087669,0.0,0.0,0.013,0.17,-318,-318,-318
1780193343.112232,0.0,0.0,0.013,0.17,-318,-318,-318
1780193343.134614,0.0,0.0,0.013,0.17,-318,-318,-318
1780193343.157653,0.0,0.0,0.013,0.17,-318,-318,-318
1780193343.181993,0.0,0.0,0.013,0.17,-318,-318,-318
1780193343.204442,0.0,0.0,0.013,0.17,-318,-318,-318
1780193343.229183,0.0,0.0,0.013,0.17,-318,-318,-318
1780193343.251508,0.0,0.0,0.013,0.17,-318,-318,-318
1780193343.274202,0.0,0.0,0.013,0.17,-318,-318,-318
1780193343.298294,0.0,0.0,0.013,0.17,-318,-318,-318
1780193343.320579,0.0,0.0,0.013,0.17,-318,-318,-318
1780193343.345119,0.0,0.0,0.013,0.17,-318,-318,-318
1780193343.367357,0.0,0.0,0.013,0.17,-318,-318,-318
1780193343.390284,0.0,0.0,0.013,0.17,-318,-318,-318
1780193343.414337,0.0,0.0,0.013,0.17,-318,-318,-318
1780193343.436666,0.0,0.0,0.013,0.17,-318,-318,-318
1780193343.4594188,0.0,0.0,0.013,0.17,-318,-318,-318
1780193343.471637,0.0,0.0,0.013,0.17,-318,-318,-318
1780193343.4961212,0.0,0.0,0.013,0.17,-318,-318,-318
1780193343.51845,0.0,0.0,0.013,0.17,-318,-318,-318
1780193343.541152,0.0,0.0,0.013,0.17,-318,-318,-318
1780193343.565217,0.0,0.0,0.013,0.17,-318,-318,-318
1780193343.587539,0.0,0.0,0.013,0.17,-318,-318,-318
1780193343.611948,0.0,0.0,0.013,0.17,-318,-318,-318
1780193343.6341708,0.0,0.0,0.013,0.17,-318,-318,-318
1780193343.6570282,0.0,0.0,0.013,0.17,-318,-318,-318
1780193343.681016,0.0,0.0,0.013,0.17,-318,-318,-318
1780193343.70334,0.0,0.0,0.013,0.17,-318,-318,-318
1780193343.7261078,0.0,0.0,0.013,0.17,-318,-318,-318
1780193343.7380748,0.0,0.0,0.013,0.17,-318,-318,-318
1780193343.762513,0.0,0.0,0.013,0.17,-318,-318,-318
1780193343.784828,0.0,0.0,0.013,0.17,-318,-318,-318
1780193343.807461,0.0,0.0,0.013,0.17,-318,-318,-318
1780193343.8317492,0.0,0.0,0.013,0.17,-318,-318,-318
1780193343.854065,0.0,0.0,0.013,0.17,-318,-318,-318
1780193343.8770828,0.0,0.0,0.013,0.17,-318,-318,-318
1780193343.901435,0.0,0.0,0.013,0.17,-318,-318,-318
1780193343.924394,0.0,0.0,0.013,0.17,-318,-318,-318
1780193343.948558,0.0,0.0,0.013,0.17,-318,-318,-318
1780193343.970807,0.0,0.0,0.013,0.17,-318,-318,-318
1780193343.9954162,0.0,0.0,0.013,0.17,-318,-318,-318
1780193344.017921,0.0,0.0,0.013,0.17,-318,-318,-318
1780193344.040968,0.0,0.0,0.013,0.17,-318,-318,-318
1780193344.065353,0.0,0.0,0.013,0.17,-318,-318,-318
1780193344.087735,0.0,0.0,0.013,0.17,-318,-318,-318
1780193344.112523,0.0,0.0,0.013,0.17,-318,-318,-318
1780193344.134912,0.0,0.0,0.013,0.17,-318,-318,-318
1780193344.157762,0.0,0.0,0.013,0.17,-318,-318,-318
1780193344.181906,0.0,0.0,0.013,0.17,-318,-318,-318
1780193344.204154,0.0,0.0,0.013,0.17,-318,-318,-318
1780193344.228777,0.0,0.0,0.013,0.17,-318,-318,-318
1780193344.2512782,0.0,0.0,0.013,0.17,-318,-318,-318
1780193344.274195,0.0,0.0,0.013,0.17,-318,-318,-318
1780193344.298497,0.0,0.0,0.013,0.17,-318,-318,-318
1780193344.320933,0.0,0.0,0.013,0.17,-318,-318,-318
1780193344.345537,0.0,0.0,0.013,0.17,-318,-318,-318
1780193344.3679302,0.0,0.0,0.013,0.17,-318,-318,-318
1780193344.390992,0.0,0.0,0.013,0.17,-318,-318,-318
1780193344.415143,0.0,0.0,0.013,0.17,-318,-318,-318
1780193344.437485,0.0,0.0,0.013,0.17,-318,-318,-318
1780193344.462024,0.0,0.0,0.013,0.17,-318,-318,-318
1780193344.4843771,0.0,0.0,0.013,0.17,-318,-318,-318
1780193344.507042,0.0,0.0,0.013,0.17,-318,-318,-318
1780193344.531295,0.0,0.0,0.013,0.17,-318,-318,-318
1780193344.553658,0.0,0.0,0.013,0.17,-318,-318,-318
1780193344.578321,0.0,0.0,0.013,0.17,-318,-318,-318
1780193344.600718,0.0,0.0,0.013,0.17,-318,-318,-318
1780193344.6237152,0.0,0.0,0.013,0.17,-318,-318,-318
1780193344.647928,0.0,0.0,0.013,0.17,-318,-318,-318
1780193344.670217,0.0,0.0,0.013,0.17,-318,-318,-318
1780193344.693008,0.0,0.0,0.013,0.17,-318,-318,-318
1780193344.705051,0.0,0.0,0.013,0.17,-318,-318,-318
1780193344.729653,0.0,0.0,0.013,0.17,-318,-318,-318
1780193344.7518919,0.0,0.0,0.013,0.17,-318,-318,-318
1780193344.774614,0.0,0.0,0.013,0.17,-318,-318,-318
1780193344.7988842,0.0,0.0,0.013,0.17,-318,-318,-318
1780193344.821161,0.0,0.0,0.013,0.17,-318,-318,-318
1780193344.8457448,0.0,0.0,0.013,0.17,-318,-318,-318
1780193344.868011,0.0,0.0,0.013,0.17,-318,-318,-318
1780193344.8908422,0.0,0.0,0.013,0.17,-318,-318,-318
1780193344.915029,0.0,0.0,0.013,0.17,-318,-318,-318
1780193344.937384,0.0,0.0,0.013,0.17,-318,-318,-318
1780193344.9619951,0.0,0.0,0.013,0.17,-318,-318,-318
1780193344.9853399,0.0,0.0,0.013,0.17,-318,-318,-318
1780193345.008885,0.0,0.0,0.013,0.17,-318,-318,-318
1780193345.0322182,0.0,0.0,0.013,0.17,-318,-318,-318
1780193345.055275,0.0,0.0,0.013,0.17,-318,-318,-318
1780193345.0798552,0.0,0.0,0.013,0.17,-318,-318,-318
1780193345.102141,0.0,0.0,0.013,0.17,-318,-318,-318
1780193345.1250188,0.0,0.0,0.013,0.17,-318,-318,-318
1780193345.137086,0.0,0.0,0.013,0.17,-318,-318,-318
1780193345.1617038,0.0,0.0,0.013,0.17,-318,-318,-318
1780193345.1841202,0.0,0.0,0.013,0.17,-318,-318,-318
1780193345.207262,0.0,0.0,0.013,0.17,-318,-318,-318
1780193345.231622,0.0,0.0,0.013,0.17,-318,-318,-318
1780193345.2540102,0.0,0.0,0.013,0.17,-318,-318,-318
1780193345.2785,0.0,0.0,0.013,0.17,-318,-318,-318
1780193345.300759,0.0,0.0,0.013,0.17,-318,-318,-318
1780193345.323659,0.0,0.0,0.013,0.17,-318,-318,-318
1780193345.347787,0.0,0.0,0.013,0.17,-318,-318,-318
1780193345.37009,0.0,0.0,0.013,0.17,-318,-318,-318
1780193345.394874,0.0,0.0,0.013,0.17,-318,-318,-318
1780193345.417174,0.0,0.0,0.013,0.17,-318,-318,-318
1780193345.429573,0.0,0.0,0.013,0.17,-318,-318,-318
1780193345.4518578,0.0,0.0,0.013,0.17,-318,-318,-318
1780193345.474487,0.0,0.0,0.013,0.17,-318,-318,-318
1780193345.498634,0.0,0.0,0.013,0.17,-318,-318,-318
1780193345.5209699,0.0,0.0,0.013,0.17,-318,-318,-318
1780193345.54565,0.0,0.0,0.013,0.17,-318,-318,-318
1780193345.5679119,0.0,0.0,0.013,0.17,-318,-318,-318
1780193345.590768,0.0,0.0,0.013,0.17,-318,-318,-318
1780193345.614881,0.0,0.0,0.013,0.17,-318,-318,-318
1780193345.6371331,0.0,0.0,0.013,0.17,-318,-318,-318
1780193345.661767,0.0,0.0,0.013,0.17,-318,-318,-318
1780193345.684153,0.0,0.0,0.013,0.17,-318,-318,-318
1780193345.706845,0.0,0.0,0.013,0.17,-318,-318,-318
1780193345.730966,0.0,0.0,0.013,0.17,-318,-318,-318
1780193345.7534862,0.0,0.0,0.013,0.17,-318,-318,-318
1780193345.77613,0.0,0.0,0.013,0.17,-318,-318,-318
1780193345.798763,0.0,0.0,0.013,0.17,-318,-318,-318
1780193345.821122,0.0,0.0,0.013,0.17,-318,-318,-318
1780193345.845385,0.0,0.0,0.013,0.17,-318,-318,-318
1780193345.867699,0.0,0.0,0.013,0.17,-318,-318,-318
1780193345.890553,0.0,0.0,0.013,0.17,-318,-318,-318
1780193345.914717,0.0,0.0,0.013,0.17,-318,-318,-318
1780193345.937054,0.0,0.0,0.013,0.17,-318,-318,-318
1780193345.94959,0.0,0.0,0.013,0.17,-318,-318,-318
1780193345.9724412,0.0,0.0,0.013,0.17,-318,-318,-318
1780193345.996706,0.0,0.0,0.013,0.17,-318,-318,-318
1780193346.0190551,0.0,0.0,0.013,0.17,-318,-318,-318
1780193346.0419788,0.0,0.0,0.013,0.17,-318,-318,-318
1780193346.054129,0.0,0.0,0.013,0.17,-318,-318,-318
1780193346.079065,0.0,0.0,0.013,0.17,-318,-318,-318
1780193346.101826,0.0,0.0,0.013,0.17,-318,-318,-318
1780193346.125201,0.0,0.0,0.013,0.17,-318,-318,-318
1780193346.1374369,0.0,0.0,0.013,0.17,-318,-318,-318
1780193346.162355,0.0,0.0,0.013,0.17,-318,-318,-318
1780193346.185178,0.0,0.0,0.013,0.17,-318,-318,-318
1780193346.208383,0.0,0.0,0.013,0.17,-318,-318,-318
1780193346.220758,0.0,0.0,0.013,0.17,-318,-318,-318
1780193346.245782,0.0,0.0,0.013,0.17,-318,-318,-318
1780193346.268084,0.0,0.0,0.013,0.17,-318,-318,-318
1780193346.2909791,0.0,0.0,0.013,0.17,-318,-318,-318
1780193346.3151848,0.0,0.0,0.013,0.17,-318,-318,-318
1780193346.337537,0.0,0.0,0.013,0.17,-318,-318,-318
1780193346.362302,0.0,0.0,0.013,0.17,-318,-318,-318
1780193346.384634,0.0,0.0,0.013,0.17,-318,-318,-318
1780193346.407448,0.0,0.0,0.013,0.17,-318,-318,-318
1780193346.4317062,0.0,0.0,0.013,0.17,-318,-318,-318
1780193346.4540522,0.0,0.0,0.013,0.17,-318,-318,-318
1780193346.466516,0.0,0.0,0.013,0.17,-318,-318,-318
1780193346.489325,0.0,0.0,0.013,0.17,-318,-318,-318
1780193346.513439,0.0,0.0,0.013,0.17,-318,-318,-318
1780193346.5356631,0.0,0.0,0.013,0.17,-318,-318,-318
1780193346.558489,0.0,0.0,0.013,0.17,-318,-318,-318
1780193346.570464,0.0,0.0,0.013,0.17,-318,-318,-318
1780193346.59505,0.0,0.0,0.013,0.17,-318,-318,-318
1780193346.617355,0.0,0.0,0.013,0.17,-318,-318,-318
1780193346.640051,0.0,0.0,0.013,0.17,-318,-318,-318
1780193346.664264,0.0,0.0,0.013,0.17,-318,-318,-318
1780193346.686583,0.0,0.0,0.013,0.17,-318,-318,-318
1780193346.709301,0.0,0.0,0.013,0.17,-318,-318,-318
1780193346.721368,0.0,0.0,0.013,0.17,-318,-318,-318
1780193346.7457888,0.0,0.0,0.013,0.17,-318,-318,-318
1780193346.768009,0.0,0.0,0.013,0.17,-318,-318,-318
1780193346.791266,0.0,0.0,0.013,0.17,-318,-318,-318
1780193346.8159292,0.0,0.0,0.013,0.17,-318,-318,-318
1780193346.839158,0.0,0.0,0.013,0.17,-318,-318,-318
1780193346.863617,0.0,0.0,0.013,0.17,-318,-318,-318
1780193346.8858109,0.0,0.0,0.013,0.17,-318,-318,-318
1780193346.9084952,0.0,0.0,0.013,0.17,-318,-318,-318
1780193346.920557,0.0,0.0,0.013,0.17,-318,-318,-318
1780193346.9449642,0.0,0.0,0.013,0.17,-318,-318,-318
1780193346.967207,0.0,0.0,0.013,0.17,-318,-318,-318
1780193346.9799302,0.0,0.0,0.013,0.17,-318,-318,-318
1780193347.002718,0.0,0.0,0.013,0.17,-318,-318,-318
1780193347.026023,0.0,0.0,0.013,0.17,-318,-318,-318
1780193347.0382102,0.0,0.0,0.013,0.17,-318,-318,-318
1780193347.063176,0.0,0.0,0.013,0.17,-318,-318,-318
1780193347.085525,0.0,0.0,0.013,0.17,-318,-318,-318
1780193347.108196,0.0,0.0,0.013,0.17,-318,-318,-318
1780193347.1202219,0.0,0.0,0.013,0.17,-318,-318,-318
1780193347.144711,0.0,0.0,0.013,0.17,-318,-318,-318
1780193347.166882,0.0,0.0,0.013,0.17,-318,-318,-318
1780193347.189656,0.0,0.0,0.013,0.17,-318,-318,-318
1780193347.2137349,0.0,0.0,0.013,0.17,-318,-318,-318
1780193347.236429,0.0,0.0,0.013,0.17,-318,-318,-318
1780193347.2592058,0.0,0.0,0.013,0.17,-318,-318,-318
1780193347.271229,0.0,0.0,0.013,0.17,-318,-318,-318
1780193347.2957282,0.0,0.0,0.013,0.17,-318,-318,-318
1780193347.317934,0.0,0.0,0.013,0.17,-318,-318,-318
1780193347.340678,0.0,0.0,0.013,0.17,-318,-318,-318
1780193347.364804,0.0,0.0,0.013,0.17,-318,-318,-318
1780193347.3870862,0.0,0.0,0.013,0.17,-318,-318,-318
1780193347.411679,0.0,0.0,0.013,0.17,-318,-318,-318
1780193347.434191,0.0,0.0,0.013,0.17,-318,-318,-318
1780193347.45733,0.0,0.0,0.013,0.17,-318,-318,-318
1780193347.481427,0.0,0.0,0.013,0.17,-318,-318,-318
1780193347.492077,0.0,0.0,0.013,0.17,-318,-318,-318
1780193347.516075,0.0,0.0,0.013,0.17,-318,-318,-318
1780193347.538917,0.0,0.0,0.013,0.17,-318,-318,-318
1780193347.562976,0.0,0.0,0.013,0.17,-318,-318,-318
1780193347.585304,0.0,0.0,0.013,0.17,-318,-318,-318
1780193347.608089,0.0,0.0,0.013,0.17,-318,-318,-318
1780193347.632254,0.0,0.0,0.013,0.17,-318,-318,-318
1780193347.655245,0.0,0.0,0.013,0.17,-318,-318,-318
1780193347.6794088,0.0,0.0,0.013,0.17,-318,-318,-318
1780193347.701708,0.0,0.0,0.013,0.17,-318,-318,-318
1780193347.7245529,0.0,0.0,0.013,0.17,-318,-318,-318
1780193347.7487118,0.0,0.0,0.013,0.17,-318,-318,-318
1780193347.770991,0.0,0.0,0.013,0.17,-318,-318,-318
1780193347.795582,0.0,0.0,0.013,0.17,-318,-318,-318
1780193347.817936,0.0,0.0,0.013,0.17,-318,-318,-318
1780193347.840618,0.0,0.0,0.013,0.17,-318,-318,-318
1780193347.8647869,0.0,0.0,0.013,0.17,-318,-318,-318
1780193347.8871932,0.0,0.0,0.013,0.17,-318,-318,-318
1780193347.91171,0.0,0.0,0.013,0.17,-318,-318,-318
1780193347.934031,0.0,0.0,0.013,0.17,-318,-318,-318
1780193347.956949,0.0,0.0,0.013,0.17,-318,-318,-318
1780193347.981141,0.0,0.0,0.013,0.17,-318,-318,-318
1780193348.0034711,0.0,0.0,0.013,0.17,-318,-318,-318
1780193348.026557,0.0,0.0,0.013,0.17,-318,-318,-318
1780193348.0509398,0.0,0.0,0.013,0.17,-318,-318,-318
1780193348.07371,0.0,0.0,0.013,0.17,-318,-318,-318
1780193348.0978181,0.0,0.0,0.013,0.17,-318,-318,-318
1780193348.12009,0.0,0.0,0.013,0.17,-318,-318,-318
1780193348.144744,0.0,0.0,0.013,0.17,-318,-318,-318
1780193348.1669388,0.0,0.0,0.013,0.17,-318,-318,-318
1780193348.189613,0.0,0.0,0.013,0.17,-318,-318,-318
1780193348.21378,0.0,0.0,0.013,0.17,-318,-318,-318
1780193348.2360609,0.0,0.0,0.013,0.17,-318,-318,-318
1780193348.258902,0.0,0.0,0.013,0.17,-318,-318,-318
1780193348.270953,0.0,0.0,0.013,0.17,-318,-318,-318
1780193348.295594,0.0,0.0,0.013,0.17,-318,-318,-318
1780193348.317943,0.0,0.0,0.013,0.17,-318,-318,-318
1780193348.340657,0.0,0.0,0.013,0.17,-318,-318,-318
1780193348.3647208,0.0,0.0,0.013,0.17,-318,-318,-318
1780193348.387087,0.0,0.0,0.013,0.17,-318,-318,-318
1780193348.4116962,0.0,0.0,0.013,0.17,-318,-318,-318
1780193348.433912,0.0,0.0,0.013,0.17,-318,-318,-318
1780193348.45682,0.0,0.0,0.013,0.17,-318,-318,-318
1780193348.480923,0.0,0.0,0.013,0.17,-318,-318,-318
1780193348.503171,0.0,0.0,0.013,0.17,-318,-318,-318
1780193348.5260181,0.0,0.0,0.013,0.17,-318,-318,-318
1780193348.538018,0.0,0.0,0.013,0.17,-318,-318,-318
1780193348.563025,0.0,0.0,0.013,0.17,-318,-318,-318
1780193348.585886,0.0,0.0,0.013,0.17,-318,-318,-318
1780193348.609162,0.0,0.0,0.013,0.17,-318,-318,-318
1780193348.621456,0.0,0.0,0.013,0.17,-318,-318,-318
1780193348.6464262,0.0,0.0,0.013,0.17,-318,-318,-318
1780193348.6691399,0.0,0.0,0.013,0.17,-318,-318,-318
1780193348.692459,0.0,0.0,0.013,0.17,-318,-318,-318
1780193348.704705,0.0,0.0,0.013,0.17,-318,-318,-318
1780193348.729546,0.0,0.0,0.013,0.17,-318,-318,-318
1780193348.752321,0.0,0.0,0.013,0.17,-318,-318,-318
1780193348.7753751,0.0,0.0,0.013,0.17,-318,-318,-318
1780193348.787437,0.0,0.0,0.013,0.17,-318,-318,-318
1780193348.812008,0.0,0.0,0.013,0.17,-318,-318,-318
1780193348.834234,0.0,0.0,0.013,0.17,-318,-318,-318
1780193348.857088,0.0,0.0,0.013,0.17,-318,-318,-318
1780193348.881135,0.0,0.0,0.013,0.17,-318,-318,-318
1780193348.903435,0.0,0.0,0.013,0.17,-318,-318,-318
1780193348.928426,0.0,0.0,0.013,0.17,-318,-318,-318
1780193348.9507022,0.0,0.0,0.013,0.17,-318,-318,-318
1780193348.973286,0.0,0.0,0.013,0.17,-318,-318,-318
1780193348.997667,0.0,0.0,0.013,0.17,-318,-318,-318
1780193349.020023,0.0,0.0,0.013,0.17,-318,-318,-318
1780193349.044621,0.0,0.0,0.013,0.17,-318,-318,-318
1780193349.066772,0.0,0.0,0.013,0.17,-318,-318,-318
1780193349.089613,0.0,0.0,0.013,0.17,-318,-318,-318
1780193349.11373,0.0,0.0,0.013,0.17,-318,-318,-318
1780193349.136503,0.0,0.0,0.013,0.17,-318,-318,-318
1780193349.16154,0.0,0.0,0.013,0.17,-318,-318,-318
1780193349.184242,0.0,0.0,0.013,0.17,-318,-318,-318
1780193349.20722,0.0,0.0,0.013,0.17,-318,-318,-318
1780193349.231471,0.0,0.0,0.013,0.17,-318,-318,-318
1780193349.253778,0.0,0.0,0.013,0.17,-318,-318,-318
1780193349.278225,0.0,0.0,0.013,0.17,-318,-318,-318
1780193349.3006022,0.0,0.0,0.013,0.17,-318,-318,-318
1780193349.3234198,0.0,0.0,0.013,0.17,-318,-318,-318
1780193349.3475058,0.0,0.0,0.013,0.17,-318,-318,-318
1780193349.36983,0.0,0.0,0.013,0.17,-318,-318,-318
1780193349.392632,0.0,0.0,0.013,0.17,-318,-318,-318
1780193349.4046369,0.0,0.0,0.013,0.17,-318,-318,-318
1780193349.429279,0.0,0.0,0.013,0.17,-318,-318,-318
1780193349.4515781,0.0,0.0,0.013,0.17,-318,-318,-318
1780193349.4742348,0.0,0.0,0.013,0.17,-318,-318,-318
1780193349.498368,0.0,0.0,0.013,0.17,-318,-318,-318
1780193349.520638,0.0,0.0,0.013,0.17,-318,-318,-318
1780193349.545336,0.0,0.0,0.013,0.17,-318,-318,-318
1780193349.5675871,0.0,0.0,0.013,0.17,-318,-318,-318
1780193349.590353,0.0,0.0,0.013,0.17,-318,-318,-318
1780193349.6143732,0.0,0.0,0.013,0.17,-318,-318,-318
1780193349.6365702,0.0,0.0,0.013,0.17,-318,-318,-318
1780193349.661149,0.0,0.0,0.013,0.17,-318,-318,-318
1780193349.683403,0.0,0.0,0.013,0.17,-318,-318,-318
1780193349.706066,0.0,0.0,0.013,0.17,-318,-318,-318
1780193349.730123,0.0,0.0,0.013,0.17,-318,-318,-318
1780193349.752414,0.0,0.0,0.013,0.17,-318,-318,-318
1780193349.775145,0.0,0.0,0.013,0.17,-318,-318,-318
1780193349.787242,0.0,0.0,0.013,0.17,-318,-318,-318
1780193349.811792,0.0,0.0,0.013,0.17,-318,-318,-318
1780193349.8340302,0.0,0.0,0.013,0.17,-318,-318,-318
1780193349.856822,0.0,0.0,0.013,0.17,-318,-318,-318
1780193349.88096,0.0,0.0,0.013,0.17,-318,-318,-318
1780193349.9032362,0.0,0.0,0.013,0.17,-318,-318,-318
1780193349.927831,0.0,0.0,0.013,0.17,-318,-318,-318
1780193349.9501371,0.0,0.0,0.013,0.17,-318,-318,-318
1780193349.972838,0.0,0.0,0.013,0.17,-318,-318,-318
1780193349.99695,0.0,0.0,0.013,0.17,-318,-318,-318
1780193350.0193658,0.0,0.0,0.013,0.17,-318,-318,-318
1780193350.042316,0.0,0.0,0.013,0.17,-318,-318,-318
1780193350.0543501,0.0,0.0,0.013,0.17,-318,-318,-318
1780193350.079236,0.0,0.0,0.013,0.17,-318,-318,-318
1780193350.102009,0.0,0.0,0.013,0.17,-318,-318,-318
1780193350.125124,0.0,0.0,0.013,0.17,-318,-318,-318
1780193350.1373692,0.0,0.0,0.013,0.17,-318,-318,-318
1780193350.16238,0.0,0.0,0.013,0.17,-318,-318,-318
1780193350.1851242,0.0,0.0,0.013,0.17,-318,-318,-318
1780193350.208152,0.0,0.0,0.013,0.17,-318,-318,-318
1780193350.220469,0.0,0.0,0.013,0.17,-318,-318,-318
1780193350.245397,0.0,0.0,0.013,0.17,-318,-318,-318
1780193350.268148,0.0,0.0,0.013,0.17,-318,-318,-318
1780193350.291339,0.0,0.0,0.013,0.17,-318,-318,-318
1780193350.3033721,0.0,0.0,0.013,0.17,-318,-318,-318
1780193350.328046,0.0,0.0,0.013,0.17,-318,-318,-318
1780193350.3503208,0.0,0.0,0.013,0.17,-318,-318,-318
1780193350.3729448,0.0,0.0,0.013,0.17,-318,-318,-318
1780193350.397043,0.0,0.0,0.013,0.17,-318,-318,-318
1780193350.4193778,0.0,0.0,0.013,0.17,-318,-318,-318
1780193350.442085,0.0,0.0,0.013,0.17,-318,-318,-318
1780193350.45408,0.0,0.0,0.013,0.17,-318,-318,-318
1780193350.478539,0.0,0.0,0.013,0.17,-318,-318,-318
1780193350.5006678,0.0,0.0,0.013,0.17,-318,-318,-318
1780193350.523456,0.0,0.0,0.013,0.17,-318,-318,-318
1780193350.547476,0.0,0.0,0.013,0.17,-318,-318,-318
1780193350.569717,0.0,0.0,0.013,0.17,-318,-318,-318
1780193350.5925272,0.0,0.0,0.013,0.17,-318,-318,-318
1780193350.614889,0.0,0.0,0.013,0.17,-318,-318,-318
1780193350.637198,0.0,0.0,0.013,0.17,-318,-318,-318
1780193350.661262,0.0,0.0,0.013,0.17,-318,-318,-318
1780193350.683562,0.0,0.0,0.013,0.17,-318,-318,-318
1780193350.706329,0.0,0.0,0.013,0.17,-318,-318,-318
1780193350.730431,0.0,0.0,0.013,0.17,-318,-318,-318
1780193350.752954,0.0,0.0,0.013,0.17,-318,-318,-318
1780193350.775815,0.0,0.0,0.013,0.17,-318,-318,-318
1780193350.787851,0.0,0.0,0.013,0.17,-318,-318,-318
1780193350.812403,0.0,0.0,0.013,0.17,-318,-318,-318
1780193350.834713,0.0,0.0,0.013,0.17,-318,-318,-318
1780193350.857342,0.0,0.0,0.013,0.17,-318,-318,-318
1780193350.881509,0.0,0.0,0.013,0.17,-318,-318,-318
1780193350.903744,0.0,0.0,0.013,0.17,-318,-318,-318
1780193350.9283369,0.0,0.0,0.013,0.17,-318,-318,-318
1780193350.950617,0.0,0.0,0.013,0.17,-318,-318,-318
1780193350.973401,0.0,0.0,0.013,0.17,-318,-318,-318
1780193350.997516,0.0,0.0,0.013,0.17,-318,-318,-318
1780193351.019764,0.0,0.0,0.013,0.17,-318,-318,-318
1780193351.0443552,0.0,0.0,0.013,0.17,-318,-318,-318
1780193351.066695,0.0,0.0,0.013,0.17,-318,-318,-318
1780193351.089806,0.0,0.0,0.013,0.17,-318,-318,-318
1780193351.1145222,0.0,0.0,0.013,0.17,-318,-318,-318
1780193351.125213,0.0,0.0,0.013,0.17,-318,-318,-318
1780193351.149392,0.0,0.0,0.013,0.17,-318,-318,-318
1780193351.172361,0.0,0.0,0.013,0.17,-318,-318,-318
1780193351.196501,0.0,0.0,0.013,0.17,-318,-318,-318
1780193351.218905,0.0,0.0,0.013,0.17,-318,-318,-318
1780193351.241725,0.0,0.0,0.013,0.17,-318,-318,-318
1780193351.253791,0.0,0.0,0.013,0.17,-318,-318,-318
1780193351.2784488,0.0,0.0,0.013,0.17,-318,-318,-318
1780193351.30075,0.0,0.0,0.013,0.17,-318,-318,-318
1780193351.323483,0.0,0.0,0.013,0.17,-318,-318,-318
1780193351.347661,0.0,0.0,0.013,0.17,-318,-318,-318
1780193351.369995,0.0,0.0,0.013,0.17,-318,-318,-318
1780193351.3945851,0.0,0.0,0.013,0.17,-318,-318,-318
1780193351.416947,0.0,0.0,0.013,0.17,-318,-318,-318
1780193351.439766,0.0,0.0,0.013,0.17,-318,-318,-318
1780193351.463767,0.0,0.0,0.013,0.17,-318,-318,-318
1780193351.486069,0.0,0.0,0.013,0.17,-318,-318,-318
1780193351.508822,0.0,0.0,0.013,0.17,-318,-318,-318
1780193351.520797,0.0,0.0,0.013,0.17,-318,-318,-318
1780193351.545134,0.0,0.0,0.013,0.17,-318,-318,-318
1780193351.567322,0.0,0.0,0.013,0.17,-318,-318,-318
1780193351.590006,0.0,0.0,0.013,0.17,-318,-318,-318
1780193351.6140952,0.0,0.0,0.013,0.17,-318,-318,-318
1780193351.636405,0.0,0.0,0.013,0.17,-318,-318,-318
1780193351.659192,0.0,0.0,0.013,0.17,-318,-318,-318
1780193351.683296,0.0,0.0,0.013,0.17,-318,-318,-318
1780193351.706065,0.0,0.0,0.013,0.17,-318,-318,-318
1780193351.73009,0.0,0.0,0.013,0.17,-318,-318,-318
1780193351.752355,0.0,0.0,0.013,0.17,-318,-318,-318
1780193351.775295,0.0,0.0,0.013,0.17,-318,-318,-318
1780193351.787287,0.0,0.0,0.013,0.17,-318,-318,-318
1780193351.81192,0.0,0.0,0.013,0.17,-318,-318,-318
1780193351.834225,0.0,0.0,0.013,0.17,-318,-318,-318
1780193351.857474,0.0,0.0,0.013,0.17,-318,-318,-318
1780193351.8823612,0.0,0.0,0.013,0.17,-318,-318,-318
1780193351.905754,0.0,0.0,0.013,0.17,-318,-318,-318
1780193351.9304562,0.0,0.0,0.013,0.17,-318,-318,-318
1780193351.953215,0.0,0.0,0.013,0.17,-318,-318,-318
1780193351.978018,0.0,0.0,0.013,0.17,-318,-318,-318
1780193352.000288,0.0,0.0,0.013,0.17,-318,-318,-318
1780193352.023354,0.0,0.0,0.013,0.17,-318,-318,-318
1780193352.0475268,0.0,0.0,0.013,0.17,-318,-318,-318
1780193352.0700648,0.0,0.0,0.013,0.17,-318,-318,-318
1780193352.094684,0.0,0.0,0.013,0.17,-318,-318,-318
1780193352.116823,0.0,0.0,0.013,0.17,-318,-318,-318
1780193352.139662,0.0,0.0,0.013,0.17,-318,-318,-318
1780193352.1639428,0.0,0.0,0.013,0.17,-318,-318,-318
1780193352.174548,0.0,0.0,0.013,0.17,-318,-318,-318
1780193352.198857,0.0,0.0,0.013,0.17,-318,-318,-318
1780193352.2223449,0.0,0.0,0.013,0.17,-318,-318,-318
1780193352.246958,0.0,0.0,0.013,0.17,-318,-318,-318
1780193352.269857,0.0,0.0,0.013,0.17,-318,-318,-318
1780193352.295305,0.0,0.0,0.013,0.17,-318,-318,-318
1780193352.318131,0.0,0.0,0.013,0.17,-318,-318,-318
1780193352.3416698,0.0,0.0,0.013,0.17,-318,-318,-318
1780193352.3539681,0.0,0.0,0.013,0.17,-318,-318,-318
1780193352.37922,0.0,0.0,0.013,0.17,-318,-318,-318
1780193352.401619,0.0,0.0,0.013,0.17,-318,-318,-318
1780193352.424363,0.0,0.0,0.013,0.17,-318,-318,-318
1780193352.4485528,0.0,0.0,0.013,0.17,-318,-318,-318
1780193352.4714382,0.0,0.0,0.013,0.17,-318,-318,-318
1780193352.495766,0.0,0.0,0.013,0.17,-318,-318,-318
1780193352.5184278,0.0,0.0,0.013,0.17,-318,-318,-318
1780193352.541217,0.0,0.0,0.013,0.17,-318,-318,-318
1780193352.553328,0.0,0.0,0.013,0.17,-318,-318,-318
1780193352.578051,0.0,0.0,0.013,0.17,-318,-318,-318
1780193352.600597,0.0,0.0,0.013,0.17,-318,-318,-318
1780193352.623326,0.0,0.0,0.013,0.17,-318,-318,-318
1780193352.647402,0.0,0.0,0.013,0.17,-318,-318,-318
1780193352.6696541,0.0,0.0,0.013,0.17,-318,-318,-318
1780193352.692485,0.0,0.0,0.013,0.17,-318,-318,-318
1780193352.715029,0.0,0.0,0.013,0.17,-318,-318,-318
1780193352.737364,0.0,0.0,0.013,0.17,-318,-318,-318
1780193352.761503,0.0,0.0,0.013,0.17,-318,-318,-318
1780193352.784371,0.0,0.0,0.013,0.17,-318,-318,-318
1780193352.807382,0.0,0.0,0.013,0.17,-318,-318,-318
1780193352.831616,0.0,0.0,0.013,0.17,-318,-318,-318
1780193352.853898,0.0,0.0,0.013,0.17,-318,-318,-318
1780193352.8785348,0.0,0.0,0.013,0.17,-318,-318,-318
1780193352.900774,0.0,0.0,0.013,0.17,-318,-318,-318
1780193352.9236648,0.0,0.0,0.013,0.17,-318,-318,-318
1780193352.94809,0.0,0.0,0.013,0.17,-318,-318,-318
1780193352.970894,0.0,0.0,0.013,0.17,-318,-318,-318
1780193352.996036,0.0,0.0,0.013,0.17,-318,-318,-318
1780193353.018913,0.0,0.0,0.013,0.17,-318,-318,-318
1780193353.041779,0.0,0.0,0.013,0.17,-318,-318,-318
1780193353.05384,0.0,0.0,0.013,0.17,-318,-318,-318
1780193353.078683,0.0,0.0,0.013,0.17,-318,-318,-318
1780193353.1014779,0.0,0.0,0.013,0.17,-318,-318,-318
1780193353.1245959,0.0,0.0,0.013,0.17,-318,-318,-318
1780193353.1369238,0.0,0.0,0.013,0.17,-318,-318,-318
1780193353.1620102,0.0,0.0,0.013,0.17,-318,-318,-318
1780193353.184768,0.0,0.0,0.013,0.17,-318,-318,-318
1780193353.207933,0.0,0.0,0.013,0.17,-318,-318,-318
1780193353.230786,0.0,0.0,0.013,0.17,-318,-318,-318
1780193353.253074,0.0,0.0,0.013,0.17,-318,-318,-318
1780193353.275497,0.0,0.0,0.013,0.17,-318,-318,-318
1780193353.287455,0.0,0.0,0.013,0.17,-318,-318,-318
1780193353.312033,0.0,0.0,0.013,0.17,-318,-318,-318
1780193353.334412,0.0,0.0,0.013,0.17,-318,-318,-318
1780193353.357149,0.0,0.0,0.013,0.17,-318,-318,-318
1780193353.3814359,0.0,0.0,0.013,0.17,-318,-318,-318
1780193353.403923,0.0,0.0,0.013,0.17,-318,-318,-318
1780193353.428551,0.0,0.0,0.013,0.17,-318,-318,-318
1780193353.450869,0.0,0.0,0.013,0.17,-318,-318,-318
1780193353.473803,0.0,0.0,0.013,0.17,-318,-318,-318
1780193353.498076,0.0,0.0,0.013,0.17,-318,-318,-318
1780193353.5203788,0.0,0.0,0.013,0.17,-318,-318,-318
1780193353.5453088,0.0,0.0,0.013,0.17,-318,-318,-318
1780193353.567872,0.0,0.0,0.013,0.17,-318,-318,-318
1780193353.590901,0.0,0.0,0.013,0.17,-318,-318,-318
1780193353.615349,0.0,0.0,0.013,0.17,-318,-318,-318
1780193353.638384,0.0,0.0,0.013,0.17,-318,-318,-318
1780193353.662823,0.0,0.0,0.013,0.17,-318,-318,-318
1780193353.6851451,0.0,0.0,0.013,0.17,-318,-318,-318
1780193353.708121,0.0,0.0,0.013,0.17,-318,-318,-318
1780193353.720223,0.0,0.0,0.013,0.17,-318,-318,-318
1780193353.7452412,0.0,0.0,0.013,0.17,-318,-318,-318
1780193353.7676868,0.0,0.0,0.013,0.17,-318,-318,-318
1780193353.7909179,0.0,0.0,0.013,0.17,-318,-318,-318
1780193353.817332,0.0,0.0,0.013,0.17,-318,-318,-318
1780193353.846653,0.0,0.0,0.013,0.17,-318,-318,-318
1780193353.871697,0.0,0.0,0.013,0.17,-318,-318,-318
1780193353.899116,0.0,0.0,0.013,0.17,-318,-318,-318
1780193353.922739,0.0,0.0,0.013,0.17,-318,-318,-318
1780193353.9475572,0.0,0.0,0.013,0.17,-318,-318,-318
1780193353.9705012,0.0,0.0,0.013,0.17,-318,-318,-318
1780193353.9957151,0.0,0.0,0.013,0.17,-318,-318,-318
1780193354.018829,0.0,0.0,0.013,0.17,-318,-318,-318
1780193354.0448818,0.0,0.0,0.013,0.17,-318,-318,-318
1780193354.067988,0.0,0.0,0.013,0.17,-318,-318,-318
1780193354.091087,0.0,0.0,0.013,0.17,-318,-318,-318
1780193354.113642,0.0,0.0,0.013,0.17,-318,-318,-318
1780193354.1359959,0.0,0.0,0.013,0.17,-318,-318,-318
1780193354.158547,0.0,0.0,0.013,0.17,-318,-318,-318
1780193354.17061,0.0,0.0,0.013,0.17,-318,-318,-318
1780193354.195554,0.0,0.0,0.013,0.17,-318,-318,-318
1780193354.2180212,0.0,0.0,0.013,0.17,-318,-318,-318
1780193354.240778,0.0,0.0,0.013,0.17,-318,-318,-318
1780193354.265565,0.0,0.0,0.013,0.17,-318,-318,-318
1780193354.289095,0.0,0.0,0.013,0.17,-318,-318,-318
1780193354.3137972,0.0,0.0,0.013,0.17,-318,-318,-318
1780193354.336561,0.0,0.0,0.013,0.17,-318,-318,-318
1780193354.361675,0.0,0.0,0.013,0.17,-318,-318,-318
1780193354.3845031,0.0,0.0,0.013,0.17,-318,-318,-318
1780193354.407653,0.0,0.0,0.013,0.17,-318,-318,-318
1780193354.432192,0.0,0.0,0.013,0.17,-318,-318,-318
1780193354.455497,0.0,0.0,0.013,0.17,-318,-318,-318
1780193354.47982,0.0,0.0,0.013,0.17,-318,-318,-318
1780193354.502133,0.0,0.0,0.013,0.17,-318,-318,-318
1780193354.525537,0.0,0.0,0.013,0.17,-318,-318,-318
1780193354.537598,0.0,0.0,0.013,0.17,-318,-318,-318
1780193354.5622358,0.0,0.0,0.013,0.17,-318,-318,-318
1780193354.584619,0.0,0.0,0.013,0.17,-318,-318,-318
1780193354.6073139,0.0,0.0,0.013,0.17,-318,-318,-318
1780193354.631538,0.0,0.0,0.013,0.17,-318,-318,-318
1780193354.6539881,0.0,0.0,0.013,0.17,-318,-318,-318
1780193354.679029,0.0,0.0,0.013,0.17,-318,-318,-318
1780193354.7015512,0.0,0.0,0.013,0.17,-318,-318,-318
1780193354.724531,0.0,0.0,0.013,0.17,-318,-318,-318
1780193354.736712,0.0,0.0,0.013,0.17,-318,-318,-318
1780193354.761486,0.0,0.0,0.013,0.17,-318,-318,-318
1780193354.783914,0.0,0.0,0.013,0.17,-318,-318,-318
1780193354.806754,0.0,0.0,0.013,0.17,-318,-318,-318
1780193354.8311539,0.0,0.0,0.013,0.17,-318,-318,-318
1780193354.853643,0.0,0.0,0.013,0.17,-318,-318,-318
1780193354.8784661,0.0,0.0,0.013,0.17,-318,-318,-318
1780193354.900801,0.0,0.0,0.013,0.17,-318,-318,-318
1780193354.924036,0.0,0.0,0.013,0.17,-318,-318,-318
1780193354.948871,0.0,0.0,0.013,0.17,-318,-318,-318
1780193354.972236,0.0,0.0,0.013,0.17,-318,-318,-318
1780193354.996931,0.0,0.0,0.013,0.17,-318,-318,-318
1780193355.0197499,0.0,0.0,0.013,0.17,-318,-318,-318
1780193355.0444958,0.0,0.0,0.013,0.17,-318,-318,-318
1780193355.068267,0.0,0.0,0.013,0.17,-318,-318,-318
1780193355.094811,0.0,0.0,0.013,0.17,-318,-318,-318
1780193355.1201642,0.0,0.0,0.013,0.17,-318,-318,-318
1780193355.146541,0.0,0.0,0.013,0.17,-318,-318,-318
1780193355.1692889,0.0,0.0,0.013,0.17,-318,-318,-318
1780193355.195322,0.0,0.0,0.013,0.17,-318,-318,-318
1780193355.21841,0.0,0.0,0.013,0.17,-318,-318,-318
1780193355.241775,0.0,0.0,0.013,0.17,-318,-318,-318
1780193355.2541199,0.0,0.0,0.013,0.17,-318,-318,-318
1780193355.27917,0.0,0.0,0.013,0.17,-318,-318,-318
1780193355.3019829,0.0,0.0,0.013,0.17,-318,-318,-318
1780193355.32526,0.0,0.0,0.013,0.17,-318,-318,-318
1780193355.349591,0.0,0.0,0.013,0.17,-318,-318,-318
1780193355.37261,0.0,0.0,0.013,0.17,-318,-318,-318
1780193355.3971121,0.0,0.0,0.013,0.17,-318,-318,-318
1780193355.419631,0.0,0.0,0.013,0.17,-318,-318,-318
1780193355.444404,0.0,0.0,0.013,0.17,-318,-318,-318
1780193355.466766,0.0,0.0,0.013,0.17,-318,-318,-318
1780193355.4897752,0.0,0.0,0.013,0.17,-318,-318,-318
1780193355.514045,0.0,0.0,0.013,0.17,-318,-318,-318
1780193355.536434,0.0,0.0,0.013,0.17,-318,-318,-318
1780193355.561171,0.0,0.0,0.013,0.17,-318,-318,-318
1780193355.583524,0.0,0.0,0.013,0.17,-318,-318,-318
1780193355.6062841,0.0,0.0,0.013,0.17,-318,-318,-318
1780193355.630605,0.0,0.0,0.013,0.17,-318,-318,-318
1780193355.653534,0.0,0.0,0.013,0.17,-318,-318,-318
1780193355.678817,0.0,0.0,0.013,0.17,-318,-318,-318
1780193355.7014852,0.0,0.0,0.013,0.17,-318,-318,-318
1780193355.7247832,0.0,0.0,0.013,0.17,-318,-318,-318
1780193355.737086,0.0,0.0,0.013,0.17,-318,-318,-318
1780193355.761816,0.0,0.0,0.013,0.17,-318,-318,-318
1780193355.784202,0.0,0.0,0.013,0.17,-318,-318,-318
1780193355.8070168,0.0,0.0,0.013,0.17,-318,-318,-318
1780193355.8311858,0.0,0.0,0.013,0.17,-318,-318,-318
1780193355.8419158,0.0,0.0,0.013,0.17,-318,-318,-318
1780193355.866225,0.0,0.0,0.013,0.17,-318,-318,-318
1780193355.889146,0.0,0.0,0.013,0.17,-318,-318,-318
1780193355.913402,0.0,0.0,0.013,0.17,-318,-318,-318
1780193355.935828,0.0,0.0,0.013,0.17,-318,-318,-318
1780193355.958743,0.0,0.0,0.013,0.17,-318,-318,-318
1780193355.9707851,0.0,0.0,0.013,0.17,-318,-318,-318
1780193355.995587,0.0,0.0,0.013,0.17,-318,-318,-318
1780193356.018259,0.0,0.0,0.013,0.17,-318,-318,-318
1780193356.0412889,0.0,0.0,0.013,0.17,-318,-318,-318
1780193356.053526,0.0,0.0,0.013,0.17,-318,-318,-318
1780193356.078308,0.0,0.0,0.013,0.17,-318,-318,-318
1780193356.101305,0.0,0.0,0.013,0.17,-318,-318,-318
1780193356.124541,0.0,0.0,0.013,0.17,-318,-318,-318
1780193356.136655,0.0,0.0,0.013,0.17,-318,-318,-318
1780193356.161404,0.0,0.0,0.013,0.17,-318,-318,-318
1780193356.183748,0.0,0.0,0.013,0.17,-318,-318,-318
1780193356.2065668,0.0,0.0,0.013,0.17,-318,-318,-318
1780193356.230784,0.0,0.0,0.013,0.17,-318,-318,-318
1780193356.253182,0.0,0.0,0.013,0.17,-318,-318,-318
1780193356.277897,0.0,0.0,0.013,0.17,-318,-318,-318
1780193356.300587,0.0,0.0,0.013,0.17,-318,-318,-318
1780193356.32352,0.0,0.0,0.013,0.17,-318,-318,-318
1780193356.347836,0.0,0.0,0.013,0.17,-318,-318,-318
1780193356.370249,0.0,0.0,0.013,0.17,-318,-318,-318
1780193356.382816,0.0,0.0,0.013,0.17,-318,-318,-318
1780193356.405536,0.0,0.0,0.013,0.17,-318,-318,-318
1780193356.4296849,0.0,0.0,0.013,0.17,-318,-318,-318
1780193356.451987,0.0,0.0,0.013,0.17,-318,-318,-318
1780193356.474808,0.0,0.0,0.013,0.17,-318,-318,-318
1780193356.486953,0.0,0.0,0.013,0.17,-318,-318,-318
1780193356.511613,0.0,0.0,0.013,0.17,-318,-318,-318
1780193356.533986,0.0,0.0,0.013,0.17,-318,-318,-318
1780193356.5569081,0.0,0.0,0.013,0.17,-318,-318,-318
1780193356.581213,0.0,0.0,0.013,0.17,-318,-318,-318
1780193356.603662,0.0,0.0,0.013,0.17,-318,-318,-318
1780193356.628414,0.0,0.0,0.013,0.17,-318,-318,-318
1780193356.65084,0.0,0.0,0.013,0.17,-318,-318,-318
1780193356.674025,0.0,0.0,0.013,0.17,-318,-318,-318
1780193356.6983318,0.0,0.0,0.013,0.17,-318,-318,-318
1780193356.7212899,0.0,0.0,0.013,0.17,-318,-318,-318
1780193356.745567,0.0,0.0,0.013,0.17,-318,-318,-318
1780193356.7679832,0.0,0.0,0.013,0.17,-318,-318,-318
1780193356.790915,0.0,0.0,0.013,0.17,-318,-318,-318
1780193356.815198,0.0,0.0,0.013,0.17,-318,-318,-318
1780193356.838099,0.0,0.0,0.013,0.17,-318,-318,-318
1780193356.8624482,0.0,0.0,0.013,0.17,-318,-318,-318
1780193356.884856,0.0,0.0,0.013,0.17,-318,-318,-318
1780193356.8973749,0.0,0.0,0.013,0.17,-318,-318,-318
1780193356.91975,0.0,0.0,0.013,0.17,-318,-318,-318
1780193356.944461,0.0,0.0,0.013,0.17,-318,-318,-318
1780193356.9669251,0.0,0.0,0.013,0.17,-318,-318,-318
1780193356.9898088,0.0,0.0,0.013,0.17,-318,-318,-318
1780193357.014267,0.0,0.0,0.013,0.17,-318,-318,-318
1780193357.0367029,0.0,0.0,0.013,0.17,-318,-318,-318
1780193357.061352,0.0,0.0,0.013,0.17,-318,-318,-318
1780193357.084416,0.0,0.0,0.013,0.17,-318,-318,-318
1780193357.107695,0.0,0.0,0.013,0.17,-318,-318,-318
1780193357.1200151,0.0,0.0,0.013,0.17,-318,-318,-318
1780193357.145122,0.0,0.0,0.013,0.17,-318,-318,-318
1780193357.1679308,0.0,0.0,0.013,0.17,-318,-318,-318
1780193357.191356,0.0,0.0,0.013,0.17,-318,-318,-318
1780193357.203678,0.0,0.0,0.013,0.17,-318,-318,-318
1780193357.2284951,0.0,0.0,0.013,0.17,-318,-318,-318
1780193357.250997,0.0,0.0,0.013,0.17,-318,-318,-318
1780193357.2737951,0.0,0.0,0.013,0.17,-318,-318,-318
1780193357.2980192,0.0,0.0,0.013,0.17,-318,-318,-318
1780193357.3211782,0.0,0.0,0.013,0.17,-318,-318,-318
1780193357.3454778,0.0,0.0,0.013,0.17,-318,-318,-318
1780193357.367845,0.0,0.0,0.013,0.17,-318,-318,-318
1780193357.390805,0.0,0.0,0.013,0.17,-318,-318,-318
1780193357.4150882,0.0,0.0,0.013,0.17,-318,-318,-318
1780193357.438108,0.0,0.0,0.013,0.17,-318,-318,-318
1780193357.462302,0.0,0.0,0.013,0.17,-318,-318,-318
1780193357.4847639,0.0,0.0,0.013,0.17,-318,-318,-318
1780193357.507622,0.0,0.0,0.013,0.17,-318,-318,-318
1780193357.519722,0.0,0.0,0.013,0.17,-318,-318,-318
1780193357.5442932,0.0,0.0,0.013,0.17,-318,-318,-318
1780193357.5666099,0.0,0.0,0.013,0.17,-318,-318,-318
1780193357.589526,0.0,0.0,0.013,0.17,-318,-318,-318
1780193357.613649,0.0,0.0,0.013,0.17,-318,-318,-318
1780193357.6360042,0.0,0.0,0.013,0.17,-318,-318,-318
1780193357.6606138,0.0,0.0,0.013,0.17,-318,-318,-318
1780193357.6830568,0.0,0.0,0.013,0.17,-318,-318,-318
1780193357.7058089,0.0,0.0,0.013,0.17,-318,-318,-318
1780193357.730006,0.0,0.0,0.013,0.17,-318,-318,-318
1780193357.7524,0.0,0.0,0.013,0.17,-318,-318,-318
1780193357.77516,0.0,0.0,0.013,0.17,-318,-318,-318
1780193357.787269,0.0,0.0,0.013,0.17,-318,-318,-318
1780193357.811868,0.0,0.0,0.013,0.17,-318,-318,-318
1780193357.834199,0.0,0.0,0.013,0.17,-318,-318,-318
1780193357.857127,0.0,0.0,0.013,0.17,-318,-318,-318
1780193357.881335,0.0,0.0,0.013,0.17,-318,-318,-318
1780193357.903657,0.0,0.0,0.013,0.17,-318,-318,-318
1780193357.92669,0.0,0.0,0.013,0.17,-318,-318,-318
1780193357.950923,0.0,0.0,0.013,0.17,-318,-318,-318
1780193357.97369,0.0,0.0,0.013,0.17,-318,-318,-318
1780193357.998044,0.0,0.0,0.013,0.17,-318,-318,-318
1780193358.0204,0.0,0.0,0.013,0.17,-318,-318,-318
1780193358.045336,0.0,0.0,0.013,0.17,-318,-318,-318
1780193358.068065,0.0,0.0,0.013,0.17,-318,-318,-318
1780193358.0910878,0.0,0.0,0.013,0.17,-318,-318,-318
1780193358.103178,0.0,0.0,0.013,0.17,-318,-318,-318
1780193358.1282508,0.0,0.0,0.013,0.17,-318,-318,-318
1780193358.151084,0.0,0.0,0.013,0.17,-318,-318,-318
1780193358.1742852,0.0,0.0,0.013,0.17,-318,-318,-318
1780193358.18659,0.0,0.0,0.013,0.17,-318,-318,-318
1780193358.2116659,0.0,0.0,0.013,0.17,-318,-318,-318
1780193358.2343931,0.0,0.0,0.013,0.17,-318,-318,-318
1780193358.257698,0.0,0.0,0.013,0.17,-318,-318,-318
1780193358.269991,0.0,0.0,0.013,0.17,-318,-318,-318
1780193358.294768,0.0,0.0,0.013,0.17,-318,-318,-318
1780193358.317224,0.0,0.0,0.013,0.17,-318,-318,-318
1780193358.3400462,0.0,0.0,0.013,0.17,-318,-318,-318
1780193358.364652,0.0,0.0,0.013,0.17,-318,-318,-318
1780193358.386941,0.0,0.0,0.013,0.17,-318,-318,-318
1780193358.411508,0.0,0.0,0.013,0.17,-318,-318,-318
1780193358.43386,0.0,0.0,0.013,0.17,-318,-318,-318
1780193358.4568582,0.0,0.0,0.013,0.17,-318,-318,-318
1780193358.481108,0.0,0.0,0.013,0.17,-318,-318,-318
1780193358.5034509,0.0,0.0,0.013,0.17,-318,-318,-318
1780193358.528161,0.0,0.0,0.013,0.17,-318,-318,-318
1780193358.550529,0.0,0.0,0.013,0.17,-318,-318,-318
1780193358.573317,0.0,0.0,0.013,0.17,-318,-318,-318
1780193358.5975082,0.0,0.0,0.013,0.17,-318,-318,-318
1780193358.619901,0.0,0.0,0.013,0.17,-318,-318,-318
1780193358.644405,0.0,0.0,0.013,0.17,-318,-318,-318
1780193358.666699,0.0,0.0,0.013,0.17,-318,-318,-318
1780193358.689601,0.0,0.0,0.013,0.17,-318,-318,-318
1780193358.71374,0.0,0.0,0.013,0.17,-318,-318,-318
1780193358.736087,0.0,0.0,0.013,0.17,-318,-318,-318
1780193358.760811,0.0,0.0,0.013,0.17,-318,-318,-318
1780193358.7831109,0.0,0.0,0.013,0.17,-318,-318,-318
1780193358.80585,0.0,0.0,0.013,0.17,-318,-318,-318
1780193358.829963,0.0,0.0,0.013,0.17,-318,-318,-318
1780193358.852319,0.0,0.0,0.013,0.17,-318,-318,-318
1780193358.875041,0.0,0.0,0.013,0.17,-318,-318,-318
1780193358.887135,0.0,0.0,0.013,0.17,-318,-318,-318
1780193358.911756,0.0,0.0,0.013,0.17,-318,-318,-318
1780193358.9340742,0.0,0.0,0.013,0.17,-318,-318,-318
1780193358.9569018,0.0,0.0,0.013,0.17,-318,-318,-318
1780193358.981049,0.0,0.0,0.013,0.17,-318,-318,-318
1780193359.003374,0.0,0.0,0.013,0.17,-318,-318,-318
1780193359.028039,0.0,0.0,0.013,0.17,-318,-318,-318
1780193359.0503879,0.0,0.0,0.013,0.17,-318,-318,-318
1780193359.0734541,0.0,0.0,0.013,0.17,-318,-318,-318
1780193359.098177,0.0,0.0,0.013,0.17,-318,-318,-318
1780193359.121394,0.0,0.0,0.013,0.17,-318,-318,-318
1780193359.1455228,0.0,0.0,0.013,0.17,-318,-318,-318
1780193359.1678238,0.0,0.0,0.013,0.17,-318,-318,-318
1780193359.190787,0.0,0.0,0.013,0.17,-318,-318,-318
1780193359.202882,0.0,0.0,0.013,0.17,-318,-318,-318
1780193359.2274811,0.0,0.0,0.013,0.17,-318,-318,-318
1780193359.2499352,0.0,0.0,0.013,0.17,-318,-318,-318
1780193359.272701,0.0,0.0,0.013,0.17,-318,-318,-318
1780193359.296926,0.0,0.0,0.013,0.17,-318,-318,-318
1780193359.319329,0.0,0.0,0.013,0.17,-318,-318,-318
1780193359.34394,0.0,0.0,0.013,0.17,-318,-318,-318
1780193359.366208,0.0,0.0,0.013,0.17,-318,-318,-318
1780193359.388962,0.0,0.0,0.013,0.17,-318,-318,-318
1780193359.4129322,0.0,0.0,0.013,0.17,-318,-318,-318
1780193359.435178,0.0,0.0,0.013,0.17,-318,-318,-318
1780193359.4580119,0.0,0.0,0.013,0.17,-318,-318,-318
1780193359.48036,0.0,0.0,0.013,0.17,-318,-318,-318
1780193359.5026839,0.0,0.0,0.013,0.17,-318,-318,-318
1780193359.524868,0.0,0.0,0.013,0.17,-318,-318,-318
1780193359.536919,0.0,0.0,0.013,0.17,-318,-318,-318
1780193359.5613408,0.0,0.0,0.013,0.17,-318,-318,-318
1780193359.583562,0.0,0.0,0.013,0.17,-318,-318,-318
1780193359.6063302,0.0,0.0,0.013,0.17,-318,-318,-318
1780193359.6303842,0.0,0.0,0.013,0.17,-318,-318,-318
1780193359.652606,0.0,0.0,0.013,0.17,-318,-318,-318
1780193359.6775198,0.0,0.0,0.013,0.17,-318,-318,-318
1780193359.700356,0.0,0.0,0.013,0.17,-318,-318,-318
1780193359.723454,0.0,0.0,0.013,0.17,-318,-318,-318
1780193359.7479942,0.0,0.0,0.013,0.17,-318,-318,-318
1780193359.7712069,0.0,0.0,0.013,0.17,-318,-318,-318
1780193359.795388,0.0,0.0,0.013,0.17,-318,-318,-318
1780193359.8177001,0.0,0.0,0.013,0.17,-318,-318,-318
1780193359.840511,0.0,0.0,0.013,0.17,-318,-318,-318
1780193359.864639,0.0,0.0,0.013,0.17,-318,-318,-318
1780193359.886959,0.0,0.0,0.013,0.17,-318,-318,-318
1780193359.911499,0.0,0.0,0.013,0.17,-318,-318,-318
1780193359.933816,0.0,0.0,0.013,0.17,-318,-318,-318
1780193359.9564748,0.0,0.0,0.013,0.17,-318,-318,-318
1780193359.980574,0.0,0.0,0.013,0.17,-318,-318,-318
1780193359.991287,0.0,0.0,0.013,0.17,-318,-318,-318
1780193360.015446,0.0,0.0,0.013,0.17,-318,-318,-318
1780193360.0384262,0.0,0.0,0.013,0.17,-318,-318,-318
1780193360.06254,0.0,0.0,0.013,0.17,-318,-318,-318
1780193360.085441,0.0,0.0,0.013,0.17,-318,-318,-318
1780193360.1107368,0.0,0.0,0.013,0.17,-318,-318,-318
1780193360.133651,0.0,0.0,0.013,0.17,-318,-318,-318
1780193360.1568089,0.0,0.0,0.013,0.17,-318,-318,-318
1780193360.181505,0.0,0.0,0.013,0.17,-318,-318,-318
1780193360.204533,0.0,0.0,0.013,0.17,-318,-318,-318
1780193360.22865,0.0,0.0,0.013,0.17,-318,-318,-318
1780193360.2509649,0.0,0.0,0.013,0.17,-318,-318,-318
1780193360.273911,0.0,0.0,0.013,0.17,-318,-318,-318
1780193360.298323,0.0,0.0,0.013,0.17,-318,-318,-318
1780193360.320951,0.0,0.0,0.013,0.17,-318,-318,-318
1780193360.345291,0.0,0.0,0.013,0.17,-318,-318,-318
1780193360.36768,0.0,0.0,0.013,0.17,-318,-318,-318
1780193360.3904798,0.0,0.0,0.013,0.17,-318,-318,-318
1780193360.414796,0.0,0.0,0.013,0.17,-318,-318,-318
1780193360.437762,0.0,0.0,0.013,0.17,-318,-318,-318
1780193360.461885,0.0,0.0,0.013,0.17,-318,-318,-318
1780193360.484156,0.0,0.0,0.013,0.17,-318,-318,-318
1780193360.507088,0.0,0.0,0.013,0.17,-318,-318,-318
1780193360.531371,0.0,0.0,0.013,0.17,-318,-318,-318
1780193360.5542872,0.0,0.0,0.013,0.17,-318,-318,-318
1780193360.578461,0.0,0.0,0.013,0.17,-318,-318,-318
1780193360.6008441,0.0,0.0,0.013,0.17,-318,-318,-318
1780193360.623564,0.0,0.0,0.013,0.17,-318,-318,-318
1780193360.6477911,0.0,0.0,0.013,0.17,-318,-318,-318
1780193360.670078,0.0,0.0,0.013,0.17,-318,-318,-318
1780193360.69475,0.0,0.0,0.013,0.17,-318,-318,-318
1780193360.717108,0.0,0.0,0.013,0.17,-318,-318,-318
1780193360.739959,0.0,0.0,0.013,0.17,-318,-318,-318
1780193360.764204,0.0,0.0,0.013,0.17,-318,-318,-318
1780193360.786508,0.0,0.0,0.013,0.17,-318,-318,-318
1780193360.811001,0.0,0.0,0.013,0.17,-318,-318,-318
1780193360.833297,0.0,0.0,0.013,0.17,-318,-318,-318
1780193360.855965,0.0,0.0,0.013,0.17,-318,-318,-318
1780193360.880086,0.0,0.0,0.013,0.17,-318,-318,-318
1780193360.9024692,0.0,0.0,0.013,0.17,-318,-318,-318
1780193360.925142,0.0,0.0,0.013,0.17,-318,-318,-318
1780193360.937245,0.0,0.0,0.013,0.17,-318,-318,-318
1780193360.961736,0.0,0.0,0.013,0.17,-318,-318,-318
1780193360.983969,0.0,0.0,0.013,0.17,-318,-318,-318
1780193361.0067132,0.0,0.0,0.013,0.17,-318,-318,-318
1780193361.030889,0.0,0.0,0.013,0.17,-318,-318,-318
1780193361.041586,0.0,0.0,0.013,0.17,-318,-318,-318
1780193361.0656378,0.0,0.0,0.013,0.17,-318,-318,-318
1780193361.088976,0.0,0.0,0.013,0.17,-318,-318,-318
1780193361.113683,0.0,0.0,0.013,0.17,-318,-318,-318
1780193361.1364942,0.0,0.0,0.013,0.17,-318,-318,-318
1780193361.161622,0.0,0.0,0.013,0.17,-318,-318,-318
1780193361.184355,0.0,0.0,0.013,0.17,-318,-318,-318
1780193361.2075992,0.0,0.0,0.013,0.17,-318,-318,-318
1780193361.2199008,0.0,0.0,0.013,0.17,-318,-318,-318
1780193361.2447019,0.0,0.0,0.013,0.17,-318,-318,-318
1780193361.267041,0.0,0.0,0.013,0.17,-318,-318,-318
1780193361.289679,0.0,0.0,0.013,0.17,-318,-318,-318
1780193361.31378,0.0,0.0,0.013,0.17,-318,-318,-318
1780193361.336075,0.0,0.0,0.013,0.17,-318,-318,-318
1780193361.360577,0.0,0.0,0.013,0.17,-318,-318,-318
1780193361.382762,0.0,0.0,0.013,0.17,-318,-318,-318
1780193361.40559,0.0,0.0,0.013,0.17,-318,-318,-318
1780193361.4295669,0.0,0.0,0.013,0.17,-318,-318,-318
1780193361.451841,0.0,0.0,0.013,0.17,-318,-318,-318
1780193361.474661,0.0,0.0,0.013,0.17,-318,-318,-318
1780193361.486687,0.0,0.0,0.013,0.17,-318,-318,-318
1780193361.511308,0.0,0.0,0.013,0.17,-318,-318,-318
1780193361.53355,0.0,0.0,0.013,0.17,-318,-318,-318
1780193361.55619,0.0,0.0,0.013,0.17,-318,-318,-318
1780193361.580191,0.0,0.0,0.013,0.17,-318,-318,-318
1780193361.602441,0.0,0.0,0.013,0.17,-318,-318,-318
1780193361.625181,0.0,0.0,0.013,0.17,-318,-318,-318
1780193361.647555,0.0,0.0,0.013,0.17,-318,-318,-318
1780193361.669719,0.0,0.0,0.013,0.17,-318,-318,-318
1780193361.693884,0.0,0.0,0.013,0.17,-318,-318,-318
1780193361.716162,0.0,0.0,0.013,0.17,-318,-318,-318
1780193361.738765,0.0,0.0,0.013,0.17,-318,-318,-318
1780193361.762827,0.0,0.0,0.013,0.17,-318,-318,-318
1780193361.7850912,0.0,0.0,0.013,0.17,-318,-318,-318
1780193361.8077471,0.0,0.0,0.013,0.17,-318,-318,-318
1780193361.8201401,0.0,0.0,0.013,0.17,-318,-318,-318
1780193361.844703,0.0,0.0,0.013,0.17,-318,-318,-318
1780193361.8669262,0.0,0.0,0.013,0.17,-318,-318,-318
1780193361.8897321,0.0,0.0,0.013,0.17,-318,-318,-318
1780193361.913963,0.0,0.0,0.013,0.17,-318,-318,-318
1780193361.936508,0.0,0.0,0.013,0.17,-318,-318,-318
1780193361.961214,0.0,0.0,0.013,0.17,-318,-318,-318
1780193361.983525,0.0,0.0,0.013,0.17,-318,-318,-318
1780193362.0063202,0.0,0.0,0.013,0.17,-318,-318,-318
1780193362.03052,0.0,0.0,0.013,0.17,-318,-318,-318
1780193362.052832,0.0,0.0,0.013,0.17,-318,-318,-318
1780193362.0778399,0.0,0.0,0.013,0.17,-318,-318,-318
1780193362.100621,0.0,0.0,0.013,0.17,-318,-318,-318
1780193362.123929,0.0,0.0,0.013,0.17,-318,-318,-318
1780193362.136245,0.0,0.0,0.013,0.17,-318,-318,-318
1780193362.16131,0.0,0.0,0.013,0.17,-318,-318,-318
1780193362.1840792,0.0,0.0,0.013,0.17,-318,-318,-318
1780193362.2071931,0.0,0.0,0.013,0.17,-318,-318,-318
1780193362.21958,0.0,0.0,0.013,0.17,-318,-318,-318
1780193362.2446148,0.0,0.0,0.013,0.17,-318,-318,-318
1780193362.267461,0.0,0.0,0.013,0.17,-318,-318,-318
1780193362.290693,0.0,0.0,0.013,0.17,-318,-318,-318
1780193362.302769,0.0,0.0,0.013,0.17,-318,-318,-318
1780193362.327373,0.0,0.0,0.013,0.17,-318,-318,-318
1780193362.34971,0.0,0.0,0.013,0.17,-318,-318,-318
1780193362.372452,0.0,0.0,0.013,0.17,-318,-318,-318
1780193362.396629,0.0,0.0,0.013,0.17,-318,-318,-318
1780193362.419022,0.0,0.0,0.013,0.17,-318,-318,-318
1780193362.443674,0.0,0.0,0.013,0.17,-318,-318,-318
1780193362.465982,0.0,0.0,0.013,0.17,-318,-318,-318
1780193362.488836,0.0,0.0,0.013,0.17,-318,-318,-318
1780193362.5134091,0.0,0.0,0.013,0.17,-318,-318,-318
1780193362.5357928,0.0,0.0,0.013,0.17,-318,-318,-318
1780193362.560413,0.0,0.0,0.013,0.17,-318,-318,-318
1780193362.582614,0.0,0.0,0.013,0.17,-318,-318,-318
1780193362.605391,0.0,0.0,0.013,0.17,-318,-318,-318
1780193362.6295931,0.0,0.0,0.013,0.17,-318,-318,-318
1780193362.651955,0.0,0.0,0.013,0.17,-318,-318,-318
1780193362.674622,0.0,0.0,0.013,0.17,-318,-318,-318
1780193362.686684,0.0,0.0,0.013,0.17,-318,-318,-318
1780193362.7113369,0.0,0.0,0.013,0.17,-318,-318,-318
1780193362.733558,0.0,0.0,0.013,0.17,-318,-318,-318
1780193362.756377,0.0,0.0,0.013,0.17,-318,-318,-318
1780193362.780512,0.0,0.0,0.013,0.17,-318,-318,-318
1780193362.802826,0.0,0.0,0.013,0.17,-318,-318,-318
1780193362.8274539,0.0,0.0,0.013,0.17,-318,-318,-318
1780193362.850313,0.0,0.0,0.013,0.17,-318,-318,-318
1780193362.873605,0.0,0.0,0.013,0.17,-318,-318,-318
1780193362.8982599,0.0,0.0,0.013,0.17,-318,-318,-318
1780193362.921412,0.0,0.0,0.013,0.17,-318,-318,-318
1780193362.945488,0.0,0.0,0.013,0.17,-318,-318,-318
1780193362.967787,0.0,0.0,0.013,0.17,-318,-318,-318
1780193362.990645,0.0,0.0,0.013,0.17,-318,-318,-318
1780193363.0026948,0.0,0.0,0.013,0.17,-318,-318,-318
1780193363.0273018,0.0,0.0,0.013,0.17,-318,-318,-318
1780193363.0495539,0.0,0.0,0.013,0.17,-318,-318,-318
1780193363.072476,0.0,0.0,0.013,0.17,-318,-318,-318
1780193363.096821,0.0,0.0,0.013,0.17,-318,-318,-318
1780193363.107748,0.0,0.0,0.013,0.17,-318,-318,-318
1780193363.1322792,0.0,0.0,0.013,0.17,-318,-318,-318
1780193363.1552691,0.0,0.0,0.013,0.17,-318,-318,-318
1780193363.179293,0.0,0.0,0.013,0.17,-318,-318,-318
1780193363.2015061,0.0,0.0,0.013,0.17,-318,-318,-318
1780193363.224324,0.0,0.0,0.013,0.17,-318,-318,-318
1780193363.23633,0.0,0.0,0.013,0.17,-318,-318,-318
1780193363.261154,0.0,0.0,0.013,0.17,-318,-318,-318
1780193363.283932,0.0,0.0,0.013,0.17,-318,-318,-318
1780193363.307081,0.0,0.0,0.013,0.17,-318,-318,-318
1780193363.331606,0.0,0.0,0.013,0.17,-318,-318,-318
1780193363.354781,0.0,0.0,0.013,0.17,-318,-318,-318
1780193363.37888,0.0,0.0,0.013,0.17,-318,-318,-318
1780193363.401103,0.0,0.0,0.013,0.17,-318,-318,-318
1780193363.423914,0.0,0.0,0.013,0.17,-318,-318,-318
1780193363.435894,0.0,0.0,0.013,0.17,-318,-318,-318
1780193363.46047,0.0,0.0,0.013,0.17,-318,-318,-318
1780193363.482799,0.0,0.0,0.013,0.17,-318,-318,-318
1780193363.5054321,0.0,0.0,0.013,0.17,-318,-318,-318
1780193363.5295029,0.0,0.0,0.013,0.17,-318,-318,-318
1780193363.551796,0.0,0.0,0.013,0.17,-318,-318,-318
1780193363.5747929,0.0,0.0,0.013,0.17,-318,-318,-318
1780193363.586833,0.0,0.0,0.013,0.17,-318,-318,-318
1780193363.611317,0.0,0.0,0.013,0.17,-318,-318,-318
1780193363.6336472,0.0,0.0,0.013,0.17,-318,-318,-318
1780193363.646158,0.0,0.0,0.013,0.17,-318,-318,-318
1780193363.66847,0.0,0.0,0.013,0.17,-318,-318,-318
1780193363.6913018,0.0,0.0,0.013,0.17,-318,-318,-318
1780193363.703346,0.0,0.0,0.013,0.17,-318,-318,-318
1780193363.7278872,0.0,0.0,0.013,0.17,-318,-318,-318
1780193363.750209,0.0,0.0,0.013,0.17,-318,-318,-318
1780193363.772877,0.0,0.0,0.013,0.17,-318,-318,-318
1780193363.796967,0.0,0.0,0.013,0.17,-318,-318,-318
1780193363.819295,0.0,0.0,0.013,0.17,-318,-318,-318
1780193363.8438132,0.0,0.0,0.013,0.17,-318,-318,-318
1780193363.866046,0.0,0.0,0.013,0.17,-318,-318,-318
1780193363.8888571,0.0,0.0,0.013,0.17,-318,-318,-318
1780193363.913007,0.0,0.0,0.013,0.17,-318,-318,-318
1780193363.935284,0.0,0.0,0.013,0.17,-318,-318,-318
1780193363.958205,0.0,0.0,0.013,0.17,-318,-318,-318
1780193363.970237,0.0,0.0,0.013,0.17,-318,-318,-318
1780193363.995865,0.0,0.0,0.013,0.17,-318,-318,-318
1780193364.0184388,0.0,0.0,0.013,0.17,-318,-318,-318
1780193364.041356,0.0,0.0,0.013,0.17,-318,-318,-318
1780193364.053482,0.0,0.0,0.013,0.17,-318,-318,-318
1780193364.07835,0.0,0.0,0.013,0.17,-318,-318,-318
1780193364.100781,0.0,0.0,0.013,0.17,-318,-318,-318
1780193364.123714,0.0,0.0,0.013,0.17,-318,-318,-318
1780193364.148314,0.0,0.0,0.013,0.17,-318,-318,-318
1780193364.171322,0.0,0.0,0.013,0.17,-318,-318,-318
1780193364.195622,0.0,0.0,0.013,0.17,-318,-318,-318
1780193364.218281,0.0,0.0,0.013,0.17,-318,-318,-318
1780193364.2412648,0.0,0.0,0.013,0.17,-318,-318,-318
1780193364.2533572,0.0,0.0,0.013,0.17,-318,-318,-318
1780193364.278216,0.0,0.0,0.013,0.17,-318,-318,-318
1780193364.3007722,0.0,0.0,0.013,0.17,-318,-318,-318
1780193364.323935,0.0,0.0,0.013,0.17,-318,-318,-318
1780193364.335964,0.0,0.0,0.013,0.17,-318,-318,-318
1780193364.360679,0.0,0.0,0.013,0.17,-318,-318,-318
1780193364.383146,0.0,0.0,0.013,0.17,-318,-318,-318
1780193364.405848,0.0,0.0,0.013,0.17,-318,-318,-318
1780193364.430114,0.0,0.0,0.013,0.17,-318,-318,-318
1780193364.452606,0.0,0.0,0.013,0.17,-318,-318,-318
1780193364.4774652,0.0,0.0,0.013,0.17,-318,-318,-318
1780193364.499744,0.0,0.0,0.013,0.17,-318,-318,-318
1780193364.522639,0.0,0.0,0.013,0.17,-318,-318,-318
1780193364.5467362,0.0,0.0,0.013,0.17,-318,-318,-318
1780193364.569109,0.0,0.0,0.013,0.17,-318,-318,-318
1780193364.593608,0.0,0.0,0.013,0.17,-318,-318,-318
1780193364.615915,0.0,0.0,0.013,0.17,-318,-318,-318
1780193364.6389189,0.0,0.0,0.013,0.17,-318,-318,-318
1780193364.663305,0.0,0.0,0.013,0.17,-318,-318,-318
1780193364.674075,0.0,0.0,0.013,0.17,-318,-318,-318
1780193364.698369,0.0,0.0,0.013,0.17,-318,-318,-318
1780193364.721371,0.0,0.0,0.013,0.17,-318,-318,-318
1780193364.7455628,0.0,0.0,0.013,0.17,-318,-318,-318
1780193364.768003,0.0,0.0,0.013,0.17,-318,-318,-318
1780193364.7908669,0.0,0.0,0.013,0.17,-318,-318,-318
1780193364.8028932,0.0,0.0,0.013,0.17,-318,-318,-318
1780193364.8273852,0.0,0.0,0.013,0.17,-318,-318,-318
1780193364.849698,0.0,0.0,0.013,0.17,-318,-318,-318
1780193364.872364,0.0,0.0,0.013,0.17,-318,-318,-318
1780193364.896571,0.0,0.0,0.013,0.17,-318,-318,-318
1780193364.9189692,0.0,0.0,0.013,0.17,-318,-318,-318
1780193364.9435022,0.0,0.0,0.013,0.17,-318,-318,-318
1780193364.965718,0.0,0.0,0.013,0.17,-318,-318,-318
1780193364.9885252,0.0,0.0,0.013,0.17,-318,-318,-318
1780193365.012592,0.0,0.0,0.013,0.17,-318,-318,-318
1780193365.034988,0.0,0.0,0.013,0.17,-318,-318,-318
1780193365.057812,0.0,0.0,0.013,0.17,-318,-318,-318
1780193365.0698519,0.0,0.0,0.013,0.17,-318,-318,-318
1780193365.09451,0.0,0.0,0.013,0.17,-318,-318,-318
1780193365.116941,0.0,0.0,0.013,0.17,-318,-318,-318
1780193365.13974,0.0,0.0,0.013,0.17,-318,-318,-318
1780193365.1638799,0.0,0.0,0.013,0.17,-318,-318,-318
1780193365.186185,0.0,0.0,0.013,0.17,-318,-318,-318
1780193365.208919,0.0,0.0,0.013,0.17,-318,-318,-318
1780193365.233191,0.0,0.0,0.013,0.17,-318,-318,-318
1780193365.2560792,0.0,0.0,0.013,0.17,-318,-318,-318
1780193365.2801569,0.0,0.0,0.013,0.17,-318,-318,-318
1780193365.302455,0.0,0.0,0.013,0.17,-318,-318,-318
1780193365.327646,0.0,0.0,0.013,0.17,-318,-318,-318
1780193365.349983,0.0,0.0,0.013,0.17,-318,-318,-318
1780193365.372635,0.0,0.0,0.013,0.17,-318,-318,-318
1780193365.39699,0.0,0.0,0.013,0.17,-318,-318,-318
1780193365.419329,0.0,0.0,0.013,0.17,-318,-318,-318
1780193365.443894,0.0,0.0,0.013,0.17,-318,-318,-318
1780193365.4661,0.0,0.0,0.013,0.17,-318,-318,-318
1780193365.4889028,0.0,0.0,0.013,0.17,-318,-318,-318
1780193365.512897,0.0,0.0,0.013,0.17,-318,-318,-318
1780193365.535213,0.0,0.0,0.013,0.17,-318,-318,-318
1780193365.5580559,0.0,0.0,0.013,0.17,-318,-318,-318
1780193365.570102,0.0,0.0,0.013,0.17,-318,-318,-318
1780193365.5944881,0.0,0.0,0.013,0.17,-318,-318,-318
1780193365.616765,0.0,0.0,0.013,0.17,-318,-318,-318
1780193365.639358,0.0,0.0,0.013,0.17,-318,-318,-318
1780193365.663423,0.0,0.0,0.013,0.17,-318,-318,-318
1780193365.685781,0.0,0.0,0.013,0.17,-318,-318,-318
1780193365.710426,0.0,0.0,0.013,0.17,-318,-318,-318
1780193365.7327628,0.0,0.0,0.013,0.17,-318,-318,-318
1780193365.755741,0.0,0.0,0.013,0.17,-318,-318,-318
1780193365.780156,0.0,0.0,0.013,0.17,-318,-318,-318
1780193365.80236,0.0,0.0,0.013,0.17,-318,-318,-318
1780193365.827203,0.0,0.0,0.013,0.17,-318,-318,-318
1780193365.849547,0.0,0.0,0.013,0.17,-318,-318,-318
1780193365.8723588,0.0,0.0,0.013,0.17,-318,-318,-318
1780193365.89661,0.0,0.0,0.013,0.17,-318,-318,-318
1780193365.9189372,0.0,0.0,0.013,0.17,-318,-318,-318
1780193365.9435241,0.0,0.0,0.013,0.17,-318,-318,-318
1780193365.965847,0.0,0.0,0.013,0.17,-318,-318,-318
1780193365.988596,0.0,0.0,0.013,0.17,-318,-318,-318
1780193366.012772,0.0,0.0,0.013,0.17,-318,-318,-318
1780193366.035179,0.0,0.0,0.013,0.17,-318,-318,-318
1780193366.057987,0.0,0.0,0.013,0.17,-318,-318,-318
1780193366.0701902,0.0,0.0,0.013,0.17,-318,-318,-318
1780193366.09507,0.0,0.0,0.013,0.17,-318,-318,-318
1780193366.1175659,0.0,0.0,0.013,0.17,-318,-318,-318
1780193366.1404412,0.0,0.0,0.013,0.17,-318,-318,-318
1780193366.1525571,0.0,0.0,0.013,0.17,-318,-318,-318
1780193366.1771781,0.0,0.0,0.013,0.17,-318,-318,-318
1780193366.1995,0.0,0.0,0.013,0.17,-318,-318,-318
1780193366.22249,0.0,0.0,0.013,0.17,-318,-318,-318
1780193366.246737,0.0,0.0,0.013,0.17,-318,-318,-318
1780193366.269066,0.0,0.0,0.013,0.17,-318,-318,-318
1780193366.2936802,0.0,0.0,0.013,0.17,-318,-318,-318
1780193366.3160079,0.0,0.0,0.013,0.17,-318,-318,-318
1780193366.338795,0.0,0.0,0.013,0.17,-318,-318,-318
1780193366.363183,0.0,0.0,0.013,0.17,-318,-318,-318
1780193366.3855832,0.0,0.0,0.013,0.17,-318,-318,-318
1780193366.410178,0.0,0.0,0.013,0.17,-318,-318,-318
1780193366.432467,0.0,0.0,0.013,0.17,-318,-318,-318
1780193366.455304,0.0,0.0,0.013,0.17,-318,-318,-318
1780193366.4794161,0.0,0.0,0.013,0.17,-318,-318,-318
1780193366.501719,0.0,0.0,0.013,0.17,-318,-318,-318
1780193366.5248692,0.0,0.0,0.013,0.17,-318,-318,-318
1780193366.5370398,0.0,0.0,0.013,0.17,-318,-318,-318
1780193366.5618649,0.0,0.0,0.013,0.17,-318,-318,-318
1780193366.584251,0.0,0.0,0.013,0.17,-318,-318,-318
1780193366.6069498,0.0,0.0,0.013,0.17,-318,-318,-318
1780193366.619008,0.0,0.0,0.013,0.17,-318,-318,-318
1780193366.643483,0.0,0.0,0.013,0.17,-318,-318,-318
1780193366.6657112,0.0,0.0,0.013,0.17,-318,-318,-318
1780193366.6885161,0.0,0.0,0.013,0.17,-318,-318,-318
1780193366.71264,0.0,0.0,0.013,0.17,-318,-318,-318
1780193366.734935,0.0,0.0,0.013,0.17,-318,-318,-318
1780193366.757782,0.0,0.0,0.013,0.17,-318,-318,-318
1780193366.7819679,0.0,0.0,0.013,0.17,-318,-318,-318
1780193366.804672,0.0,0.0,0.013,0.17,-318,-318,-318
1780193366.8287501,0.0,0.0,0.013,0.17,-318,-318,-318
1780193366.8510652,0.0,0.0,0.013,0.17,-318,-318,-318
1780193366.873749,0.0,0.0,0.013,0.17,-318,-318,-318
1780193366.8857868,0.0,0.0,0.013,0.17,-318,-318,-318
1780193366.910191,0.0,0.0,0.013,0.17,-318,-318,-318
1780193366.932529,0.0,0.0,0.013,0.17,-318,-318,-318
1780193366.955314,0.0,0.0,0.013,0.17,-318,-318,-318
1780193366.979424,0.0,0.0,0.013,0.17,-318,-318,-318
1780193367.0016708,0.0,0.0,0.013,0.17,-318,-318,-318
1780193367.024584,0.0,0.0,0.013,0.17,-318,-318,-318
1780193367.036549,0.0,0.0,0.013,0.17,-318,-318,-318
1780193367.060995,0.0,0.0,0.013,0.17,-318,-318,-318
1780193367.083843,0.0,0.0,0.013,0.17,-318,-318,-318
1780193367.106637,0.0,0.0,0.013,0.17,-318,-318,-318
1780193367.130959,0.0,0.0,0.013,0.17,-318,-318,-318
1780193367.153823,0.0,0.0,0.013,0.17,-318,-318,-318
1780193367.1778681,0.0,0.0,0.013,0.17,-318,-318,-318
1780193367.200106,0.0,0.0,0.013,0.17,-318,-318,-318
1780193367.2229471,0.0,0.0,0.013,0.17,-318,-318,-318
1780193367.2472801,0.0,0.0,0.013,0.17,-318,-318,-318
1780193367.258028,0.0,0.0,0.013,0.17,-318,-318,-318
1780193367.2822342,0.0,0.0,0.013,0.17,-318,-318,-318
1780193367.304991,0.0,0.0,0.013,0.17,-318,-318,-318
1780193367.3291671,0.0,0.0,0.013,0.17,-318,-318,-318
1780193367.351562,0.0,0.0,0.013,0.17,-318,-318,-318
1780193367.3744519,0.0,0.0,0.013,0.17,-318,-318,-318
1780193367.386525,0.0,0.0,0.013,0.17,-318,-318,-318
1780193367.411267,0.0,0.0,0.013,0.17,-318,-318,-318
1780193367.433629,0.0,0.0,0.013,0.17,-318,-318,-318
1780193367.45647,0.0,0.0,0.013,0.17,-318,-318,-318
1780193367.480715,0.0,0.0,0.013,0.17,-318,-318,-318
1780193367.503029,0.0,0.0,0.013,0.17,-318,-318,-318
1780193367.527615,0.0,0.0,0.013,0.17,-318,-318,-318
1780193367.550008,0.0,0.0,0.013,0.17,-318,-318,-318
1780193367.572693,0.0,0.0,0.013,0.17,-318,-318,-318
1780193367.596917,0.0,0.0,0.013,0.17,-318,-318,-318
1780193367.619467,0.0,0.0,0.013,0.17,-318,-318,-318
1780193367.644039,0.0,0.0,0.013,0.17,-318,-318,-318
1780193367.666398,0.0,0.0,0.013,0.17,-318,-318,-318
1780193367.6892428,0.0,0.0,0.013,0.17,-318,-318,-318
1780193367.713561,0.0,0.0,0.013,0.17,-318,-318,-318
1780193367.735927,0.0,0.0,0.013,0.17,-318,-318,-318
1780193367.7605472,0.0,0.0,0.013,0.17,-318,-318,-318
1780193367.782944,0.0,0.0,0.013,0.17,-318,-318,-318
1780193367.79536,0.0,0.0,0.013,0.17,-318,-318,-318
1780193367.817701,0.0,0.0,0.013,0.17,-318,-318,-318
1780193367.840595,0.0,0.0,0.013,0.17,-318,-318,-318
1780193367.863065,0.0,0.0,0.013,0.17,-318,-318,-318
1780193367.885338,0.0,0.0,0.013,0.17,-318,-318,-318
1780193367.907747,0.0,0.0,0.013,0.17,-318,-318,-318
1780193367.919785,0.0,0.0,0.013,0.17,-318,-318,-318
1780193367.9443772,0.0,0.0,0.013,0.17,-318,-318,-318
1780193367.9667242,0.0,0.0,0.013,0.17,-318,-318,-318
1780193367.98943,0.0,0.0,0.013,0.17,-318,-318,-318
1780193368.0136619,0.0,0.0,0.013,0.17,-318,-318,-318
1780193368.036127,0.0,0.0,0.013,0.17,-318,-318,-318
1780193368.0606458,0.0,0.0,0.013,0.17,-318,-318,-318
1780193368.082902,0.0,0.0,0.013,0.17,-318,-318,-318
1780193368.1056151,0.0,0.0,0.013,0.17,-318,-318,-318
1780193368.1296692,0.0,0.0,0.013,0.17,-318,-318,-318
1780193368.151982,0.0,0.0,0.013,0.17,-318,-318,-318
1780193368.176737,0.0,0.0,0.013,0.17,-318,-318,-318
1780193368.19909,0.0,0.0,0.013,0.17,-318,-318,-318
1780193368.221876,0.0,0.0,0.013,0.17,-318,-318,-318
1780193368.245983,0.0,0.0,0.013,0.17,-318,-318,-318
1780193368.2682838,0.0,0.0,0.013,0.17,-318,-318,-318
1780193368.290995,0.0,0.0,0.013,0.17,-318,-318,-318
1780193368.313389,0.0,0.0,0.013,0.17,-318,-318,-318
1780193368.3356879,0.0,0.0,0.013,0.17,-318,-318,-318
1780193368.358024,0.0,0.0,0.013,0.17,-318,-318,-318
1780193368.369938,0.0,0.0,0.013,0.17,-318,-318,-318
1780193368.394445,0.0,0.0,0.013,0.17,-318,-318,-318
1780193368.416833,0.0,0.0,0.013,0.17,-318,-318,-318
1780193368.4393878,0.0,0.0,0.013,0.17,-318,-318,-318
1780193368.463434,0.0,0.0,0.013,0.17,-318,-318,-318
1780193368.485787,0.0,0.0,0.013,0.17,-318,-318,-318
1780193368.510269,0.0,0.0,0.013,0.17,-318,-318,-318
1780193368.532515,0.0,0.0,0.013,0.17,-318,-318,-318
1780193368.555305,0.0,0.0,0.013,0.17,-318,-318,-318
1780193368.579363,0.0,0.0,0.013,0.17,-318,-318,-318
1780193368.601526,0.0,0.0,0.013,0.17,-318,-318,-318
1780193368.6243892,0.0,0.0,0.013,0.17,-318,-318,-318
1780193368.6363661,0.0,0.0,0.013,0.17,-318,-318,-318
1780193368.660906,0.0,0.0,0.013,0.17,-318,-318,-318
1780193368.683176,0.0,0.0,0.013,0.17,-318,-318,-318
1780193368.7058759,0.0,0.0,0.013,0.17,-318,-318,-318
1780193368.729876,0.0,0.0,0.013,0.17,-318,-318,-318
1780193368.752222,0.0,0.0,0.013,0.17,-318,-318,-318
1780193368.7766888,0.0,0.0,0.013,0.17,-318,-318,-318
1780193368.798836,0.0,0.0,0.013,0.17,-318,-318,-318
1780193368.8215811,0.0,0.0,0.013,0.17,-318,-318,-318
1780193368.845589,0.0,0.0,0.013,0.17,-318,-318,-318
1780193368.867815,0.0,0.0,0.013,0.17,-318,-318,-318
1780193368.89058,0.0,0.0,0.013,0.17,-318,-318,-318
1780193368.902548,0.0,0.0,0.013,0.17,-318,-318,-318
1780193368.927052,0.0,0.0,0.013,0.17,-318,-318,-318
1780193368.949345,0.0,0.0,0.013,0.17,-318,-318,-318
1780193368.97198,0.0,0.0,0.013,0.17,-318,-318,-318
1780193368.9961479,0.0,0.0,0.013,0.17,-318,-318,-318
1780193369.018613,0.0,0.0,0.013,0.17,-318,-318,-318
1780193369.0413399,0.0,0.0,0.013,0.17,-318,-318,-318
1780193369.053376,0.0,0.0,0.013,0.17,-318,-318,-318
1780193369.0782762,0.0,0.0,0.013,0.17,-318,-318,-318
1780193369.100678,0.0,0.0,0.013,0.17,-318,-318,-318
1780193369.123866,0.0,0.0,0.013,0.17,-318,-318,-318
1780193369.135903,0.0,0.0,0.013,0.17,-318,-318,-318
1780193369.160477,0.0,0.0,0.013,0.17,-318,-318,-318
1780193369.182893,0.0,0.0,0.013,0.17,-318,-318,-318
1780193369.2056499,0.0,0.0,0.013,0.17,-318,-318,-318
1780193369.2298481,0.0,0.0,0.013,0.17,-318,-318,-318
1780193369.25243,0.0,0.0,0.013,0.17,-318,-318,-318
1780193369.277081,0.0,0.0,0.013,0.17,-318,-318,-318
1780193369.29936,0.0,0.0,0.013,0.17,-318,-318,-318
1780193369.322305,0.0,0.0,0.013,0.17,-318,-318,-318
1780193369.346377,0.0,0.0,0.013,0.17,-318,-318,-318
1780193369.3570292,0.0,0.0,0.013,0.17,-318,-318,-318
1780193369.381043,0.0,0.0,0.013,0.17,-318,-318,-318
1780193369.404068,0.0,0.0,0.013,0.17,-318,-318,-318
1780193369.428302,0.0,0.0,0.013,0.17,-318,-318,-318
1780193369.450799,0.0,0.0,0.013,0.17,-318,-318,-318
1780193369.473548,0.0,0.0,0.013,0.17,-318,-318,-318
1780193369.4856262,0.0,0.0,0.013,0.17,-318,-318,-318
1780193369.510087,0.0,0.0,0.013,0.17,-318,-318,-318
1780193369.532407,0.0,0.0,0.013,0.17,-318,-318,-318
1780193369.555236,0.0,0.0,0.013,0.17,-318,-318,-318
1780193369.579417,0.0,0.0,0.013,0.17,-318,-318,-318
1780193369.6017,0.0,0.0,0.013,0.17,-318,-318,-318
1780193369.626438,0.0,0.0,0.013,0.17,-318,-318,-318
1780193369.6487849,0.0,0.0,0.013,0.17,-318,-318,-318
1780193369.671572,0.0,0.0,0.013,0.17,-318,-318,-318
1780193369.695648,0.0,0.0,0.013,0.17,-318,-318,-318
1780193369.7179651,0.0,0.0,0.013,0.17,-318,-318,-318
1780193369.7408519,0.0,0.0,0.013,0.17,-318,-318,-318
1780193369.752971,0.0,0.0,0.013,0.17,-318,-318,-318
1780193369.777676,0.0,0.0,0.013,0.17,-318,-318,-318
1780193369.8001568,0.0,0.0,0.013,0.17,-318,-318,-318
1780193369.823104,0.0,0.0,0.013,0.17,-318,-318,-318
1780193369.8473148,0.0,0.0,0.013,0.17,-318,-318,-318
1780193369.8702369,0.0,0.0,0.013,0.17,-318,-318,-318
1780193369.894523,0.0,0.0,0.013,0.17,-318,-318,-318
1780193369.916964,0.0,0.0,0.013,0.17,-318,-318,-318
1780193369.939748,0.0,0.0,0.013,0.17,-318,-318,-318
1780193369.964045,0.0,0.0,0.013,0.17,-318,-318,-318
1780193369.987095,0.0,0.0,0.013,0.17,-318,-318,-318
1780193370.0112588,0.0,0.0,0.013,0.17,-318,-318,-318
1780193370.03359,0.0,0.0,0.013,0.17,-318,-318,-318
1780193370.056484,0.0,0.0,0.013,0.17,-318,-318,-318
1780193370.0808718,0.0,0.0,0.013,0.17,-318,-318,-318
1780193370.10381,0.0,0.0,0.013,0.17,-318,-318,-318
1780193370.128098,0.0,0.0,0.013,0.17,-318,-318,-318
1780193370.1505148,0.0,0.0,0.013,0.17,-318,-318,-318
1780193370.173388,0.0,0.0,0.013,0.17,-318,-318,-318
1780193370.185583,0.0,0.0,0.013,0.17,-318,-318,-318
1780193370.2102451,0.0,0.0,0.013,0.17,-318,-318,-318
1780193370.232645,0.0,0.0,0.013,0.17,-318,-318,-318
1780193370.255504,0.0,0.0,0.013,0.17,-318,-318,-318
1780193370.279592,0.0,0.0,0.013,0.17,-318,-318,-318
1780193370.3019211,0.0,0.0,0.013,0.17,-318,-318,-318
1780193370.326449,0.0,0.0,0.013,0.17,-318,-318,-318
1780193370.3488529,0.0,0.0,0.013,0.17,-318,-318,-318
1780193370.3716831,0.0,0.0,0.013,0.17,-318,-318,-318
1780193370.395822,0.0,0.0,0.013,0.17,-318,-318,-318
1780193370.406515,0.0,0.0,0.013,0.17,-318,-318,-318
1780193370.4306052,0.0,0.0,0.013,0.17,-318,-318,-318
1780193370.453436,0.0,0.0,0.013,0.17,-318,-318,-318
1780193370.477519,0.0,0.0,0.013,0.17,-318,-318,-318
1780193370.499763,0.0,0.0,0.013,0.17,-318,-318,-318
1780193370.522613,0.0,0.0,0.013,0.17,-318,-318,-318
1780193370.546783,0.0,0.0,0.013,0.17,-318,-318,-318
1780193370.5690508,0.0,0.0,0.013,0.17,-318,-318,-318
1780193370.593547,0.0,0.0,0.013,0.17,-318,-318,-318
1780193370.615965,0.0,0.0,0.013,0.17,-318,-318,-318
1780193370.6386309,0.0,0.0,0.013,0.17,-318,-318,-318
1780193370.663009,0.0,0.0,0.013,0.17,-318,-318,-318
1780193370.685419,0.0,0.0,0.013,0.17,-318,-318,-318
1780193370.7099369,0.0,0.0,0.013,0.17,-318,-318,-318
1780193370.732215,0.0,0.0,0.013,0.17,-318,-318,-318
1780193370.7550452,0.0,0.0,0.013,0.17,-318,-318,-318
1780193370.7790878,0.0,0.0,0.013,0.17,-318,-318,-318
1780193370.801408,0.0,0.0,0.013,0.17,-318,-318,-318
1780193370.824383,0.0,0.0,0.013,0.17,-318,-318,-318
1780193370.836392,0.0,0.0,0.013,0.17,-318,-318,-318
1780193370.861053,0.0,0.0,0.013,0.17,-318,-318,-318
1780193370.8835351,0.0,0.0,0.013,0.17,-318,-318,-318
1780193370.9062579,0.0,0.0,0.013,0.17,-318,-318,-318
1780193370.930528,0.0,0.0,0.013,0.17,-318,-318,-318
1780193370.9534998,0.0,0.0,0.013,0.17,-318,-318,-318
1780193370.9775848,0.0,0.0,0.013,0.17,-318,-318,-318
1780193370.999964,0.0,0.0,0.013,0.17,-318,-318,-318
1780193371.023034,0.0,0.0,0.013,0.17,-318,-318,-318
1780193371.047085,0.0,0.0,0.013,0.17,-318,-318,-318
1780193371.069461,0.0,0.0,0.013,0.17,-318,-318,-318
1780193371.094253,0.0,0.0,0.013,0.17,-318,-318,-318
1780193371.116637,0.0,0.0,0.013,0.17,-318,-318,-318
1780193371.139505,0.0,0.0,0.013,0.17,-318,-318,-318
1780193371.1636748,0.0,0.0,0.013,0.17,-318,-318,-318
1780193371.18629,0.0,0.0,0.013,0.17,-318,-318,-318
1780193371.210973,0.0,0.0,0.013,0.17,-318,-318,-318
1780193371.233366,0.0,0.0,0.013,0.17,-318,-318,-318
1780193371.256417,0.0,0.0,0.013,0.17,-318,-318,-318
1780193371.2808168,0.0,0.0,0.013,0.17,-318,-318,-318
1780193371.3036659,0.0,0.0,0.013,0.17,-318,-318,-318
1780193371.327747,0.0,0.0,0.013,0.17,-318,-318,-318
1780193371.3501701,0.0,0.0,0.013,0.17,-318,-318,-318
1780193371.37292,0.0,0.0,0.013,0.17,-318,-318,-318
1780193371.39728,0.0,0.0,0.013,0.17,-318,-318,-318
1780193371.420234,0.0,0.0,0.013,0.17,-318,-318,-318
1780193371.444523,0.0,0.0,0.013,0.17,-318,-318,-318
1780193371.455335,0.0,0.0,0.013,0.17,-318,-318,-318
1780193371.479598,0.0,0.0,0.013,0.17,-318,-318,-318
1780193371.502075,0.0,0.0,0.013,0.17,-318,-318,-318
1780193371.526759,0.0,0.0,0.013,0.17,-318,-318,-318
1780193371.549186,0.0,0.0,0.013,0.17,-318,-318,-318
1780193371.572104,0.0,0.0,0.013,0.17,-318,-318,-318
1780193371.59627,0.0,0.0,0.013,0.17,-318,-318,-318
1780193371.6185112,0.0,0.0,0.013,0.17,-318,-318,-318
1780193371.6430762,0.0,0.0,0.013,0.17,-318,-318,-318
1780193371.6652842,0.0,0.0,0.013,0.17,-318,-318,-318
1780193371.688231,0.0,0.0,0.013,0.17,-318,-318,-318
1780193371.712339,0.0,0.0,0.013,0.17,-318,-318,-318
1780193371.734715,0.0,0.0,0.013,0.17,-318,-318,-318
1780193371.757579,0.0,0.0,0.013,0.17,-318,-318,-318
1780193371.7695858,0.0,0.0,0.013,0.17,-318,-318,-318
1780193371.7942169,0.0,0.0,0.013,0.17,-318,-318,-318
1780193371.8166,0.0,0.0,0.013,0.17,-318,-318,-318
1780193371.839249,0.0,0.0,0.013,0.17,-318,-318,-318
1780193371.863362,0.0,0.0,0.013,0.17,-318,-318,-318
1780193371.885708,0.0,0.0,0.013,0.17,-318,-318,-318
1780193371.9102871,0.0,0.0,0.013,0.17,-318,-318,-318
1780193371.9325812,0.0,0.0,0.013,0.17,-318,-318,-318
1780193371.955488,0.0,0.0,0.013,0.17,-318,-318,-318
1780193371.979608,0.0,0.0,0.013,0.17,-318,-318,-318
1780193371.990321,0.0,0.0,0.013,0.17,-318,-318,-318
1780193372.014506,0.0,0.0,0.013,0.17,-318,-318,-318
1780193372.0373492,0.0,0.0,0.013,0.17,-318,-318,-318
1780193372.061475,0.0,0.0,0.013,0.17,-318,-318,-318
1780193372.08403,0.0,0.0,0.013,0.17,-318,-318,-318
1780193372.10693,0.0,0.0,0.013,0.17,-318,-318,-318
1780193372.119086,0.0,0.0,0.013,0.17,-318,-318,-318
1780193372.143728,0.0,0.0,0.013,0.17,-318,-318,-318
1780193372.1661901,0.0,0.0,0.013,0.17,-318,-318,-318
1780193372.1890602,0.0,0.0,0.013,0.17,-318,-318,-318
1780193372.2134268,0.0,0.0,0.013,0.17,-318,-318,-318
1780193372.2358232,0.0,0.0,0.013,0.17,-318,-318,-318
1780193372.2604852,0.0,0.0,0.013,0.17,-318,-318,-318
1780193372.282942,0.0,0.0,0.013,0.17,-318,-318,-318
1780193372.305844,0.0,0.0,0.013,0.17,-318,-318,-318
1780193372.330196,0.0,0.0,0.013,0.17,-318,-318,-318
1780193372.352622,0.0,0.0,0.013,0.17,-318,-318,-318
1780193372.377345,0.0,0.0,0.013,0.17,-318,-318,-318
1780193372.3996081,0.0,0.0,0.013,0.17,-318,-318,-318
1780193372.42291,0.0,0.0,0.013,0.17,-318,-318,-318
1780193372.447196,0.0,0.0,0.013,0.17,-318,-318,-318
1780193372.4699788,0.0,0.0,0.013,0.17,-318,-318,-318
1780193372.4940941,0.0,0.0,0.013,0.17,-318,-318,-318
1780193372.5165582,0.0,0.0,0.013,0.17,-318,-318,-318
1780193372.529109,0.0,0.0,0.013,0.17,-318,-318,-318
1780193372.5515242,0.0,0.0,0.013,0.17,-318,-318,-318
1780193372.574404,0.0,0.0,0.013,0.17,-318,-318,-318
1780193372.586449,0.0,0.0,0.013,0.17,-318,-318,-318
1780193372.6113238,0.0,0.0,0.013,0.17,-318,-318,-318
1780193372.6336498,0.0,0.0,0.013,0.17,-318,-318,-318
1780193372.656505,0.0,0.0,0.013,0.17,-318,-318,-318
1780193372.668548,0.0,0.0,0.013,0.17,-318,-318,-318
1780193372.693123,0.0,0.0,0.013,0.17,-318,-318,-318
1780193372.715443,0.0,0.0,0.013,0.17,-318,-318,-318
1780193372.738362,0.0,0.0,0.013,0.17,-318,-318,-318
1780193372.762891,0.0,0.0,0.013,0.17,-318,-318,-318
1780193372.785407,0.0,0.0,0.013,0.17,-318,-318,-318
1780193372.8101041,0.0,0.0,0.013,0.17,-318,-318,-318
1780193372.832483,0.0,0.0,0.013,0.17,-318,-318,-318
1780193372.855413,0.0,0.0,0.013,0.17,-318,-318,-318
1780193372.879583,0.0,0.0,0.013,0.17,-318,-318,-318
1780193372.901835,0.0,0.0,0.013,0.17,-318,-318,-318
1780193372.926475,0.0,0.0,0.013,0.17,-318,-318,-318
1780193372.948778,0.0,0.0,0.013,0.17,-318,-318,-318
1780193372.971725,0.0,0.0,0.013,0.17,-318,-318,-318
1780193372.9961312,0.0,0.0,0.013,0.17,-318,-318,-318
1780193373.018506,0.0,0.0,0.013,0.17,-318,-318,-318
1780193373.041331,0.0,0.0,0.013,0.17,-318,-318,-318
1780193373.065591,0.0,0.0,0.013,0.17,-318,-318,-318
1780193373.088567,0.0,0.0,0.013,0.17,-318,-318,-318
1780193373.112892,0.0,0.0,0.013,0.17,-318,-318,-318
1780193373.135627,0.0,0.0,0.013,0.17,-318,-318,-318
1780193373.160553,0.0,0.0,0.013,0.17,-318,-318,-318
1780193373.1830661,0.0,0.0,0.013,0.17,-318,-318,-318
1780193373.206072,0.0,0.0,0.013,0.17,-318,-318,-318
1780193373.2303529,0.0,0.0,0.013,0.17,-318,-318,-318
1780193373.252689,0.0,0.0,0.013,0.17,-318,-318,-318
1780193373.277259,0.0,0.0,0.013,0.17,-318,-318,-318
1780193373.299645,0.0,0.0,0.013,0.17,-318,-318,-318
1780193373.322494,0.0,0.0,0.013,0.17,-318,-318,-318
1780193373.3467278,0.0,0.0,0.013,0.17,-318,-318,-318
1780193373.3691761,0.0,0.0,0.013,0.17,-318,-318,-318
1780193373.393829,0.0,0.0,0.013,0.17,-318,-318,-318
1780193373.416186,0.0,0.0,0.013,0.17,-318,-318,-318
1780193373.439137,0.0,0.0,0.013,0.17,-318,-318,-318
1780193373.463422,0.0,0.0,0.013,0.17,-318,-318,-318
1780193373.485815,0.0,0.0,0.013,0.17,-318,-318,-318
1780193373.510356,0.0,0.0,0.013,0.17,-318,-318,-318
1780193373.532626,0.0,0.0,0.013,0.17,-318,-318,-318
1780193373.5555499,0.0,0.0,0.013,0.17,-318,-318,-318
1780193373.5798862,0.0,0.0,0.013,0.17,-318,-318,-318
1780193373.602483,0.0,0.0,0.013,0.17,-318,-318,-318
1780193373.62716,0.0,0.0,0.013,0.17,-318,-318,-318
1780193373.649612,0.0,0.0,0.013,0.17,-318,-318,-318
1780193373.672423,0.0,0.0,0.013,0.17,-318,-318,-318
1780193373.6965802,0.0,0.0,0.013,0.17,-318,-318,-318
1780193373.71899,0.0,0.0,0.013,0.17,-318,-318,-318
1780193373.743517,0.0,0.0,0.013,0.17,-318,-318,-318
1780193373.7658508,0.0,0.0,0.013,0.17,-318,-318,-318
1780193373.7888389,0.0,0.0,0.013,0.17,-318,-318,-318
1780193373.813036,0.0,0.0,0.013,0.17,-318,-318,-318
1780193373.8354292,0.0,0.0,0.013,0.17,-318,-318,-318
1780193373.860047,0.0,0.0,0.013,0.17,-318,-318,-318
1780193373.882357,0.0,0.0,0.013,0.17,-318,-318,-318
1780193373.905046,0.0,0.0,0.013,0.17,-318,-318,-318
1780193373.929112,0.0,0.0,0.013,0.17,-318,-318,-318
1780193373.951423,0.0,0.0,0.013,0.17,-318,-318,-318
1780193373.974118,0.0,0.0,0.013,0.17,-318,-318,-318
1780193373.986207,0.0,0.0,0.013,0.17,-318,-318,-318
1780193374.010901,0.0,0.0,0.013,0.17,-318,-318,-318
1780193374.033195,0.0,0.0,0.013,0.17,-318,-318,-318
1780193374.056052,0.0,0.0,0.013,0.17,-318,-318,-318
1780193374.080514,0.0,0.0,0.013,0.17,-318,-318,-318
1780193374.103283,0.0,0.0,0.013,0.17,-318,-318,-318
1780193374.1274822,0.0,0.0,0.013,0.17,-318,-318,-318
1780193374.149817,0.0,0.0,0.013,0.17,-318,-318,-318
1780193374.1725922,0.0,0.0,0.013,0.17,-318,-318,-318
1780193374.196645,0.0,0.0,0.013,0.17,-318,-318,-318
1780193374.218994,0.0,0.0,0.013,0.17,-318,-318,-318
1780193374.2434409,0.0,0.0,0.013,0.17,-318,-318,-318
1780193374.265593,0.0,0.0,0.013,0.17,-318,-318,-318
1780193374.288384,0.0,0.0,0.013,0.17,-318,-318,-318
1780193374.312417,0.0,0.0,0.013,0.17,-318,-318,-318
1780193374.3347,0.0,0.0,0.013,0.17,-318,-318,-318
1780193374.357562,0.0,0.0,0.013,0.17,-318,-318,-318
1780193374.36958,0.0,0.0,0.013,0.17,-318,-318,-318
1780193374.3942,0.0,0.0,0.013,0.17,-318,-318,-318
1780193374.416508,0.0,0.0,0.013,0.17,-318,-318,-318
1780193374.439189,0.0,0.0,0.013,0.17,-318,-318,-318
1780193374.463273,0.0,0.0,0.013,0.17,-318,-318,-318
1780193374.485589,0.0,0.0,0.013,0.17,-318,-318,-318
1780193374.510078,0.0,0.0,0.013,0.17,-318,-318,-318
1780193374.532277,0.0,0.0,0.013,0.17,-318,-318,-318
1780193374.555097,0.0,0.0,0.013,0.17,-318,-318,-318
1780193374.579225,0.0,0.0,0.013,0.17,-318,-318,-318
1780193374.589936,0.0,0.0,0.013,0.17,-318,-318,-318
1780193374.613974,0.0,0.0,0.013,0.17,-318,-318,-318
1780193374.636705,0.0,0.0,0.013,0.17,-318,-318,-318
1780193374.660722,0.0,0.0,0.013,0.17,-318,-318,-318
1780193374.683039,0.0,0.0,0.013,0.17,-318,-318,-318
1780193374.70559,0.0,0.0,0.013,0.17,-318,-318,-318
1780193374.729732,0.0,0.0,0.013,0.17,-318,-318,-318
1780193374.7520242,0.0,0.0,0.013,0.17,-318,-318,-318
1780193374.776534,0.0,0.0,0.013,0.17,-318,-318,-318
1780193374.798858,0.0,0.0,0.013,0.17,-318,-318,-318
1780193374.821692,0.0,0.0,0.013,0.17,-318,-318,-318
1780193374.8458712,0.0,0.0,0.013,0.17,-318,-318,-318
1780193374.868188,0.0,0.0,0.013,0.17,-318,-318,-318
1780193374.8927832,0.0,0.0,0.013,0.17,-318,-318,-318
1780193374.915145,0.0,0.0,0.013,0.17,-318,-318,-318
1780193374.938018,0.0,0.0,0.013,0.17,-318,-318,-318
1780193374.9621341,0.0,0.0,0.013,0.17,-318,-318,-318
1780193374.984573,0.0,0.0,0.013,0.17,-318,-318,-318
1780193375.0075011,0.0,0.0,0.013,0.17,-318,-318,-318
1780193375.019517,0.0,0.0,0.013,0.17,-318,-318,-318
1780193375.044024,0.0,0.0,0.013,0.17,-318,-318,-318
1780193375.066444,0.0,0.0,0.013,0.17,-318,-318,-318
1780193375.089257,0.0,0.0,0.013,0.17,-318,-318,-318
1780193375.113418,0.0,0.0,0.013,0.17,-318,-318,-318
1780193375.124081,0.0,0.0,0.013,0.17,-318,-318,-318
1780193375.1481102,0.0,0.0,0.013,0.17,-318,-318,-318
1780193375.170856,0.0,0.0,0.013,0.17,-318,-318,-318
1780193375.195002,0.0,0.0,0.013,0.17,-318,-318,-318
1780193375.217369,0.0,0.0,0.013,0.17,-318,-318,-318
1780193375.240078,0.0,0.0,0.013,0.17,-318,-318,-318
1780193375.252154,0.0,0.0,0.013,0.17,-318,-318,-318
1780193375.276702,0.0,0.0,0.013,0.17,-318,-318,-318
1780193375.2990022,0.0,0.0,0.013,0.17,-318,-318,-318
1780193375.321834,0.0,0.0,0.013,0.17,-318,-318,-318
1780193375.345891,0.0,0.0,0.013,0.17,-318,-318,-318
1780193375.3682408,0.0,0.0,0.013,0.17,-318,-318,-318
1780193375.392921,0.0,0.0,0.013,0.17,-318,-318,-318
1780193375.4152782,0.0,0.0,0.013,0.17,-318,-318,-318
1780193375.438381,0.0,0.0,0.013,0.17,-318,-318,-318
1780193375.462709,0.0,0.0,0.013,0.17,-318,-318,-318
1780193375.485182,0.0,0.0,0.013,0.17,-318,-318,-318
1780193375.5099468,0.0,0.0,0.013,0.17,-318,-318,-318
1780193375.532198,0.0,0.0,0.013,0.17,-318,-318,-318
1780193375.555001,0.0,0.0,0.013,0.17,-318,-318,-318
1780193375.5790741,0.0,0.0,0.013,0.17,-318,-318,-318
1780193375.601383,0.0,0.0,0.013,0.17,-318,-318,-318
1780193375.626013,0.0,0.0,0.013,0.17,-318,-318,-318
1780193375.6483781,0.0,0.0,0.013,0.17,-318,-318,-318
1780193375.67109,0.0,0.0,0.013,0.17,-318,-318,-318
1780193375.695246,0.0,0.0,0.013,0.17,-318,-318,-318
1780193375.71756,0.0,0.0,0.013,0.17,-318,-318,-318
1780193375.7402408,0.0,0.0,0.013,0.17,-318,-318,-318
1780193375.752257,0.0,0.0,0.013,0.17,-318,-318,-318
1780193375.776704,0.0,0.0,0.013,0.17,-318,-318,-318
1780193375.7992902,0.0,0.0,0.013,0.17,-318,-318,-318
1780193375.8223119,0.0,0.0,0.013,0.17,-318,-318,-318
1780193375.846501,0.0,0.0,0.013,0.17,-318,-318,-318
1780193375.868871,0.0,0.0,0.013,0.17,-318,-318,-318
1780193375.893409,0.0,0.0,0.013,0.17,-318,-318,-318
1780193375.91586,0.0,0.0,0.013,0.17,-318,-318,-318
1780193375.9386501,0.0,0.0,0.013,0.17,-318,-318,-318
1780193375.962869,0.0,0.0,0.013,0.17,-318,-318,-318
1780193375.9854028,0.0,0.0,0.013,0.17,-318,-318,-318
1780193376.01006,0.0,0.0,0.013,0.17,-318,-318,-318
1780193376.032396,0.0,0.0,0.013,0.17,-318,-318,-318
1780193376.055331,0.0,0.0,0.013,0.17,-318,-318,-318
1780193376.079519,0.0,0.0,0.013,0.17,-318,-318,-318
1780193376.1018088,0.0,0.0,0.013,0.17,-318,-318,-318
1780193376.126384,0.0,0.0,0.013,0.17,-318,-318,-318
1780193376.1487439,0.0,0.0,0.013,0.17,-318,-318,-318
1780193376.1715012,0.0,0.0,0.013,0.17,-318,-318,-318
1780193376.195861,0.0,0.0,0.013,0.17,-318,-318,-318
1780193376.218268,0.0,0.0,0.013,0.17,-318,-318,-318
1780193376.2429519,0.0,0.0,0.013,0.17,-318,-318,-318
1780193376.265224,0.0,0.0,0.013,0.17,-318,-318,-318
1780193376.288123,0.0,0.0,0.013,0.17,-318,-318,-318
1780193376.312234,0.0,0.0,0.013,0.17,-318,-318,-318
1780193376.334518,0.0,0.0,0.013,0.17,-318,-318,-318
1780193376.3573701,0.0,0.0,0.013,0.17,-318,-318,-318
1780193376.369388,0.0,0.0,0.013,0.17,-318,-318,-318
1780193376.394387,0.0,0.0,0.013,0.17,-318,-318,-318
1780193376.4167428,0.0,0.0,0.013,0.17,-318,-318,-318
1780193376.439459,0.0,0.0,0.013,0.17,-318,-318,-318
1780193376.4639769,0.0,0.0,0.013,0.17,-318,-318,-318
1780193376.486936,0.0,0.0,0.013,0.17,-318,-318,-318
1780193376.511091,0.0,0.0,0.013,0.17,-318,-318,-318
1780193376.533441,0.0,0.0,0.013,0.17,-318,-318,-318
1780193376.556332,0.0,0.0,0.013,0.17,-318,-318,-318
1780193376.568344,0.0,0.0,0.013,0.17,-318,-318,-318
1780193376.593013,0.0,0.0,0.013,0.17,-318,-318,-318
1780193376.615413,0.0,0.0,0.013,0.17,-318,-318,-318
1780193376.6383412,0.0,0.0,0.013,0.17,-318,-318,-318
1780193376.662807,0.0,0.0,0.013,0.17,-318,-318,-318
1780193376.673545,0.0,0.0,0.013,0.17,-318,-318,-318
1780193376.6977699,0.0,0.0,0.013,0.17,-318,-318,-318
1780193376.7208161,0.0,0.0,0.013,0.17,-318,-318,-318
1780193376.7450318,0.0,0.0,0.013,0.17,-318,-318,-318
1780193376.7674859,0.0,0.0,0.013,0.17,-318,-318,-318
1780193376.790665,0.0,0.0,0.013,0.17,-318,-318,-318
1780193376.802866,0.0,0.0,0.013,0.17,-318,-318,-318
1780193376.827568,0.0,0.0,0.013,0.17,-318,-318,-318
1780193376.84999,0.0,0.0,0.013,0.17,-318,-318,-318
1780193376.87278,0.0,0.0,0.013,0.17,-318,-318,-318
1780193376.896974,0.0,0.0,0.013,0.17,-318,-318,-318
1780193376.9200299,0.0,0.0,0.013,0.17,-318,-318,-318
1780193376.944203,0.0,0.0,0.013,0.17,-318,-318,-318
1780193376.966538,0.0,0.0,0.013,0.17,-318,-318,-318
1780193376.989494,0.0,0.0,0.013,0.17,-318,-318,-318
1780193377.0138009,0.0,0.0,0.013,0.17,-318,-318,-318
1780193377.036608,0.0,0.0,0.013,0.17,-318,-318,-318
1780193377.060811,0.0,0.0,0.013,0.17,-318,-318,-318
1780193377.0834079,0.0,0.0,0.013,0.17,-318,-318,-318
1780193377.106294,0.0,0.0,0.013,0.17,-318,-318,-318
1780193377.118398,0.0,0.0,0.013,0.17,-318,-318,-318
1780193377.1429918,0.0,0.0,0.013,0.17,-318,-318,-318
1780193377.165334,0.0,0.0,0.013,0.17,-318,-318,-318
1780193377.18828,0.0,0.0,0.013,0.17,-318,-318,-318
1780193377.212682,0.0,0.0,0.013,0.17,-318,-318,-318
1780193377.2351592,0.0,0.0,0.013,0.17,-318,-318,-318
1780193377.2598321,0.0,0.0,0.013,0.17,-318,-318,-318
1780193377.282329,0.0,0.0,0.013,0.17,-318,-318,-318
1780193377.305114,0.0,0.0,0.013,0.17,-318,-318,-318
1780193377.329369,0.0,0.0,0.013,0.17,-318,-318,-318
1780193377.351786,0.0,0.0,0.013,0.17,-318,-318,-318
1780193377.376419,0.0,0.0,0.013,0.17,-318,-318,-318
1780193377.3989198,0.0,0.0,0.013,0.17,-318,-318,-318
1780193377.421896,0.0,0.0,0.013,0.17,-318,-318,-318
1780193377.4460979,0.0,0.0,0.013,0.17,-318,-318,-318
1780193377.4686,0.0,0.0,0.013,0.17,-318,-318,-318
1780193377.494411,0.0,0.0,0.013,0.17,-318,-318,-318
1780193377.516934,0.0,0.0,0.013,0.17,-318,-318,-318
1780193377.539885,0.0,0.0,0.013,0.17,-318,-318,-318
1780193377.552017,0.0,0.0,0.013,0.17,-318,-318,-318
1780193377.57656,0.0,0.0,0.013,0.17,-318,-318,-318
1780193377.5989141,0.0,0.0,0.013,0.17,-318,-318,-318
1780193377.6217291,0.0,0.0,0.013,0.17,-318,-318,-318
1780193377.6457448,0.0,0.0,0.013,0.17,-318,-318,-318
1780193377.668053,0.0,0.0,0.013,0.17,-318,-318,-318
1780193377.6948311,0.0,0.0,0.013,0.17,-318,-318,-318
1780193377.7207391,0.0,0.0,0.013,0.17,-318,-318,-318
1780193377.7448928,0.0,0.0,0.013,0.17,-318,-318,-318
1780193377.767167,0.0,0.0,0.013,0.17,-318,-318,-318
1780193377.790596,0.0,0.0,0.013,0.17,-318,-318,-318
1780193377.802808,0.0,0.0,0.013,0.17,-318,-318,-318
1780193377.82747,0.0,0.0,0.013,0.17,-318,-318,-318
1780193377.8498619,0.0,0.0,0.013,0.17,-318,-318,-318
1780193377.872588,0.0,0.0,0.013,0.17,-318,-318,-318
1780193377.896657,0.0,0.0,0.013,0.17,-318,-318,-318
1780193377.918918,0.0,0.0,0.013,0.17,-318,-318,-318
1780193377.94343,0.0,0.0,0.013,0.17,-318,-318,-318
1780193377.965821,0.0,0.0,0.013,0.17,-318,-318,-318
1780193377.9887109,0.0,0.0,0.013,0.17,-318,-318,-318
1780193378.013021,0.0,0.0,0.013,0.17,-318,-318,-318
1780193378.0354218,0.0,0.0,0.013,0.17,-318,-318,-318
1780193378.0599968,0.0,0.0,0.013,0.17,-318,-318,-318
1780193378.082452,0.0,0.0,0.013,0.17,-318,-318,-318
1780193378.1052,0.0,0.0,0.013,0.17,-318,-318,-318
1780193378.129614,0.0,0.0,0.013,0.17,-318,-318,-318
1780193378.151943,0.0,0.0,0.013,0.17,-318,-318,-318
1780193378.176507,0.0,0.0,0.013,0.17,-318,-318,-318
1780193378.1988008,0.0,0.0,0.013,0.17,-318,-318,-318
1780193378.221667,0.0,0.0,0.013,0.17,-318,-318,-318
1780193378.245673,0.0,0.0,0.013,0.17,-318,-318,-318
1780193378.25631,0.0,0.0,0.013,0.17,-318,-318,-318
1780193378.28038,0.0,0.0,0.013,0.17,-318,-318,-318
1780193378.2928698,0.0,0.0,0.013,0.17,-318,-318,-318
1780193378.3151119,0.0,0.0,0.013,0.17,-318,-318,-318
1780193378.337734,0.0,0.0,0.013,0.17,-318,-318,-318
1780193378.3618119,0.0,0.0,0.013,0.17,-318,-318,-318
1780193378.384104,0.0,0.0,0.013,0.17,-318,-318,-318
1780193378.406796,0.0,0.0,0.013,0.17,-318,-318,-318
1780193378.4188569,0.0,0.0,0.013,0.17,-318,-318,-318
1780193378.443253,0.0,0.0,0.013,0.17,-318,-318,-318
1780193378.46543,0.0,0.0,0.013,0.17,-318,-318,-318
1780193378.488239,0.0,0.0,0.013,0.17,-318,-318,-318
1780193378.512366,0.0,0.0,0.013,0.17,-318,-318,-318
1780193378.534689,0.0,0.0,0.013,0.17,-318,-318,-318
1780193378.5594518,0.0,0.0,0.013,0.17,-318,-318,-318
1780193378.581724,0.0,0.0,0.013,0.17,-318,-318,-318
1780193378.604484,0.0,0.0,0.013,0.17,-318,-318,-318
1780193378.628701,0.0,0.0,0.013,0.17,-318,-318,-318
1780193378.650966,0.0,0.0,0.013,0.17,-318,-318,-318
1780193378.6739461,0.0,0.0,0.013,0.17,-318,-318,-318
1780193378.6861498,0.0,0.0,0.013,0.17,-318,-318,-318
1780193378.710898,0.0,0.0,0.013,0.17,-318,-318,-318
1780193378.7333372,0.0,0.0,0.013,0.17,-318,-318,-318
1780193378.75632,0.0,0.0,0.013,0.17,-318,-318,-318
1780193378.768437,0.0,0.0,0.013,0.17,-318,-318,-318
1780193378.793338,0.0,0.0,0.013,0.17,-318,-318,-318
1780193378.815742,0.0,0.0,0.013,0.17,-318,-318,-318
1780193378.8385642,0.0,0.0,0.013,0.17,-318,-318,-318
1780193378.862785,0.0,0.0,0.013,0.17,-318,-318,-318
1780193378.885268,0.0,0.0,0.013,0.17,-318,-318,-318
1780193378.909889,0.0,0.0,0.013,0.17,-318,-318,-318
1780193378.932204,0.0,0.0,0.013,0.17,-318,-318,-318
1780193378.955128,0.0,0.0,0.013,0.17,-318,-318,-318
1780193378.979404,0.0,0.0,0.013,0.17,-318,-318,-318
1780193379.001759,0.0,0.0,0.013,0.17,-318,-318,-318
1780193379.026377,0.0,0.0,0.013,0.17,-318,-318,-318
1780193379.0486841,0.0,0.0,0.013,0.17,-318,-318,-318
1780193379.0715141,0.0,0.0,0.013,0.17,-318,-318,-318
1780193379.095532,0.0,0.0,0.013,0.17,-318,-318,-318
1780193379.1178648,0.0,0.0,0.013,0.17,-318,-318,-318
1780193379.140526,0.0,0.0,0.013,0.17,-318,-318,-318
1780193379.152544,0.0,0.0,0.013,0.17,-318,-318,-318
1780193379.176981,0.0,0.0,0.013,0.17,-318,-318,-318
1780193379.199292,0.0,0.0,0.013,0.17,-318,-318,-318
1780193379.222265,0.0,0.0,0.013,0.17,-318,-318,-318
1780193379.246411,0.0,0.0,0.013,0.17,-318,-318,-318
1780193379.2686741,0.0,0.0,0.013,0.17,-318,-318,-318
1780193379.29319,0.0,0.0,0.013,0.17,-318,-318,-318
1780193379.303859,0.0,0.0,0.013,0.17,-318,-318,-318
1780193379.327842,0.0,0.0,0.013,0.17,-318,-318,-318
1780193379.3499992,0.0,0.0,0.013,0.17,-318,-318,-318
1780193379.372616,0.0,0.0,0.013,0.17,-318,-318,-318
1780193379.3966,0.0,0.0,0.013,0.17,-318,-318,-318
1780193379.418873,0.0,0.0,0.013,0.17,-318,-318,-318
1780193379.443232,0.0,0.0,0.013,0.17,-318,-318,-318
1780193379.4653811,0.0,0.0,0.013,0.17,-318,-318,-318
1780193379.4881558,0.0,0.0,0.013,0.17,-318,-318,-318
1780193379.5120928,0.0,0.0,0.013,0.17,-318,-318,-318
1780193379.534315,0.0,0.0,0.013,0.17,-318,-318,-318
1780193379.5570822,0.0,0.0,0.013,0.17,-318,-318,-318
1780193379.569015,0.0,0.0,0.013,0.17,-318,-318,-318
1780193379.5934029,0.0,0.0,0.013,0.17,-318,-318,-318
1780193379.615666,0.0,0.0,0.013,0.17,-318,-318,-318
1780193379.63829,0.0,0.0,0.013,0.17,-318,-318,-318
1780193379.66226,0.0,0.0,0.013,0.17,-318,-318,-318
1780193379.684438,0.0,0.0,0.013,0.17,-318,-318,-318
1780193379.706971,0.0,0.0,0.013,0.17,-318,-318,-318
1780193379.718941,0.0,0.0,0.013,0.17,-318,-318,-318
1780193379.743556,0.0,0.0,0.013,0.17,-318,-318,-318
1780193379.7657442,0.0,0.0,0.013,0.17,-318,-318,-318
1780193379.788436,0.0,0.0,0.013,0.17,-318,-318,-318
1780193379.812494,0.0,0.0,0.013,0.17,-318,-318,-318
1780193379.834722,0.0,0.0,0.013,0.17,-318,-318,-318
1780193379.847132,0.0,0.0,0.013,0.17,-318,-318,-318
1780193379.8697228,0.0,0.0,0.013,0.17,-318,-318,-318
1780193379.893795,0.0,0.0,0.013,0.17,-318,-318,-318
1780193379.916026,0.0,0.0,0.013,0.17,-318,-318,-318
1780193379.9386141,0.0,0.0,0.013,0.17,-318,-318,-318
1780193379.962636,0.0,0.0,0.013,0.17,-318,-318,-318
1780193379.985007,0.0,0.0,0.013,0.17,-318,-318,-318
1780193380.009394,0.0,0.0,0.013,0.17,-318,-318,-318
1780193380.031606,0.0,0.0,0.013,0.17,-318,-318,-318
1780193380.054281,0.0,0.0,0.013,0.17,-318,-318,-318
1780193380.078454,0.0,0.0,0.013,0.17,-318,-318,-318
1780193380.100794,0.0,0.0,0.013,0.17,-318,-318,-318
1780193380.1236029,0.0,0.0,0.013,0.17,-318,-318,-318
1780193380.1355572,0.0,0.0,0.013,0.17,-318,-318,-318
1780193380.1601121,0.0,0.0,0.013,0.17,-318,-318,-318
1780193380.182444,0.0,0.0,0.013,0.17,-318,-318,-318
1780193380.205128,0.0,0.0,0.013,0.17,-318,-318,-318
1780193380.229277,0.0,0.0,0.013,0.17,-318,-318,-318
1780193380.251563,0.0,0.0,0.013,0.17,-318,-318,-318
1780193380.276087,0.0,0.0,0.013,0.17,-318,-318,-318
1780193380.298239,0.0,0.0,0.013,0.17,-318,-318,-318
1780193380.32102,0.0,0.0,0.013,0.17,-318,-318,-318
1780193380.345088,0.0,0.0,0.013,0.17,-318,-318,-318
1780193380.3559859,0.0,0.0,0.013,0.17,-318,-318,-318
1780193380.3803468,0.0,0.0,0.013,0.17,-318,-318,-318
1780193380.403113,0.0,0.0,0.013,0.17,-318,-318,-318
1780193380.4272552,0.0,0.0,0.013,0.17,-318,-318,-318
1780193380.4495082,0.0,0.0,0.013,0.17,-318,-318,-318
1780193380.472235,0.0,0.0,0.013,0.17,-318,-318,-318
1780193380.496326,0.0,0.0,0.013,0.17,-318,-318,-318
1780193380.518728,0.0,0.0,0.013,0.17,-318,-318,-318
1780193380.543316,0.0,0.0,0.013,0.17,-318,-318,-318
1780193380.565532,0.0,0.0,0.013,0.17,-318,-318,-318
1780193380.588354,0.0,0.0,0.013,0.17,-318,-318,-318
1780193380.612567,0.0,0.0,0.013,0.17,-318,-318,-318
1780193380.63476,0.0,0.0,0.013,0.17,-318,-318,-318
1780193380.659232,0.0,0.0,0.013,0.17,-318,-318,-318
1780193380.6814752,0.0,0.0,0.013,0.17,-318,-318,-318
1780193380.7040782,0.0,0.0,0.013,0.17,-318,-318,-318
1780193380.728145,0.0,0.0,0.013,0.17,-318,-318,-318
1780193380.750486,0.0,0.0,0.013,0.17,-318,-318,-318
1780193380.7731001,0.0,0.0,0.013,0.17,-318,-318,-318
1780193380.7851388,0.0,0.0,0.013,0.17,-318,-318,-318
1780193380.809611,0.0,0.0,0.013,0.17,-318,-318,-318
1780193380.831851,0.0,0.0,0.013,0.17,-318,-318,-318
1780193380.8545978,0.0,0.0,0.013,0.17,-318,-318,-318
1780193380.878607,0.0,0.0,0.013,0.17,-318,-318,-318
1780193380.8892338,0.0,0.0,0.013,0.17,-318,-318,-318
1780193380.913216,0.0,0.0,0.013,0.17,-318,-318,-318
1780193380.935507,0.0,0.0,0.013,0.17,-318,-318,-318
1780193380.960004,0.0,0.0,0.013,0.17,-318,-318,-318
1780193380.982291,0.0,0.0,0.013,0.17,-318,-318,-318
1780193381.005057,0.0,0.0,0.013,0.17,-318,-318,-318
1780193381.0292091,0.0,0.0,0.013,0.17,-318,-318,-318
1780193381.051452,0.0,0.0,0.013,0.17,-318,-318,-318
1780193381.07598,0.0,0.0,0.013,0.17,-318,-318,-318
1780193381.0980978,0.0,0.0,0.013,0.17,-318,-318,-318
1780193381.120841,0.0,0.0,0.013,0.17,-318,-318,-318
1780193381.145015,0.0,0.0,0.013,0.17,-318,-318,-318
1780193381.167395,0.0,0.0,0.013,0.17,-318,-318,-318
1780193381.1902878,0.0,0.0,0.013,0.17,-318,-318,-318
1780193381.202344,0.0,0.0,0.013,0.17,-318,-318,-318
1780193381.226964,0.0,0.0,0.013,0.17,-318,-318,-318
1780193381.249321,0.0,0.0,0.013,0.17,-318,-318,-318
1780193381.2719848,0.0,0.0,0.013,0.17,-318,-318,-318
1780193381.296112,0.0,0.0,0.013,0.17,-318,-318,-318
1780193381.3184488,0.0,0.0,0.013,0.17,-318,-318,-318
1780193381.34307,0.0,0.0,0.013,0.17,-318,-318,-318
1780193381.3652952,0.0,0.0,0.013,0.17,-318,-318,-318
1780193381.388111,0.0,0.0,0.013,0.17,-318,-318,-318
1780193381.412114,0.0,0.0,0.013,0.17,-318,-318,-318
1780193381.422786,0.0,0.0,0.013,0.17,-318,-318,-318
1780193381.4468522,0.0,0.0,0.013,0.17,-318,-318,-318
1780193381.469501,0.0,0.0,0.013,0.17,-318,-318,-318
1780193381.493408,0.0,0.0,0.013,0.17,-318,-318,-318
1780193381.5156028,0.0,0.0,0.013,0.17,-318,-318,-318
1780193381.538261,0.0,0.0,0.013,0.17,-318,-318,-318
1780193381.562252,0.0,0.0,0.013,0.17,-318,-318,-318
1780193381.5845,0.0,0.0,0.013,0.17,-318,-318,-318
1780193381.607143,0.0,0.0,0.013,0.17,-318,-318,-318
1780193381.629654,0.0,0.0,0.013,0.17,-318,-318,-318
1780193381.651962,0.0,0.0,0.013,0.17,-318,-318,-318
1780193381.676001,0.0,0.0,0.013,0.17,-318,-318,-318
1780193381.698257,0.0,0.0,0.013,0.17,-318,-318,-318
1780193381.72084,0.0,0.0,0.013,0.17,-318,-318,-318
1780193381.744905,0.0,0.0,0.013,0.17,-318,-318,-318
1780193381.7671602,0.0,0.0,0.013,0.17,-318,-318,-318
1780193381.7897558,0.0,0.0,0.013,0.17,-318,-318,-318
1780193381.8018079,0.0,0.0,0.013,0.17,-318,-318,-318
1780193381.8263402,0.0,0.0,0.013,0.17,-318,-318,-318
1780193381.848636,0.0,0.0,0.013,0.17,-318,-318,-318
1780193381.871367,0.0,0.0,0.013,0.17,-318,-318,-318
1780193381.895351,0.0,0.0,0.013,0.17,-318,-318,-318
1780193381.9175181,0.0,0.0,0.013,0.17,-318,-318,-318
1780193381.94051,0.0,0.0,0.013,0.17,-318,-318,-318
1780193381.962899,0.0,0.0,0.013,0.17,-318,-318,-318
1780193381.9852421,0.0,0.0,0.013,0.17,-318,-318,-318
1780193382.009422,0.0,0.0,0.013,0.17,-318,-318,-318
1780193382.0317361,0.0,0.0,0.013,0.17,-318,-318,-318
1780193382.054442,0.0,0.0,0.013,0.17,-318,-318,-318
1780193382.078552,0.0,0.0,0.013,0.17,-318,-318,-318
1780193382.1007931,0.0,0.0,0.013,0.17,-318,-318,-318
1780193382.123509,0.0,0.0,0.013,0.17,-318,-318,-318
1780193382.1355362,0.0,0.0,0.013,0.17,-318,-318,-318
1780193382.1599958,0.0,0.0,0.013,0.17,-318,-318,-318
1780193382.18256,0.0,0.0,0.013,0.17,-318,-318,-318
1780193382.2052631,0.0,0.0,0.013,0.17,-318,-318,-318
1780193382.22961,0.0,0.0,0.013,0.17,-318,-318,-318
1780193382.251982,0.0,0.0,0.013,0.17,-318,-318,-318
1780193382.2767758,0.0,0.0,0.013,0.17,-318,-318,-318
1780193382.299061,0.0,0.0,0.013,0.17,-318,-318,-318
1780193382.3219268,0.0,0.0,0.013,0.17,-318,-318,-318
1780193382.346011,0.0,0.0,0.013,0.17,-318,-318,-318
1780193382.368242,0.0,0.0,0.013,0.17,-318,-318,-318
1780193382.392718,0.0,0.0,0.013,0.17,-318,-318,-318
1780193382.414942,0.0,0.0,0.013,0.17,-318,-318,-318
1780193382.437686,0.0,0.0,0.013,0.17,-318,-318,-318
1780193382.461664,0.0,0.0,0.013,0.17,-318,-318,-318
1780193382.472359,0.0,0.0,0.013,0.17,-318,-318,-318
1780193382.496393,0.0,0.0,0.013,0.17,-318,-318,-318
1780193382.518641,0.0,0.0,0.013,0.17,-318,-318,-318
1780193382.5430431,0.0,0.0,0.013,0.17,-318,-318,-318
1780193382.5653021,0.0,0.0,0.013,0.17,-318,-318,-318
1780193382.5880141,0.0,0.0,0.013,0.17,-318,-318,-318
1780193382.611989,0.0,0.0,0.013,0.17,-318,-318,-318
1780193382.634184,0.0,0.0,0.013,0.17,-318,-318,-318
1780193382.656984,0.0,0.0,0.013,0.17,-318,-318,-318
1780193382.668968,0.0,0.0,0.013,0.17,-318,-318,-318
1780193382.693284,0.0,0.0,0.013,0.17,-318,-318,-318
1780193382.71552,0.0,0.0,0.013,0.17,-318,-318,-318
1780193382.738173,0.0,0.0,0.013,0.17,-318,-318,-318
1780193382.76247,0.0,0.0,0.013,0.17,-318,-318,-318
1780193382.7849028,0.0,0.0,0.013,0.17,-318,-318,-318
1780193382.809644,0.0,0.0,0.013,0.17,-318,-318,-318
1780193382.831979,0.0,0.0,0.013,0.17,-318,-318,-318
1780193382.8548522,0.0,0.0,0.013,0.17,-318,-318,-318
1780193382.878931,0.0,0.0,0.013,0.17,-318,-318,-318
1780193382.9012191,0.0,0.0,0.013,0.17,-318,-318,-318
1780193382.925875,0.0,0.0,0.013,0.17,-318,-318,-318
1780193382.9481442,0.0,0.0,0.013,0.17,-318,-318,-318
1780193382.970701,0.0,0.0,0.013,0.17,-318,-318,-318
1780193382.994758,0.0,0.0,0.013,0.17,-318,-318,-318
1780193383.005374,0.0,0.0,0.013,0.17,-318,-318,-318
1780193383.0294678,0.0,0.0,0.013,0.17,-318,-318,-318
1780193383.0516438,0.0,0.0,0.013,0.17,-318,-318,-318
1780193383.076143,0.0,0.0,0.013,0.17,-318,-318,-318
1780193383.098241,0.0,0.0,0.013,0.17,-318,-318,-318
1780193383.120991,0.0,0.0,0.013,0.17,-318,-318,-318
1780193383.1449,0.0,0.0,0.013,0.17,-318,-318,-318
1780193383.167063,0.0,0.0,0.013,0.17,-318,-318,-318
1780193383.189774,0.0,0.0,0.013,0.17,-318,-318,-318
1780193383.201709,0.0,0.0,0.013,0.17,-318,-318,-318
1780193383.2260349,0.0,0.0,0.013,0.17,-318,-318,-318
1780193383.248487,0.0,0.0,0.013,0.17,-318,-318,-318
1780193383.271178,0.0,0.0,0.013,0.17,-318,-318,-318
1780193383.29529,0.0,0.0,0.013,0.17,-318,-318,-318
1780193383.317552,0.0,0.0,0.013,0.17,-318,-318,-318
1780193383.340229,0.0,0.0,0.013,0.17,-318,-318,-318
1780193383.352291,0.0,0.0,0.013,0.17,-318,-318,-318
1780193383.3767722,0.0,0.0,0.013,0.17,-318,-318,-318
1780193383.3989801,0.0,0.0,0.013,0.17,-318,-318,-318
1780193383.421694,0.0,0.0,0.013,0.17,-318,-318,-318
1780193383.445774,0.0,0.0,0.013,0.17,-318,-318,-318
1780193383.4679208,0.0,0.0,0.013,0.17,-318,-318,-318
1780193383.492368,0.0,0.0,0.013,0.17,-318,-318,-318
1780193383.514559,0.0,0.0,0.013,0.17,-318,-318,-318
1780193383.53709,0.0,0.0,0.013,0.17,-318,-318,-318
1780193383.561258,0.0,0.0,0.013,0.17,-318,-318,-318
1780193383.5834508,0.0,0.0,0.013,0.17,-318,-318,-318
1780193383.605999,0.0,0.0,0.013,0.17,-318,-318,-318
1780193383.617951,0.0,0.0,0.013,0.17,-318,-318,-318
1780193383.642417,0.0,0.0,0.013,0.17,-318,-318,-318
1780193383.6646268,0.0,0.0,0.013,0.17,-318,-318,-318
1780193383.6873841,0.0,0.0,0.013,0.17,-318,-318,-318
1780193383.711661,0.0,0.0,0.013,0.17,-318,-318,-318
1780193383.7339158,0.0,0.0,0.013,0.17,-318,-318,-318
1780193383.756763,0.0,0.0,0.013,0.17,-318,-318,-318
1780193383.768728,0.0,0.0,0.013,0.17,-318,-318,-318
1780193383.793165,0.0,0.0,0.013,0.17,-318,-318,-318
1780193383.815424,0.0,0.0,0.013,0.17,-318,-318,-318
1780193383.8379788,0.0,0.0,0.013,0.17,-318,-318,-318
1780193383.8621461,0.0,0.0,0.013,0.17,-318,-318,-318
1780193383.884424,0.0,0.0,0.013,0.17,-318,-318,-318
1780193383.9070039,0.0,0.0,0.013,0.17,-318,-318,-318
1780193383.91896,0.0,0.0,0.013,0.17,-318,-318,-318
1780193383.943342,0.0,0.0,0.013,0.17,-318,-318,-318
1780193383.9654772,0.0,0.0,0.013,0.17,-318,-318,-318
1780193383.988373,0.0,0.0,0.013,0.17,-318,-318,-318
1780193384.012487,0.0,0.0,0.013,0.17,-318,-318,-318
1780193384.034961,0.0,0.0,0.013,0.17,-318,-318,-318
1780193384.0598888,0.0,0.0,0.013,0.17,-318,-318,-318
1780193384.08218,0.0,0.0,0.013,0.17,-318,-318,-318
1780193384.1048782,0.0,0.0,0.013,0.17,-318,-318,-318
1780193384.129021,0.0,0.0,0.013,0.17,-318,-318,-318
1780193384.151347,0.0,0.0,0.013,0.17,-318,-318,-318
1780193384.1759932,0.0,0.0,0.013,0.17,-318,-318,-318
1780193384.198356,0.0,0.0,0.013,0.17,-318,-318,-318
1780193384.2212212,0.0,0.0,0.013,0.17,-318,-318,-318
1780193384.245379,0.0,0.0,0.013,0.17,-318,-318,-318
1780193384.267691,0.0,0.0,0.013,0.17,-318,-318,-318
1780193384.2922728,0.0,0.0,0.013,0.17,-318,-318,-318
1780193384.314595,0.0,0.0,0.013,0.17,-318,-318,-318
1780193384.337282,0.0,0.0,0.013,0.17,-318,-318,-318
1780193384.361342,0.0,0.0,0.013,0.17,-318,-318,-318
1780193384.383779,0.0,0.0,0.013,0.17,-318,-318,-318
1780193384.406601,0.0,0.0,0.013,0.17,-318,-318,-318
1780193384.418729,0.0,0.0,0.013,0.17,-318,-318,-318
1780193384.443274,0.0,0.0,0.013,0.17,-318,-318,-318
1780193384.4657211,0.0,0.0,0.013,0.17,-318,-318,-318
1780193384.48862,0.0,0.0,0.013,0.17,-318,-318,-318
1780193384.512803,0.0,0.0,0.013,0.17,-318,-318,-318
1780193384.535071,0.0,0.0,0.013,0.17,-318,-318,-318
1780193384.559514,0.0,0.0,0.013,0.17,-318,-318,-318
1780193384.5701811,0.0,0.0,0.013,0.17,-318,-318,-318
1780193384.594228,0.0,0.0,0.013,0.17,-318,-318,-318
1780193384.6167948,0.0,0.0,0.013,0.17,-318,-318,-318
1780193384.639789,0.0,0.0,0.013,0.17,-318,-318,-318
1780193384.652034,0.0,0.0,0.013,0.17,-318,-318,-318
1780193384.676546,0.0,0.0,0.013,0.17,-318,-318,-318
1780193384.698824,0.0,0.0,0.013,0.17,-318,-318,-318
1780193384.721685,0.0,0.0,0.013,0.17,-318,-318,-318
1780193384.7459579,0.0,0.0,0.013,0.17,-318,-318,-318
1780193384.768269,0.0,0.0,0.013,0.17,-318,-318,-318
1780193384.792832,0.0,0.0,0.013,0.17,-318,-318,-318
1780193384.815137,0.0,0.0,0.013,0.17,-318,-318,-318
1780193384.8379142,0.0,0.0,0.013,0.17,-318,-318,-318
1780193384.861984,0.0,0.0,0.013,0.17,-318,-318,-318
1780193384.884217,0.0,0.0,0.013,0.17,-318,-318,-318
1780193384.906789,0.0,0.0,0.013,0.17,-318,-318,-318
1780193384.91871,0.0,0.0,0.013,0.17,-318,-318,-318
1780193384.943087,0.0,0.0,0.013,0.17,-318,-318,-318
1780193384.965266,0.0,0.0,0.013,0.17,-318,-318,-318
1780193384.9879339,0.0,0.0,0.013,0.17,-318,-318,-318
1780193385.012046,0.0,0.0,0.013,0.17,-318,-318,-318
1780193385.034583,0.0,0.0,0.013,0.17,-318,-318,-318
1780193385.059297,0.0,0.0,0.013,0.17,-318,-318,-318
1780193385.081624,0.0,0.0,0.013,0.17,-318,-318,-318
1780193385.104246,0.0,0.0,0.013,0.17,-318,-318,-318
1780193385.1282508,0.0,0.0,0.013,0.17,-318,-318,-318
1780193385.15049,0.0,0.0,0.013,0.17,-318,-318,-318
1780193385.17314,0.0,0.0,0.013,0.17,-318,-318,-318
1780193385.185073,0.0,0.0,0.013,0.17,-318,-318,-318
1780193385.209358,0.0,0.0,0.013,0.17,-318,-318,-318
1780193385.231565,0.0,0.0,0.013,0.17,-318,-318,-318
1780193385.2544372,0.0,0.0,0.013,0.17,-318,-318,-318
1780193385.2783701,0.0,0.0,0.013,0.17,-318,-318,-318
1780193385.3004858,0.0,0.0,0.013,0.17,-318,-318,-318
1780193385.323225,0.0,0.0,0.013,0.17,-318,-318,-318
1780193385.3351538,0.0,0.0,0.013,0.17,-318,-318,-318
1780193385.359487,0.0,0.0,0.013,0.17,-318,-318,-318
1780193385.38169,0.0,0.0,0.013,0.17,-318,-318,-318
1780193385.4041688,0.0,0.0,0.013,0.17,-318,-318,-318
1780193385.42838,0.0,0.0,0.013,0.17,-318,-318,-318
1780193385.450592,0.0,0.0,0.013,0.17,-318,-318,-318
1780193385.473172,0.0,0.0,0.013,0.17,-318,-318,-318
1780193385.485141,0.0,0.0,0.013,0.17,-318,-318,-318
1780193385.50946,0.0,0.0,0.013,0.17,-318,-318,-318
1780193385.531574,0.0,0.0,0.013,0.17,-318,-318,-318
1780193385.554259,0.0,0.0,0.013,0.17,-318,-318,-318
1780193385.578233,0.0,0.0,0.013,0.17,-318,-318,-318
1780193385.60042,0.0,0.0,0.013,0.17,-318,-318,-318
1780193385.6235101,0.0,0.0,0.013,0.17,-318,-318,-318
1780193385.6476579,0.0,0.0,0.013,0.17,-318,-318,-318
1780193385.6704042,0.0,0.0,0.013,0.17,-318,-318,-318
1780193385.6945019,0.0,0.0,0.013,0.17,-318,-318,-318
1780193385.716817,0.0,0.0,0.013,0.17,-318,-318,-318
1780193385.739423,0.0,0.0,0.013,0.17,-318,-318,-318
1780193385.7514849,0.0,0.0,0.013,0.17,-318,-318,-318
1780193385.775899,0.0,0.0,0.013,0.17,-318,-318,-318
1780193385.798343,0.0,0.0,0.013,0.17,-318,-318,-318
1780193385.821088,0.0,0.0,0.013,0.17,-318,-318,-318
1780193385.845435,0.0,0.0,0.013,0.17,-318,-318,-318
1780193385.867798,0.0,0.0,0.013,0.17,-318,-318,-318
1780193385.89238,0.0,0.0,0.013,0.17,-318,-318,-318
1780193385.914696,0.0,0.0,0.013,0.17,-318,-318,-318
1780193385.937383,0.0,0.0,0.013,0.17,-318,-318,-318
1780193385.961448,0.0,0.0,0.013,0.17,-318,-318,-318
1780193385.983787,0.0,0.0,0.013,0.17,-318,-318,-318
1780193386.0066218,0.0,0.0,0.013,0.17,-318,-318,-318
1780193386.018708,0.0,0.0,0.013,0.17,-318,-318,-318
1780193386.0431921,0.0,0.0,0.013,0.17,-318,-318,-318
1780193386.065515,0.0,0.0,0.013,0.17,-318,-318,-318
1780193386.0886788,0.0,0.0,0.013,0.17,-318,-318,-318
1780193386.113018,0.0,0.0,0.013,0.17,-318,-318,-318
1780193386.135853,0.0,0.0,0.013,0.17,-318,-318,-318
1780193386.159863,0.0,0.0,0.013,0.17,-318,-318,-318
1780193386.182112,0.0,0.0,0.013,0.17,-318,-318,-318
1780193386.204791,0.0,0.0,0.013,0.17,-318,-318,-318
1780193386.228873,0.0,0.0,0.013,0.17,-318,-318,-318
1780193386.2512,0.0,0.0,0.013,0.17,-318,-318,-318
1780193386.2756429,0.0,0.0,0.013,0.17,-318,-318,-318
1780193386.297805,0.0,0.0,0.013,0.17,-318,-318,-318
1780193386.320537,0.0,0.0,0.013,0.17,-318,-318,-318
1780193386.344492,0.0,0.0,0.013,0.17,-318,-318,-318
1780193386.36666,0.0,0.0,0.013,0.17,-318,-318,-318
1780193386.389442,0.0,0.0,0.013,0.17,-318,-318,-318
1780193386.401366,0.0,0.0,0.013,0.17,-318,-318,-318
1780193386.425856,0.0,0.0,0.013,0.17,-318,-318,-318
1780193386.448125,0.0,0.0,0.013,0.17,-318,-318,-318
1780193386.470804,0.0,0.0,0.013,0.17,-318,-318,-318
1780193386.494883,0.0,0.0,0.013,0.17,-318,-318,-318
1780193386.5171149,0.0,0.0,0.013,0.17,-318,-318,-318
1780193386.5397189,0.0,0.0,0.013,0.17,-318,-318,-318
1780193386.5517912,0.0,0.0,0.013,0.17,-318,-318,-318
1780193386.57624,0.0,0.0,0.013,0.17,-318,-318,-318
1780193386.5983858,0.0,0.0,0.013,0.17,-318,-318,-318
1780193386.621134,0.0,0.0,0.013,0.17,-318,-318,-318
1780193386.64518,0.0,0.0,0.013,0.17,-318,-318,-318
1780193386.655797,0.0,0.0,0.013,0.17,-318,-318,-318
1780193386.679747,0.0,0.0,0.013,0.17,-318,-318,-318
1780193386.702386,0.0,0.0,0.013,0.17,-318,-318,-318
1780193386.72669,0.0,0.0,0.013,0.17,-318,-318,-318
1780193386.749133,0.0,0.0,0.013,0.17,-318,-318,-318
1780193386.7718852,0.0,0.0,0.013,0.17,-318,-318,-318
1780193386.79603,0.0,0.0,0.013,0.17,-318,-318,-318
1780193386.818423,0.0,0.0,0.013,0.17,-318,-318,-318
1780193386.842929,0.0,0.0,0.013,0.17,-318,-318,-318
1780193386.865213,0.0,0.0,0.013,0.17,-318,-318,-318
1780193386.8880792,0.0,0.0,0.013,0.17,-318,-318,-318
1780193386.9122229,0.0,0.0,0.013,0.17,-318,-318,-318
1780193386.9345012,0.0,0.0,0.013,0.17,-318,-318,-318
1780193386.959027,0.0,0.0,0.013,0.17,-318,-318,-318
1780193386.981299,0.0,0.0,0.013,0.17,-318,-318,-318
1780193387.004182,0.0,0.0,0.013,0.17,-318,-318,-318
1780193387.028314,0.0,0.0,0.013,0.17,-318,-318,-318
1780193387.050561,0.0,0.0,0.013,0.17,-318,-318,-318
1780193387.073401,0.0,0.0,0.013,0.17,-318,-318,-318
1780193387.0855198,0.0,0.0,0.013,0.17,-318,-318,-318
1780193387.109889,0.0,0.0,0.013,0.17,-318,-318,-318
1780193387.132087,0.0,0.0,0.013,0.17,-318,-318,-318
1780193387.154969,0.0,0.0,0.013,0.17,-318,-318,-318
1780193387.1794372,0.0,0.0,0.013,0.17,-318,-318,-318
1780193387.190119,0.0,0.0,0.013,0.17,-318,-318,-318
1780193387.2143092,0.0,0.0,0.013,0.17,-318,-318,-318
1780193387.237042,0.0,0.0,0.013,0.17,-318,-318,-318
1780193387.261149,0.0,0.0,0.013,0.17,-318,-318,-318
1780193387.283506,0.0,0.0,0.013,0.17,-318,-318,-318
1780193387.306228,0.0,0.0,0.013,0.17,-318,-318,-318
1780193387.3183339,0.0,0.0,0.013,0.17,-318,-318,-318
1780193387.342932,0.0,0.0,0.013,0.17,-318,-318,-318
1780193387.365244,0.0,0.0,0.013,0.17,-318,-318,-318
1780193387.388027,0.0,0.0,0.013,0.17,-318,-318,-318
1780193387.411981,0.0,0.0,0.013,0.17,-318,-318,-318
1780193387.4341812,0.0,0.0,0.013,0.17,-318,-318,-318
1780193387.4587462,0.0,0.0,0.013,0.17,-318,-318,-318
1780193387.48098,0.0,0.0,0.013,0.17,-318,-318,-318
1780193387.5036201,0.0,0.0,0.013,0.17,-318,-318,-318
1780193387.52793,0.0,0.0,0.013,0.17,-318,-318,-318
1780193387.550393,0.0,0.0,0.013,0.17,-318,-318,-318
1780193387.573206,0.0,0.0,0.013,0.17,-318,-318,-318
1780193387.585216,0.0,0.0,0.013,0.17,-318,-318,-318
1780193387.609776,0.0,0.0,0.013,0.17,-318,-318,-318
1780193387.632187,0.0,0.0,0.013,0.17,-318,-318,-318
1780193387.655238,0.0,0.0,0.013,0.17,-318,-318,-318
1780193387.67949,0.0,0.0,0.013,0.17,-318,-318,-318
1780193387.7024362,0.0,0.0,0.013,0.17,-318,-318,-318
1780193387.724972,0.0,0.0,0.013,0.17,-318,-318,-318
1780193387.7369978,0.0,0.0,0.013,0.17,-318,-318,-318
1780193387.761653,0.0,0.0,0.013,0.17,-318,-318,-318
1780193387.784043,0.0,0.0,0.013,0.17,-318,-318,-318
1780193387.8067799,0.0,0.0,0.013,0.17,-318,-318,-318
1780193387.818837,0.0,0.0,0.013,0.17,-318,-318,-318
1780193387.8434439,0.0,0.0,0.013,0.17,-318,-318,-318
1780193387.865798,0.0,0.0,0.013,0.17,-318,-318,-318
1780193387.888628,0.0,0.0,0.013,0.17,-318,-318,-318
1780193387.91285,0.0,0.0,0.013,0.17,-318,-318,-318
1780193387.935623,0.0,0.0,0.013,0.17,-318,-318,-318
1780193387.959732,0.0,0.0,0.013,0.17,-318,-318,-318
1780193387.982157,0.0,0.0,0.013,0.17,-318,-318,-318
1780193388.004939,0.0,0.0,0.013,0.17,-318,-318,-318
1780193388.0290592,0.0,0.0,0.013,0.17,-318,-318,-318
1780193388.05134,0.0,0.0,0.013,0.17,-318,-318,-318
1780193388.075992,0.0,0.0,0.013,0.17,-318,-318,-318
1780193388.098221,0.0,0.0,0.013,0.17,-318,-318,-318
1780193388.120966,0.0,0.0,0.013,0.17,-318,-318,-318
1780193388.145122,0.0,0.0,0.013,0.17,-318,-318,-318
1780193388.167412,0.0,0.0,0.013,0.17,-318,-318,-318
1780193388.191935,0.0,0.0,0.013,0.17,-318,-318,-318
1780193388.21419,0.0,0.0,0.013,0.17,-318,-318,-318
1780193388.236908,0.0,0.0,0.013,0.17,-318,-318,-318
1780193388.261083,0.0,0.0,0.013,0.17,-318,-318,-318
1780193388.283443,0.0,0.0,0.013,0.17,-318,-318,-318
1780193388.3060741,0.0,0.0,0.013,0.17,-318,-318,-318
1780193388.318063,0.0,0.0,0.013,0.17,-318,-318,-318
1780193388.342444,0.0,0.0,0.013,0.17,-318,-318,-318
1780193388.364686,0.0,0.0,0.013,0.17,-318,-318,-318
1780193388.3874612,0.0,0.0,0.013,0.17,-318,-318,-318
1780193388.411753,0.0,0.0,0.013,0.17,-318,-318,-318
1780193388.4341152,0.0,0.0,0.013,0.17,-318,-318,-318
1780193388.458802,0.0,0.0,0.013,0.17,-318,-318,-318
1780193388.481235,0.0,0.0,0.013,0.17,-318,-318,-318
1780193388.503906,0.0,0.0,0.013,0.17,-318,-318,-318
1780193388.52802,0.0,0.0,0.013,0.17,-318,-318,-318
1780193388.550286,0.0,0.0,0.013,0.17,-318,-318,-318
1780193388.5729809,0.0,0.0,0.013,0.17,-318,-318,-318
1780193388.5956311,0.0,0.0,0.013,0.17,-318,-318,-318
1780193388.622463,0.0,0.0,0.013,0.17,-318,-318,-318
1780193388.649109,0.0,0.0,0.013,0.17,-318,-318,-318
1780193388.680913,0.0,0.0,0.013,0.17,-318,-318,-318
1780193388.705172,0.0,0.0,0.013,0.17,-318,-318,-318
1780193388.729722,0.0,0.0,0.013,0.17,-318,-318,-318
1780193388.752789,0.0,0.0,0.013,0.17,-318,-318,-318
1780193388.777185,0.0,0.0,0.013,0.17,-318,-318,-318
1780193388.79971,0.0,0.0,0.013,0.17,-318,-318,-318
1780193388.8233979,0.0,0.0,0.013,0.17,-318,-318,-318
1780193388.8463738,0.0,0.0,0.013,0.17,-318,-318,-318
1780193388.869195,0.0,0.0,0.013,0.17,-318,-318,-318
1780193388.8934112,0.0,0.0,0.013,0.17,-318,-318,-318
1780193388.915692,0.0,0.0,0.013,0.17,-318,-318,-318
1780193388.938677,0.0,0.0,0.013,0.17,-318,-318,-318
1780193388.96283,0.0,0.0,0.013,0.17,-318,-318,-318
1780193388.985559,0.0,0.0,0.013,0.17,-318,-318,-318
1780193389.009762,0.0,0.0,0.013,0.17,-318,-318,-318
1780193389.03218,0.0,0.0,0.013,0.17,-318,-318,-318
1780193389.054774,0.0,0.0,0.013,0.17,-318,-318,-318
1780193389.078979,0.0,0.0,0.013,0.17,-318,-318,-318
1780193389.101686,0.0,0.0,0.013,0.17,-318,-318,-318
1780193389.1263208,0.0,0.0,0.013,0.17,-318,-318,-318
1780193389.1486342,0.0,0.0,0.013,0.17,-318,-318,-318
1780193389.1714308,0.0,0.0,0.013,0.17,-318,-318,-318
1780193389.19562,0.0,0.0,0.013,0.17,-318,-318,-318
1780193389.218027,0.0,0.0,0.013,0.17,-318,-318,-318
1780193389.2427468,0.0,0.0,0.013,0.17,-318,-318,-318
1780193389.26507,0.0,0.0,0.013,0.17,-318,-318,-318
1780193389.287843,0.0,0.0,0.013,0.17,-318,-318,-318
1780193389.311931,0.0,0.0,0.013,0.17,-318,-318,-318
1780193389.334263,0.0,0.0,0.013,0.17,-318,-318,-318
1780193389.35872,0.0,0.0,0.013,0.17,-318,-318,-318
1780193389.3809128,0.0,0.0,0.013,0.17,-318,-318,-318
1780193389.4036522,0.0,0.0,0.013,0.17,-318,-318,-318
1780193389.427663,0.0,0.0,0.013,0.17,-318,-318,-318
1780193389.4499269,0.0,0.0,0.013,0.17,-318,-318,-318
1780193389.4727418,0.0,0.0,0.013,0.17,-318,-318,-318
1780193389.4847748,0.0,0.0,0.013,0.17,-318,-318,-318
1780193389.5093608,0.0,0.0,0.013,0.17,-318,-318,-318
1780193389.531868,0.0,0.0,0.013,0.17,-318,-318,-318
1780193389.554432,0.0,0.0,0.013,0.17,-318,-318,-318
1780193389.578517,0.0,0.0,0.013,0.17,-318,-318,-318
1780193389.600797,0.0,0.0,0.013,0.17,-318,-318,-318
1780193389.6252532,0.0,0.0,0.013,0.17,-318,-318,-318
1780193389.6475022,0.0,0.0,0.013,0.17,-318,-318,-318
1780193389.670502,0.0,0.0,0.013,0.17,-318,-318,-318
1780193389.694839,0.0,0.0,0.013,0.17,-318,-318,-318
1780193389.71721,0.0,0.0,0.013,0.17,-318,-318,-318
1780193389.741908,0.0,0.0,0.013,0.17,-318,-318,-318
1780193389.752629,0.0,0.0,0.013,0.17,-318,-318,-318
1780193389.776775,0.0,0.0,0.013,0.17,-318,-318,-318
1780193389.799134,0.0,0.0,0.013,0.17,-318,-318,-318
1780193389.8219461,0.0,0.0,0.013,0.17,-318,-318,-318
1780193389.8461068,0.0,0.0,0.013,0.17,-318,-318,-318
1780193389.86901,0.0,0.0,0.013,0.17,-318,-318,-318
1780193389.893374,0.0,0.0,0.013,0.17,-318,-318,-318
1780193389.915754,0.0,0.0,0.013,0.17,-318,-318,-318
1780193389.9385679,0.0,0.0,0.013,0.17,-318,-318,-318
1780193389.9627142,0.0,0.0,0.013,0.17,-318,-318,-318
1780193389.985496,0.0,0.0,0.013,0.17,-318,-318,-318
1780193390.009546,0.0,0.0,0.013,0.17,-318,-318,-318
1780193390.031841,0.0,0.0,0.013,0.17,-318,-318,-318
1780193390.054395,0.0,0.0,0.013,0.17,-318,-318,-318
1780193390.078486,0.0,0.0,0.013,0.17,-318,-318,-318
1780193390.100936,0.0,0.0,0.013,0.17,-318,-318,-318
1780193390.125925,0.0,0.0,0.013,0.17,-318,-318,-318
1780193390.14818,0.0,0.0,0.013,0.17,-318,-318,-318
1780193390.1710851,0.0,0.0,0.013,0.17,-318,-318,-318
1780193390.195412,0.0,0.0,0.013,0.17,-318,-318,-318
1780193390.2178738,0.0,0.0,0.013,0.17,-318,-318,-318
1780193390.2424479,0.0,0.0,0.013,0.17,-318,-318,-318
1780193390.264778,0.0,0.0,0.013,0.17,-318,-318,-318
1780193390.28758,0.0,0.0,0.013,0.17,-318,-318,-318
1780193390.3117728,0.0,0.0,0.013,0.17,-318,-318,-318
1780193390.3341281,0.0,0.0,0.013,0.17,-318,-318,-318
1780193390.358745,0.0,0.0,0.013,0.17,-318,-318,-318
1780193390.380985,0.0,0.0,0.013,0.17,-318,-318,-318
1780193390.403872,0.0,0.0,0.013,0.17,-318,-318,-318
1780193390.4280279,0.0,0.0,0.013,0.17,-318,-318,-318
1780193390.450283,0.0,0.0,0.013,0.17,-318,-318,-318
1780193390.4731588,0.0,0.0,0.013,0.17,-318,-318,-318
1780193390.485298,0.0,0.0,0.013,0.17,-318,-318,-318
1780193390.510001,0.0,0.0,0.013,0.17,-318,-318,-318
1780193390.532393,0.0,0.0,0.013,0.17,-318,-318,-318
1780193390.555094,0.0,0.0,0.013,0.17,-318,-318,-318
1780193390.57923,0.0,0.0,0.013,0.17,-318,-318,-318
1780193390.601572,0.0,0.0,0.013,0.17,-318,-318,-318
1780193390.6260679,0.0,0.0,0.013,0.17,-318,-318,-318
1780193390.648308,0.0,0.0,0.013,0.17,-318,-318,-318
1780193390.6711411,0.0,0.0,0.013,0.17,-318,-318,-318
1780193390.696005,0.0,0.0,0.013,0.17,-318,-318,-318
1780193390.718905,0.0,0.0,0.013,0.17,-318,-318,-318
1780193390.743021,0.0,0.0,0.013,0.17,-318,-318,-318
1780193390.765408,0.0,0.0,0.013,0.17,-318,-318,-318
1780193390.7881,0.0,0.0,0.013,0.17,-318,-318,-318
1780193390.812263,0.0,0.0,0.013,0.17,-318,-318,-318
1780193390.8346071,0.0,0.0,0.013,0.17,-318,-318,-318
1780193390.859209,0.0,0.0,0.013,0.17,-318,-318,-318
1780193390.881577,0.0,0.0,0.013,0.17,-318,-318,-318
1780193390.904775,0.0,0.0,0.013,0.17,-318,-318,-318
1780193390.929035,0.0,0.0,0.013,0.17,-318,-318,-318
1780193390.951514,0.0,0.0,0.013,0.17,-318,-318,-318
1780193390.9761379,0.0,0.0,0.013,0.17,-318,-318,-318
1780193390.998539,0.0,0.0,0.013,0.17,-318,-318,-318
1780193391.021502,0.0,0.0,0.013,0.17,-318,-318,-318
1780193391.0456479,0.0,0.0,0.013,0.17,-318,-318,-318
1780193391.067999,0.0,0.0,0.013,0.17,-318,-318,-318
1780193391.092602,0.0,0.0,0.013,0.17,-318,-318,-318
1780193391.114911,0.0,0.0,0.013,0.17,-318,-318,-318
1780193391.1377542,0.0,0.0,0.013,0.17,-318,-318,-318
1780193391.161876,0.0,0.0,0.013,0.17,-318,-318,-318
1780193391.184159,0.0,0.0,0.013,0.17,-318,-318,-318
1780193391.208871,0.0,0.0,0.013,0.17,-318,-318,-318
1780193391.231271,0.0,0.0,0.013,0.17,-318,-318,-318
1780193391.254007,0.0,0.0,0.013,0.17,-318,-318,-318
1780193391.2782059,0.0,0.0,0.013,0.17,-318,-318,-318
1780193391.3006248,0.0,0.0,0.013,0.17,-318,-318,-318
1780193391.313081,0.0,0.0,0.013,0.17,-318,-318,-318
1780193391.335958,0.0,0.0,0.013,0.17,-318,-318,-318
1780193391.3600168,0.0,0.0,0.013,0.17,-318,-318,-318
1780193391.382329,0.0,0.0,0.013,0.17,-318,-318,-318
1780193391.405283,0.0,0.0,0.013,0.17,-318,-318,-318
1780193391.417449,0.0,0.0,0.013,0.17,-318,-318,-318
1780193391.441974,0.0,0.0,0.013,0.17,-318,-318,-318
1780193391.464545,0.0,0.0,0.013,0.17,-318,-318,-318
1780193391.487343,0.0,0.0,0.013,0.17,-318,-318,-318
1780193391.511584,0.0,0.0,0.013,0.17,-318,-318,-318
1780193391.534003,0.0,0.0,0.013,0.17,-318,-318,-318
1780193391.558621,0.0,0.0,0.013,0.17,-318,-318,-318
1780193391.580928,0.0,0.0,0.013,0.17,-318,-318,-318
1780193391.603795,0.0,0.0,0.013,0.17,-318,-318,-318
1780193391.627881,0.0,0.0,0.013,0.17,-318,-318,-318
1780193391.6501582,0.0,0.0,0.013,0.17,-318,-318,-318
1780193391.6730042,0.0,0.0,0.013,0.17,-318,-318,-318
1780193391.685021,0.0,0.0,0.013,0.17,-318,-318,-318
1780193391.71027,0.0,0.0,0.013,0.17,-318,-318,-318
1780193391.733307,0.0,0.0,0.013,0.17,-318,-318,-318
1780193391.758501,0.0,0.0,0.013,0.17,-318,-318,-318
1780193391.7813451,0.0,0.0,0.013,0.17,-318,-318,-318
1780193391.8045251,0.0,0.0,0.013,0.17,-318,-318,-318
1780193391.828724,0.0,0.0,0.013,0.17,-318,-318,-318
1780193391.8395038,0.0,0.0,0.013,0.17,-318,-318,-318
1780193391.863521,0.0,0.0,0.013,0.17,-318,-318,-318
1780193391.88625,0.0,0.0,0.013,0.17,-318,-318,-318
1780193391.9104362,0.0,0.0,0.013,0.17,-318,-318,-318
1780193391.932796,0.0,0.0,0.013,0.17,-318,-318,-318
1780193391.955501,0.0,0.0,0.013,0.17,-318,-318,-318
1780193391.9779809,0.0,0.0,0.013,0.17,-318,-318,-318
1780193392.000513,0.0,0.0,0.013,0.17,-318,-318,-318
1780193392.022969,0.0,0.0,0.013,0.17,-318,-318,-318
1780193392.034983,0.0,0.0,0.013,0.17,-318,-318,-318
1780193392.059507,0.0,0.0,0.013,0.17,-318,-318,-318
1780193392.0817559,0.0,0.0,0.013,0.17,-318,-318,-318
1780193392.104505,0.0,0.0,0.013,0.17,-318,-318,-318
1780193392.12856,0.0,0.0,0.013,0.17,-318,-318,-318
1780193392.15083,0.0,0.0,0.013,0.17,-318,-318,-318
1780193392.175308,0.0,0.0,0.013,0.17,-318,-318,-318
1780193392.1974158,0.0,0.0,0.013,0.17,-318,-318,-318
1780193392.220202,0.0,0.0,0.013,0.17,-318,-318,-318
1780193392.244257,0.0,0.0,0.013,0.17,-318,-318,-318
1780193392.266551,0.0,0.0,0.013,0.17,-318,-318,-318
1780193392.289377,0.0,0.0,0.013,0.17,-318,-318,-318
1780193392.3014772,0.0,0.0,0.013,0.17,-318,-318,-318
1780193392.3260102,0.0,0.0,0.013,0.17,-318,-318,-318
1780193392.348261,0.0,0.0,0.013,0.17,-318,-318,-318
1780193392.370878,0.0,0.0,0.013,0.17,-318,-318,-318
1780193392.395316,0.0,0.0,0.013,0.17,-318,-318,-318
1780193392.418186,0.0,0.0,0.013,0.17,-318,-318,-318
1780193392.442726,0.0,0.0,0.013,0.17,-318,-318,-318
1780193392.464895,0.0,0.0,0.013,0.17,-318,-318,-318
1780193392.4877179,0.0,0.0,0.013,0.17,-318,-318,-318
1780193392.511919,0.0,0.0,0.013,0.17,-318,-318,-318
1780193392.534178,0.0,0.0,0.013,0.17,-318,-318,-318
1780193392.558657,0.0,0.0,0.013,0.17,-318,-318,-318
1780193392.58094,0.0,0.0,0.013,0.17,-318,-318,-318
1780193392.603557,0.0,0.0,0.013,0.17,-318,-318,-318
1780193392.62766,0.0,0.0,0.013,0.17,-318,-318,-318
1780193392.6499178,0.0,0.0,0.013,0.17,-318,-318,-318
1780193392.672632,0.0,0.0,0.013,0.17,-318,-318,-318
1780193392.684715,0.0,0.0,0.013,0.17,-318,-318,-318
1780193392.709346,0.0,0.0,0.013,0.17,-318,-318,-318
1780193392.7316391,0.0,0.0,0.013,0.17,-318,-318,-318
1780193392.754465,0.0,0.0,0.013,0.17,-318,-318,-318
1780193392.778582,0.0,0.0,0.013,0.17,-318,-318,-318
1780193392.8008692,0.0,0.0,0.013,0.17,-318,-318,-318
1780193392.825433,0.0,0.0,0.013,0.17,-318,-318,-318
1780193392.8477561,0.0,0.0,0.013,0.17,-318,-318,-318
1780193392.870456,0.0,0.0,0.013,0.17,-318,-318,-318
1780193392.8946078,0.0,0.0,0.013,0.17,-318,-318,-318
1780193392.905319,0.0,0.0,0.013,0.17,-318,-318,-318
1780193392.929485,0.0,0.0,0.013,0.17,-318,-318,-318
1780193392.95225,0.0,0.0,0.013,0.17,-318,-318,-318
1780193392.976223,0.0,0.0,0.013,0.17,-318,-318,-318
1780193392.9985018,0.0,0.0,0.013,0.17,-318,-318,-318
1780193393.021433,0.0,0.0,0.013,0.17,-318,-318,-318
1780193393.045561,0.0,0.0,0.013,0.17,-318,-318,-318
1780193393.0686772,0.0,0.0,0.013,0.17,-318,-318,-318
1780193393.0929081,0.0,0.0,0.013,0.17,-318,-318,-318
1780193393.115329,0.0,0.0,0.013,0.17,-318,-318,-318
1780193393.138348,0.0,0.0,0.013,0.17,-318,-318,-318
1780193393.1625369,0.0,0.0,0.013,0.17,-318,-318,-318
1780193393.1854699,0.0,0.0,0.013,0.17,-318,-318,-318
1780193393.209613,0.0,0.0,0.013,0.17,-318,-318,-318
1780193393.2318752,0.0,0.0,0.013,0.17,-318,-318,-318
1780193393.254805,0.0,0.0,0.013,0.17,-318,-318,-318
1780193393.278914,0.0,0.0,0.013,0.17,-318,-318,-318
1780193393.3013382,0.0,0.0,0.013,0.17,-318,-318,-318
1780193393.326088,0.0,0.0,0.013,0.17,-318,-318,-318
1780193393.3484359,0.0,0.0,0.013,0.17,-318,-318,-318
1780193393.371209,0.0,0.0,0.013,0.17,-318,-318,-318
1780193393.395332,0.0,0.0,0.013,0.17,-318,-318,-318
1780193393.417761,0.0,0.0,0.013,0.17,-318,-318,-318
1780193393.440615,0.0,0.0,0.013,0.17,-318,-318,-318
1780193393.464808,0.0,0.0,0.013,0.17,-318,-318,-318
1780193393.487722,0.0,0.0,0.013,0.17,-318,-318,-318
1780193393.511987,0.0,0.0,0.013,0.17,-318,-318,-318
1780193393.534323,0.0,0.0,0.013,0.17,-318,-318,-318
1780193393.558878,0.0,0.0,0.013,0.17,-318,-318,-318
1780193393.581252,0.0,0.0,0.013,0.17,-318,-318,-318
1780193393.603937,0.0,0.0,0.013,0.17,-318,-318,-318
1780193393.628087,0.0,0.0,0.013,0.17,-318,-318,-318
1780193393.650465,0.0,0.0,0.013,0.17,-318,-318,-318
1780193393.675062,0.0,0.0,0.013,0.17,-318,-318,-318
1780193393.69733,0.0,0.0,0.013,0.17,-318,-318,-318
1780193393.7201412,0.0,0.0,0.013,0.17,-318,-318,-318
1780193393.744283,0.0,0.0,0.013,0.17,-318,-318,-318
1780193393.766649,0.0,0.0,0.013,0.17,-318,-318,-318
1780193393.789504,0.0,0.0,0.013,0.17,-318,-318,-318
1780193393.801568,0.0,0.0,0.013,0.17,-318,-318,-318
1780193393.826114,0.0,0.0,0.013,0.17,-318,-318,-318
1780193393.848573,0.0,0.0,0.013,0.17,-318,-318,-318
1780193393.871273,0.0,0.0,0.013,0.17,-318,-318,-318
1780193393.895405,0.0,0.0,0.013,0.17,-318,-318,-318
1780193393.9176881,0.0,0.0,0.013,0.17,-318,-318,-318
1780193393.9421802,0.0,0.0,0.013,0.17,-318,-318,-318
1780193393.96442,0.0,0.0,0.013,0.17,-318,-318,-318
1780193393.9872,0.0,0.0,0.013,0.17,-318,-318,-318
1780193394.011286,0.0,0.0,0.013,0.17,-318,-318,-318
1780193394.03365,0.0,0.0,0.013,0.17,-318,-318,-318
1780193394.05817,0.0,0.0,0.013,0.17,-318,-318,-318
1780193394.0803719,0.0,0.0,0.013,0.17,-318,-318,-318
1780193394.103382,0.0,0.0,0.013,0.17,-318,-318,-318
1780193394.12791,0.0,0.0,0.013,0.17,-318,-318,-318
1780193394.150572,0.0,0.0,0.013,0.17,-318,-318,-318
1780193394.174981,0.0,0.0,0.013,0.17,-318,-318,-318
1780193394.197238,0.0,0.0,0.013,0.17,-318,-318,-318
1780193394.220028,0.0,0.0,0.013,0.17,-318,-318,-318
1780193394.243992,0.0,0.0,0.013,0.17,-318,-318,-318
1780193394.2662249,0.0,0.0,0.013,0.17,-318,-318,-318
1780193394.2894201,0.0,0.0,0.013,0.17,-318,-318,-318
1780193394.3017468,0.0,0.0,0.013,0.17,-318,-318,-318
1780193394.3268962,0.0,0.0,0.013,0.17,-318,-318,-318
1780193394.349666,0.0,0.0,0.013,0.17,-318,-318,-318
1780193394.372632,0.0,0.0,0.013,0.17,-318,-318,-318
1780193394.3847098,0.0,0.0,0.013,0.17,-318,-318,-318
1780193394.40913,0.0,0.0,0.013,0.17,-318,-318,-318
1780193394.431381,0.0,0.0,0.013,0.17,-318,-318,-318
1780193394.454155,0.0,0.0,0.013,0.17,-318,-318,-318
1780193394.478304,0.0,0.0,0.013,0.17,-318,-318,-318
1780193394.5005162,0.0,0.0,0.013,0.17,-318,-318,-318
1780193394.5251288,0.0,0.0,0.013,0.17,-318,-318,-318
1780193394.5473988,0.0,0.0,0.013,0.17,-318,-318,-318
1780193394.570076,0.0,0.0,0.013,0.17,-318,-318,-318
1780193394.5941591,0.0,0.0,0.013,0.17,-318,-318,-318
1780193394.6164732,0.0,0.0,0.013,0.17,-318,-318,-318
1780193394.639233,0.0,0.0,0.013,0.17,-318,-318,-318
1780193394.651291,0.0,0.0,0.013,0.17,-318,-318,-318
1780193394.675714,0.0,0.0,0.013,0.17,-318,-318,-318
1780193394.697972,0.0,0.0,0.013,0.17,-318,-318,-318
1780193394.720834,0.0,0.0,0.013,0.17,-318,-318,-318
1780193394.744944,0.0,0.0,0.013,0.17,-318,-318,-318
1780193394.767115,0.0,0.0,0.013,0.17,-318,-318,-318
1780193394.791776,0.0,0.0,0.013,0.17,-318,-318,-318
1780193394.814053,0.0,0.0,0.013,0.17,-318,-318,-318
1780193394.8367538,0.0,0.0,0.013,0.17,-318,-318,-318
1780193394.8609312,0.0,0.0,0.013,0.17,-318,-318,-318
1780193394.8832798,0.0,0.0,0.013,0.17,-318,-318,-318
1780193394.905951,0.0,0.0,0.013,0.17,-318,-318,-318
1780193394.918252,0.0,0.0,0.013,0.17,-318,-318,-318
1780193394.942657,0.0,0.0,0.013,0.17,-318,-318,-318
1780193394.965014,0.0,0.0,0.013,0.17,-318,-318,-318
1780193394.987912,0.0,0.0,0.013,0.17,-318,-318,-318
1780193395.012218,0.0,0.0,0.013,0.17,-318,-318,-318
1780193395.035137,0.0,0.0,0.013,0.17,-318,-318,-318
1780193395.059402,0.0,0.0,0.013,0.17,-318,-318,-318
1780193395.0817,0.0,0.0,0.013,0.17,-318,-318,-318
1780193395.104434,0.0,0.0,0.013,0.17,-318,-318,-318
1780193395.128605,0.0,0.0,0.013,0.17,-318,-318,-318
1780193395.1508858,0.0,0.0,0.013,0.17,-318,-318,-318
1780193395.1753888,0.0,0.0,0.013,0.17,-318,-318,-318
1780193395.197622,0.0,0.0,0.013,0.17,-318,-318,-318
1780193395.220442,0.0,0.0,0.013,0.17,-318,-318,-318
1780193395.24453,0.0,0.0,0.013,0.17,-318,-318,-318
1780193395.2668679,0.0,0.0,0.013,0.17,-318,-318,-318
1780193395.291903,0.0,0.0,0.013,0.17,-318,-318,-318
1780193395.314278,0.0,0.0,0.013,0.17,-318,-318,-318
1780193395.3370712,0.0,0.0,0.013,0.17,-318,-318,-318
1780193395.3613708,0.0,0.0,0.013,0.17,-318,-318,-318
1780193395.3837461,0.0,0.0,0.013,0.17,-318,-318,-318
1780193395.408318,0.0,0.0,0.013,0.17,-318,-318,-318
1780193395.430691,0.0,0.0,0.013,0.17,-318,-318,-318
1780193395.453551,0.0,0.0,0.013,0.17,-318,-318,-318
1780193395.477607,0.0,0.0,0.013,0.17,-318,-318,-318
1780193395.4882822,0.0,0.0,0.013,0.17,-318,-318,-318
1780193395.51246,0.0,0.0,0.013,0.17,-318,-318,-318
1780193395.535331,0.0,0.0,0.013,0.17,-318,-318,-318
1780193395.559532,0.0,0.0,0.013,0.17,-318,-318,-318
1780193395.5818748,0.0,0.0,0.013,0.17,-318,-318,-318
1780193395.604585,0.0,0.0,0.013,0.17,-318,-318,-318
1780193395.628719,0.0,0.0,0.013,0.17,-318,-318,-318
1780193395.651137,0.0,0.0,0.013,0.17,-318,-318,-318
1780193395.6756322,0.0,0.0,0.013,0.17,-318,-318,-318
1780193395.6978612,0.0,0.0,0.013,0.17,-318,-318,-318
1780193395.720644,0.0,0.0,0.013,0.17,-318,-318,-318
1780193395.744719,0.0,0.0,0.013,0.17,-318,-318,-318
1780193395.766987,0.0,0.0,0.013,0.17,-318,-318,-318
1780193395.791611,0.0,0.0,0.013,0.17,-318,-318,-318
1780193395.813921,0.0,0.0,0.013,0.17,-318,-318,-318
1780193395.836606,0.0,0.0,0.013,0.17,-318,-318,-318
1780193395.8607428,0.0,0.0,0.013,0.17,-318,-318,-318
1780193395.88305,0.0,0.0,0.013,0.17,-318,-318,-318
1780193395.905659,0.0,0.0,0.013,0.17,-318,-318,-318
1780193395.927938,0.0,0.0,0.013,0.17,-318,-318,-318
1780193395.950055,0.0,0.0,0.013,0.17,-318,-318,-318
1780193395.972354,0.0,0.0,0.013,0.17,-318,-318,-318
1780193395.984393,0.0,0.0,0.013,0.17,-318,-318,-318
1780193396.008975,0.0,0.0,0.013,0.17,-318,-318,-318
1780193396.03133,0.0,0.0,0.013,0.17,-318,-318,-318
1780193396.0543559,0.0,0.0,0.013,0.17,-318,-318,-318
1780193396.0787342,0.0,0.0,0.013,0.17,-318,-318,-318
1780193396.1010282,0.0,0.0,0.013,0.17,-318,-318,-318
1780193396.125579,0.0,0.0,0.013,0.17,-318,-318,-318
1780193396.147847,0.0,0.0,0.013,0.17,-318,-318,-318
1780193396.1706061,0.0,0.0,0.013,0.17,-318,-318,-318
1780193396.19467,0.0,0.0,0.013,0.17,-318,-318,-318
1780193396.217195,0.0,0.0,0.013,0.17,-318,-318,-318
1780193396.2417789,0.0,0.0,0.013,0.17,-318,-318,-318
1780193396.26409,0.0,0.0,0.013,0.17,-318,-318,-318
1780193396.286794,0.0,0.0,0.013,0.17,-318,-318,-318
1780193396.310872,0.0,0.0,0.013,0.17,-318,-318,-318
1780193396.333225,0.0,0.0,0.013,0.17,-318,-318,-318
1780193396.35587,0.0,0.0,0.013,0.17,-318,-318,-318
1780193396.367904,0.0,0.0,0.013,0.17,-318,-318,-318
1780193396.392365,0.0,0.0,0.013,0.17,-318,-318,-318
1780193396.414536,0.0,0.0,0.013,0.17,-318,-318,-318
1780193396.437291,0.0,0.0,0.013,0.17,-318,-318,-318
1780193396.461605,0.0,0.0,0.013,0.17,-318,-318,-318
1780193396.483903,0.0,0.0,0.013,0.17,-318,-318,-318
1780193396.508394,0.0,0.0,0.013,0.17,-318,-318,-318
1780193396.519082,0.0,0.0,0.013,0.17,-318,-318,-318
1780193396.543147,0.0,0.0,0.013,0.17,-318,-318,-318
1780193396.565456,0.0,0.0,0.013,0.17,-318,-318,-318
1780193396.58816,0.0,0.0,0.013,0.17,-318,-318,-318
1780193396.612301,0.0,0.0,0.013,0.17,-318,-318,-318
1780193396.6351202,0.0,0.0,0.013,0.17,-318,-318,-318
1780193396.6591601,0.0,0.0,0.013,0.17,-318,-318,-318
1780193396.681456,0.0,0.0,0.013,0.17,-318,-318,-318
1780193396.704361,0.0,0.0,0.013,0.17,-318,-318,-318
1780193396.728703,0.0,0.0,0.013,0.17,-318,-318,-3
1780193396.750912,0.0,0.0,0.013,0.17,-318,-318,-318
1780193396.77568,0.0,0.0,0.013,0.17,-318,-318,-318
1780193396.7979252,0.0,0.0,0.013,0.17,-318,-318,-318
1780193396.820631,0.0,0.0,0.013,0.17,-318,-318,-318
1780193396.844762,0.0,0.0,0.013,0.17,-318,-318,-318
1780193396.867074,0.0,0.0,0.013,0.17,-318,-318,-318
1780193396.891584,0.0,0.0,0.013,0.17,-318,-318,-318
1780193396.913811,0.0,0.0,0.013,0.17,-318,-318,-318
1780193396.937094,0.0,0.0,0.013,0.17,-318,-318,-318
1780193396.9616342,0.0,0.0,0.013,0.17,-318,-318,-318
1780193396.983957,0.0,0.0,0.013,0.17,-318,-318,-318
1780193397.008608,0.0,0.0,0.013,0.17,-318,-318,-318
1780193397.030974,0.0,0.0,0.013,0.17,-318,-318,-318
1780193397.053714,0.0,0.0,0.013,0.17,-318,-318,-318
1780193397.078764,0.0,0.0,0.013,0.17,-318,-318,-318
1780193397.101999,0.0,0.0,0.013,0.17,-318,-318,-318
1780193397.126195,0.0,0.0,0.013,0.17,-318,-318,-318
1780193397.1483672,0.0,0.0,0.013,0.17,-318,-318,-318
1780193397.171205,0.0,0.0,0.013,0.17,-318,-318,-318
1780193397.195282,0.0,0.0,0.013,0.17,-318,-318,-318
1780193397.2175932,0.0,0.0,0.013,0.17,-318,-318,-318
1780193397.242047,0.0,0.0,0.013,0.17,-318,-318,-318
1780193397.264367,0.0,0.0,0.013,0.17,-318,-318,-318
1780193397.2869718,0.0,0.0,0.013,0.17,-318,-318,-318
1780193397.3110778,0.0,0.0,0.013,0.17,-318,-318,-318
1780193397.333396,0.0,0.0,0.013,0.17,-318,-318,-318
1780193397.356055,0.0,0.0,0.013,0.17,-318,-318,-318
1780193397.368117,0.0,0.0,0.013,0.17,-318,-318,-318
1780193397.392577,0.0,0.0,0.013,0.17,-318,-318,-318
1780193397.4147918,0.0,0.0,0.013,0.17,-318,-318,-318
1780193397.43762,0.0,0.0,0.013,0.17,-318,-318,-318
1780193397.461657,0.0,0.0,0.013,0.17,-318,-318,-318
1780193397.4839911,0.0,0.0,0.013,0.17,-318,-318,-318
1780193397.508522,0.0,0.0,0.013,0.17,-318,-318,-318
1780193397.5308218,0.0,0.0,0.013,0.17,-318,-318,-318
1780193397.553536,0.0,0.0,0.013,0.17,-318,-318,-318
1780193397.577564,0.0,0.0,0.013,0.17,-318,-318,-318
1780193397.599832,0.0,0.0,0.013,0.17,-318,-318,-318
1780193397.622607,0.0,0.0,0.013,0.17,-318,-318,-318
1780193397.63463,0.0,0.0,0.013,0.17,-318,-318,-318
1780193397.659026,0.0,0.0,0.013,0.17,-318,-318,-318
1780193397.6812239,0.0,0.0,0.013,0.17,-318,-318,-318
1780193397.7039979,0.0,0.0,0.013,0.17,-318,-318,-318
1780193397.728052,0.0,0.0,0.013,0.17,-318,-318,-318
1780193397.750336,0.0,0.0,0.013,0.17,-318,-318,-318
1780193397.7749069,0.0,0.0,0.013,0.17,-318,-318,-318
1780193397.7971818,0.0,0.0,0.013,0.17,-318,-318,-318
1780193397.819883,0.0,0.0,0.013,0.17,-318,-318,-318
1780193397.843955,0.0,0.0,0.013,0.17,-318,-318,-318
1780193397.86622,0.0,0.0,0.013,0.17,-318,-318,-318
1780193397.888891,0.0,0.0,0.013,0.17,-318,-318,-318
1780193397.900948,0.0,0.0,0.013,0.17,-318,-318,-318
1780193397.925359,0.0,0.0,0.013,0.17,-318,-318,-318
1780193397.9476879,0.0,0.0,0.013,0.17,-318,-318,-318
1780193397.9704661,0.0,0.0,0.013,0.17,-318,-318,-318
1780193397.994575,0.0,0.0,0.013,0.17,-318,-318,-318
1780193398.016833,0.0,0.0,0.013,0.17,-318,-318,-318
1780193398.0414789,0.0,0.0,0.013,0.17,-318,-318,-318
1780193398.0640562,0.0,0.0,0.013,0.17,-318,-318,-318
1780193398.087564,0.0,0.0,0.013,0.17,-318,-318,-318
1780193398.111941,0.0,0.0,0.013,0.17,-318,-318,-318
1780193398.134448,0.0,0.0,0.013,0.17,-318,-318,-318
1780193398.1591449,0.0,0.0,0.013,0.17,-318,-318,-318
1780193398.181518,0.0,0.0,0.013,0.17,-318,-318,-318
1780193398.204473,0.0,0.0,0.013,0.17,-318,-318,-318
1780193398.2288792,0.0,0.0,0.013,0.17,-318,-318,-318
1780193398.251758,0.0,0.0,0.013,0.17,-318,-318,-318
1780193398.276014,0.0,0.0,0.013,0.17,-318,-318,-318
1780193398.298392,0.0,0.0,0.013,0.17,-318,-318,-318
1780193398.321216,0.0,0.0,0.013,0.17,-318,-318,-318
1780193398.345561,0.0,0.0,0.013,0.17,-318,-318,-318
1780193398.3685539,0.0,0.0,0.013,0.17,-318,-318,-318
1780193398.39273,0.0,0.0,0.013,0.17,-318,-318,-318
1780193398.415008,0.0,0.0,0.013,0.17,-318,-318,-318
1780193398.437939,0.0,0.0,0.013,0.17,-318,-318,-318
1780193398.462107,0.0,0.0,0.013,0.17,-318,-318,-318
1780193398.4849331,0.0,0.0,0.013,0.17,-318,-318,-318
1780193398.5091252,0.0,0.0,0.013,0.17,-318,-318,-318
1780193398.53152,0.0,0.0,0.013,0.17,-318,-318,-318
1780193398.5544052,0.0,0.0,0.013,0.17,-318,-318,-318
1780193398.578741,0.0,0.0,0.013,0.17,-318,-318,-318
1780193398.601196,0.0,0.0,0.013,0.17,-318,-318,-318
1780193398.624091,0.0,0.0,0.013,0.17,-318,-318,-318
1780193398.6483798,0.0,0.0,0.013,0.17,-318,-318,-318
1780193398.671255,0.0,0.0,0.013,0.17,-318,-318,-318
1780193398.695528,0.0,0.0,0.013,0.17,-318,-318,-318
1780193398.71843,0.0,0.0,0.013,0.17,-318,-318,-318
1780193398.742614,0.0,0.0,0.013,0.17,-318,-318,-318
1780193398.765009,0.0,0.0,0.013,0.17,-318,-318,-318
1780193398.787766,0.0,0.0,0.013,0.17,-318,-318,-318
1780193398.8120918,0.0,0.0,0.013,0.17,-318,-318,-318
1780193398.835111,0.0,0.0,0.013,0.17,-318,-318,-318
1780193398.859326,0.0,0.0,0.013,0.17,-318,-318,-318
1780193398.881691,0.0,0.0,0.013,0.17,-318,-318,-318
1780193398.904591,0.0,0.0,0.013,0.17,-318,-318,-318
1780193398.928819,0.0,0.0,0.013,0.17,-318,-318,-318
1780193398.9516668,0.0,0.0,0.013,0.17,-318,-318,-318
1780193398.976226,0.0,0.0,0.013,0.17,-318,-318,-318
1780193398.999151,0.0,0.0,0.013,0.17,-318,-318,-318
1780193399.0223591,0.0,0.0,0.013,0.17,-318,-318,-318
1780193399.0344498,0.0,0.0,0.013,0.17,-318,-318,-318
1780193399.0590239,0.0,0.0,0.013,0.17,-318,-318,-318
1780193399.081323,0.0,0.0,0.013,0.17,-318,-318,-318
1780193399.104295,0.0,0.0,0.013,0.17,-318,-318,-318
1780193399.128441,0.0,0.0,0.013,0.17,-318,-318,-318
1780193399.139222,0.0,0.0,0.013,0.17,-318,-318,-318
1780193399.163399,0.0,0.0,0.013,0.17,-318,-318,-318
1780193399.186249,0.0,0.0,0.013,0.17,-318,-318,-318
1780193399.2104661,0.0,0.0,0.013,0.17,-318,-318,-318
1780193399.232933,0.0,0.0,0.013,0.17,-318,-318,-318
1780193399.255717,0.0,0.0,0.013,0.17,-318,-318,-318
1780193399.267803,0.0,0.0,0.013,0.17,-318,-318,-318
1780193399.292354,0.0,0.0,0.013,0.17,-318,-318,-318
1780193399.3146582,0.0,0.0,0.013,0.17,-318,-318,-318
1780193399.337518,0.0,0.0,0.013,0.17,-318,-318,-318
1780193399.361637,0.0,0.0,0.013,0.17,-318,-318,-318
1780193399.3839529,0.0,0.0,0.013,0.17,-318,-318,-318
1780193399.408671,0.0,0.0,0.013,0.17,-318,-318,-318
1780193399.430947,0.0,0.0,0.013,0.17,-318,-318,-318
1780193399.4539762,0.0,0.0,0.013,0.17,-318,-318,-318
1780193399.4783528,0.0,0.0,0.013,0.17,-318,-318,-318
1780193399.500718,0.0,0.0,0.013,0.17,-318,-318,-318
1780193399.525502,0.0,0.0,0.013,0.17,-318,-318,-318
1780193399.54821,0.0,0.0,0.013,0.17,-318,-318,-318
1780193399.571409,0.0,0.0,0.013,0.17,-318,-318,-318
1780193399.58372,0.0,0.0,0.013,0.17,-318,-318,-318
1780193399.608757,0.0,0.0,0.013,0.17,-318,-318,-318
1780193399.631493,0.0,0.0,0.013,0.17,-318,-318,-318
1780193399.654469,0.0,0.0,0.013,0.17,-318,-318,-318
1780193399.6786711,0.0,0.0,0.013,0.17,-318,-318,-318
1780193399.701563,0.0,0.0,0.013,0.17,-318,-318,-318
1780193399.7256598,0.0,0.0,0.013,0.17,-318,-318,-318
1780193399.747884,0.0,0.0,0.013,0.17,-318,-318,-318
1780193399.7706828,0.0,0.0,0.013,0.17,-318,-318,-318
1780193399.7948349,0.0,0.0,0.013,0.17,-318,-318,-318
1780193399.817121,0.0,0.0,0.013,0.17,-318,-318,-318
1780193399.842141,0.0,0.0,0.013,0.17,-318,-318,-318
1780193399.864908,0.0,0.0,0.013,0.17,-318,-318,-318
1780193399.887883,0.0,0.0,0.013,0.17,-318,-318,-318
1780193399.912002,0.0,0.0,0.013,0.17,-318,-318,-318
1780193399.934908,0.0,0.0,0.013,0.17,-318,-318,-318
1780193399.9590778,0.0,0.0,0.013,0.17,-318,-318,-318
1780193399.981357,0.0,0.0,0.013,0.17,-318,-318,-318
1780193400.004468,0.0,0.0,0.013,0.17,-318,-318,-318
1780193400.028699,0.0,0.0,0.013,0.17,-318,-318,-318
1780193400.0513952,0.0,0.0,0.013,0.17,-318,-318,-318
1780193400.07543,0.0,0.0,0.013,0.17,-318,-318,-318
1780193400.097651,0.0,0.0,0.013,0.17,-318,-318,-318
1780193400.120289,0.0,0.0,0.013,0.17,-318,-318,-318
1780193400.144393,0.0,0.0,0.013,0.17,-318,-318,-318
1780193400.166667,0.0,0.0,0.013,0.17,-318,-318,-318
1780193400.1893692,0.0,0.0,0.013,0.17,-318,-318,-318
1780193400.213444,0.0,0.0,0.013,0.17,-318,-318,-318
1780193400.236258,0.0,0.0,0.013,0.17,-318,-318,-318
1780193400.260158,0.0,0.0,0.013,0.17,-318,-318,-318
1780193400.282542,0.0,0.0,0.013,0.17,-318,-318,-318
1780193400.3057332,0.0,0.0,0.013,0.17,-318,-318,-318
1780193400.317802,0.0,0.0,0.013,0.17,-318,-318,-318
1780193400.3422651,0.0,0.0,0.013,0.17,-318,-318,-318
1780193400.364626,0.0,0.0,0.013,0.17,-318,-318,-318
1780193400.387653,0.0,0.0,0.013,0.17,-318,-318,-318
1780193400.412543,0.0,0.0,0.013,0.17,-318,-318,-318
1780193400.435775,0.0,0.0,0.013,0.17,-318,-318,-318
1780193400.460272,0.0,0.0,0.013,0.17,-318,-318,-318
1780193400.4826748,0.0,0.0,0.013,0.17,-318,-318,-318
1780193400.505586,0.0,0.0,0.013,0.17,-318,-318,-318
1780193400.5176451,0.0,0.0,0.013,0.17,-318,-318,-318
1780193400.542206,0.0,0.0,0.013,0.17,-318,-318,-318
1780193400.564498,0.0,0.0,0.013,0.17,-318,-318,-318
1780193400.587281,0.0,0.0,0.013,0.17,-318,-318,-318
1780193400.611424,0.0,0.0,0.013,0.17,-318,-318,-318
1780193400.6338089,0.0,0.0,0.013,0.17,-318,-318,-318
1780193400.658276,0.0,0.0,0.013,0.17,-318,-318,-318
1780193400.680563,0.0,0.0,0.013,0.17,-318,-318,-318
1780193400.7033658,0.0,0.0,0.013,0.17,-318,-318,-318
1780193400.727459,0.0,0.0,0.013,0.17,-318,-318,-318
1780193400.7497542,0.0,0.0,0.013,0.17,-318,-318,-318
1780193400.772606,0.0,0.0,0.013,0.17,-318,-318,-318
1780193400.784628,0.0,0.0,0.013,0.17,-318,-318,-318
1780193400.809301,0.0,0.0,0.013,0.17,-318,-318,-318
1780193400.831763,0.0,0.0,0.013,0.17,-318,-318,-318
1780193400.854547,0.0,0.0,0.013,0.17,-318,-318,-318
1780193400.8787389,0.0,0.0,0.013,0.17,-318,-318,-318
1780193400.901522,0.0,0.0,0.013,0.17,-318,-318,-318
1780193400.925623,0.0,0.0,0.013,0.17,-318,-318,-318
1780193400.947979,0.0,0.0,0.013,0.17,-318,-318,-318
1780193400.9708211,0.0,0.0,0.013,0.17,-318,-318,-318
1780193400.994839,0.0,0.0,0.013,0.17,-318,-318,-318
1780193401.017071,0.0,0.0,0.013,0.17,-318,-318,-318
1780193401.042151,0.0,0.0,0.013,0.17,-318,-318,-318
1780193401.0650299,0.0,0.0,0.013,0.17,-318,-318,-318
1780193401.087776,0.0,0.0,0.013,0.17,-318,-318,-318
1780193401.112043,0.0,0.0,0.013,0.17,-318,-318,-318
1780193401.134896,0.0,0.0,0.013,0.17,-318,-318,-318
1780193401.159009,0.0,0.0,0.013,0.17,-318,-318,-318
1780193401.181194,0.0,0.0,0.013,0.17,-318,-318,-318
1780193401.203967,0.0,0.0,0.013,0.17,-318,-318,-318
1780193401.2280571,0.0,0.0,0.013,0.17,-318,-318,-318
1780193401.250277,0.0,0.0,0.013,0.17,-318,-318,-318
1780193401.274704,0.0,0.0,0.013,0.17,-318,-318,-318
1780193401.2969851,0.0,0.0,0.013,0.17,-318,-318,-318
1780193401.320207,0.0,0.0,0.013,0.17,-318,-318,-318
1780193401.3447738,0.0,0.0,0.013,0.17,-318,-318,-318
1780193401.36715,0.0,0.0,0.013,0.17,-318,-318,-318
1780193401.391555,0.0,0.0,0.013,0.17,-318,-318,-318
1780193401.4137259,0.0,0.0,0.013,0.17,-318,-318,-318
1780193401.436492,0.0,0.0,0.013,0.17,-318,-318,-318
1780193401.460515,0.0,0.0,0.013,0.17,-318,-318,-318
1780193401.482817,0.0,0.0,0.013,0.17,-318,-318,-318
1780193401.5056021,0.0,0.0,0.013,0.17,-318,-318,-318
1780193401.517596,0.0,0.0,0.013,0.17,-318,-318,-318
1780193401.54209,0.0,0.0,0.013,0.17,-318,-318,-318
1780193401.5644429,0.0,0.0,0.013,0.17,-318,-318,-318
1780193401.587656,0.0,0.0,0.013,0.17,-318,-318,-318
1780193401.612329,0.0,0.0,0.013,0.17,-318,-318,-318
1780193401.6357172,0.0,0.0,0.013,0.17,-318,-318,-318
1780193401.659976,0.0,0.0,0.013,0.17,-318,-318,-318
1780193401.682209,0.0,0.0,0.013,0.17,-318,-318,-318
1780193401.704993,0.0,0.0,0.013,0.17,-318,-318,-318
1780193401.717004,0.0,0.0,0.013,0.17,-318,-318,-318
1780193401.7415948,0.0,0.0,0.013,0.17,-318,-318,-318
1780193401.7638981,0.0,0.0,0.013,0.17,-318,-318,-318
1780193401.786583,0.0,0.0,0.013,0.17,-318,-318,-318
1780193401.8107011,0.0,0.0,0.013,0.17,-318,-318,-318
1780193401.8329642,0.0,0.0,0.013,0.17,-318,-318,-318
1780193401.8557389,0.0,0.0,0.013,0.17,-318,-318,-318
1780193401.867745,0.0,0.0,0.013,0.17,-318,-318,-318
1780193401.8921962,0.0,0.0,0.013,0.17,-318,-318,-318
1780193401.914416,0.0,0.0,0.013,0.17,-318,-318,-318
1780193401.937289,0.0,0.0,0.013,0.17,-318,-318,-318
1780193401.9613838,0.0,0.0,0.013,0.17,-318,-318,-318
1780193401.9837,0.0,0.0,0.013,0.17,-318,-318,-318
1780193402.008415,0.0,0.0,0.013,0.17,-318,-318,-318
1780193402.03081,0.0,0.0,0.013,0.17,-318,-318,-318
1780193402.053459,0.0,0.0,0.013,0.17,-318,-318,-318
1780193402.077613,0.0,0.0,0.013,0.17,-318,-318,-318
1780193402.099772,0.0,0.0,0.013,0.17,-318,-318,-318
1780193402.1225119,0.0,0.0,0.013,0.17,-318,-318,-318
1780193402.134548,0.0,0.0,0.013,0.17,-318,-318,-318
1780193402.1590521,0.0,0.0,0.013,0.17,-318,-318,-318
1780193402.181283,0.0,0.0,0.013,0.17,-318,-318,-318
1780193402.2043798,0.0,0.0,0.013,0.17,-318,-318,-318
1780193402.2286541,0.0,0.0,0.013,0.17,-318,-318,-318
1780193402.25172,0.0,0.0,0.013,0.17,-318,-318,-318
1780193402.275869,0.0,0.0,0.013,0.17,-318,-318,-318
1780193402.298162,0.0,0.0,0.013,0.17,-318,-318,-318
1780193402.320857,0.0,0.0,0.013,0.17,-318,-318,-318
1780193402.345031,0.0,0.0,0.013,0.17,-318,-318,-318
1780193402.367381,0.0,0.0,0.013,0.17,-318,-318,-318
1780193402.392006,0.0,0.0,0.013,0.17,-318,-318,-318
1780193402.4142048,0.0,0.0,0.013,0.17,-318,-318,-318
1780193402.4369369,0.0,0.0,0.013,0.17,-318,-318,-318
1780193402.461078,0.0,0.0,0.013,0.17,-318,-318,-318
1780193402.4833589,0.0,0.0,0.013,0.17,-318,-318,-318
1780193402.507911,0.0,0.0,0.013,0.17,-318,-318,-318
1780193402.5302668,0.0,0.0,0.013,0.17,-318,-318,-318
1780193402.5530822,0.0,0.0,0.013,0.17,-318,-318,-318
1780193402.577305,0.0,0.0,0.013,0.17,-318,-318,-318
1780193402.599643,0.0,0.0,0.013,0.17,-318,-318,-318
1780193402.622329,0.0,0.0,0.013,0.17,-318,-318,-318
1780193402.6343539,0.0,0.0,0.013,0.17,-318,-318,-318
1780193402.658864,0.0,0.0,0.013,0.17,-318,-318,-318
1780193402.6811562,0.0,0.0,0.013,0.17,-318,-318,-318
1780193402.703982,0.0,0.0,0.013,0.17,-318,-318,-318
1780193402.728089,0.0,0.0,0.013,0.17,-318,-318,-318
1780193402.750263,0.0,0.0,0.013,0.17,-318,-318,-318
1780193402.7749,0.0,0.0,0.013,0.17,-318,-318,-318
1780193402.7971652,0.0,0.0,0.013,0.17,-318,-318,-318
1780193402.8198998,0.0,0.0,0.013,0.17,-318,-318,-318
1780193402.8440819,0.0,0.0,0.013,0.17,-318,-318,-318
1780193402.866323,0.0,0.0,0.013,0.17,-318,-318,-318
1780193402.889032,0.0,0.0,0.013,0.17,-318,-318,-318
1780193402.901056,0.0,0.0,0.013,0.17,-318,-318,-318
1780193402.925589,0.0,0.0,0.013,0.17,-318,-318,-318
1780193402.947825,0.0,0.0,0.013,0.17,-318,-318,-318
1780193402.9706829,0.0,0.0,0.013,0.17,-318,-318,-318
1780193402.994677,0.0,0.0,0.013,0.17,-318,-318,-318
1780193403.016862,0.0,0.0,0.013,0.17,-318,-318,-318
1780193403.041318,0.0,0.0,0.013,0.17,-318,-318,-318
1780193403.063522,0.0,0.0,0.013,0.17,-318,-318,-318
1780193403.086168,0.0,0.0,0.013,0.17,-318,-318,-318
1780193403.1103601,0.0,0.0,0.013,0.17,-318,-318,-318
1780193403.132683,0.0,0.0,0.013,0.17,-318,-318,-318
1780193403.155554,0.0,0.0,0.013,0.17,-318,-318,-318
1780193403.1676831,0.0,0.0,0.013,0.17,-318,-318,-318
1780193403.1924229,0.0,0.0,0.013,0.17,-318,-318,-318
1780193403.214745,0.0,0.0,0.013,0.17,-318,-318,-318
1780193403.23755,0.0,0.0,0.013,0.17,-318,-318,-318
1780193403.261546,0.0,0.0,0.013,0.17,-318,-318,-318
1780193403.2837381,0.0,0.0,0.013,0.17,-318,-318,-318
1780193403.306564,0.0,0.0,0.013,0.17,-318,-318,-318
1780193403.330576,0.0,0.0,0.013,0.17,-318,-318,-318
1780193403.3532858,0.0,0.0,0.013,0.17,-318,-318,-318
1780193403.3773792,0.0,0.0,0.013,0.17,-318,-318,-318
1780193403.399671,0.0,0.0,0.013,0.17,-318,-318,-318
1780193403.4222999,0.0,0.0,0.013,0.17,-318,-318,-318
1780193403.444621,0.0,0.0,0.013,0.17,-318,-318,-318
1780193403.466802,0.0,0.0,0.013,0.17,-318,-318,-318
1780193403.490876,0.0,0.0,0.013,0.17,-318,-318,-318
1780193403.513115,0.0,0.0,0.013,0.17,-318,-318,-318
1780193403.535906,0.0,0.0,0.013,0.17,-318,-318,-318
1780193403.55999,0.0,0.0,0.013,0.17,-318,-318,-318
1780193403.582342,0.0,0.0,0.013,0.17,-318,-318,-318
1780193403.604966,0.0,0.0,0.013,0.17,-318,-318,-318
1780193403.617026,0.0,0.0,0.013,0.17,-318,-318,-318
1780193403.641439,0.0,0.0,0.013,0.17,-318,-318,-318
1780193403.663636,0.0,0.0,0.013,0.17,-318,-318,-318
1780193403.6864069,0.0,0.0,0.013,0.17,-318,-318,-318
1780193403.7107918,0.0,0.0,0.013,0.17,-318,-318,-318
1780193403.733077,0.0,0.0,0.013,0.17,-318,-318,-318
1780193403.7577899,0.0,0.0,0.013,0.17,-318,-318,-318
1780193403.7801,0.0,0.0,0.013,0.17,-318,-318,-318
1780193403.802806,0.0,0.0,0.013,0.17,-318,-318,-318
1780193403.826913,0.0,0.0,0.013,0.17,-318,-318,-318
1780193403.849223,0.0,0.0,0.013,0.17,-318,-318,-318
1780193403.871934,0.0,0.0,0.013,0.17,-318,-318,-318
1780193403.883994,0.0,0.0,0.013,0.17,-318,-318,-318
1780193403.908561,0.0,0.0,0.013,0.17,-318,-318,-318
1780193403.930857,0.0,0.0,0.013,0.17,-318,-318,-318
1780193403.953722,0.0,0.0,0.013,0.17,-318,-318,-318
1780193403.977984,0.0,0.0,0.013,0.17,-318,-318,-318
1780193404.000375,0.0,0.0,0.013,0.17,-318,-318,-318
1780193404.024935,0.0,0.0,0.013,0.17,-318,-318,-318
1780193404.047631,0.0,0.0,0.013,0.17,-318,-318,-318
1780193404.070524,0.0,0.0,0.013,0.17,-318,-318,-318
1780193404.0946639,0.0,0.0,0.013,0.17,-318,-318,-318
1780193404.1170151,0.0,0.0,0.013,0.17,-318,-318,-318
1780193404.141712,0.0,0.0,0.013,0.17,-318,-318,-318
1780193404.1639721,0.0,0.0,0.013,0.17,-318,-318,-318
1780193404.186883,0.0,0.0,0.013,0.17,-318,-318,-318
1780193404.2110012,0.0,0.0,0.013,0.17,-318,-318,-318
1780193404.2333262,0.0,0.0,0.013,0.17,-318,-318,-318
1780193404.257901,0.0,0.0,0.013,0.17,-318,-318,-318
1780193404.28017,0.0,0.0,0.013,0.17,-318,-318,-318
1780193404.302994,0.0,0.0,0.013,0.17,-318,-318,-318
1780193404.3272161,0.0,0.0,0.013,0.17,-318,-318,-318
1780193404.337924,0.0,0.0,0.013,0.17,-318,-318,-318
1780193404.3620632,0.0,0.0,0.013,0.17,-318,-318,-318
1780193404.384953,0.0,0.0,0.013,0.17,-318,-318,-318
1780193404.409,0.0,0.0,0.013,0.17,-318,-318,-318
1780193404.431228,0.0,0.0,0.013,0.17,-318,-318,-318
1780193404.4540951,0.0,0.0,0.013,0.17,-318,-318,-318
1780193404.4781592,0.0,0.0,0.013,0.17,-318,-318,-318
1780193404.501458,0.0,0.0,0.013,0.17,-318,-318,-318
1780193404.525813,0.0,0.0,0.013,0.17,-318,-318,-318
1780193404.548595,0.0,0.0,0.013,0.17,-318,-318,-318
1780193404.571336,0.0,0.0,0.013,0.17,-318,-318,-318
1780193404.583426,0.0,0.0,0.013,0.17,-318,-318,-318
1780193404.607938,0.0,0.0,0.013,0.17,-318,-318,-318
1780193404.630168,0.0,0.0,0.013,0.17,-318,-318,-318
1780193404.653103,0.0,0.0,0.013,0.17,-318,-318,-318
1780193404.677216,0.0,0.0,0.013,0.17,-318,-318,-318
1780193404.699595,0.0,0.0,0.013,0.17,-318,-318,-318
1780193404.724142,0.0,0.0,0.013,0.17,-318,-318,-318
1780193404.7464068,0.0,0.0,0.013,0.17,-318,-318,-318
1780193404.769082,0.0,0.0,0.013,0.17,-318,-318,-318
1780193404.793223,0.0,0.0,0.013,0.17,-318,-318,-318
1780193404.8155038,0.0,0.0,0.013,0.17,-318,-318,-318
1780193404.8381271,0.0,0.0,0.013,0.17,-318,-318,-318
1780193404.8501608,0.0,0.0,0.013,0.17,-318,-318,-318
1780193404.8745542,0.0,0.0,0.013,0.17,-318,-318,-318
1780193404.896708,0.0,0.0,0.013,0.17,-318,-318,-318
1780193404.9193861,0.0,0.0,0.013,0.17,-318,-318,-318
1780193404.943434,0.0,0.0,0.013,0.17,-318,-318,-318
1780193404.9657102,0.0,0.0,0.013,0.17,-318,-318,-318
1780193404.98845,0.0,0.0,0.013,0.17,-318,-318,-318
1780193405.000654,0.0,0.0,0.013,0.17,-318,-318,-318
1780193405.025528,0.0,0.0,0.013,0.17,-318,-318,-318
1780193405.047897,0.0,0.0,0.013,0.17,-318,-318,-318
1780193405.0704908,0.0,0.0,0.013,0.17,-318,-318,-318
1780193405.0945501,0.0,0.0,0.013,0.17,-318,-318,-318
1780193405.116837,0.0,0.0,0.013,0.17,-318,-318,-318
1780193405.14123,0.0,0.0,0.013,0.17,-318,-318,-318
1780193405.1633668,0.0,0.0,0.013,0.17,-318,-318,-318
1780193405.1871061,0.0,0.0,0.013,0.17,-318,-318,-318
1780193405.2115881,0.0,0.0,0.013,0.17,-318,-318,-318
1780193405.233948,0.0,0.0,0.013,0.17,-318,-318,-318
1780193405.258563,0.0,0.0,0.013,0.17,-318,-318,-318
1780193405.280929,0.0,0.0,0.013,0.17,-318,-318,-318
1780193405.303618,0.0,0.0,0.013,0.17,-318,-318,-318
1780193405.327801,0.0,0.0,0.013,0.17,-318,-318,-318
1780193405.3500748,0.0,0.0,0.013,0.17,-318,-318,-318
1780193405.374658,0.0,0.0,0.013,0.17,-318,-318,-318
1780193405.38534,0.0,0.0,0.013,0.17,-318,-318,-318
1780193405.409392,0.0,0.0,0.013,0.17,-318,-318,-318
1780193405.431572,0.0,0.0,0.013,0.17,-318,-318,-318
1780193405.454458,0.0,0.0,0.013,0.17,-318,-318,-318
1780193405.466443,0.0,0.0,0.013,0.17,-318,-318,-318
1780193405.491012,0.0,0.0,0.013,0.17,-318,-318,-318
1780193405.5134,0.0,0.0,0.013,0.17,-318,-318,-318
1780193405.535996,0.0,0.0,0.013,0.17,-318,-318,-318
1780193405.560216,0.0,0.0,0.013,0.17,-318,-318,-318
1780193405.582535,0.0,0.0,0.013,0.17,-318,-318,-318
1780193405.605241,0.0,0.0,0.013,0.17,-318,-318,-318
1780193405.61729,0.0,0.0,0.013,0.17,-318,-318,-318
1780193405.6419551,0.0,0.0,0.013,0.17,-318,-318,-318
1780193405.6642501,0.0,0.0,0.013,0.17,-318,-318,-318
1780193405.687052,0.0,0.0,0.013,0.17,-318,-318,-318
1780193405.711159,0.0,0.0,0.013,0.17,-318,-318,-318
1780193405.733401,0.0,0.0,0.013,0.17,-318,-318,-318
1780193405.7580101,0.0,0.0,0.013,0.17,-318,-318,-318
1780193405.780875,0.0,0.0,0.013,0.17,-318,-318,-318
1780193405.804152,0.0,0.0,0.013,0.17,-318,-318,-318
1780193405.8288891,0.0,0.0,0.013,0.17,-318,-318,-318
1780193405.8523672,0.0,0.0,0.013,0.17,-318,-318,-318
1780193405.876645,0.0,0.0,0.013,0.17,-318,-318,-318
1780193405.899075,0.0,0.0,0.013,0.17,-318,-318,-318
1780193405.921908,0.0,0.0,0.013,0.17,-318,-318,-318
1780193405.945992,0.0,0.0,0.013,0.17,-318,-318,-318
1780193405.96877,0.0,0.0,0.013,0.17,-318,-318,-318
1780193405.993081,0.0,0.0,0.013,0.17,-318,-318,-318
1780193406.015587,0.0,0.0,0.013,0.17,-318,-318,-318
1780193406.038542,0.0,0.0,0.013,0.17,-318,-318,-318
1780193406.0506601,0.0,0.0,0.013,0.17,-318,-318,-318
1780193406.075377,0.0,0.0,0.013,0.17,-318,-318,-318
1780193406.097812,0.0,0.0,0.013,0.17,-318,-318,-318
1780193406.120694,0.0,0.0,0.013,0.17,-318,-318,-318
1780193406.14492,0.0,0.0,0.013,0.17,-318,-318,-318
1780193406.167809,0.0,0.0,0.013,0.17,-318,-318,-318
1780193406.192078,0.0,0.0,0.013,0.17,-318,-318,-318
1780193406.214405,0.0,0.0,0.013,0.17,-318,-318,-318
1780193406.2372742,0.0,0.0,0.013,0.17,-318,-318,-318
1780193406.261413,0.0,0.0,0.013,0.17,-318,-318,-318
1780193406.2837398,0.0,0.0,0.013,0.17,-318,-318,-318
1780193406.308361,0.0,0.0,0.013,0.17,-318,-318,-318
1780193406.330584,0.0,0.0,0.013,0.17,-318,-318,-318
1780193406.3534331,0.0,0.0,0.013,0.17,-318,-318,-318
1780193406.377698,0.0,0.0,0.013,0.17,-318,-318,-318
1780193406.3999848,0.0,0.0,0.013,0.17,-318,-318,-318
1780193406.4246788,0.0,0.0,0.013,0.17,-318,-318,-318
1780193406.447636,0.0,0.0,0.013,0.17,-318,-318,-318
1780193406.4703948,0.0,0.0,0.013,0.17,-318,-318,-318
1780193406.494638,0.0,0.0,0.013,0.17,-318,-318,-318
1780193406.516972,0.0,0.0,0.013,0.17,-318,-318,-318
1780193406.54164,0.0,0.0,0.013,0.17,-318,-318,-318
1780193406.5638652,0.0,0.0,0.013,0.17,-318,-318,-318
1780193406.586796,0.0,0.0,0.013,0.17,-318,-318,-318
1780193406.611077,0.0,0.0,0.013,0.17,-318,-318,-318
1780193406.633405,0.0,0.0,0.013,0.17,-318,-318,-318
1780193406.6579258,0.0,0.0,0.013,0.17,-318,-318,-318
1780193406.6802611,0.0,0.0,0.013,0.17,-318,-318,-318
1780193406.703049,0.0,0.0,0.013,0.17,-318,-318,-318
1780193406.7272031,0.0,0.0,0.013,0.17,-318,-318,-318
1780193406.7495291,0.0,0.0,0.013,0.17,-318,-318,-318
1780193406.773956,0.0,0.0,0.013,0.17,-318,-318,-318
1780193406.796274,0.0,0.0,0.013,0.17,-318,-318,-318
1780193406.81915,0.0,0.0,0.013,0.17,-318,-318,-318
1780193406.843311,0.0,0.0,0.013,0.17,-318,-318,-318
1780193406.8661351,0.0,0.0,0.013,0.17,-318,-318,-318
1780193406.891239,0.0,0.0,0.013,0.17,-318,-318,-318
1780193406.9140322,0.0,0.0,0.013,0.17,-318,-318,-318
1780193406.9369779,0.0,0.0,0.013,0.17,-318,-318,-318
1780193406.9611342,0.0,0.0,0.013,0.17,-318,-318,-318
1780193406.9718678,0.0,0.0,0.013,0.17,-318,-318,-318
1780193406.996207,0.0,0.0,0.013,0.17,-318,-318,-318
1780193407.019261,0.0,0.0,0.013,0.17,-318,-318,-318
1780193407.043335,0.0,0.0,0.013,0.17,-318,-318,-318
1780193407.066012,0.0,0.0,0.013,0.17,-318,-318,-318
1780193407.090672,0.0,0.0,0.013,0.17,-318,-318,-318
1780193407.1129751,0.0,0.0,0.013,0.17,-318,-318,-318
1780193407.135626,0.0,0.0,0.013,0.17,-318,-318,-318
1780193407.159787,0.0,0.0,0.013,0.17,-318,-318,-318
1780193407.1821508,0.0,0.0,0.013,0.17,-318,-318,-318
1780193407.204848,0.0,0.0,0.013,0.17,-318,-318,-318
1780193407.216893,0.0,0.0,0.013,0.17,-318,-318,-318
1780193407.241277,0.0,0.0,0.013,0.17,-318,-318,-318
1780193407.263516,0.0,0.0,0.013,0.17,-318,-318,-318
1780193407.2865322,0.0,0.0,0.013,0.17,-318,-318,-318
1780193407.310678,0.0,0.0,0.013,0.17,-318,-318,-318
1780193407.33302,0.0,0.0,0.013,0.17,-318,-318,-318
1780193407.3576021,0.0,0.0,0.013,0.17,-318,-318,-318
1780193407.379817,0.0,0.0,0.013,0.17,-318,-318,-318
1780193407.402574,0.0,0.0,0.013,0.17,-318,-318,-318
1780193407.426812,0.0,0.0,0.013,0.17,-318,-318,-318
1780193407.449193,0.0,0.0,0.013,0.17,-318,-318,-318
1780193407.4720042,0.0,0.0,0.013,0.17,-318,-318,-318
1780193407.496319,0.0,0.0,0.013,0.17,-318,-318,-318
1780193407.519165,0.0,0.0,0.013,0.17,-318,-318,-318
1780193407.543317,0.0,0.0,0.013,0.17,-318,-318,-318
1780193407.5656111,0.0,0.0,0.013,0.17,-318,-318,-318
1780193407.588445,0.0,0.0,0.013,0.17,-318,-318,-318
1780193407.600514,0.0,0.0,0.013,0.17,-318,-318,-318
1780193407.6250298,0.0,0.0,0.013,0.17,-318,-318,-318
1780193407.647698,0.0,0.0,0.013,0.17,-318,-318,-318
1780193407.670402,0.0,0.0,0.013,0.17,-318,-318,-318
1780193407.6945012,0.0,0.0,0.013,0.17,-318,-318,-318
1780193407.716913,0.0,0.0,0.013,0.17,-318,-318,-318
1780193407.7415009,0.0,0.0,0.013,0.17,-318,-318,-318
1780193407.763772,0.0,0.0,0.013,0.17,-318,-318,-318
1780193407.786636,0.0,0.0,0.013,0.17,-318,-318,-318
1780193407.8107991,0.0,0.0,0.013,0.17,-318,-318,-318
1780193407.83313,0.0,0.0,0.013,0.17,-318,-318,-318
1780193407.8578508,0.0,0.0,0.013,0.17,-318,-318,-318
1780193407.88019,0.0,0.0,0.013,0.17,-318,-318,-318
1780193407.9028952,0.0,0.0,0.013,0.17,-318,-318,-318
1780193407.927006,0.0,0.0,0.013,0.17,-318,-318,-318
1780193407.949332,0.0,0.0,0.013,0.17,-318,-318,-318
1780193407.972073,0.0,0.0,0.013,0.17,-318,-318,-318
1780193407.994638,0.0,0.0,0.013,0.17,-318,-318,-318
1780193408.017012,0.0,0.0,0.013,0.17,-318,-318,-318
1780193408.041107,0.0,0.0,0.013,0.17,-318,-318,-318
1780193408.063367,0.0,0.0,0.013,0.17,-318,-318,-318
1780193408.086221,0.0,0.0,0.013,0.17,-318,-318,-318
1780193408.110419,0.0,0.0,0.013,0.17,-318,-318,-318
1780193408.132719,0.0,0.0,0.013,0.17,-318,-318,-318
1780193408.157307,0.0,0.0,0.013,0.17,-318,-318,-318
1780193408.1795342,0.0,0.0,0.013,0.17,-318,-318,-318
1780193408.202296,0.0,0.0,0.013,0.17,-318,-318,-318
1780193408.226356,0.0,0.0,0.013,0.17,-318,-318,-318
1780193408.248615,0.0,0.0,0.013,0.17,-318,-318,-318
1780193408.271244,0.0,0.0,0.013,0.17,-318,-318,-318
1780193408.2832131,0.0,0.0,0.013,0.17,-318,-318,-318
1780193408.307607,0.0,0.0,0.013,0.17,-318,-318,-318
1780193408.3298712,0.0,0.0,0.013,0.17,-318,-318,-318
1780193408.3527198,0.0,0.0,0.013,0.17,-318,-318,-318
1780193408.3768692,0.0,0.0,0.013,0.17,-318,-318,-318
1780193408.399206,0.0,0.0,0.013,0.17,-318,-318,-318
1780193408.422103,0.0,0.0,0.013,0.17,-318,-318,-318
1780193408.4341362,0.0,0.0,0.013,0.17,-318,-318,-318
1780193408.458645,0.0,0.0,0.013,0.17,-318,-318,-318
1780193408.4809542,0.0,0.0,0.013,0.17,-318,-318,-318
1780193408.503635,0.0,0.0,0.013,0.17,-318,-318,-318
1780193408.5276868,0.0,0.0,0.013,0.17,-318,-318,-318
1780193408.550014,0.0,0.0,0.013,0.17,-318,-318,-318
1780193408.5744588,0.0,0.0,0.013,0.17,-318,-318,-318
1780193408.596711,0.0,0.0,0.013,0.17,-318,-318,-318
1780193408.619549,0.0,0.0,0.013,0.17,-318,-318,-318
1780193408.643611,0.0,0.0,0.013,0.17,-318,-318,-318
1780193408.665926,0.0,0.0,0.013,0.17,-318,-318,-318
1780193408.6905768,0.0,0.0,0.013,0.17,-318,-318,-318
1780193408.71287,0.0,0.0,0.013,0.17,-318,-318,-318
1780193408.7355268,0.0,0.0,0.013,0.17,-318,-318,-318
1780193408.759611,0.0,0.0,0.013,0.17,-318,-318,-318
1780193408.781889,0.0,0.0,0.013,0.17,-318,-318,-318
1780193408.804662,0.0,0.0,0.013,0.17,-318,-318,-318
1780193408.816689,0.0,0.0,0.013,0.17,-318,-318,-318
1780193408.841115,0.0,0.0,0.013,0.17,-318,-318,-318
1780193408.863355,0.0,0.0,0.013,0.17,-318,-318,-318
1780193408.886209,0.0,0.0,0.013,0.17,-318,-318,-318
1780193408.910305,0.0,0.0,0.013,0.17,-318,-318,-318
1780193408.93258,0.0,0.0,0.013,0.17,-318,-318,-318
1780193408.955404,0.0,0.0,0.013,0.17,-318,-318,-318
1780193408.967353,0.0,0.0,0.013,0.17,-318,-318,-318
1780193408.992001,0.0,0.0,0.013,0.17,-318,-318,-318
1780193409.014455,0.0,0.0,0.013,0.17,-318,-318,-318
1780193409.037279,0.0,0.0,0.013,0.17,-318,-318,-318
1780193409.061762,0.0,0.0,0.013,0.17,-318,-318,-318
1780193409.0851681,0.0,0.0,0.013,0.17,-318,-318,-318
1780193409.1096919,0.0,0.0,0.013,0.17,-318,-318,-318
1780193409.13244,0.0,0.0,0.013,0.17,-318,-318,-318
1780193409.1574342,0.0,0.0,0.013,0.17,-318,-318,-318
1780193409.180192,0.0,0.0,0.013,0.17,-318,-318,-318
1780193409.2034502,0.0,0.0,0.013,0.17,-318,-318,-318
1780193409.22804,0.0,0.0,0.013,0.17,-318,-318,-318
1780193409.2512589,0.0,0.0,0.013,0.17,-318,-318,-318
1780193409.2753868,0.0,0.0,0.013,0.17,-318,-318,-318
1780193409.297632,0.0,0.0,0.013,0.17,-318,-318,-318
1780193409.320504,0.0,0.0,0.013,0.17,-318,-318,-318
1780193409.3445902,0.0,0.0,0.013,0.17,-318,-318,-318
1780193409.3668811,0.0,0.0,0.013,0.17,-318,-318,-318
1780193409.391432,0.0,0.0,0.013,0.17,-318,-318,-318
1780193409.413804,0.0,0.0,0.013,0.17,-318,-318,-318
1780193409.437013,0.0,0.0,0.013,0.17,-318,-318,-318
1780193409.461757,0.0,0.0,0.013,0.17,-318,-318,-318
1780193409.485122,0.0,0.0,0.013,0.17,-318,-318,-318
1780193409.509791,0.0,0.0,0.013,0.17,-318,-318,-318
1780193409.5328372,0.0,0.0,0.013,0.17,-318,-318,-318
1780193409.545486,0.0,0.0,0.013,0.17,-318,-318,-318
1780193409.568712,0.0,0.0,0.013,0.17,-318,-318,-318
1780193409.593379,0.0,0.0,0.013,0.17,-318,-318,-318
1780193409.6161668,0.0,0.0,0.013,0.17,-318,-318,-318
1780193409.641176,0.0,0.0,0.013,0.17,-318,-318,-318
1780193409.663862,0.0,0.0,0.013,0.17,-318,-318,-318
1780193409.686978,0.0,0.0,0.013,0.17,-318,-318,-318
1780193409.711346,0.0,0.0,0.013,0.17,-318,-318,-318
1780193409.7346299,0.0,0.0,0.013,0.17,-318,-318,-318
1780193409.759253,0.0,0.0,0.013,0.17,-318,-318,-318
1780193409.7820191,0.0,0.0,0.013,0.17,-318,-318,-318
1780193409.8051698,0.0,0.0,0.013,0.17,-318,-318,-318
1780193409.8174322,0.0,0.0,0.013,0.17,-318,-318,-318
1780193409.842411,0.0,0.0,0.013,0.17,-318,-318,-318
1780193409.865195,0.0,0.0,0.013,0.17,-318,-318,-318
1780193409.888404,0.0,0.0,0.013,0.17,-318,-318,-318
1780193409.9004538,0.0,0.0,0.013,0.17,-318,-318,-318
1780193409.9251049,0.0,0.0,0.013,0.17,-318,-318,-318
1780193409.947374,0.0,0.0,0.013,0.17,-318,-318,-318
1780193409.970099,0.0,0.0,0.013,0.17,-318,-318,-318
1780193409.994265,0.0,0.0,0.013,0.17,-318,-318,-318
1780193410.016596,0.0,0.0,0.013,0.17,-318,-318,-318
1780193410.041054,0.0,0.0,0.013,0.17,-318,-318,-318
1780193410.063315,0.0,0.0,0.013,0.17,-318,-318,-318
1780193410.075815,0.0,0.0,0.013,0.17,-318,-318,-318
1780193410.098026,0.0,0.0,0.013,0.17,-318,-318,-318
1780193410.120944,0.0,0.0,0.013,0.17,-318,-318,-318
1780193410.1329348,0.0,0.0,0.013,0.17,-318,-318,-318
1780193410.157693,0.0,0.0,0.013,0.17,-318,-318,-318
1780193410.180646,0.0,0.0,0.013,0.17,-318,-318,-318
1780193410.203891,0.0,0.0,0.013,0.17,-318,-318,-318
1780193410.228467,0.0,0.0,0.013,0.17,-318,-318,-318
1780193410.251851,0.0,0.0,0.013,0.17,-318,-318,-318
1780193410.2763011,0.0,0.0,0.013,0.17,-318,-318,-318
1780193410.29895,0.0,0.0,0.013,0.17,-318,-318,-318
1780193410.321829,0.0,0.0,0.013,0.17,-318,-318,-318
1780193410.333855,0.0,0.0,0.013,0.17,-318,-318,-318
1780193410.358271,0.0,0.0,0.013,0.17,-318,-318,-318
1780193410.380575,0.0,0.0,0.013,0.17,-318,-318,-318
1780193410.40324,0.0,0.0,0.013,0.17,-318,-318,-318
1780193410.427414,0.0,0.0,0.013,0.17,-318,-318,-318
1780193410.449713,0.0,0.0,0.013,0.17,-318,-318,-318
1780193410.474196,0.0,0.0,0.013,0.17,-318,-318,-318
1780193410.496396,0.0,0.0,0.013,0.17,-318,-318,-318
1780193410.519531,0.0,0.0,0.013,0.17,-318,-318,-318
1780193410.5439029,0.0,0.0,0.013,0.17,-318,-318,-318
1780193410.566593,0.0,0.0,0.013,0.17,-318,-318,-318
1780193410.589807,0.0,0.0,0.013,0.17,-318,-318,-318
1780193410.6143832,0.0,0.0,0.013,0.17,-318,-318,-318
1780193410.6373918,0.0,0.0,0.013,0.17,-318,-318,-318
1780193410.6496189,0.0,0.0,0.013,0.17,-318,-318,-318
1780193410.6744099,0.0,0.0,0.013,0.17,-318,-318,-318
1780193410.697047,0.0,0.0,0.013,0.17,-318,-318,-318
1780193410.7201622,0.0,0.0,0.013,0.17,-318,-318,-318
1780193410.7441878,0.0,0.0,0.013,0.17,-318,-318,-318
1780193410.766421,0.0,0.0,0.013,0.17,-318,-318,-318
1780193410.790946,0.0,0.0,0.013,0.17,-318,-318,-318
1780193410.8132858,0.0,0.0,0.013,0.17,-318,-318,-318
1780193410.8359601,0.0,0.0,0.013,0.17,-318,-318,-318
1780193410.8600588,0.0,0.0,0.013,0.17,-318,-318,-318
1780193410.882337,0.0,0.0,0.013,0.17,-318,-318,-318
1780193410.904972,0.0,0.0,0.013,0.17,-318,-318,-318
1780193410.916985,0.0,0.0,0.013,0.17,-318,-318,-318
1780193410.941349,0.0,0.0,0.013,0.17,-318,-318,-318
1780193410.963488,0.0,0.0,0.013,0.17,-318,-318,-318
1780193410.986207,0.0,0.0,0.013,0.17,-318,-318,-318
1780193411.0103831,0.0,0.0,0.013,0.17,-318,-318,-318
1780193411.032706,0.0,0.0,0.013,0.17,-318,-318,-318
1780193411.057591,0.0,0.0,0.013,0.17,-318,-318,-318
1780193411.0804129,0.0,0.0,0.013,0.17,-318,-318,-318
1780193411.0930848,0.0,0.0,0.013,0.17,-318,-318,-318
1780193411.1153338,0.0,0.0,0.013,0.17,-318,-318,-318
1780193411.138464,0.0,0.0,0.013,0.17,-318,-318,-318
1780193411.1507142,0.0,0.0,0.013,0.17,-318,-318,-318
1780193411.175188,0.0,0.0,0.013,0.17,-318,-318,-318
1780193411.19746,0.0,0.0,0.013,0.17,-318,-318,-318
1780193411.2203772,0.0,0.0,0.013,0.17,-318,-318,-318
1780193411.244489,0.0,0.0,0.013,0.17,-318,-318,-318
1780193411.266916,0.0,0.0,0.013,0.17,-318,-318,-318
1780193411.291497,0.0,0.0,0.013,0.17,-318,-318,-318
1780193411.314017,0.0,0.0,0.013,0.17,-318,-318,-318
1780193411.336668,0.0,0.0,0.013,0.17,-318,-318,-318
1780193411.3609788,0.0,0.0,0.013,0.17,-318,-318,-318
1780193411.383351,0.0,0.0,0.013,0.17,-318,-318,-318
1780193411.408028,0.0,0.0,0.013,0.17,-318,-318,-318
1780193411.430293,0.0,0.0,0.013,0.17,-318,-318,-318
1780193411.4531488,0.0,0.0,0.013,0.17,-318,-318,-318
1780193411.477313,0.0,0.0,0.013,0.17,-318,-318,-318
1780193411.499537,0.0,0.0,0.013,0.17,-318,-318,-318
1780193411.524138,0.0,0.0,0.013,0.17,-318,-318,-318
1780193411.546397,0.0,0.0,0.013,0.17,-318,-318,-318
1780193411.5691378,0.0,0.0,0.013,0.17,-318,-318,-318
1780193411.5933492,0.0,0.0,0.013,0.17,-318,-318,-318
1780193411.604071,0.0,0.0,0.013,0.17,-318,-318,-318
1780193411.628181,0.0,0.0,0.013,0.17,-318,-318,-318
1780193411.65103,0.0,0.0,0.013,0.17,-318,-318,-318
1780193411.675134,0.0,0.0,0.013,0.17,-318,-318,-318
1780193411.697502,0.0,0.0,0.013,0.17,-318,-318,-318
1780193411.720352,0.0,0.0,0.013,0.17,-318,-318,-318
1780193411.744404,0.0,0.0,0.013,0.17,-318,-318,-318
1780193411.766753,0.0,0.0,0.013,0.17,-318,-318,-318
1780193411.7914429,0.0,0.0,0.013,0.17,-318,-318,-318
1780193411.813744,0.0,0.0,0.013,0.17,-318,-318,-318
1780193411.8363898,0.0,0.0,0.013,0.17,-318,-318,-318
1780193411.8606012,0.0,0.0,0.013,0.17,-318,-318,-318
1780193411.882869,0.0,0.0,0.013,0.17,-318,-318,-318
1780193411.907403,0.0,0.0,0.013,0.17,-318,-318,-318
1780193411.9296331,0.0,0.0,0.013,0.17,-318,-318,-318
1780193411.9524841,0.0,0.0,0.013,0.17,-318,-318,-318
1780193411.976646,0.0,0.0,0.013,0.17,-318,-318,-318
1780193411.9989078,0.0,0.0,0.013,0.17,-318,-318,-318
1780193412.0237792,0.0,0.0,0.013,0.17,-318,-318,-318
1780193412.046098,0.0,0.0,0.013,0.17,-318,-318,-318
1780193412.069251,0.0,0.0,0.013,0.17,-318,-318,-318
1780193412.093757,0.0,0.0,0.013,0.17,-318,-318,-318
1780193412.116533,0.0,0.0,0.013,0.17,-318,-318,-318
1780193412.129266,0.0,0.0,0.013,0.17,-318,-318,-318
1780193412.152571,0.0,0.0,0.013,0.17,-318,-318,-318
1780193412.1771488,0.0,0.0,0.013,0.17,-318,-318,-318
1780193412.199897,0.0,0.0,0.013,0.17,-318,-318,-318
1780193412.224561,0.0,0.0,0.013,0.17,-318,-318,-318
1780193412.246867,0.0,0.0,0.013,0.17,-318,-318,-318
1780193412.269553,0.0,0.0,0.013,0.17,-318,-318,-318
1780193412.2937129,0.0,0.0,0.013,0.17,-318,-318,-318
1780193412.315958,0.0,0.0,0.013,0.17,-318,-318,-318
1780193412.34036,0.0,0.0,0.013,0.17,-318,-318,-318
1780193412.362648,0.0,0.0,0.013,0.17,-318,-318,-318
1780193412.3854249,0.0,0.0,0.013,0.17,-318,-318,-318
1780193412.4094698,0.0,0.0,0.013,0.17,-318,-318,-318
1780193412.4320672,0.0,0.0,0.013,0.17,-318,-318,-318
1780193412.45492,0.0,0.0,0.013,0.17,-318,-318,-318
1780193412.466919,0.0,0.0,0.013,0.17,-318,-318,-318
1780193412.4914858,0.0,0.0,0.013,0.17,-318,-318,-318
1780193412.513828,0.0,0.0,0.013,0.17,-318,-318,-318
1780193412.5365179,0.0,0.0,0.013,0.17,-318,-318,-318
1780193412.560846,0.0,0.0,0.013,0.17,-318,-318,-318
1780193412.5831392,0.0,0.0,0.013,0.17,-318,-318,-318
1780193412.6076999,0.0,0.0,0.013,0.17,-318,-318,-318
1780193412.629975,0.0,0.0,0.013,0.17,-318,-318,-318
1780193412.6529,0.0,0.0,0.013,0.17,-318,-318,-318
1780193412.677021,0.0,0.0,0.013,0.17,-318,-318,-318
1780193412.699287,0.0,0.0,0.013,0.17,-318,-318,-318
1780193412.723962,0.0,0.0,0.013,0.17,-318,-318,-318
1780193412.7462022,0.0,0.0,0.013,0.17,-318,-318,-318
1780193412.7688909,0.0,0.0,0.013,0.17,-318,-318,-318
1780193412.7929778,0.0,0.0,0.013,0.17,-318,-318,-318
1780193412.815336,0.0,0.0,0.013,0.17,-318,-318,-318
1780193412.837939,0.0,0.0,0.013,0.17,-318,-318,-318
1780193412.8499808,0.0,0.0,0.013,0.17,-318,-318,-318
1780193412.874377,0.0,0.0,0.013,0.17,-318,-318,-318
1780193412.896683,0.0,0.0,0.013,0.17,-318,-318,-318
1780193412.919551,0.0,0.0,0.013,0.17,-318,-318,-318
1780193412.943529,0.0,0.0,0.013,0.17,-318,-318,-318
1780193412.9657369,0.0,0.0,0.013,0.17,-318,-318,-318
1780193412.990331,0.0,0.0,0.013,0.17,-318,-318,-318
1780193413.012917,0.0,0.0,0.013,0.17,-318,-318,-318
1780193413.035496,0.0,0.0,0.013,0.17,-318,-318,-318
1780193413.059436,0.0,0.0,0.013,0.17,-318,-318,-318
1780193413.081732,0.0,0.0,0.013,0.17,-318,-318,-318
1780193413.1046789,0.0,0.0,0.013,0.17,-318,-318,-318
1780193413.1167932,0.0,0.0,0.013,0.17,-318,-318,-318
1780193413.141582,0.0,0.0,0.013,0.17,-318,-318,-318
1780193413.15229,0.0,0.0,0.013,0.17,-318,-318,-318
1780193413.176488,0.0,0.0,0.013,0.17,-318,-318,-318
1780193413.198753,0.0,0.0,0.013,0.17,-318,-318,-318
1780193413.221662,0.0,0.0,0.013,0.17,-318,-318,-318
1780193413.233716,0.0,0.0,0.013,0.17,-318,-318,-318
1780193413.258367,0.0,0.0,0.013,0.17,-318,-318,-318
1780193413.280708,0.0,0.0,0.013,0.17,-318,-318,-318
1780193413.303555,0.0,0.0,0.013,0.17,-318,-318,-318
1780193413.327709,0.0,0.0,0.013,0.17,-318,-318,-318
1780193413.3500018,0.0,0.0,0.013,0.17,-318,-318,-318
1780193413.374594,0.0,0.0,0.013,0.17,-318,-318,-318
1780193413.396897,0.0,0.0,0.013,0.17,-318,-318,-318
1780193413.419727,0.0,0.0,0.013,0.17,-318,-318,-318
1780193413.443851,0.0,0.0,0.013,0.17,-318,-318,-318
1780193413.46612,0.0,0.0,0.013,0.17,-318,-318,-318
1780193413.4906502,0.0,0.0,0.013,0.17,-318,-318,-318
1780193413.512983,0.0,0.0,0.013,0.17,-318,-318,-318
1780193413.5357199,0.0,0.0,0.013,0.17,-318,-318,-318
1780193413.5598369,0.0,0.0,0.013,0.17,-318,-318,-318
1780193413.5820842,0.0,0.0,0.013,0.17,-318,-318,-318
1780193413.6048782,0.0,0.0,0.013,0.17,-318,-318,-318
1780193413.6169689,0.0,0.0,0.013,0.17,-318,-318,-318
1780193413.64143,0.0,0.0,0.013,0.17,-318,-318,-318
1780193413.663672,0.0,0.0,0.013,0.17,-318,-318,-318
1780193413.6864908,0.0,0.0,0.013,0.17,-318,-318,-318
1780193413.710721,0.0,0.0,0.013,0.17,-318,-318,-318
1780193413.732945,0.0,0.0,0.013,0.17,-318,-318,-318
1780193413.757523,0.0,0.0,0.013,0.17,-318,-318,-318
1780193413.779825,0.0,0.0,0.013,0.17,-318,-318,-318
1780193413.80253,0.0,0.0,0.013,0.17,-318,-318,-318
1780193413.826664,0.0,0.0,0.013,0.17,-318,-318,-318
1780193413.848997,0.0,0.0,0.013,0.17,-318,-318,-318
1780193413.871645,0.0,0.0,0.013,0.17,-318,-318,-318
1780193413.8836591,0.0,0.0,0.013,0.17,-318,-318,-318
1780193413.908118,0.0,0.0,0.013,0.17,-318,-318,-318
1780193413.9302652,0.0,0.0,0.013,0.17,-318,-318,-318
1780193413.952982,0.0,0.0,0.013,0.17,-318,-318,-318
1780193413.977032,0.0,0.0,0.013,0.17,-318,-318,-318
1780193413.9993222,0.0,0.0,0.013,0.17,-318,-318,-318
1780193414.023892,0.0,0.0,0.013,0.17,-318,-318,-318
1780193414.0461051,0.0,0.0,0.013,0.17,-318,-318,-318
1780193414.0687091,0.0,0.0,0.013,0.17,-318,-318,-318
1780193414.092696,0.0,0.0,0.013,0.17,-318,-318,-318
1780193414.114953,0.0,0.0,0.013,0.17,-318,-318,-318
1780193414.137548,0.0,0.0,0.013,0.17,-318,-318,-318
1780193414.149586,0.0,0.0,0.013,0.17,-318,-318,-318
1780193414.173953,0.0,0.0,0.013,0.17,-318,-318,-318
1780193414.196228,0.0,0.0,0.013,0.17,-318,-318,-318
1780193414.20874,0.0,0.0,0.013,0.17,-318,-318,-318
1780193414.230944,0.0,0.0,0.013,0.17,-318,-318,-318
1780193414.253717,0.0,0.0,0.013,0.17,-318,-318,-318
1780193414.277657,0.0,0.0,0.013,0.17,-318,-318,-318
1780193414.299883,0.0,0.0,0.013,0.17,-318,-318,-318
1780193414.32443,0.0,0.0,0.013,0.17,-318,-318,-318
1780193414.346667,0.0,0.0,0.013,0.17,-318,-318,-318
1780193414.369309,0.0,0.0,0.013,0.17,-318,-318,-318
1780193414.393416,0.0,0.0,0.013,0.17,-318,-318,-318
1780193414.4156952,0.0,0.0,0.013,0.17,-318,-318,-318
1780193414.440243,0.0,0.0,0.013,0.17,-318,-318,-318
1780193414.46242,0.0,0.0,0.013,0.17,-318,-318,-318
1780193414.4852,0.0,0.0,0.013,0.17,-318,-318,-318
1780193414.5092852,0.0,0.0,0.013,0.17,-318,-318,-318
1780193414.5315259,0.0,0.0,0.013,0.17,-318,-318,-318
1780193414.554349,0.0,0.0,0.013,0.17,-318,-318,-318
1780193414.566422,0.0,0.0,0.013,0.17,-318,-318,-318
1780193414.5910249,0.0,0.0,0.013,0.17,-318,-318,-318
1780193414.613363,0.0,0.0,0.013,0.17,-318,-318,-318
1780193414.636102,0.0,0.0,0.013,0.17,-318,-318,-318
1780193414.660576,0.0,0.0,0.013,0.17,-318,-318,-318
1780193414.683427,0.0,0.0,0.013,0.17,-318,-318,-318
1780193414.708386,0.0,0.0,0.013,0.17,-318,-318,-318
1780193414.7310789,0.0,0.0,0.013,0.17,-318,-318,-318
1780193414.754109,0.0,0.0,0.013,0.17,-318,-318,-318
1780193414.766169,0.0,0.0,0.013,0.17,-318,-318,-318
1780193414.790715,0.0,0.0,0.013,0.17,-318,-318,-318
1780193414.812934,0.0,0.0,0.013,0.17,-318,-318,-318
1780193414.8356962,0.0,0.0,0.013,0.17,-318,-318,-318
1780193414.8598049,0.0,0.0,0.013,0.17,-318,-318,-318
1780193414.8822038,0.0,0.0,0.013,0.17,-318,-318,-318
1780193414.905254,0.0,0.0,0.013,0.17,-318,-318,-318
1780193414.9173188,0.0,0.0,0.013,0.17,-318,-318,-318
1780193414.941961,0.0,0.0,0.013,0.17,-318,-318,-318
1780193414.964264,0.0,0.0,0.013,0.17,-318,-318,-318
1780193414.987085,0.0,0.0,0.013,0.17,-318,-318,-318
1780193414.999109,0.0,0.0,0.013,0.17,-318,-318,-318
1780193415.0237,0.0,0.0,0.013,0.17,-318,-318,-318
1780193415.04615,0.0,0.0,0.013,0.17,-318,-318,-318
1780193415.069025,0.0,0.0,0.013,0.17,-318,-318,-318
1780193415.093107,0.0,0.0,0.013,0.17,-318,-318,-318
1780193415.115395,0.0,0.0,0.013,0.17,-318,-318,-318
1780193415.138158,0.0,0.0,0.013,0.17,-318,-318,-318
1780193415.150233,0.0,0.0,0.013,0.17,-318,-318,-318
1780193415.174752,0.0,0.0,0.013,0.17,-318,-318,-318
1780193415.197,0.0,0.0,0.013,0.17,-318,-318,-318
1780193415.219817,0.0,0.0,0.013,0.17,-318,-318,-318
1780193415.244017,0.0,0.0,0.013,0.17,-318,-318,-318
1780193415.266315,0.0,0.0,0.013,0.17,-318,-318,-318
1780193415.290859,0.0,0.0,0.013,0.17,-318,-318,-318
1780193415.3131268,0.0,0.0,0.013,0.17,-318,-318,-318
1780193415.335905,0.0,0.0,0.013,0.17,-318,-318,-318
1780193415.3600588,0.0,0.0,0.013,0.17,-318,-318,-318
1780193415.383003,0.0,0.0,0.013,0.17,-318,-318,-318
1780193415.4077141,0.0,0.0,0.013,0.17,-318,-318,-318
1780193415.429943,0.0,0.0,0.013,0.17,-318,-318,-318
1780193415.452767,0.0,0.0,0.013,0.17,-318,-318,-318
1780193415.477042,0.0,0.0,0.013,0.17,-318,-318,-318
1780193415.499362,0.0,0.0,0.013,0.17,-318,-318,-318
1780193415.523981,0.0,0.0,0.013,0.17,-318,-318,-318
1780193415.546303,0.0,0.0,0.013,0.17,-318,-318,-318
1780193415.569016,0.0,0.0,0.013,0.17,-318,-318,-318
1780193415.593076,0.0,0.0,0.013,0.17,-318,-318,-318
1780193415.6154099,0.0,0.0,0.013,0.17,-318,-318,-318
1780193415.638193,0.0,0.0,0.013,0.17,-318,-318,-318
1780193415.650212,0.0,0.0,0.013,0.17,-318,-318,-318
1780193415.6748679,0.0,0.0,0.013,0.17,-318,-318,-318
1780193415.697176,0.0,0.0,0.013,0.17,-318,-318,-318
1780193415.719955,0.0,0.0,0.013,0.17,-318,-318,-318
1780193415.744067,0.0,0.0,0.013,0.17,-318,-318,-318
1780193415.7674189,0.0,0.0,0.013,0.17,-318,-318,-318
1780193415.791809,0.0,0.0,0.013,0.17,-318,-318,-318
1780193415.8141482,0.0,0.0,0.013,0.17,-318,-318,-318
1780193415.837415,0.0,0.0,0.013,0.17,-318,-318,-318
1780193415.849649,0.0,0.0,0.013,0.17,-318,-318,-318
1780193415.87467,0.0,0.0,0.013,0.17,-318,-318,-318
1780193415.897343,0.0,0.0,0.013,0.17,-318,-318,-318
1780193415.920564,0.0,0.0,0.013,0.17,-318,-318,-318
1780193415.932765,0.0,0.0,0.013,0.17,-318,-318,-318
1780193415.95778,0.0,0.0,0.013,0.17,-318,-318,-318
1780193415.9804318,0.0,0.0,0.013,0.17,-318,-318,-318
1780193416.0037088,0.0,0.0,0.013,0.17,-318,-318,-318
1780193416.015977,0.0,0.0,0.013,0.17,-318,-318,-318
1780193416.0408509,0.0,0.0,0.013,0.17,-318,-318,-318
1780193416.063505,0.0,0.0,0.013,0.17,-318,-318,-318
1780193416.0865889,0.0,0.0,0.013,0.17,-318,-318,-318
1780193416.111019,0.0,0.0,0.013,0.17,-318,-318,-318
1780193416.1342652,0.0,0.0,0.013,0.17,-318,-318,-318
1780193416.1587799,0.0,0.0,0.013,0.17,-318,-318,-318
1780193416.1816,0.0,0.0,0.013,0.17,-318,-318,-318
1780193416.204659,0.0,0.0,0.013,0.17,-318,-318,-318
1780193416.2168891,0.0,0.0,0.013,0.17,-318,-318,-318
1780193416.241628,0.0,0.0,0.013,0.17,-318,-318,-318
1780193416.264322,0.0,0.0,0.013,0.17,-318,-318,-318
1780193416.277049,0.0,0.0,0.013,0.17,-318,-318,-318
1780193416.299747,0.0,0.0,0.013,0.17,-318,-318,-318
1780193416.324873,0.0,0.0,0.013,0.17,-318,-318,-318
1780193416.347585,0.0,0.0,0.013,0.17,-318,-318,-318
1780193416.370633,0.0,0.0,0.013,0.17,-318,-318,-318
1780193416.3829188,0.0,0.0,0.013,0.17,-318,-318,-318
1780193416.407927,0.0,0.0,0.013,0.17,-318,-318,-318
1780193416.4303,0.0,0.0,0.013,0.17,-318,-318,-318
1780193416.453366,0.0,0.0,0.013,0.17,-318,-318,-318
1780193416.47748,0.0,0.0,0.013,0.17,-318,-318,-318
1780193416.499769,0.0,0.0,0.013,0.17,-318,-318,-318
1780193416.524333,0.0,0.0,0.013,0.17,-318,-318,-318
1780193416.546755,0.0,0.0,0.013,0.17,-318,-318,-318
1780193416.569647,0.0,0.0,0.013,0.17,-318,-318,-318
1780193416.593743,0.0,0.0,0.013,0.17,-318,-318,-318
1780193416.616099,0.0,0.0,0.013,0.17,-318,-318,-318
1780193416.640796,0.0,0.0,0.013,0.17,-318,-318,-318
1780193416.663131,0.0,0.0,0.013,0.17,-318,-318,-318
1780193416.686133,0.0,0.0,0.013,0.17,-318,-318,-318
1780193416.7102342,0.0,0.0,0.013,0.17,-318,-318,-318
1780193416.732513,0.0,0.0,0.013,0.17,-318,-318,-318
1780193416.7571998,0.0,0.0,0.013,0.17,-318,-318,-318
1780193416.779511,0.0,0.0,0.013,0.17,-318,-318,-318
1780193416.8023129,0.0,0.0,0.013,0.17,-318,-318,-318
1780193416.826452,0.0,0.0,0.013,0.17,-318,-318,-318
1780193416.8487968,0.0,0.0,0.013,0.17,-318,-318,-318
1780193416.873903,0.0,0.0,0.013,0.17,-318,-318,-318
1780193416.896699,0.0,0.0,0.013,0.17,-318,-318,-318
1780193416.919955,0.0,0.0,0.013,0.17,-318,-318,-318
1780193416.9445271,0.0,0.0,0.013,0.17,-318,-318,-318
1780193416.967703,0.0,0.0,0.013,0.17,-318,-318,-318
1780193416.992299,0.0,0.0,0.013,0.17,-318,-318,-318
1780193417.015095,0.0,0.0,0.013,0.17,-318,-318,-318
1780193417.038118,0.0,0.0,0.013,0.17,-318,-318,-318
1780193417.050399,0.0,0.0,0.013,0.17,-318,-318,-318
1780193417.0751731,0.0,0.0,0.013,0.17,-318,-318,-318
1780193417.0978181,0.0,0.0,0.013,0.17,-318,-318,-318
1780193417.121013,0.0,0.0,0.013,0.17,-318,-318,-318
1780193417.133198,0.0,0.0,0.013,0.17,-318,-318,-318
1780193417.15828,0.0,0.0,0.013,0.17,-318,-318,-318
1780193417.1810508,0.0,0.0,0.013,0.17,-318,-318,-318
1780193417.2042198,0.0,0.0,0.013,0.17,-318,-318,-318
1780193417.216523,0.0,0.0,0.013,0.17,-318,-318,-318
1780193417.241451,0.0,0.0,0.013,0.17,-318,-318,-318
1780193417.263772,0.0,0.0,0.013,0.17,-318,-318,-318
1780193417.286693,0.0,0.0,0.013,0.17,-318,-318,-318
1780193417.310905,0.0,0.0,0.013,0.17,-318,-318,-318
1780193417.333819,0.0,0.0,0.013,0.17,-318,-318,-318
1780193417.357997,0.0,0.0,0.013,0.17,-318,-318,-318
1780193417.380367,0.0,0.0,0.013,0.17,-318,-318,-318
1780193417.403143,0.0,0.0,0.013,0.17,-318,-318,-318
1780193417.42728,0.0,0.0,0.013,0.17,-318,-318,-318
1780193417.449698,0.0,0.0,0.013,0.17,-318,-318,-318
1780193417.4743,0.0,0.0,0.013,0.17,-318,-318,-318
1780193417.496577,0.0,0.0,0.013,0.17,-318,-318,-318
1780193417.5194418,0.0,0.0,0.013,0.17,-318,-318,-318
1780193417.54362,0.0,0.0,0.013,0.17,-318,-318,-318
1780193417.5658638,0.0,0.0,0.013,0.17,-318,-318,-318
1780193417.590496,0.0,0.0,0.013,0.17,-318,-318,-318
1780193417.6128619,0.0,0.0,0.013,0.17,-318,-318,-318
1780193417.63555,0.0,0.0,0.013,0.17,-318,-318,-318
1780193417.659842,0.0,0.0,0.013,0.17,-318,-318,-318
1780193417.682229,0.0,0.0,0.013,0.17,-318,-318,-318
1780193417.706707,0.0,0.0,0.013,0.17,-318,-318,-318
1780193417.728947,0.0,0.0,0.013,0.17,-318,-318,-318
1780193417.7518,0.0,0.0,0.013,0.17,-318,-318,-318
1780193417.775903,0.0,0.0,0.013,0.17,-318,-318,-318
1780193417.798719,0.0,0.0,0.013,0.17,-318,-318,-318
1780193417.8237162,0.0,0.0,0.013,0.17,-318,-318,-318
1780193417.846564,0.0,0.0,0.013,0.17,-318,-318,-318
1780193417.8697119,0.0,0.0,0.013,0.17,-318,-318,-318
1780193417.894187,0.0,0.0,0.013,0.17,-318,-318,-318
1780193417.9171221,0.0,0.0,0.013,0.17,-318,-318,-318
1780193417.941173,0.0,0.0,0.013,0.17,-318,-318,-318
1780193417.963403,0.0,0.0,0.013,0.17,-318,-318,-318
1780193417.986453,0.0,0.0,0.013,0.17,-318,-318,-318
1780193418.011091,0.0,0.0,0.013,0.17,-318,-318,-318
1780193418.034157,0.0,0.0,0.013,0.17,-318,-318,-318
1780193418.05871,0.0,0.0,0.013,0.17,-318,-318,-318
1780193418.0812988,0.0,0.0,0.013,0.17,-318,-318,-318
1780193418.104057,0.0,0.0,0.013,0.17,-318,-318,-318
1780193418.116229,0.0,0.0,0.013,0.17,-318,-318,-318
1780193418.140759,0.0,0.0,0.013,0.17,-318,-318,-318
1780193418.162986,0.0,0.0,0.013,0.17,-318,-318,-318
1780193418.1858182,0.0,0.0,0.013,0.17,-318,-318,-318
1780193418.209918,0.0,0.0,0.013,0.17,-318,-318,-318
1780193418.232165,0.0,0.0,0.013,0.17,-318,-318,-318
1780193418.2568672,0.0,0.0,0.013,0.17,-318,-318,-318
1780193418.279177,0.0,0.0,0.013,0.17,-318,-318,-318
1780193418.301863,0.0,0.0,0.013,0.17,-318,-318,-318
1780193418.326046,0.0,0.0,0.013,0.17,-318,-318,-318
1780193418.33674,0.0,0.0,0.013,0.17,-318,-318,-318
1780193418.360922,0.0,0.0,0.013,0.17,-318,-318,-318
1780193418.3838751,0.0,0.0,0.013,0.17,-318,-318,-318
1780193418.4080472,0.0,0.0,0.013,0.17,-318,-318,-318
1780193418.4302459,0.0,0.0,0.013,0.17,-318,-318,-318
1780193418.4530969,0.0,0.0,0.013,0.17,-318,-318,-318
1780193418.477244,0.0,0.0,0.013,0.17,-318,-318,-318
1780193418.500458,0.0,0.0,0.013,0.17,-318,-318,-318
1780193418.524906,0.0,0.0,0.013,0.17,-318,-318,-318
1780193418.5476632,0.0,0.0,0.013,0.17,-318,-318,-318
1780193418.570697,0.0,0.0,0.013,0.17,-318,-318,-318
1780193418.582777,0.0,0.0,0.013,0.17,-318,-318,-318
1780193418.607559,0.0,0.0,0.013,0.17,-318,-318,-318
1780193418.6299431,0.0,0.0,0.013,0.17,-318,-318,-318
1780193418.653217,0.0,0.0,0.013,0.17,-318,-318,-318
1780193418.6778822,0.0,0.0,0.013,0.17,-318,-318,-318
1780193418.7012239,0.0,0.0,0.013,0.17,-318,-318,-318
1780193418.725908,0.0,0.0,0.013,0.17,-318,-318,-318
1780193418.748802,0.0,0.0,0.013,0.17,-318,-318,-318
1780193418.773399,0.0,0.0,0.013,0.17,-318,-318,-318
1780193418.795729,0.0,0.0,0.013,0.17,-318,-318,-318
1780193418.8187819,0.0,0.0,0.013,0.17,-318,-318,-318
1780193418.843127,0.0,0.0,0.013,0.17,-318,-318,-318
1780193418.865598,0.0,0.0,0.013,0.17,-318,-318,-318
1780193418.87812,0.0,0.0,0.013,0.17,-318,-318,-318
1780193418.900929,0.0,0.0,0.013,0.17,-318,-318,-318
1780193418.925163,0.0,0.0,0.013,0.17,-318,-318,-318
1780193418.948092,0.0,0.0,0.013,0.17,-318,-318,-318
1780193418.971183,0.0,0.0,0.013,0.17,-318,-318,-318
1780193418.9937978,0.0,0.0,0.013,0.17,-318,-318,-318
1780193419.01612,0.0,0.0,0.013,0.17,-318,-318,-318
1780193419.040301,0.0,0.0,0.013,0.17,-318,-318,-318
1780193419.062613,0.0,0.0,0.013,0.17,-318,-318,-318
1780193419.085554,0.0,0.0,0.013,0.17,-318,-318,-318
1780193419.1096761,0.0,0.0,0.013,0.17,-318,-318,-318
1780193419.132006,0.0,0.0,0.013,0.17,-318,-318,-318
1780193419.156684,0.0,0.0,0.013,0.17,-318,-318,-318
1780193419.179063,0.0,0.0,0.013,0.17,-318,-318,-318
1780193419.201807,0.0,0.0,0.013,0.17,-318,-318,-318
1780193419.225971,0.0,0.0,0.013,0.17,-318,-318,-318
1780193419.248362,0.0,0.0,0.013,0.17,-318,-318,-318
1780193419.271211,0.0,0.0,0.013,0.17,-318,-318,-318
1780193419.283245,0.0,0.0,0.013,0.17,-318,-318,-318
1780193419.307746,0.0,0.0,0.013,0.17,-318,-318,-318
1780193419.330014,0.0,0.0,0.013,0.17,-318,-318,-318
1780193419.353002,0.0,0.0,0.013,0.17,-318,-318,-318
1780193419.377177,0.0,0.0,0.013,0.17,-318,-318,-318
1780193419.387912,0.0,0.0,0.013,0.17,-318,-318,-318
1780193419.4119182,0.0,0.0,0.013,0.17,-318,-318,-318
1780193419.4345868,0.0,0.0,0.013,0.17,-318,-318,-318
1780193419.458713,0.0,0.0,0.013,0.17,-318,-318,-318
1780193419.480997,0.0,0.0,0.013,0.17,-318,-318,-318
1780193419.50371,0.0,0.0,0.013,0.17,-318,-318,-318
1780193419.5157251,0.0,0.0,0.013,0.17,-318,-318,-318
1780193419.540218,0.0,0.0,0.013,0.17,-318,-318,-318
1780193419.562471,0.0,0.0,0.013,0.17,-318,-318,-318
1780193419.5859919,0.0,0.0,0.013,0.17,-318,-318,-318
1780193419.61026,0.0,0.0,0.013,0.17,-318,-318,-318
1780193419.632611,0.0,0.0,0.013,0.17,-318,-318,-318
1780193419.657119,0.0,0.0,0.013,0.17,-318,-318,-318
1780193419.679452,0.0,0.0,0.013,0.17,-318,-318,-318
1780193419.7021492,0.0,0.0,0.013,0.17,-318,-318,-318
1780193419.7263439,0.0,0.0,0.013,0.17,-318,-318,-318
1780193419.7489128,0.0,0.0,0.013,0.17,-318,-318,-318
1780193419.7734458,0.0,0.0,0.013,0.17,-318,-318,-318
1780193419.7957702,0.0,0.0,0.013,0.17,-318,-318,-318
1780193419.818618,0.0,0.0,0.013,0.17,-318,-318,-318
1780193419.842732,0.0,0.0,0.013,0.17,-318,-318,-318
1780193419.865066,0.0,0.0,0.013,0.17,-318,-318,-318
1780193419.887872,0.0,0.0,0.013,0.17,-318,-318,-318
1780193419.8998559,0.0,0.0,0.013,0.17,-318,-318,-318
1780193419.924424,0.0,0.0,0.013,0.17,-318,-318,-318
1780193419.946719,0.0,0.0,0.013,0.17,-318,-318,-318
1780193419.969337,0.0,0.0,0.013,0.17,-318,-318,-318
1780193419.9935539,0.0,0.0,0.013,0.17,-318,-318,-318
1780193420.015969,0.0,0.0,0.013,0.17,-318,-318,-318
1780193420.04055,0.0,0.0,0.013,0.17,-318,-318,-318
1780193420.06288,0.0,0.0,0.013,0.17,-318,-318,-318
1780193420.0858948,0.0,0.0,0.013,0.17,-318,-318,-318
1780193420.110284,0.0,0.0,0.013,0.17,-318,-318,-318
1780193420.132684,0.0,0.0,0.013,0.17,-318,-318,-318
1780193420.1573389,0.0,0.0,0.013,0.17,-318,-318,-318
1780193420.179636,0.0,0.0,0.013,0.17,-318,-318,-318
1780193420.202353,0.0,0.0,0.013,0.17,-318,-318,-318
1780193420.2265139,0.0,0.0,0.013,0.17,-318,-318,-318
1780193420.248802,0.0,0.0,0.013,0.17,-318,-318,-318
1780193420.27345,0.0,0.0,0.013,0.17,-318,-318,-318
1780193420.295699,0.0,0.0,0.013,0.17,-318,-318,-318
1780193420.318523,0.0,0.0,0.013,0.17,-318,-318,-318
1780193420.342636,0.0,0.0,0.013,0.17,-318,-318,-318
1780193420.364995,0.0,0.0,0.013,0.17,-318,-318,-318
1780193420.3879821,0.0,0.0,0.013,0.17,-318,-318,-318
1780193420.3999648,0.0,0.0,0.013,0.17,-318,-318,-318
1780193420.424531,0.0,0.0,0.013,0.17,-318,-318,-318
1780193420.435283,0.0,0.0,0.013,0.17,-318,-318,-318
1780193420.459768,0.0,0.0,0.013,0.17,-318,-318,-318
1780193420.482003,0.0,0.0,0.013,0.17,-318,-318,-318
1780193420.506582,0.0,0.0,0.013,0.17,-318,-318,-318
1780193420.52896,0.0,0.0,0.013,0.17,-318,-318,-318
1780193420.55178,0.0,0.0,0.013,0.17,-318,-318,-318
1780193420.576009,0.0,0.0,0.013,0.17,-318,-318,-318
1780193420.5982678,0.0,0.0,0.013,0.17,-318,-318,-318
1780193420.621131,0.0,0.0,0.013,0.17,-318,-318,-318
1780193420.633218,0.0,0.0,0.013,0.17,-318,-318,-318
1780193420.658002,0.0,0.0,0.013,0.17,-318,-318,-318
1780193420.680307,0.0,0.0,0.013,0.17,-318,-318,-318
1780193420.7031229,0.0,0.0,0.013,0.17,-318,-318,-318
1780193420.72739,0.0,0.0,0.013,0.17,-318,-318,-318
1780193420.750317,0.0,0.0,0.013,0.17,-318,-318,-318
1780193420.774867,0.0,0.0,0.013,0.17,-318,-318,-318
1780193420.79776,0.0,0.0,0.013,0.17,-318,-318,-318
1780193420.821198,0.0,0.0,0.013,0.17,-318,-318,-318
1780193420.8334668,0.0,0.0,0.013,0.17,-318,-318,-318
1780193420.858648,0.0,0.0,0.013,0.17,-318,-318,-318
1780193420.881508,0.0,0.0,0.013,0.17,-318,-318,-318
1780193420.904413,0.0,0.0,0.013,0.17,-318,-318,-318
1780193420.9165492,0.0,0.0,0.013,0.17,-318,-318,-318
1780193420.9411042,0.0,0.0,0.013,0.17,-318,-318,-318
1780193420.963891,0.0,0.0,0.013,0.17,-318,-318,-318
1780193420.976393,0.0,0.0,0.013,0.17,-318,-318,-318
1780193420.998775,0.0,0.0,0.013,0.17,-318,-318,-318
1780193421.02356,0.0,0.0,0.013,0.17,-318,-318,-318
1780193421.045891,0.0,0.0,0.013,0.17,-318,-318,-318
1780193421.068767,0.0,0.0,0.013,0.17,-318,-318,-318
1780193421.0930471,0.0,0.0,0.013,0.17,-318,-318,-318
1780193421.1153548,0.0,0.0,0.013,0.17,-318,-318,-318
1780193421.139811,0.0,0.0,0.013,0.17,-318,-318,-318
1780193421.162038,0.0,0.0,0.013,0.17,-318,-318,-318
1780193421.184822,0.0,0.0,0.013,0.17,-318,-318,-318
1780193421.2089548,0.0,0.0,0.013,0.17,-318,-318,-318
1780193421.231215,0.0,0.0,0.013,0.17,-318,-318,-318
1780193421.254017,0.0,0.0,0.013,0.17,-318,-318,-318
1780193421.26605,0.0,0.0,0.013,0.17,-318,-318,-318
1780193421.290585,0.0,0.0,0.013,0.17,-318,-318,-318
1780193421.31291,0.0,0.0,0.013,0.17,-318,-318,-318
1780193421.335674,0.0,0.0,0.013,0.17,-318,-318,-318
1780193421.3596969,0.0,0.0,0.013,0.17,-318,-318,-318
1780193421.382598,0.0,0.0,0.013,0.17,-318,-318,-318
1780193421.4076731,0.0,0.0,0.013,0.17,-318,-318,-318
1780193421.4304152,0.0,0.0,0.013,0.17,-318,-318,-318
1780193421.4536781,0.0,0.0,0.013,0.17,-318,-318,-318
1780193421.465953,0.0,0.0,0.013,0.17,-318,-318,-318
1780193421.490829,0.0,0.0,0.013,0.17,-318,-318,-318
1780193421.513581,0.0,0.0,0.013,0.17,-318,-318,-318
1780193421.53629,0.0,0.0,0.013,0.17,-318,-318,-318
1780193421.56037,0.0,0.0,0.013,0.17,-318,-318,-318
1780193421.5827131,0.0,0.0,0.013,0.17,-318,-318,-318
1780193421.6072588,0.0,0.0,0.013,0.17,-318,-318,-318
1780193421.6294,0.0,0.0,0.013,0.17,-318,-318,-318
1780193421.652195,0.0,0.0,0.013,0.17,-318,-318,-318
1780193421.676236,0.0,0.0,0.013,0.17,-318,-318,-318
1780193421.698514,0.0,0.0,0.013,0.17,-318,-318,-318
1780193421.7231889,0.0,0.0,0.013,0.17,-318,-318,-318
1780193421.745465,0.0,0.0,0.013,0.17,-318,-318,-318
1780193421.768092,0.0,0.0,0.013,0.17,-318,-318,-318
1780193421.7922099,0.0,0.0,0.013,0.17,-318,-318,-318
1780193421.814508,0.0,0.0,0.013,0.17,-318,-318,-318
1780193421.8372,0.0,0.0,0.013,0.17,-318,-318,-318
1780193421.84936,0.0,0.0,0.013,0.17,-318,-318,-318
1780193421.873888,0.0,0.0,0.013,0.17,-318,-318,-318
1780193421.896113,0.0,0.0,0.013,0.17,-318,-318,-318
1780193421.918995,0.0,0.0,0.013,0.17,-318,-318,-318
1780193421.942993,0.0,0.0,0.013,0.17,-318,-318,-318
1780193421.965207,0.0,0.0,0.013,0.17,-318,-318,-318
1780193421.9898582,0.0,0.0,0.013,0.17,-318,-318,-318
1780193422.000602,0.0,0.0,0.013,0.17,-318,-318,-318
1780193422.024862,0.0,0.0,0.013,0.17,-318,-318,-318
1780193422.047151,0.0,0.0,0.013,0.17,-318,-318,-318
1780193422.070168,0.0,0.0,0.013,0.17,-318,-318,-318
1780193422.082465,0.0,0.0,0.013,0.17,-318,-318,-318
1780193422.107414,0.0,0.0,0.013,0.17,-318,-318,-318
1780193422.130052,0.0,0.0,0.013,0.17,-318,-318,-318
1780193422.153156,0.0,0.0,0.013,0.17,-318,-318,-318
1780193422.177304,0.0,0.0,0.013,0.17,-318,-318,-318
1780193422.2002718,0.0,0.0,0.013,0.17,-318,-318,-318
1780193422.224705,0.0,0.0,0.013,0.17,-318,-318,-318
1780193422.2469919,0.0,0.0,0.013,0.17,-318,-318,-318
1780193422.269899,0.0,0.0,0.013,0.17,-318,-318,-318
1780193422.294229,0.0,0.0,0.013,0.17,-318,-318,-318
1780193422.31723,0.0,0.0,0.013,0.17,-318,-318,-318
1780193422.341416,0.0,0.0,0.013,0.17,-318,-318,-318
1780193422.3636851,0.0,0.0,0.013,0.17,-318,-318,-318
1780193422.386625,0.0,0.0,0.013,0.17,-318,-318,-318
1780193422.398693,0.0,0.0,0.013,0.17,-318,-318,-318
1780193422.423363,0.0,0.0,0.013,0.17,-318,-318,-318
1780193422.445645,0.0,0.0,0.013,0.17,-318,-318,-318
1780193422.468344,0.0,0.0,0.013,0.17,-318,-318,-318
1780193422.4925902,0.0,0.0,0.013,0.17,-318,-318,-318
1780193422.514961,0.0,0.0,0.013,0.17,-318,-318,-318
1780193422.537815,0.0,0.0,0.013,0.17,-318,-318,-318
1780193422.561954,0.0,0.0,0.013,0.17,-318,-318,-318
1780193422.5847318,0.0,0.0,0.013,0.17,-318,-318,-318
1780193422.608932,0.0,0.0,0.013,0.17,-318,-318,-318
1780193422.6313229,0.0,0.0,0.013,0.17,-318,-318,-318
1780193422.654134,0.0,0.0,0.013,0.17,-318,-318,-318
1780193422.666188,0.0,0.0,0.013,0.17,-318,-318,-318
1780193422.690758,0.0,0.0,0.013,0.17,-318,-318,-318
1780193422.713106,0.0,0.0,0.013,0.17,-318,-318,-318
1780193422.735981,0.0,0.0,0.013,0.17,-318,-318,-318
1780193422.7601569,0.0,0.0,0.013,0.17,-318,-318,-318
1780193422.7825558,0.0,0.0,0.013,0.17,-318,-318,-318
1780193422.807117,0.0,0.0,0.013,0.17,-318,-318,-318
1780193422.829504,0.0,0.0,0.013,0.17,-318,-318,-318
1780193422.852396,0.0,0.0,0.013,0.17,-318,-318,-318
1780193422.876584,0.0,0.0,0.013,0.17,-318,-318,-318
1780193422.8990028,0.0,0.0,0.013,0.17,-318,-318,-318
1780193422.923999,0.0,0.0,0.013,0.17,-318,-318,-318
1780193422.946866,0.0,0.0,0.013,0.17,-318,-318,-318
1780193422.9698298,0.0,0.0,0.013,0.17,-318,-318,-318
1780193422.99456,0.0,0.0,0.013,0.17,-318,-318,-318
1780193423.0175822,0.0,0.0,0.013,0.17,-318,-318,-318
1780193423.041781,0.0,0.0,0.013,0.17,-318,-318,-318
1780193423.05246,0.0,0.0,0.013,0.17,-318,-318,-318
1780193423.07678,0.0,0.0,0.013,0.17,-318,-318,-318
1780193423.099508,0.0,0.0,0.013,0.17,-318,-318,-318
1780193423.124544,0.0,0.0,0.013,0.17,-318,-318,-318
1780193423.147274,0.0,0.0,0.013,0.17,-318,-318,-318
1780193423.170358,0.0,0.0,0.013,0.17,-318,-318,-318
1780193423.182605,0.0,0.0,0.013,0.17,-318,-318,-318
1780193423.207288,0.0,0.0,0.013,0.17,-318,-318,-318
1780193423.229558,0.0,0.0,0.013,0.17,-318,-318,-318
1780193423.252362,0.0,0.0,0.013,0.17,-318,-318,-318
1780193423.276563,0.0,0.0,0.013,0.17,-318,-318,-318
1780193423.298831,0.0,0.0,0.013,0.17,-318,-318,-318
1780193423.3234382,0.0,0.0,0.013,0.17,-318,-318,-318
1780193423.345689,0.0,0.0,0.013,0.17,-318,-318,-318
1780193423.3683689,0.0,0.0,0.013,0.17,-318,-318,-318
1780193423.392498,0.0,0.0,0.013,0.17,-318,-318,-318
1780193423.414858,0.0,0.0,0.013,0.17,-318,-318,-318
1780193423.437557,0.0,0.0,0.013,0.17,-318,-318,-318
1780193423.449586,0.0,0.0,0.013,0.17,-318,-318,-318
1780193423.474227,0.0,0.0,0.013,0.17,-318,-318,-318
1780193423.497,0.0,0.0,0.013,0.17,-318,-318,-318
1780193423.520088,0.0,0.0,0.013,0.17,-318,-318,-318
1780193423.532317,0.0,0.0,0.013,0.17,-318,-318,-318
1780193423.557303,0.0,0.0,0.013,0.17,-318,-318,-318
1780193423.5800462,0.0,0.0,0.013,0.17,-318,-318,-318
1780193423.5926762,0.0,0.0,0.013,0.17,-318,-318,-318
1780193423.615552,0.0,0.0,0.013,0.17,-318,-318,-318
1780193423.6401632,0.0,0.0,0.013,0.17,-318,-318,-318
1780193423.6624901,0.0,0.0,0.013,0.17,-318,-318,-318
1780193423.6854951,0.0,0.0,0.013,0.17,-318,-318,-318
1780193423.709651,0.0,0.0,0.013,0.17,-318,-318,-318
1780193423.731998,0.0,0.0,0.013,0.17,-318,-318,-318
1780193423.756588,0.0,0.0,0.013,0.17,-318,-318,-318
1780193423.7788532,0.0,0.0,0.013,0.17,-318,-318,-318
1780193423.801505,0.0,0.0,0.013,0.17,-318,-318,-318
1780193423.8257868,0.0,0.0,0.013,0.17,-318,-318,-318
1780193423.8481338,0.0,0.0,0.013,0.17,-318,-318,-318
1780193423.8708758,0.0,0.0,0.013,0.17,-318,-318,-318
1780193423.883012,0.0,0.0,0.013,0.17,-318,-318,-318
1780193423.9075358,0.0,0.0,0.013,0.17,-318,-318,-318
1780193423.9298618,0.0,0.0,0.013,0.17,-318,-318,-318
1780193423.952675,0.0,0.0,0.013,0.17,-318,-318,-318
1780193423.976722,0.0,0.0,0.013,0.17,-318,-318,-318
1780193423.999191,0.0,0.0,0.013,0.17,-318,-318,-318
1780193424.0237298,0.0,0.0,0.013,0.17,-318,-318,-318
1780193424.04611,0.0,0.0,0.013,0.17,-318,-318,-318
1780193424.06882,0.0,0.0,0.013,0.17,-318,-318,-318
1780193424.09302,0.0,0.0,0.013,0.17,-318,-318,-318
1780193424.1037178,0.0,0.0,0.013,0.17,-318,-318,-318
1780193424.1278772,0.0,0.0,0.013,0.17,-318,-318,-318
1780193424.150801,0.0,0.0,0.013,0.17,-318,-318,-318
1780193424.1750321,0.0,0.0,0.013,0.17,-318,-318,-318
1780193424.197361,0.0,0.0,0.013,0.17,-318,-318,-318
1780193424.220224,0.0,0.0,0.013,0.17,-318,-318,-318
1780193424.23223,0.0,0.0,0.013,0.17,-318,-318,-318
1780193424.2568161,0.0,0.0,0.013,0.17,-318,-318,-318
1780193424.279231,0.0,0.0,0.013,0.17,-318,-318,-318
1780193424.3020039,0.0,0.0,0.013,0.17,-318,-318,-318
1780193424.326174,0.0,0.0,0.013,0.17,-318,-318,-318
1780193424.348504,0.0,0.0,0.013,0.17,-318,-318,-318
1780193424.373158,0.0,0.0,0.013,0.17,-318,-318,-318
1780193424.395435,0.0,0.0,0.013,0.17,-318,-318,-318
1780193424.418323,0.0,0.0,0.013,0.17,-318,-318,-318
1780193424.442483,0.0,0.0,0.013,0.17,-318,-318,-318
1780193424.464823,0.0,0.0,0.013,0.17,-318,-318,-318
1780193424.489505,0.0,0.0,0.013,0.17,-318,-318,-318
1780193424.51177,0.0,0.0,0.013,0.17,-318,-318,-318
1780193424.534563,0.0,0.0,0.013,0.17,-318,-318,-318
1780193424.558594,0.0,0.0,0.013,0.17,-318,-318,-318
1780193424.580897,0.0,0.0,0.013,0.17,-318,-318,-318
1780193424.603554,0.0,0.0,0.013,0.17,-318,-318,-318
1780193424.6155531,0.0,0.0,0.013,0.17,-318,-318,-318
1780193424.640092,0.0,0.0,0.013,0.17,-318,-318,-318
1780193424.662346,0.0,0.0,0.013,0.17,-318,-318,-318
1780193424.685214,0.0,0.0,0.013,0.17,-318,-318,-318
1780193424.709331,0.0,0.0,0.013,0.17,-318,-318,-318
1780193424.7316291,0.0,0.0,0.013,0.17,-318,-318,-318
1780193424.756335,0.0,0.0,0.013,0.17,-318,-318,-318
1780193424.778656,0.0,0.0,0.013,0.17,-318,-318,-318
1780193424.8013709,0.0,0.0,0.013,0.17,-318,-318,-318
1780193424.8254988,0.0,0.0,0.013,0.17,-318,-318,-318
1780193424.847758,0.0,0.0,0.013,0.17,-318,-318,-318
1780193424.8705301,0.0,0.0,0.013,0.17,-318,-318,-318
1780193424.882647,0.0,0.0,0.013,0.17,-318,-318,-318
1780193424.907189,0.0,0.0,0.013,0.17,-318,-318,-318
1780193424.929366,0.0,0.0,0.013,0.17,-318,-318,-318
1780193424.9522161,0.0,0.0,0.013,0.17,-318,-318,-318
1780193424.976305,0.0,0.0,0.013,0.17,-318,-318,-318
1780193424.998503,0.0,0.0,0.013,0.17,-318,-318,-318
1780193425.023092,0.0,0.0,0.013,0.17,-318,-318,-318
1780193425.045301,0.0,0.0,0.013,0.17,-318,-318,-318
1780193425.068366,0.0,0.0,0.013,0.17,-318,-318,-318
1780193425.093118,0.0,0.0,0.013,0.17,-318,-318,-318
1780193425.1158102,0.0,0.0,0.013,0.17,-318,-318,-318
1780193425.140314,0.0,0.0,0.013,0.17,-318,-318,-318
1780193425.162476,0.0,0.0,0.013,0.17,-318,-318,-318
1780193425.185299,0.0,0.0,0.013,0.17,-318,-318,-318
1780193425.2093172,0.0,0.0,0.013,0.17,-318,-318,-318
1780193425.2315981,0.0,0.0,0.013,0.17,-318,-318,-318
1780193425.256175,0.0,0.0,0.013,0.17,-318,-318,-318
1780193425.278431,0.0,0.0,0.013,0.17,-318,-318,-318
1780193425.301162,0.0,0.0,0.013,0.17,-318,-318,-318
1780193425.3251882,0.0,0.0,0.013,0.17,-318,-318,-318
1780193425.34756,0.0,0.0,0.013,0.17,-318,-318,-318
1780193425.37068,0.0,0.0,0.013,0.17,-318,-318,-318
1780193425.38274,0.0,0.0,0.013,0.17,-318,-318,-318
1780193425.407257,0.0,0.0,0.013,0.17,-318,-318,-318
1780193425.4295292,0.0,0.0,0.013,0.17,-318,-318,-318
1780193425.452409,0.0,0.0,0.013,0.17,-318,-318,-318
1780193425.476806,0.0,0.0,0.013,0.17,-318,-318,-318
1780193425.500073,0.0,0.0,0.013,0.17,-318,-318,-318
1780193425.5244071,0.0,0.0,0.013,0.17,-318,-318,-318
1780193425.547157,0.0,0.0,0.013,0.17,-318,-318,-318
1780193425.56991,0.0,0.0,0.013,0.17,-318,-318,-318
1780193425.58199,0.0,0.0,0.013,0.17,-318,-318,-318
1780193425.606412,0.0,0.0,0.013,0.17,-318,-318,-318
1780193425.6286888,0.0,0.0,0.013,0.17,-318,-318,-318
1780193425.651437,0.0,0.0,0.013,0.17,-318,-318,-318
1780193425.675654,0.0,0.0,0.013,0.17,-318,-318,-318
1780193425.697962,0.0,0.0,0.013,0.17,-318,-318,-318
1780193425.72089,0.0,0.0,0.013,0.17,-318,-318,-318
1780193425.732855,0.0,0.0,0.013,0.17,-318,-318,-318
1780193425.757445,0.0,0.0,0.013,0.17,-318,-318,-318
1780193425.7796779,0.0,0.0,0.013,0.17,-318,-318,-318
1780193425.80235,0.0,0.0,0.013,0.17,-318,-318,-318
1780193425.826457,0.0,0.0,0.013,0.17,-318,-318,-318
1780193425.848834,0.0,0.0,0.013,0.17,-318,-318,-318
1780193425.873354,0.0,0.0,0.013,0.17,-318,-318,-318
1780193425.895623,0.0,0.0,0.013,0.17,-318,-318,-318
1780193425.9184902,0.0,0.0,0.013,0.17,-318,-318,-318
1780193425.94261,0.0,0.0,0.013,0.17,-318,-318,-318
1780193425.964886,0.0,0.0,0.013,0.17,-318,-318,-318
1780193425.989494,0.0,0.0,0.013,0.17,-318,-318,-318
1780193426.011959,0.0,0.0,0.013,0.17,-318,-318,-318
1780193426.034655,0.0,0.0,0.013,0.17,-318,-318,-318
1780193426.058818,0.0,0.0,0.013,0.17,-318,-318,-318
1780193426.081687,0.0,0.0,0.013,0.17,-318,-318,-318
1780193426.106768,0.0,0.0,0.013,0.17,-318,-318,-318
1780193426.129479,0.0,0.0,0.013,0.17,-318,-318,-318
1780193426.152622,0.0,0.0,0.013,0.17,-318,-318,-318
1780193426.17727,0.0,0.0,0.013,0.17,-318,-318,-318
1780193426.200105,0.0,0.0,0.013,0.17,-318,-318,-318
1780193426.224341,0.0,0.0,0.013,0.17,-318,-318,-318
1780193426.246732,0.0,0.0,0.013,0.17,-318,-318,-318
1780193426.2693608,0.0,0.0,0.013,0.17,-318,-318,-318
1780193426.293548,0.0,0.0,0.013,0.17,-318,-318,-318
1780193426.316728,0.0,0.0,0.013,0.17,-318,-318,-318
1780193426.34109,0.0,0.0,0.013,0.17,-318,-318,-318
1780193426.363359,0.0,0.0,0.013,0.17,-318,-318,-318
1780193426.3861601,0.0,0.0,0.013,0.17,-318,-318,-318
1780193426.410314,0.0,0.0,0.013,0.17,-318,-318,-318
1780193426.433111,0.0,0.0,0.013,0.17,-318,-318,-318
1780193426.45723,0.0,0.0,0.013,0.17,-318,-318,-318
1780193426.479536,0.0,0.0,0.013,0.17,-318,-318,-318
1780193426.502326,0.0,0.0,0.013,0.17,-318,-318,-318
1780193426.526438,0.0,0.0,0.013,0.17,-318,-318,-318
1780193426.548754,0.0,0.0,0.013,0.17,-318,-318,-318
1780193426.573233,0.0,0.0,0.013,0.17,-318,-318,-318
1780193426.595498,0.0,0.0,0.013,0.17,-318,-318,-318
1780193426.6183062,0.0,0.0,0.013,0.17,-318,-318,-318
1780193426.642473,0.0,0.0,0.013,0.17,-318,-318,-318
1780193426.664727,0.0,0.0,0.013,0.17,-318,-318,-318
1780193426.6893811,0.0,0.0,0.013,0.17,-318,-318,-318
1780193426.700122,0.0,0.0,0.013,0.17,-318,-318,-318
1780193426.724194,0.0,0.0,0.013,0.17,-318,-318,-318
1780193426.746445,0.0,0.0,0.013,0.17,-318,-318,-318
1780193426.769126,0.0,0.0,0.013,0.17,-318,-318,-318
1780193426.793076,0.0,0.0,0.013,0.17,-318,-318,-318
1780193426.815341,0.0,0.0,0.013,0.17,-318,-318,-318
1780193426.839925,0.0,0.0,0.013,0.17,-318,-318,-318
1780193426.862139,0.0,0.0,0.013,0.17,-318,-318,-318
1780193426.885291,0.0,0.0,0.013,0.17,-318,-318,-318
1780193426.9093719,0.0,0.0,0.013,0.17,-318,-318,-318
1780193426.931623,0.0,0.0,0.013,0.17,-318,-318,-318
1780193426.956203,0.0,0.0,0.013,0.17,-318,-318,-318
1780193426.9784682,0.0,0.0,0.013,0.17,-318,-318,-318
1780193427.0012438,0.0,0.0,0.013,0.17,-318,-318,-318
1780193427.0253282,0.0,0.0,0.013,0.17,-318,-318,-318
1780193427.0479019,0.0,0.0,0.013,0.17,-318,-318,-318
1780193427.072989,0.0,0.0,0.013,0.17,-318,-318,-318
1780193427.095833,0.0,0.0,0.013,0.17,-318,-318,-318
1780193427.119204,0.0,0.0,0.013,0.17,-318,-318,-318
1780193427.143929,0.0,0.0,0.013,0.17,-318,-318,-318
1780193427.1669261,0.0,0.0,0.013,0.17,-318,-318,-318
1780193427.1911302,0.0,0.0,0.013,0.17,-318,-318,-318
1780193427.213485,0.0,0.0,0.013,0.17,-318,-318,-318
1780193427.236161,0.0,0.0,0.013,0.17,-318,-318,-318
1780193427.260302,0.0,0.0,0.013,0.17,-318,-318,-318
1780193427.283173,0.0,0.0,0.013,0.17,-318,-318,-318
1780193427.307323,0.0,0.0,0.013,0.17,-318,-318,-318
1780193427.3295648,0.0,0.0,0.013,0.17,-318,-318,-318
1780193427.352438,0.0,0.0,0.013,0.17,-318,-318,-318
1780193427.37654,0.0,0.0,0.013,0.17,-318,-318,-318
1780193427.398808,0.0,0.0,0.013,0.17,-318,-318,-318
1780193427.423382,0.0,0.0,0.013,0.17,-318,-318,-318
1780193427.445722,0.0,0.0,0.013,0.17,-318,-318,-318
1780193427.468398,0.0,0.0,0.013,0.17,-318,-318,-318
1780193427.4926379,0.0,0.0,0.013,0.17,-318,-318,-318
1780193427.515052,0.0,0.0,0.013,0.17,-318,-318,-318
1780193427.539546,0.0,0.0,0.013,0.17,-318,-318,-318
1780193427.5618439,0.0,0.0,0.013,0.17,-318,-318,-318
1780193427.584667,0.0,0.0,0.013,0.17,-318,-318,-318
1780193427.608852,0.0,0.0,0.013,0.17,-318,-318,-318
1780193427.6311328,0.0,0.0,0.013,0.17,-318,-318,-318
1780193427.654059,0.0,0.0,0.013,0.17,-318,-318,-318
1780193427.666131,0.0,0.0,0.013,0.17,-318,-318,-318
1780193427.69076,0.0,0.0,0.013,0.17,-318,-318,-318
1780193427.713144,0.0,0.0,0.013,0.17,-318,-318,-318
1780193427.735889,0.0,0.0,0.013,0.17,-318,-318,-318
1780193427.760094,0.0,0.0,0.013,0.17,-318,-318,-318
1780193427.78301,0.0,0.0,0.013,0.17,-318,-318,-318
1780193427.807105,0.0,0.0,0.013,0.17,-318,-318,-318
1780193427.829385,0.0,0.0,0.013,0.17,-318,-318,-318
1780193427.8528209,0.0,0.0,0.013,0.17,-318,-318,-318
1780193427.877654,0.0,0.0,0.013,0.17,-318,-318,-318
1780193427.903552,0.0,0.0,0.013,0.17,-318,-318,-318
1780193427.929319,0.0,0.0,0.013,0.17,-318,-318,-318
1780193427.9531069,0.0,0.0,0.013,0.17,-318,-318,-318
1780193427.9656892,0.0,0.0,0.013,0.17,-318,-318,-318
1780193427.9910169,0.0,0.0,0.013,0.17,-318,-318,-318
1780193428.013751,0.0,0.0,0.013,0.17,-318,-318,-318
1780193428.036923,0.0,0.0,0.013,0.17,-318,-318,-318
1780193428.049024,0.0,0.0,0.013,0.17,-318,-318,-318
1780193428.0739279,0.0,0.0,0.013,0.17,-318,-318,-318
1780193428.0970109,0.0,0.0,0.013,0.17,-318,-318,-318
1780193428.120096,0.0,0.0,0.013,0.17,-318,-318,-318
1780193428.1322508,0.0,0.0,0.013,0.17,-318,-318,-318
1780193428.157048,0.0,0.0,0.013,0.17,-318,-318,-318
1780193428.1795042,0.0,0.0,0.013,0.17,-318,-318,-318
1780193428.202514,0.0,0.0,0.013,0.17,-318,-318,-318
1780193428.226763,0.0,0.0,0.013,0.17,-318,-318,-318
1780193428.249742,0.0,0.0,0.013,0.17,-318,-318,-318
1780193428.274092,0.0,0.0,0.013,0.17,-318,-318,-318
1780193428.296544,0.0,0.0,0.013,0.17,-318,-318,-318
1780193428.3195488,0.0,0.0,0.013,0.17,-318,-318,-318
1780193428.331732,0.0,0.0,0.013,0.17,-318,-318,-318
1780193428.356408,0.0,0.0,0.013,0.17,-318,-318,-318
1780193428.37874,0.0,0.0,0.013,0.17,-318,-318,-318
1780193428.401698,0.0,0.0,0.013,0.17,-318,-318,-318
1780193428.425972,0.0,0.0,0.013,0.17,-318,-318,-318
1780193428.448461,0.0,0.0,0.013,0.17,-318,-318,-318
1780193428.473155,0.0,0.0,0.013,0.17,-318,-318,-318
1780193428.495549,0.0,0.0,0.013,0.17,-318,-318,-318
1780193428.518379,0.0,0.0,0.013,0.17,-318,-318,-318
1780193428.5425642,0.0,0.0,0.013,0.17,-318,-318,-318
1780193428.564939,0.0,0.0,0.013,0.17,-318,-318,-318
1780193428.589531,0.0,0.0,0.013,0.17,-318,-318,-318
1780193428.6117802,0.0,0.0,0.013,0.17,-318,-318,-318
1780193428.6346729,0.0,0.0,0.013,0.17,-318,-318,-318
1780193428.659019,0.0,0.0,0.013,0.17,-318,-318,-318
1780193428.681322,0.0,0.0,0.013,0.17,-318,-318,-318
1780193428.706041,0.0,0.0,0.013,0.17,-318,-318,-318
1780193428.728367,0.0,0.0,0.013,0.17,-318,-318,-318
1780193428.751082,0.0,0.0,0.013,0.17,-318,-318,-318
1780193428.775108,0.0,0.0,0.013,0.17,-318,-318,-318
1780193428.785828,0.0,0.0,0.013,0.17,-318,-318,-318
1780193428.8099542,0.0,0.0,0.013,0.17,-318,-318,-318
1780193428.832288,0.0,0.0,0.013,0.17,-318,-318,-318
1780193428.8568552,0.0,0.0,0.013,0.17,-318,-318,-318
1780193428.879116,0.0,0.0,0.013,0.17,-318,-318,-318
1780193428.901945,0.0,0.0,0.013,0.17,-318,-318,-318
1780193428.9260778,0.0,0.0,0.013,0.17,-318,-318,-318
1780193428.948431,0.0,0.0,0.013,0.17,-318,-318,-318
1780193428.972956,0.0,0.0,0.013,0.17,-318,-318,-318
1780193428.995253,0.0,0.0,0.013,0.17,-318,-318,-318
1780193429.0182421,0.0,0.0,0.013,0.17,-318,-318,-318
1780193429.042402,0.0,0.0,0.013,0.17,-318,-318,-318
1780193429.064702,0.0,0.0,0.013,0.17,-318,-318,-318
1780193429.0873432,0.0,0.0,0.013,0.17,-318,-318,-318
1780193429.099371,0.0,0.0,0.013,0.17,-318,-318,-318
1780193429.124083,0.0,0.0,0.013,0.17,-318,-318,-318
1780193429.146359,0.0,0.0,0.013,0.17,-318,-318,-318
1780193429.1692219,0.0,0.0,0.013,0.17,-318,-318,-318
1780193429.193385,0.0,0.0,0.013,0.17,-318,-318,-318
1780193429.215633,0.0,0.0,0.013,0.17,-318,-318,-318
1780193429.240184,0.0,0.0,0.013,0.17,-318,-318,-318
1780193429.262559,0.0,0.0,0.013,0.17,-318,-318,-318
1780193429.285277,0.0,0.0,0.013,0.17,-318,-318,-318
1780193429.3094668,0.0,0.0,0.013,0.17,-318,-318,-318
1780193429.320231,0.0,0.0,0.013,0.17,-318,-318,-318
1780193429.3443909,0.0,0.0,0.013,0.17,-318,-318,-318
1780193429.367306,0.0,0.0,0.013,0.17,-318,-318,-318
1780193429.3914938,0.0,0.0,0.013,0.17,-318,-318,-318
1780193429.4137611,0.0,0.0,0.013,0.17,-318,-318,-318
1780193429.436609,0.0,0.0,0.013,0.17,-318,-318,-318
1780193429.448697,0.0,0.0,0.013,0.17,-318,-318,-318
1780193429.473272,0.0,0.0,0.013,0.17,-318,-318,-318
1780193429.495682,0.0,0.0,0.013,0.17,-318,-318,-318
1780193429.5185652,0.0,0.0,0.013,0.17,-318,-318,-318
1780193429.5428329,0.0,0.0,0.013,0.17,-318,-318,-318
1780193429.5652459,0.0,0.0,0.013,0.17,-318,-318,-318
1780193429.589785,0.0,0.0,0.013,0.17,-318,-318,-318
1780193429.6123571,0.0,0.0,0.013,0.17,-318,-318,-318
1780193429.635249,0.0,0.0,0.013,0.17,-318,-318,-318
1780193429.659541,0.0,0.0,0.013,0.17,-318,-318,-318
1780193429.681872,0.0,0.0,0.013,0.17,-318,-318,-318
1780193429.706625,0.0,0.0,0.013,0.17,-318,-318,-318
1780193429.7290308,0.0,0.0,0.013,0.17,-318,-318,-318
1780193429.7518988,0.0,0.0,0.013,0.17,-318,-318,-318
1780193429.7761338,0.0,0.0,0.013,0.17,-318,-318,-318
1780193429.798584,0.0,0.0,0.013,0.17,-318,-318,-318
1780193429.823191,0.0,0.0,0.013,0.17,-318,-318,-318
1780193429.845669,0.0,0.0,0.013,0.17,-318,-318,-318
1780193429.8582551,0.0,0.0,0.013,0.17,-318,-318,-318
1780193429.880634,0.0,0.0,0.013,0.17,-318,-318,-318
1780193429.9034638,0.0,0.0,0.013,0.17,-318,-318,-318
1780193429.915541,0.0,0.0,0.013,0.17,-318,-318,-318
1780193429.9401228,0.0,0.0,0.013,0.17,-318,-318,-318
1780193429.962475,0.0,0.0,0.013,0.17,-318,-318,-318
1780193429.985196,0.0,0.0,0.013,0.17,-318,-318,-318
1780193430.0095942,0.0,0.0,0.013,0.17,-318,-318,-318
1780193430.032033,0.0,0.0,0.013,0.17,-318,-318,-318
1780193430.0566049,0.0,0.0,0.013,0.17,-318,-318,-318
1780193430.078963,0.0,0.0,0.013,0.17,-318,-318,-318
1780193430.1018891,0.0,0.0,0.013,0.17,-318,-318,-318
1780193430.126225,0.0,0.0,0.013,0.17,-318,-318,-318
1780193430.148581,0.0,0.0,0.013,0.17,-318,-318,-318
1780193430.17325,0.0,0.0,0.013,0.17,-318,-318,-318
1780193430.195688,0.0,0.0,0.013,0.17,-318,-318,-318
1780193430.218425,0.0,0.0,0.013,0.17,-318,-318,-318
1780193430.242767,0.0,0.0,0.013,0.17,-318,-318,-318
1780193430.2652102,0.0,0.0,0.013,0.17,-318,-318,-318
1780193430.28982,0.0,0.0,0.013,0.17,-318,-318,-318
1780193430.312133,0.0,0.0,0.013,0.17,-318,-318,-318
1780193430.335103,0.0,0.0,0.013,0.17,-318,-318,-318
1780193430.359238,0.0,0.0,0.013,0.17,-318,-318,-318
1780193430.3699222,0.0,0.0,0.013,0.17,-318,-318,-318
1780193430.393975,0.0,0.0,0.013,0.17,-318,-318,-318
1780193430.416699,0.0,0.0,0.013,0.17,-318,-318,-318
1780193430.440811,0.0,0.0,0.013,0.17,-318,-318,-318
1780193430.4632561,0.0,0.0,0.013,0.17,-318,-318,-318
1780193430.485955,0.0,0.0,0.013,0.17,-318,-318,-318
1780193430.510098,0.0,0.0,0.013,0.17,-318,-318,-318
1780193430.533108,0.0,0.0,0.013,0.17,-318,-318,-318
1780193430.5571442,0.0,0.0,0.013,0.17,-318,-318,-318
1780193430.579416,0.0,0.0,0.013,0.17,-318,-318,-318
1780193430.602248,0.0,0.0,0.013,0.17,-318,-318,-318
1780193430.626344,0.0,0.0,0.013,0.17,-318,-318,-318
1780193430.648617,0.0,0.0,0.013,0.17,-318,-318,-318
1780193430.6731951,0.0,0.0,0.013,0.17,-318,-318,-318
1780193430.695551,0.0,0.0,0.013,0.17,-318,-318,-318
1780193430.7183082,0.0,0.0,0.013,0.17,-318,-318,-318
1780193430.742411,0.0,0.0,0.013,0.17,-318,-318,-318
1780193430.7647622,0.0,0.0,0.013,0.17,-318,-318,-318
1780193430.789293,0.0,0.0,0.013,0.17,-318,-318,-318
1780193430.8115342,0.0,0.0,0.013,0.17,-318,-318,-318
1780193430.834303,0.0,0.0,0.013,0.17,-318,-318,-318
1780193430.858515,0.0,0.0,0.013,0.17,-318,-318,-318
1780193430.880759,0.0,0.0,0.013,0.17,-318,-318,-318
1780193430.893312,0.0,0.0,0.013,0.17,-318,-318,-318
1780193430.9162638,0.0,0.0,0.013,0.17,-318,-318,-318
1780193430.943625,0.0,0.0,0.013,0.17,-318,-318,-318
1780193430.967687,0.0,0.0,0.013,0.17,-318,-318,-318
1780193430.992115,0.0,0.0,0.013,0.17,-318,-318,-318
1780193431.0147011,0.0,0.0,0.013,0.17,-318,-318,-318
1780193431.039464,0.0,0.0,0.013,0.17,-318,-318,-318
1780193431.061837,0.0,0.0,0.013,0.17,-318,-318,-318
1780193431.084523,0.0,0.0,0.013,0.17,-318,-318,-318
1780193431.1086771,0.0,0.0,0.013,0.17,-318,-318,-318
1780193431.131089,0.0,0.0,0.013,0.17,-318,-318,-318
1780193431.153826,0.0,0.0,0.013,0.17,-318,-318,-318
1780193431.165846,0.0,0.0,0.013,0.17,-318,-318,-318
1780193431.19043,0.0,0.0,0.013,0.17,-318,-318,-318
1780193431.212682,0.0,0.0,0.013,0.17,-318,-318,-318
1780193431.235553,0.0,0.0,0.013,0.17,-318,-318,-318
1780193431.25969,0.0,0.0,0.013,0.17,-318,-318,-318
1780193431.2819269,0.0,0.0,0.013,0.17,-318,-318,-318
1780193431.306489,0.0,0.0,0.013,0.17,-318,-318,-318
1780193431.328877,0.0,0.0,0.013,0.17,-318,-318,-318
1780193431.351598,0.0,0.0,0.013,0.17,-318,-318,-318
1780193431.3798559,0.0,0.0,0.013,0.17,-318,-318,-318
1780193431.409083,0.0,0.0,0.013,0.17,-318,-318,-318
1780193431.439678,0.0,0.0,0.013,0.17,-318,-318,-318
1780193431.4653609,0.0,0.0,0.013,0.17,-318,-318,-318
1780193431.490326,0.0,0.0,0.013,0.17,-318,-318,-318
1780193431.5129979,0.0,0.0,0.013,0.17,-318,-318,-318
1780193431.536245,0.0,0.0,0.013,0.17,-318,-318,-318
1780193431.548382,0.0,0.0,0.013,0.17,-318,-318,-318
1780193431.57417,0.0,0.0,0.013,0.17,-318,-318,-318
1780193431.596836,0.0,0.0,0.013,0.17,-318,-318,-318
1780193431.6203089,0.0,0.0,0.013,0.17,-318,-318,-318
1780193431.632708,0.0,0.0,0.013,0.17,-318,-318,-318
1780193431.657755,0.0,0.0,0.013,0.17,-318,-318,-318
1780193431.680475,0.0,0.0,0.013,0.17,-318,-318,-318
1780193431.703871,0.0,0.0,0.013,0.17,-318,-318,-318
1780193431.71618,0.0,0.0,0.013,0.17,-318,-318,-318
1780193431.7409348,0.0,0.0,0.013,0.17,-318,-318,-318
1780193431.7633762,0.0,0.0,0.013,0.17,-318,-318,-318
1780193431.78626,0.0,0.0,0.013,0.17,-318,-318,-318
1780193431.798306,0.0,0.0,0.013,0.17,-318,-318,-318
1780193431.8228538,0.0,0.0,0.013,0.17,-318,-318,-318
1780193431.845228,0.0,0.0,0.013,0.17,-318,-318,-318
1780193431.868269,0.0,0.0,0.013,0.17,-318,-318,-318
1780193431.892389,0.0,0.0,0.013,0.17,-318,-318,-318
1780193431.914755,0.0,0.0,0.013,0.17,-318,-318,-318
1780193431.9377248,0.0,0.0,0.013,0.17,-318,-318,-318
1780193431.961934,0.0,0.0,0.013,0.17,-318,-318,-318
1780193431.984726,0.0,0.0,0.013,0.17,-318,-318,-318
1780193432.009141,0.0,0.0,0.013,0.17,-318,-318,-318
1780193432.0316968,0.0,0.0,0.013,0.17,-318,-318,-318
1780193432.056248,0.0,0.0,0.013,0.17,-318,-318,-318
1780193432.078689,0.0,0.0,0.013,0.17,-318,-318,-318
1780193432.101544,0.0,0.0,0.013,0.17,-318,-318,-318
1780193432.125633,0.0,0.0,0.013,0.17,-318,-318,-318
1780193432.147996,0.0,0.0,0.013,0.17,-318,-318,-318
1780193432.172545,0.0,0.0,0.013,0.17,-318,-318,-318
1780193432.1948512,0.0,0.0,0.013,0.17,-318,-318,-318
1780193432.2175949,0.0,0.0,0.013,0.17,-318,-318,-318
1780193432.241667,0.0,0.0,0.013,0.17,-318,-318,-318
1780193432.264082,0.0,0.0,0.013,0.17,-318,-318,-318
1780193432.286867,0.0,0.0,0.013,0.17,-318,-318,-318
1780193432.2989151,0.0,0.0,0.013,0.17,-318,-318,-318
1780193432.323529,0.0,0.0,0.013,0.17,-318,-318,-318
1780193432.345792,0.0,0.0,0.013,0.17,-318,-318,-318
1780193432.368636,0.0,0.0,0.013,0.17,-318,-318,-318
1780193432.392684,0.0,0.0,0.013,0.17,-318,-318,-318
1780193432.414973,0.0,0.0,0.013,0.17,-318,-318,-318
1780193432.44015,0.0,0.0,0.013,0.17,-318,-318,-318
1780193432.462867,0.0,0.0,0.013,0.17,-318,-318,-318
1780193432.485915,0.0,0.0,0.013,0.17,-318,-318,-318
1780193432.498157,0.0,0.0,0.013,0.17,-318,-318,-318
1780193432.5228732,0.0,0.0,0.013,0.17,-318,-318,-318
1780193432.5455182,0.0,0.0,0.013,0.17,-318,-318,-318
1780193432.568794,0.0,0.0,0.013,0.17,-318,-318,-318
1780193432.593235,0.0,0.0,0.013,0.17,-318,-318,-318
1780193432.61603,0.0,0.0,0.013,0.17,-318,-318,-318
1780193432.640168,0.0,0.0,0.013,0.17,-318,-318,-318
1780193432.6624992,0.0,0.0,0.013,0.17,-318,-318,-318
1780193432.685152,0.0,0.0,0.013,0.17,-318,-318,-318
1780193432.709301,0.0,0.0,0.013,0.17,-318,-318,-318
1780193432.7316658,0.0,0.0,0.013,0.17,-318,-318,-318
1780193432.7562351,0.0,0.0,0.013,0.17,-318,-318,-318
1780193432.778956,0.0,0.0,0.013,0.17,-318,-318,-318
1780193432.802073,0.0,0.0,0.013,0.17,-318,-318,-318
1780193432.8261828,0.0,0.0,0.013,0.17,-318,-318,-318
1780193432.848508,0.0,0.0,0.013,0.17,-318,-318,-318
1780193432.8731031,0.0,0.0,0.013,0.17,-318,-318,-318
1780193432.895654,0.0,0.0,0.013,0.17,-318,-318,-318
1780193432.918359,0.0,0.0,0.013,0.17,-318,-318,-318
1780193432.9426749,0.0,0.0,0.013,0.17,-318,-318,-318
1780193432.953401,0.0,0.0,0.013,0.17,-318,-318,-318
1780193432.977511,0.0,0.0,0.013,0.17,-318,-318,-318
1780193433.0003378,0.0,0.0,0.013,0.17,-318,-318,-318
1780193433.02469,0.0,0.0,0.013,0.17,-318,-318,-318
1780193433.047051,0.0,0.0,0.013,0.17,-318,-318,-318
1780193433.069851,0.0,0.0,0.013,0.17,-318,-318,-318
1780193433.081882,0.0,0.0,0.013,0.17,-318,-318,-318
1780193433.106366,0.0,0.0,0.013,0.17,-318,-318,-318
1780193433.128741,0.0,0.0,0.013,0.17,-318,-318,-318
1780193433.151816,0.0,0.0,0.013,0.17,-318,-318,-318
1780193433.176349,0.0,0.0,0.013,0.17,-318,-318,-318
1780193433.198881,0.0,0.0,0.013,0.17,-318,-318,-318
1780193433.223822,0.0,0.0,0.013,0.17,-318,-318,-318
1780193433.246065,0.0,0.0,0.013,0.17,-318,-318,-318
1780193433.269116,0.0,0.0,0.013,0.17,-318,-318,-318
1780193433.2933278,0.0,0.0,0.013,0.17,-318,-318,-318
1780193433.316247,0.0,0.0,0.013,0.17,-318,-318,-318
1780193433.34049,0.0,0.0,0.013,0.17,-318,-318,-318
1780193433.362835,0.0,0.0,0.013,0.17,-318,-318,-318
1780193433.385555,0.0,0.0,0.013,0.17,-318,-318,-318
1780193433.409812,0.0,0.0,0.013,0.17,-318,-318,-318
1780193433.4328551,0.0,0.0,0.013,0.17,-318,-318,-318
1780193433.457001,0.0,0.0,0.013,0.17,-318,-318,-318
1780193433.479329,0.0,0.0,0.013,0.17,-318,-318,-318
1780193433.491895,0.0,0.0,0.013,0.17,-318,-318,-318
1780193433.5142798,0.0,0.0,0.013,0.17,-318,-318,-318
1780193433.538939,0.0,0.0,0.013,0.17,-318,-318,-318
1780193433.5613492,0.0,0.0,0.013,0.17,-318,-318,-318
1780193433.584147,0.0,0.0,0.013,0.17,-318,-318,-318
1780193433.608424,0.0,0.0,0.013,0.17,-318,-318,-318
1780193433.6308658,0.0,0.0,0.013,0.17,-318,-318,-318
1780193433.6536589,0.0,0.0,0.013,0.17,-318,-318,-318
1780193433.665765,0.0,0.0,0.013,0.17,-318,-318,-318
1780193433.690363,0.0,0.0,0.013,0.17,-318,-318,-318
1780193433.712626,0.0,0.0,0.013,0.17,-318,-318,-318
1780193433.735478,0.0,0.0,0.013,0.17,-318,-318,-318
1780193433.759629,0.0,0.0,0.013,0.17,-318,-318,-318
1780193433.78194,0.0,0.0,0.013,0.17,-318,-318,-318
1780193433.806697,0.0,0.0,0.013,0.17,-318,-318,-318
1780193433.828969,0.0,0.0,0.013,0.17,-318,-318,-318
1780193433.851636,0.0,0.0,0.013,0.17,-318,-318,-318
1780193433.875872,0.0,0.0,0.013,0.17,-318,-318,-318
1780193433.898205,0.0,0.0,0.013,0.17,-318,-318,-318
1780193433.9227788,0.0,0.0,0.013,0.17,-318,-318,-318
1780193433.94517,0.0,0.0,0.013,0.17,-318,-318,-318
1780193433.9679859,0.0,0.0,0.013,0.17,-318,-318,-318
1780193433.992278,0.0,0.0,0.013,0.17,-318,-318,-318
1780193434.003016,0.0,0.0,0.013,0.17,-318,-318,-318
1780193434.0271811,0.0,0.0,0.013,0.17,-318,-318,-318
1780193434.049846,0.0,0.0,0.013,0.17,-318,-318,-318
1780193434.073901,0.0,0.0,0.013,0.17,-318,-318,-318
1780193434.0961988,0.0,0.0,0.013,0.17,-318,-318,-318
1780193434.118894,0.0,0.0,0.013,0.17,-318,-318,-318
1780193434.143056,0.0,0.0,0.013,0.17,-318,-318,-318
1780193434.165921,0.0,0.0,0.013,0.17,-318,-318,-318
1780193434.18992,0.0,0.0,0.013,0.17,-318,-318,-318
1780193434.212123,0.0,0.0,0.013,0.17,-318,-318,-318
1780193434.234893,0.0,0.0,0.013,0.17,-318,-318,-318
1780193434.259007,0.0,0.0,0.013,0.17,-318,-318,-318
1780193434.281297,0.0,0.0,0.013,0.17,-318,-318,-318
1780193434.3058739,0.0,0.0,0.013,0.17,-318,-318,-318
1780193434.328498,0.0,0.0,0.013,0.17,-318,-318,-318
1780193434.35137,0.0,0.0,0.013,0.17,-318,-318,-318
1780193434.37544,0.0,0.0,0.013,0.17,-318,-318,-318
1780193434.397742,0.0,0.0,0.013,0.17,-318,-318,-318
1780193434.422369,0.0,0.0,0.013,0.17,-318,-318,-318
1780193434.444612,0.0,0.0,0.013,0.17,-318,-318,-318
1780193434.467406,0.0,0.0,0.013,0.17,-318,-318,-318
1780193434.491464,0.0,0.0,0.013,0.17,-318,-318,-318
1780193434.513792,0.0,0.0,0.013,0.17,-318,-318,-318
1780193434.5367181,0.0,0.0,0.013,0.17,-318,-318,-318
1780193434.560778,0.0,0.0,0.013,0.17,-318,-318,-318
1780193434.583533,0.0,0.0,0.013,0.17,-318,-318,-318
1780193434.607611,0.0,0.0,0.013,0.17,-318,-318,-318
1780193434.629882,0.0,0.0,0.013,0.17,-318,-318,-318
1780193434.6529799,0.0,0.0,0.013,0.17,-318,-318,-318
1780193434.665018,0.0,0.0,0.013,0.17,-318,-318,-318
1780193434.6895812,0.0,0.0,0.013,0.17,-318,-318,-318
1780193434.712488,0.0,0.0,0.013,0.17,-318,-318,-318
1780193434.735604,0.0,0.0,0.013,0.17,-318,-318,-318
1780193434.759834,0.0,0.0,0.013,0.17,-318,-318,-318
1780193434.782856,0.0,0.0,0.013,0.17,-318,-318,-318
1780193434.807044,0.0,0.0,0.013,0.17,-318,-318,-318
1780193434.8294039,0.0,0.0,0.013,0.17,-318,-318,-318
1780193434.852135,0.0,0.0,0.013,0.17,-318,-318,-318
1780193434.8762891,0.0,0.0,0.013,0.17,-318,-318,-318
1780193434.8986309,0.0,0.0,0.013,0.17,-318,-318,-318
1780193434.9230561,0.0,0.0,0.013,0.17,-318,-318,-318
1780193434.945482,0.0,0.0,0.013,0.17,-318,-318,-318
1780193434.968283,0.0,0.0,0.013,0.17,-318,-318,-318
1780193434.992521,0.0,0.0,0.013,0.17,-318,-318,-318
1780193435.0149918,0.0,0.0,0.013,0.17,-318,-318,-318
1780193435.0395641,0.0,0.0,0.013,0.17,-318,-318,-318
1780193435.062102,0.0,0.0,0.013,0.17,-318,-318,-318
1780193435.085454,0.0,0.0,0.013,0.17,-318,-318,-318
1780193435.110239,0.0,0.0,0.013,0.17,-318,-318,-318
1780193435.133695,0.0,0.0,0.013,0.17,-318,-318,-318
1780193435.1583948,0.0,0.0,0.013,0.17,-318,-318,-318
1780193435.180747,0.0,0.0,0.013,0.17,-318,-318,-318
1780193435.203596,0.0,0.0,0.013,0.17,-318,-318,-318
1780193435.2157068,0.0,0.0,0.013,0.17,-318,-318,-318
1780193435.2402549,0.0,0.0,0.013,0.17,-318,-318,-318
1780193435.2626402,0.0,0.0,0.013,0.17,-318,-318,-318
1780193435.285312,0.0,0.0,0.013,0.17,-318,-318,-318
1780193435.309587,0.0,0.0,0.013,0.17,-318,-318,-318
1780193435.332617,0.0,0.0,0.013,0.17,-318,-318,-318
1780193435.356812,0.0,0.0,0.013,0.17,-318,-318,-318
1780193435.379112,0.0,0.0,0.013,0.17,-318,-318,-318
1780193435.402011,0.0,0.0,0.013,0.17,-318,-318,-318
1780193435.426025,0.0,0.0,0.013,0.17,-318,-318,-318
1780193435.448276,0.0,0.0,0.013,0.17,-318,-318,-318
1780193435.47293,0.0,0.0,0.013,0.17,-318,-318,-318
1780193435.49522,0.0,0.0,0.013,0.17,-318,-318,-318
1780193435.517969,0.0,0.0,0.013,0.17,-318,-318,-318
1780193435.542093,0.0,0.0,0.013,0.17,-318,-318,-318
1780193435.552799,0.0,0.0,0.013,0.17,-318,-318,-318
1780193435.5768929,0.0,0.0,0.013,0.17,-318,-318,-318
1780193435.5998101,0.0,0.0,0.013,0.17,-318,-318,-318
1780193435.623838,0.0,0.0,0.013,0.17,-318,-318,-318
1780193435.6461718,0.0,0.0,0.013,0.17,-318,-318,-318
1780193435.669034,0.0,0.0,0.013,0.17,-318,-318,-318
1780193435.6810849,0.0,0.0,0.013,0.17,-318,-318,-318
1780193435.705706,0.0,0.0,0.013,0.17,-318,-318,-318
1780193435.7281,0.0,0.0,0.013,0.17,-318,-318,-318
1780193435.750941,0.0,0.0,0.013,0.17,-318,-318,-318
1780193435.775131,0.0,0.0,0.013,0.17,-318,-318,-318
1780193435.79755,0.0,0.0,0.013,0.17,-318,-318,-318
1780193435.82218,0.0,0.0,0.013,0.17,-318,-318,-318
1780193435.8445718,0.0,0.0,0.013,0.17,-318,-318,-318
1780193435.86749,0.0,0.0,0.013,0.17,-318,-318,-318
1780193435.891624,0.0,0.0,0.013,0.17,-318,-318,-318
1780193435.91384,0.0,0.0,0.013,0.17,-318,-318,-318
1780193435.936741,0.0,0.0,0.013,0.17,-318,-318,-318
1780193435.948781,0.0,0.0,0.013,0.17,-318,-318,-318
1780193435.973293,0.0,0.0,0.013,0.17,-318,-318,-318
1780193435.995637,0.0,0.0,0.013,0.17,-318,-318,-318
1780193436.018497,0.0,0.0,0.013,0.17,-318,-318,-318
1780193436.0425842,0.0,0.0,0.013,0.17,-318,-318,-318
1780193436.064852,0.0,0.0,0.013,0.17,-318,-318,-318
1780193436.077261,0.0,0.0,0.013,0.17,-318,-318,-318
1780193436.1000562,0.0,0.0,0.013,0.17,-318,-318,-318
1780193436.1241221,0.0,0.0,0.013,0.17,-318,-318,-318
1780193436.146482,0.0,0.0,0.013,0.17,-318,-318,-318
1780193436.169301,0.0,0.0,0.013,0.17,-318,-318,-318
1780193436.1814091,0.0,0.0,0.013,0.17,-318,-318,-318
1780193436.205982,0.0,0.0,0.013,0.17,-318,-318,-318
1780193436.228477,0.0,0.0,0.013,0.17,-318,-318,-318
1780193436.251263,0.0,0.0,0.013,0.17,-318,-318,-318
1780193436.275459,0.0,0.0,0.013,0.17,-318,-318,-318
1780193436.297775,0.0,0.0,0.013,0.17,-318,-318,-318
1780193436.322346,0.0,0.0,0.013,0.17,-318,-318,-318
1780193436.3445811,0.0,0.0,0.013,0.17,-318,-318,-318
1780193436.367479,0.0,0.0,0.013,0.17,-318,-318,-318
1780193436.391617,0.0,0.0,0.013,0.17,-318,-318,-318
1780193436.41434,0.0,0.0,0.013,0.17,-318,-318,-318
1780193436.43887,0.0,0.0,0.013,0.17,-318,-318,-318
1780193436.4611819,0.0,0.0,0.013,0.17,-318,-318,-318
1780193436.4837918,0.0,0.0,0.013,0.17,-318,-318,-318
1780193436.5079591,0.0,0.0,0.013,0.17,-318,-318,-318
1780193436.530316,0.0,0.0,0.013,0.17,-318,-318,-318
1780193436.553081,0.0,0.0,0.013,0.17,-318,-318,-318
1780193436.565174,0.0,0.0,0.013,0.17,-318,-318,-318
1780193436.589771,0.0,0.0,0.013,0.17,-318,-318,-318
1780193436.61209,0.0,0.0,0.013,0.17,-318,-318,-318
1780193436.634849,0.0,0.0,0.013,0.17,-318,-318,-318
1780193436.658937,0.0,0.0,0.013,0.17,-318,-318,-318
1780193436.681225,0.0,0.0,0.013,0.17,-318,-318,-318
1780193436.705821,0.0,0.0,0.013,0.17,-318,-318,-318
1780193436.728168,0.0,0.0,0.013,0.17,-318,-318,-318
1780193436.7509792,0.0,0.0,0.013,0.17,-318,-318,-318
1780193436.775093,0.0,0.0,0.013,0.17,-318,-318,-318
1780193436.797482,0.0,0.0,0.013,0.17,-318,-318,-318
1780193436.822104,0.0,0.0,0.013,0.17,-318,-318,-318
1780193436.844445,0.0,0.0,0.013,0.17,-318,-318,-318
1780193436.8675368,0.0,0.0,0.013,0.17,-318,-318,-318
1780193436.891637,0.0,0.0,0.013,0.17,-318,-318,-318
1780193436.913989,0.0,0.0,0.013,0.17,-318,-318,-318
1780193436.936757,0.0,0.0,0.013,0.17,-318,-318,-318
1780193436.948859,0.0,0.0,0.013,0.17,-318,-318,-318
1780193436.9738371,0.0,0.0,0.013,0.17,-318,-318,-318
1780193436.996796,0.0,0.0,0.013,0.17,-318,-318,-318
1780193437.020066,0.0,0.0,0.013,0.17,-318,-318,-318
1780193437.03232,0.0,0.0,0.013,0.17,-318,-318,-318
1780193437.057354,0.0,0.0,0.013,0.17,-318,-318,-318
1780193437.0800881,0.0,0.0,0.013,0.17,-318,-318,-318
1780193437.103342,0.0,0.0,0.013,0.17,-318,-318,-318
1780193437.115627,0.0,0.0,0.013,0.17,-318,-318,-318
1780193437.1406069,0.0,0.0,0.013,0.17,-318,-318,-318
1780193437.1629708,0.0,0.0,0.013,0.17,-318,-318,-318
1780193437.1858509,0.0,0.0,0.013,0.17,-318,-318,-318
1780193437.19787,0.0,0.0,0.013,0.17,-318,-318,-318
1780193437.222333,0.0,0.0,0.013,0.17,-318,-318,-318
1780193437.24461,0.0,0.0,0.013,0.17,-318,-318,-318
1780193437.267458,0.0,0.0,0.013,0.17,-318,-318,-318
1780193437.2920032,0.0,0.0,0.013,0.17,-318,-318,-318
1780193437.3148549,0.0,0.0,0.013,0.17,-318,-318,-318
1780193437.339935,0.0,0.0,0.013,0.17,-318,-318,-318
1780193437.362785,0.0,0.0,0.013,0.17,-318,-318,-318
1780193437.386091,0.0,0.0,0.013,0.17,-318,-318,-318
1780193437.39844,0.0,0.0,0.013,0.17,-318,-318,-318
1780193437.423481,0.0,0.0,0.013,0.17,-318,-318,-318
1780193437.446239,0.0,0.0,0.013,0.17,-318,-318,-318
1780193437.469613,0.0,0.0,0.013,0.17,-318,-318,-318
1780193437.481814,0.0,0.0,0.013,0.17,-318,-318,-318
1780193437.506478,0.0,0.0,0.013,0.17,-318,-318,-318
1780193437.528885,0.0,0.0,0.013,0.17,-318,-318,-318
1780193437.551608,0.0,0.0,0.013,0.17,-318,-318,-318
1780193437.575723,0.0,0.0,0.013,0.17,-318,-318,-318
1780193437.598071,0.0,0.0,0.013,0.17,-318,-318,-318
1780193437.6226308,0.0,0.0,0.013,0.17,-318,-318,-318
1780193437.6454,0.0,0.0,0.013,0.17,-318,-318,-318
1780193437.668656,0.0,0.0,0.013,0.17,-318,-318,-318
1780193437.6932108,0.0,0.0,0.013,0.17,-318,-318,-318
1780193437.7159328,0.0,0.0,0.013,0.17,-318,-318,-318
1780193437.740133,0.0,0.0,0.013,0.17,-318,-318,-318
1780193437.7625291,0.0,0.0,0.013,0.17,-318,-318,-318
1780193437.7852108,0.0,0.0,0.013,0.17,-318,-318,-318
1780193437.8092868,0.0,0.0,0.013,0.17,-318,-318,-318
1780193437.831557,0.0,0.0,0.013,0.17,-318,-318,-318
1780193437.8562748,0.0,0.0,0.013,0.17,-318,-318,-318
1780193437.8789928,0.0,0.0,0.013,0.17,-318,-318,-318
1780193437.9020019,0.0,0.0,0.013,0.17,-318,-318,-318
1780193437.926147,0.0,0.0,0.013,0.17,-318,-318,-318
1780193437.9488409,0.0,0.0,0.013,0.17,-318,-318,-318
1780193437.9729521,0.0,0.0,0.013,0.17,-318,-318,-318
1780193437.995221,0.0,0.0,0.013,0.17,-318,-318,-318
1780193438.018077,0.0,0.0,0.013,0.17,-318,-318,-318
1780193438.042264,0.0,0.0,0.013,0.17,-318,-318,-318
1780193438.064539,0.0,0.0,0.013,0.17,-318,-318,-318
1780193438.089036,0.0,0.0,0.013,0.17,-318,-318,-318
1780193438.111327,0.0,0.0,0.013,0.17,-318,-318,-318
1780193438.1341949,0.0,0.0,0.013,0.17,-318,-318,-318
1780193438.1583302,0.0,0.0,0.013,0.17,-318,-318,-318
1780193438.180773,0.0,0.0,0.013,0.17,-318,-318,-318
1780193438.205455,0.0,0.0,0.013,0.17,-318,-318,-318
1780193438.227746,0.0,0.0,0.013,0.17,-318,-318,-318
1780193438.250397,0.0,0.0,0.013,0.17,-318,-318,-318
1780193438.2745228,0.0,0.0,0.013,0.17,-318,-318,-318
1780193438.296858,0.0,0.0,0.013,0.17,-318,-318,-318
1780193438.31956,0.0,0.0,0.013,0.17,-318,-318,-318
1780193438.331649,0.0,0.0,0.013,0.17,-318,-318,-318
1780193438.356134,0.0,0.0,0.013,0.17,-318,-318,-318
1780193438.3784041,0.0,0.0,0.013,0.17,-318,-318,-318
1780193438.40123,0.0,0.0,0.013,0.17,-318,-318,-318
1780193438.425382,0.0,0.0,0.013,0.17,-318,-318,-318
1780193438.4476302,0.0,0.0,0.013,0.17,-318,-318,-318
1780193438.472211,0.0,0.0,0.013,0.17,-318,-318,-318
1780193438.494494,0.0,0.0,0.013,0.17,-318,-318,-318
1780193438.517161,0.0,0.0,0.013,0.17,-318,-318,-318
1780193438.541305,0.0,0.0,0.013,0.17,-318,-318,-318
1780193438.563746,0.0,0.0,0.013,0.17,-318,-318,-318
1780193438.586456,0.0,0.0,0.013,0.17,-318,-318,-318
1780193438.5985181,0.0,0.0,0.013,0.17,-318,-318,-318
1780193438.62308,0.0,0.0,0.013,0.17,-318,-318,-318
1780193438.645382,0.0,0.0,0.013,0.17,-318,-318,-318
1780193438.668725,0.0,0.0,0.013,0.17,-318,-318,-318
1780193438.693123,0.0,0.0,0.013,0.17,-318,-318,-318
1780193438.7158241,0.0,0.0,0.013,0.17,-318,-318,-318
1780193438.739996,0.0,0.0,0.013,0.17,-318,-318,-318
1780193438.762389,0.0,0.0,0.013,0.17,-318,-318,-318
1780193438.785247,0.0,0.0,0.013,0.17,-318,-318,-318
1780193438.809453,0.0,0.0,0.013,0.17,-318,-318,-318
1780193438.832312,0.0,0.0,0.013,0.17,-318,-318,-318
1780193438.85645,0.0,0.0,0.013,0.17,-318,-318,-318
1780193438.8787808,0.0,0.0,0.013,0.17,-318,-318,-318
1780193438.9016268,0.0,0.0,0.013,0.17,-318,-318,-318
1780193438.9257019,0.0,0.0,0.013,0.17,-318,-318,-318
1780193438.947974,0.0,0.0,0.013,0.17,-318,-318,-318
1780193438.9725282,0.0,0.0,0.013,0.17,-318,-318,-318
1780193438.9948008,0.0,0.0,0.013,0.17,-318,-318,-318
1780193439.017759,0.0,0.0,0.013,0.17,-318,-318,-318
1780193439.041867,0.0,0.0,0.013,0.17,-318,-318,-318
1780193439.064224,0.0,0.0,0.013,0.17,-318,-318,-318
1780193439.088734,0.0,0.0,0.013,0.17,-318,-318,-318
1780193439.11089,0.0,0.0,0.013,0.17,-318,-318,-318
1780193439.133641,0.0,0.0,0.013,0.17,-318,-318,-318
1780193439.157655,0.0,0.0,0.013,0.17,-318,-318,-318
1780193439.168303,0.0,0.0,0.013,0.17,-318,-318,-318
1780193439.1923141,0.0,0.0,0.013,0.17,-318,-318,-318
1780193439.21454,0.0,0.0,0.013,0.17,-318,-318,-318
1780193439.23969,0.0,0.0,0.013,0.17,-318,-318,-318
1780193439.2625,0.0,0.0,0.013,0.17,-318,-318,-318
1780193439.285737,0.0,0.0,0.013,0.17,-318,-318,-318
1780193439.298037,0.0,0.0,0.013,0.17,-318,-318,-318
1780193439.323015,0.0,0.0,0.013,0.17,-318,-318,-318
1780193439.345778,0.0,0.0,0.013,0.17,-318,-318,-318
1780193439.369094,0.0,0.0,0.013,0.17,-318,-318,-318
1780193439.392001,0.0,0.0,0.013,0.17,-318,-318,-318
1780193439.4147048,0.0,0.0,0.013,0.17,-318,-318,-318
1780193439.4387789,0.0,0.0,0.013,0.17,-318,-318,-318
1780193439.4609878,0.0,0.0,0.013,0.17,-318,-318,-318
1780193439.483783,0.0,0.0,0.013,0.17,-318,-318,-318
1780193439.507762,0.0,0.0,0.013,0.17,-318,-318,-318
1780193439.529954,0.0,0.0,0.013,0.17,-318,-318,-318
1780193439.552845,0.0,0.0,0.013,0.17,-318,-318,-318
1780193439.564806,0.0,0.0,0.013,0.17,-318,-318,-318
1780193439.589375,0.0,0.0,0.013,0.17,-318,-318,-318
1780193439.6116438,0.0,0.0,0.013,0.17,-318,-318,-318
1780193439.634277,0.0,0.0,0.013,0.17,-318,-318,-318
1780193439.658287,0.0,0.0,0.013,0.17,-318,-318,-318
1780193439.680543,0.0,0.0,0.013,0.17,-318,-318,-318
1780193439.692916,0.0,0.0,0.013,0.17,-318,-318,-318
1780193439.715725,0.0,0.0,0.013,0.17,-318,-318,-318
1780193439.739688,0.0,0.0,0.013,0.17,-318,-318,-318
1780193439.7624152,0.0,0.0,0.013,0.17,-318,-318,-318
1780193439.785286,0.0,0.0,0.013,0.17,-318,-318,-318
1780193439.809469,0.0,0.0,0.013,0.17,-318,-318,-318
1780193439.832195,0.0,0.0,0.013,0.17,-318,-318,-318
1780193439.85627,0.0,0.0,0.013,0.17,-318,-318,-318
1780193439.878592,0.0,0.0,0.013,0.17,-318,-318,-318
1780193439.9012532,0.0,0.0,0.013,0.17,-318,-318,-318
1780193439.925296,0.0,0.0,0.013,0.17,-318,-318,-318
1780193439.947548,0.0,0.0,0.013,0.17,-318,-318,-318
1780193439.972054,0.0,0.0,0.013,0.17,-318,-318,-318
1780193439.994357,0.0,0.0,0.013,0.17,-318,-318,-318
1780193440.0172899,0.0,0.0,0.013,0.17,-318,-318,-318
1780193440.041418,0.0,0.0,0.013,0.17,-318,-318,-318
1780193440.063702,0.0,0.0,0.013,0.17,-318,-318,-318
1780193440.086522,0.0,0.0,0.013,0.17,-318,-318,-318
1780193440.098485,0.0,0.0,0.013,0.17,-318,-318,-318
1780193440.12312,0.0,0.0,0.013,0.17,-318,-318,-318
1780193440.14541,0.0,0.0,0.013,0.17,-318,-318,-318
1780193440.168112,0.0,0.0,0.013,0.17,-318,-318,-318
1780193440.19229,0.0,0.0,0.013,0.17,-318,-318,-318
1780193440.202987,0.0,0.0,0.013,0.17,-318,-318,-318
1780193440.227069,0.0,0.0,0.013,0.17,-318,-318,-318
1780193440.2499359,0.0,0.0,0.013,0.17,-318,-318,-318
1780193440.273967,0.0,0.0,0.013,0.17,-318,-318,-318
1780193440.2962592,0.0,0.0,0.013,0.17,-318,-318,-318
1780193440.319048,0.0,0.0,0.013,0.17,-318,-318,-318
1780193440.33104,0.0,0.0,0.013,0.17,-318,-318,-318
1780193440.355552,0.0,0.0,0.013,0.17,-318,-318,-318
1780193440.377894,0.0,0.0,0.013,0.17,-318,-318,-318
1780193440.400505,0.0,0.0,0.013,0.17,-318,-318,-318
1780193440.4246368,0.0,0.0,0.013,0.17,-318,-318,-318
1780193440.446889,0.0,0.0,0.013,0.17,-318,-318,-318
1780193440.469644,0.0,0.0,0.013,0.17,-318,-318,-318
1780193440.481729,0.0,0.0,0.013,0.17,-318,-318,-318
1780193440.506582,0.0,0.0,0.013,0.17,-318,-318,-318
1780193440.5287838,0.0,0.0,0.013,0.17,-318,-318,-318
1780193440.5516422,0.0,0.0,0.013,0.17,-318,-318,-318
1780193440.575781,0.0,0.0,0.013,0.17,-318,-318,-318
1780193440.5980859,0.0,0.0,0.013,0.17,-318,-318,-318
1780193440.622797,0.0,0.0,0.013,0.17,-318,-318,-318
1780193440.645129,0.0,0.0,0.013,0.17,-318,-318,-318
1780193440.6679559,0.0,0.0,0.013,0.17,-318,-318,-318
1780193440.6921642,0.0,0.0,0.013,0.17,-318,-318,-318
1780193440.7144902,0.0,0.0,0.013,0.17,-318,-318,-318
1780193440.7269278,0.0,0.0,0.013,0.17,-318,-318,-318
1780193440.749822,0.0,0.0,0.013,0.17,-318,-318,-318
1780193440.774008,0.0,0.0,0.013,0.17,-318,-318,-318
1780193440.796269,0.0,0.0,0.013,0.17,-318,-318,-318
1780193440.819149,0.0,0.0,0.013,0.17,-318,-318,-318
1780193440.831163,0.0,0.0,0.013,0.17,-318,-318,-318
1780193440.8558059,0.0,0.0,0.013,0.17,-318,-318,-318
1780193440.878127,0.0,0.0,0.013,0.17,-318,-318,-318
1780193440.900855,0.0,0.0,0.013,0.17,-318,-318,-318
1780193440.924993,0.0,0.0,0.013,0.17,-318,-318,-318
1780193440.947314,0.0,0.0,0.013,0.17,-318,-318,-318
1780193440.971841,0.0,0.0,0.013,0.17,-318,-318,-318
1780193440.9941142,0.0,0.0,0.013,0.17,-318,-318,-318
1780193441.0170019,0.0,0.0,0.013,0.17,-318,-318,-318
1780193441.041597,0.0,0.0,0.013,0.17,-318,-318,-318
1780193441.064372,0.0,0.0,0.013,0.17,-318,-318,-318
1780193441.089141,0.0,0.0,0.013,0.17,-318,-318,-318
1780193441.111541,0.0,0.0,0.013,0.17,-318,-318,-318
1780193441.134327,0.0,0.0,0.013,0.17,-318,-318,-318
1780193441.158558,0.0,0.0,0.013,0.17,-318,-318,-318
1780193441.180972,0.0,0.0,0.013,0.17,-318,-318,-318
1780193441.2055402,0.0,0.0,0.013,0.17,-318,-318,-318
1780193441.227861,0.0,0.0,0.013,0.17,-318,-318,-318
1780193441.250819,0.0,0.0,0.013,0.17,-318,-318,-318
1780193441.274938,0.0,0.0,0.013,0.17,-318,-318,-318
1780193441.29728,0.0,0.0,0.013,0.17,-318,-318,-318
1780193441.3218298,0.0,0.0,0.013,0.17,-318,-318,-318
1780193441.3441331,0.0,0.0,0.013,0.17,-318,-318,-318
1780193441.366814,0.0,0.0,0.013,0.17,-318,-318,-318
1780193441.390996,0.0,0.0,0.013,0.17,-318,-318,-318
1780193441.413295,0.0,0.0,0.013,0.17,-318,-318,-318
1780193441.436018,0.0,0.0,0.013,0.17,-318,-318,-318
1780193441.448023,0.0,0.0,0.013,0.17,-318,-318,-318
1780193441.47266,0.0,0.0,0.013,0.17,-318,-318,-318
1780193441.4949582,0.0,0.0,0.013,0.17,-318,-318,-318
1780193441.5177631,0.0,0.0,0.013,0.17,-318,-318,-318
1780193441.5418491,0.0,0.0,0.013,0.17,-318,-318,-318
1780193441.564096,0.0,0.0,0.013,0.17,-318,-318,-318
1780193441.589306,0.0,0.0,0.013,0.17,-318,-318,-318
1780193441.6117141,0.0,0.0,0.013,0.17,-318,-318,-318
1780193441.634479,0.0,0.0,0.013,0.17,-318,-318,-318
1780193441.6585689,0.0,0.0,0.013,0.17,-318,-318,-318
1780193441.6809442,0.0,0.0,0.013,0.17,-318,-318,-318
1780193441.70544,0.0,0.0,0.013,0.17,-318,-318,-318
1780193441.727753,0.0,0.0,0.013,0.17,-318,-318,-318
1780193441.750628,0.0,0.0,0.013,0.17,-318,-318,-318
1780193441.774733,0.0,0.0,0.013,0.17,-318,-318,-318
1780193441.796976,0.0,0.0,0.013,0.17,-318,-318,-318
1780193441.819835,0.0,0.0,0.013,0.17,-318,-318,-318
1780193441.831817,0.0,0.0,0.013,0.17,-318,-318,-318
1780193441.856435,0.0,0.0,0.013,0.17,-318,-318,-318
1780193441.87873,0.0,0.0,0.013,0.17,-318,-318,-318
1780193441.901412,0.0,0.0,0.013,0.17,-318,-318,-318
1780193441.9254951,0.0,0.0,0.013,0.17,-318,-318,-318
1780193441.947956,0.0,0.0,0.013,0.17,-318,-318,-318
1780193441.97243,0.0,0.0,0.013,0.17,-318,-318,-318
1780193441.9947479,0.0,0.0,0.013,0.17,-318,-318,-318
1780193442.0177128,0.0,0.0,0.013,0.17,-318,-318,-318
1780193442.0419421,0.0,0.0,0.013,0.17,-318,-318,-318
1780193442.064192,0.0,0.0,0.013,0.17,-318,-318,-318
1780193442.0887182,0.0,0.0,0.013,0.17,-318,-318,-318
1780193442.1109838,0.0,0.0,0.013,0.17,-318,-318,-318
1780193442.1339278,0.0,0.0,0.013,0.17,-318,-318,-318
1780193442.158517,0.0,0.0,0.013,0.17,-318,-318,-318
1780193442.1809468,0.0,0.0,0.013,0.17,-318,-318,-318
1780193442.205825,0.0,0.0,0.013,0.17,-318,-318,-318
1780193442.228008,0.0,0.0,0.013,0.17,-318,-318,-318
1780193442.250821,0.0,0.0,0.013,0.17,-318,-318,-318
1780193442.2748952,0.0,0.0,0.013,0.17,-318,-318,-318
1780193442.285726,0.0,0.0,0.013,0.17,-318,-318,-318
1780193442.3098712,0.0,0.0,0.013,0.17,-318,-318,-318
1780193442.332802,0.0,0.0,0.013,0.17,-318,-318,-318
1780193442.356879,0.0,0.0,0.013,0.17,-318,-318,-318
1780193442.379118,0.0,0.0,0.013,0.17,-318,-318,-318
1780193442.401869,0.0,0.0,0.013,0.17,-318,-318,-318
1780193442.425948,0.0,0.0,0.013,0.17,-318,-318,-318
1780193442.4488692,0.0,0.0,0.013,0.17,-318,-318,-318
1780193442.4728892,0.0,0.0,0.013,0.17,-318,-318,-318
1780193442.495121,0.0,0.0,0.013,0.17,-318,-318,-318
1780193442.517816,0.0,0.0,0.013,0.17,-318,-318,-318
1780193442.541949,0.0,0.0,0.013,0.17,-318,-318,-318
1780193442.5641642,0.0,0.0,0.013,0.17,-318,-318,-318
1780193442.588765,0.0,0.0,0.013,0.17,-318,-318,-318
1780193442.6110878,0.0,0.0,0.013,0.17,-318,-318,-318
1780193442.633739,0.0,0.0,0.013,0.17,-318,-318,-318
1780193442.6578162,0.0,0.0,0.013,0.17,-318,-318,-318
1780193442.680087,0.0,0.0,0.013,0.17,-318,-318,-318
1780193442.702678,0.0,0.0,0.013,0.17,-318,-318,-318
1780193442.714669,0.0,0.0,0.013,0.17,-318,-318,-318
1780193442.7390862,0.0,0.0,0.013,0.17,-318,-318,-318
1780193442.7614279,0.0,0.0,0.013,0.17,-318,-318,-318
1780193442.784299,0.0,0.0,0.013,0.17,-318,-318,-318
1780193442.808364,0.0,0.0,0.013,0.17,-318,-318,-318
1780193442.819061,0.0,0.0,0.013,0.17,-318,-318,-318
1780193442.84313,0.0,0.0,0.013,0.17,-318,-318,-318
1780193442.8659189,0.0,0.0,0.013,0.17,-318,-318,-318
1780193442.890065,0.0,0.0,0.013,0.17,-318,-318,-318
1780193442.912394,0.0,0.0,0.013,0.17,-318,-318,-318
1780193442.935141,0.0,0.0,0.013,0.17,-318,-318,-318
1780193442.9592361,0.0,0.0,0.013,0.17,-318,-318,-318
1780193442.982207,0.0,0.0,0.013,0.17,-318,-318,-318
1780193443.006465,0.0,0.0,0.013,0.17,-318,-318,-318
1780193443.028797,0.0,0.0,0.013,0.17,-318,-318,-318
1780193443.051636,0.0,0.0,0.013,0.17,-318,-318,-318
1780193443.0761302,0.0,0.0,0.013,0.17,-318,-318,-318
1780193443.099353,0.0,0.0,0.013,0.17,-318,-318,-318
1780193443.123792,0.0,0.0,0.013,0.17,-318,-318,-318
1780193443.146154,0.0,0.0,0.013,0.17,-318,-318,-318
1780193443.168886,0.0,0.0,0.013,0.17,-318,-318,-318
1780193443.1809301,0.0,0.0,0.013,0.17,-318,-318,-318
1780193443.2054532,0.0,0.0,0.013,0.17,-318,-318,-318
1780193443.2277088,0.0,0.0,0.013,0.17,-318,-318,-318
1780193443.250557,0.0,0.0,0.013,0.17,-318,-318,-318
1780193443.274667,0.0,0.0,0.013,0.17,-318,-318,-318
1780193443.29701,0.0,0.0,0.013,0.17,-318,-318,-318
1780193443.322091,0.0,0.0,0.013,0.17,-318,-318,-318
1780193443.3448489,0.0,0.0,0.013,0.17,-318,-318,-318
1780193443.36796,0.0,0.0,0.013,0.17,-318,-318,-318
1780193443.392681,0.0,0.0,0.013,0.17,-318,-318,-318
1780193443.416088,0.0,0.0,0.013,0.17,-318,-318,-318
1780193443.440446,0.0,0.0,0.013,0.17,-318,-318,-318
1780193443.462722,0.0,0.0,0.013,0.17,-318,-318,-318
1780193443.485612,0.0,0.0,0.013,0.17,-318,-318,-318
1780193443.497636,0.0,0.0,0.013,0.17,-318,-318,-318
1780193443.522225,0.0,0.0,0.013,0.17,-318,-318,-318
1780193443.5446012,0.0,0.0,0.013,0.17,-318,-318,-318
1780193443.567372,0.0,0.0,0.013,0.17,-318,-318,-318
1780193443.591591,0.0,0.0,0.013,0.17,-318,-318,-318
1780193443.613994,0.0,0.0,0.013,0.17,-318,-318,-318
1780193443.638598,0.0,0.0,0.013,0.17,-318,-318,-318
1780193443.660852,0.0,0.0,0.013,0.17,-318,-318,-318
1780193443.683733,0.0,0.0,0.013,0.17,-318,-318,-318
1780193443.707936,0.0,0.0,0.013,0.17,-318,-318,-318
1780193443.730273,0.0,0.0,0.013,0.17,-318,-318,-318
1780193443.754977,0.0,0.0,0.013,0.17,-318,-318,-318
1780193443.777335,0.0,0.0,0.013,0.17,-318,-318,-318
1780193443.8001559,0.0,0.0,0.013,0.17,-318,-318,-318
1780193443.824393,0.0,0.0,0.013,0.17,-318,-318,-318
1780193443.846727,0.0,0.0,0.013,0.17,-318,-318,-318
1780193443.869482,0.0,0.0,0.013,0.17,-318,-318,-318
1780193443.893566,0.0,0.0,0.013,0.17,-318,-318,-318
1780193443.916499,0.0,0.0,0.013,0.17,-318,-318,-318
1780193443.940591,0.0,0.0,0.013,0.17,-318,-318,-318
1780193443.962795,0.0,0.0,0.013,0.17,-318,-318,-318
1780193443.985585,0.0,0.0,0.013,0.17,-318,-318,-318
1780193443.997566,0.0,0.0,0.013,0.17,-318,-318,-318
1780193444.022176,0.0,0.0,0.013,0.17,-318,-318,-318
1780193444.0450401,0.0,0.0,0.013,0.17,-318,-318,-318
1780193444.06812,0.0,0.0,0.013,0.17,-318,-318,-318
1780193444.0922072,0.0,0.0,0.013,0.17,-318,-318,-318
1780193444.114537,0.0,0.0,0.013,0.17,-318,-318,-318
1780193444.139211,0.0,0.0,0.013,0.17,-318,-318,-318
1780193444.1614678,0.0,0.0,0.013,0.17,-318,-318,-318
1780193444.184448,0.0,0.0,0.013,0.17,-318,-318,-318
1780193444.20876,0.0,0.0,0.013,0.17,-318,-318,-318
1780193444.230981,0.0,0.0,0.013,0.17,-318,-318,-318
1780193444.255429,0.0,0.0,0.013,0.17,-318,-318,-318
1780193444.2777112,0.0,0.0,0.013,0.17,-318,-318,-318
1780193444.300501,0.0,0.0,0.013,0.17,-318,-318,-318
1780193444.324671,0.0,0.0,0.013,0.17,-318,-318,-318
1780193444.347031,0.0,0.0,0.013,0.17,-318,-318,-318
1780193444.3697312,0.0,0.0,0.013,0.17,-318,-318,-318
1780193444.3818219,0.0,0.0,0.013,0.17,-318,-318,-318
1780193444.406443,0.0,0.0,0.013,0.17,-318,-318,-318
1780193444.4288,0.0,0.0,0.013,0.17,-318,-318,-318
1780193444.451615,0.0,0.0,0.013,0.17,-318,-318,-318
1780193444.475829,0.0,0.0,0.013,0.17,-318,-318,-318
1780193444.4987059,0.0,0.0,0.013,0.17,-318,-318,-318
1780193444.522722,0.0,0.0,0.013,0.17,-318,-318,-318
1780193444.545053,0.0,0.0,0.013,0.17,-318,-318,-318
1780193444.567808,0.0,0.0,0.013,0.17,-318,-318,-318
1780193444.592073,0.0,0.0,0.013,0.17,-318,-318,-318
1780193444.6143901,0.0,0.0,0.013,0.17,-318,-318,-318
1780193444.6389399,0.0,0.0,0.013,0.17,-318,-318,-318
1780193444.6612291,0.0,0.0,0.013,0.17,-318,-318,-318
1780193444.684094,0.0,0.0,0.013,0.17,-318,-318,-318
1780193444.7082381,0.0,0.0,0.013,0.17,-318,-318,-318
1780193444.730564,0.0,0.0,0.013,0.17,-318,-318,-318
1780193444.7551858,0.0,0.0,0.013,0.17,-318,-318,-318
1780193444.777505,0.0,0.0,0.013,0.17,-318,-318,-318
1780193444.800239,0.0,0.0,0.013,0.17,-318,-318,-318
1780193444.82445,0.0,0.0,0.013,0.17,-318,-318,-318
1780193444.846834,0.0,0.0,0.013,0.17,-318,-318,-318
1780193444.869531,0.0,0.0,0.013,0.17,-318,-318,-318
1780193444.891962,0.0,0.0,0.013,0.17,-318,-318,-318
1780193444.9141681,0.0,0.0,0.013,0.17,-318,-318,-318
1780193444.938313,0.0,0.0,0.013,0.17,-318,-318,-318
1780193444.961143,0.0,0.0,0.013,0.17,-318,-318,-318
1780193444.983878,0.0,0.0,0.013,0.17,-318,-318,-318
1780193445.0080671,0.0,0.0,0.013,0.17,-318,-318,-318
1780193445.030453,0.0,0.0,0.013,0.17,-318,-318,-318
1780193445.054864,0.0,0.0,0.013,0.17,-318,-318,-318
1780193445.076997,0.0,0.0,0.013,0.17,-318,-318,-318
1780193445.0997992,0.0,0.0,0.013,0.17,-318,-318,-318
1780193445.123819,0.0,0.0,0.013,0.17,-318,-318,-318
1780193445.146027,0.0,0.0,0.013,0.17,-318,-318,-318
1780193445.1688058,0.0,0.0,0.013,0.17,-318,-318,-318
1780193445.180759,0.0,0.0,0.013,0.17,-318,-318,-318
1780193445.205397,0.0,0.0,0.013,0.17,-318,-318,-318
1780193445.2276218,0.0,0.0,0.013,0.17,-318,-318,-318
1780193445.250288,0.0,0.0,0.013,0.17,-318,-318,-318
1780193445.274421,0.0,0.0,0.013,0.17,-318,-318,-318
1780193445.2968268,0.0,0.0,0.013,0.17,-318,-318,-318
1780193445.321672,0.0,0.0,0.013,0.17,-318,-318,-318
1780193445.34389,0.0,0.0,0.013,0.17,-318,-318,-318
1780193445.366677,0.0,0.0,0.013,0.17,-318,-318,-318
1780193445.3907478,0.0,0.0,0.013,0.17,-318,-318,-318
1780193445.41303,0.0,0.0,0.013,0.17,-318,-318,-318
1780193445.4359,0.0,0.0,0.013,0.17,-318,-318,-318
1780193445.459884,0.0,0.0,0.013,0.17,-318,-318,-318
1780193445.482659,0.0,0.0,0.013,0.17,-318,-318,-318
1780193445.5068438,0.0,0.0,0.013,0.17,-318,-318,-318
1780193445.5291069,0.0,0.0,0.013,0.17,-318,-318,-318
1780193445.551775,0.0,0.0,0.013,0.17,-318,-318,-318
1780193445.563772,0.0,0.0,0.013,0.17,-318,-318,-318
1780193445.5882182,0.0,0.0,0.013,0.17,-318,-318,-318
1780193445.6104581,0.0,0.0,0.013,0.17,-318,-318,-318
1780193445.6332932,0.0,0.0,0.013,0.17,-318,-318,-318
1780193445.657423,0.0,0.0,0.013,0.17,-318,-318,-318
1780193445.6797361,0.0,0.0,0.013,0.17,-318,-318,-318
1780193445.7026072,0.0,0.0,0.013,0.17,-318,-318,-318
1780193445.714721,0.0,0.0,0.013,0.17,-318,-318,-318
1780193445.7393658,0.0,0.0,0.013,0.17,-318,-318,-318
1780193445.7616398,0.0,0.0,0.013,0.17,-318,-318,-318
1780193445.7846541,0.0,0.0,0.013,0.17,-318,-318,-318
1780193445.809367,0.0,0.0,0.013,0.17,-318,-318,-318
1780193445.832702,0.0,0.0,0.013,0.17,-318,-318,-318
1780193445.857358,0.0,0.0,0.013,0.17,-318,-318,-318
1780193445.8801122,0.0,0.0,0.013,0.17,-318,-318,-318
1780193445.905226,0.0,0.0,0.013,0.17,-318,-318,-318
1780193445.928014,0.0,0.0,0.013,0.17,-318,-318,-318
1780193445.951062,0.0,0.0,0.013,0.17,-318,-318,-318
1780193445.9751701,0.0,0.0,0.013,0.17,-318,-318,-318
1780193445.997549,0.0,0.0,0.013,0.17,-318,-318,-318
1780193446.022354,0.0,0.0,0.013,0.17,-318,-318,-318
1780193446.044537,0.0,0.0,0.013,0.17,-318,-318,-318
1780193446.06772,0.0,0.0,0.013,0.17,-318,-318,-318
1780193446.092278,0.0,0.0,0.013,0.17,-318,-318,-318
1780193446.115604,0.0,0.0,0.013,0.17,-318,-318,-318
1780193446.140147,0.0,0.0,0.013,0.17,-318,-318,-318
1780193446.1629272,0.0,0.0,0.013,0.17,-318,-318,-318
1780193446.185764,0.0,0.0,0.013,0.17,-318,-318,-318
1780193446.19783,0.0,0.0,0.013,0.17,-318,-318,-318
1780193446.2224991,0.0,0.0,0.013,0.17,-318,-318,-318
1780193446.244802,0.0,0.0,0.013,0.17,-318,-318,-318
1780193446.267668,0.0,0.0,0.013,0.17,-318,-318,-318
1780193446.2919161,0.0,0.0,0.013,0.17,-318,-318,-318
1780193446.314215,0.0,0.0,0.013,0.17,-318,-318,-318
1780193446.338815,0.0,0.0,0.013,0.17,-318,-318,-318
1780193446.361175,0.0,0.0,0.013,0.17,-318,-318,-318
1780193446.3839612,0.0,0.0,0.013,0.17,-318,-318,-318
1780193446.40824,0.0,0.0,0.013,0.17,-318,-318,-318
1780193446.4305868,0.0,0.0,0.013,0.17,-318,-318,-318
1780193446.4552262,0.0,0.0,0.013,0.17,-318,-318,-318
1780193446.477613,0.0,0.0,0.013,0.17,-318,-318,-318
1780193446.5004349,0.0,0.0,0.013,0.17,-318,-318,-318
1780193446.524516,0.0,0.0,0.013,0.17,-318,-318,-318
1780193446.5468218,0.0,0.0,0.013,0.17,-318,-318,-318
1780193446.5714629,0.0,0.0,0.013,0.17,-318,-318,-318
1780193446.593801,0.0,0.0,0.013,0.17,-318,-318,-318
1780193446.6166341,0.0,0.0,0.013,0.17,-318,-318,-318
1780193446.640754,0.0,0.0,0.013,0.17,-318,-318,-318
1780193446.663082,0.0,0.0,0.013,0.17,-318,-318,-318
1780193446.6858392,0.0,0.0,0.013,0.17,-318,-318,-318
1780193446.6978822,0.0,0.0,0.013,0.17,-318,-318,-318
1780193446.722454,0.0,0.0,0.013,0.17,-318,-318,-318
1780193446.744688,0.0,0.0,0.013,0.17,-318,-318,-318
1780193446.7680268,0.0,0.0,0.013,0.17,-318,-318,-318
1780193446.792704,0.0,0.0,0.013,0.17,-318,-318,-318
1780193446.8158798,0.0,0.0,0.013,0.17,-318,-318,-318
1780193446.84045,0.0,0.0,0.013,0.17,-318,-318,-318
1780193446.8627431,0.0,0.0,0.013,0.17,-318,-318,-318
1780193446.885918,0.0,0.0,0.013,0.17,-318,-318,-318
1780193446.898219,0.0,0.0,0.013,0.17,-318,-318,-318
1780193446.923139,0.0,0.0,0.013,0.17,-318,-318,-318
1780193446.945367,0.0,0.0,0.013,0.17,-318,-318,-318
1780193446.968137,0.0,0.0,0.013,0.17,-318,-318,-318
1780193446.9922292,0.0,0.0,0.013,0.17,-318,-318,-318
1780193447.014472,0.0,0.0,0.013,0.17,-318,-318,-318
1780193447.0389628,0.0,0.0,0.013,0.17,-318,-318,-318
1780193447.061198,0.0,0.0,0.013,0.17,-318,-318,-318
1780193447.0843918,0.0,0.0,0.013,0.17,-318,-318,-318
1780193447.108984,0.0,0.0,0.013,0.17,-318,-318,-318
1780193447.132298,0.0,0.0,0.013,0.17,-318,-318,-318
1780193447.156831,0.0,0.0,0.013,0.17,-318,-318,-318
1780193447.179549,0.0,0.0,0.013,0.17,-318,-318,-318
1780193447.20268,0.0,0.0,0.013,0.17,-318,-318,-318
1780193447.214976,0.0,0.0,0.013,0.17,-318,-318,-318
1780193447.239818,0.0,0.0,0.013,0.17,-318,-318,-318
1780193447.2621021,0.0,0.0,0.013,0.17,-318,-318,-318
1780193447.284759,0.0,0.0,0.013,0.17,-318,-318,-318
1780193447.308894,0.0,0.0,0.013,0.17,-318,-318,-318
1780193447.331723,0.0,0.0,0.013,0.17,-318,-318,-318
1780193447.355756,0.0,0.0,0.013,0.17,-318,-318,-318
1780193447.3779998,0.0,0.0,0.013,0.17,-318,-318,-318
1780193447.400844,0.0,0.0,0.013,0.17,-318,-318,-318
1780193447.425199,0.0,0.0,0.013,0.17,-318,-318,-318
1780193447.4475121,0.0,0.0,0.013,0.17,-318,-318,-318
1780193447.472605,0.0,0.0,0.013,0.17,-318,-318,-318
1780193447.494952,0.0,0.0,0.013,0.17,-318,-318,-318
1780193447.507381,0.0,0.0,0.013,0.17,-318,-318,-318
1780193447.5296671,0.0,0.0,0.013,0.17,-318,-318,-318
1780193447.552594,0.0,0.0,0.013,0.17,-318,-318,-318
1780193447.564904,0.0,0.0,0.013,0.17,-318,-318,-318
1780193447.5899022,0.0,0.0,0.013,0.17,-318,-318,-318
1780193447.612594,0.0,0.0,0.013,0.17,-318,-318,-318
1780193447.635852,0.0,0.0,0.013,0.17,-318,-318,-318
1780193447.6480691,0.0,0.0,0.013,0.17,-318,-318,-318
1780193447.672682,0.0,0.0,0.013,0.17,-318,-318,-318
1780193447.6954381,0.0,0.0,0.013,0.17,-318,-318,-318
1780193447.718579,0.0,0.0,0.013,0.17,-318,-318,-318
1780193447.730825,0.0,0.0,0.013,0.17,-318,-318,-318
1780193447.755817,0.0,0.0,0.013,0.17,-318,-318,-318
1780193447.77876,0.0,0.0,0.013,0.17,-318,-318,-318
1780193447.802145,0.0,0.0,0.013,0.17,-318,-318,-318
1780193447.814417,0.0,0.0,0.013,0.17,-318,-318,-318
1780193447.8392022,0.0,0.0,0.013,0.17,-318,-318,-318
1780193447.861651,0.0,0.0,0.013,0.17,-318,-318,-318
1780193447.8844538,0.0,0.0,0.013,0.17,-318,-318,-318
1780193447.908582,0.0,0.0,0.013,0.17,-318,-318,-318
1780193447.930877,0.0,0.0,0.013,0.17,-318,-318,-318
1780193447.955381,0.0,0.0,0.013,0.17,-318,-318,-318
1780193447.977619,0.0,0.0,0.013,0.17,-318,-318,-318
1780193448.000612,0.0,0.0,0.013,0.17,-318,-318,-318
1780193448.024797,0.0,0.0,0.013,0.17,-318,-318,-318
1780193448.0471091,0.0,0.0,0.013,0.17,-318,-318,-318
1780193448.071775,0.0,0.0,0.013,0.17,-318,-318,-318
1780193448.0940092,0.0,0.0,0.013,0.17,-318,-318,-318
1780193448.116796,0.0,0.0,0.013,0.17,-318,-318,-318
1780193448.140983,0.0,0.0,0.013,0.17,-318,-318,-318
1780193448.163344,0.0,0.0,0.013,0.17,-318,-318,-318
1780193448.1860092,0.0,0.0,0.013,0.17,-318,-318,-318
1780193448.1980338,0.0,0.0,0.013,0.17,-318,-318,-318
1780193448.2224991,0.0,0.0,0.013,0.17,-318,-318,-318
1780193448.2447932,0.0,0.0,0.013,0.17,-318,-318,-318
1780193448.267657,0.0,0.0,0.013,0.17,-318,-318,-318
1780193448.291787,0.0,0.0,0.013,0.17,-318,-318,-318
1780193448.314133,0.0,0.0,0.013,0.17,-318,-318,-318
1780193448.338745,0.0,0.0,0.013,0.17,-318,-318,-318
1780193448.3610911,0.0,0.0,0.013,0.17,-318,-318,-318
1780193448.383747,0.0,0.0,0.013,0.17,-318,-318,-318
1780193448.40785,0.0,0.0,0.013,0.17,-318,-318,-318
1780193448.430233,0.0,0.0,0.013,0.17,-318,-318,-318
1780193448.45475,0.0,0.0,0.013,0.17,-318,-318,-318
1780193448.476987,0.0,0.0,0.013,0.17,-318,-318,-318
1780193448.499753,0.0,0.0,0.013,0.17,-318,-318,-318
1780193448.523817,0.0,0.0,0.013,0.17,-318,-318,-318
1780193448.534538,0.0,0.0,0.013,0.17,-318,-318,-318
1780193448.5585542,0.0,0.0,0.013,0.17,-318,-318,-318
1780193448.580769,0.0,0.0,0.013,0.17,-318,-318,-318
1780193448.6052842,0.0,0.0,0.013,0.17,-318,-318,-318
1780193448.6276412,0.0,0.0,0.013,0.17,-318,-318,-318
1780193448.650354,0.0,0.0,0.013,0.17,-318,-318,-318
1780193448.674434,0.0,0.0,0.013,0.17,-318,-318,-318
1780193448.696717,0.0,0.0,0.013,0.17,-318,-318,-318
1780193448.719417,0.0,0.0,0.013,0.17,-318,-318,-318
1780193448.731439,0.0,0.0,0.013,0.17,-318,-318,-318
1780193448.755859,0.0,0.0,0.013,0.17,-318,-318,-318
1780193448.778111,0.0,0.0,0.013,0.17,-318,-318,-318
1780193448.801282,0.0,0.0,0.013,0.17,-318,-318,-318
1780193448.825506,0.0,0.0,0.013,0.17,-318,-318,-318
1780193448.8483179,0.0,0.0,0.013,0.17,-318,-318,-318
1780193448.872373,0.0,0.0,0.013,0.17,-318,-318,-318
1780193448.894676,0.0,0.0,0.013,0.17,-318,-318,-318
1780193448.917325,0.0,0.0,0.013,0.17,-318,-318,-318
1780193448.941631,0.0,0.0,0.013,0.17,-318,-318,-318
1780193448.963922,0.0,0.0,0.013,0.17,-318,-318,-318
1780193448.9883919,0.0,0.0,0.013,0.17,-318,-318,-318
1780193449.0107388,0.0,0.0,0.013,0.17,-318,-318,-318
1780193449.033636,0.0,0.0,0.013,0.17,-318,-318,-318
1780193449.057633,0.0,0.0,0.013,0.17,-318,-318,-318
1780193449.0685928,0.0,0.0,0.013,0.17,-318,-318,-318
1780193449.093077,0.0,0.0,0.013,0.17,-318,-318,-318
1780193449.116221,0.0,0.0,0.013,0.17,-318,-318,-318
1780193449.140789,0.0,0.0,0.013,0.17,-318,-318,-318
1780193449.163181,0.0,0.0,0.013,0.17,-318,-318,-318
1780193449.185945,0.0,0.0,0.013,0.17,-318,-318,-318
1780193449.197959,0.0,0.0,0.013,0.17,-318,-318,-318
1780193449.222396,0.0,0.0,0.013,0.17,-318,-318,-318
1780193449.244649,0.0,0.0,0.013,0.17,-318,-318,-318
1780193449.267551,0.0,0.0,0.013,0.17,-318,-318,-318
1780193449.291637,0.0,0.0,0.013,0.17,-318,-318,-318
1780193449.313845,0.0,0.0,0.013,0.17,-318,-318,-318
1780193449.338359,0.0,0.0,0.013,0.17,-318,-318,-318
1780193449.3605912,0.0,0.0,0.013,0.17,-318,-318,-318
1780193449.383209,0.0,0.0,0.013,0.17,-318,-318,-318
1780193449.4073348,0.0,0.0,0.013,0.17,-318,-318,-318
1780193449.429739,0.0,0.0,0.013,0.17,-318,-318,-318
1780193449.452667,0.0,0.0,0.013,0.17,-318,-318,-318
1780193449.464701,0.0,0.0,0.013,0.17,-318,-318,-318
1780193449.489129,0.0,0.0,0.013,0.17,-318,-318,-318
1780193449.511371,0.0,0.0,0.013,0.17,-318,-318,-318
1780193449.53423,0.0,0.0,0.013,0.17,-318,-318,-318
1780193449.558336,0.0,0.0,0.013,0.17,-318,-318,-318
1780193449.58079,0.0,0.0,0.013,0.17,-318,-318,-318
1780193449.6036348,0.0,0.0,0.013,0.17,-318,-318,-318
1780193449.627936,0.0,0.0,0.013,0.17,-318,-318,-318
1780193449.6506681,0.0,0.0,0.013,0.17,-318,-318,-318
1780193449.674808,0.0,0.0,0.013,0.17,-318,-318,-318
1780193449.697131,0.0,0.0,0.013,0.17,-318,-318,-318
1780193449.7217112,0.0,0.0,0.013,0.17,-318,-318,-318
1780193449.743913,0.0,0.0,0.013,0.17,-318,-318,-318
1780193449.766686,0.0,0.0,0.013,0.17,-318,-318,-318
1780193449.7907488,0.0,0.0,0.013,0.17,-318,-318,-318
1780193449.8129852,0.0,0.0,0.013,0.17,-318,-318,-318
1780193449.835819,0.0,0.0,0.013,0.17,-318,-318,-318
1780193449.8478332,0.0,0.0,0.013,0.17,-318,-318,-318
1780193449.8724322,0.0,0.0,0.013,0.17,-318,-318,-318
1780193449.894649,0.0,0.0,0.013,0.17,-318,-318,-318
1780193449.9173381,0.0,0.0,0.013,0.17,-318,-318,-318
1780193449.941448,0.0,0.0,0.013,0.17,-318,-318,-318
1780193449.963742,0.0,0.0,0.013,0.17,-318,-318,-318
1780193449.9882948,0.0,0.0,0.013,0.17,-318,-318,-318
1780193450.0107489,0.0,0.0,0.013,0.17,-318,-318,-318
1780193450.0336561,0.0,0.0,0.013,0.17,-318,-318,-318
1780193450.057747,0.0,0.0,0.013,0.17,-318,-318,-318
1780193450.080529,0.0,0.0,0.013,0.17,-318,-318,-318
1780193450.105333,0.0,0.0,0.013,0.17,-318,-318,-318
1780193450.1283488,0.0,0.0,0.013,0.17,-318,-318,-318
1780193450.151372,0.0,0.0,0.013,0.17,-318,-318,-318
1780193450.175791,0.0,0.0,0.013,0.17,-318,-318,-318
1780193450.198984,0.0,0.0,0.013,0.17,-318,-318,-318
1780193450.223134,0.0,0.0,0.013,0.17,-318,-318,-318
1780193450.245505,0.0,0.0,0.013,0.17,-318,-318,-318
1780193450.2683132,0.0,0.0,0.013,0.17,-318,-318,-318
1780193450.280307,0.0,0.0,0.013,0.17,-318,-318,-318
1780193450.304965,0.0,0.0,0.013,0.17,-318,-318,-318
1780193450.327328,0.0,0.0,0.013,0.17,-318,-318,-318
1780193450.3501172,0.0,0.0,0.013,0.17,-318,-318,-318
1780193450.3742359,0.0,0.0,0.013,0.17,-318,-318,-318
1780193450.39661,0.0,0.0,0.013,0.17,-318,-318,-318
1780193450.419295,0.0,0.0,0.013,0.17,-318,-318,-318
1780193450.43134,0.0,0.0,0.013,0.17,-318,-318,-318
1780193450.45595,0.0,0.0,0.013,0.17,-318,-318,-318
1780193450.478136,0.0,0.0,0.013,0.17,-318,-318,-318
1780193450.500921,0.0,0.0,0.013,0.17,-318,-318,-318
1780193450.525024,0.0,0.0,0.013,0.17,-318,-318,-318
1780193450.547254,0.0,0.0,0.013,0.17,-318,-318,-318
1780193450.571779,0.0,0.0,0.013,0.17,-318,-318,-318
1780193450.594099,0.0,0.0,0.013,0.17,-318,-318,-318
1780193450.6168551,0.0,0.0,0.013,0.17,-318,-318,-318
1780193450.640901,0.0,0.0,0.013,0.17,-318,-318,-318
1780193450.6632462,0.0,0.0,0.013,0.17,-318,-318,-318
1780193450.685945,0.0,0.0,0.013,0.17,-318,-318,-318
1780193450.697945,0.0,0.0,0.013,0.17,-318,-318,-318
1780193450.722357,0.0,0.0,0.013,0.17,-318,-318,-318
1780193450.744596,0.0,0.0,0.013,0.17,-318,-318,-318
1780193450.767379,0.0,0.0,0.013,0.17,-318,-318,-318
1780193450.7915452,0.0,0.0,0.013,0.17,-318,-318,-318
1780193450.813887,0.0,0.0,0.013,0.17,-318,-318,-318
1780193450.838623,0.0,0.0,0.013,0.17,-318,-318,-318
1780193450.861053,0.0,0.0,0.013,0.17,-318,-318,-318
1780193450.8839018,0.0,0.0,0.013,0.17,-318,-318,-318
1780193450.907948,0.0,0.0,0.013,0.17,-318,-318,-318
1780193450.9303029,0.0,0.0,0.013,0.17,-318,-318,-318
1780193450.9548109,0.0,0.0,0.013,0.17,-318,-318,-318
1780193450.977108,0.0,0.0,0.013,0.17,-318,-318,-318
1780193451.0000992,0.0,0.0,0.013,0.17,-318,-318,-318
1780193451.02439,0.0,0.0,0.013,0.17,-318,-318,-318
1780193451.047215,0.0,0.0,0.013,0.17,-318,-318,-318
1780193451.071892,0.0,0.0,0.013,0.17,-318,-318,-318
1780193451.094242,0.0,0.0,0.013,0.17,-318,-318,-318
1780193451.117068,0.0,0.0,0.013,0.17,-318,-318,-318
1780193451.141345,0.0,0.0,0.013,0.17,-318,-318,-318
1780193451.1520169,0.0,0.0,0.013,0.17,-318,-318,-318
1780193451.176048,0.0,0.0,0.013,0.17,-318,-318,-318
1780193451.198933,0.0,0.0,0.013,0.17,-318,-318,-318
1780193451.223095,0.0,0.0,0.013,0.17,-318,-318,-318
1780193451.245449,0.0,0.0,0.013,0.17,-318,-318,-318
1780193451.2682219,0.0,0.0,0.013,0.17,-318,-318,-318
1780193451.280229,0.0,0.0,0.013,0.17,-318,-318,-318
1780193451.304786,0.0,0.0,0.013,0.17,-318,-318,-318
1780193451.327117,0.0,0.0,0.013,0.17,-318,-318,-318
1780193451.349838,0.0,0.0,0.013,0.17,-318,-318,-318
1780193451.3740742,0.0,0.0,0.013,0.17,-318,-318,-318
1780193451.396527,0.0,0.0,0.013,0.17,-318,-318,-318
1780193451.421358,0.0,0.0,0.013,0.17,-318,-318,-318
1780193451.443586,0.0,0.0,0.013,0.17,-318,-318,-318
1780193451.4665442,0.0,0.0,0.013,0.17,-318,-318,-318
1780193451.490604,0.0,0.0,0.013,0.17,-318,-318,-318
1780193451.512959,0.0,0.0,0.013,0.17,-318,-318,-318
1780193451.535725,0.0,0.0,0.013,0.17,-318,-318,-318
1780193451.547808,0.0,0.0,0.013,0.17,-318,-318,-318
1780193451.5723782,0.0,0.0,0.013,0.17,-318,-318,-318
1780193451.594742,0.0,0.0,0.013,0.17,-318,-318,-318
1780193451.61744,0.0,0.0,0.013,0.17,-318,-318,-318
1780193451.6417248,0.0,0.0,0.013,0.17,-318,-318,-318
1780193451.6642072,0.0,0.0,0.013,0.17,-318,-318,-318
1780193451.686999,0.0,0.0,0.013,0.17,-318,-318,-318
1780193451.7111292,0.0,0.0,0.013,0.17,-318,-318,-318
1780193451.73405,0.0,0.0,0.013,0.17,-318,-318,-318
1780193451.7581089,0.0,0.0,0.013,0.17,-318,-318,-318
1780193451.780504,0.0,0.0,0.013,0.17,-318,-318,-318
1780193451.805119,0.0,0.0,0.013,0.17,-318,-318,-318
1780193451.827424,0.0,0.0,0.013,0.17,-318,-318,-318
1780193451.85028,0.0,0.0,0.013,0.17,-318,-318,-318
1780193451.8744771,0.0,0.0,0.013,0.17,-318,-318,-318
1780193451.896822,0.0,0.0,0.013,0.17,-318,-318,-318
1780193451.921373,0.0,0.0,0.013,0.17,-318,-318,-318
1780193451.9437199,0.0,0.0,0.013,0.17,-318,-318,-318
1780193451.966683,0.0,0.0,0.013,0.17,-318,-318,-318
1780193451.991253,0.0,0.0,0.013,0.17,-318,-318,-318
1780193452.0219898,0.0,0.0,0.013,0.17,-318,-318,-318
1780193452.0503218,0.0,0.0,0.013,0.17,-318,-318,-318
1780193452.082196,0.0,0.0,0.013,0.17,-318,-318,-318
1780193452.108165,0.0,0.0,0.013,0.17,-318,-318,-318
1780193452.130684,0.0,0.0,0.013,0.17,-318,-318,-318
1780193452.155936,0.0,0.0,0.013,0.17,-318,-318,-318
1780193452.178414,0.0,0.0,0.013,0.17,-318,-318,-318
1780193452.201421,0.0,0.0,0.013,0.17,-318,-318,-318
1780193452.2265642,0.0,0.0,0.013,0.17,-318,-318,-318
1780193452.2499268,0.0,0.0,0.013,0.17,-318,-318,-318
1780193452.274582,0.0,0.0,0.013,0.17,-318,-318,-318
1780193452.297462,0.0,0.0,0.013,0.17,-318,-318,-318
1780193452.322353,0.0,0.0,0.013,0.17,-318,-318,-318
1780193452.344599,0.0,0.0,0.013,0.17,-318,-318,-318
1780193452.367519,0.0,0.0,0.013,0.17,-318,-318,-318
1780193452.3916538,0.0,0.0,0.013,0.17,-318,-318,-318
1780193452.413877,0.0,0.0,0.013,0.17,-318,-318,-318
1780193452.438462,0.0,0.0,0.013,0.17,-318,-318,-318
1780193452.4607308,0.0,0.0,0.013,0.17,-318,-318,-318
1780193452.4835231,0.0,0.0,0.013,0.17,-318,-318,-318
1780193452.507565,0.0,0.0,0.013,0.17,-318,-318,-318
1780193452.529989,0.0,0.0,0.013,0.17,-318,-318,-318
1780193452.5545468,0.0,0.0,0.013,0.17,-318,-318,-318
1780193452.5767848,0.0,0.0,0.013,0.17,-318,-318,-318
1780193452.5995462,0.0,0.0,0.013,0.17,-318,-318,-318
1780193452.623637,0.0,0.0,0.013,0.17,-318,-318,-318
1780193452.6458318,0.0,0.0,0.013,0.17,-318,-318,-318
1780193452.668719,0.0,0.0,0.013,0.17,-318,-318,-318
1780193452.6807392,0.0,0.0,0.013,0.17,-318,-318,-318
1780193452.7053041,0.0,0.0,0.013,0.17,-318,-318,-318
1780193452.7276502,0.0,0.0,0.013,0.17,-318,-318,-318
1780193452.7507892,0.0,0.0,0.013,0.17,-318,-318,-318
1780193452.7748961,0.0,0.0,0.013,0.17,-318,-318,-318
1780193452.797148,0.0,0.0,0.013,0.17,-318,-318,-318
1780193452.82168,0.0,0.0,0.013,0.17,-318,-318,-318
1780193452.8444748,0.0,0.0,0.013,0.17,-318,-318,-318
1780193452.867788,0.0,0.0,0.013,0.17,-318,-318,-318
1780193452.892437,0.0,0.0,0.013,0.17,-318,-318,-318
1780193452.915639,0.0,0.0,0.013,0.17,-318,-318,-318
1780193452.940193,0.0,0.0,0.013,0.17,-318,-318,-318
1780193452.962539,0.0,0.0,0.013,0.17,-318,-318,-318
1780193452.985257,0.0,0.0,0.013,0.17,-318,-318,-318
1780193453.0077078,0.0,0.0,0.013,0.17,-318,-318,-318
1780193453.03014,0.0,0.0,0.013,0.17,-318,-318,-318
1780193453.052348,0.0,0.0,0.013,0.17,-318,-318,-318
1780193453.0642931,0.0,0.0,0.013,0.17,-318,-318,-318
1780193453.089334,0.0,0.0,0.013,0.17,-318,-318,-318
1780193453.1120288,0.0,0.0,0.013,0.17,-318,-318,-318
1780193453.1351738,0.0,0.0,0.013,0.17,-318,-318,-318
1780193453.1474519,0.0,0.0,0.013,0.17,-318,-318,-318
1780193453.172304,0.0,0.0,0.013,0.17,-318,-318,-318
1780193453.1945548,0.0,0.0,0.013,0.17,-318,-318,-318
1780193453.217417,0.0,0.0,0.013,0.17,-318,-318,-318
1780193453.2415528,0.0,0.0,0.013,0.17,-318,-318,-318
1780193453.263943,0.0,0.0,0.013,0.17,-318,-318,-318
1780193453.2885902,0.0,0.0,0.013,0.17,-318,-318,-318
1780193453.31115,0.0,0.0,0.013,0.17,-318,-318,-318
1780193453.3338208,0.0,0.0,0.013,0.17,-318,-318,-318
1780193453.358025,0.0,0.0,0.013,0.17,-318,-318,-318
1780193453.380357,0.0,0.0,0.013,0.17,-318,-318,-318
1780193453.4049652,0.0,0.0,0.013,0.17,-318,-318,-318
1780193453.4273112,0.0,0.0,0.013,0.17,-318,-318,-318
1780193453.4500952,0.0,0.0,0.013,0.17,-318,-318,-318
1780193453.474448,0.0,0.0,0.013,0.17,-318,-318,-318
1780193453.4967391,0.0,0.0,0.013,0.17,-318,-318,-318
1780193453.5213282,0.0,0.0,0.013,0.17,-318,-318,-318
1780193453.5436742,0.0,0.0,0.013,0.17,-318,-318,-318
1780193453.566426,0.0,0.0,0.013,0.17,-318,-318,-318
1780193453.590577,0.0,0.0,0.013,0.17,-318,-318,-318
1780193453.612844,0.0,0.0,0.013,0.17,-318,-318,-318
1780193453.63562,0.0,0.0,0.013,0.17,-318,-318,-318
1780193453.647634,0.0,0.0,0.013,0.17,-318,-318,-318
1780193453.672131,0.0,0.0,0.013,0.17,-318,-318,-318
1780193453.6944718,0.0,0.0,0.013,0.17,-318,-318,-318
1780193453.717611,0.0,0.0,0.013,0.17,-318,-318,-318
1780193453.742226,0.0,0.0,0.013,0.17,-318,-318,-318
1780193453.7549708,0.0,0.0,0.013,0.17,-318,-318,-318
1780193453.777806,0.0,0.0,0.013,0.17,-318,-318,-318
1780193453.800949,0.0,0.0,0.013,0.17,-318,-318,-318
1780193453.825403,0.0,0.0,0.013,0.17,-318,-318,-318
1780193453.8482728,0.0,0.0,0.013,0.17,-318,-318,-318
1780193453.872309,0.0,0.0,0.013,0.17,-318,-318,-318
1780193453.89462,0.0,0.0,0.013,0.17,-318,-318,-318
1780193453.917541,0.0,0.0,0.013,0.17,-318,-318,-318
1780193453.9417841,0.0,0.0,0.013,0.17,-318,-318,-318
1780193453.964628,0.0,0.0,0.013,0.17,-318,-318,-318
1780193453.9887722,0.0,0.0,0.013,0.17,-318,-318,-318
1780193454.011128,0.0,0.0,0.013,0.17,-318,-318,-318
1780193454.0339031,0.0,0.0,0.013,0.17,-318,-318,-318
1780193454.058083,0.0,0.0,0.013,0.17,-318,-318,-318
1780193454.080492,0.0,0.0,0.013,0.17,-318,-318,-318
1780193454.105054,0.0,0.0,0.013,0.17,-318,-318,-318
1780193454.127275,0.0,0.0,0.013,0.17,-318,-318,-318
1780193454.1502368,0.0,0.0,0.013,0.17,-318,-318,-318
1780193454.174348,0.0,0.0,0.013,0.17,-318,-318,-318
1780193454.1966422,0.0,0.0,0.013,0.17,-318,-318,-318
1780193454.2212532,0.0,0.0,0.013,0.17,-318,-318,-318
1780193454.243554,0.0,0.0,0.013,0.17,-318,-318,-318
1780193454.266273,0.0,0.0,0.013,0.17,-318,-318,-318
1780193454.290539,0.0,0.0,0.013,0.17,-318,-318,-318
1780193454.31285,0.0,0.0,0.013,0.17,-318,-318,-318
1780193454.335532,0.0,0.0,0.013,0.17,-318,-318,-318
1780193454.34755,0.0,0.0,0.013,0.17,-318,-318,-318
1780193454.3720691,0.0,0.0,0.013,0.17,-318,-318,-318
1780193454.3942459,0.0,0.0,0.013,0.17,-318,-318,-318
1780193454.417061,0.0,0.0,0.013,0.17,-318,-318,-318
1780193454.4411101,0.0,0.0,0.013,0.17,-318,-318,-318
1780193454.4633741,0.0,0.0,0.013,0.17,-318,-318,-318
1780193454.488058,0.0,0.0,0.013,0.17,-318,-318,-318
1780193454.510289,0.0,0.0,0.013,0.17,-318,-318,-318
1780193454.532969,0.0,0.0,0.013,0.17,-318,-318,-318
1780193454.557062,0.0,0.0,0.013,0.17,-318,-318,-318
1780193454.5793788,0.0,0.0,0.013,0.17,-318,-318,-318
1780193454.6020749,0.0,0.0,0.013,0.17,-318,-318,-318
1780193454.614081,0.0,0.0,0.013,0.17,-318,-318,-318
1780193454.638608,0.0,0.0,0.013,0.17,-318,-318,-318
1780193454.660865,0.0,0.0,0.013,0.17,-318,-318,-318
1780193454.6837099,0.0,0.0,0.013,0.17,-318,-318,-318
1780193454.707816,0.0,0.0,0.013,0.17,-318,-318,-318
1780193454.730096,0.0,0.0,0.013,0.17,-318,-318,-318
1780193454.754935,0.0,0.0,0.013,0.17,-318,-318,-318
1780193454.777215,0.0,0.0,0.013,0.17,-318,-318,-318
1780193454.799947,0.0,0.0,0.013,0.17,-318,-318,-318
1780193454.8240159,0.0,0.0,0.013,0.17,-318,-318,-318
1780193454.846379,0.0,0.0,0.013,0.17,-318,-318,-318
1780193454.870914,0.0,0.0,0.013,0.17,-318,-318,-318
1780193454.893196,0.0,0.0,0.013,0.17,-318,-318,-318
1780193454.91599,0.0,0.0,0.013,0.17,-318,-318,-318
1780193454.94011,0.0,0.0,0.013,0.17,-318,-318,-318
1780193454.962411,0.0,0.0,0.013,0.17,-318,-318,-318
1780193454.985211,0.0,0.0,0.013,0.17,-318,-318,-318
1780193454.997279,0.0,0.0,0.013,0.17,-318,-318,-318
1780193455.021914,0.0,0.0,0.013,0.17,-318,-318,-318
1780193455.0441961,0.0,0.0,0.013,0.17,-318,-318,-318
1780193455.0668328,0.0,0.0,0.013,0.17,-318,-318,-318
1780193455.091082,0.0,0.0,0.013,0.17,-318,-318,-318
1780193455.113654,0.0,0.0,0.013,0.17,-318,-318,-318
1780193455.1379998,0.0,0.0,0.013,0.17,-318,-318,-318
1780193455.160332,0.0,0.0,0.013,0.17,-318,-318,-318
1780193455.183112,0.0,0.0,0.013,0.17,-318,-318,-318
1780193455.20734,0.0,0.0,0.013,0.17,-318,-318,-318
1780193455.229624,0.0,0.0,0.013,0.17,-318,-318,-318
1780193455.254239,0.0,0.0,0.013,0.17,-318,-318,-318
1780193455.27665,0.0,0.0,0.013,0.17,-318,-318,-318
1780193455.299436,0.0,0.0,0.013,0.17,-318,-318,-318
1780193455.3234859,0.0,0.0,0.013,0.17,-318,-318,-318
1780193455.34575,0.0,0.0,0.013,0.17,-318,-318,-318
1780193455.368494,0.0,0.0,0.013,0.17,-318,-318,-318
1780193455.380553,0.0,0.0,0.013,0.17,-318,-318,-318
1780193455.4050748,0.0,0.0,0.013,0.17,-318,-318,-318
1780193455.4273012,0.0,0.0,0.013,0.17,-318,-318,-318
1780193455.450109,0.0,0.0,0.013,0.17,-318,-318,-318
1780193455.4741051,0.0,0.0,0.013,0.17,-318,-318,-318
1780193455.496402,0.0,0.0,0.013,0.17,-318,-318,-318
1780193455.521035,0.0,0.0,0.013,0.17,-318,-318,-318
1780193455.543325,0.0,0.0,0.013,0.17,-318,-318,-318
1780193455.566009,0.0,0.0,0.013,0.17,-318,-318,-318
1780193455.5901551,0.0,0.0,0.013,0.17,-318,-318,-318
1780193455.6124852,0.0,0.0,0.013,0.17,-318,-318,-318
1780193455.635177,0.0,0.0,0.013,0.17,-318,-318,-318
1780193455.647211,0.0,0.0,0.013,0.17,-318,-318,-318
1780193455.671752,0.0,0.0,0.013,0.17,-318,-318,-318
1780193455.6939452,0.0,0.0,0.013,0.17,-318,-318,-318
1780193455.716852,0.0,0.0,0.013,0.17,-318,-318,-318
1780193455.740951,0.0,0.0,0.013,0.17,-318,-318,-318
1780193455.763214,0.0,0.0,0.013,0.17,-318,-318,-318
1780193455.787793,0.0,0.0,0.013,0.17,-318,-318,-318
1780193455.810071,0.0,0.0,0.013,0.17,-318,-318,-318
1780193455.832789,0.0,0.0,0.013,0.17,-318,-318,-318
1780193455.8569238,0.0,0.0,0.013,0.17,-318,-318,-318
1780193455.879322,0.0,0.0,0.013,0.17,-318,-318,-318
1780193455.902116,0.0,0.0,0.013,0.17,-318,-318,-318
1780193455.91416,0.0,0.0,0.013,0.17,-318,-318,-318
1780193455.938549,0.0,0.0,0.013,0.17,-318,-318,-318
1780193455.960741,0.0,0.0,0.013,0.17,-318,-318,-318
1780193455.9835331,0.0,0.0,0.013,0.17,-318,-318,-318
1780193456.007858,0.0,0.0,0.013,0.17,-318,-318,-318
1780193456.030506,0.0,0.0,0.013,0.17,-318,-318,-318
1780193456.05516,0.0,0.0,0.013,0.17,-318,-318,-318
1780193456.0781388,0.0,0.0,0.013,0.17,-318,-318,-318
1780193456.101336,0.0,0.0,0.013,0.17,-318,-318,-318
1780193456.113638,0.0,0.0,0.013,0.17,-318,-318,-318
1780193456.138719,0.0,0.0,0.013,0.17,-318,-318,-318
1780193456.161424,0.0,0.0,0.013,0.17,-318,-318,-318
1780193456.184747,0.0,0.0,0.013,0.17,-318,-318,-318
1780193456.1970391,0.0,0.0,0.013,0.17,-318,-318,-318
1780193456.222065,0.0,0.0,0.013,0.17,-318,-318,-318
1780193456.244769,0.0,0.0,0.013,0.17,-318,-318,-318
1780193456.267929,0.0,0.0,0.013,0.17,-318,-318,-318
1780193456.280292,0.0,0.0,0.013,0.17,-318,-318,-318
1780193456.30532,0.0,0.0,0.013,0.17,-318,-318,-318
1780193456.3280268,0.0,0.0,0.013,0.17,-318,-318,-318
1780193456.3511848,0.0,0.0,0.013,0.17,-318,-318,-318
1780193456.373497,0.0,0.0,0.013,0.17,-318,-318,-318
1780193456.3976178,0.0,0.0,0.013,0.17,-318,-318,-318
1780193456.422091,0.0,0.0,0.013,0.17,-318,-318,-318
1780193456.444362,0.0,0.0,0.013,0.17,-318,-318,-318
1780193456.467274,0.0,0.0,0.013,0.17,-318,-318,-318
1780193456.491453,0.0,0.0,0.013,0.17,-318,-318,-318
1780193456.513869,0.0,0.0,0.013,0.17,-318,-318,-318
1780193456.538472,0.0,0.0,0.013,0.17,-318,-318,-318
1780193456.560768,0.0,0.0,0.013,0.17,-318,-318,-318
1780193456.583464,0.0,0.0,0.013,0.17,-318,-318,-318
1780193456.60767,0.0,0.0,0.013,0.17,-318,-318,-318
1780193456.629942,0.0,0.0,0.013,0.17,-318,-318,-318
1780193456.654475,0.0,0.0,0.013,0.17,-318,-318,-318
1780193456.676662,0.0,0.0,0.013,0.17,-318,-318,-318
1780193456.699467,0.0,0.0,0.013,0.17,-318,-318,-318
1780193456.723582,0.0,0.0,0.013,0.17,-318,-318,-318
1780193456.745847,0.0,0.0,0.013,0.17,-318,-318,-318
1780193456.768672,0.0,0.0,0.013,0.17,-318,-318,-318
1780193456.78068,0.0,0.0,0.013,0.17,-318,-318,-318
1780193456.805255,0.0,0.0,0.013,0.17,-318,-318,-318
1780193456.827564,0.0,0.0,0.013,0.17,-318,-318,-318
1780193456.850187,0.0,0.0,0.013,0.17,-318,-318,-318
1780193456.874319,0.0,0.0,0.013,0.17,-318,-318,-318
1780193456.884971,0.0,0.0,0.013,0.17,-318,-318,-318
1780193456.90935,0.0,0.0,0.013,0.17,-318,-318,-318
1780193456.9322062,0.0,0.0,0.013,0.17,-318,-318,-318
1780193456.9562051,0.0,0.0,0.013,0.17,-318,-318,-318
1780193456.978438,0.0,0.0,0.013,0.17,-318,-318,-318
1780193457.001172,0.0,0.0,0.013,0.17,-318,-318,-318
1780193457.013175,0.0,0.0,0.013,0.17,-318,-318,-318
1780193457.0377889,0.0,0.0,0.013,0.17,-318,-318,-318
1780193457.060086,0.0,0.0,0.013,0.17,-318,-318,-318
1780193457.0828109,0.0,0.0,0.013,0.17,-318,-318,-318
1780193457.107021,0.0,0.0,0.013,0.17,-318,-318,-318
1780193457.1293619,0.0,0.0,0.013,0.17,-318,-318,-318
1780193457.1521149,0.0,0.0,0.013,0.17,-318,-318,-318
1780193457.1641889,0.0,0.0,0.013,0.17,-318,-318,-318
1780193457.189219,0.0,0.0,0.013,0.17,-318,-318,-318
1780193457.2125719,0.0,0.0,0.013,0.17,-318,-318,-318
1780193457.235478,0.0,0.0,0.013,0.17,-318,-318,-318
1780193457.247472,0.0,0.0,0.013,0.17,-318,-318,-318
1780193457.272042,0.0,0.0,0.013,0.17,-318,-318,-318
1780193457.295081,0.0,0.0,0.013,0.17,-318,-318,-318
1780193457.3183942,0.0,0.0,0.013,0.17,-318,-318,-318
1780193457.330712,0.0,0.0,0.013,0.17,-318,-318,-318
1780193457.355703,0.0,0.0,0.013,0.17,-318,-318,-318
1780193457.378477,0.0,0.0,0.013,0.17,-318,-318,-318
1780193457.401639,0.0,0.0,0.013,0.17,-318,-318,-318
1780193457.4241002,0.0,0.0,0.013,0.17,-318,-318,-318
1780193457.446337,0.0,0.0,0.013,0.17,-318,-318,-318
1780193457.468616,0.0,0.0,0.013,0.17,-318,-318,-318
1780193457.480662,0.0,0.0,0.013,0.17,-318,-318,-318
1780193457.505159,0.0,0.0,0.013,0.17,-318,-318,-318
1780193457.5273752,0.0,0.0,0.013,0.17,-318,-318,-318
1780193457.5501251,0.0,0.0,0.013,0.17,-318,-318,-318
1780193457.5742521,0.0,0.0,0.013,0.17,-318,-318,-318
1780193457.596503,0.0,0.0,0.013,0.17,-318,-318,-318
1780193457.621086,0.0,0.0,0.013,0.17,-318,-318,-318
1780193457.6440802,0.0,0.0,0.013,0.17,-318,-318,-318
1780193457.667238,0.0,0.0,0.013,0.17,-318,-318,-318
1780193457.691675,0.0,0.0,0.013,0.17,-318,-318,-318
1780193457.714835,0.0,0.0,0.013,0.17,-318,-318,-318
1780193457.739135,0.0,0.0,0.013,0.17,-318,-318,-318
1780193457.761535,0.0,0.0,0.013,0.17,-318,-318,-318
1780193457.7845209,0.0,0.0,0.013,0.17,-318,-318,-318
1780193457.796593,0.0,0.0,0.013,0.17,-318,-318,-318
1780193457.821375,0.0,0.0,0.013,0.17,-318,-318,-318
1780193457.843851,0.0,0.0,0.013,0.17,-318,-318,-318
1780193457.866699,0.0,0.0,0.013,0.17,-318,-318,-318
1780193457.8909922,0.0,0.0,0.013,0.17,-318,-318,-318
1780193457.913433,0.0,0.0,0.013,0.17,-318,-318,-318
1780193457.9362419,0.0,0.0,0.013,0.17,-318,-318,-318
1780193457.960536,0.0,0.0,0.013,0.17,-318,-318,-318
1780193457.9833941,0.0,0.0,0.013,0.17,-318,-318,-318
1780193458.0078468,0.0,0.0,0.013,0.17,-318,-318,-318
1780193458.030422,0.0,0.0,0.013,0.17,-318,-318,-318
1780193458.055094,0.0,0.0,0.013,0.17,-318,-318,-318
1780193458.07746,0.0,0.0,0.013,0.17,-318,-318,-318
1780193458.100204,0.0,0.0,0.013,0.17,-318,-318,-318
1780193458.124554,0.0,0.0,0.013,0.17,-318,-318,-318
1780193458.147006,0.0,0.0,0.013,0.17,-318,-318,-318
1780193458.171801,0.0,0.0,0.013,0.17,-318,-318,-318
1780193458.194179,0.0,0.0,0.013,0.17,-318,-318,-318
1780193458.217149,0.0,0.0,0.013,0.17,-318,-318,-318
1780193458.2413929,0.0,0.0,0.013,0.17,-318,-318,-318
1780193458.263822,0.0,0.0,0.013,0.17,-318,-318,-318
1780193458.288813,0.0,0.0,0.013,0.17,-318,-318,-318
1780193458.311282,0.0,0.0,0.013,0.17,-318,-318,-318
1780193458.3341272,0.0,0.0,0.013,0.17,-318,-318,-318
1780193458.3583949,0.0,0.0,0.013,0.17,-318,-318,-318
1780193458.381462,0.0,0.0,0.013,0.17,-318,-318,-318
1780193458.405725,0.0,0.0,0.013,0.17,-318,-318,-318
1780193458.427998,0.0,0.0,0.013,0.17,-318,-318,-318
1780193458.450942,0.0,0.0,0.013,0.17,-318,-318,-318
1780193458.4755251,0.0,0.0,0.013,0.17,-318,-318,-318
1780193458.498327,0.0,0.0,0.013,0.17,-318,-318,-318
1780193458.5225768,0.0,0.0,0.013,0.17,-318,-318,-318
1780193458.544915,0.0,0.0,0.013,0.17,-318,-318,-318
1780193458.5677571,0.0,0.0,0.013,0.17,-318,-318,-318
1780193458.5798662,0.0,0.0,0.013,0.17,-318,-318,-318
1780193458.604429,0.0,0.0,0.013,0.17,-318,-318,-318
1780193458.626672,0.0,0.0,0.013,0.17,-318,-318,-318
1780193458.649614,0.0,0.0,0.013,0.17,-318,-318,-318
1780193458.67381,0.0,0.0,0.013,0.17,-318,-318,-318
1780193458.696203,0.0,0.0,0.013,0.17,-318,-318,-318
1780193458.720989,0.0,0.0,0.013,0.17,-318,-318,-318
1780193458.7433789,0.0,0.0,0.013,0.17,-318,-318,-318
1780193458.7664618,0.0,0.0,0.013,0.17,-318,-318,-318
1780193458.7905998,0.0,0.0,0.013,0.17,-318,-318,-318
1780193458.8130162,0.0,0.0,0.013,0.17,-318,-318,-318
1780193458.837675,0.0,0.0,0.013,0.17,-318,-318,-318
1780193458.8600168,0.0,0.0,0.013,0.17,-318,-318,-318
1780193458.882869,0.0,0.0,0.013,0.17,-318,-318,-318
1780193458.907069,0.0,0.0,0.013,0.17,-318,-318,-318
1780193458.9294012,0.0,0.0,0.013,0.17,-318,-318,-318
1780193458.954085,0.0,0.0,0.013,0.17,-318,-318,-318
1780193458.9765089,0.0,0.0,0.013,0.17,-318,-318,-318
1780193458.9993448,0.0,0.0,0.013,0.17,-318,-318,-318
1780193459.0238771,0.0,0.0,0.013,0.17,-318,-318,-318
1780193459.046886,0.0,0.0,0.013,0.17,-318,-318,-318
1780193459.0716748,0.0,0.0,0.013,0.17,-318,-318,-318
1780193459.094078,0.0,0.0,0.013,0.17,-318,-318,-318
1780193459.116972,0.0,0.0,0.013,0.17,-318,-318,-318
1780193459.1412458,0.0,0.0,0.013,0.17,-318,-318,-318
1780193459.164771,0.0,0.0,0.013,0.17,-318,-318,-318
1780193459.1894689,0.0,0.0,0.013,0.17,-318,-318,-318
1780193459.2123148,0.0,0.0,0.013,0.17,-318,-318,-318
1780193459.237443,0.0,0.0,0.013,0.17,-318,-318,-318
1780193459.260127,0.0,0.0,0.013,0.17,-318,-318,-318
1780193459.283377,0.0,0.0,0.013,0.17,-318,-318,-318
1780193459.30791,0.0,0.0,0.013,0.17,-318,-318,-318
1780193459.331213,0.0,0.0,0.013,0.17,-318,-318,-318
1780193459.355944,0.0,0.0,0.013,0.17,-318,-318,-318
1780193459.378835,0.0,0.0,0.013,0.17,-318,-318,-318
1780193459.404006,0.0,0.0,0.013,0.17,-318,-318,-318
1780193459.426789,0.0,0.0,0.013,0.17,-318,-318,-318
1780193459.45011,0.0,0.0,0.013,0.17,-318,-318,-318
1780193459.4746602,0.0,0.0,0.013,0.17,-318,-318,-318
1780193459.497825,0.0,0.0,0.013,0.17,-318,-318,-318
1780193459.522464,0.0,0.0,0.013,0.17,-318,-318,-318
1780193459.5452118,0.0,0.0,0.013,0.17,-318,-318,-318
1780193459.5684102,0.0,0.0,0.013,0.17,-318,-318,-318
1780193459.580662,0.0,0.0,0.013,0.17,-318,-318,-318
1780193459.6055229,0.0,0.0,0.013,0.17,-318,-318,-318
1780193459.628188,0.0,0.0,0.013,0.17,-318,-318,-318
1780193459.651469,0.0,0.0,0.013,0.17,-318,-318,-318
1780193459.663693,0.0,0.0,0.013,0.17,-318,-318,-318
1780193459.688589,0.0,0.0,0.013,0.17,-318,-318,-318
1780193459.711021,0.0,0.0,0.013,0.17,-318,-318,-318
1780193459.733867,0.0,0.0,0.013,0.17,-318,-318,-318
1780193459.7580621,0.0,0.0,0.013,0.17,-318,-318,-318
1780193459.7810261,0.0,0.0,0.013,0.17,-318,-318,-318
1780193459.805098,0.0,0.0,0.013,0.17,-318,-318,-318
1780193459.827392,0.0,0.0,0.013,0.17,-318,-318,-318
1780193459.850542,0.0,0.0,0.013,0.17,-318,-318,-318
1780193459.875148,0.0,0.0,0.013,0.17,-318,-318,-318
1780193459.898339,0.0,0.0,0.013,0.17,-318,-318,-318
1780193459.9228349,0.0,0.0,0.013,0.17,-318,-318,-318
1780193459.9455879,0.0,0.0,0.013,0.17,-318,-318,-318
1780193459.968383,0.0,0.0,0.013,0.17,-318,-318,-318
1780193459.980463,0.0,0.0,0.013,0.17,-318,-318,-318
1780193460.005109,0.0,0.0,0.013,0.17,-318,-318,-318
1780193460.027593,0.0,0.0,0.013,0.17,-318,-318,-318
1780193460.0504901,0.0,0.0,0.013,0.17,-318,-318,-318
1780193460.074736,0.0,0.0,0.013,0.17,-318,-318,-318
1780193460.097564,0.0,0.0,0.013,0.17,-318,-318,-318
1780193460.1217651,0.0,0.0,0.013,0.17,-318,-318,-318
1780193460.144115,0.0,0.0,0.013,0.17,-318,-318,-318
1780193460.166986,0.0,0.0,0.013,0.17,-318,-318,-318
1780193460.1911502,0.0,0.0,0.013,0.17,-318,-318,-318
1780193460.213495,0.0,0.0,0.013,0.17,-318,-318,-318
1780193460.238133,0.0,0.0,0.013,0.17,-318,-318,-318
1780193460.2604601,0.0,0.0,0.013,0.17,-318,-318,-318
1780193460.2834518,0.0,0.0,0.013,0.17,-318,-318,-318
1780193460.30764,0.0,0.0,0.013,0.17,-318,-318,-318
1780193460.3299441,0.0,0.0,0.013,0.17,-318,-318,-318
1780193460.354609,0.0,0.0,0.013,0.17,-318,-318,-318
1780193460.376944,0.0,0.0,0.013,0.17,-318,-318,-318
1780193460.399668,0.0,0.0,0.013,0.17,-318,-318,-318
1780193460.42384,0.0,0.0,0.013,0.17,-318,-318,-318
1780193460.446667,0.0,0.0,0.013,0.17,-318,-318,-318
1780193460.471672,0.0,0.0,0.013,0.17,-318,-318,-318
1780193460.494373,0.0,0.0,0.013,0.17,-318,-318,-318
1780193460.517638,0.0,0.0,0.013,0.17,-318,-318,-318
1780193460.540245,0.0,0.0,0.013,0.17,-318,-318,-318
1780193460.562888,0.0,0.0,0.013,0.17,-318,-318,-318
1780193460.587578,0.0,0.0,0.013,0.17,-318,-318,-318
1780193460.6099992,0.0,0.0,0.013,0.17,-318,-318,-318
1780193460.633091,0.0,0.0,0.013,0.17,-318,-318,-318
1780193460.6573591,0.0,0.0,0.013,0.17,-318,-318,-318
1780193460.679829,0.0,0.0,0.013,0.17,-318,-318,-318
1780193460.7046149,0.0,0.0,0.013,0.17,-318,-318,-318
1780193460.727085,0.0,0.0,0.013,0.17,-318,-318,-318
1780193460.750047,0.0,0.0,0.013,0.17,-318,-318,-318
1780193460.774394,0.0,0.0,0.013,0.17,-318,-318,-318
1780193460.796871,0.0,0.0,0.013,0.17,-318,-318,-318
1780193460.821687,0.0,0.0,0.013,0.17,-318,-318,-318
1780193460.844185,0.0,0.0,0.013,0.17,-318,-318,-318
1780193460.8670862,0.0,0.0,0.013,0.17,-318,-318,-318
1780193460.891337,0.0,0.0,0.013,0.17,-318,-318,-318
1780193460.914248,0.0,0.0,0.013,0.17,-318,-318,-318
1780193460.938536,0.0,0.0,0.013,0.17,-318,-318,-318
1780193460.961335,0.0,0.0,0.013,0.17,-318,-318,-318
1780193460.984496,0.0,0.0,0.013,0.17,-318,-318,-318
1780193460.996773,0.0,0.0,0.013,0.17,-318,-318,-318
1780193461.021982,0.0,0.0,0.013,0.17,-318,-318,-318
1780193461.0444758,0.0,0.0,0.013,0.17,-318,-318,-318
1780193461.057107,0.0,0.0,0.013,0.17,-318,-318,-318
1780193461.079867,0.0,0.0,0.013,0.17,-318,-318,-318
1780193461.104843,0.0,0.0,0.013,0.17,-318,-318,-318
1780193461.127462,0.0,0.0,0.013,0.17,-318,-318,-318
1780193461.150514,0.0,0.0,0.013,0.17,-318,-318,-318
1780193461.1748962,0.0,0.0,0.013,0.17,-318,-318,-318
1780193461.198216,0.0,0.0,0.013,0.17,-318,-318,-318
1780193461.2226932,0.0,0.0,0.013,0.17,-318,-318,-318
1780193461.245188,0.0,0.0,0.013,0.17,-318,-318,-318
1780193461.2680478,0.0,0.0,0.013,0.17,-318,-318,-318
1780193461.280071,0.0,0.0,0.013,0.17,-318,-318,-318
1780193461.304645,0.0,0.0,0.013,0.17,-318,-318,-318
1780193461.327033,0.0,0.0,0.013,0.17,-318,-318,-318
1780193461.349744,0.0,0.0,0.013,0.17,-318,-318,-318
1780193461.3739269,0.0,0.0,0.013,0.17,-318,-318,-318
1780193461.396258,0.0,0.0,0.013,0.17,-318,-318,-318
1780193461.4206898,0.0,0.0,0.013,0.17,-318,-318,-318
1780193461.442898,0.0,0.0,0.013,0.17,-318,-318,-318
1780193461.465729,0.0,0.0,0.013,0.17,-318,-318,-318
1780193461.489847,0.0,0.0,0.013,0.17,-318,-318,-318
1780193461.512098,0.0,0.0,0.013,0.17,-318,-318,-318
1780193461.534933,0.0,0.0,0.013,0.17,-318,-318,-318
1780193461.5469298,0.0,0.0,0.013,0.17,-318,-318,-318
1780193461.571568,0.0,0.0,0.013,0.17,-318,-318,-318
1780193461.5938509,0.0,0.0,0.013,0.17,-318,-318,-318
1780193461.616501,0.0,0.0,0.013,0.17,-318,-318,-318
1780193461.640501,0.0,0.0,0.013,0.17,-318,-318,-318
1780193461.662783,0.0,0.0,0.013,0.17,-318,-318,-318
1780193461.6873999,0.0,0.0,0.013,0.17,-318,-318,-318
1780193461.709592,0.0,0.0,0.013,0.17,-318,-318,-318
1780193461.7324312,0.0,0.0,0.013,0.17,-318,-318,-318
1780193461.756448,0.0,0.0,0.013,0.17,-318,-318,-318
1780193461.77868,0.0,0.0,0.013,0.17,-318,-318,-318
1780193461.801493,0.0,0.0,0.013,0.17,-318,-318,-318
1780193461.813466,0.0,0.0,0.013,0.17,-318,-318,-318
1780193461.837939,0.0,0.0,0.013,0.17,-318,-318,-318
1780193461.860149,0.0,0.0,0.013,0.17,-318,-318,-318
1780193461.8828428,0.0,0.0,0.013,0.17,-318,-318,-318
1780193461.9068449,0.0,0.0,0.013,0.17,-318,-318,-318
1780193461.929236,0.0,0.0,0.013,0.17,-318,-318,-318
1780193461.9519029,0.0,0.0,0.013,0.17,-318,-318,-318
1780193461.9639292,0.0,0.0,0.013,0.17,-318,-318,-318
1780193461.988387,0.0,0.0,0.013,0.17,-318,-318,-318
1780193462.010728,0.0,0.0,0.013,0.17,-318,-318,-318
1780193462.0339122,0.0,0.0,0.013,0.17,-318,-318,-318
1780193462.0578518,0.0,0.0,0.013,0.17,-318,-318,-318
1780193462.081152,0.0,0.0,0.013,0.17,-318,-318,-318
1780193462.1056619,0.0,0.0,0.013,0.17,-318,-318,-318
1780193462.128414,0.0,0.0,0.013,0.17,-318,-318,-318
1780193462.151482,0.0,0.0,0.013,0.17,-318,-318,-318
1780193462.163703,0.0,0.0,0.013,0.17,-318,-318,-318
1780193462.188664,0.0,0.0,0.013,0.17,-318,-318,-318
1780193462.211394,0.0,0.0,0.013,0.17,-318,-318,-318
1780193462.234563,0.0,0.0,0.013,0.17,-318,-318,-318
1780193462.246712,0.0,0.0,0.013,0.17,-318,-318,-318
1780193462.271622,0.0,0.0,0.013,0.17,-318,-318,-318
1780193462.293934,0.0,0.0,0.013,0.17,-318,-318,-318
1780193462.3168619,0.0,0.0,0.013,0.17,-318,-318,-318
1780193462.341482,0.0,0.0,0.013,0.17,-318,-318,-318
1780193462.3647108,0.0,0.0,0.013,0.17,-318,-318,-318
1780193462.389235,0.0,0.0,0.013,0.17,-318,-318,-318
1780193462.411849,0.0,0.0,0.013,0.17,-318,-318,-318
1780193462.435439,0.0,0.0,0.013,0.17,-318,-318,-318
1780193462.447805,0.0,0.0,0.013,0.17,-318,-318,-318
1780193462.472713,0.0,0.0,0.013,0.17,-318,-318,-318
1780193462.49528,0.0,0.0,0.013,0.17,-318,-318,-318
1780193462.518356,0.0,0.0,0.013,0.17,-318,-318,-318
1780193462.530586,0.0,0.0,0.013,0.17,-318,-318,-318
1780193462.555239,0.0,0.0,0.013,0.17,-318,-318,-318
1780193462.5776,0.0,0.0,0.013,0.17,-318,-318,-318
1780193462.600597,0.0,0.0,0.013,0.17,-318,-318,-318
1780193462.623157,0.0,0.0,0.013,0.17,-318,-318,-318
1780193462.645544,0.0,0.0,0.013,0.17,-318,-318,-318
1780193462.667969,0.0,0.0,0.013,0.17,-318,-318,-318
1780193462.680037,0.0,0.0,0.013,0.17,-318,-318,-318
1780193462.704714,0.0,0.0,0.013,0.17,-318,-318,-318
1780193462.727019,0.0,0.0,0.013,0.17,-318,-318,-318
1780193462.749957,0.0,0.0,0.013,0.17,-318,-318,-318
1780193462.774121,0.0,0.0,0.013,0.17,-318,-318,-318
1780193462.796399,0.0,0.0,0.013,0.17,-318,-318,-318
1780193462.820998,0.0,0.0,0.013,0.17,-318,-318,-318
1780193462.843916,0.0,0.0,0.013,0.17,-318,-318,-318
1780193462.867053,0.0,0.0,0.013,0.17,-318,-318,-318
1780193462.891646,0.0,0.0,0.013,0.17,-318,-318,-318
1780193462.9146502,0.0,0.0,0.013,0.17,-318,-318,-318
1780193462.9387898,0.0,0.0,0.013,0.17,-318,-318,-318
1780193462.961117,0.0,0.0,0.013,0.17,-318,-318,-318
1780193462.984096,0.0,0.0,0.013,0.17,-318,-318,-318
1780193462.9961972,0.0,0.0,0.013,0.17,-318,-318,-318
1780193463.020894,0.0,0.0,0.013,0.17,-318,-318,-318
1780193463.043185,0.0,0.0,0.013,0.17,-318,-318,-318
1780193463.066057,0.0,0.0,0.013,0.17,-318,-318,-318
1780193463.090223,0.0,0.0,0.013,0.17,-318,-318,-318
1780193463.112565,0.0,0.0,0.013,0.17,-318,-318,-318
1780193463.135541,0.0,0.0,0.013,0.17,-318,-318,-318
1780193463.159895,0.0,0.0,0.013,0.17,-318,-318,-318
1780193463.182894,0.0,0.0,0.013,0.17,-318,-318,-318
1780193463.207225,0.0,0.0,0.013,0.17,-318,-318,-318
1780193463.229503,0.0,0.0,0.013,0.17,-318,-318,-318
1780193463.254028,0.0,0.0,0.013,0.17,-318,-318,-318
1780193463.2765791,0.0,0.0,0.013,0.17,-318,-318,-318
1780193463.299387,0.0,0.0,0.013,0.17,-318,-318,-318
1780193463.323621,0.0,0.0,0.013,0.17,-318,-318,-318
1780193463.346014,0.0,0.0,0.013,0.17,-318,-318,-318
1780193463.370629,0.0,0.0,0.013,0.17,-318,-318,-318
1780193463.3929431,0.0,0.0,0.013,0.17,-318,-318,-318
1780193463.4158678,0.0,0.0,0.013,0.17,-318,-318,-318
1780193463.4400032,0.0,0.0,0.013,0.17,-318,-318,-318
1780193463.462307,0.0,0.0,0.013,0.17,-318,-318,-318
1780193463.4869928,0.0,0.0,0.013,0.17,-318,-318,-318
1780193463.5092769,0.0,0.0,0.013,0.17,-318,-318,-318
1780193463.531976,0.0,0.0,0.013,0.17,-318,-318,-318
1780193463.556073,0.0,0.0,0.013,0.17,-318,-318,-318
1780193463.57838,0.0,0.0,0.013,0.17,-318,-318,-318
1780193463.601061,0.0,0.0,0.013,0.17,-318,-318,-318
1780193463.61312,0.0,0.0,0.013,0.17,-318,-318,-318
1780193463.6376069,0.0,0.0,0.013,0.17,-318,-318,-318
1780193463.659845,0.0,0.0,0.013,0.17,-318,-318,-318
1780193463.682694,0.0,0.0,0.013,0.17,-318,-318,-318
1780193463.706811,0.0,0.0,0.013,0.17,-318,-318,-318
1780193463.729135,0.0,0.0,0.013,0.17,-318,-318,-318
1780193463.753856,0.0,0.0,0.013,0.17,-318,-318,-318
1780193463.776139,0.0,0.0,0.013,0.17,-318,-318,-318
1780193463.799516,0.0,0.0,0.013,0.17,-318,-318,-318
1780193463.824076,0.0,0.0,0.013,0.17,-318,-318,-318
1780193463.846782,0.0,0.0,0.013,0.17,-318,-318,-318
1780193463.871765,0.0,0.0,0.013,0.17,-318,-318,-318
1780193463.89445,0.0,0.0,0.013,0.17,-318,-318,-318
1780193463.91771,0.0,0.0,0.013,0.17,-318,-318,-318
1780193463.92997,0.0,0.0,0.013,0.17,-318,-318,-318
1780193463.954779,0.0,0.0,0.013,0.17,-318,-318,-318
1780193463.9771671,0.0,0.0,0.013,0.17,-318,-318,-318
1780193464.000074,0.0,0.0,0.013,0.17,-318,-318,-318
1780193464.024253,0.0,0.0,0.013,0.17,-318,-318,-318
1780193464.04654,0.0,0.0,0.013,0.17,-318,-318,-318
1780193464.0713751,0.0,0.0,0.013,0.17,-318,-318,-318
1780193464.094072,0.0,0.0,0.013,0.17,-318,-318,-318
1780193464.117383,0.0,0.0,0.013,0.17,-318,-318,-318
1780193464.1295931,0.0,0.0,0.013,0.17,-318,-318,-318
1780193464.154752,0.0,0.0,0.013,0.17,-318,-318,-318
1780193464.177124,0.0,0.0,0.013,0.17,-318,-318,-318
1780193464.2000089,0.0,0.0,0.013,0.17,-318,-318,-318
1780193464.224243,0.0,0.0,0.013,0.17,-318,-318,-318
1780193464.2469509,0.0,0.0,0.013,0.17,-318,-318,-318
1780193464.2714229,0.0,0.0,0.013,0.17,-318,-318,-318
1780193464.293678,0.0,0.0,0.013,0.17,-318,-318,-318
1780193464.3165,0.0,0.0,0.013,0.17,-318,-318,-318
1780193464.340807,0.0,0.0,0.013,0.17,-318,-318,-318
1780193464.3631208,0.0,0.0,0.013,0.17,-318,-318,-318
1780193464.3878,0.0,0.0,0.013,0.17,-318,-318,-318
1780193464.4101539,0.0,0.0,0.013,0.17,-318,-318,-318
1780193464.432959,0.0,0.0,0.013,0.17,-318,-318,-318
1780193464.457119,0.0,0.0,0.013,0.17,-318,-318,-318
1780193464.479501,0.0,0.0,0.013,0.17,-318,-318,-318
1780193464.503948,0.0,0.0,0.013,0.17,-318,-318,-318
1780193464.526216,0.0,0.0,0.013,0.17,-318,-318,-318
1780193464.5491571,0.0,0.0,0.013,0.17,-318,-318,-318
1780193464.573201,0.0,0.0,0.013,0.17,-318,-318,-318
1780193464.5955148,0.0,0.0,0.013,0.17,-318,-318,-318
1780193464.618355,0.0,0.0,0.013,0.17,-318,-318,-318
1780193464.63033,0.0,0.0,0.013,0.17,-318,-318,-318
1780193464.6548831,0.0,0.0,0.013,0.17,-318,-318,-318
1780193464.665542,0.0,0.0,0.013,0.17,-318,-318,-318
1780193464.689696,0.0,0.0,0.013,0.17,-318,-318,-318
1780193464.712044,0.0,0.0,0.013,0.17,-318,-318,-318
1780193464.73472,0.0,0.0,0.013,0.17,-318,-318,-318
1780193464.746759,0.0,0.0,0.013,0.17,-318,-318,-318
1780193464.771244,0.0,0.0,0.013,0.17,-318,-318,-318
1780193464.793473,0.0,0.0,0.013,0.17,-318,-318,-318
1780193464.81625,0.0,0.0,0.013,0.17,-318,-318,-318
1780193464.840287,0.0,0.0,0.013,0.17,-318,-318,-318
1780193464.862551,0.0,0.0,0.013,0.17,-318,-318,-318
1780193464.8871732,0.0,0.0,0.013,0.17,-318,-318,-318
1780193464.9094558,0.0,0.0,0.013,0.17,-318,-318,-318
1780193464.932138,0.0,0.0,0.013,0.17,-318,-318,-318
1780193464.956216,0.0,0.0,0.013,0.17,-318,-318,-318
1780193464.978576,0.0,0.0,0.013,0.17,-318,-318,-318
1780193465.001531,0.0,0.0,0.013,0.17,-318,-318,-318
1780193465.01371,0.0,0.0,0.013,0.17,-318,-318,-318
1780193465.039213,0.0,0.0,0.013,0.17,-318,-318,-318
1780193465.0616162,0.0,0.0,0.013,0.17,-318,-318,-318
1780193465.08464,0.0,0.0,0.013,0.17,-318,-318,-318
1780193465.0967062,0.0,0.0,0.013,0.17,-318,-318,-318
1780193465.121384,0.0,0.0,0.013,0.17,-318,-318,-318
1780193465.14366,0.0,0.0,0.013,0.17,-318,-318,-318
1780193465.1663659,0.0,0.0,0.013,0.17,-318,-318,-318
1780193465.190565,0.0,0.0,0.013,0.17,-318,-318,-318
1780193465.2012239,0.0,0.0,0.013,0.17,-318,-318,-318
1780193465.225395,0.0,0.0,0.013,0.17,-318,-318,-318
1780193465.2482822,0.0,0.0,0.013,0.17,-318,-318,-318
1780193465.2724102,0.0,0.0,0.013,0.17,-318,-318,-318
1780193465.294673,0.0,0.0,0.013,0.17,-318,-318,-318
1780193465.3175502,0.0,0.0,0.013,0.17,-318,-318,-318
1780193465.329553,0.0,0.0,0.013,0.17,-318,-318,-318
1780193465.354105,0.0,0.0,0.013,0.17,-318,-318,-318
1780193465.376398,0.0,0.0,0.013,0.17,-318,-318,-318
1780193465.399155,0.0,0.0,0.013,0.17,-318,-318,-318
1780193465.4232378,0.0,0.0,0.013,0.17,-318,-318,-318
1780193465.4455218,0.0,0.0,0.013,0.17,-318,-318,-318
1780193465.468269,0.0,0.0,0.013,0.17,-318,-318,-318
1780193465.480352,0.0,0.0,0.013,0.17,-318,-318,-318
1780193465.504891,0.0,0.0,0.013,0.17,-318,-318,-318
1780193465.5271318,0.0,0.0,0.013,0.17,-318,-318,-318
1780193465.5500789,0.0,0.0,0.013,0.17,-318,-318,-318
1780193465.574121,0.0,0.0,0.013,0.17,-318,-318,-318
1780193465.596399,0.0,0.0,0.013,0.17,-318,-318,-318
1780193465.620998,0.0,0.0,0.013,0.17,-318,-318,-318
1780193465.64334,0.0,0.0,0.013,0.17,-318,-318,-318
1780193465.666202,0.0,0.0,0.013,0.17,-318,-318,-318
1780193465.690419,0.0,0.0,0.013,0.17,-318,-318,-318
1780193465.712654,0.0,0.0,0.013,0.17,-318,-318,-318
1780193465.725045,0.0,0.0,0.013,0.17,-318,-318,-318
1780193465.747851,0.0,0.0,0.013,0.17,-318,-318,-318
1780193465.7719092,0.0,0.0,0.013,0.17,-318,-318,-318
1780193465.794079,0.0,0.0,0.013,0.17,-318,-318,-318
1780193465.816816,0.0,0.0,0.013,0.17,-318,-318,-318
1780193465.841231,0.0,0.0,0.013,0.17,-318,-318,-318
1780193465.864529,0.0,0.0,0.013,0.17,-318,-318,-318
1780193465.889243,0.0,0.0,0.013,0.17,-318,-318,-318
1780193465.911616,0.0,0.0,0.013,0.17,-318,-318,-318
1780193465.934266,0.0,0.0,0.013,0.17,-318,-318,-318
1780193465.946337,0.0,0.0,0.013,0.17,-318,-318,-318
1780193465.970824,0.0,0.0,0.013,0.17,-318,-318,-318
1780193465.9930508,0.0,0.0,0.013,0.17,-318,-318,-318
1780193466.015994,0.0,0.0,0.013,0.17,-318,-318,-318
1780193466.040062,0.0,0.0,0.013,0.17,-318,-318,-318
1780193466.0624902,0.0,0.0,0.013,0.17,-318,-318,-318
1780193466.0870101,0.0,0.0,0.013,0.17,-318,-318,-318
1780193466.1093261,0.0,0.0,0.013,0.17,-318,-318,-318
1780193466.1320388,0.0,0.0,0.013,0.17,-318,-318,-318
1780193466.156134,0.0,0.0,0.013,0.17,-318,-318,-318
1780193466.178454,0.0,0.0,0.013,0.17,-318,-318,-318
1780193466.2012532,0.0,0.0,0.013,0.17,-318,-318,-318
1780193466.213563,0.0,0.0,0.013,0.17,-318,-318,-318
1780193466.238312,0.0,0.0,0.013,0.17,-318,-318,-318
1780193466.260618,0.0,0.0,0.013,0.17,-318,-318,-318
1780193466.283426,0.0,0.0,0.013,0.17,-318,-318,-318
1780193466.307627,0.0,0.0,0.013,0.17,-318,-318,-318
1780193466.330592,0.0,0.0,0.013,0.17,-318,-318,-318
1780193466.354785,0.0,0.0,0.013,0.17,-318,-318,-318
1780193466.3771572,0.0,0.0,0.013,0.17,-318,-318,-318
1780193466.3999748,0.0,0.0,0.013,0.17,-318,-318,-318
1780193466.424779,0.0,0.0,0.013,0.17,-318,-318,-318
1780193466.4477062,0.0,0.0,0.013,0.17,-318,-318,-318
1780193466.471783,0.0,0.0,0.013,0.17,-318,-318,-318
1780193466.494147,0.0,0.0,0.013,0.17,-318,-318,-318
1780193466.517022,0.0,0.0,0.013,0.17,-318,-318,-318
1780193466.5290399,0.0,0.0,0.013,0.17,-318,-318,-318
1780193466.553631,0.0,0.0,0.013,0.17,-318,-318,-318
1780193466.57592,0.0,0.0,0.013,0.17,-318,-318,-318
1780193466.598665,0.0,0.0,0.013,0.17,-318,-318,-318
1780193466.622877,0.0,0.0,0.013,0.17,-318,-318,-318
1780193466.6452138,0.0,0.0,0.013,0.17,-318,-318,-318
1780193466.6679308,0.0,0.0,0.013,0.17,-318,-318,-318
1780193466.6799822,0.0,0.0,0.013,0.17,-318,-318,-318
1780193466.70454,0.0,0.0,0.013,0.17,-318,-318,-318
1780193466.726819,0.0,0.0,0.013,0.17,-318,-318,-318
1780193466.749703,0.0,0.0,0.013,0.17,-318,-318,-318
1780193466.7738261,0.0,0.0,0.013,0.17,-318,-318,-318
1780193466.796101,0.0,0.0,0.013,0.17,-318,-318,-318
1780193466.82055,0.0,0.0,0.013,0.17,-318,-318,-318
1780193466.842852,0.0,0.0,0.013,0.17,-318,-318,-318
1780193466.8655381,0.0,0.0,0.013,0.17,-318,-318,-318
1780193466.889631,0.0,0.0,0.013,0.17,-318,-318,-318
1780193466.911885,0.0,0.0,0.013,0.17,-318,-318,-318
1780193466.934578,0.0,0.0,0.013,0.17,-318,-318,-318
1780193466.9466062,0.0,0.0,0.013,0.17,-318,-318,-318
1780193466.971206,0.0,0.0,0.013,0.17,-318,-318,-318
1780193466.993398,0.0,0.0,0.013,0.17,-318,-318,-318
1780193467.016324,0.0,0.0,0.013,0.17,-318,-318,-318
1780193467.0412412,0.0,0.0,0.013,0.17,-318,-318,-318
1780193467.065087,0.0,0.0,0.013,0.17,-318,-318,-318
1780193467.089684,0.0,0.0,0.013,0.17,-318,-318,-318
1780193467.112651,0.0,0.0,0.013,0.17,-318,-318,-318
1780193467.1378,0.0,0.0,0.013,0.17,-318,-318,-318
1780193467.160752,0.0,0.0,0.013,0.17,-318,-318,-318
1780193467.183865,0.0,0.0,0.013,0.17,-318,-318,-318
1780193467.1959722,0.0,0.0,0.013,0.17,-318,-318,-318
1780193467.220511,0.0,0.0,0.013,0.17,-318,-318,-318
1780193467.242827,0.0,0.0,0.013,0.17,-318,-318,-318
1780193467.265504,0.0,0.0,0.013,0.17,-318,-318,-318
1780193467.289598,0.0,0.0,0.013,0.17,-318,-318,-318
1780193467.311865,0.0,0.0,0.013,0.17,-318,-318,-318
1780193467.334543,0.0,0.0,0.013,0.17,-318,-318,-318
1780193467.3465521,0.0,0.0,0.013,0.17,-318,-318,-318
1780193467.371159,0.0,0.0,0.013,0.17,-318,-318,-318
1780193467.393388,0.0,0.0,0.013,0.17,-318,-318,-318
1780193467.416203,0.0,0.0,0.013,0.17,-318,-318,-318
1780193467.4403892,0.0,0.0,0.013,0.17,-318,-318,-318
1780193467.4625862,0.0,0.0,0.013,0.17,-318,-318,-318
1780193467.4871318,0.0,0.0,0.013,0.17,-318,-318,-318
1780193467.5093892,0.0,0.0,0.013,0.17,-318,-318,-318
1780193467.5320032,0.0,0.0,0.013,0.17,-318,-318,-318
1780193467.556624,0.0,0.0,0.013,0.17,-318,-318,-318
1780193467.5788999,0.0,0.0,0.013,0.17,-318,-318,-318
1780193467.60346,0.0,0.0,0.013,0.17,-318,-318,-318
1780193467.625622,0.0,0.0,0.013,0.17,-318,-318,-318
1780193467.648445,0.0,0.0,0.013,0.17,-318,-318,-318
1780193467.672411,0.0,0.0,0.013,0.17,-318,-318,-318
1780193467.69472,0.0,0.0,0.013,0.17,-318,-318,-318
1780193467.717622,0.0,0.0,0.013,0.17,-318,-318,-318
1780193467.729599,0.0,0.0,0.013,0.17,-318,-318,-318
1780193467.754148,0.0,0.0,0.013,0.17,-318,-318,-318
1780193467.776459,0.0,0.0,0.013,0.17,-318,-318,-318
1780193467.7991722,0.0,0.0,0.013,0.17,-318,-318,-318
1780193467.8233159,0.0,0.0,0.013,0.17,-318,-318,-318
1780193467.84557,0.0,0.0,0.013,0.17,-318,-318,-318
1780193467.870535,0.0,0.0,0.013,0.17,-318,-318,-318
1780193467.8933818,0.0,0.0,0.013,0.17,-318,-318,-318
1780193467.9167712,0.0,0.0,0.013,0.17,-318,-318,-318
1780193467.941397,0.0,0.0,0.013,0.17,-318,-318,-318
1780193467.964801,0.0,0.0,0.013,0.17,-318,-318,-318
1780193467.989506,0.0,0.0,0.013,0.17,-318,-318,-318
1780193468.012467,0.0,0.0,0.013,0.17,-318,-318,-318
1780193468.037166,0.0,0.0,0.013,0.17,-318,-318,-318
1780193468.059391,0.0,0.0,0.013,0.17,-318,-318,-318
1780193468.0822551,0.0,0.0,0.013,0.17,-318,-318,-318
1780193468.106355,0.0,0.0,0.013,0.17,-318,-318,-318
1780193468.1286669,0.0,0.0,0.013,0.17,-318,-318,-318
1780193468.1532779,0.0,0.0,0.013,0.17,-318,-318,-318
1780193468.1755872,0.0,0.0,0.013,0.17,-318,-318,-318
1780193468.198296,0.0,0.0,0.013,0.17,-318,-318,-318
1780193468.222462,0.0,0.0,0.013,0.17,-318,-318,-318
1780193468.2447581,0.0,0.0,0.013,0.17,-318,-318,-318
1780193468.267385,0.0,0.0,0.013,0.17,-318,-318,-318
1780193468.279457,0.0,0.0,0.013,0.17,-318,-318,-318
1780193468.303954,0.0,0.0,0.013,0.17,-318,-318,-318
1780193468.326151,0.0,0.0,0.013,0.17,-318,-318,-318
1780193468.3489668,0.0,0.0,0.013,0.17,-318,-318,-318
1780193468.373045,0.0,0.0,0.013,0.17,-318,-318,-318
1780193468.395375,0.0,0.0,0.013,0.17,-318,-318,-318
1780193468.419967,0.0,0.0,0.013,0.17,-318,-318,-318
1780193468.4422872,0.0,0.0,0.013,0.17,-318,-318,-318
1780193468.464975,0.0,0.0,0.013,0.17,-318,-318,-318
1780193468.489185,0.0,0.0,0.013,0.17,-318,-318,-318
1780193468.51154,0.0,0.0,0.013,0.17,-318,-318,-318
1780193468.534246,0.0,0.0,0.013,0.17,-318,-318,-318
1780193468.5463018,0.0,0.0,0.013,0.17,-318,-318,-318
1780193468.570766,0.0,0.0,0.013,0.17,-318,-318,-318
1780193468.5930061,0.0,0.0,0.013,0.17,-318,-318,-318
1780193468.615843,0.0,0.0,0.013,0.17,-318,-318,-318
1780193468.639949,0.0,0.0,0.013,0.17,-318,-318,-318
1780193468.6622741,0.0,0.0,0.013,0.17,-318,-318,-318
1780193468.6868439,0.0,0.0,0.013,0.17,-318,-318,-318
1780193468.709127,0.0,0.0,0.013,0.17,-318,-318,-318
1780193468.731818,0.0,0.0,0.013,0.17,-318,-318,-318
1780193468.7558951,0.0,0.0,0.013,0.17,-318,-318,-318
1780193468.778198,0.0,0.0,0.013,0.17,-318,-318,-318
1780193468.8008242,0.0,0.0,0.013,0.17,-318,-318,-318
1780193468.812843,0.0,0.0,0.013,0.17,-318,-318,-318
1780193468.8373098,0.0,0.0,0.013,0.17,-318,-318,-318
1780193468.8594759,0.0,0.0,0.013,0.17,-318,-318,-318
1780193468.882258,0.0,0.0,0.013,0.17,-318,-318,-318
1780193468.906495,0.0,0.0,0.013,0.17,-318,-318,-318
1780193468.928734,0.0,0.0,0.013,0.17,-318,-318,-318
1780193468.953299,0.0,0.0,0.013,0.17,-318,-318,-318
1780193468.9755661,0.0,0.0,0.013,0.17,-318,-318,-318
1780193468.998677,0.0,0.0,0.013,0.17,-318,-318,-318
1780193469.0228648,0.0,0.0,0.013,0.17,-318,-318,-318
1780193469.0451531,0.0,0.0,0.013,0.17,-318,-318,-318
1780193469.067874,0.0,0.0,0.013,0.17,-318,-318,-318
1780193469.079985,0.0,0.0,0.013,0.17,-318,-318,-318
1780193469.104445,0.0,0.0,0.013,0.17,-318,-318,-318
1780193469.1266801,0.0,0.0,0.013,0.17,-318,-318,-318
1780193469.149517,0.0,0.0,0.013,0.17,-318,-318,-318
1780193469.1736162,0.0,0.0,0.013,0.17,-318,-318,-318
1780193469.195895,0.0,0.0,0.013,0.17,-318,-318,-318
1780193469.22051,0.0,0.0,0.013,0.17,-318,-318,-318
1780193469.242777,0.0,0.0,0.013,0.17,-318,-318,-318
1780193469.265435,0.0,0.0,0.013,0.17,-318,-318,-318
1780193469.289613,0.0,0.0,0.013,0.17,-318,-318,-318
1780193469.312042,0.0,0.0,0.013,0.17,-318,-318,-318
1780193469.334761,0.0,0.0,0.013,0.17,-318,-318,-318
1780193469.346768,0.0,0.0,0.013,0.17,-318,-318,-318
1780193469.37125,0.0,0.0,0.013,0.17,-318,-318,-318
1780193469.393484,0.0,0.0,0.013,0.17,-318,-318,-318
1780193469.416237,0.0,0.0,0.013,0.17,-318,-318,-318
1780193469.440269,0.0,0.0,0.013,0.17,-318,-318,-318
1780193469.462572,0.0,0.0,0.013,0.17,-318,-318,-318
1780193469.487117,0.0,0.0,0.013,0.17,-318,-318,-318
1780193469.509363,0.0,0.0,0.013,0.17,-318,-318,-318
1780193469.5321212,0.0,0.0,0.013,0.17,-318,-318,-318
1780193469.5562549,0.0,0.0,0.013,0.17,-318,-318,-318
1780193469.578608,0.0,0.0,0.013,0.17,-318,-318,-318
1780193469.601312,0.0,0.0,0.013,0.17,-318,-318,-318
1780193469.6133919,0.0,0.0,0.013,0.17,-318,-318,-318
1780193469.6378372,0.0,0.0,0.013,0.17,-318,-318,-318
1780193469.660068,0.0,0.0,0.013,0.17,-318,-318,-318
1780193469.682921,0.0,0.0,0.013,0.17,-318,-318,-318
1780193469.707034,0.0,0.0,0.013,0.17,-318,-318,-318
1780193469.729331,0.0,0.0,0.013,0.17,-318,-318,-318
1780193469.754019,0.0,0.0,0.013,0.17,-318,-318,-318
1780193469.776308,0.0,0.0,0.013,0.17,-318,-318,-318
1780193469.79915,0.0,0.0,0.013,0.17,-318,-318,-318
1780193469.823366,0.0,0.0,0.013,0.17,-318,-318,-318
1780193469.845644,0.0,0.0,0.013,0.17,-318,-318,-318
1780193469.870164,0.0,0.0,0.013,0.17,-318,-318,-318
1780193469.8808472,0.0,0.0,0.013,0.17,-318,-318,-318
1780193469.905123,0.0,0.0,0.013,0.17,-318,-318,-318
1780193469.9280992,0.0,0.0,0.013,0.17,-318,-318,-318
1780193469.953208,0.0,0.0,0.013,0.17,-318,-318,-318
1780193469.9759061,0.0,0.0,0.013,0.17,-318,-318,-318
1780193469.999289,0.0,0.0,0.013,0.17,-318,-318,-318
1780193470.0240698,0.0,0.0,0.013,0.17,-318,-318,-318
1780193470.047364,0.0,0.0,0.013,0.17,-318,-318,-318
1780193470.071797,0.0,0.0,0.013,0.17,-318,-318,-318
1780193470.094074,0.0,0.0,0.013,0.17,-318,-318,-318
1780193470.116929,0.0,0.0,0.013,0.17,-318,-318,-318
1780193470.128959,0.0,0.0,0.013,0.17,-318,-318,-318
1780193470.153514,0.0,0.0,0.013,0.17,-318,-318,-318
1780193470.17587,0.0,0.0,0.013,0.17,-318,-318,-318
1780193470.1986,0.0,0.0,0.013,0.17,-318,-318,-318
1780193470.222848,0.0,0.0,0.013,0.17,-318,-318,-318
1780193470.245198,0.0,0.0,0.013,0.17,-318,-318,-318
1780193470.267904,0.0,0.0,0.013,0.17,-318,-318,-318
1780193470.279945,0.0,0.0,0.013,0.17,-318,-318,-318
1780193470.30444,0.0,0.0,0.013,0.17,-318,-318,-318
1780193470.3266199,0.0,0.0,0.013,0.17,-318,-318,-318
1780193470.349408,0.0,0.0,0.013,0.17,-318,-318,-318
1780193470.373417,0.0,0.0,0.013,0.17,-318,-318,-318
1780193470.395689,0.0,0.0,0.013,0.17,-318,-318,-318
1780193470.408195,0.0,0.0,0.013,0.17,-318,-318,-318
1780193470.430915,0.0,0.0,0.013,0.17,-318,-318,-318
1780193470.4551759,0.0,0.0,0.013,0.17,-318,-318,-318
1780193470.4775271,0.0,0.0,0.013,0.17,-318,-318,-318
1780193470.500264,0.0,0.0,0.013,0.17,-318,-318,-318
1780193470.512299,0.0,0.0,0.013,0.17,-318,-318,-318
1780193470.5368059,0.0,0.0,0.013,0.17,-318,-318,-318
1780193470.559107,0.0,0.0,0.013,0.17,-318,-318,-318
1780193470.581878,0.0,0.0,0.013,0.17,-318,-318,-318
1780193470.6063318,0.0,0.0,0.013,0.17,-318,-318,-318
1780193470.628546,0.0,0.0,0.013,0.17,-318,-318,-318
1780193470.651325,0.0,0.0,0.013,0.17,-318,-318,-318
1780193470.663309,0.0,0.0,0.013,0.17,-318,-318,-318
1780193470.6876988,0.0,0.0,0.013,0.17,-318,-318,-318
1780193470.709974,0.0,0.0,0.013,0.17,-318,-318,-318
1780193470.732658,0.0,0.0,0.013,0.17,-318,-318,-318
1780193470.7566981,0.0,0.0,0.013,0.17,-318,-318,-318
1780193470.779083,0.0,0.0,0.013,0.17,-318,-318,-318
1780193470.803632,0.0,0.0,0.013,0.17,-318,-318,-318
1780193470.825858,0.0,0.0,0.013,0.17,-318,-318,-318
1780193470.848673,0.0,0.0,0.013,0.17,-318,-318,-318
1780193470.872729,0.0,0.0,0.013,0.17,-318,-318,-318
1780193470.895024,0.0,0.0,0.013,0.17,-318,-318,-318
1780193470.917826,0.0,0.0,0.013,0.17,-318,-318,-318
1780193470.9298282,0.0,0.0,0.013,0.17,-318,-318,-318
1780193470.9542668,0.0,0.0,0.013,0.17,-318,-318,-318
1780193470.976573,0.0,0.0,0.013,0.17,-318,-318,-318
1780193470.99937,0.0,0.0,0.013,0.17,-318,-318,-318
1780193471.023519,0.0,0.0,0.013,0.17,-318,-318,-318
1780193471.045841,0.0,0.0,0.013,0.17,-318,-318,-318
1780193471.0711,0.0,0.0,0.013,0.17,-318,-318,-318
1780193471.093872,0.0,0.0,0.013,0.17,-318,-318,-318
1780193471.117242,0.0,0.0,0.013,0.17,-318,-318,-318
1780193471.129503,0.0,0.0,0.013,0.17,-318,-318,-318
1780193471.154464,0.0,0.0,0.013,0.17,-318,-318,-318
1780193471.176833,0.0,0.0,0.013,0.17,-318,-318,-318
1780193471.1997461,0.0,0.0,0.013,0.17,-318,-318,-318
1780193471.2239308,0.0,0.0,0.013,0.17,-318,-318,-318
1780193471.246816,0.0,0.0,0.013,0.17,-318,-318,-318
1780193471.270933,0.0,0.0,0.013,0.17,-318,-318,-318
1780193471.2933068,0.0,0.0,0.013,0.17,-318,-318,-318
1780193471.3164191,0.0,0.0,0.013,0.17,-318,-318,-318
1780193471.341104,0.0,0.0,0.013,0.17,-318,-318,-318
1780193471.3642838,0.0,0.0,0.013,0.17,-318,-318,-318
1780193471.388792,0.0,0.0,0.013,0.17,-318,-318,-318
1780193471.411208,0.0,0.0,0.013,0.17,-318,-318,-318
1780193471.433889,0.0,0.0,0.013,0.17,-318,-318,-318
1780193471.456296,0.0,0.0,0.013,0.17,-318,-318,-318
1780193471.4785862,0.0,0.0,0.013,0.17,-318,-318,-318
1780193471.5009952,0.0,0.0,0.013,0.17,-318,-318,-318
1780193471.5129821,0.0,0.0,0.013,0.17,-318,-318,-318
1780193471.5376132,0.0,0.0,0.013,0.17,-318,-318,-318
1780193471.56003,0.0,0.0,0.013,0.17,-318,-318,-318
1780193471.5828109,0.0,0.0,0.013,0.17,-318,-318,-318
1780193471.6071029,0.0,0.0,0.013,0.17,-318,-318,-318
1780193471.6306088,0.0,0.0,0.013,0.17,-318,-318,-318
1780193471.655349,0.0,0.0,0.013,0.17,-318,-318,-318
1780193471.6781352,0.0,0.0,0.013,0.17,-318,-318,-318
1780193471.703341,0.0,0.0,0.013,0.17,-318,-318,-318
1780193471.726161,0.0,0.0,0.013,0.17,-318,-318,-318
1780193471.749469,0.0,0.0,0.013,0.17,-318,-318,-318
1780193471.774196,0.0,0.0,0.013,0.17,-318,-318,-318
1780193471.797289,0.0,0.0,0.013,0.17,-318,-318,-318
1780193471.8214881,0.0,0.0,0.013,0.17,-318,-318,-318
1780193471.843852,0.0,0.0,0.013,0.17,-318,-318,-318
1780193471.8667562,0.0,0.0,0.013,0.17,-318,-318,-318
1780193471.878836,0.0,0.0,0.013,0.17,-318,-318,-318
1780193471.903678,0.0,0.0,0.013,0.17,-318,-318,-318
1780193471.926063,0.0,0.0,0.013,0.17,-318,-318,-318
1780193471.9489,0.0,0.0,0.013,0.17,-318,-318,-318
1780193471.973147,0.0,0.0,0.013,0.17,-318,-318,-318
1780193471.983895,0.0,0.0,0.013,0.17,-318,-318,-318
1780193472.008084,0.0,0.0,0.013,0.17,-318,-318,-318
1780193472.031023,0.0,0.0,0.013,0.17,-318,-318,-318
1780193472.055252,0.0,0.0,0.013,0.17,-318,-318,-318
1780193472.0775821,0.0,0.0,0.013,0.17,-318,-318,-318
1780193472.100435,0.0,0.0,0.013,0.17,-318,-318,-318
1780193472.112441,0.0,0.0,0.013,0.17,-318,-318,-318
1780193472.137048,0.0,0.0,0.013,0.17,-318,-318,-318
1780193472.1593668,0.0,0.0,0.013,0.17,-318,-318,-318
1780193472.182177,0.0,0.0,0.013,0.17,-318,-318,-318
1780193472.206401,0.0,0.0,0.013,0.17,-318,-318,-318
1780193472.228822,0.0,0.0,0.013,0.17,-318,-318,-318
1780193472.2534132,0.0,0.0,0.013,0.17,-318,-318,-318
1780193472.275658,0.0,0.0,0.013,0.17,-318,-318,-318
1780193472.2984939,0.0,0.0,0.013,0.17,-318,-318,-318
1780193472.322624,0.0,0.0,0.013,0.17,-318,-318,-318
1780193472.344852,0.0,0.0,0.013,0.17,-318,-318,-318
1780193472.3677208,0.0,0.0,0.013,0.17,-318,-318,-318
1780193472.379736,0.0,0.0,0.013,0.17,-318,-318,-318
1780193472.404397,0.0,0.0,0.013,0.17,-318,-318,-318
1780193472.427222,0.0,0.0,0.013,0.17,-318,-318,-318
1780193472.4499378,0.0,0.0,0.013,0.17,-318,-318,-318
1780193472.4619899,0.0,0.0,0.013,0.17,-318,-318,-318
1780193472.4865549,0.0,0.0,0.013,0.17,-318,-318,-318
1780193472.508799,0.0,0.0,0.013,0.17,-318,-318,-318
1780193472.531633,0.0,0.0,0.013,0.17,-318,-318,-318
1780193472.5557718,0.0,0.0,0.013,0.17,-318,-318,-318
1780193472.57796,0.0,0.0,0.013,0.17,-318,-318,-318
1780193472.600843,0.0,0.0,0.013,0.17,-318,-318,-318
1780193472.612936,0.0,0.0,0.013,0.17,-318,-318,-318
1780193472.6375449,0.0,0.0,0.013,0.17,-318,-318,-318
1780193472.659853,0.0,0.0,0.013,0.17,-318,-318,-318
1780193472.682645,0.0,0.0,0.013,0.17,-318,-318,-318
1780193472.706771,0.0,0.0,0.013,0.17,-318,-318,-318
1780193472.7290869,0.0,0.0,0.013,0.17,-318,-318,-318
1780193472.7536042,0.0,0.0,0.013,0.17,-318,-318,-318
1780193472.7757921,0.0,0.0,0.013,0.17,-318,-318,-318
1780193472.7989702,0.0,0.0,0.013,0.17,-318,-318,-318
1780193472.823686,0.0,0.0,0.013,0.17,-318,-318,-318
1780193472.8466828,0.0,0.0,0.013,0.17,-318,-318,-318
1780193472.870929,0.0,0.0,0.013,0.17,-318,-318,-318
1780193472.893165,0.0,0.0,0.013,0.17,-318,-318,-318
1780193472.916199,0.0,0.0,0.013,0.17,-318,-318,-318
1780193472.940863,0.0,0.0,0.013,0.17,-318,-318,-318
1780193472.964176,0.0,0.0,0.013,0.17,-318,-318,-318
1780193472.988891,0.0,0.0,0.013,0.17,-318,-318,-318
1780193472.9999309,0.0,0.0,0.013,0.17,-318,-318,-318
1780193473.024582,0.0,0.0,0.013,0.17,-318,-318,-318
1780193473.0475972,0.0,0.0,0.013,0.17,-318,-318,-318
1780193473.0718021,0.0,0.0,0.013,0.17,-318,-318,-318
1780193473.094124,0.0,0.0,0.013,0.17,-318,-318,-318
1780193473.116857,0.0,0.0,0.013,0.17,-318,-318,-318
1780193473.1289291,0.0,0.0,0.013,0.17,-318,-318,-318
1780193473.153488,0.0,0.0,0.013,0.17,-318,-318,-318
1780193473.175672,0.0,0.0,0.013,0.17,-318,-318,-318
1780193473.1984499,0.0,0.0,0.013,0.17,-318,-318,-318
1780193473.2225862,0.0,0.0,0.013,0.17,-318,-318,-318
1780193473.2448158,0.0,0.0,0.013,0.17,-318,-318,-318
1780193473.2676868,0.0,0.0,0.013,0.17,-318,-318,-318
1780193473.279715,0.0,0.0,0.013,0.17,-318,-318,-318
1780193473.304797,0.0,0.0,0.013,0.17,-318,-318,-318
1780193473.327561,0.0,0.0,0.013,0.17,-318,-318,-318
1780193473.350722,0.0,0.0,0.013,0.17,-318,-318,-318
1780193473.363025,0.0,0.0,0.013,0.17,-318,-318,-318
1780193473.387993,0.0,0.0,0.013,0.17,-318,-318,-318
1780193473.410797,0.0,0.0,0.013,0.17,-318,-318,-318
1780193473.434217,0.0,0.0,0.013,0.17,-318,-318,-318
1780193473.4464982,0.0,0.0,0.013,0.17,-318,-318,-318
1780193473.471495,0.0,0.0,0.013,0.17,-318,-318,-318
1780193473.4937558,0.0,0.0,0.013,0.17,-318,-318,-318
1780193473.5165708,0.0,0.0,0.013,0.17,-318,-318,-318
1780193473.5389419,0.0,0.0,0.013,0.17,-318,-318,-318
1780193473.563065,0.0,0.0,0.013,0.17,-318,-318,-318
1780193473.587554,0.0,0.0,0.013,0.17,-318,-318,-318
1780193473.609772,0.0,0.0,0.013,0.17,-318,-318,-318
1780193473.632428,0.0,0.0,0.013,0.17,-318,-318,-318
1780193473.656607,0.0,0.0,0.013,0.17,-318,-318,-318
1780193473.678984,0.0,0.0,0.013,0.17,-318,-318,-318
1780193473.704138,0.0,0.0,0.013,0.17,-318,-318,-318
1780193473.7269518,0.0,0.0,0.013,0.17,-318,-318,-318
1780193473.750292,0.0,0.0,0.013,0.17,-318,-318,-318
1780193473.762621,0.0,0.0,0.013,0.17,-318,-318,-318
1780193473.787619,0.0,0.0,0.013,0.17,-318,-318,-318
1780193473.810557,0.0,0.0,0.013,0.17,-318,-318,-318
1780193473.833819,0.0,0.0,0.013,0.17,-318,-318,-318
1780193473.84607,0.0,0.0,0.013,0.17,-318,-318,-318
1780193473.8709161,0.0,0.0,0.013,0.17,-318,-318,-318
1780193473.893743,0.0,0.0,0.013,0.17,-318,-318,-318
1780193473.917115,0.0,0.0,0.013,0.17,-318,-318,-318
1780193473.9293811,0.0,0.0,0.013,0.17,-318,-318,-318
1780193473.9540129,0.0,0.0,0.013,0.17,-318,-318,-318
1780193473.976432,0.0,0.0,0.013,0.17,-318,-318,-318
1780193474.003384,0.0,0.0,0.013,0.17,-318,-318,-318
1780193474.0292711,0.0,0.0,0.013,0.17,-318,-318,-318
1780193474.0564091,0.0,0.0,0.013,0.17,-318,-318,-318
1780193474.0868301,0.0,0.0,0.013,0.17,-318,-318,-318
1780193474.110442,0.0,0.0,0.013,0.17,-318,-318,-318
1780193474.13443,0.0,0.0,0.013,0.17,-318,-318,-318
1780193474.14694,0.0,0.0,0.013,0.17,-318,-318,-318
1780193474.172252,0.0,0.0,0.013,0.17,-318,-318,-318
1780193474.1953359,0.0,0.0,0.013,0.17,-318,-318,-318
1780193474.220331,0.0,0.0,0.013,0.17,-318,-318,-318
1780193474.242937,0.0,0.0,0.013,0.17,-318,-318,-318
1780193474.266071,0.0,0.0,0.013,0.17,-318,-318,-318
1780193474.290352,0.0,0.0,0.013,0.17,-318,-318,-318
1780193474.312695,0.0,0.0,0.013,0.17,-318,-318,-318
1780193474.3376188,0.0,0.0,0.013,0.17,-318,-318,-318
1780193474.36047,0.0,0.0,0.013,0.17,-318,-318,-318
1780193474.383658,0.0,0.0,0.013,0.17,-318,-318,-318
1780193474.395921,0.0,0.0,0.013,0.17,-318,-318,-318
1780193474.4208782,0.0,0.0,0.013,0.17,-318,-318,-318
1780193474.4435341,0.0,0.0,0.013,0.17,-318,-318,-318
1780193474.4668002,0.0,0.0,0.013,0.17,-318,-318,-318
1780193474.479032,0.0,0.0,0.013,0.17,-318,-318,-318
1780193474.503911,0.0,0.0,0.013,0.17,-318,-318,-318
1780193474.526319,0.0,0.0,0.013,0.17,-318,-318,-318
1780193474.549183,0.0,0.0,0.013,0.17,-318,-318,-318
1780193474.573437,0.0,0.0,0.013,0.17,-318,-318,-318
1780193474.58416,0.0,0.0,0.013,0.17,-318,-318,-318
1780193474.608487,0.0,0.0,0.013,0.17,-318,-318,-318
1780193474.631864,0.0,0.0,0.013,0.17,-318,-318,-318
1780193474.6563818,0.0,0.0,0.013,0.17,-318,-318,-318
1780193474.6791701,0.0,0.0,0.013,0.17,-318,-318,-318
1780193474.704074,0.0,0.0,0.013,0.17,-318,-318,-318
1780193474.726408,0.0,0.0,0.013,0.17,-318,-318,-318
1780193474.749152,0.0,0.0,0.013,0.17,-318,-318,-318
1780193474.773412,0.0,0.0,0.013,0.17,-318,-318,-318
1780193474.7957902,0.0,0.0,0.013,0.17,-318,-318,-318
1780193474.820247,0.0,0.0,0.013,0.17,-318,-318,-318
1780193474.842794,0.0,0.0,0.013,0.17,-318,-318,-318
1780193474.86564,0.0,0.0,0.013,0.17,-318,-318,-318
1780193474.8899689,0.0,0.0,0.013,0.17,-318,-318,-318
1780193474.912332,0.0,0.0,0.013,0.17,-318,-318,-318
1780193474.937001,0.0,0.0,0.013,0.17,-318,-318,-318
1780193474.9593449,0.0,0.0,0.013,0.17,-318,-318,-318
1780193474.982063,0.0,0.0,0.013,0.17,-318,-318,-318
1780193475.0065339,0.0,0.0,0.013,0.17,-318,-318,-318
1780193475.02899,0.0,0.0,0.013,0.17,-318,-318,-318
1780193475.0535529,0.0,0.0,0.013,0.17,-318,-318,-318
1780193475.0759082,0.0,0.0,0.013,0.17,-318,-318,-318
1780193475.088427,0.0,0.0,0.013,0.17,-318,-318,-318
1780193475.110799,0.0,0.0,0.013,0.17,-318,-318,-318
1780193475.133624,0.0,0.0,0.013,0.17,-318,-318,-318
1780193475.145656,0.0,0.0,0.013,0.17,-318,-318,-318
1780193475.170292,0.0,0.0,0.013,0.17,-318,-318,-318
1780193475.192658,0.0,0.0,0.013,0.17,-318,-318,-318
1780193475.215392,0.0,0.0,0.013,0.17,-318,-318,-318
1780193475.239768,0.0,0.0,0.013,0.17,-318,-318,-318
1780193475.2621372,0.0,0.0,0.013,0.17,-318,-318,-318
1780193475.286722,0.0,0.0,0.013,0.17,-318,-318,-318
1780193475.309128,0.0,0.0,0.013,0.17,-318,-318,-318
1780193475.332094,0.0,0.0,0.013,0.17,-318,-318,-318
1780193475.3565671,0.0,0.0,0.013,0.17,-318,-318,-318
1780193475.378956,0.0,0.0,0.013,0.17,-318,-318,-318
1780193475.403546,0.0,0.0,0.013,0.17,-318,-318,-318
1780193475.4259012,0.0,0.0,0.013,0.17,-318,-318,-318
1780193475.448726,0.0,0.0,0.013,0.17,-318,-318,-318
1780193475.472895,0.0,0.0,0.013,0.17,-318,-318,-318
1780193475.495251,0.0,0.0,0.013,0.17,-318,-318,-318
1780193475.519847,0.0,0.0,0.013,0.17,-318,-318,-318
1780193475.54214,0.0,0.0,0.013,0.17,-318,-318,-318
1780193475.565002,0.0,0.0,0.013,0.17,-318,-318,-318
1780193475.58909,0.0,0.0,0.013,0.17,-318,-318,-318
1780193475.599812,0.0,0.0,0.013,0.17,-318,-318,-318
1780193475.623945,0.0,0.0,0.013,0.17,-318,-318,-318
1780193475.6468139,0.0,0.0,0.013,0.17,-318,-318,-318
1780193475.6709912,0.0,0.0,0.013,0.17,-318,-318,-318
1780193475.6933188,0.0,0.0,0.013,0.17,-318,-318,-318
1780193475.7160478,0.0,0.0,0.013,0.17,-318,-318,-318
1780193475.740192,0.0,0.0,0.013,0.17,-318,-318,-318
1780193475.762572,0.0,0.0,0.013,0.17,-318,-318,-318
1780193475.787298,0.0,0.0,0.013,0.17,-318,-318,-318
1780193475.809603,0.0,0.0,0.013,0.17,-318,-318,-318
1780193475.832478,0.0,0.0,0.013,0.17,-318,-318,-318
1780193475.85653,0.0,0.0,0.013,0.17,-318,-318,-318
1780193475.8788888,0.0,0.0,0.013,0.17,-318,-318,-318
1780193475.903496,0.0,0.0,0.013,0.17,-318,-318,-318
1780193475.925857,0.0,0.0,0.013,0.17,-318,-318,-318
1780193475.9485939,0.0,0.0,0.013,0.17,-318,-318,-318
1780193475.972781,0.0,0.0,0.013,0.17,-318,-318,-318
1780193475.995143,0.0,0.0,0.013,0.17,-318,-318,-318
1780193476.019632,0.0,0.0,0.013,0.17,-318,-318,-318
1780193476.041784,0.0,0.0,0.013,0.17,-318,-318,-318
1780193476.064894,0.0,0.0,0.013,0.17,-318,-318,-318
1780193476.089617,0.0,0.0,0.013,0.17,-318,-318,-318
1780193476.112341,0.0,0.0,0.013,0.17,-318,-318,-318
1780193476.135606,0.0,0.0,0.013,0.17,-318,-318,-318
1780193476.160137,0.0,0.0,0.013,0.17,-318,-318,-318
1780193476.1832771,0.0,0.0,0.013,0.17,-318,-318,-318
1780193476.1955898,0.0,0.0,0.013,0.17,-318,-318,-318
1780193476.220185,0.0,0.0,0.013,0.17,-318,-318,-318
1780193476.242441,0.0,0.0,0.013,0.17,-318,-318,-318
1780193476.265252,0.0,0.0,0.013,0.17,-318,-318,-318
1780193476.2893782,0.0,0.0,0.013,0.17,-318,-318,-318
1780193476.311643,0.0,0.0,0.013,0.17,-318,-318,-318
1780193476.336436,0.0,0.0,0.013,0.17,-318,-318,-318
1780193476.359071,0.0,0.0,0.013,0.17,-318,-318,-318
1780193476.3821099,0.0,0.0,0.013,0.17,-318,-318,-318
1780193476.406775,0.0,0.0,0.013,0.17,-318,-318,-318
1780193476.430003,0.0,0.0,0.013,0.17,-318,-318,-318
1780193476.454452,0.0,0.0,0.013,0.17,-318,-318,-318
1780193476.477176,0.0,0.0,0.013,0.17,-318,-318,-318
1780193476.500353,0.0,0.0,0.013,0.17,-318,-318,-318
1780193476.512602,0.0,0.0,0.013,0.17,-318,-318,-318
1780193476.537496,0.0,0.0,0.013,0.17,-318,-318,-318
1780193476.560166,0.0,0.0,0.013,0.17,-318,-318,-318
1780193476.5834,0.0,0.0,0.013,0.17,-318,-318,-318
1780193476.595857,0.0,0.0,0.013,0.17,-318,-318,-318
1780193476.620623,0.0,0.0,0.013,0.17,-318,-318,-318
1780193476.6429791,0.0,0.0,0.013,0.17,-318,-318,-318
1780193476.655533,0.0,0.0,0.013,0.17,-318,-318,-318
1780193476.6779032,0.0,0.0,0.013,0.17,-318,-318,-318
1780193476.700892,0.0,0.0,0.013,0.17,-318,-318,-318
1780193476.712918,0.0,0.0,0.013,0.17,-318,-318,-318
1780193476.737545,0.0,0.0,0.013,0.17,-318,-318,-318
1780193476.759812,0.0,0.0,0.013,0.17,-318,-318,-318
1780193476.782536,0.0,0.0,0.013,0.17,-318,-318,-318
1780193476.806709,0.0,0.0,0.013,0.17,-318,-318,-318
1780193476.828964,0.0,0.0,0.013,0.17,-318,-318,-318
1780193476.853703,0.0,0.0,0.013,0.17,-318,-318,-318
1780193476.876491,0.0,0.0,0.013,0.17,-318,-318,-318
1780193476.89955,0.0,0.0,0.013,0.17,-318,-318,-318
1780193476.9237602,0.0,0.0,0.013,0.17,-318,-318,-318
1780193476.9464471,0.0,0.0,0.013,0.17,-318,-318,-318
1780193476.9706671,0.0,0.0,0.013,0.17,-318,-318,-318
1780193476.993045,0.0,0.0,0.013,0.17,-318,-318,-318
1780193477.015894,0.0,0.0,0.013,0.17,-318,-318,-318
1780193477.040017,0.0,0.0,0.013,0.17,-318,-318,-318
1780193477.0623639,0.0,0.0,0.013,0.17,-318,-318,-318
1780193477.0873852,0.0,0.0,0.013,0.17,-318,-318,-318
1780193477.11009,0.0,0.0,0.013,0.17,-318,-318,-318
1780193477.1331599,0.0,0.0,0.013,0.17,-318,-318,-318
1780193477.145558,0.0,0.0,0.013,0.17,-318,-318,-318
1780193477.170437,0.0,0.0,0.013,0.17,-318,-318,-318
1780193477.1931992,0.0,0.0,0.013,0.17,-318,-318,-318
1780193477.21638,0.0,0.0,0.013,0.17,-318,-318,-318
1780193477.228677,0.0,0.0,0.013,0.17,-318,-318,-318
1780193477.253694,0.0,0.0,0.013,0.17,-318,-318,-318
1780193477.276447,0.0,0.0,0.013,0.17,-318,-318,-318
1780193477.299561,0.0,0.0,0.013,0.17,-318,-318,-318
1780193477.324086,0.0,0.0,0.013,0.17,-318,-318,-318
1780193477.347261,0.0,0.0,0.013,0.17,-318,-318,-318
1780193477.3717408,0.0,0.0,0.013,0.17,-318,-318,-318
1780193477.394515,0.0,0.0,0.013,0.17,-318,-318,-318
1780193477.419436,0.0,0.0,0.013,0.17,-318,-318,-318
1780193477.442209,0.0,0.0,0.013,0.17,-318,-318,-318
1780193477.465287,0.0,0.0,0.013,0.17,-318,-318,-318
1780193477.489598,0.0,0.0,0.013,0.17,-318,-318,-318
1780193477.511911,0.0,0.0,0.013,0.17,-318,-318,-318
1780193477.536489,0.0,0.0,0.013,0.17,-318,-318,-318
1780193477.558835,0.0,0.0,0.013,0.17,-318,-318,-318
1780193477.58147,0.0,0.0,0.013,0.17,-318,-318,-318
1780193477.605694,0.0,0.0,0.013,0.17,-318,-318,-318
1780193477.6280708,0.0,0.0,0.013,0.17,-318,-318,-318
1780193477.6508439,0.0,0.0,0.013,0.17,-318,-318,-318
1780193477.662862,0.0,0.0,0.013,0.17,-318,-318,-318
1780193477.687528,0.0,0.0,0.013,0.17,-318,-318,-318
1780193477.709836,0.0,0.0,0.013,0.17,-318,-318,-318
1780193477.732734,0.0,0.0,0.013,0.17,-318,-318,-318
1780193477.7568908,0.0,0.0,0.013,0.17,-318,-318,-318
1780193477.779928,0.0,0.0,0.013,0.17,-318,-318,-318
1780193477.804586,0.0,0.0,0.013,0.17,-318,-318,-318
1780193477.827286,0.0,0.0,0.013,0.17,-318,-318,-318
1780193477.850379,0.0,0.0,0.013,0.17,-318,-318,-318
1780193477.862619,0.0,0.0,0.013,0.17,-318,-318,-318
1780193477.8874292,0.0,0.0,0.013,0.17,-318,-318,-318
1780193477.909776,0.0,0.0,0.013,0.17,-318,-318,-318
1780193477.93265,0.0,0.0,0.013,0.17,-318,-318,-318
1780193477.956685,0.0,0.0,0.013,0.17,-318,-318,-318
1780193477.979221,0.0,0.0,0.013,0.17,-318,-318,-318
1780193478.00386,0.0,0.0,0.013,0.17,-318,-318,-318
1780193478.02633,0.0,0.0,0.013,0.17,-318,-318,-318
1780193478.049031,0.0,0.0,0.013,0.17,-318,-318,-318
1780193478.0731788,0.0,0.0,0.013,0.17,-318,-318,-318
1780193478.0955179,0.0,0.0,0.013,0.17,-318,-318,-318
1780193478.1202939,0.0,0.0,0.013,0.17,-318,-318,-318
1780193478.142549,0.0,0.0,0.013,0.17,-318,-318,-318
1780193478.165386,0.0,0.0,0.013,0.17,-318,-318,-318
1780193478.189535,0.0,0.0,0.013,0.17,-318,-318,-318
1780193478.200206,0.0,0.0,0.013,0.17,-318,-318,-318
1780193478.2242181,0.0,0.0,0.013,0.17,-318,-318,-318
1780193478.2469602,0.0,0.0,0.013,0.17,-318,-318,-318
1780193478.271086,0.0,0.0,0.013,0.17,-318,-318,-318
1780193478.293418,0.0,0.0,0.013,0.17,-318,-318,-318
1780193478.316111,0.0,0.0,0.013,0.17,-318,-318,-318
1780193478.340226,0.0,0.0,0.013,0.17,-318,-318,-318
1780193478.363043,0.0,0.0,0.013,0.17,-318,-318,-318
1780193478.3870962,0.0,0.0,0.013,0.17,-318,-318,-318
1780193478.4093409,0.0,0.0,0.013,0.17,-318,-318,-318
1780193478.432647,0.0,0.0,0.013,0.17,-318,-318,-318
1780193478.457192,0.0,0.0,0.013,0.17,-318,-318,-318
1780193478.4802308,0.0,0.0,0.013,0.17,-318,-318,-318
1780193478.5049112,0.0,0.0,0.013,0.17,-318,-318,-318
1780193478.5277,0.0,0.0,0.013,0.17,-318,-318,-318
1780193478.550688,0.0,0.0,0.013,0.17,-318,-318,-318
1780193478.562758,0.0,0.0,0.013,0.17,-318,-318,-318
1780193478.5873148,0.0,0.0,0.013,0.17,-318,-318,-318
1780193478.6097128,0.0,0.0,0.013,0.17,-318,-318,-318
1780193478.632619,0.0,0.0,0.013,0.17,-318,-318,-318
1780193478.6566982,0.0,0.0,0.013,0.17,-318,-318,-318
1780193478.678935,0.0,0.0,0.013,0.17,-318,-318,-318
1780193478.703535,0.0,0.0,0.013,0.17,-318,-318,-318
1780193478.725908,0.0,0.0,0.013,0.17,-318,-318,-318
1780193478.738407,0.0,0.0,0.013,0.17,-318,-318,-318
1780193478.760731,0.0,0.0,0.013,0.17,-318,-318,-318
1780193478.783465,0.0,0.0,0.013,0.17,-318,-318,-318
1780193478.7955468,0.0,0.0,0.013,0.17,-318,-318,-318
1780193478.820103,0.0,0.0,0.013,0.17,-318,-318,-318
1780193478.842456,0.0,0.0,0.013,0.17,-318,-318,-318
1780193478.8652868,0.0,0.0,0.013,0.17,-318,-318,-318
1780193478.8894029,0.0,0.0,0.013,0.17,-318,-318,-318
1780193478.911743,0.0,0.0,0.013,0.17,-318,-318,-318
1780193478.936506,0.0,0.0,0.013,0.17,-318,-318,-318
1780193478.958862,0.0,0.0,0.013,0.17,-318,-318,-318
1780193478.9817019,0.0,0.0,0.013,0.17,-318,-318,-318
1780193479.005963,0.0,0.0,0.013,0.17,-318,-318,-318
1780193479.0284858,0.0,0.0,0.013,0.17,-318,-318,-318
1780193479.053212,0.0,0.0,0.013,0.17,-318,-318,-318
1780193479.07603,0.0,0.0,0.013,0.17,-318,-318,-318
1780193479.099334,0.0,0.0,0.013,0.17,-318,-318,-318
1780193479.1238148,0.0,0.0,0.013,0.17,-318,-318,-318
1780193479.147085,0.0,0.0,0.013,0.17,-318,-318,-318
1780193479.1716428,0.0,0.0,0.013,0.17,-318,-318,-318
1780193479.193995,0.0,0.0,0.013,0.17,-318,-318,-318
1780193479.216803,0.0,0.0,0.013,0.17,-318,-318,-318
1780193479.22891,0.0,0.0,0.013,0.17,-318,-318,-318
1780193479.253574,0.0,0.0,0.013,0.17,-318,-318,-318
1780193479.275845,0.0,0.0,0.013,0.17,-318,-318,-318
1780193479.298678,0.0,0.0,0.013,0.17,-318,-318,-318
1780193479.322796,0.0,0.0,0.013,0.17,-318,-318,-318
1780193479.345155,0.0,0.0,0.013,0.17,-318,-318,-318
1780193479.369774,0.0,0.0,0.013,0.17,-318,-318,-318
1780193479.392193,0.0,0.0,0.013,0.17,-318,-318,-318
1780193479.415,0.0,0.0,0.013,0.17,-318,-318,-318
1780193479.43916,0.0,0.0,0.013,0.17,-318,-318,-318
1780193479.4615622,0.0,0.0,0.013,0.17,-318,-318,-318
1780193479.4861922,0.0,0.0,0.013,0.17,-318,-318,-318
1780193479.508529,0.0,0.0,0.013,0.17,-318,-318,-318
1780193479.531441,0.0,0.0,0.013,0.17,-318,-318,-318
1780193479.555557,0.0,0.0,0.013,0.17,-318,-318,-318
1780193479.577947,0.0,0.0,0.013,0.17,-318,-318,-318
1780193479.6026828,0.0,0.0,0.013,0.17,-318,-318,-318
1780193479.625105,0.0,0.0,0.013,0.17,-318,-318,-318
1780193479.647941,0.0,0.0,0.013,0.17,-318,-318,-318
1780193479.67218,0.0,0.0,0.013,0.17,-318,-318,-318
1780193479.694707,0.0,0.0,0.013,0.17,-318,-318,-318
1780193479.719214,0.0,0.0,0.013,0.17,-318,-318,-318
1780193479.741586,0.0,0.0,0.013,0.17,-318,-318,-318
1780193479.764502,0.0,0.0,0.013,0.17,-318,-318,-318
1780193479.7885509,0.0,0.0,0.013,0.17,-318,-318,-318
1780193479.810914,0.0,0.0,0.013,0.17,-318,-318,-318
1780193479.833868,0.0,0.0,0.013,0.17,-318,-318,-318
1780193479.845854,0.0,0.0,0.013,0.17,-318,-318,-318
1780193479.8703291,0.0,0.0,0.013,0.17,-318,-318,-318
1780193479.8927622,0.0,0.0,0.013,0.17,-318,-318,-318
1780193479.915785,0.0,0.0,0.013,0.17,-318,-318,-318
1780193479.940387,0.0,0.0,0.013,0.17,-318,-318,-318
1780193479.9635892,0.0,0.0,0.013,0.17,-318,-318,-318
1780193479.987972,0.0,0.0,0.013,0.17,-318,-318,-318
1780193480.0107362,0.0,0.0,0.013,0.17,-318,-318,-318
1780193480.033681,0.0,0.0,0.013,0.17,-318,-318,-318
1780193480.0457048,0.0,0.0,0.013,0.17,-318,-318,-318
1780193480.0706198,0.0,0.0,0.013,0.17,-318,-318,-318
1780193480.0933619,0.0,0.0,0.013,0.17,-318,-318,-318
1780193480.116807,0.0,0.0,0.013,0.17,-318,-318,-318
1780193480.1292212,0.0,0.0,0.013,0.17,-318,-318,-318
1780193480.154146,0.0,0.0,0.013,0.17,-318,-318,-318
1780193480.176827,0.0,0.0,0.013,0.17,-318,-318,-318
1780193480.2000608,0.0,0.0,0.013,0.17,-318,-318,-318
1780193480.212354,0.0,0.0,0.013,0.17,-318,-318,-318
1780193480.2374048,0.0,0.0,0.013,0.17,-318,-318,-318
1780193480.259944,0.0,0.0,0.013,0.17,-318,-318,-318
1780193480.2827678,0.0,0.0,0.013,0.17,-318,-318,-318
1780193480.305256,0.0,0.0,0.013,0.17,-318,-318,-318
1780193480.329358,0.0,0.0,0.013,0.17,-318,-318,-318
1780193480.3540008,0.0,0.0,0.013,0.17,-318,-318,-318
1780193480.376589,0.0,0.0,0.013,0.17,-318,-318,-318
1780193480.399359,0.0,0.0,0.013,0.17,-318,-318,-318
1780193480.4236019,0.0,0.0,0.013,0.17,-318,-318,-318
1780193480.4362738,0.0,0.0,0.013,0.17,-318,-318,-318
1780193480.458538,0.0,0.0,0.013,0.17,-318,-318,-318
1780193480.481465,0.0,0.0,0.013,0.17,-318,-318,-318
1780193480.505682,0.0,0.0,0.013,0.17,-318,-318,-318
1780193480.528078,0.0,0.0,0.013,0.17,-318,-318,-318
1780193480.552758,0.0,0.0,0.013,0.17,-318,-318,-318
1780193480.575087,0.0,0.0,0.013,0.17,-318,-318,-318
1780193480.5978408,0.0,0.0,0.013,0.17,-318,-318,-318
1780193480.622091,0.0,0.0,0.013,0.17,-318,-318,-318
1780193480.644507,0.0,0.0,0.013,0.17,-318,-318,-318
1780193480.6692212,0.0,0.0,0.013,0.17,-318,-318,-318
1780193480.691542,0.0,0.0,0.013,0.17,-318,-318,-318
1780193480.7144802,0.0,0.0,0.013,0.17,-318,-318,-318
1780193480.7385979,0.0,0.0,0.013,0.17,-318,-318,-318
1780193480.761006,0.0,0.0,0.013,0.17,-318,-318,-318
1780193480.78423,0.0,0.0,0.013,0.17,-318,-318,-318
1780193480.7962382,0.0,0.0,0.013,0.17,-318,-318,-318
1780193480.820936,0.0,0.0,0.013,0.17,-318,-318,-318
1780193480.843325,0.0,0.0,0.013,0.17,-318,-318,-318
1780193480.8662221,0.0,0.0,0.013,0.17,-318,-318,-318
1780193480.87829,0.0,0.0,0.013,0.17,-318,-318,-318
1780193480.902897,0.0,0.0,0.013,0.17,-318,-318,-318
1780193480.925278,0.0,0.0,0.013,0.17,-318,-318,-318
1780193480.948224,0.0,0.0,0.013,0.17,-318,-318,-318
1780193480.972527,0.0,0.0,0.013,0.17,-318,-318,-318
1780193480.994986,0.0,0.0,0.013,0.17,-318,-318,-318
1780193481.019826,0.0,0.0,0.013,0.17,-318,-318,-318
1780193481.042169,0.0,0.0,0.013,0.17,-318,-318,-318
1780193481.0649679,0.0,0.0,0.013,0.17,-318,-318,-318
1780193481.089231,0.0,0.0,0.013,0.17,-318,-318,-318
1780193481.1115992,0.0,0.0,0.013,0.17,-318,-318,-318
1780193481.136224,0.0,0.0,0.013,0.17,-318,-318,-318
1780193481.158634,0.0,0.0,0.013,0.17,-318,-318,-318
1780193481.181565,0.0,0.0,0.013,0.17,-318,-318,-318
1780193481.205703,0.0,0.0,0.013,0.17,-318,-318,-318
1780193481.228033,0.0,0.0,0.013,0.17,-318,-318,-318
1780193481.252671,0.0,0.0,0.013,0.17,-318,-318,-318
1780193481.27503,0.0,0.0,0.013,0.17,-318,-318,-318
1780193481.297821,0.0,0.0,0.013,0.17,-318,-318,-318
1780193481.32204,0.0,0.0,0.013,0.17,-318,-318,-318
1780193481.332788,0.0,0.0,0.013,0.17,-318,-318,-318
1780193481.357024,0.0,0.0,0.013,0.17,-318,-318,-318
1780193481.379982,0.0,0.0,0.013,0.17,-318,-318,-318
1780193481.404213,0.0,0.0,0.013,0.17,-318,-318,-318
1780193481.426597,0.0,0.0,0.013,0.17,-318,-318,-318
1780193481.4495502,0.0,0.0,0.013,0.17,-318,-318,-318
1780193481.461618,0.0,0.0,0.013,0.17,-318,-318,-318
1780193481.486201,0.0,0.0,0.013,0.17,-318,-318,-318
1780193481.508569,0.0,0.0,0.013,0.17,-318,-318,-318
1780193481.5313542,0.0,0.0,0.013,0.17,-318,-318,-318
1780193481.555594,0.0,0.0,0.013,0.17,-318,-318,-318
1780193481.578005,0.0,0.0,0.013,0.17,-318,-318,-318
1780193481.6025689,0.0,0.0,0.013,0.17,-318,-318,-318
1780193481.624804,0.0,0.0,0.013,0.17,-318,-318,-318
1780193481.647629,0.0,0.0,0.013,0.17,-318,-318,-318
1780193481.671704,0.0,0.0,0.013,0.17,-318,-318,-318
1780193481.694036,0.0,0.0,0.013,0.17,-318,-318,-318
1780193481.716897,0.0,0.0,0.013,0.17,-318,-318,-318
1780193481.728889,0.0,0.0,0.013,0.17,-318,-318,-318
1780193481.753375,0.0,0.0,0.013,0.17,-318,-318,-318
1780193481.775716,0.0,0.0,0.013,0.17,-318,-318,-318
1780193481.7984169,0.0,0.0,0.013,0.17,-318,-318,-318
1780193481.8226671,0.0,0.0,0.013,0.17,-318,-318,-318
1780193481.8450391,0.0,0.0,0.013,0.17,-318,-318,-318
1780193481.867792,0.0,0.0,0.013,0.17,-318,-318,-318
1780193481.891883,0.0,0.0,0.013,0.17,-318,-318,-318
1780193481.9148521,0.0,0.0,0.013,0.17,-318,-318,-318
1780193481.938856,0.0,0.0,0.013,0.17,-318,-318,-318
1780193481.961177,0.0,0.0,0.013,0.17,-318,-318,-318
1780193481.9857678,0.0,0.0,0.013,0.17,-318,-318,-318
1780193482.008202,0.0,0.0,0.013,0.17,-318,-318,-318
1780193482.030915,0.0,0.0,0.013,0.17,-318,-318,-318
1780193482.055084,0.0,0.0,0.013,0.17,-318,-318,-318
1780193482.077499,0.0,0.0,0.013,0.17,-318,-318,-318
1780193482.100239,0.0,0.0,0.013,0.17,-318,-318,-318
1780193482.112381,0.0,0.0,0.013,0.17,-318,-318,-318
1780193482.137177,0.0,0.0,0.013,0.17,-318,-318,-318
1780193482.159519,0.0,0.0,0.013,0.17,-318,-318,-318
1780193482.182487,0.0,0.0,0.013,0.17,-318,-318,-318
1780193482.206568,0.0,0.0,0.013,0.17,-318,-318,-318
1780193482.229342,0.0,0.0,0.013,0.17,-318,-318,-318
1780193482.253398,0.0,0.0,0.013,0.17,-318,-318,-318
1780193482.275774,0.0,0.0,0.013,0.17,-318,-318,-318
1780193482.298551,0.0,0.0,0.013,0.17,-318,-318,-318
1780193482.322768,0.0,0.0,0.013,0.17,-318,-318,-318
1780193482.34516,0.0,0.0,0.013,0.17,-318,-318,-318
1780193482.3696792,0.0,0.0,0.013,0.17,-318,-318,-318
1780193482.391945,0.0,0.0,0.013,0.17,-318,-318,-318
1780193482.414786,0.0,0.0,0.013,0.17,-318,-318,-318
1780193482.43892,0.0,0.0,0.013,0.17,-318,-318,-318
1780193482.461246,0.0,0.0,0.013,0.17,-318,-318,-318
1780193482.485891,0.0,0.0,0.013,0.17,-318,-318,-318
1780193482.508291,0.0,0.0,0.013,0.17,-318,-318,-318
1780193482.530996,0.0,0.0,0.013,0.17,-318,-318,-318
1780193482.55524,0.0,0.0,0.013,0.17,-318,-318,-318
1780193482.577659,0.0,0.0,0.013,0.17,-318,-318,-318
1780193482.6026728,0.0,0.0,0.013,0.17,-318,-318,-318
1780193482.625123,0.0,0.0,0.013,0.17,-318,-318,-318
1780193482.648015,0.0,0.0,0.013,0.17,-318,-318,-318
1780193482.672092,0.0,0.0,0.013,0.17,-318,-318,-318
1780193482.6944482,0.0,0.0,0.013,0.17,-318,-318,-318
1780193482.719176,0.0,0.0,0.013,0.17,-318,-318,-318
1780193482.741502,0.0,0.0,0.013,0.17,-318,-318,-318
1780193482.764284,0.0,0.0,0.013,0.17,-318,-318,-318
1780193482.788485,0.0,0.0,0.013,0.17,-318,-318,-318
1780193482.810852,0.0,0.0,0.013,0.17,-318,-318,-318
1780193482.833614,0.0,0.0,0.013,0.17,-318,-318,-318
1780193482.855962,0.0,0.0,0.013,0.17,-318,-318,-318
1780193482.878266,0.0,0.0,0.013,0.17,-318,-318,-318
1780193482.90243,0.0,0.0,0.013,0.17,-318,-318,-318
1780193482.9247549,0.0,0.0,0.013,0.17,-318,-318,-318
1780193482.9475,0.0,0.0,0.013,0.17,-318,-318,-318
1780193482.971709,0.0,0.0,0.013,0.17,-318,-318,-318
1780193482.994578,0.0,0.0,0.013,0.17,-318,-318,-318
1780193483.019546,0.0,0.0,0.013,0.17,-318,-318,-318
1780193483.041713,0.0,0.0,0.013,0.17,-318,-318,-318
1780193483.064467,0.0,0.0,0.013,0.17,-318,-318,-318
1780193483.088856,0.0,0.0,0.013,0.17,-318,-318,-318
1780193483.111605,0.0,0.0,0.013,0.17,-318,-318,-318
1780193483.136745,0.0,0.0,0.013,0.17,-318,-318,-318
1780193483.159081,0.0,0.0,0.013,0.17,-318,-318,-318
1780193483.182158,0.0,0.0,0.013,0.17,-318,-318,-318
1780193483.206806,0.0,0.0,0.013,0.17,-318,-318,-318
1780193483.229954,0.0,0.0,0.013,0.17,-318,-318,-318
1780193483.254221,0.0,0.0,0.013,0.17,-318,-318,-318
1780193483.276458,0.0,0.0,0.013,0.17,-318,-318,-318
1780193483.299357,0.0,0.0,0.013,0.17,-318,-318,-318
1780193483.3114371,0.0,0.0,0.013,0.17,-318,-318,-318
1780193483.336419,0.0,0.0,0.013,0.17,-318,-318,-318
1780193483.3591821,0.0,0.0,0.013,0.17,-318,-318,-318
1780193483.382306,0.0,0.0,0.013,0.17,-318,-318,-318
1780193483.406807,0.0,0.0,0.013,0.17,-318,-318,-318
1780193483.4195142,0.0,0.0,0.013,0.17,-318,-318,-318
1780193483.4418502,0.0,0.0,0.013,0.17,-318,-318,-318
1780193483.465133,0.0,0.0,0.013,0.17,-318,-318,-318
1780193483.489592,0.0,0.0,0.013,0.17,-318,-318,-318
1780193483.5121899,0.0,0.0,0.013,0.17,-318,-318,-318
1780193483.537143,0.0,0.0,0.013,0.17,-318,-318,-318
1780193483.559815,0.0,0.0,0.013,0.17,-318,-318,-318
1780193483.58291,0.0,0.0,0.013,0.17,-318,-318,-318
1780193483.595125,0.0,0.0,0.013,0.17,-318,-318,-318
1780193483.619924,0.0,0.0,0.013,0.17,-318,-318,-318
1780193483.64333,0.0,0.0,0.013,0.17,-318,-318,-318
1780193483.670877,0.0,0.0,0.013,0.17,-318,-318,-318
1780193483.693399,0.0,0.0,0.013,0.17,-318,-318,-318
1780193483.716234,0.0,0.0,0.013,0.17,-318,-318,-318
1780193483.728278,0.0,0.0,0.013,0.17,-318,-318,-318
1780193483.752713,0.0,0.0,0.013,0.17,-318,-318,-318
1780193483.7749,0.0,0.0,0.013,0.17,-318,-318,-318
1780193483.7977312,0.0,0.0,0.013,0.17,-318,-318,-318
1780193483.8219001,0.0,0.0,0.013,0.17,-318,-318,-318
1780193483.844192,0.0,0.0,0.013,0.17,-318,-318,-318
1780193483.867017,0.0,0.0,0.013,0.17,-318,-318,-318
1780193483.879033,0.0,0.0,0.013,0.17,-318,-318,-318
1780193483.9035342,0.0,0.0,0.013,0.17,-318,-318,-318
1780193483.9258099,0.0,0.0,0.013,0.17,-318,-318,-318
1780193483.94857,0.0,0.0,0.013,0.17,-318,-318,-318
1780193483.9725928,0.0,0.0,0.013,0.17,-318,-318,-318
1780193483.9950159,0.0,0.0,0.013,0.17,-318,-318,-318
1780193484.0196962,0.0,0.0,0.013,0.17,-318,-318,-318
1780193484.042327,0.0,0.0,0.013,0.17,-318,-318,-318
1780193484.0654552,0.0,0.0,0.013,0.17,-318,-318,-318
1780193484.089538,0.0,0.0,0.013,0.17,-318,-318,-318
1780193484.111839,0.0,0.0,0.013,0.17,-318,-318,-318
1780193484.13681,0.0,0.0,0.013,0.17,-318,-318,-318
1780193484.1592078,0.0,0.0,0.013,0.17,-318,-318,-318
1780193484.182328,0.0,0.0,0.013,0.17,-318,-318,-318
1780193484.206762,0.0,0.0,0.013,0.17,-318,-318,-318
1780193484.2301261,0.0,0.0,0.013,0.17,-318,-318,-318
1780193484.254807,0.0,0.0,0.013,0.17,-318,-318,-318
1780193484.27723,0.0,0.0,0.013,0.17,-318,-318,-318
1780193484.300124,0.0,0.0,0.013,0.17,-318,-318,-318
1780193484.3122401,0.0,0.0,0.013,0.17,-318,-318,-318
1780193484.336818,0.0,0.0,0.013,0.17,-318,-318,-318
1780193484.359155,0.0,0.0,0.013,0.17,-318,-318,-318
1780193484.3818738,0.0,0.0,0.013,0.17,-318,-318,-318
1780193484.406333,0.0,0.0,0.013,0.17,-318,-318,-318
1780193484.429703,0.0,0.0,0.013,0.17,-318,-318,-318
1780193484.45463,0.0,0.0,0.013,0.17,-318,-318,-318
1780193484.465398,0.0,0.0,0.013,0.17,-318,-318,-318
1780193484.489857,0.0,0.0,0.013,0.17,-318,-318,-318
1780193484.512919,0.0,0.0,0.013,0.17,-318,-318,-318
1780193484.537057,0.0,0.0,0.013,0.17,-318,-318,-318
1780193484.559466,0.0,0.0,0.013,0.17,-318,-318,-318
1780193484.582216,0.0,0.0,0.013,0.17,-318,-318,-318
1780193484.6064,0.0,0.0,0.013,0.17,-318,-318,-318
1780193484.6287339,0.0,0.0,0.013,0.17,-318,-318,-318
1780193484.653353,0.0,0.0,0.013,0.17,-318,-318,-318
1780193484.675715,0.0,0.0,0.013,0.17,-318,-318,-318
1780193484.698563,0.0,0.0,0.013,0.17,-318,-318,-318
1780193484.7228549,0.0,0.0,0.013,0.17,-318,-318,-318
1780193484.745242,0.0,0.0,0.013,0.17,-318,-318,-318
1780193484.76983,0.0,0.0,0.013,0.17,-318,-318,-318
1780193484.7921999,0.0,0.0,0.013,0.17,-318,-318,-318
1780193484.8149052,0.0,0.0,0.013,0.17,-318,-318,-318
1780193484.83921,0.0,0.0,0.013,0.17,-318,-318,-318
1780193484.86159,0.0,0.0,0.013,0.17,-318,-318,-318
1780193484.886196,0.0,0.0,0.013,0.17,-318,-318,-318
1780193484.908515,0.0,0.0,0.013,0.17,-318,-318,-318
1780193484.9314501,0.0,0.0,0.013,0.17,-318,-318,-318
1780193484.955623,0.0,0.0,0.013,0.17,-318,-318,-318
1780193484.977973,0.0,0.0,0.013,0.17,-318,-318,-318
1780193485.00087,0.0,0.0,0.013,0.17,-318,-318,-318
1780193485.025049,0.0,0.0,0.013,0.17,-318,-318,-318
1780193485.047831,0.0,0.0,0.013,0.17,-318,-318,-318
1780193485.072006,0.0,0.0,0.013,0.17,-318,-318,-318
1780193485.094371,0.0,0.0,0.013,0.17,-318,-318,-318
1780193485.118966,0.0,0.0,0.013,0.17,-318,-318,-318
1780193485.141264,0.0,0.0,0.013,0.17,-318,-318,-318
1780193485.164128,0.0,0.0,0.013,0.17,-318,-318,-318
1780193485.188258,0.0,0.0,0.013,0.17,-318,-318,-318
1780193485.2105558,0.0,0.0,0.013,0.17,-318,-318,-318
1780193485.235643,0.0,0.0,0.013,0.17,-318,-318,-318
1780193485.258537,0.0,0.0,0.013,0.17,-318,-318,-318
1780193485.281953,0.0,0.0,0.013,0.17,-318,-318,-318
1780193485.3065002,0.0,0.0,0.013,0.17,-318,-318,-318
1780193485.329658,0.0,0.0,0.013,0.17,-318,-318,-318
1780193485.3537998,0.0,0.0,0.013,0.17,-318,-318,-318
1780193485.3760939,0.0,0.0,0.013,0.17,-318,-318,-318
1780193485.398944,0.0,0.0,0.013,0.17,-318,-318,-318
1780193485.423191,0.0,0.0,0.013,0.17,-318,-318,-318
1780193485.44609,0.0,0.0,0.013,0.17,-318,-318,-318
1780193485.470229,0.0,0.0,0.013,0.17,-318,-318,-318
1780193485.493068,0.0,0.0,0.013,0.17,-318,-318,-318
1780193485.516362,0.0,0.0,0.013,0.17,-318,-318,-318
1780193485.5409348,0.0,0.0,0.013,0.17,-318,-318,-318
1780193485.563863,0.0,0.0,0.013,0.17,-318,-318,-318
1780193485.5881011,0.0,0.0,0.013,0.17,-318,-318,-318
1780193485.6104279,0.0,0.0,0.013,0.17,-318,-318,-318
1780193485.633281,0.0,0.0,0.013,0.17,-318,-318,-318
1780193485.645282,0.0,0.0,0.013,0.17,-318,-318,-318
1780193485.6698492,0.0,0.0,0.013,0.17,-318,-318,-318
1780193485.6922061,0.0,0.0,0.013,0.17,-318,-318,-318
1780193485.714896,0.0,0.0,0.013,0.17,-318,-318,-318
1780193485.7393541,0.0,0.0,0.013,0.17,-318,-318,-318
1780193485.7616808,0.0,0.0,0.013,0.17,-318,-318,-318
1780193485.786263,0.0,0.0,0.013,0.17,-318,-318,-318
1780193485.8084428,0.0,0.0,0.013,0.17,-318,-318,-318
1780193485.831302,0.0,0.0,0.013,0.17,-318,-318,-318
1780193485.85548,0.0,0.0,0.013,0.17,-318,-318,-318
1780193485.8779252,0.0,0.0,0.013,0.17,-318,-318,-318
1780193485.902897,0.0,0.0,0.013,0.17,-318,-318,-318
1780193485.925175,0.0,0.0,0.013,0.17,-318,-318,-318
1780193485.947951,0.0,0.0,0.013,0.17,-318,-318,-318
1780193485.972085,0.0,0.0,0.013,0.17,-318,-318,-318
1780193485.994488,0.0,0.0,0.013,0.17,-318,-318,-318
1780193486.018998,0.0,0.0,0.013,0.17,-318,-318,-318
1780193486.041246,0.0,0.0,0.013,0.17,-318,-318,-318
1780193486.064148,0.0,0.0,0.013,0.17,-318,-318,-318
1780193486.088198,0.0,0.0,0.013,0.17,-318,-318,-318
1780193486.11043,0.0,0.0,0.013,0.17,-318,-318,-318
1780193486.133286,0.0,0.0,0.013,0.17,-318,-318,-318
1780193486.145335,0.0,0.0,0.013,0.17,-318,-318,-318
1780193486.1698902,0.0,0.0,0.013,0.17,-318,-318,-318
1780193486.192229,0.0,0.0,0.013,0.17,-318,-318,-318
1780193486.214899,0.0,0.0,0.013,0.17,-318,-318,-318
1780193486.239071,0.0,0.0,0.013,0.17,-318,-318,-318
1780193486.2614431,0.0,0.0,0.013,0.17,-318,-318,-318
1780193486.285943,0.0,0.0,0.013,0.17,-318,-318,-318
