Timestamp,x_parc,y_parc,x_out,y_out,a_pos,b_pos,c_pos
1780889295.364044,0.0,0.0,0.0,0.0,258.008,258.008,258.008
1780889295.402156,0.0,0.0,0.0,0.0,258.008,258.008,258.008
1780889295.402445,0.0,0.0,0.0,0.0,258.008,258.008,258.008
1780889295.402672,0.0,0.0,0.0,0.0,258.008,258.008,258.008
1780889295.4028869,0.0,0.0,0.0,0.0,258.008,258.008,258.008
1780889295.4030972,0.0,0.0,0.0,0.0,258.008,258.008,258.008
1780889295.403306,0.0,0.0,0.0,0.0,258.008,258.008,258.008
1780889295.403518,0.0,0.0,0.0,0.0,258.008,258.008,258.008
1780889295.403733,0.0,0.0,0.0,0.0,258.008,258.008,258.008
1780889295.403947,0.0,0.0,0.0,0.0,258.008,258.008,258.008
1780889295.404157,0.0,0.0,0.0,0.0,258.008,258.008,258.008
1780889295.410704,0.0,0.0,0.0,0.0,258.008,258.008,258.008
1780889295.424914,0.0,0.0,0.0,0.0,258.008,258.008,258.008
1780889295.435332,0.0,0.0,0.0,0.0,258.008,258.008,258.008
1780889295.448961,0.0,0.0,0.0,0.0,258.008,258.008,258.008
1780889295.459241,0.0,0.0,0.0,0.0,258.008,258.008,258.008
1780889295.472737,0.0,0.0,0.0,0.0,258.008,258.008,258.008
1780889295.5273778,0.0,0.0,0.0,0.0,258.008,258.008,258.008
1780889295.527623,0.0,0.0,0.0,0.0,258.008,258.008,258.008
1780889295.527838,0.0,0.0,0.0,0.0,258.008,258.008,258.008
1780889295.52805,0.0,0.0,0.0,0.0,258.008,258.008,258.008
1780889295.531528,0.0,0.0,0.0,0.0,258.008,258.008,258.008
1780889295.545574,0.0,0.0,0.0,0.0,258.008,258.008,258.008
1780889295.5558999,0.0,0.0,0.0,0.0,258.008,258.008,258.008
1780889295.569416,0.0,0.0,0.0,0.0,258.008,258.008,258.008
1780889295.5797892,0.0,0.0,0.0,0.0,258.008,258.008,258.008
1780889295.6169229,0.0,0.0,0.0,0.0,258.008,258.008,258.008
1780889295.61719,0.0,0.0,0.0,0.0,258.008,258.008,258.008
1780889295.617738,0.0,0.0,0.0,0.0,258.008,258.008,258.008
1780889295.6282082,0.0,0.0,0.0,0.0,258.008,258.008,258.008
1780889295.6417248,0.0,0.0,0.0,0.0,258.008,258.008,258.008
1780889295.6519501,0.0,0.0,0.0,0.0,258.008,258.008,258.008
1780889295.666042,0.0,0.0,0.0,0.0,258.008,258.008,258.008
1780889295.676363,0.0,0.0,0.0,0.0,258.008,258.008,258.008
1780889295.689847,0.0,0.0,0.0,0.0,258.008,258.008,258.008
1780889295.700248,0.0,0.0,0.0,0.0,258.008,258.008,258.008
1780889295.715363,0.0,0.0,0.0,0.0,258.008,258.008,258.008
1780889295.7249439,0.0,0.0,0.0,0.0,258.008,258.008,258.008
1780889295.7385511,0.0,0.0,0.0,0.0,258.008,258.008,258.008
1780889295.7486799,0.0,0.0,0.0,0.0,258.008,258.008,258.008
1780889295.762252,0.0,0.0,0.0,0.0,258.008,258.008,258.008
1780889295.7726011,0.0,0.0,0.0,0.0,258.008,258.008,258.008
1780889295.786806,0.0,0.0,0.0,0.0,258.008,258.008,258.008
1780889295.797181,0.0,0.0,0.0,0.0,258.008,258.008,258.008
1780889295.816145,0.0,0.0,0.0,0.0,258.008,258.008,258.008
1780889295.821088,0.0,0.0,0.0,0.0,258.008,258.008,258.008
1780889295.8353238,0.0,0.0,0.0,0.0,258.008,258.008,258.008
1780889295.845574,0.0,0.0,0.0,0.0,258.008,258.008,258.008
1780889295.860298,0.0,0.0,0.0,0.0,258.008,258.008,258.008
1780889295.8695822,0.0,0.0,0.0,0.0,258.008,258.008,258.008
1780889295.882936,0.0,0.0,0.0,0.0,258.008,258.008,258.008
1780889295.8933718,0.0,0.0,0.0,0.0,258.008,258.008,258.008
1780889295.908086,0.0,0.0,0.0,0.0,258.008,258.008,258.008
1780889295.9180338,0.0,0.0,0.0,0.0,258.008,258.008,258.008
1780889295.931256,0.0,0.0,0.0,0.0,258.008,258.008,258.008
1780889295.941802,0.0,0.0,0.0,0.0,258.008,258.008,258.008
1780889295.955771,0.0,0.0,0.0,0.0,258.008,258.008,258.008
1780889295.966311,0.0,0.0,0.0,0.0,258.008,258.008,258.008
1780889295.979785,0.0,0.0,0.0,0.0,258.008,258.008,258.008
1780889295.990058,0.0,0.0,0.0,0.0,258.008,258.008,258.008
1780889296.003629,0.0,0.0,0.0,0.0,258.008,258.008,258.008
1780889296.014644,0.0,0.0,0.0,0.0,258.008,258.008,258.008
1780889296.049668,0.0,0.0,0.0,0.0,258.008,258.008,258.008
1780889296.050068,0.0,0.0,0.0,0.0,258.008,258.008,258.008
1780889296.051957,0.0,0.0,0.0,0.0,258.008,258.008,258.008
1780889296.062408,0.0,0.0,0.0,0.0,258.008,258.008,258.008
1780889296.076585,0.0,0.0,0.0,0.0,258.008,258.008,258.008
1780889296.086934,0.0,0.0,0.0,0.0,258.008,258.008,258.008
1780889296.1003451,0.0,0.0,0.0,0.0,258.008,258.008,258.008
1780889296.110837,0.0,0.0,0.0,0.0,258.008,258.008,258.008
1780889296.124919,0.0,0.0,0.0,0.0,258.008,258.008,258.008
1780889296.135363,0.0,0.0,0.0,0.0,258.008,258.008,258.008
1780889296.148875,0.0,0.0,0.0,0.0,258.008,258.008,258.008
1780889296.159436,0.0,0.0,0.0,0.0,258.008,258.008,258.008
1780889296.173193,0.0,0.0,0.0,0.0,258.008,258.008,258.008
1780889296.183451,0.0,0.0,0.0,0.0,258.008,258.008,258.008
1780889296.1973069,0.0,0.0,0.0,0.0,258.008,258.008,258.008
1780889296.207765,0.0,0.0,0.0,0.0,258.008,258.008,258.008
1780889296.2213361,0.0,0.0,0.0,0.0,258.008,258.008,258.008
1780889296.23172,0.0,0.0,0.0,0.0,258.008,258.008,258.008
1780889296.262659,0.0,0.0,0.0,0.0,258.008,258.008,258.008
1780889296.262963,0.0,0.0,0.0,0.0,258.008,258.008,258.008
1780889296.2696588,0.0,0.0,0.0,0.0,258.008,258.008,258.008
1780889296.2799108,0.0,0.0,0.0,0.0,258.008,258.008,258.008
1780889296.293542,0.0,0.0,0.0,0.0,258.008,258.008,258.008
1780889296.303649,0.0,0.0,0.0,0.0,258.008,258.008,258.008
1780889296.317952,0.0,0.0,0.0,0.0,258.008,258.008,258.008
1780889296.328299,0.0,0.0,0.0,0.0,258.008,258.008,258.008
1780889296.341962,0.0,0.0,0.0,0.0,258.008,258.008,258.008
1780889296.352203,0.0,0.0,0.0,0.0,258.008,258.008,258.008
1780889296.366358,0.0,0.0,0.0,0.0,258.008,258.008,258.008
1780889296.3769548,0.0,0.0,0.0,0.0,258.008,258.008,258.008
1780889296.390144,0.0,0.0,0.0,0.0,258.008,258.008,258.008
1780889296.400801,0.0,0.0,0.0,0.0,258.008,258.008,258.008
1780889296.414753,0.0,0.0,0.0,0.0,258.008,258.008,258.008
1780889296.4252539,0.0,0.0,0.0,0.0,258.008,258.008,258.008
1780889296.438841,0.0,0.0,0.0,0.0,258.008,258.008,258.008
1780889296.449065,0.0,0.0,0.0,0.0,258.008,258.008,258.008
1780889296.481251,0.0,0.0,0.0,0.0,258.008,258.008,258.008
1780889296.4817102,0.0,0.0,0.0,0.0,258.008,258.008,258.008
1780889296.486897,0.0,0.0,0.0,0.0,258.008,258.008,258.008
1780889296.4972422,0.0,0.0,0.0,0.0,258.008,258.008,258.008
1780889296.5107799,0.0,0.0,0.0,0.0,258.008,258.008,258.008
1780889296.52127,0.0,0.0,0.0,0.0,258.008,258.008,258.008
1780889296.535313,0.0,0.0,0.0,0.0,258.008,258.008,258.008
1780889296.545726,0.0,0.0,0.0,0.0,258.008,258.008,258.008
1780889296.559304,0.0,0.0,0.0,0.0,258.008,258.008,258.008
1780889296.569738,0.0,0.0,0.0,0.0,258.008,258.008,258.008
1780889296.583189,0.0,0.0,0.0,0.0,258.008,258.008,258.008
1780889296.593706,0.0,0.0,0.0,0.0,258.008,258.008,258.008
1780889296.60759,0.0,0.0,0.0,0.0,258.008,258.008,258.008
1780889296.618096,0.0,0.0,0.0,0.0,258.008,258.008,258.008
1780889296.631371,0.0,0.0,0.0,0.0,258.008,258.008,258.008
1780889296.641993,0.0,0.0,0.0,0.0,258.008,258.008,258.008
1780889296.6558368,0.0,0.0,0.0,0.0,258.008,258.008,258.008
1780889296.66657,0.0,0.0,0.0,0.0,258.008,258.008,258.008
1780889296.697943,0.0,0.0,0.0,0.0,258.008,258.008,258.008
1780889296.6983,0.0,0.0,0.0,0.0,258.008,258.008,258.008
1780889296.7036579,0.0,0.0,0.0,0.0,258.008,258.008,258.008
1780889296.714474,0.0,0.0,0.0,0.0,258.008,258.008,258.008
1780889296.727953,0.0,0.0,0.0,0.0,258.008,258.008,258.008
1780889296.738497,0.0,0.0,0.0,0.0,258.008,258.008,258.008
1780889296.751914,0.0,0.0,0.0,0.0,258.008,258.008,258.008
1780889296.762315,0.0,0.0,0.0,0.0,258.008,258.008,258.008
1780889296.776541,0.0,0.0,0.0,0.0,258.008,258.008,258.008
1780889296.786936,0.0,0.0,0.0,0.0,258.008,258.008,258.008
1780889296.80049,0.0,0.0,0.0,0.0,258.008,258.008,258.008
1780889296.810831,0.0,0.0,0.0,0.0,258.008,258.008,258.008
1780889296.825034,0.0,0.0,0.0,0.0,258.008,258.008,258.008
1780889296.8354402,0.0,0.0,0.0,0.0,258.008,258.008,258.008
1780889296.848858,0.0,0.0,0.0,0.0,258.008,258.008,258.008
1780889296.859484,0.0,0.0,0.0,0.0,258.008,258.008,258.008
1780889296.872705,0.0,0.0,0.0,0.0,258.008,258.008,258.008
1780889296.8832378,0.0,0.0,0.0,0.0,258.008,258.008,258.008
1780889296.917887,0.0,0.0,0.0,0.0,258.008,258.008,258.008
1780889296.918251,0.0,0.0,0.0,0.0,258.008,258.008,258.008
1780889296.9212868,0.0,0.0,0.0,0.0,258.008,258.008,258.008
1780889296.931655,0.0,0.0,0.0,0.0,258.008,258.008,258.008
1780889296.945794,0.0,0.0,0.0,0.0,258.008,258.008,258.008
1780889296.956419,0.0,0.0,0.0,0.0,258.008,258.008,258.008
1780889296.9699452,0.0,0.0,0.0,0.0,258.008,258.008,258.008
1780889296.9803321,0.0,0.0,0.0,0.0,258.008,258.008,258.008
1780889296.993814,0.0,0.0,0.0,0.0,258.008,258.008,258.008
1780889297.004929,0.0,0.0,0.0,0.0,258.008,258.008,258.008
1780889297.018868,-22.254,-8.571,0.013,0.005,261.382,255.963,256.828
1780889297.029253,-22.479,-8.929,0.014,0.005,261.456,255.96,256.763
1780889297.042847,-22.479,-8.929,0.014,0.005,261.456,255.96,256.763
1780889297.05702,-22.479,-8.929,0.014,0.005,261.456,255.96,256.763
1780889297.067323,-22.479,-8.929,0.014,0.005,261.456,255.96,256.763
1780889297.0810611,-22.479,-8.929,0.014,0.005,261.456,255.96,256.763
1780889297.0917041,-21.803,-9.429,0.013,0.006,261.388,256.109,256.674
1780889297.106082,-21.577,-9.571,0.013,0.006,261.364,256.153,256.652
1780889297.142483,-21.183,-8.5,0.013,0.005,261.195,256.11,256.851
1780889297.142904,-20.676,-7.5,0.012,0.004,261.016,256.097,257.031
1780889297.144947,-20.225,-7.143,0.012,0.004,260.913,256.133,257.091
1780889297.1555898,-19.831,-7.0,0.012,0.004,260.843,256.178,257.11
1780889297.169295,-19.042,-6.5,0.011,0.004,260.686,256.246,257.188
1780889297.1829078,-18.592,-6.5,0.011,0.004,260.624,256.312,257.18
1780889297.1934972,-18.028,-6.357,0.01,0.004,260.529,256.38,257.2
1780889297.207823,-17.577,-6.071,0.01,0.003,260.441,256.417,257.245
1780889297.218613,-16.62,-5.571,0.009,0.003,260.267,256.506,257.321
1780889297.23254,-16.113,-5.643,0.009,0.003,260.207,256.582,257.299
1780889297.24653,-15.549,-5.857,0.009,0.003,260.152,256.68,257.253
1780889297.2571929,-14.986,-5.786,0.008,0.003,260.07,256.75,257.261
1780889297.270725,-13.972,-5.357,0.008,0.003,259.897,256.845,257.329
1780889297.281313,-13.465,-5.571,0.007,0.003,259.854,256.931,257.284
1780889297.295753,-12.676,-5.643,0.007,0.003,259.75,257.047,257.267
1780889297.309571,-11.887,-5.429,0.006,0.003,259.621,257.136,257.302
1780889297.342005,-10.817,-5.786,0.005,0.003,259.521,257.303,257.23
1780889297.34241,-10.085,-6.214,0.005,0.004,259.463,257.439,257.15
1780889297.34497,-9.352,-6.0,0.005,0.004,259.344,257.515,257.189
1780889297.358689,-8.451,-6.071,0.004,0.004,259.226,257.644,257.175
1780889297.369142,-7.437,-6.357,0.003,0.004,259.133,257.787,257.123
1780889297.382889,-6.704,-6.071,0.003,0.004,259.009,257.855,257.176
1780889297.397352,-6.085,-6.786,0.002,0.004,259.0,257.997,257.045
1780889297.407886,-5.296,-6.643,0.002,0.004,258.88,258.085,257.074
1780889297.421886,-4.0,-7.071,0.001,0.004,258.757,258.281,257.001
1780889297.432138,-2.761,-6.929,0.0,0.004,258.566,258.441,257.03
1780889297.446481,-2.479,-7.643,0.0,0.005,258.613,258.525,256.903
1780889297.457035,-2.197,-8.5,0.0,0.005,258.671,258.622,256.753
1780889297.470819,-2.197,-8.5,0.0,0.005,258.671,258.622,256.753
1780889297.481463,0.225,-9.286,-0.002,0.006,258.372,259.061,256.619
1780889297.495787,1.014,-9.714,-0.002,0.006,258.31,259.193,256.553
1780889297.509355,1.014,-9.714,-0.002,0.006,258.31,259.193,256.553
1780889297.520093,3.324,-11.071,-0.004,0.007,258.118,259.619,256.334
1780889297.53376,4.0,-11.429,-0.004,0.008,258.069,259.722,256.286
1780889297.568827,4.676,-11.786,-0.004,0.008,258.019,259.825,256.237
1780889297.569319,6.254,-12.857,-0.005,0.008,257.915,260.105,256.076
1780889297.5722969,6.93,-13.071,-0.006,0.009,257.85,260.195,256.055
1780889297.58274,7.662,-13.429,-0.006,0.009,257.789,260.31,256.008
1780889297.597111,7.662,-13.429,-0.006,0.009,257.789,260.31,256.008
1780889297.607698,9.803,-15.143,-0.008,0.01,257.652,260.746,255.738
1780889297.6214368,9.803,-15.143,-0.008,0.01,257.652,260.746,255.738
1780889297.635865,11.268,-16.929,-0.009,0.011,257.605,261.122,255.441
1780889297.646556,11.944,-16.643,-0.009,0.011,257.493,261.157,255.518
1780889297.660167,12.394,-17.571,-0.009,0.012,257.549,261.229,255.398
1780889297.670773,13.07,-18.286,-0.009,0.012,257.526,261.37,255.294
1780889297.685483,13.746,-18.5,-0.01,0.012,257.456,261.462,255.278
1780889297.698884,14.366,-19.0,-0.01,0.012,257.421,261.574,255.211
1780889297.709501,15.493,-19.643,-0.011,0.013,257.337,261.747,255.139
1780889297.7328792,15.493,-19.643,-0.011,0.013,257.337,261.747,255.139
1780889297.737484,15.493,-19.643,-0.011,0.013,257.337,261.747,255.139
1780889297.770983,17.521,-21.214,-0.012,0.014,257.176,262.212,254.883
1780889297.771478,18.704,-22.214,-0.013,0.014,257.118,262.421,254.755
1780889297.772251,19.268,-22.286,-0.013,0.014,257.054,262.478,254.767
1780889297.786604,20.113,-22.5,-0.014,0.014,256.959,262.601,254.751
1780889297.800564,20.901,-23.143,-0.014,0.015,256.931,262.714,254.679
1780889297.810967,21.408,-23.357,-0.014,0.015,256.888,262.783,254.661
1780889297.8254662,21.69,-23.429,-0.014,0.015,256.868,262.799,254.668
1780889297.839152,22.197,-23.857,-0.015,0.015,256.843,262.893,254.61
1780889297.849792,23.437,-24.429,-0.015,0.015,256.731,263.098,254.542
1780889297.863437,23.493,-24.571,-0.015,0.015,256.751,263.085,254.533
1780889297.874801,23.549,-24.857,-0.015,0.016,256.782,263.09,254.499
1780889297.8890822,24.901,-25.143,-0.016,0.016,256.623,263.294,254.478
1780889297.902451,24.732,-25.286,-0.016,0.016,256.676,263.247,254.467
1780889297.9131,25.07,-25.143,-0.016,0.016,256.623,263.263,254.504
1780889297.927488,25.352,-25.286,-0.016,0.016,256.604,263.301,254.49
1780889297.9411168,25.859,-25.214,-0.016,0.016,256.543,263.334,254.521
1780889297.9759161,25.859,-25.286,-0.016,0.016,256.561,263.318,254.517
1780889297.976267,26.366,-25.429,-0.017,0.016,256.505,263.402,254.499
1780889297.976705,26.479,-25.429,-0.017,0.016,256.498,263.401,254.507
1780889297.990219,26.93,-25.5,-0.017,0.016,256.455,263.451,254.506
1780889298.004666,26.761,-25.571,-0.017,0.016,256.497,263.41,254.5
1780889298.015231,26.93,-25.143,-0.017,0.015,256.441,263.381,254.58
1780889298.028979,26.93,-24.857,-0.017,0.015,256.431,263.327,254.635
1780889298.042908,27.268,-25.143,-0.017,0.015,256.412,263.406,254.586
1780889298.0534961,27.099,-24.786,-0.017,0.015,256.414,263.328,254.651
1780889298.0679529,27.099,-24.714,-0.017,0.015,256.415,263.312,254.664
1780889298.0785532,26.873,-24.143,-0.016,0.014,256.412,263.2,254.763
1780889298.092427,26.93,-24.071,-0.016,0.014,256.402,263.199,254.773
1780889298.10672,26.93,-23.857,-0.016,0.014,256.389,263.174,254.809
1780889298.1174421,26.423,-23.429,-0.016,0.014,256.435,263.038,254.881
1780889298.130985,26.31,-23.286,-0.016,0.014,256.447,263.006,254.896
1780889298.14542,26.141,-23.143,-0.016,0.014,256.464,262.964,254.916
1780889298.18068,25.972,-22.5,-0.016,0.013,256.435,262.871,255.025
1780889298.181052,25.296,-22.214,-0.015,0.013,256.519,262.734,255.062
1780889298.1813161,24.958,-22.071,-0.015,0.013,256.559,262.668,255.081
1780889298.1946151,24.789,-21.429,-0.015,0.012,256.527,262.582,255.187
1780889298.20847,24.789,-21.286,-0.015,0.012,256.515,262.577,255.203
1780889298.2191901,24.0,-20.929,-0.014,0.012,256.606,262.424,255.249
1780889298.232641,24.056,-20.5,-0.014,0.012,256.557,262.402,255.316
1780889298.246895,24.056,-20.5,-0.014,0.012,256.557,262.402,255.316
1780889298.2574751,24.056,-20.5,-0.014,0.012,256.557,262.402,255.316
1780889298.271447,22.197,-19.429,-0.013,0.011,256.748,262.004,255.482
1780889298.2820191,21.803,-18.857,-0.013,0.011,256.753,261.898,255.572
1780889298.296604,21.408,-18.214,-0.012,0.01,256.752,261.786,255.672
1780889298.30999,20.563,-17.857,-0.012,0.01,256.844,261.647,255.707
1780889298.32084,19.831,-17.786,-0.011,0.01,256.947,261.536,255.706
1780889298.33509,19.549,-17.786,-0.011,0.01,256.984,261.511,255.694
1780889298.348733,19.155,-17.5,-0.011,0.01,257.011,261.437,255.733
1780889298.388222,17.746,-16.786,-0.01,0.01,257.152,261.172,255.836
1780889298.388627,17.634,-16.357,-0.01,0.009,257.12,261.136,255.9
1780889298.388918,16.958,-16.286,-0.009,0.009,257.211,261.038,255.9
1780889298.3978372,16.225,-16.0,-0.009,0.009,257.29,260.911,255.939
1780889298.411616,14.986,-15.071,-0.008,0.008,257.379,260.665,256.079
1780889298.422303,14.704,-14.714,-0.008,0.008,257.379,260.611,256.129
1780889298.436547,14.704,-14.714,-0.008,0.008,257.379,260.611,256.129
1780889298.450081,12.958,-13.571,-0.007,0.007,257.526,260.266,256.304
1780889298.46072,12.845,-14.0,-0.007,0.008,257.57,260.32,256.211
1780889298.475191,13.408,-13.857,-0.007,0.008,257.454,260.428,256.224
1780889298.485725,13.69,-13.429,-0.008,0.008,257.361,260.456,256.289
1780889298.499697,14.592,-13.5,-0.008,0.008,257.216,260.652,256.25
1780889298.513029,15.099,-13.643,-0.009,0.008,257.147,260.764,256.215
1780889298.5238452,15.549,-13.857,-0.009,0.008,257.095,260.871,256.168
1780889298.537956,15.887,-13.786,-0.01,0.008,257.036,260.926,256.174
1780889298.551788,16.676,-14.0,-0.01,0.008,256.937,261.086,256.126
1780889298.587332,16.676,-14.0,-0.01,0.008,256.937,261.086,256.126
1780889298.587751,16.676,-14.0,-0.01,0.008,256.937,261.086,256.126
1780889298.588147,16.676,-14.0,-0.01,0.008,256.937,261.086,256.126
1780889298.600736,17.972,-14.786,-0.011,0.009,256.809,261.383,255.981
1780889298.615008,17.915,-14.786,-0.011,0.009,256.825,261.366,255.981
1780889298.625581,18.141,-15.0,-0.011,0.009,256.815,261.419,255.942
1780889298.6391208,18.535,-15.571,-0.011,0.01,256.817,261.527,255.842
1780889298.653035,18.535,-15.5,-0.011,0.009,256.815,261.511,255.858
1780889298.663599,18.366,-15.5,-0.011,0.009,256.847,261.474,255.861
1780889298.677867,18.817,-15.643,-0.012,0.01,256.792,261.559,255.837
1780889298.688734,18.986,-15.571,-0.012,0.009,256.769,261.566,255.854
1780889298.702332,18.761,-16.214,-0.012,0.01,256.867,261.584,255.742
1780889298.7168021,19.211,-16.143,-0.012,0.01,256.791,261.647,255.759
1780889298.727325,19.099,-15.929,-0.012,0.01,256.793,261.599,255.801
1780889298.741033,18.986,-16.286,-0.012,0.01,256.849,261.602,255.743
1780889298.7552059,19.099,-16.857,-0.012,0.01,256.884,261.672,255.645
1780889298.790088,19.099,-16.571,-0.012,0.01,256.859,261.637,255.702
1780889298.790495,19.042,-17.071,-0.012,0.011,256.914,261.667,255.621
1780889298.790881,19.042,-17.071,-0.012,0.011,256.913,261.662,255.626
1780889298.8037639,18.704,-17.214,-0.011,0.011,256.979,261.613,255.605
1780889298.818114,18.648,-17.0,-0.011,0.01,256.967,261.579,255.648
1780889298.828726,18.648,-17.429,-0.011,0.011,257.0,261.617,255.581
1780889298.8424268,18.085,-17.786,-0.011,0.011,257.12,261.553,255.522
1780889298.85693,17.915,-18.0,-0.011,0.011,257.161,261.544,255.49
1780889298.8677351,18.028,-18.214,-0.011,0.011,257.157,261.584,255.458
1780889298.881233,17.521,-18.357,-0.01,0.011,257.239,261.511,255.444
1780889298.891913,17.408,-18.5,-0.01,0.011,257.264,261.506,255.425
1780889298.906315,16.958,-18.786,-0.01,0.012,257.355,261.458,255.38
1780889298.920126,16.62,-19.143,-0.01,0.012,257.424,261.439,255.329
1780889298.930648,16.113,-19.143,-0.009,0.012,257.496,261.355,255.336
1780889298.945021,15.887,-19.143,-0.009,0.012,257.522,261.32,255.342
1780889298.958737,15.944,-19.429,-0.009,0.012,257.529,261.362,255.297
1780889298.993273,15.099,-19.643,-0.009,0.012,257.664,261.246,255.272
1780889298.993672,15.042,-20.143,-0.009,0.012,257.708,261.291,255.19
1780889298.9940329,14.592,-19.643,-0.008,0.012,257.722,261.169,255.285
1780889299.007636,14.592,-19.643,-0.008,0.012,257.722,261.169,255.285
1780889299.021492,13.352,-19.929,-0.007,0.012,257.936,260.993,255.239
1780889299.032012,13.296,-20.214,-0.007,0.012,257.956,261.022,255.194
1780889299.046535,12.732,-20.5,-0.007,0.013,258.058,260.964,255.15
1780889299.0601878,12.338,-20.5,-0.007,0.013,258.09,260.916,255.163
1780889299.070755,12.225,-20.786,-0.007,0.013,258.119,260.935,255.118
1780889299.084932,12.225,-20.786,-0.007,0.013,258.119,260.935,255.118
1780889299.095447,12.225,-20.786,-0.007,0.013,258.119,260.935,255.118
1780889299.1092322,10.197,-20.857,-0.005,0.013,258.439,260.607,255.112
1780889299.1228611,9.859,-20.929,-0.005,0.013,258.479,260.573,255.105
1780889299.133682,9.521,-21.0,-0.005,0.013,258.519,260.539,255.098
1780889299.147851,9.07,-21.214,-0.005,0.013,258.592,260.499,255.065
1780889299.158439,8.845,-21.143,-0.005,0.013,258.602,260.47,255.083
1780889299.172141,8.845,-21.143,-0.005,0.013,258.602,260.47,255.083
1780889299.207454,8.845,-21.143,-0.005,0.013,258.602,260.47,255.083
1780889299.207744,7.099,-20.857,-0.003,0.013,258.84,260.164,255.139
1780889299.2107,6.479,-20.643,-0.003,0.013,258.874,260.084,255.18
1780889299.221029,6.028,-20.786,-0.003,0.013,258.94,260.043,255.156
1780889299.23515,6.028,-20.786,-0.003,0.013,258.94,260.043,255.156
1780889299.248941,6.028,-20.786,-0.003,0.013,258.94,260.043,255.156
1780889299.259495,3.944,-21.071,-0.001,0.013,259.287,259.743,255.108
1780889299.273088,3.493,-21.0,-0.001,0.013,259.325,259.687,255.124
1780889299.283686,3.155,-21.214,-0.001,0.013,259.374,259.676,255.089
1780889299.297931,3.324,-21.143,-0.001,0.013,259.313,259.72,255.105
1780889299.311629,2.535,-21.5,-0.0,0.013,259.453,259.644,255.044
1780889299.3221278,2.535,-21.5,-0.0,0.013,259.453,259.644,255.044
1780889299.336592,1.07,-21.214,0.001,0.013,259.643,259.396,255.099
1780889299.3472152,0.789,-21.071,0.001,0.013,259.648,259.362,255.126
1780889299.360886,0.056,-21.143,0.001,0.013,259.727,259.296,255.115
1780889299.371542,-0.169,-21.429,0.001,0.013,259.767,259.308,255.066
1780889299.385767,-0.563,-20.571,0.001,0.012,259.727,259.182,255.22
1780889299.421917,-0.563,-20.571,0.001,0.012,259.727,259.182,255.22
1780889299.4223611,-1.859,-20.357,0.002,0.012,259.901,258.972,255.256
1780889299.423467,-2.31,-20.214,0.002,0.012,259.939,258.911,255.279
1780889299.4345999,-2.648,-19.714,0.003,0.012,259.925,258.834,255.365
1780889299.448388,-2.93,-19.5,0.003,0.012,259.912,258.816,255.393
1780889299.462178,-3.437,-18.857,0.003,0.011,259.917,258.696,255.502
1780889299.472642,-3.493,-18.929,0.003,0.011,259.917,258.716,255.482
1780889299.487199,-3.887,-18.5,0.003,0.011,259.927,258.633,255.552
1780889299.497737,-4.282,-18.786,0.003,0.011,259.994,258.636,255.487
1780889299.5115578,-4.62,-18.429,0.003,0.011,260.002,258.566,255.546
1780889299.526129,-5.014,-18.429,0.004,0.011,260.055,258.521,255.54
1780889299.536789,-5.352,-18.5,0.004,0.011,260.105,258.491,255.522
1780889299.550221,-5.69,-18.0,0.004,0.011,260.088,258.425,255.602
1780889299.560818,-5.803,-18.286,0.004,0.011,260.123,258.45,255.545
1780889299.575326,-6.085,-18.143,0.004,0.011,260.145,258.406,255.567
1780889299.588812,-6.31,-17.929,0.004,0.011,260.151,258.364,255.601
1780889299.62572,-6.141,-17.929,0.004,0.011,260.103,258.421,255.591
1780889299.626088,-6.986,-18.214,0.005,0.011,260.264,258.322,255.537
1780889299.626352,-6.986,-17.571,0.005,0.01,260.191,258.275,255.649
1780889299.637964,-7.155,-17.643,0.005,0.01,260.218,258.267,255.631
1780889299.6485481,-7.268,-17.286,0.005,0.01,260.187,258.24,255.687
1780889299.66254,-7.042,-17.286,0.005,0.01,260.143,258.287,255.682
1780889299.676586,-7.718,-16.929,0.005,0.01,260.216,258.154,255.741
1780889299.687118,-8.113,-17.286,0.005,0.01,260.31,258.136,255.672
1780889299.700952,-9.014,-18.286,0.006,0.011,260.539,258.106,255.49
1780889299.711521,-9.69,-17.786,0.006,0.011,260.592,257.961,255.58
1780889299.7259321,-10.366,-17.5,0.007,0.01,260.665,257.84,255.63
1780889299.7397308,-10.761,-16.429,0.007,0.01,260.602,257.708,255.816
1780889299.750155,-11.099,-16.071,0.007,0.009,260.614,257.637,255.873
1780889299.764492,-11.38,-15.5,0.007,0.009,260.596,257.557,255.968
1780889299.778235,-11.662,-15.214,0.008,0.009,260.608,257.503,256.01
1780889299.7889779,-11.944,-15.143,0.008,0.009,260.632,257.486,256.003
1780889299.802579,-11.606,-15.143,0.007,0.009,260.568,257.555,255.996
1780889299.8378701,-12.282,-14.786,0.008,0.009,260.642,257.428,256.052
1780889299.838274,-12.507,-14.714,0.008,0.009,260.666,257.4,256.057
1780889299.841145,-13.972,-16.214,0.009,0.01,261.042,257.331,255.779
1780889299.85183,-14.31,-16.643,0.009,0.01,261.127,257.33,255.703
1780889299.866008,-15.155,-16.429,0.01,0.01,261.233,257.19,255.743
1780889299.879765,-15.718,-16.214,0.01,0.01,261.291,257.097,255.781
1780889299.8903491,-17.521,-16.214,0.012,0.01,261.581,256.83,255.781
1780889299.905012,-18.085,-16.143,0.012,0.01,261.647,256.757,255.793
1780889299.915395,-18.986,-17.071,0.013,0.01,261.871,256.721,255.628
1780889299.9292428,-19.831,-17.286,0.013,0.011,261.984,256.651,255.595
1780889299.94296,-20.62,-17.214,0.014,0.011,262.087,256.54,255.612
1780889299.9536839,-20.901,-17.714,0.014,0.011,262.159,256.562,255.526
1780889299.968042,-21.803,-18.214,0.014,0.011,262.338,256.485,255.443
1780889299.9818408,-22.648,-18.5,0.015,0.011,262.457,256.417,255.405
1780889299.992518,-23.211,-18.929,0.015,0.012,262.571,256.386,255.336
1780889300.0067148,-23.775,-18.857,0.015,0.012,262.633,256.309,255.356
1780889300.041933,-24.507,-19.357,0.016,0.012,262.754,256.276,255.282
1780889300.042242,-25.465,-18.714,0.016,0.012,262.83,256.086,255.403
1780889300.0451741,-26.141,-18.643,0.017,0.011,262.915,255.995,255.42
1780889300.0558112,-26.479,-18.857,0.017,0.012,262.969,255.982,255.385
1780889300.0696619,-27.606,-18.286,0.018,0.011,263.058,255.797,255.491
1780889300.083501,-28.0,-18.357,0.018,0.011,263.111,255.763,255.479
1780889300.094691,-28.394,-18.357,0.018,0.011,263.156,255.722,255.48
1780889300.1083698,-28.845,-18.357,0.018,0.011,263.212,255.672,255.481
1780889300.118995,-30.141,-19.0,0.019,0.012,263.461,255.568,255.369
1780889300.132712,-30.704,-19.429,0.019,0.012,263.58,255.538,255.297
1780889300.14694,-31.38,-20.071,0.02,0.012,263.74,255.509,255.188
1780889300.157771,-32.732,-22.071,0.021,0.014,264.16,255.496,254.843
1780889300.171368,-33.127,-23.071,0.021,0.015,264.298,255.54,254.684
1780889300.1860118,-33.746,-23.571,0.021,0.015,264.424,255.503,254.614
1780889300.196494,-33.746,-24.214,0.021,0.016,264.453,255.574,254.521
1780889300.210186,-34.648,-25.643,0.022,0.016,264.693,255.583,254.312
1780889300.246382,-34.648,-25.643,0.022,0.016,264.693,255.583,254.312
1780889300.246829,-34.648,-25.643,0.022,0.016,264.693,255.583,254.312
1780889300.2484639,-35.606,-28.357,0.022,0.019,265.118,255.684,253.864
1780889300.259074,-35.775,-28.929,0.023,0.019,265.164,255.715,253.796
1780889300.272786,-35.887,-29.929,0.022,0.02,265.248,255.791,253.654
1780889300.2873511,-36.113,-30.571,0.023,0.02,265.316,255.816,253.575
1780889300.29779,-36.056,-31.714,0.022,0.021,265.349,255.928,253.441
1780889300.311381,-35.887,-32.286,0.022,0.021,265.343,256.004,253.373
1780889300.3221471,-35.887,-32.286,0.022,0.021,265.343,256.004,253.373
1780889300.336385,-35.887,-32.286,0.022,0.021,265.343,256.004,253.373
1780889300.350038,-35.211,-34.643,0.022,0.022,265.404,256.307,253.034
1780889300.360776,-35.831,-35.071,0.022,0.023,265.536,256.24,252.993
1780889300.375275,-35.606,-35.071,0.022,0.022,265.464,256.267,253.025
1780889300.3887842,-35.38,-35.571,0.022,0.023,265.449,256.34,252.968
1780889300.3995469,-34.592,-35.786,0.021,0.023,265.282,256.463,252.984
1780889300.413156,-34.31,-35.929,0.021,0.023,265.229,256.509,252.983
1780889300.448998,-33.972,-36.143,0.02,0.023,265.176,256.571,252.968
1780889300.4494,-33.521,-36.0,0.02,0.023,265.066,256.617,253.013
1780889300.451936,-32.394,-36.286,0.019,0.023,264.876,256.794,252.999
1780889300.462424,-31.493,-36.357,0.018,0.023,264.717,256.928,253.002
1780889300.476764,-31.268,-36.214,0.018,0.022,264.663,256.934,253.04
1780889300.490659,-29.69,-36.071,0.017,0.022,264.372,257.137,253.087
1780889300.501197,-28.789,-36.071,0.016,0.022,264.219,257.261,253.097
1780889300.515605,-28.338,-35.0,0.016,0.021,264.039,257.216,253.287
1780889300.5263202,-27.324,-35.929,0.015,0.022,263.969,257.443,253.132
1780889300.540001,-25.803,-35.714,0.014,0.022,263.713,257.624,253.176
1780889300.554398,-24.732,-34.643,0.014,0.021,263.433,257.673,253.364
1780889300.565069,-24.0,-34.429,0.013,0.021,263.307,257.748,253.4
1780889300.578977,-22.254,-34.071,0.012,0.02,263.015,257.949,253.459
1780889300.5925062,-21.465,-33.429,0.012,0.02,262.841,257.992,253.567
1780889300.60301,-21.465,-33.429,0.012,0.02,262.841,257.992,253.567
1780889300.617406,-19.493,-32.929,0.01,0.02,262.478,258.239,253.648
1780889300.653672,-18.648,-32.643,0.01,0.019,262.34,258.32,253.69
1780889300.654096,-17.296,-31.714,0.009,0.019,262.052,258.424,253.843
1780889300.6562428,-16.056,-31.0,0.008,0.018,261.81,258.53,253.956
1780889300.666525,-15.099,-30.714,0.007,0.018,261.662,258.629,253.992
1780889300.680423,-12.225,-29.357,0.005,0.017,261.129,258.909,254.203
1780889300.694887,-11.662,-29.071,0.005,0.017,261.058,258.942,254.236
1780889300.705388,-10.817,-28.429,0.005,0.016,260.901,258.989,254.332
1780889300.719197,-8.0,-26.786,0.003,0.015,260.368,259.237,254.583
1780889300.7297149,-6.93,-26.357,0.002,0.015,260.202,259.341,254.637
1780889300.7436302,-6.254,-25.429,0.002,0.014,260.055,259.333,254.779
1780889300.758187,-4.789,-25.143,0.001,0.014,259.838,259.518,254.806
1780889300.7692502,-2.197,-23.857,-0.001,0.013,259.4,259.76,254.987
1780889300.7823129,-0.789,-23.214,-0.002,0.013,259.165,259.899,255.077
1780889300.7931242,0.113,-22.5,-0.002,0.013,259.009,259.947,255.18
1780889300.807359,1.127,-22.143,-0.003,0.012,258.868,260.049,255.218
1780889300.8209789,2.535,-21.071,-0.004,0.012,258.596,260.148,255.384
1780889300.857269,4.901,-19.857,-0.005,0.011,258.16,260.393,255.573
1780889300.857667,5.859,-18.786,-0.006,0.01,257.972,260.414,255.734
1780889300.85802,7.324,-18.214,-0.007,0.01,257.75,260.57,255.805
1780889300.8702238,10.085,-17.143,-0.009,0.009,257.343,260.859,255.935
1780889300.884484,10.986,-16.286,-0.009,0.009,257.187,260.89,256.059
1780889300.89503,12.169,-15.357,-0.01,0.008,256.98,260.964,256.195
1780889300.9088268,14.423,-13.643,-0.011,0.007,256.536,261.143,256.471
1780889300.922466,15.437,-13.143,-0.012,0.006,256.402,261.23,256.525
1780889300.933121,16.62,-11.714,-0.013,0.005,256.158,261.254,256.748
1780889300.9474251,17.746,-11.571,-0.013,0.006,256.039,261.398,256.736
1780889300.958098,19.831,-10.929,-0.014,0.005,255.791,261.62,256.784
1780889300.97198,21.239,-10.286,-0.015,0.005,255.579,261.762,256.87
1780889300.98635,21.915,-10.286,-0.016,0.005,255.538,261.842,256.839
1780889300.996598,21.915,-10.286,-0.016,0.005,255.538,261.842,256.839
1780889301.0105112,24.732,-7.857,-0.017,0.003,255.016,262.011,257.22
1780889301.020931,24.732,-7.857,-0.017,0.003,255.016,262.011,257.22
1780889301.035409,26.817,-6.571,-0.019,0.003,254.65,262.208,257.422
1780889301.0712352,27.549,-6.286,-0.019,0.002,254.58,262.27,257.438
1780889301.071542,29.239,-5.929,-0.02,0.002,254.417,262.456,257.439
1780889301.073026,30.141,-5.643,-0.02,0.002,254.314,262.549,257.463
1780889301.083651,31.042,-5.071,-0.021,0.002,254.185,262.613,257.54
1780889301.098013,31.831,-5.143,-0.021,0.002,254.128,262.724,257.5
1780889301.111795,33.69,-4.286,-0.022,0.002,253.879,262.896,257.608
1780889301.122325,34.197,-4.214,-0.023,0.002,253.847,262.945,257.598
1780889301.136657,34.648,-4.786,-0.023,0.002,253.876,263.05,257.472
1780889301.147237,36.056,-3.643,-0.023,0.002,253.655,263.118,257.646
1780889301.161081,36.732,-3.714,-0.024,0.002,253.602,263.215,257.614
1780889301.175345,37.07,-3.214,-0.024,0.001,253.549,263.194,257.69
1780889301.185904,37.07,-3.214,-0.024,0.001,253.549,263.194,257.69
1780889301.19968,38.93,-3.429,-0.025,0.002,253.33,263.518,257.633
1780889301.2102468,38.873,-3.143,-0.025,0.001,253.355,263.445,257.672
1780889301.224927,39.493,-3.5,-0.025,0.002,253.33,263.564,257.592
1780889301.238461,39.718,-3.143,-0.025,0.002,253.301,263.537,257.646
1780889301.272596,40.056,-3.643,-0.025,0.002,253.357,263.596,257.535
1780889301.273178,40.789,-4.0,-0.026,0.002,253.306,263.739,257.462
1780889301.2735639,41.127,-4.5,-0.026,0.003,253.324,263.825,257.365
1780889301.287319,41.408,-4.643,-0.026,0.003,253.318,263.864,257.337
1780889301.3009448,41.014,-6.643,-0.026,0.004,253.586,263.952,256.975
1780889301.3115919,41.014,-6.643,-0.026,0.004,253.586,263.952,256.975
1780889301.326087,40.563,-10.143,-0.025,0.007,253.965,264.212,256.351
1780889301.3366039,40.169,-12.571,-0.025,0.009,254.236,264.366,255.939
1780889301.350624,39.38,-18.071,-0.024,0.013,254.815,264.737,255.037
1780889301.364944,39.38,-18.071,-0.024,0.013,254.815,264.737,255.037
1780889301.375375,37.296,-23.714,-0.022,0.017,255.61,264.916,254.102
1780889301.388994,35.887,-29.357,-0.021,0.021,256.25,265.182,253.268
1780889301.399623,35.887,-29.357,-0.021,0.021,256.25,265.182,253.268
1780889301.413437,35.887,-29.357,-0.021,0.021,256.25,265.182,253.268
1780889301.427707,34.31,-36.571,-0.02,0.027,257.096,265.619,252.124
1780889301.43824,33.408,-39.714,-0.019,0.029,257.458,265.741,251.697
1780889301.452298,32.451,-43.929,-0.019,0.032,257.925,265.967,251.1
1780889301.487759,30.761,-46.643,-0.017,0.033,258.369,265.893,250.761
1780889301.4881349,30.761,-46.643,-0.017,0.033,258.369,265.893,250.761
1780889301.490307,26.535,-53.143,-0.014,0.038,259.581,265.754,249.81
1780889301.500926,26.535,-53.143,-0.014,0.038,259.581,265.754,249.81
1780889301.515292,27.042,-57.571,-0.015,0.041,259.805,266.288,249.219
1780889301.529054,25.69,-59.429,-0.014,0.042,260.099,266.186,249.048
1780889301.539639,23.944,-62.929,-0.013,0.044,260.618,266.191,248.611
1780889301.55329,23.944,-62.929,-0.013,0.044,260.618,266.191,248.611
1780889301.5678232,21.69,-66.143,-0.011,0.046,261.197,266.074,248.224
1780889301.578165,20.62,-67.571,-0.01,0.047,261.398,265.993,248.12
1780889301.5919302,18.423,-70.643,-0.009,0.048,261.959,265.881,247.752
1780889301.60263,18.423,-70.643,-0.009,0.048,261.959,265.881,247.752
1780889301.616909,16.394,-72.714,-0.007,0.049,262.392,265.7,247.543
1780889301.630301,15.099,-73.643,-0.007,0.05,262.585,265.541,247.509
1780889301.641242,15.099,-73.643,-0.007,0.05,262.585,265.541,247.509
1780889301.655631,11.38,-76.0,-0.004,0.051,263.355,265.089,247.245
1780889301.691357,10.366,-76.5,-0.003,0.051,263.452,264.956,247.269
1780889301.691762,7.606,-76.571,-0.002,0.05,263.706,264.473,247.436
1780889301.693331,6.31,-77.143,-0.001,0.05,263.882,264.313,247.423
1780889301.7046568,5.07,-77.071,-0.0,0.05,263.987,264.099,247.505
1780889301.718545,2.423,-76.643,0.001,0.049,264.217,263.628,247.691
1780889301.732384,1.296,-76.429,0.002,0.048,264.303,263.435,247.774
1780889301.742798,0.451,-76.0,0.002,0.048,264.321,263.275,247.885
1780889301.756992,-1.014,-75.357,0.003,0.047,264.436,262.985,248.023
1780889301.767756,-3.606,-73.714,0.005,0.045,264.581,262.445,248.339
1780889301.781596,-4.563,-72.714,0.005,0.045,264.578,262.225,248.517
1780889301.792253,-5.803,-72.071,0.006,0.044,264.67,261.994,248.632
1780889301.8063629,-7.042,-70.857,0.007,0.043,264.705,261.71,248.834
1780889301.820147,-7.831,-69.857,0.007,0.042,264.685,261.53,248.997
1780889301.8307462,-10.028,-67.286,0.009,0.04,264.763,260.958,249.408
1780889301.8451688,-10.986,-66.0,0.009,0.039,264.75,260.735,249.603
1780889301.8588731,-12.0,-64.357,0.01,0.038,264.715,260.47,249.853
1780889301.895811,-13.859,-60.571,0.011,0.035,264.574,259.929,250.423
1780889301.896111,-15.042,-59.714,0.011,0.034,264.666,259.719,250.531
1780889301.896496,-16.394,-57.643,0.012,0.033,264.663,259.368,250.838
1780889301.907996,-16.958,-55.643,0.012,0.032,264.525,259.159,251.129
1780889301.9220428,-18.817,-51.571,0.013,0.029,264.391,258.618,251.716
1780889301.932321,-19.549,-49.429,0.014,0.027,264.283,258.374,252.022
1780889301.94657,-20.394,-47.143,0.014,0.026,264.184,258.1,252.351
1780889301.960347,-21.803,-43.357,0.015,0.023,264.036,257.602,252.93
1780889301.9711082,-22.535,-40.5,0.016,0.021,263.866,257.305,253.347
1780889301.9854562,-23.718,-38.429,0.016,0.02,263.863,257.012,253.625
1780889301.995931,-23.944,-35.786,0.016,0.018,263.63,256.82,254.003
1780889302.009744,-25.014,-30.5,0.017,0.014,263.284,256.259,254.84
1780889302.0233018,-25.465,-28.286,0.017,0.013,263.151,256.079,255.131
1780889302.0347352,-25.746,-25.357,0.017,0.011,262.918,255.86,255.551
1780889302.0483682,-26.085,-22.643,0.017,0.009,262.723,255.652,255.931
1780889302.062032,-27.662,-17.786,0.018,0.006,262.556,255.145,256.593
1780889302.097696,-27.662,-17.786,0.018,0.006,262.556,255.145,256.593
1780889302.098109,-28.676,-12.571,0.019,0.002,262.232,254.618,257.434
1780889302.098374,-29.183,-7.429,0.019,-0.001,261.866,254.27,258.14
1780889302.1111512,-29.183,-7.429,0.019,-0.001,261.866,254.27,258.14
1780889302.1255429,-29.634,-2.357,0.019,-0.004,261.473,253.848,258.965
1780889302.136148,-30.254,-0.286,0.02,-0.005,261.416,253.665,259.221
1780889302.149827,-30.873,5.214,0.02,-0.008,261.06,253.271,260.003
1780889302.160348,-30.648,6.5,0.019,-0.009,260.938,253.276,260.117
1780889302.1748202,-30.648,6.5,0.019,-0.009,260.938,253.276,260.117
1780889302.188425,-31.042,10.5,0.02,-0.012,260.655,252.953,260.763
1780889302.19909,-30.986,12.071,0.019,-0.012,260.538,252.906,260.935
1780889302.212747,-31.493,16.714,0.02,-0.016,260.216,252.512,261.718
1780889302.227169,-31.099,18.0,0.019,-0.016,260.076,252.538,261.832
1780889302.237868,-31.324,19.643,0.02,-0.017,260.004,252.437,262.025
1780889302.251478,-31.268,23.143,0.019,-0.019,259.705,252.218,262.598
1780889302.262012,-31.099,24.429,0.019,-0.02,259.605,252.203,262.723
1780889302.27642,-31.099,24.429,0.019,-0.02,259.605,252.203,262.723
1780889302.313023,-30.028,28.643,0.018,-0.022,259.077,252.068,263.453
1780889302.3134668,-30.028,28.643,0.018,-0.022,259.077,252.068,263.453
1780889302.314665,-29.859,30.643,0.018,-0.023,258.918,251.986,263.725
1780889302.328471,-29.859,30.643,0.018,-0.023,258.918,251.986,263.725
1780889302.3391821,-29.915,31.857,0.018,-0.023,258.925,251.991,263.712
1780889302.35277,-29.239,33.643,0.018,-0.024,258.696,251.989,263.966
1780889302.363317,-29.239,33.643,0.018,-0.024,258.696,251.989,263.966
1780889302.3776839,-28.113,34.571,0.017,-0.025,258.478,252.121,264.045
1780889302.391374,-27.155,35.143,0.016,-0.024,258.374,252.287,263.956
1780889302.402028,-26.197,35.357,0.015,-0.024,258.248,252.438,263.911
1780889302.4163551,-25.746,34.929,0.015,-0.024,258.262,252.564,263.742
1780889302.4302049,-24.169,34.429,0.014,-0.023,258.141,252.871,263.505
1780889302.440846,-23.437,34.643,0.013,-0.023,258.043,252.969,263.495
1780889302.455124,-23.211,33.714,0.013,-0.022,258.132,253.087,263.255
1780889302.465827,-23.211,33.714,0.013,-0.022,258.132,253.087,263.255
1780889302.479498,-20.451,31.643,0.011,-0.02,257.953,253.668,262.765
1780889302.5123048,-20.394,30.286,0.011,-0.019,258.103,253.781,262.469
1780889302.512674,-19.662,29.929,0.011,-0.018,258.046,253.908,262.384
1780889302.518104,-18.648,29.071,0.01,-0.017,257.989,254.118,262.203
1780889302.53179,-17.408,26.286,0.009,-0.015,258.099,254.503,261.645
1780889302.542453,-16.394,25.214,0.009,-0.014,258.055,254.723,261.443
1780889302.556681,-14.93,23.643,0.008,-0.013,257.986,255.053,261.148
1780889302.5672169,-13.521,20.857,0.007,-0.011,258.055,255.439,260.649
1780889302.580885,-13.014,19.286,0.006,-0.01,258.135,255.615,260.373
1780889302.595335,-12.338,17.714,0.006,-0.009,258.184,255.817,260.103
1780889302.6058838,-11.437,16.286,0.005,-0.008,258.182,256.04,259.867
1780889302.619719,-9.803,12.5,0.004,-0.005,258.281,256.588,259.187
1780889302.6300921,-8.563,11.5,0.003,-0.004,258.18,256.815,259.052
1780889302.644544,-8.563,11.5,0.003,-0.004,258.18,256.815,259.052
1780889302.6582441,-5.352,7.143,0.001,-0.001,258.077,257.661,258.288
1780889302.66909,-5.352,7.143,0.001,-0.001,258.077,257.661,258.288
1780889302.6824949,-2.986,1.643,-0.001,0.003,258.217,258.474,257.34
1780889302.7163641,-1.915,-0.857,-0.001,0.005,258.283,258.789,256.969
1780889302.716749,-1.915,-0.857,-0.001,0.005,258.283,258.789,256.969
1780889302.720958,1.352,-5.214,-0.004,0.008,258.165,259.642,256.268
1780889302.731586,3.155,-9.571,-0.005,0.011,258.285,260.249,255.587
1780889302.745782,4.394,-11.571,-0.005,0.012,258.273,260.531,255.338
1780889302.756192,4.394,-11.571,-0.005,0.012,258.273,260.531,255.338
1780889302.7701068,6.085,-16.286,-0.007,0.015,258.441,261.159,254.613
1780889302.780569,7.38,-20.571,-0.007,0.018,258.628,261.676,253.981
1780889302.795003,8.451,-23.429,-0.008,0.02,258.715,262.014,253.607
1780889302.808813,8.451,-23.429,-0.008,0.02,258.715,262.014,253.607
1780889302.8190908,11.268,-29.786,-0.01,0.024,258.83,262.878,252.766
1780889302.8328571,11.268,-29.786,-0.01,0.024,258.83,262.878,252.766
1780889302.847147,13.07,-34.286,-0.011,0.027,258.947,263.521,252.127
1780889302.8579829,13.972,-35.786,-0.011,0.027,258.929,263.694,252.001
1780889302.8717928,15.831,-39.571,-0.012,0.03,258.969,264.284,251.489
1780889302.881969,15.831,-39.571,-0.012,0.03,258.969,264.284,251.489
1780889302.896257,15.831,-39.571,-0.012,0.03,258.969,264.284,251.489
1780889302.933685,18.141,-43.357,-0.014,0.032,258.935,264.958,250.985
1780889302.934165,18.141,-43.357,-0.014,0.032,258.935,264.958,250.985
1780889302.9346292,21.183,-47.786,-0.016,0.035,258.843,265.84,250.384
1780889302.948405,21.183,-47.786,-0.016,0.035,258.843,265.84,250.384
1780889302.9588869,23.324,-51.571,-0.017,0.038,258.84,266.487,249.897
1780889302.972477,23.324,-51.571,-0.017,0.038,258.84,266.487,249.897
1780889302.983077,23.324,-51.571,-0.017,0.038,258.84,266.487,249.897
1780889302.997385,25.803,-54.857,-0.019,0.04,258.736,267.149,249.497
1780889303.0112178,25.803,-54.857,-0.019,0.04,258.736,267.149,249.497
1780889303.021724,27.38,-57.286,-0.02,0.041,258.703,267.546,249.237
1780889303.036109,28.282,-58.429,-0.02,0.041,258.661,267.675,249.18
1780889303.050096,29.521,-59.0,-0.021,0.04,258.514,267.664,249.316
1780889303.060611,29.577,-59.5,-0.02,0.04,258.555,267.59,249.333
1780889303.075008,29.915,-59.571,-0.02,0.04,258.509,267.537,249.411
1780889303.0858781,30.197,-59.857,-0.02,0.04,258.493,267.507,249.447
1780889303.09934,30.986,-59.857,-0.021,0.039,258.373,267.456,249.589
1780889303.13401,31.042,-59.643,-0.02,0.039,258.35,267.354,249.683
1780889303.134516,31.437,-59.643,-0.021,0.038,258.293,267.35,249.737
1780889303.137909,31.437,-59.143,-0.02,0.038,258.254,267.221,249.865
1780889303.151735,31.944,-58.643,-0.021,0.037,258.142,267.139,250.023
1780889303.162133,31.944,-58.214,-0.02,0.036,258.112,267.038,250.124
1780889303.176662,31.944,-58.214,-0.02,0.036,258.112,267.038,250.124
1780889303.18711,31.944,-58.214,-0.02,0.036,258.112,267.038,250.124
1780889303.200893,32.113,-55.286,-0.02,0.034,257.826,266.704,250.628
1780889303.2155478,31.718,-54.143,-0.02,0.033,257.801,266.47,250.827
1780889303.225888,32.0,-53.286,-0.02,0.032,257.693,266.404,250.974
1780889303.239425,31.211,-51.643,-0.019,0.031,257.7,266.039,251.246
1780889303.253346,31.211,-51.643,-0.019,0.031,257.7,266.039,251.246
1780889303.264672,31.099,-48.429,-0.019,0.028,257.44,265.664,251.774
1780889303.278573,30.817,-47.286,-0.019,0.028,257.4,265.489,251.947
1780889303.288964,30.479,-45.857,-0.019,0.027,257.361,265.288,252.142
1780889303.302911,30.254,-43.429,-0.018,0.025,257.194,264.998,252.527
1780889303.337271,29.915,-42.071,-0.018,0.024,257.144,264.808,252.726
1780889303.3376908,29.69,-40.5,-0.018,0.023,257.058,264.621,252.959
1780889303.3414679,28.845,-37.143,-0.017,0.02,256.908,264.139,253.494
1780889303.356002,28.507,-35.643,-0.017,0.019,256.849,263.955,253.704
1780889303.36641,28.056,-34.071,-0.017,0.018,256.8,263.746,253.925
1780889303.380117,27.437,-30.071,-0.016,0.015,256.559,263.262,254.566
1780889303.390626,26.648,-28.643,-0.016,0.014,256.581,263.023,254.752
1780889303.405261,26.31,-26.714,-0.015,0.013,256.484,262.816,255.025
1780889303.4188979,25.634,-24.714,-0.015,0.012,256.435,262.545,255.311
1780889303.42956,24.338,-21.643,-0.014,0.01,256.408,262.115,255.718
1780889303.443458,23.887,-19.929,-0.014,0.009,256.345,261.921,255.954
1780889303.4578712,23.268,-18.143,-0.013,0.008,256.302,261.692,256.203
1780889303.468351,22.028,-14.357,-0.012,0.006,256.196,261.219,256.742
1780889303.482074,21.296,-12.429,-0.012,0.004,256.157,260.965,257.017
1780889303.492645,20.732,-10.5,-0.012,0.003,256.092,260.743,257.292
1780889303.5069408,20.732,-10.5,-0.012,0.003,256.092,260.743,257.292
1780889303.542725,18.366,-5.071,-0.01,-0.001,256.013,259.954,258.125
1780889303.543157,17.915,-3.071,-0.01,-0.002,255.923,259.758,258.409
1780889303.545426,17.183,-1.429,-0.009,-0.003,255.909,259.55,258.627
1780889303.5560372,16.338,0.286,-0.009,-0.004,255.905,259.318,258.861
1780889303.569799,15.211,3.714,-0.008,-0.006,255.808,258.948,259.334
1780889303.584204,14.535,5.5,-0.008,-0.007,255.77,258.738,259.587
1780889303.594603,13.803,6.643,-0.007,-0.007,255.798,258.58,259.718
1780889303.608474,13.803,6.643,-0.007,-0.007,255.798,258.58,259.718
1780889303.61906,11.155,12.0,-0.005,-0.011,255.757,257.798,260.571
1780889303.632721,10.366,13.0,-0.005,-0.011,255.803,257.655,260.672
1780889303.6470778,10.366,13.0,-0.005,-0.011,255.803,257.655,260.672
1780889303.65769,7.606,17.286,-0.003,-0.014,255.867,256.976,261.327
1780889303.671419,6.535,18.429,-0.002,-0.014,255.938,256.781,261.46
1780889303.6859431,5.69,18.929,-0.002,-0.014,256.03,256.679,261.47
1780889303.696461,4.732,20.143,-0.001,-0.015,256.073,256.492,261.627
1780889303.7101882,4.338,20.857,-0.001,-0.015,256.072,256.438,261.688
1780889303.746848,2.423,22.071,0.0,-0.016,256.261,256.099,261.852
1780889303.747304,1.859,22.286,0.001,-0.016,256.326,256.063,261.82
1780889303.747679,1.408,23.214,0.001,-0.016,256.308,255.976,261.936
1780889303.7591739,0.0,23.714,0.002,-0.016,256.473,255.838,261.908
1780889303.772825,-0.676,23.857,0.002,-0.016,256.559,255.778,261.881
1780889303.783574,-1.465,24.286,0.002,-0.016,256.634,255.673,261.915
1780889303.797894,-2.197,24.214,0.003,-0.016,256.745,255.62,261.853
1780889303.808537,-3.718,24.286,0.004,-0.016,256.952,255.478,261.785
1780889303.822465,-4.451,24.071,0.004,-0.015,257.071,255.431,261.707
1780889303.8367732,-5.07,23.714,0.005,-0.015,257.184,255.412,261.606
1780889303.847164,-5.69,23.5,0.005,-0.015,257.283,255.377,261.538
1780889303.8609269,-7.099,22.857,0.006,-0.014,257.523,255.295,261.371
1780889303.8713431,-7.606,21.857,0.006,-0.013,257.673,255.341,261.16
1780889303.885911,-7.606,21.857,0.006,-0.013,257.673,255.341,261.16
1780889303.896516,-7.606,21.857,0.006,-0.013,257.673,255.341,261.16
1780889303.9102259,-10.31,18.786,0.008,-0.011,258.332,255.261,260.555
1780889303.924491,-10.592,18.357,0.008,-0.01,258.38,255.284,260.479
1780889303.9630752,-11.268,17.0,0.008,-0.009,258.58,255.327,260.225
1780889303.963518,-11.268,17.0,0.008,-0.009,258.58,255.327,260.225
1780889303.9638631,-13.014,14.643,0.01,-0.008,259.048,255.291,259.787
1780889303.9727411,-13.127,12.786,0.009,-0.006,259.195,255.46,259.456
1780889303.987147,-13.803,11.643,0.01,-0.005,259.367,255.474,259.27
1780889303.9976478,-14.085,10.214,0.01,-0.004,259.5,255.572,259.032
1780889304.011498,-14.761,6.857,0.01,-0.002,259.885,255.777,258.438
1780889304.0258691,-15.268,5.929,0.011,-0.001,260.003,255.787,258.312
1780889304.036333,-15.662,4.357,0.011,-0.0,260.167,255.871,258.068
1780889304.0500832,-16.282,1.071,0.011,0.002,260.48,256.07,257.562
1780889304.060711,-16.338,-0.143,0.011,0.003,260.554,256.167,257.393
1780889304.075242,-16.62,-1.643,0.011,0.004,260.695,256.252,257.173
1780889304.08873,-16.845,-3.214,0.011,0.005,260.835,256.351,256.942
1780889304.099533,-16.789,-6.429,0.011,0.007,261.035,256.629,256.477
1780889304.113157,-17.296,-7.929,0.011,0.008,261.22,256.671,256.266
1780889304.12473,-17.352,-10.214,0.011,0.009,261.405,256.854,255.917
1780889304.138277,-17.69,-13.286,0.011,0.011,261.664,257.042,255.498
1780889304.173929,-17.69,-13.286,0.011,0.011,261.664,257.042,255.498
1780889304.174348,-18.028,-16.929,0.011,0.014,262.034,257.3,254.92
1780889304.176596,-18.141,-18.5,0.011,0.015,262.155,257.4,254.717
1780889304.190352,-18.141,-22.429,0.011,0.017,262.493,257.733,254.106
1780889304.200938,-18.141,-22.429,0.011,0.017,262.493,257.733,254.106
1780889304.215329,-17.183,-25.143,0.011,0.019,262.54,258.104,253.719
1780889304.225845,-17.127,-27.286,0.011,0.021,262.689,258.272,253.436
1780889304.239464,-16.507,-30.571,0.01,0.022,262.801,258.595,253.044
1780889304.2534668,-16.338,-32.286,0.01,0.023,262.894,258.74,252.835
1780889304.264571,-16.056,-33.929,0.01,0.024,262.962,258.895,252.637
1780889304.278181,-15.944,-35.714,0.01,0.025,263.076,259.037,252.415
1780889304.2920141,-15.887,-36.714,0.009,0.026,263.121,259.095,252.325
1780889304.3026628,-15.887,-36.714,0.009,0.026,263.121,259.095,252.325
1780889304.316976,-15.099,-41.786,0.009,0.03,263.452,259.66,251.552
1780889304.327549,-14.535,-42.071,0.008,0.029,263.332,259.727,251.592
1780889304.341127,-13.915,-43.857,0.008,0.03,263.361,259.947,251.376
1780889304.375652,-13.296,-44.786,0.007,0.031,263.306,260.086,251.301
1780889304.3759449,-12.958,-46.214,0.007,0.032,263.355,260.225,251.14
1780889304.3795688,-12.282,-47.429,0.007,0.032,263.295,260.352,251.08
1780889304.3933241,-11.324,-48.214,0.006,0.032,263.177,260.54,251.014
1780889304.404765,-11.155,-48.643,0.006,0.032,263.168,260.561,251.004
1780889304.418192,-10.648,-49.357,0.006,0.032,263.13,260.668,250.943
1780889304.428715,-9.69,-50.357,0.005,0.033,263.027,260.837,250.883
1780889304.4425862,-9.69,-50.357,0.005,0.033,263.027,260.837,250.883
1780889304.456772,-9.69,-50.357,0.005,0.033,263.027,260.837,250.883
1780889304.4672902,-9.69,-50.357,0.005,0.033,263.027,260.837,250.883
1780889304.4809852,-6.817,-51.5,0.003,0.033,262.618,261.343,250.789
1780889304.491571,-6.366,-51.857,0.003,0.033,262.574,261.406,250.773
1780889304.505665,-6.366,-51.857,0.003,0.033,262.574,261.406,250.773
1780889304.519556,-4.958,-51.071,0.002,0.032,262.25,261.523,250.942
1780889304.530292,-3.211,-50.643,0.001,0.032,261.922,261.689,251.075
1780889304.544409,-3.211,-51.0,0.001,0.032,261.972,261.68,251.041
1780889304.5816991,-1.915,-49.786,-0.0,0.031,261.642,261.743,251.265
1780889304.5821419,-1.183,-49.214,-0.001,0.03,261.499,261.74,251.388
1780889304.5824819,-0.676,-48.643,-0.001,0.03,261.376,261.737,251.494
1780889304.593045,0.113,-48.071,-0.001,0.029,261.208,261.786,251.596
1780889304.6073742,0.901,-47.714,-0.002,0.029,261.063,261.857,251.659
1780889304.618135,1.972,-46.357,-0.002,0.028,260.805,261.852,251.886
1780889304.631574,2.592,-45.643,-0.003,0.027,260.659,261.863,252.002
1780889304.645965,2.592,-45.643,-0.003,0.027,260.659,261.863,252.002
1780889304.656626,4.0,-43.643,-0.004,0.026,260.26,261.885,252.331
1780889304.670402,5.296,-40.714,-0.005,0.024,259.839,261.776,252.796
1780889304.680962,5.634,-40.5,-0.005,0.024,259.805,261.797,252.808
1780889304.6954181,6.592,-40.214,-0.005,0.023,259.658,261.919,252.835
1780889304.7090318,6.592,-40.214,-0.005,0.023,259.658,261.919,252.835
1780889304.7198029,8.0,-37.0,-0.006,0.021,259.209,261.811,253.331
1780889304.7333639,9.183,-35.929,-0.007,0.02,258.959,261.897,253.484
1780889304.7449589,9.521,-34.929,-0.007,0.02,258.858,261.843,253.624
1780889304.758334,9.915,-34.286,-0.007,0.019,258.78,261.836,253.701
1780889304.7947688,11.324,-31.5,-0.008,0.017,258.384,261.785,254.112
1780889304.7952409,12.0,-30.0,-0.009,0.016,258.184,261.745,254.335
1780889304.7967942,12.282,-28.786,-0.009,0.016,258.075,261.668,254.505
1780889304.80732,12.282,-28.786,-0.009,0.016,258.075,261.668,254.505
1780889304.821153,14.028,-25.0,-0.01,0.013,257.495,261.591,255.126
1780889304.8356202,14.873,-23.643,-0.01,0.012,257.295,261.6,255.31
1780889304.846174,15.38,-22.357,-0.011,0.011,257.156,261.559,255.481
1780889304.859892,16.056,-19.571,-0.011,0.009,256.91,261.401,255.865
1780889304.8745432,16.901,-18.357,-0.012,0.009,256.722,261.429,256.024
1780889304.884971,17.352,-17.286,-0.012,0.008,256.61,261.404,256.158
1780889304.8985941,17.746,-16.0,-0.012,0.007,256.487,261.348,256.333
1780889304.9093351,18.479,-13.143,-0.012,0.006,256.221,261.201,256.733
1780889304.922953,18.986,-11.643,-0.013,0.005,256.06,261.148,256.946
1780889304.9372978,19.211,-10.643,-0.013,0.004,255.987,261.096,257.068
1780889304.947833,20.169,-7.929,-0.013,0.002,255.647,261.001,257.506
1780889304.961397,20.451,-6.857,-0.013,0.002,255.562,260.954,257.637
1780889304.99553,20.394,-5.5,-0.013,0.001,255.502,260.823,257.823
1780889304.9959629,20.901,-4.5,-0.014,0.0,255.386,260.825,257.943
1780889305.000126,21.465,-3.429,-0.014,-0.0,255.3,260.84,258.018
1780889305.010497,22.197,-4.214,-0.014,0.001,255.301,261.051,257.818
1780889305.025014,23.155,-5.357,-0.015,0.002,255.295,261.33,257.561
1780889305.03563,23.775,-5.786,-0.015,0.002,255.275,261.475,257.447
1780889305.049359,25.634,-5.929,-0.017,0.003,255.074,261.792,257.363
1780889305.0630789,26.704,-5.929,-0.017,0.003,254.945,261.963,257.339
1780889305.074259,26.986,-6.286,-0.017,0.003,254.969,262.031,257.252
1780889305.0879328,27.662,-5.929,-0.018,0.003,254.866,262.095,257.3
1780889305.0986938,28.676,-5.071,-0.018,0.003,254.701,262.151,257.421
1780889305.112759,29.296,-4.786,-0.019,0.002,254.613,262.213,257.456
1780889305.126837,29.352,-4.786,-0.019,0.002,254.636,262.207,257.438
1780889305.137516,29.69,-4.857,-0.019,0.003,254.619,262.257,257.409
1780889305.151127,30.366,-4.286,-0.019,0.002,254.519,262.287,257.486
1780889305.161872,30.423,-4.5,-0.019,0.002,254.554,262.305,257.433
1780889305.176064,30.761,-4.143,-0.019,0.002,254.494,262.315,257.487
1780889305.214568,31.099,-4.286,-0.019,0.002,254.497,262.364,257.439
1780889305.215081,31.268,-4.214,-0.02,0.002,254.484,262.374,257.443
1780889305.2154062,31.268,-4.643,-0.019,0.003,254.539,262.406,257.356
1780889305.225206,31.493,-4.5,-0.02,0.003,254.508,262.42,257.377
1780889305.238796,31.211,-4.429,-0.019,0.003,254.571,262.344,257.38
1780889305.252835,31.549,-4.571,-0.019,0.003,254.543,262.41,257.348
1780889305.263179,31.38,-4.571,-0.019,0.003,254.58,262.373,257.345
1780889305.277637,31.38,-4.714,-0.019,0.003,254.601,262.38,257.315
1780889305.288429,31.042,-5.5,-0.019,0.004,254.735,262.388,257.168
1780889305.3022678,30.873,-5.357,-0.019,0.004,254.752,262.339,257.196
1780889305.316486,30.986,-5.786,-0.019,0.004,254.775,262.397,257.118
1780889305.327067,30.761,-5.786,-0.019,0.004,254.811,262.353,257.121
1780889305.340776,30.535,-6.214,-0.018,0.004,254.884,262.351,257.048
1780889305.351597,30.085,-6.643,-0.018,0.004,254.989,262.312,256.974
1780889305.365768,29.915,-6.714,-0.018,0.005,255.017,262.288,256.967
1780889305.3763578,29.69,-7.357,-0.018,0.005,255.104,262.313,256.855
1780889305.389929,28.62,-7.857,-0.017,0.005,255.298,262.178,256.778
1780889305.425374,28.169,-7.929,-0.017,0.005,255.364,262.109,256.774
1780889305.4258099,27.718,-8.429,-0.016,0.006,255.466,262.084,256.691
1780889305.428549,26.873,-9.714,-0.016,0.007,255.683,262.074,256.48
1780889305.439136,26.423,-10.071,-0.015,0.007,255.768,262.035,256.428
1780889305.452794,25.803,-10.429,-0.015,0.007,255.879,261.968,256.378
1780889305.467055,25.239,-10.643,-0.015,0.007,255.967,261.898,256.353
1780889305.4775622,24.225,-11.571,-0.014,0.008,256.166,261.83,256.214
1780889305.491339,23.718,-11.929,-0.014,0.008,256.256,261.786,256.165
1780889305.505929,23.268,-12.5,-0.013,0.008,256.355,261.773,256.077
1780889305.516269,22.479,-12.786,-0.013,0.009,256.481,261.674,256.042
1780889305.530022,21.408,-13.714,-0.012,0.009,256.682,261.603,255.907
1780889305.540668,21.07,-13.5,-0.012,0.009,256.69,261.533,255.961
1780889305.555187,20.225,-14.286,-0.011,0.01,256.87,261.477,255.835
1780889305.568875,20.225,-14.286,-0.011,0.01,256.87,261.477,255.835
1780889305.579319,18.31,-15.857,-0.01,0.011,257.255,261.33,255.592
1780889305.5929978,17.634,-16.286,-0.009,0.011,257.369,261.27,255.535
1780889305.629557,17.014,-16.714,-0.009,0.011,257.474,261.221,255.479
1780889305.6300328,16.169,-18.571,-0.009,0.012,257.712,261.287,255.19
1780889305.631498,15.944,-19.071,-0.009,0.013,257.76,261.308,255.125
1780889305.6421912,15.155,-19.286,-0.008,0.013,257.873,261.203,255.111
1780889305.656634,14.423,-18.714,-0.008,0.012,257.904,261.034,255.233
1780889305.670228,11.944,-17.5,-0.006,0.011,258.128,260.53,255.478
1780889305.680782,10.761,-16.357,-0.005,0.01,258.18,260.245,255.69
1780889305.69507,8.845,-15.786,-0.004,0.01,258.404,259.901,255.795
1780889305.708916,8.845,-15.786,-0.004,0.01,258.404,259.901,255.795
1780889305.719584,5.521,-14.5,-0.001,0.009,258.789,259.265,256.024
1780889305.733153,2.366,-13.071,0.001,0.008,259.127,258.664,256.275
1780889305.744168,0.507,-11.857,0.002,0.007,259.27,258.309,256.481
1780889305.758104,-0.958,-11.571,0.003,0.007,259.436,258.109,256.517
1780889305.768822,-4.282,-10.357,0.005,0.006,259.771,257.592,256.704
1780889305.782454,-6.254,-9.357,0.007,0.005,259.953,257.254,256.867
1780889305.796694,-7.437,-9.429,0.007,0.005,260.106,257.142,256.833
1780889305.832173,-9.408,-8.786,0.009,0.005,260.322,256.84,256.931
1780889305.832627,-11.042,-8.286,0.01,0.004,260.495,256.607,257.002
1780889305.832994,-14.141,-7.143,0.012,0.004,260.852,256.091,257.19
1780889305.845797,-15.831,-7.071,0.013,0.004,261.073,255.899,257.18
1780889305.8595939,-17.07,-6.286,0.013,0.003,261.147,255.713,257.302
1780889305.870198,-20.056,-5.786,0.015,0.003,261.49,255.356,257.349
1780889305.884282,-21.465,-5.286,0.016,0.003,261.624,255.168,257.42
1780889305.894895,-22.986,-5.0,0.017,0.002,261.8,254.982,257.451
1780889305.908658,-25.746,-3.643,0.018,0.001,262.028,254.582,257.659
1780889305.9192572,-25.746,-3.643,0.018,0.001,262.028,254.582,257.659
1780889305.932982,-28.338,-3.357,0.02,0.001,262.394,254.235,257.688
1780889305.947273,-29.465,-2.786,0.021,0.001,262.473,254.088,257.771
1780889305.957851,-31.887,-2.714,0.022,0.001,262.832,253.79,257.761
1780889305.972128,-32.845,-2.857,0.023,0.001,262.952,253.731,257.715
1780889305.9822469,-32.845,-2.857,0.023,0.001,262.952,253.731,257.715
1780889305.996445,-35.042,-2.786,0.024,0.001,263.271,253.466,257.709
1780889306.0101938,-35.831,-2.929,0.025,0.001,263.361,253.43,257.667
1780889306.047463,-37.746,-2.786,0.026,0.001,263.624,253.199,257.678
1780889306.04783,-38.648,-2.714,0.026,0.001,263.713,253.125,257.678
1780889306.048202,-38.648,-2.714,0.026,0.001,263.713,253.125,257.678
1780889306.059198,-41.014,-2.857,0.028,0.002,264.09,252.851,257.639
1780889306.072813,-41.746,-2.786,0.028,0.002,264.147,252.802,257.641
1780889306.083387,-41.746,-2.786,0.028,0.002,264.147,252.802,257.641
1780889306.0976121,-41.746,-2.786,0.028,0.002,264.147,252.802,257.641
1780889306.108254,-44.282,-3.929,0.03,0.002,264.662,252.587,257.421
1780889306.1220238,-44.563,-4.0,0.03,0.003,264.649,252.613,257.404
1780889306.136297,-45.127,-4.714,0.03,0.003,264.76,252.647,257.271
1780889306.1468642,-45.352,-5.643,0.03,0.004,264.835,252.743,257.103
1780889306.1604931,-45.746,-5.857,0.03,0.004,264.868,252.748,257.069
1780889306.171089,-45.746,-6.786,0.03,0.005,264.909,252.867,256.906
1780889306.185405,-45.746,-6.857,0.029,0.005,264.862,252.909,256.902
1780889306.19913,-45.634,-7.286,0.029,0.005,264.838,252.993,256.833
1780889306.2097569,-45.915,-7.286,0.029,0.005,264.803,253.005,256.851
1780889306.22342,-46.648,-7.357,0.029,0.005,264.907,252.926,256.845
1780889306.261049,-46.704,-7.714,0.029,0.005,264.918,252.971,256.788
1780889306.261473,-46.817,-8.143,0.029,0.006,264.95,253.01,256.719
1780889306.261812,-46.817,-8.143,0.029,0.006,264.95,253.01,256.719
1780889306.272522,-46.817,-8.143,0.029,0.006,264.95,253.01,256.719
1780889306.2864141,-46.817,-8.143,0.029,0.006,264.95,253.01,256.719
1780889306.296979,-46.817,-8.143,0.029,0.006,264.95,253.01,256.719
1780889306.3106802,-45.239,-10.786,0.028,0.008,264.879,253.493,256.271
1780889306.325139,-44.958,-11.357,0.027,0.008,264.862,253.587,256.187
1780889306.3356009,-44.676,-11.643,0.027,0.008,264.817,253.655,256.155
1780889306.3495271,-43.662,-12.786,0.026,0.009,264.714,253.899,255.989
1780889306.360095,-42.986,-12.786,0.026,0.009,264.575,253.994,256.009
1780889306.374717,-42.197,-13.286,0.025,0.009,264.474,254.147,255.938
1780889306.388015,-41.352,-14.214,0.024,0.01,264.411,254.343,255.791
1780889306.3988638,-40.901,-14.0,0.024,0.009,264.302,254.376,255.85
1780889306.4124959,-38.93,-15.071,0.023,0.01,264.056,254.752,255.678
1780889306.426851,-38.141,-15.857,0.022,0.011,264.0,254.916,255.559
1780889306.464386,-37.634,-16.0,0.022,0.011,263.929,254.98,255.556
1780889306.464857,-35.437,-17.0,0.02,0.011,263.656,255.348,255.42
1780889306.4652338,-34.535,-16.857,0.02,0.011,263.493,255.443,255.466
1780889306.4761589,-33.408,-17.643,0.019,0.012,263.389,255.654,255.345
1780889306.4897752,-31.211,-18.357,0.017,0.012,263.109,255.987,255.259
1780889306.500465,-30.141,-18.786,0.017,0.012,262.985,256.153,255.202
1780889306.514806,-29.183,-19.357,0.016,0.013,262.897,256.314,255.121
1780889306.5285928,-28.056,-19.929,0.015,0.013,262.78,256.501,255.04
1780889306.539267,-25.634,-21.214,0.014,0.014,262.537,256.91,254.854
1780889306.552931,-25.634,-21.214,0.014,0.014,262.537,256.91,254.854
1780889306.563499,-22.93,-22.071,0.012,0.015,262.178,257.369,254.726
1780889306.577866,-21.972,-22.286,0.011,0.015,262.067,257.486,254.712
1780889306.591754,-19.155,-23.0,0.009,0.015,261.722,257.893,254.629
1780889306.6026418,-17.69,-23.5,0.008,0.015,261.557,258.118,254.563
1780889306.616631,-16.225,-23.643,0.007,0.015,261.358,258.31,254.559
1780889306.630445,-13.352,-24.286,0.006,0.016,261.012,258.718,254.485
1780889306.66627,-11.831,-24.429,0.005,0.016,260.811,258.919,254.478
1780889306.666622,-10.423,-24.714,0.004,0.016,260.645,259.115,254.446
1780889306.666989,-8.958,-25.286,0.003,0.016,260.498,259.348,254.363
1780889306.6794481,-6.31,-25.5,0.001,0.016,260.167,259.681,254.356
1780889306.693277,-4.62,-25.786,0.0,0.016,259.959,259.927,254.322
1780889306.7044559,-3.268,-25.714,-0.001,0.016,259.775,260.081,254.349
1780889306.718056,-1.634,-26.214,-0.002,0.017,259.6,260.339,254.275
1780889306.7287161,1.296,-26.357,-0.004,0.017,259.229,260.717,254.276
1780889306.7425768,2.817,-26.857,-0.005,0.017,259.077,260.957,254.201
1780889306.75699,4.563,-26.786,-0.006,0.017,258.835,261.18,254.226
1780889306.767401,5.803,-26.929,-0.006,0.017,258.699,261.338,254.213
1780889306.78097,8.845,-26.857,-0.008,0.017,258.252,261.785,254.235
1780889306.791834,8.845,-26.857,-0.008,0.017,258.252,261.785,254.235
1780889306.805851,12.113,-26.857,-0.011,0.017,257.786,262.277,254.244
1780889306.819732,14.479,-27.071,-0.012,0.017,257.493,262.63,254.215
1780889306.8300009,14.479,-27.071,-0.012,0.017,257.493,262.63,254.215
1780889306.8446321,17.69,-27.357,-0.015,0.017,257.078,263.14,254.173
1780889306.882425,18.817,-27.286,-0.015,0.017,256.966,263.24,254.194
1780889306.8828511,21.521,-27.286,-0.017,0.017,256.61,263.634,254.201
1780889306.88323,22.873,-27.5,-0.018,0.017,256.491,263.806,254.171
1780889306.892941,22.873,-27.5,-0.018,0.017,256.491,263.806,254.171
1780889306.907146,22.873,-27.5,-0.018,0.017,256.491,263.806,254.171
1780889306.920949,26.986,-26.786,-0.02,0.017,255.858,264.384,254.301
1780889306.931453,26.986,-26.786,-0.02,0.017,255.858,264.384,254.301
1780889306.945675,30.648,-26.5,-0.023,0.016,255.348,264.923,254.352
1780889306.9596171,30.648,-26.5,-0.023,0.016,255.348,264.923,254.352
1780889306.9700742,34.366,-25.786,-0.025,0.016,254.804,265.426,254.477
1780889306.98437,35.437,-25.714,-0.026,0.016,254.728,265.506,254.487
1780889306.994816,35.437,-25.714,-0.026,0.016,254.728,265.506,254.487
1780889307.008658,38.141,-24.857,-0.027,0.015,254.418,265.71,254.631
1780889307.0224252,39.268,-25.143,-0.028,0.015,254.354,265.857,254.576
1780889307.0331452,40.282,-24.429,-0.028,0.015,254.217,265.878,254.697
1780889307.047541,40.901,-24.286,-0.028,0.015,254.186,265.893,254.715
1780889307.084703,42.535,-23.857,-0.029,0.014,254.041,265.998,254.776
1780889307.085054,43.38,-23.429,-0.029,0.014,253.941,266.04,254.844
1780889307.086119,44.169,-23.357,-0.029,0.014,253.877,266.114,254.848
1780889307.096684,44.901,-22.286,-0.03,0.013,253.733,266.073,255.029
1780889307.110486,45.972,-22.071,-0.03,0.013,253.664,266.139,255.045
1780889307.124846,46.535,-21.571,-0.03,0.013,253.588,266.14,255.122
1780889307.135241,46.761,-21.0,-0.03,0.012,253.553,266.074,255.212
1780889307.148951,46.761,-21.0,-0.03,0.012,253.553,266.074,255.212
1780889307.162838,48.225,-19.286,-0.031,0.011,253.235,266.121,255.501
1780889307.1734688,48.507,-18.786,-0.031,0.011,253.201,266.08,255.57
1780889307.187829,48.789,-18.214,-0.031,0.01,253.157,266.036,255.652
1780889307.198406,48.958,-17.5,-0.031,0.01,253.157,265.929,255.74
1780889307.21227,49.014,-16.857,-0.031,0.01,253.132,265.846,255.835
1780889307.226539,48.958,-16.286,-0.031,0.009,253.128,265.754,255.917
1780889307.23723,49.07,-15.5,-0.031,0.009,253.077,265.674,256.036
1780889307.25088,49.183,-14.714,-0.031,0.008,253.055,265.584,256.134
1780889307.2874932,49.352,-14.071,-0.031,0.008,253.003,265.538,256.227
1780889307.287803,48.845,-13.071,-0.03,0.007,253.02,265.33,256.385
1780889307.289322,48.732,-12.071,-0.03,0.006,252.999,265.201,256.516
1780889307.299839,48.451,-11.643,-0.03,0.006,253.026,265.106,256.569
1780889307.3142028,48.0,-11.214,-0.029,0.006,253.075,264.982,256.623
1780889307.328041,47.775,-10.643,-0.029,0.006,253.076,264.887,256.703
1780889307.338618,46.986,-9.786,-0.028,0.005,253.146,264.673,256.812
1780889307.352415,46.479,-9.429,-0.028,0.005,253.202,264.556,256.854
1780889307.362912,45.972,-8.929,-0.027,0.005,253.244,264.426,256.923
1780889307.377356,45.352,-8.5,-0.027,0.004,253.306,264.286,256.979
1780889307.391136,43.662,-7.786,-0.026,0.004,253.501,263.927,257.087
1780889307.401958,43.437,-6.143,-0.026,0.003,253.394,263.742,257.364
1780889307.416098,42.817,-6.357,-0.025,0.003,253.507,263.683,257.297
1780889307.426811,42.085,-6.357,-0.025,0.003,253.616,263.581,257.272
1780889307.4405172,40.507,-5.786,-0.023,0.003,253.792,263.301,257.335
1780889307.454657,39.662,-5.286,-0.023,0.003,253.869,263.132,257.406
1780889307.491789,38.761,-5.214,-0.022,0.003,253.989,262.998,257.399
1780889307.492202,37.014,-5.0,-0.021,0.003,254.208,262.739,257.402
1780889307.492566,36.0,-5.071,-0.02,0.003,254.352,262.604,257.373
1780889307.503189,34.648,-4.714,-0.019,0.003,254.508,262.368,257.424
1780889307.517399,34.028,-5.357,-0.019,0.003,254.638,262.363,257.292
1780889307.5279381,32.282,-6.214,-0.018,0.004,254.932,262.217,257.12
1780889307.541636,31.211,-6.071,-0.017,0.004,255.057,262.051,257.141
1780889307.552342,30.535,-7.071,-0.017,0.005,255.221,262.07,256.955
1780889307.566806,29.577,-6.357,-0.016,0.004,255.276,261.866,257.085
1780889307.58033,27.155,-6.714,-0.015,0.004,255.621,261.557,257.016
1780889307.590952,26.141,-6.786,-0.014,0.004,255.75,261.428,257.002
1780889307.605414,25.183,-6.857,-0.013,0.004,255.871,261.309,256.989
1780889307.6158478,24.113,-7.357,-0.013,0.005,256.047,261.213,256.898
1780889307.629688,21.634,-7.571,-0.011,0.005,256.379,260.889,256.864
1780889307.640641,20.732,-7.929,-0.011,0.005,256.513,260.811,256.802
1780889307.654542,20.732,-7.929,-0.011,0.005,256.513,260.811,256.802
1780889307.668215,18.197,-8.571,-0.009,0.006,256.929,260.485,256.69
1780889307.7073221,15.775,-9.714,-0.007,0.007,257.32,260.274,256.5
1780889307.7076821,14.648,-10.071,-0.007,0.007,257.481,260.162,256.446
1780889307.708014,14.648,-10.071,-0.007,0.007,257.481,260.162,256.446
1780889307.717184,12.113,-10.929,-0.005,0.007,257.913,259.864,256.303
1780889307.730817,9.634,-11.571,-0.003,0.008,258.255,259.606,256.214
1780889307.741364,8.394,-12.0,-0.003,0.008,258.437,259.488,256.151
1780889307.755696,7.099,-12.286,-0.002,0.008,258.615,259.346,256.114
1780889307.769482,4.676,-12.857,-0.0,0.009,258.945,259.093,256.038
1780889307.780004,4.676,-12.857,-0.0,0.009,258.945,259.093,256.038
1780889307.7947001,2.254,-13.857,0.001,0.009,259.377,258.836,255.873
1780889307.8050969,2.254,-13.857,0.001,0.009,259.377,258.836,255.873
1780889307.818688,-1.352,-15.357,0.004,0.01,259.98,258.487,255.642
1780889307.829359,-1.352,-15.357,0.004,0.01,259.98,258.487,255.642
1780889307.8430982,-3.944,-16.571,0.005,0.011,260.459,258.229,255.446
1780889307.8574662,-4.958,-17.143,0.006,0.012,260.606,258.17,255.368
1780889307.868041,-7.099,-18.0,0.007,0.012,260.899,258.0,255.264
1780889307.8817139,-8.451,-18.571,0.008,0.013,261.111,257.882,255.185
1780889307.919004,-9.352,-19.429,0.008,0.013,261.276,257.861,255.057
1780889307.9193459,-10.535,-19.286,0.009,0.013,261.392,257.701,255.106
1780889307.9202828,-12.789,-20.0,0.01,0.013,261.779,257.45,255.001
1780889307.930517,-13.577,-21.0,0.011,0.014,261.94,257.462,254.848
1780889307.9449012,-13.577,-21.0,0.011,0.014,261.94,257.462,254.848
1780889307.9587798,-15.831,-21.714,0.012,0.014,262.328,257.211,254.746
1780889307.969264,-16.845,-22.286,0.013,0.015,262.485,257.147,254.671
1780889307.9829178,-18.93,-23.143,0.014,0.015,262.86,256.939,254.546
1780889307.994254,-19.662,-24.0,0.015,0.016,262.995,256.946,254.423
1780889308.008115,-20.789,-25.214,0.015,0.017,263.165,256.958,254.265
1780889308.0220969,-22.085,-24.214,0.016,0.016,263.222,256.699,254.466
1780889308.032535,-22.873,-24.714,0.016,0.016,263.346,256.659,254.399
1780889308.046906,-23.38,-24.857,0.016,0.016,263.385,256.629,254.394
1780889308.0606332,-25.014,-25.0,0.017,0.016,263.569,256.456,254.404
1780889308.071499,-25.634,-25.071,0.017,0.016,263.63,256.399,254.408
1780889308.085815,-26.254,-25.143,0.018,0.016,263.694,256.342,254.409
1780889308.123007,-26.704,-25.357,0.018,0.016,263.745,256.322,254.385
1780889308.1233878,-28.0,-25.5,0.018,0.016,263.894,256.193,254.386
1780889308.124452,-28.676,-25.571,0.019,0.016,263.977,256.122,254.384
1780889308.1348312,-29.07,-25.857,0.019,0.016,264.033,256.115,254.344
1780889308.1486442,-29.634,-25.571,0.019,0.016,264.021,256.051,254.416
1780889308.1624398,-30.028,-25.357,0.019,0.016,264.034,255.994,254.46
1780889308.172897,-30.423,-25.5,0.019,0.016,264.086,255.97,254.44
1780889308.187412,-30.592,-25.357,0.019,0.016,264.07,255.953,254.47
1780889308.197984,-31.042,-25.0,0.02,0.015,264.057,255.894,254.539
1780889308.2118342,-31.437,-25.071,0.02,0.015,264.111,255.858,254.528
1780889308.226356,-31.549,-25.0,0.02,0.015,264.099,255.853,254.543
1780889308.236817,-31.718,-24.786,0.02,0.015,264.085,255.826,254.582
1780889308.250644,-31.775,-24.5,0.02,0.015,264.028,255.824,254.632
1780889308.264948,-31.549,-24.286,0.019,0.015,263.949,255.854,254.668
1780889308.2757702,-31.549,-24.071,0.019,0.015,263.915,255.848,254.704
1780889308.289299,-31.38,-23.429,0.019,0.014,263.799,255.84,254.81
1780889308.32707,-31.437,-23.429,0.019,0.014,263.802,255.842,254.805
1780889308.3274162,-31.155,-23.071,0.019,0.014,263.709,255.863,254.864
1780889308.327898,-30.817,-22.857,0.019,0.014,263.623,255.905,254.896
1780889308.338332,-30.817,-22.857,0.019,0.014,263.623,255.905,254.896
1780889308.3522298,-29.746,-21.643,0.018,0.013,263.307,255.969,255.104
1780889308.3665369,-29.634,-21.286,0.018,0.013,263.258,255.959,255.157
1780889308.377263,-28.845,-20.857,0.017,0.012,263.083,256.048,255.221
1780889308.390976,-28.282,-20.0,0.017,0.012,262.919,256.062,255.349
1780889308.4015281,-27.662,-19.357,0.016,0.011,262.759,256.102,255.45
1780889308.415919,-26.986,-19.071,0.016,0.011,262.629,256.182,255.486
1780889308.429705,-25.69,-18.286,0.015,0.011,262.362,256.307,255.598
1780889308.440202,-25.296,-17.929,0.014,0.01,262.28,256.332,255.646
1780889308.4545238,-24.563,-17.786,0.014,0.01,262.161,256.428,255.656
1780889308.4686239,-23.437,-16.643,0.013,0.01,261.877,256.495,255.845
1780889308.479001,-22.197,-16.857,0.012,0.01,261.741,256.692,255.772
1780889308.492779,-21.859,-16.643,0.012,0.01,261.69,256.714,255.796
1780889308.529956,-21.127,-16.5,0.012,0.01,261.578,256.805,255.808
1780889308.530333,-20.394,-15.929,0.011,0.009,261.424,256.855,255.898
1780889308.531092,-19.155,-16.0,0.01,0.009,261.279,257.028,255.86
1780889308.5418088,-19.155,-16.0,0.01,0.009,261.279,257.028,255.86
1780889308.556148,-17.127,-16.286,0.009,0.01,260.991,257.359,255.798
1780889308.569728,-16.507,-15.143,0.009,0.009,260.809,257.331,255.993
1780889308.580359,-14.197,-13.786,0.007,0.008,260.324,257.553,256.224
1780889308.594751,-13.239,-13.571,0.006,0.008,260.188,257.662,256.244
1780889308.605356,-12.338,-13.5,0.006,0.008,260.076,257.774,256.24
1780889308.6192498,-10.535,-13.286,0.005,0.008,259.844,257.989,256.248
1780889308.632906,-9.972,-13.143,0.004,0.008,259.78,258.038,256.26
1780889308.64346,-8.62,-13.143,0.003,0.008,259.598,258.229,256.248
1780889308.6576378,-7.718,-13.286,0.003,0.008,259.505,258.358,256.21
1780889308.668434,-5.915,-12.286,0.002,0.007,259.199,258.496,256.368
1780889308.6821399,-5.07,-12.643,0.001,0.008,259.137,258.636,256.292
1780889308.69622,-3.718,-11.643,0.0,0.007,258.863,258.731,256.463
1780889308.734009,-2.761,-11.286,-0.0,0.007,258.718,258.822,256.514
1780889308.734447,-0.789,-11.0,-0.001,0.006,258.461,259.052,256.542
1780889308.734786,0.169,-11.143,-0.002,0.007,258.364,259.19,256.504
1780889308.745383,1.465,-10.571,-0.003,0.006,258.145,259.315,256.597
1780889308.759276,3.437,-10.643,-0.004,0.006,257.926,259.577,256.561
1780889308.769773,4.563,-10.571,-0.005,0.006,257.783,259.721,256.565
1780889308.7840571,5.746,-10.5,-0.006,0.006,257.632,259.874,256.569
1780889308.794515,6.31,-10.571,-0.006,0.006,257.593,259.936,256.548
1780889308.8085902,8.62,-10.286,-0.007,0.006,257.285,260.22,256.585
1780889308.822211,9.465,-10.286,-0.008,0.006,257.194,260.323,256.578
1780889308.832716,9.465,-10.286,-0.008,0.006,257.194,260.323,256.578
1780889308.846976,11.662,-10.857,-0.009,0.007,256.942,260.709,256.468
1780889308.857592,13.803,-10.643,-0.011,0.007,256.676,260.962,256.498
1780889308.8714108,14.761,-10.571,-0.011,0.007,256.564,261.073,256.508
1780889308.885868,15.493,-10.929,-0.011,0.007,256.526,261.188,256.44
1780889308.896254,16.676,-11.143,-0.012,0.007,256.402,261.366,256.4
1780889308.910291,18.197,-10.786,-0.013,0.007,256.217,261.502,256.461
1780889308.95112,19.437,-10.714,-0.014,0.007,256.058,261.665,256.472
1780889308.951484,20.169,-10.857,-0.014,0.007,255.998,261.762,256.445
1780889308.951752,21.859,-11.071,-0.015,0.007,255.833,261.99,256.405
1780889308.959423,22.817,-11.643,-0.016,0.007,255.773,262.171,256.302
1780889308.973244,23.718,-11.429,-0.016,0.007,255.651,262.262,256.343
1780889308.9875379,24.507,-11.429,-0.017,0.007,255.566,262.357,256.344
1780889308.998029,26.028,-11.929,-0.017,0.008,255.446,262.589,256.257
1780889309.011774,26.817,-12.429,-0.018,0.008,255.403,262.736,256.171
1780889309.02618,27.324,-12.357,-0.018,0.008,255.35,262.776,256.189
1780889309.036997,28.225,-12.143,-0.019,0.008,255.224,262.872,256.231
1780889309.050532,29.521,-12.786,-0.019,0.008,255.144,263.088,256.122
1780889309.061048,30.366,-12.929,-0.02,0.008,255.056,263.212,256.101
1780889309.075634,30.535,-13.357,-0.02,0.009,255.097,263.247,256.03
1780889309.089047,31.268,-13.071,-0.02,0.008,254.986,263.31,256.087
1780889309.100024,32.282,-13.857,-0.021,0.009,254.927,263.535,255.951
1780889309.114308,32.958,-14.071,-0.021,0.009,254.869,263.638,255.92
1780889309.152255,33.296,-14.571,-0.021,0.01,254.886,263.711,255.839
1780889309.15267,34.366,-14.857,-0.022,0.01,254.795,263.858,255.805
1780889309.153056,34.761,-15.286,-0.022,0.01,254.794,263.937,255.737
1780889309.16239,34.761,-15.286,-0.022,0.01,254.794,263.937,255.737
1780889309.176915,34.761,-15.286,-0.022,0.01,254.794,263.937,255.737
1780889309.190631,36.056,-16.214,-0.023,0.011,254.72,264.192,255.594
1780889309.201165,35.944,-16.214,-0.023,0.011,254.756,264.136,255.606
1780889309.2155619,36.282,-16.571,-0.023,0.011,254.752,264.202,255.553
1780889309.229398,36.451,-16.786,-0.023,0.011,254.761,264.223,255.526
1780889309.240043,36.958,-17.357,-0.023,0.011,254.76,264.317,255.446
1780889309.254658,36.62,-17.357,-0.023,0.011,254.823,264.229,255.458
1780889309.264967,36.845,-17.5,-0.023,0.011,254.811,264.261,255.443
1780889309.278732,36.789,-18.0,-0.023,0.012,254.88,264.26,255.374
1780889309.2926269,36.789,-18.0,-0.023,0.012,254.886,264.241,255.384
1780889309.303133,36.732,-18.143,-0.023,0.012,254.913,264.229,255.367
1780889309.317564,36.563,-18.5,-0.022,0.012,254.974,264.22,255.313
1780889309.355608,36.507,-19.143,-0.022,0.012,255.043,264.248,255.22
1780889309.356024,36.225,-19.071,-0.022,0.012,255.08,264.177,255.243
1780889309.3563561,35.887,-19.286,-0.022,0.012,255.15,264.129,255.214
1780889309.3664901,35.718,-19.429,-0.022,0.012,255.186,264.106,255.198
1780889309.380071,35.718,-19.429,-0.022,0.012,255.186,264.106,255.198
1780889309.3946939,34.592,-19.643,-0.021,0.013,255.374,263.919,255.169
1780889309.405174,34.31,-19.5,-0.02,0.012,255.398,263.852,255.203
1780889309.418895,33.577,-19.286,-0.02,0.012,255.477,263.701,255.253
1780889309.432582,33.127,-19.786,-0.02,0.013,255.582,263.676,255.17
1780889309.443174,33.014,-19.857,-0.02,0.013,255.595,263.667,255.164
1780889309.4576929,33.014,-19.857,-0.02,0.013,255.595,263.667,255.164
1780889309.468268,31.042,-20.429,-0.018,0.013,255.94,263.379,255.071
1780889309.481705,30.648,-20.5,-0.018,0.013,255.99,263.328,255.067
1780889309.496047,30.141,-20.786,-0.017,0.013,256.076,263.279,255.024
1780889309.506647,29.746,-20.357,-0.017,0.013,256.08,263.177,255.108
1780889309.520257,28.394,-20.286,-0.016,0.013,256.266,262.945,255.126
1780889309.557601,27.887,-20.429,-0.016,0.013,256.337,262.888,255.106
1780889309.557992,27.549,-20.571,-0.016,0.013,256.382,262.862,255.085
1780889309.558768,26.592,-20.357,-0.015,0.013,256.491,262.69,255.128
1780889309.5693178,24.958,-20.643,-0.014,0.013,256.751,262.453,255.082
1780889309.583078,24.338,-20.286,-0.013,0.013,256.789,262.335,255.149
1780889309.5973709,23.662,-20.286,-0.013,0.013,256.87,262.243,255.151
1780889309.607973,22.085,-19.929,-0.012,0.012,257.06,261.96,255.217
1780889309.621911,21.127,-20.071,-0.011,0.012,257.195,261.84,255.192
1780889309.6359959,20.789,-19.857,-0.011,0.012,257.199,261.793,255.231
1780889309.646654,20.789,-19.857,-0.011,0.012,257.199,261.793,255.231
1780889309.6605551,18.028,-19.714,-0.009,0.012,257.564,261.371,255.256
1780889309.670943,17.352,-19.429,-0.009,0.012,257.613,261.264,255.306
1780889309.685518,16.282,-19.143,-0.008,0.012,257.726,261.089,255.354
1780889309.6991282,14.704,-19.357,-0.007,0.012,257.932,260.917,255.312
1780889309.7098901,13.803,-18.929,-0.007,0.012,258.005,260.759,255.387
1780889309.724192,12.732,-19.0,-0.006,0.012,258.152,260.622,255.371
1780889309.758378,12.113,-18.786,-0.006,0.012,258.199,260.535,255.406
1780889309.75875,10.366,-18.429,-0.005,0.011,258.383,260.282,255.463
1780889309.7621279,9.465,-18.357,-0.004,0.011,258.49,260.162,255.471
1780889309.772844,8.394,-18.357,-0.003,0.011,258.632,260.021,255.467
1780889309.787136,7.38,-18.071,-0.003,0.011,258.736,259.863,255.514
1780889309.80108,5.69,-17.786,-0.002,0.011,258.918,259.635,255.554
1780889309.811518,4.676,-17.929,-0.001,0.011,259.064,259.52,255.524
1780889309.825886,3.775,-17.357,-0.001,0.011,259.123,259.356,255.621
1780889309.83635,2.592,-17.5,0.0,0.011,259.297,259.215,255.59
1780889309.8501859,1.014,-17.286,0.001,0.011,259.468,259.016,255.617
1780889309.860802,0.113,-16.929,0.002,0.01,259.548,258.875,255.676
1780889309.875226,-0.62,-16.786,0.002,0.01,259.622,258.782,255.696
1780889309.888722,-0.62,-16.786,0.002,0.01,259.622,258.782,255.696
1780889309.899509,-3.268,-16.5,0.004,0.01,259.962,258.408,255.734
1780889309.9129841,-4.113,-16.286,0.004,0.01,260.045,258.294,255.766
1780889309.92414,-4.113,-16.286,0.004,0.01,260.045,258.294,255.766
1780889309.937928,-4.113,-16.286,0.004,0.01,260.045,258.294,255.766
1780889309.9759529,-7.099,-15.286,0.006,0.009,260.37,257.811,255.93
1780889309.976375,-7.944,-15.714,0.007,0.01,260.515,257.762,255.844
1780889309.9767108,-7.944,-15.714,0.007,0.01,260.515,257.762,255.844
1780889309.9868212,-9.746,-15.5,0.008,0.009,260.716,257.547,255.867
1780889310.000619,-10.93,-15.571,0.008,0.01,260.885,257.408,255.848
1780889310.0149791,-10.93,-15.571,0.008,0.01,260.885,257.408,255.848
1780889310.025496,-12.451,-15.786,0.01,0.01,261.124,257.229,255.805
1780889310.0392,-13.746,-15.786,0.01,0.01,261.261,257.109,255.797
1780889310.0497339,-14.028,-15.857,0.01,0.01,261.276,257.112,255.781
1780889310.0639958,-14.028,-15.857,0.01,0.01,261.276,257.112,255.781
1780889310.0779572,-15.211,-16.357,0.011,0.01,261.489,257.007,255.69
1780889310.088574,-16.394,-16.5,0.011,0.01,261.628,256.909,255.661
1780889310.1021068,-16.958,-16.286,0.012,0.01,261.665,256.834,255.701
1780889310.116503,-16.958,-16.286,0.012,0.01,261.665,256.834,255.701
1780889310.127035,-17.972,-16.786,0.012,0.011,261.853,256.753,255.611
1780889310.140679,-18.873,-16.786,0.013,0.011,261.934,256.676,255.615
1780889310.176358,-19.155,-16.5,0.013,0.01,261.92,256.636,255.667
1780889310.176848,-19.662,-16.786,0.013,0.011,262.004,256.61,255.617
1780889310.179144,-20.338,-17.214,0.013,0.011,262.102,256.595,255.545
1780889310.189575,-20.225,-17.214,0.013,0.011,262.053,256.636,255.548
1780889310.204134,-20.789,-17.286,0.014,0.011,262.132,256.575,255.538
1780889310.217946,-21.014,-17.357,0.014,0.011,262.152,256.566,255.528
1780889310.2285068,-21.465,-17.571,0.014,0.011,262.205,256.552,255.495
1780889310.242133,-21.69,-17.571,0.014,0.011,262.222,256.534,255.498
1780889310.2527301,-21.972,-17.429,0.014,0.011,262.236,256.493,255.526
1780889310.267303,-21.803,-17.929,0.014,0.011,262.237,256.58,255.44
1780889310.280981,-22.141,-17.857,0.014,0.011,262.254,256.544,255.46
1780889310.291774,-22.028,-18.0,0.014,0.011,262.232,256.586,255.438
1780889310.306011,-22.197,-18.071,0.014,0.011,262.255,256.575,255.429
1780889310.3197272,-22.366,-17.857,0.014,0.011,262.237,256.547,255.471
1780889310.330428,-22.028,-18.071,0.014,0.011,262.189,256.628,255.435
1780889310.344515,-22.197,-18.143,0.014,0.011,262.216,256.614,255.425
1780889310.381977,-21.915,-17.929,0.013,0.011,262.136,256.645,255.466
1780889310.3824341,-21.859,-18.286,0.013,0.011,262.15,256.693,255.406
1780889310.382766,-21.859,-18.0,0.013,0.011,262.115,256.67,255.459
1780889310.393304,-21.577,-18.214,0.013,0.011,262.083,256.737,255.422
1780889310.407595,-21.296,-18.643,0.013,0.012,262.074,256.821,255.348
1780889310.421341,-20.845,-18.571,0.012,0.012,261.984,256.883,255.367
1780889310.4318411,-20.451,-18.643,0.012,0.012,261.923,256.949,255.357
1780889310.446261,-20.113,-18.929,0.012,0.012,261.894,257.025,255.31
1780889310.4569979,-19.493,-18.857,0.011,0.012,261.784,257.105,255.329
1780889310.470634,-19.042,-19.214,0.011,0.012,261.746,257.202,255.269
1780889310.4852211,-18.817,-19.286,0.011,0.012,261.72,257.236,255.26
1780889310.495639,-18.197,-18.929,0.01,0.012,261.583,257.293,255.327
1780889310.509494,-17.127,-19.357,0.01,0.012,261.458,257.481,255.258
1780889310.523146,-16.845,-19.357,0.009,0.012,261.42,257.513,255.261
1780889310.534362,-16.563,-18.929,0.009,0.012,261.34,257.506,255.34
1780889310.548032,-15.775,-18.857,0.009,0.012,261.21,257.614,255.353
1780889310.585664,-14.873,-18.643,0.008,0.012,261.063,257.711,255.392
1780889310.586046,-14.366,-18.714,0.008,0.012,261.0,257.785,255.378
1780889310.586669,-13.803,-18.429,0.007,0.011,260.893,257.834,255.429
1780889310.597007,-12.676,-18.5,0.007,0.011,260.744,257.991,255.413
1780889310.610927,-11.662,-18.357,0.006,0.011,260.578,258.124,255.438
1780889310.625473,-11.155,-18.5,0.006,0.011,260.527,258.201,255.411
1780889310.6358771,-10.366,-18.286,0.005,0.011,260.395,258.289,255.448
1780889310.649573,-9.239,-18.0,0.004,0.011,260.223,258.406,255.494
1780889310.660185,-8.62,-17.786,0.004,0.011,260.123,258.466,255.53
1780889310.674565,-7.775,-17.714,0.003,0.011,259.999,258.576,255.539
1780889310.688375,-7.38,-17.714,0.003,0.011,259.959,258.619,255.536
1780889310.6988459,-6.085,-17.643,0.002,0.011,259.787,258.779,255.544
1780889310.712621,-5.352,-17.786,0.002,0.011,259.705,258.89,255.516
1780889310.723331,-4.507,-17.643,0.001,0.011,259.576,258.992,255.539
1780889310.7378619,-3.718,-17.5,0.001,0.011,259.459,259.084,255.562
1780889310.751596,-2.197,-17.071,-0.0,0.01,259.224,259.244,255.632
1780889310.7899158,-1.352,-17.071,-0.001,0.011,259.114,259.358,255.628
1780889310.7902799,-0.789,-17.071,-0.001,0.011,259.051,259.425,255.624
1780889310.790612,1.014,-17.071,-0.002,0.011,258.816,259.67,255.618
1780889310.8005881,1.634,-17.071,-0.002,0.011,258.745,259.744,255.616
1780889310.814949,2.423,-17.0,-0.003,0.011,258.64,259.841,255.626
1780889310.8256361,3.324,-16.643,-0.004,0.01,258.49,259.928,255.687
1780889310.839086,4.901,-16.5,-0.004,0.01,258.285,260.12,255.706
1780889310.849767,5.69,-16.571,-0.005,0.01,258.196,260.23,255.689
1780889310.8642602,6.254,-16.643,-0.005,0.01,258.143,260.301,255.673
1780889310.9033039,7.211,-16.714,-0.006,0.01,258.026,260.44,255.658
1780889310.903594,8.62,-16.286,-0.007,0.01,257.823,260.574,255.73
1780889310.9038541,9.296,-16.429,-0.007,0.01,257.759,260.673,255.701
1780889310.912676,10.085,-16.5,-0.008,0.01,257.671,260.783,255.686
1780889310.927068,10.986,-16.643,-0.008,0.01,257.57,260.919,255.659
1780889310.9408698,12.451,-16.214,-0.009,0.01,257.361,261.062,255.732
1780889310.951426,13.465,-16.857,-0.01,0.011,257.29,261.268,255.614
1780889310.9658098,14.141,-16.5,-0.01,0.01,257.181,261.315,255.678
1780889310.992179,15.549,-16.143,-0.011,0.01,256.987,261.458,255.738
1780889310.9925508,15.831,-16.286,-0.011,0.01,256.987,261.489,255.71
1780889311.004528,16.563,-16.071,-0.011,0.01,256.88,261.564,255.746
1780889311.015179,17.183,-16.214,-0.012,0.01,256.825,261.656,255.718
1780889311.0288398,18.93,-16.143,-0.013,0.01,256.601,261.889,255.728
1780889311.042719,19.042,-16.286,-0.013,0.01,256.626,261.892,255.701
1780889311.053181,20.338,-16.071,-0.014,0.01,256.431,262.066,255.738
1780889311.067611,20.394,-15.929,-0.014,0.01,256.438,262.031,255.762
1780889311.08141,21.803,-16.143,-0.014,0.01,256.292,262.241,255.72
1780889311.091954,22.028,-16.357,-0.015,0.01,256.303,262.273,255.681
1780889311.106315,22.028,-16.357,-0.015,0.01,256.303,262.273,255.681
1780889311.116916,23.718,-16.0,-0.016,0.01,256.06,262.474,255.743
1780889311.1305752,24.169,-16.214,-0.016,0.01,256.035,262.546,255.704
1780889311.144938,24.451,-16.214,-0.016,0.01,256.017,262.568,255.703
1780889311.15553,25.07,-16.5,-0.016,0.01,255.97,262.679,255.652
1780889311.169405,25.803,-16.643,-0.017,0.01,255.913,262.768,255.63
1780889311.206579,26.592,-16.571,-0.017,0.01,255.806,262.874,255.644
1780889311.206959,26.873,-16.286,-0.017,0.01,255.759,262.868,255.695
1780889311.208127,27.211,-16.286,-0.017,0.01,255.729,262.904,255.695
1780889311.218536,27.718,-15.929,-0.018,0.01,255.66,262.912,255.755
1780889311.232254,27.718,-15.929,-0.018,0.01,255.679,262.892,255.754
1780889311.2465641,28.282,-16.5,-0.018,0.01,255.661,263.032,255.65
1780889311.257096,28.732,-16.786,-0.018,0.011,255.65,263.101,255.6
1780889311.270886,29.014,-16.429,-0.018,0.01,255.589,263.096,255.665
1780889311.285504,29.352,-16.929,-0.018,0.011,255.596,263.189,255.577
1780889311.295895,29.465,-16.929,-0.018,0.011,255.592,263.191,255.58
1780889311.309553,29.577,-17.214,-0.018,0.011,255.624,263.207,255.533
1780889311.320072,29.859,-17.214,-0.019,0.011,255.59,263.242,255.537
1780889311.3345761,29.746,-17.429,-0.018,0.011,255.637,263.23,255.501
1780889311.3482711,29.972,-17.571,-0.019,0.011,255.623,263.271,255.48
1780889311.359021,29.746,-17.857,-0.018,0.011,255.697,263.234,255.437
1780889311.372611,29.577,-17.786,-0.018,0.011,255.722,263.187,255.454
1780889311.409989,29.803,-17.929,-0.018,0.011,255.703,263.233,255.432
1780889311.41029,29.69,-17.857,-0.018,0.011,255.721,263.188,255.453
1780889311.411249,29.803,-18.357,-0.018,0.012,255.751,263.253,255.367
1780889311.421877,29.634,-18.5,-0.018,0.012,255.792,263.23,255.347
1780889311.436279,29.577,-18.143,-0.018,0.011,255.77,263.177,255.415
1780889311.45001,29.239,-18.643,-0.018,0.012,255.866,263.158,255.336
1780889311.460576,29.014,-18.643,-0.018,0.012,255.899,263.115,255.34
1780889311.475073,28.789,-18.786,-0.017,0.012,255.945,263.088,255.318
1780889311.4889338,28.394,-18.786,-0.017,0.012,256.003,263.017,255.322
1780889311.499668,27.887,-19.357,-0.017,0.012,256.123,262.988,255.229
1780889311.513206,27.606,-19.0,-0.016,0.012,256.129,262.903,255.297
1780889311.524468,27.268,-19.214,-0.016,0.012,256.195,262.869,255.263
1780889311.538363,26.704,-19.571,-0.016,0.012,256.299,262.814,255.208
1780889311.551967,26.535,-19.5,-0.016,0.012,256.31,262.782,255.225
1780889311.5624478,26.535,-19.5,-0.016,0.012,256.31,262.782,255.225
1780889311.576863,25.296,-19.5,-0.015,0.012,256.495,262.571,255.229
1780889311.615742,24.563,-20.0,-0.014,0.013,256.629,262.512,255.149
1780889311.616174,24.225,-20.214,-0.014,0.013,256.687,262.485,255.116
1780889311.6165109,24.056,-20.5,-0.014,0.013,256.725,262.494,255.071
1780889311.6259289,23.549,-20.071,-0.014,0.013,256.752,262.372,255.152
1780889311.6396632,22.141,-20.214,-0.013,0.013,256.973,262.153,255.131
1780889311.6541271,21.521,-20.214,-0.012,0.013,257.052,262.062,255.134
1780889311.664427,21.296,-20.571,-0.012,0.013,257.101,262.076,255.075
1780889311.6781209,20.451,-20.286,-0.011,0.013,257.19,261.917,255.13
1780889311.692162,20.451,-20.286,-0.011,0.013,257.19,261.917,255.13
1780889311.7026718,18.817,-20.214,-0.01,0.013,257.423,261.647,255.145
1780889311.7168498,18.535,-20.286,-0.01,0.013,257.45,261.629,255.135
1780889311.72733,17.07,-20.214,-0.009,0.013,257.63,261.417,255.151
1780889311.741118,17.07,-20.214,-0.009,0.013,257.63,261.417,255.151
1780889311.755369,15.887,-19.5,-0.008,0.012,257.729,261.169,255.279
1780889311.766072,15.155,-19.5,-0.008,0.012,257.821,261.073,255.277
1780889311.779676,14.197,-19.929,-0.007,0.012,257.965,261.007,255.2
1780889311.816268,13.296,-19.571,-0.007,0.012,258.051,260.845,255.264
1780889311.816749,12.62,-19.5,-0.006,0.012,258.128,260.752,255.275
1780889311.8182778,11.944,-19.214,-0.006,0.012,258.185,260.639,255.324
1780889311.8288481,11.155,-18.857,-0.006,0.012,258.229,260.529,255.383
1780889311.842766,10.085,-19.0,-0.005,0.012,258.392,260.39,255.354
1780889311.857049,9.408,-18.929,-0.004,0.012,258.47,260.299,255.364
1780889311.867499,8.225,-18.571,-0.004,0.011,258.578,260.125,255.422
1780889311.8811781,7.38,-18.214,-0.003,0.011,258.658,259.978,255.481
1780889311.892025,6.873,-18.286,-0.003,0.011,258.723,259.931,255.464
1780889311.906285,5.915,-18.286,-0.002,0.011,258.855,259.801,255.46
1780889311.920088,4.62,-17.857,-0.002,0.011,258.976,259.606,255.527
1780889311.9305751,4.0,-17.643,-0.001,0.011,259.032,259.514,255.56
1780889311.945042,3.042,-17.714,-0.001,0.011,259.171,259.393,255.542
1780889311.955483,2.479,-17.571,-0.0,0.011,259.224,259.318,255.563
1780889311.969568,1.296,-17.286,0.0,0.011,259.34,259.159,255.603
1780889311.983089,0.113,-17.143,0.001,0.011,259.496,258.981,255.624
1780889312.020988,-0.113,-17.071,0.001,0.01,259.5,258.97,255.631
1780889312.021277,-0.901,-16.714,0.002,0.01,259.571,258.837,255.69
1780889312.021621,-2.141,-16.643,0.003,0.01,259.719,258.69,255.692
1780889312.032301,-3.099,-16.571,0.003,0.01,259.846,258.557,255.699
1780889312.042824,-3.437,-16.857,0.003,0.01,259.904,258.56,255.643
1780889312.0571132,-3.887,-16.143,0.004,0.01,259.885,258.449,255.767
1780889312.0707998,-4.62,-16.143,0.004,0.01,259.983,258.36,255.761
1780889312.081434,-4.62,-16.143,0.004,0.01,259.983,258.36,255.761
1780889312.095928,-6.31,-15.643,0.005,0.01,260.193,258.07,255.844
1780889312.106539,-7.549,-15.357,0.006,0.009,260.319,257.912,255.881
1780889312.120553,-7.887,-15.429,0.006,0.009,260.355,257.897,255.861
1780889312.1346,-7.887,-15.429,0.006,0.009,260.355,257.897,255.861
1780889312.14489,-7.887,-15.429,0.006,0.009,260.355,257.897,255.861
1780889312.1586628,-9.915,-15.429,0.007,0.01,260.641,257.639,255.847
1780889312.169396,-9.746,-15.357,0.007,0.009,260.577,257.691,255.855
1780889312.18323,-10.761,-14.5,0.008,0.009,260.64,257.479,256.003
1780889312.1971982,-10.592,-14.5,0.007,0.009,260.587,257.538,255.996
1780889312.234407,-10.592,-14.5,0.007,0.009,260.587,257.538,255.996
1780889312.234823,-10.592,-14.5,0.007,0.009,260.587,257.538,255.996
1780889312.235682,-10.592,-14.5,0.007,0.009,260.587,257.538,255.996
1780889312.2461922,-12.732,-15.143,0.009,0.009,260.989,257.284,255.873
1780889312.259969,-13.239,-14.643,0.009,0.009,260.969,257.22,255.954
1780889312.270474,-13.408,-14.714,0.009,0.009,260.98,257.229,255.936
1780889312.284728,-13.803,-14.429,0.009,0.009,260.995,257.167,255.983
1780889312.298422,-14.028,-14.5,0.009,0.009,261.018,257.163,255.965
1780889312.308883,-14.31,-14.214,0.009,0.009,260.998,257.139,256.008
1780889312.322449,-14.31,-14.214,0.009,0.009,260.998,257.139,256.008
1780889312.33678,-14.31,-14.214,0.009,0.009,260.998,257.139,256.008
1780889312.3472378,-14.31,-14.214,0.009,0.009,260.998,257.139,256.008
1780889312.360836,-14.31,-14.214,0.009,0.009,260.998,257.139,256.008
1780889312.371558,-14.31,-14.214,0.009,0.009,260.998,257.139,256.008
1780889312.3858922,-14.31,-14.214,0.009,0.009,260.998,257.139,256.008
1780889312.399318,-14.31,-14.214,0.009,0.009,260.998,257.139,256.008
1780889312.436664,-14.31,-14.214,0.009,0.009,260.998,257.139,256.008
1780889312.4369621,-14.31,-14.214,0.009,0.009,260.998,257.139,256.008
1780889312.437705,-14.366,-14.071,0.009,0.009,260.975,257.138,256.029
1780889312.448333,-13.915,-14.071,0.009,0.009,260.87,257.246,256.021
1780889312.461993,-14.085,-14.143,0.009,0.009,260.894,257.239,256.004
1780889312.47248,-13.634,-13.929,0.009,0.009,260.787,257.305,256.039
1780889312.4869068,-13.408,-13.714,0.008,0.009,260.721,257.331,256.073
1780889312.5006359,-12.901,-13.857,0.008,0.009,260.64,257.441,256.041
1780889312.511429,-12.451,-13.929,0.007,0.009,260.569,257.524,256.025
1780889312.525585,-12.451,-13.929,0.007,0.009,260.569,257.524,256.025
1780889312.5391748,-12.451,-13.929,0.007,0.009,260.569,257.524,256.025
1780889312.5499089,-10.873,-14.571,0.006,0.009,260.37,257.835,255.907
1780889312.564223,-10.817,-14.286,0.006,0.009,260.337,257.813,255.959
1780889312.575001,-10.085,-14.214,0.006,0.009,260.213,257.919,255.971
1780889312.588601,-9.296,-13.643,0.005,0.009,260.042,257.979,256.073
1780889312.6025732,-9.296,-13.643,0.005,0.009,260.053,257.972,256.069
1780889312.6403,-8.169,-13.357,0.004,0.008,259.848,258.12,256.117
1780889312.640726,-7.944,-13.5,0.004,0.008,259.838,258.16,256.088
1780889312.641106,-7.268,-12.929,0.004,0.008,259.701,258.196,256.182
1780889312.651493,-7.042,-12.0,0.004,0.007,259.59,258.138,256.344
1780889312.665909,-6.479,-12.214,0.003,0.008,259.533,258.241,256.297
1780889312.67662,-5.746,-12.357,0.003,0.008,259.442,258.363,256.264
1780889312.6901262,-4.958,-11.929,0.002,0.007,259.308,258.427,256.33
1780889312.700702,-4.451,-12.143,0.002,0.008,259.263,258.518,256.286
1780889312.715243,-3.775,-12.286,0.001,0.008,259.183,258.628,256.255
1780889312.729116,-3.268,-12.0,0.001,0.007,259.092,258.669,256.303
1780889312.739608,-2.254,-11.929,0.0,0.007,258.958,258.797,256.309
1780889312.753217,-1.577,-11.857,-0.0,0.007,258.861,258.885,256.317
1780889312.764412,-0.958,-11.857,-0.0,0.007,258.78,258.969,256.313
1780889312.778283,0.113,-11.643,-0.001,0.007,258.629,259.089,256.344
1780889312.7918668,0.732,-11.857,-0.002,0.007,258.57,259.193,256.302
1780889312.802911,1.183,-11.929,-0.002,0.008,258.525,259.255,256.287
1780889312.81699,1.577,-11.643,-0.002,0.007,258.456,259.273,256.336
1780889312.856471,2.704,-11.714,-0.003,0.007,258.322,259.427,256.319
1780889312.856849,3.099,-11.786,-0.003,0.007,258.286,259.479,256.304
1780889312.8571799,3.831,-11.857,-0.003,0.008,258.195,259.588,256.289
1780889312.86599,4.507,-11.571,-0.004,0.007,258.081,259.652,256.339
1780889312.8797,5.69,-11.929,-0.005,0.008,257.968,259.839,256.273
1780889312.8903282,5.972,-12.071,-0.005,0.008,257.958,259.877,256.247
1780889312.9048178,6.873,-12.071,-0.005,0.008,257.834,260.006,256.247
1780889312.918647,7.38,-12.214,-0.006,0.008,257.789,260.081,256.221
1780889312.929316,8.338,-11.929,-0.006,0.008,257.652,260.164,256.277
1780889312.942963,9.014,-12.214,-0.007,0.008,257.592,260.283,256.224
1780889312.954048,9.577,-12.214,-0.007,0.008,257.524,260.354,256.225
1780889312.968023,10.31,-12.286,-0.007,0.008,257.435,260.461,256.212
1780889312.9815,11.155,-12.643,-0.008,0.008,257.376,260.591,256.149
1780889312.992196,12.056,-12.714,-0.008,0.008,257.26,260.726,256.138
1780889313.006429,12.225,-12.929,-0.009,0.008,257.275,260.749,256.102
1780889313.016948,13.127,-13.071,-0.009,0.008,257.184,260.868,256.082
1780889313.0306518,13.634,-12.929,-0.009,0.008,257.11,260.917,256.11
1780889313.071549,14.028,-13.5,-0.01,0.009,257.119,261.016,256.01
1780889313.0718951,14.592,-13.357,-0.01,0.009,257.035,261.074,256.04
1780889313.072268,15.493,-13.857,-0.01,0.009,256.974,261.228,255.959
1780889313.082806,15.493,-13.857,-0.01,0.009,256.974,261.228,255.959
1780889313.0938911,15.493,-13.857,-0.01,0.009,256.974,261.228,255.959
1780889313.107579,15.493,-13.857,-0.01,0.009,256.974,261.228,255.959
1780889313.118142,17.634,-14.429,-0.012,0.009,256.728,261.596,255.868
1780889313.1317692,18.085,-14.786,-0.012,0.01,256.71,261.68,255.81
1780889313.146206,18.423,-15.214,-0.012,0.01,256.715,261.751,255.741
1780889313.1566248,18.648,-14.929,-0.012,0.01,256.671,261.733,255.8
1780889313.1705759,18.648,-14.929,-0.012,0.01,256.671,261.733,255.8
1780889313.1848981,19.831,-16.071,-0.013,0.011,256.607,262.024,255.603
1780889313.1954072,20.113,-16.214,-0.013,0.011,256.593,262.056,255.588
1780889313.209192,20.563,-16.643,-0.013,0.011,256.593,262.119,255.531
1780889313.220236,21.127,-17.214,-0.014,0.011,256.571,262.247,255.44
1780889313.234347,21.07,-17.0,-0.014,0.011,256.574,262.187,255.489
1780889313.2724211,21.408,-17.214,-0.014,0.011,256.553,262.243,255.461
1780889313.272793,21.521,-17.786,-0.014,0.012,256.611,262.271,255.379
1780889313.273139,21.859,-17.643,-0.014,0.011,256.555,262.294,255.414
1780889313.2864919,21.915,-18.0,-0.014,0.012,256.588,262.319,255.359
1780889313.29703,22.141,-18.357,-0.014,0.012,256.593,262.375,255.305
1780889313.3108191,22.366,-18.786,-0.014,0.012,256.609,262.421,255.249
1780889313.321501,22.423,-18.714,-0.014,0.012,256.6,262.406,255.271
1780889313.335804,22.366,-19.143,-0.014,0.012,256.653,262.423,255.204
1780889313.349779,22.704,-19.214,-0.014,0.012,256.614,262.46,255.209
1780889313.360186,22.761,-19.071,-0.014,0.012,256.597,262.441,255.242
1780889313.374795,22.592,-19.0,-0.014,0.012,256.622,262.392,255.262
1780889313.3886452,22.704,-19.357,-0.014,0.012,256.64,262.437,255.204
1780889313.398805,22.704,-19.5,-0.014,0.012,256.655,262.441,255.186
1780889313.412226,22.704,-19.5,-0.014,0.012,256.655,262.441,255.186
1780889313.422668,22.704,-19.5,-0.014,0.012,256.655,262.441,255.186
1780889313.437045,22.704,-19.5,-0.014,0.012,256.655,262.441,255.186
1780889313.473826,22.704,-19.5,-0.014,0.012,256.655,262.441,255.186
1780889313.474153,22.704,-19.5,-0.014,0.012,256.655,262.441,255.186
1780889313.475567,22.704,-19.5,-0.014,0.012,256.655,262.441,255.186
1780889313.48927,22.028,-20.071,-0.013,0.013,256.815,262.371,255.092
1780889313.4997609,21.859,-19.857,-0.013,0.013,256.82,262.306,255.144
1780889313.514015,21.803,-19.643,-0.013,0.012,256.807,262.27,255.188
1780889313.5246131,21.408,-19.714,-0.013,0.013,256.874,262.205,255.18
1780889313.538495,21.239,-19.286,-0.013,0.012,256.857,262.131,255.262
1780889313.552345,21.014,-19.214,-0.013,0.012,256.884,262.086,255.277
1780889313.5628102,20.62,-18.929,-0.012,0.012,256.917,261.991,255.328
1780889313.5773172,20.62,-18.929,-0.012,0.012,256.914,261.994,255.328
1780889313.591072,20.0,-18.857,-0.012,0.012,256.997,261.89,255.34
1780889313.6018019,19.662,-18.286,-0.012,0.011,256.994,261.78,255.441
1780889313.6161401,19.268,-18.214,-0.011,0.011,257.046,261.713,255.451
1780889313.626973,18.93,-17.357,-0.011,0.011,257.012,261.588,255.596
1780889313.640651,18.479,-17.929,-0.011,0.011,257.131,261.578,255.489
1780889313.679992,18.141,-17.357,-0.011,0.011,257.126,261.474,255.587
1780889313.680446,17.803,-17.429,-0.01,0.011,257.181,261.435,255.569
1780889313.6807868,17.07,-17.357,-0.01,0.011,257.276,261.327,255.574
1780889313.692904,16.62,-16.929,-0.01,0.01,257.301,261.221,255.646
1780889313.704106,16.225,-17.143,-0.009,0.011,257.375,261.19,255.603
1780889313.7177851,15.775,-16.786,-0.009,0.01,257.404,261.092,255.662
1780889313.7284281,14.873,-16.429,-0.008,0.01,257.496,260.936,255.716
1780889313.742124,14.592,-16.429,-0.008,0.01,257.53,260.905,255.71
1780889313.7565591,14.028,-16.143,-0.008,0.01,257.584,260.799,255.756
1780889313.7670631,13.803,-16.357,-0.008,0.01,257.628,260.8,255.712
1780889313.780811,12.901,-15.857,-0.007,0.01,257.715,260.616,255.797
1780889313.795617,12.338,-15.5,-0.007,0.009,257.76,260.506,255.854
1780889313.8058019,11.493,-15.5,-0.006,0.01,257.882,260.385,255.847
1780889313.819437,11.155,-15.143,-0.006,0.009,257.875,260.338,255.898
1780889313.830148,11.155,-15.143,-0.006,0.009,257.875,260.338,255.898
1780889313.844318,11.155,-15.143,-0.006,0.009,257.875,260.338,255.898
1780889313.882324,9.408,-14.5,-0.005,0.009,258.084,260.005,256.006
1780889313.882745,8.451,-14.071,-0.004,0.009,258.163,259.859,256.065
1780889313.883075,7.718,-15.357,-0.004,0.01,258.384,259.887,255.827
1780889313.8926961,7.606,-13.643,-0.004,0.008,258.223,259.728,256.13
1780889313.9070551,6.873,-13.5,-0.003,0.008,258.313,259.62,256.146
1780889313.92095,5.915,-12.929,-0.003,0.008,258.382,259.461,256.229
1780889313.9313889,5.352,-12.786,-0.002,0.008,258.444,259.381,256.244
1780889313.9456599,4.901,-12.286,-0.002,0.007,258.455,259.287,256.324
1780889313.956238,4.62,-11.429,-0.002,0.007,258.405,259.186,256.467
1780889313.9700952,3.155,-11.929,-0.001,0.007,258.661,259.047,256.353
1780889313.984651,2.873,-11.929,-0.001,0.007,258.69,259.028,256.344
1780889313.994956,2.141,-11.571,-0.0,0.007,258.759,258.9,256.4
1780889314.008852,1.521,-11.714,-0.0,0.007,258.841,258.864,256.356
1780889314.019543,1.07,-11.786,0.0,0.007,258.905,258.82,256.337
1780889314.03321,0.62,-11.643,0.0,0.007,258.948,258.756,256.357
1780889314.044398,0.169,-11.643,0.001,0.007,259.005,258.706,256.351
1780889314.0581398,-0.901,-11.786,0.001,0.007,259.158,258.591,256.315
1780889314.097026,-1.352,-11.643,0.002,0.007,259.2,258.526,256.337
1780889314.0974662,-1.859,-11.643,0.002,0.007,259.266,258.465,256.334
1780889314.097803,-2.197,-11.571,0.002,0.007,259.296,258.426,256.343
1780889314.107193,-2.93,-12.0,0.003,0.008,259.422,258.388,256.26
1780889314.120854,-3.606,-11.857,0.003,0.008,259.501,258.284,256.285
1780889314.135492,-3.718,-12.357,0.003,0.008,259.549,258.332,256.194
1780889314.145926,-4.169,-12.286,0.003,0.008,259.598,258.27,256.207
1780889314.159533,-4.901,-12.429,0.004,0.008,259.696,258.199,256.183
1780889314.170084,-5.408,-12.571,0.004,0.008,259.776,258.147,256.159
1780889314.1846132,-5.859,-12.786,0.004,0.008,259.852,258.112,256.122
1780889314.198356,-6.141,-12.714,0.004,0.008,259.873,258.076,256.137
1780889314.208937,-6.761,-12.714,0.005,0.008,259.939,258.007,256.141
1780889314.2224011,-6.986,-13.071,0.005,0.008,259.993,258.019,256.079
1780889314.233288,-7.324,-12.786,0.005,0.008,260.005,257.953,256.132
1780889314.2476192,-7.606,-13.357,0.005,0.009,260.09,257.975,256.031
1780889314.261184,-8.056,-13.786,0.005,0.009,260.172,257.968,255.962
1780889314.301006,-8.056,-13.786,0.005,0.009,260.172,257.968,255.962
1780889314.301435,-8.056,-13.786,0.005,0.009,260.172,257.968,255.962
1780889314.301785,-8.056,-13.786,0.005,0.009,260.172,257.968,255.962
1780889314.310018,-8.789,-17.0,0.006,0.011,260.565,258.166,255.41
1780889314.324378,-8.901,-17.214,0.006,0.012,260.581,258.172,255.389
1780889314.335088,-8.732,-17.643,0.006,0.012,260.572,258.243,255.329
1780889314.3486562,-8.732,-18.357,0.006,0.012,260.602,258.314,255.235
1780889314.359286,-8.507,-18.857,0.005,0.013,260.594,258.397,255.163
1780889314.372991,-8.563,-18.929,0.005,0.013,260.594,258.392,255.168
1780889314.384254,-8.676,-19.357,0.005,0.013,260.639,258.412,255.108
1780889314.397843,-8.732,-19.571,0.005,0.013,260.654,258.421,255.086
1780889314.411804,-8.732,-19.571,0.005,0.013,260.654,258.421,255.086
1780889314.422076,-8.732,-19.571,0.005,0.013,260.654,258.421,255.086
1780889314.43614,-8.732,-19.571,0.005,0.013,260.654,258.421,255.086
1780889314.4468758,-8.507,-22.357,0.005,0.015,260.872,258.715,254.613
1780889314.460476,-8.507,-22.357,0.005,0.015,260.872,258.715,254.613
1780889314.474763,-8.394,-23.214,0.005,0.016,260.918,258.804,254.489
1780889314.514421,-8.113,-23.214,0.005,0.016,260.851,258.839,254.516
1780889314.514868,-7.775,-23.786,0.005,0.016,260.834,258.937,254.441
1780889314.5152042,-7.718,-24.571,0.005,0.016,260.887,259.007,254.328
1780889314.523883,-7.549,-24.857,0.004,0.017,260.872,259.048,254.304
1780889314.537607,-7.606,-24.643,0.004,0.016,260.848,259.006,254.365
1780889314.5481129,-7.437,-25.214,0.004,0.017,260.854,259.062,254.307
1780889314.561905,-6.93,-25.357,0.004,0.017,260.773,259.148,254.301
1780889314.572456,-6.704,-25.643,0.004,0.017,260.755,259.2,254.269
1780889314.586784,-6.704,-26.071,0.004,0.017,260.791,259.227,254.211
1780889314.6004841,-6.31,-25.929,0.003,0.017,260.699,259.254,254.268
1780889314.6110358,-6.31,-25.929,0.003,0.017,260.699,259.254,254.268
1780889314.625176,-6.31,-25.929,0.003,0.017,260.699,259.254,254.268
1780889314.635705,-6.31,-25.929,0.003,0.017,260.699,259.254,254.268
1780889314.649467,-4.62,-26.714,0.002,0.017,260.487,259.596,254.146
1780889314.663875,-4.507,-26.643,0.002,0.017,260.464,259.589,254.173
1780889314.6747022,-3.831,-26.5,0.002,0.017,260.339,259.67,254.211
1780889314.688426,-3.718,-26.643,0.002,0.017,260.34,259.684,254.198
1780889314.7254589,-2.93,-26.571,0.001,0.017,260.212,259.775,254.23
1780889314.7259111,-2.93,-26.571,0.001,0.017,260.212,259.775,254.23
1780889314.726584,-2.93,-26.571,0.001,0.017,260.212,259.775,254.23
1780889314.73715,-1.859,-25.857,0.0,0.016,259.973,259.867,254.363
1780889314.750908,-0.845,-25.786,-0.0,0.016,259.823,259.994,254.384
1780889314.761508,-0.507,-25.5,-0.001,0.016,259.755,260.004,254.437
1780889314.775771,-0.451,-25.571,-0.001,0.016,259.767,260.003,254.427
1780889314.7895858,0.563,-24.857,-0.001,0.015,259.562,260.071,254.553
1780889314.800214,1.239,-24.286,-0.002,0.015,259.413,260.114,254.652
1780889314.8146272,1.746,-24.214,-0.002,0.015,259.341,260.176,254.66
1780889314.825313,1.915,-24.0,-0.002,0.015,259.313,260.168,254.694
1780889314.83905,2.817,-23.571,-0.003,0.014,259.162,260.248,254.761
1780889314.852693,3.099,-23.214,-0.003,0.014,259.102,260.247,254.818
1780889314.863946,3.718,-23.0,-0.003,0.014,259.0,260.317,254.849
1780889314.877663,3.944,-22.929,-0.003,0.014,258.977,260.334,254.855
1780889314.888428,5.014,-22.357,-0.004,0.014,258.789,260.431,254.942
1780889314.902142,5.296,-21.786,-0.004,0.013,258.711,260.409,255.035
1780889314.940693,5.803,-21.643,-0.004,0.013,258.637,260.469,255.051
1780889314.940993,5.972,-21.286,-0.004,0.013,258.598,260.45,255.105
1780889314.9412532,5.972,-21.286,-0.004,0.013,258.598,260.45,255.105
1780889314.950799,5.972,-21.286,-0.004,0.013,258.598,260.45,255.105
1780889314.965344,7.887,-19.214,-0.006,0.011,258.117,260.56,255.46
1780889314.9758232,8.282,-19.286,-0.006,0.011,258.092,260.62,255.43
1780889314.989492,8.789,-18.286,-0.006,0.011,257.977,260.583,255.574
1780889315.003952,9.465,-18.071,-0.007,0.011,257.877,260.666,255.595
1780889315.014575,9.634,-17.857,-0.007,0.011,257.859,260.661,255.616
1780889315.0282931,10.423,-16.929,-0.007,0.01,257.701,260.683,255.749
1780889315.041964,10.873,-16.357,-0.008,0.01,257.603,260.694,255.834
1780889315.052611,11.211,-15.714,-0.008,0.009,257.517,260.679,255.931
1780889315.0670102,11.887,-16.071,-0.008,0.01,257.469,260.819,255.848
1780889315.0777621,12.113,-14.571,-0.008,0.008,257.347,260.69,256.086
1780889315.091543,12.507,-13.0,-0.008,0.007,257.167,260.598,256.349
1780889315.105747,12.451,-13.071,-0.008,0.007,257.21,260.591,256.312
1780889315.1457229,12.676,-12.929,-0.008,0.007,257.186,260.612,256.316
1780889315.146108,13.07,-12.071,-0.009,0.007,257.094,260.588,256.429
1780889315.146366,13.634,-11.786,-0.009,0.007,257.001,260.653,256.461
1780889315.154902,13.803,-11.5,-0.009,0.007,256.972,260.65,256.493
1780889315.1686668,14.592,-10.786,-0.01,0.006,256.826,260.707,256.585
1780889315.179211,14.423,-9.929,-0.009,0.006,256.797,260.591,256.722
1780889315.1932,14.648,-9.786,-0.009,0.006,256.77,260.614,256.727
1780889315.207398,15.042,-9.5,-0.01,0.005,256.703,260.651,256.76
1780889315.2179132,15.324,-8.571,-0.01,0.005,256.614,260.603,256.894
1780889315.231704,15.549,-8.5,-0.01,0.005,256.592,260.633,256.888
1780889315.242267,15.775,-7.786,-0.01,0.004,256.511,260.6,257.0
1780889315.2566268,15.718,-7.357,-0.01,0.004,256.5,260.549,257.059
1780889315.2703,16.169,-7.0,-0.01,0.004,256.433,260.591,257.088
1780889315.2809432,16.225,-6.857,-0.01,0.004,256.429,260.586,257.097
1780889315.295292,16.394,-6.786,-0.01,0.004,256.412,260.607,257.094
1780889315.306004,16.507,-6.429,-0.01,0.004,256.377,260.591,257.144
1780889315.319659,16.901,-6.143,-0.011,0.004,256.319,260.629,257.168
1780889315.35719,16.62,-6.0,-0.01,0.004,256.364,260.567,257.181
1780889315.357557,16.901,-5.786,-0.011,0.003,256.313,260.594,257.207
1780889315.358132,16.901,-5.429,-0.011,0.003,256.293,260.559,257.26
1780889315.3686368,16.789,-5.286,-0.01,0.003,256.321,260.528,257.26
1780889315.382476,16.845,-5.357,-0.01,0.003,256.328,260.546,257.237
1780889315.393048,16.901,-5.429,-0.01,0.003,256.334,260.564,257.214
1780889315.407557,16.901,-5.571,-0.01,0.004,256.355,260.578,257.18
1780889315.421119,16.901,-5.786,-0.01,0.004,256.387,260.598,257.128
1780889315.4318368,16.958,-5.929,-0.01,0.004,256.396,260.621,257.098
1780889315.446142,16.789,-6.143,-0.01,0.004,256.446,260.612,257.055
1780889315.456706,16.958,-6.429,-0.01,0.004,256.45,260.666,257.001
1780889315.4704819,16.901,-6.643,-0.01,0.005,256.48,260.676,256.961
1780889315.484873,16.676,-6.714,-0.01,0.005,256.523,260.643,256.949
1780889315.4953642,16.451,-7.0,-0.01,0.005,256.584,260.632,256.898
1780889315.509085,16.62,-7.071,-0.01,0.005,256.562,260.666,256.887
1780889315.519558,16.62,-7.071,-0.01,0.005,256.562,260.666,256.887
1780889315.533879,16.62,-7.071,-0.01,0.005,256.562,260.666,256.887
1780889315.572233,15.887,-8.286,-0.01,0.006,256.786,260.66,256.669
1780889315.572672,15.437,-9.071,-0.009,0.006,256.913,260.658,256.544
1780889315.572957,15.324,-9.714,-0.009,0.007,256.981,260.701,256.437
1780889315.582387,15.042,-10.0,-0.009,0.007,257.042,260.679,256.397
1780889315.5967848,14.873,-10.357,-0.009,0.007,257.09,260.684,256.344
1780889315.6106849,14.141,-11.143,-0.008,0.008,257.255,260.635,256.228
1780889315.621014,14.085,-11.5,-0.008,0.008,257.283,260.66,256.177
1780889315.6355488,13.859,-11.857,-0.008,0.008,257.338,260.657,256.126
1780889315.649445,13.127,-12.571,-0.008,0.009,257.493,260.602,256.025
1780889315.6600409,12.563,-13.143,-0.007,0.009,257.62,260.563,255.937
1780889315.6744041,12.507,-12.929,-0.007,0.009,257.592,260.535,255.99
1780889315.685035,12.676,-13.071,-0.007,0.009,257.563,260.58,255.977
1780889315.698765,11.831,-14.071,-0.007,0.01,257.76,260.538,255.824
1780889315.712538,11.775,-14.5,-0.007,0.01,257.792,260.572,255.762
1780889315.723184,11.38,-15.071,-0.007,0.01,257.892,260.563,255.674
1780889315.73744,11.268,-15.5,-0.006,0.011,257.933,260.586,255.614
1780889315.774278,10.592,-16.714,-0.006,0.011,258.119,260.592,255.43
1780889315.774675,10.479,-16.857,-0.006,0.011,258.131,260.587,255.422
1780889315.776063,10.197,-17.143,-0.006,0.012,258.185,260.568,255.389
1780889315.7867498,9.408,-18.0,-0.005,0.012,258.355,260.521,255.27
1780889315.800441,9.07,-18.286,-0.005,0.012,258.416,260.493,255.237
1780889315.8148322,8.901,-18.714,-0.005,0.013,258.464,260.509,255.177
1780889315.825343,8.62,-19.214,-0.005,0.013,258.537,260.512,255.106
1780889315.8390331,7.944,-19.786,-0.004,0.013,258.659,260.458,255.04
1780889315.849449,7.944,-19.786,-0.004,0.013,258.659,260.458,255.04
1780889315.8637629,7.944,-19.786,-0.004,0.013,258.659,260.458,255.04
1780889315.877509,7.944,-19.786,-0.004,0.013,258.659,260.458,255.04
1780889315.888414,5.803,-22.143,-0.003,0.015,259.181,260.334,254.665
1780889315.902126,5.746,-22.0,-0.003,0.015,259.148,260.316,254.712
1780889315.912575,5.521,-22.571,-0.003,0.015,259.212,260.339,254.632
1780889315.926908,4.958,-22.643,-0.002,0.015,259.285,260.256,254.64
1780889315.937624,4.225,-23.071,-0.002,0.015,259.396,260.188,254.6
1780889315.951388,3.887,-23.357,-0.002,0.015,259.453,260.166,254.567
1780889315.990911,3.662,-23.429,-0.002,0.015,259.473,260.142,254.57
1780889315.9912598,2.986,-23.214,-0.001,0.015,259.541,260.015,254.623
1780889315.991533,2.31,-23.786,-0.001,0.015,259.66,259.976,254.549
1780889316.000385,2.028,-24.0,-0.001,0.016,259.705,259.959,254.524
1780889316.014698,1.521,-24.071,-0.0,0.016,259.773,259.89,254.524
1780889316.028608,1.521,-24.143,-0.0,0.016,259.758,259.907,254.523
1780889316.039343,0.901,-24.786,-0.0,0.016,259.879,259.883,254.434
1780889316.052825,0.169,-25.071,0.001,0.016,260.008,259.796,254.395
1780889316.064019,-0.225,-24.857,0.001,0.016,260.032,259.72,254.443
1780889316.077827,-0.563,-25.071,0.001,0.016,260.067,259.705,254.425
1780889316.091796,-0.958,-25.0,0.001,0.016,260.108,259.643,254.445
1780889316.1021771,-1.183,-25.214,0.001,0.016,260.148,259.637,254.414
1780889316.1166239,-1.408,-25.071,0.001,0.016,260.154,259.596,254.446
1780889316.127264,-2.141,-25.071,0.002,0.016,260.244,259.495,254.458
1780889316.1408482,-2.254,-25.0,0.002,0.016,260.239,259.481,254.475
1780889316.155183,-2.648,-25.143,0.002,0.016,260.304,259.44,254.453
1780889316.19382,-2.817,-25.214,0.002,0.016,260.324,259.43,254.445
1780889316.194114,-3.268,-25.286,0.002,0.016,260.376,259.383,254.441
1780889316.1943822,-3.718,-25.357,0.003,0.016,260.445,259.325,254.432
1780889316.2045078,-3.775,-25.429,0.003,0.016,260.447,259.333,254.423
1780889316.2180831,-3.718,-25.214,0.003,0.016,260.403,259.332,254.463
1780889316.228597,-4.282,-24.643,0.003,0.015,260.421,259.203,254.567
1780889316.242275,-4.225,-24.929,0.003,0.016,260.428,259.25,254.516
1780889316.2528121,-4.563,-24.929,0.003,0.016,260.475,259.203,254.517
1780889316.2675111,-4.338,-25.0,0.003,0.016,260.434,259.256,254.505
1780889316.277907,-4.563,-24.571,0.003,0.015,260.416,259.196,254.578
1780889316.291759,-4.676,-24.286,0.003,0.015,260.4,259.158,254.626
1780889316.306014,-4.789,-24.214,0.003,0.015,260.407,259.141,254.637
1780889316.316597,-5.183,-23.929,0.003,0.015,260.44,259.057,254.684
1780889316.330312,-5.183,-23.643,0.003,0.015,260.401,259.049,254.727
1780889316.341105,-5.239,-23.357,0.003,0.014,260.379,259.021,254.773
1780889316.355288,-5.352,-23.286,0.003,0.014,260.388,259.004,254.781
1780889316.369066,-5.352,-22.643,0.003,0.014,260.32,258.96,254.883
1780889316.407211,-5.183,-22.643,0.003,0.014,260.291,258.995,254.877
1780889316.407509,-5.408,-22.714,0.003,0.014,260.335,258.972,254.859
1780889316.407785,-5.239,-22.5,0.003,0.014,260.285,258.986,254.891
1780889316.417879,-5.07,-22.571,0.003,0.014,260.264,259.026,254.873
1780889316.4315462,-5.07,-22.571,0.003,0.014,260.264,259.026,254.873
1780889316.442212,-5.07,-22.571,0.003,0.014,260.264,259.026,254.873
1780889316.456453,-4.563,-21.5,0.003,0.013,260.077,259.012,255.057
1780889316.467065,-4.394,-20.571,0.002,0.012,259.97,258.963,255.202
1780889316.4808981,-4.338,-20.0,0.002,0.012,259.913,258.923,255.291
1780889316.49522,-4.225,-19.786,0.002,0.012,259.882,258.927,255.317
1780889316.505785,-4.394,-19.429,0.002,0.012,259.884,258.871,255.368
1780889316.519779,-3.662,-18.786,0.002,0.011,259.718,258.94,255.456
1780889316.530169,-3.662,-18.5,0.002,0.011,259.701,258.917,255.494
1780889316.544496,-3.493,-18.0,0.002,0.011,259.635,258.901,255.569
1780889316.558285,-3.211,-17.857,0.002,0.011,259.586,258.938,255.581
1780889316.568852,-2.873,-17.286,0.001,0.01,259.5,258.944,255.656
1780889316.582588,-2.479,-17.214,0.001,0.01,259.44,259.004,255.655
1780889316.621836,-2.254,-16.929,0.001,0.01,259.388,259.015,255.694
1780889316.622238,-1.972,-16.643,0.001,0.01,259.327,259.034,255.733
1780889316.622591,-1.352,-16.071,0.0,0.01,259.198,259.081,255.81
1780889316.6314502,-1.352,-15.357,0.0,0.009,259.145,259.012,255.925
1780889316.64589,-1.014,-15.5,0.0,0.009,259.118,259.081,255.885
1780889316.656489,-0.732,-15.214,-0.0,0.009,259.059,259.099,255.924
1780889316.670162,-0.62,-14.929,-0.0,0.009,259.043,259.087,255.951
1780889316.684515,-0.169,-14.571,-0.0,0.009,258.948,259.126,256.003
1780889316.6949592,-0.169,-14.571,-0.0,0.009,258.948,259.126,256.003
1780889316.7087512,0.394,-14.0,-0.001,0.008,258.817,259.163,256.094
1780889316.71922,1.183,-13.786,-0.001,0.008,258.685,259.269,256.119
1780889316.733129,1.465,-13.714,-0.002,0.008,258.651,259.303,256.119
1780889316.7473989,1.803,-13.571,-0.002,0.008,258.601,259.34,256.133
1780889316.758053,2.31,-13.214,-0.002,0.008,258.52,259.376,256.176
1780889316.771681,2.592,-13.286,-0.002,0.008,258.498,259.423,256.152
1780889316.782263,2.873,-13.357,-0.002,0.008,258.476,259.47,256.13
1780889316.7968261,3.324,-13.071,-0.003,0.008,258.392,259.509,256.173
1780889316.834734,3.831,-12.857,-0.003,0.008,258.323,259.557,256.194
1780889316.8351302,4.338,-12.429,-0.003,0.008,258.218,259.592,256.263
1780889316.835478,4.732,-12.786,-0.004,0.008,258.205,259.683,256.19
1780889316.8457532,4.676,-12.643,-0.004,0.008,258.217,259.651,256.209
1780889316.859513,5.352,-12.214,-0.004,0.008,258.099,259.704,256.274
1780889316.873895,5.634,-12.071,-0.004,0.008,258.056,259.728,256.292
1780889316.884535,6.085,-11.571,-0.004,0.007,257.952,259.747,256.375
1780889316.898262,6.085,-11.714,-0.004,0.007,257.982,259.752,256.341
1780889316.90889,6.873,-12.071,-0.005,0.008,257.917,259.902,256.263
1780889316.922425,6.986,-11.714,-0.005,0.007,257.88,259.877,256.323
1780889316.933808,7.718,-11.929,-0.005,0.008,257.797,260.01,256.279
1780889316.947456,7.831,-11.714,-0.005,0.007,257.789,259.987,256.308
1780889316.961268,8.394,-11.857,-0.006,0.008,257.725,260.086,256.278
1780889316.97186,8.282,-12.214,-0.006,0.008,257.79,260.09,256.211
1780889316.98624,8.62,-12.214,-0.006,0.008,257.747,260.136,256.21
1780889316.996755,9.239,-12.286,-0.006,0.008,257.676,260.225,256.196
1780889317.0105212,9.521,-12.357,-0.006,0.008,257.649,260.267,256.183
1780889317.050081,9.972,-12.286,-0.007,0.008,257.582,260.324,256.196
1780889317.050387,10.028,-12.643,-0.007,0.008,257.618,260.356,256.131
1780889317.0507488,10.592,-12.643,-0.007,0.008,257.549,260.426,256.133
1780889317.06279,11.155,-12.857,-0.007,0.008,257.489,260.529,256.096
1780889317.074016,10.873,-12.643,-0.007,0.008,257.525,260.448,256.136
1780889317.087779,11.268,-13.286,-0.007,0.009,257.531,260.566,256.022
1780889317.098291,11.606,-13.214,-0.008,0.009,257.487,260.59,256.041
1780889317.1121018,11.887,-13.357,-0.008,0.009,257.464,260.64,256.018
1780889317.1266718,12.0,-13.643,-0.008,0.009,257.48,260.675,255.97
1780889317.137061,12.451,-13.857,-0.008,0.009,257.442,260.748,255.941
1780889317.150885,12.282,-14.143,-0.008,0.009,257.502,260.735,255.894
1780889317.165076,12.507,-14.357,-0.008,0.009,257.491,260.784,255.86
1780889317.175919,12.676,-14.714,-0.008,0.01,257.502,260.836,255.802
1780889317.189423,12.676,-14.714,-0.008,0.01,257.502,260.836,255.802
1780889317.199981,12.676,-14.714,-0.008,0.01,257.502,260.836,255.802
1780889317.2139678,12.676,-14.714,-0.008,0.01,257.502,260.836,255.802
1780889317.251487,12.676,-14.714,-0.008,0.01,257.502,260.836,255.802
1780889317.25198,13.296,-16.286,-0.009,0.011,257.551,261.083,255.529
1780889317.252343,13.352,-16.786,-0.009,0.011,257.591,261.124,255.452
1780889317.266449,13.408,-16.643,-0.009,0.011,257.57,261.103,255.491
1780889317.2769148,13.408,-16.643,-0.009,0.011,257.572,261.088,255.503
1780889317.2907252,13.859,-17.0,-0.009,0.011,257.537,261.173,255.46
1780889317.3012109,13.803,-16.929,-0.009,0.011,257.542,261.143,255.482
1780889317.315596,13.972,-16.929,-0.009,0.011,257.517,261.16,255.491
1780889317.3294132,13.972,-17.214,-0.009,0.011,257.547,261.169,255.455
1780889317.339945,14.028,-17.357,-0.009,0.011,257.552,261.182,255.437
1780889317.354769,14.141,-17.571,-0.009,0.011,257.555,261.213,255.407
1780889317.368215,14.197,-17.286,-0.009,0.011,257.521,261.185,255.465
1780889317.3785741,14.085,-17.429,-0.009,0.011,257.555,261.164,255.451
1780889317.392548,14.028,-17.571,-0.009,0.011,257.578,261.162,255.43
1780889317.403211,14.141,-17.5,-0.009,0.011,257.554,261.169,255.448
1780889317.417516,13.972,-17.643,-0.009,0.011,257.595,261.148,255.427
1780889317.456553,13.859,-17.714,-0.009,0.011,257.619,261.127,255.423
1780889317.456921,14.592,-17.643,-0.009,0.011,257.495,261.241,255.439
1780889317.457267,13.69,-18.071,-0.008,0.012,257.68,261.124,255.367
1780889317.469792,13.746,-18.214,-0.008,0.012,257.681,261.141,255.351
1780889317.4803689,13.746,-18.143,-0.008,0.012,257.672,261.131,255.368
1780889317.494739,13.521,-18.0,-0.008,0.012,257.693,261.077,255.397
1780889317.505273,13.859,-18.429,-0.009,0.012,257.676,261.176,255.324
1780889317.519021,13.577,-18.357,-0.008,0.012,257.71,261.116,255.345
1780889317.53284,13.577,-18.714,-0.008,0.012,257.741,261.15,255.285
1780889317.543981,13.296,-18.786,-0.008,0.012,257.79,261.107,255.277
1780889317.557838,13.408,-18.786,-0.008,0.012,257.768,261.125,255.282
1780889317.571661,13.07,-18.786,-0.008,0.012,257.816,261.066,255.289
1780889317.581995,13.07,-18.786,-0.008,0.012,257.812,261.067,255.292
1780889317.596454,12.901,-19.071,-0.008,0.012,257.862,261.067,255.244
1780889317.607255,12.563,-18.857,-0.008,0.012,257.887,260.992,255.288
1780889317.620915,12.394,-19.0,-0.007,0.012,257.923,260.979,255.265
1780889317.659243,12.282,-18.857,-0.007,0.012,257.923,260.948,255.293
1780889317.659667,12.394,-19.071,-0.007,0.012,257.92,260.991,255.257
1780889317.660043,11.831,-18.5,-0.007,0.012,257.948,260.846,255.362
1780889317.6737962,11.437,-18.5,-0.007,0.012,258.007,260.784,255.362
1780889317.684407,11.606,-18.929,-0.007,0.012,258.014,260.86,255.285
1780889317.6982,11.437,-19.071,-0.007,0.012,258.05,260.849,255.262
1780889317.708728,11.099,-19.286,-0.007,0.012,258.111,260.821,255.229
1780889317.722274,10.873,-19.143,-0.006,0.012,258.128,260.773,255.257
1780889317.737024,10.535,-19.429,-0.006,0.012,258.202,260.748,255.208
1780889317.747317,9.859,-19.857,-0.006,0.013,258.337,260.685,255.137
1780889317.761086,9.859,-19.643,-0.006,0.013,258.308,260.67,255.179
1780889317.771816,9.746,-19.429,-0.006,0.012,258.298,260.636,255.219
1780889317.786229,9.465,-19.857,-0.005,0.013,258.375,260.637,255.145
1780889317.7998521,8.732,-19.857,-0.005,0.013,258.476,260.526,255.15
1780889317.8107069,8.62,-19.786,-0.005,0.013,258.478,260.508,255.165
1780889317.824828,8.676,-20.071,-0.005,0.013,258.486,260.552,255.117
1780889317.861249,8.394,-20.5,-0.005,0.013,258.563,260.552,255.045
1780889317.861662,8.113,-19.5,-0.005,0.012,258.497,260.421,255.227
1780889317.8627641,7.662,-19.286,-0.004,0.012,258.543,260.332,255.264
1780889317.873963,7.662,-19.143,-0.004,0.012,258.522,260.328,255.288
1780889317.8876522,7.042,-18.929,-0.004,0.012,258.596,260.212,255.324
1780889317.8981261,6.817,-18.357,-0.004,0.011,258.564,260.141,255.42
1780889317.912069,6.592,-17.786,-0.004,0.011,258.541,260.06,255.516
1780889317.92627,6.479,-18.429,-0.004,0.012,258.615,260.115,255.396
1780889317.9370172,5.859,-17.429,-0.003,0.011,258.615,259.926,255.57
1780889317.950774,5.972,-16.786,-0.003,0.01,258.527,259.911,255.668
1780889317.9613261,5.07,-16.929,-0.003,0.01,258.683,259.787,255.634
1780889317.975782,5.296,-17.143,-0.003,0.011,258.66,259.86,255.589
1780889317.9894469,5.127,-17.214,-0.003,0.011,258.683,259.862,255.566
1780889318.000193,4.62,-17.357,-0.003,0.011,258.773,259.801,255.536
1780889318.014569,4.563,-17.071,-0.003,0.011,258.748,259.775,255.584
1780889318.025172,4.056,-16.929,-0.002,0.011,258.812,259.688,255.605
1780889318.03858,3.493,-17.0,-0.002,0.011,258.895,259.625,255.585
1780889318.077613,3.268,-17.0,-0.002,0.011,258.924,259.599,255.582
1780889318.0780659,3.211,-16.929,-0.002,0.011,258.918,259.595,255.592
1780889318.078411,2.93,-17.214,-0.001,0.011,258.983,259.586,255.538
1780889318.087809,2.592,-16.429,-0.001,0.01,258.947,259.475,255.676
1780889318.101585,2.197,-16.5,-0.001,0.01,259.012,259.428,255.659
1780889318.1120498,2.141,-16.286,-0.001,0.01,258.993,259.41,255.693
1780889318.1265411,2.254,-16.286,-0.001,0.01,258.969,259.44,255.689
1780889318.140193,1.803,-16.0,-0.001,0.01,259.005,259.359,255.73
1780889318.150841,1.465,-15.929,-0.001,0.01,259.048,259.307,255.738
1780889318.164824,1.521,-15.857,-0.001,0.01,259.026,259.321,255.747
1780889318.1753752,1.521,-15.857,-0.001,0.01,259.026,259.321,255.747
1780889318.188876,1.521,-15.857,-0.001,0.01,259.026,259.321,255.747
1780889318.202873,1.521,-15.857,-0.001,0.01,259.026,259.321,255.747
1780889318.213931,0.563,-15.5,0.0,0.01,259.144,259.139,255.806
1780889318.227655,0.225,-15.857,0.0,0.01,259.225,259.131,255.737
1780889318.238063,-0.056,-15.357,0.0,0.01,259.207,259.063,255.819
1780889318.2519622,-0.169,-15.214,0.0,0.01,259.204,259.043,255.839
1780889318.2907782,-0.338,-15.071,0.0,0.009,259.212,259.014,255.86
1780889318.291162,-0.282,-14.929,0.0,0.009,259.183,259.022,255.88
1780889318.2914948,-0.563,-14.929,0.001,0.009,259.219,258.996,255.871
1780889318.300826,-0.282,-14.786,0.0,0.009,259.154,259.039,255.892
1780889318.315139,-0.676,-14.857,0.001,0.009,259.222,258.989,255.875
1780889318.325825,-0.732,-14.714,0.001,0.009,259.213,258.975,255.897
1780889318.339401,-0.901,-14.929,0.001,0.01,259.252,258.984,255.85
1780889318.353707,-0.789,-14.714,0.001,0.009,259.209,258.989,255.886
1780889318.364309,-0.789,-14.571,0.001,0.009,259.193,258.982,255.909
1780889318.377938,-1.014,-14.714,0.001,0.009,259.238,258.971,255.877
1780889318.3887491,-1.014,-14.857,0.001,0.01,259.248,258.99,255.849
1780889318.402304,-1.014,-14.5,0.001,0.009,259.211,258.96,255.912
1780889318.416746,-1.183,-14.571,0.001,0.009,259.244,258.944,255.896
1780889318.42723,-1.127,-14.714,0.001,0.009,259.243,258.975,255.867
1780889318.441178,-1.127,-14.929,0.001,0.01,259.261,258.999,255.828
1780889318.451838,-0.958,-14.5,0.0,0.009,259.19,258.989,255.904
1780889318.465996,-0.901,-14.857,0.0,0.01,259.214,259.034,255.839
1780889318.50337,-1.014,-14.929,0.001,0.01,259.237,259.025,255.826
1780889318.5036669,-1.07,-14.857,0.001,0.01,259.238,259.011,255.839
1780889318.5043032,-0.845,-14.786,0.0,0.009,259.192,259.043,255.851
1780889318.514852,-0.845,-14.714,0.0,0.009,259.186,259.037,255.864
1780889318.5286348,-0.789,-14.571,0.0,0.009,259.163,259.034,255.888
1780889318.542529,-0.732,-14.429,0.0,0.009,259.141,259.03,255.912
1780889318.5536158,-0.732,-14.286,0.0,0.009,259.128,259.018,255.936
1780889318.567256,-0.732,-14.286,0.0,0.009,259.13,259.019,255.933
1780889318.577899,-0.507,-14.357,0.0,0.009,259.101,259.064,255.918
1780889318.5915442,-0.563,-14.429,0.0,0.009,259.119,259.061,255.904
1780889318.605769,-0.676,-14.5,0.0,0.009,259.145,259.049,255.89
1780889318.6165361,-0.676,-14.5,0.0,0.009,259.146,259.049,255.889
1780889318.6301599,-0.507,-14.357,0.0,0.009,259.106,259.064,255.913
1780889318.640897,-0.563,-14.143,0.0,0.009,259.096,259.034,255.951
1780889318.6551208,-0.394,-14.286,0.0,0.009,259.084,259.076,255.923
1780889318.668878,-0.282,-14.429,-0.0,0.009,259.08,259.107,255.896
1780889318.7065,-0.113,-14.357,-0.0,0.009,259.049,259.125,255.91
1780889318.7068648,-0.113,-14.214,-0.0,0.009,259.037,259.11,255.934
1780889318.707208,-0.225,-14.214,-0.0,0.009,259.058,259.091,255.933
1780889318.7177138,0.113,-14.429,-0.0,0.009,259.027,259.164,255.892
1780889318.731484,0.0,-14.429,-0.0,0.009,259.048,259.144,255.892
1780889318.7420218,0.451,-14.643,-0.001,0.009,258.996,259.237,255.854
1780889318.756052,0.451,-14.643,-0.001,0.009,258.996,259.237,255.854
1780889318.766634,0.451,-14.643,-0.001,0.009,258.996,259.237,255.854
1780889318.780221,0.451,-14.643,-0.001,0.009,258.996,259.237,255.854
1780889318.794461,0.451,-14.643,-0.001,0.009,258.996,259.237,255.854
1780889318.8051322,0.451,-14.643,-0.001,0.009,258.996,259.237,255.854
1780889318.8186061,0.451,-14.643,-0.001,0.009,258.996,259.237,255.854
1780889318.829184,0.451,-14.643,-0.001,0.009,258.996,259.237,255.854
1780889318.842998,1.014,-16.071,-0.001,0.011,259.041,259.461,255.601
1780889318.857454,0.958,-16.286,-0.001,0.011,259.071,259.463,255.57
1780889318.8679,1.465,-16.429,-0.001,0.011,259.003,259.543,255.559
1780889318.881554,1.296,-16.571,-0.001,0.011,259.046,259.52,255.541
1780889318.921993,1.465,-16.714,-0.001,0.011,259.033,259.553,255.522
1780889318.9222898,1.521,-16.643,-0.001,0.011,259.018,259.548,255.541
1780889318.922573,1.803,-17.071,-0.001,0.011,259.014,259.62,255.477
1780889318.930733,1.972,-17.0,-0.002,0.011,258.981,259.633,255.496
1780889318.945119,1.972,-17.071,-0.002,0.011,258.99,259.633,255.488
1780889318.955594,1.972,-16.929,-0.002,0.011,258.978,259.612,255.519
1780889318.9693398,2.592,-17.143,-0.002,0.011,258.901,259.722,255.49
1780889318.9798331,2.873,-17.286,-0.002,0.011,258.872,259.774,255.468
1780889318.994178,2.817,-17.429,-0.002,0.011,258.899,259.77,255.447
1780889319.008051,2.873,-17.786,-0.002,0.012,258.926,259.805,255.388
1780889319.018543,2.93,-18.357,-0.002,0.012,258.973,259.854,255.298
1780889319.032396,3.155,-18.714,-0.002,0.012,258.971,259.917,255.242
1780889319.0429282,3.042,-18.571,-0.002,0.012,258.977,259.876,255.275
1780889319.057493,3.324,-18.714,-0.002,0.012,258.945,259.929,255.256
1780889319.071181,3.437,-19.071,-0.002,0.012,258.962,259.966,255.206
1780889319.08181,3.437,-19.0,-0.002,0.012,258.956,259.951,255.225
1780889319.0959811,3.775,-19.286,-0.003,0.013,258.928,260.028,255.181
1780889319.1329029,3.775,-19.857,-0.003,0.013,258.983,260.067,255.093
1780889319.133313,3.775,-19.857,-0.003,0.013,258.983,260.067,255.093
1780889319.134408,3.775,-19.857,-0.003,0.013,258.983,260.067,255.093
1780889319.144833,3.775,-19.857,-0.003,0.013,258.983,260.067,255.093
1780889319.158636,3.775,-19.857,-0.003,0.013,258.983,260.067,255.093
1780889319.1690571,3.775,-19.857,-0.003,0.013,258.983,260.067,255.093
1780889319.1827872,3.775,-19.857,-0.003,0.013,258.983,260.067,255.093
1780889319.197168,4.676,-20.786,-0.003,0.014,258.923,260.299,254.937
1780889319.2076359,4.789,-20.929,-0.003,0.014,258.922,260.306,254.932
1780889319.221392,4.732,-21.143,-0.003,0.014,258.953,260.305,254.904
1780889319.232011,4.958,-20.857,-0.003,0.014,258.889,260.305,254.964
1780889319.246368,5.07,-20.929,-0.003,0.014,258.88,260.32,254.958
1780889319.260324,5.352,-21.0,-0.004,0.014,258.844,260.357,254.958
1780889319.270918,5.183,-20.857,-0.003,0.013,258.861,260.306,254.989
1780889319.2853398,5.296,-20.857,-0.004,0.013,258.845,260.318,254.994
1780889319.295826,5.408,-20.5,-0.004,0.013,258.795,260.295,255.06
1780889319.309613,6.366,-20.429,-0.004,0.013,258.641,260.436,255.077
1780889319.3479471,5.634,-20.357,-0.004,0.013,258.76,260.298,255.091
1780889319.348408,5.803,-20.357,-0.004,0.013,258.735,260.322,255.092
1780889319.348691,5.915,-20.214,-0.004,0.013,258.707,260.323,255.118
1780889319.3589199,6.141,-20.929,-0.004,0.013,258.743,260.421,254.994
1780889319.372427,6.197,-20.786,-0.004,0.013,258.724,260.411,255.022
1780889319.383672,6.028,-20.571,-0.004,0.013,258.734,260.357,255.062
1780889319.3975098,6.254,-21.071,-0.004,0.013,258.749,260.435,254.977
1780889319.411293,6.085,-21.0,-0.004,0.013,258.771,260.394,254.992
1780889319.421865,6.423,-21.286,-0.004,0.014,258.744,260.475,254.944
1780889319.436055,6.423,-21.214,-0.004,0.014,258.739,260.463,254.96
1780889319.446593,6.423,-21.214,-0.004,0.014,258.739,260.463,254.96
1780889319.460227,6.423,-21.214,-0.004,0.014,258.739,260.463,254.96
1780889319.474524,6.423,-21.214,-0.004,0.014,258.739,260.463,254.96
1780889319.4851148,6.423,-21.214,-0.004,0.014,258.739,260.463,254.96
1780889319.498572,6.423,-21.214,-0.004,0.014,258.739,260.463,254.96
1780889319.509351,6.423,-21.214,-0.004,0.014,258.739,260.463,254.96
1780889319.5228631,6.423,-21.214,-0.004,0.014,258.739,260.463,254.96
1780889319.5616908,6.535,-21.357,-0.004,0.014,258.736,260.491,254.938
1780889319.5620558,6.141,-21.357,-0.004,0.014,258.801,260.416,254.945
1780889319.562315,6.366,-21.571,-0.004,0.014,258.784,260.472,254.91
1780889319.5720692,6.31,-21.929,-0.004,0.014,258.827,260.493,254.85
1780889319.586349,6.254,-21.571,-0.004,0.014,258.802,260.446,254.917
1780889319.600134,6.028,-21.571,-0.004,0.014,258.839,260.404,254.92
1780889319.610713,6.141,-21.5,-0.004,0.014,258.813,260.415,254.935
1780889319.625196,6.141,-21.5,-0.004,0.014,258.813,260.414,254.936
1780889319.6357539,6.197,-21.286,-0.004,0.013,258.783,260.402,254.975
1780889319.649472,5.859,-21.0,-0.004,0.013,258.812,260.317,255.025
1780889319.663828,5.577,-21.143,-0.003,0.013,258.871,260.285,254.998
1780889319.674709,5.408,-21.143,-0.003,0.013,258.897,260.259,254.998
1780889319.6883452,5.634,-20.929,-0.003,0.013,258.838,260.279,255.035
1780889319.698909,5.352,-21.071,-0.003,0.013,258.896,260.25,255.008
1780889319.71252,5.352,-21.0,-0.003,0.013,258.887,260.245,255.02
1780889319.7269728,5.352,-21.071,-0.003,0.013,258.892,260.254,255.007
1780889319.765665,5.239,-20.714,-0.003,0.013,258.875,260.205,255.068
1780889319.7661078,5.127,-20.643,-0.003,0.013,258.886,260.182,255.079
1780889319.766448,5.127,-20.429,-0.003,0.013,258.864,260.165,255.114
1780889319.7762182,5.014,-20.429,-0.003,0.013,258.882,260.15,255.112
1780889319.7867079,5.014,-20.143,-0.003,0.013,258.853,260.13,255.157
1780889319.80061,4.958,-19.929,-0.003,0.012,258.843,260.104,255.191
1780889319.814982,4.901,-20.0,-0.003,0.013,258.859,260.105,255.175
1780889319.825424,4.676,-19.786,-0.003,0.012,258.875,260.051,255.21
1780889319.839191,4.676,-19.214,-0.003,0.012,258.821,260.005,255.302
1780889319.8497632,4.676,-19.286,-0.003,0.012,258.829,260.017,255.284
1780889319.864179,4.507,-18.929,-0.003,0.012,258.823,259.959,255.343
1780889319.878144,4.676,-19.071,-0.003,0.012,258.81,260.007,255.312
1780889319.888478,4.338,-18.571,-0.003,0.012,258.819,259.912,255.39
1780889319.902278,4.225,-18.357,-0.003,0.011,258.818,259.878,255.422
1780889319.912912,4.169,-17.929,-0.003,0.011,258.788,259.834,255.492
1780889319.927243,4.563,-18.0,-0.003,0.011,258.732,259.913,255.472
1780889319.9408991,4.225,-17.5,-0.003,0.011,258.742,259.82,255.549
1780889319.9789598,4.225,-17.429,-0.003,0.011,258.738,259.819,255.554
1780889319.9793549,4.056,-17.5,-0.003,0.011,258.774,259.803,255.534
1780889319.979699,3.775,-17.071,-0.002,0.011,258.784,259.725,255.598
1780889319.9898639,4.113,-17.071,-0.003,0.011,258.729,259.787,255.591
1780889320.0044658,3.944,-16.929,-0.002,0.011,258.745,259.75,255.61
1780889320.014785,3.775,-16.357,-0.002,0.01,258.72,259.673,255.706
1780889320.0286322,3.887,-16.429,-0.002,0.01,258.712,259.711,255.679
1780889320.039208,3.38,-16.143,-0.002,0.01,258.769,259.604,255.723
1780889320.053836,3.549,-16.214,-0.002,0.01,258.749,259.646,255.704
1780889320.067317,3.549,-16.0,-0.002,0.01,258.73,259.631,255.736
1780889320.077814,3.549,-16.0,-0.002,0.01,258.73,259.631,255.736
1780889320.091582,3.549,-16.0,-0.002,0.01,258.73,259.631,255.736
1780889320.102221,3.324,-15.286,-0.002,0.009,258.701,259.532,255.857
1780889320.1165729,3.38,-15.214,-0.002,0.009,258.687,259.542,255.861
1780889320.130186,3.155,-14.786,-0.002,0.009,258.686,259.478,255.921
1780889320.140876,3.324,-15.0,-0.002,0.009,258.68,259.534,255.874
1780889320.155037,3.211,-14.786,-0.002,0.009,258.681,259.5,255.906
1780889320.194193,3.042,-14.929,-0.002,0.009,258.723,259.492,255.873
1780889320.194554,2.986,-14.786,-0.002,0.009,258.72,259.479,255.888
1780889320.1948931,2.93,-14.714,-0.002,0.009,258.723,259.468,255.895
1780889320.204088,2.873,-14.786,-0.002,0.009,258.74,259.47,255.877
1780889320.217821,3.042,-14.786,-0.002,0.009,258.712,259.503,255.873
1780889320.22835,2.93,-14.5,-0.002,0.009,258.704,259.465,255.916
1780889320.242065,2.704,-14.714,-0.002,0.009,258.761,259.452,255.874
1780889320.252696,2.704,-14.786,-0.002,0.009,258.767,259.463,255.858
1780889320.267009,2.479,-14.857,-0.002,0.01,258.81,259.436,255.843
1780889320.280894,2.479,-14.571,-0.002,0.009,258.78,259.416,255.89
1780889320.291389,2.423,-14.5,-0.002,0.009,258.782,259.404,255.9
1780889320.305536,2.366,-14.714,-0.001,0.009,258.811,259.418,255.859
1780889320.3161721,2.423,-14.5,-0.002,0.009,258.778,259.414,255.893
1780889320.330004,2.423,-14.786,-0.002,0.01,258.805,259.444,255.84
1780889320.3442008,2.423,-14.643,-0.002,0.009,258.79,259.432,255.865
1780889320.355048,2.423,-14.714,-0.002,0.01,258.796,259.441,255.851
1780889320.368767,2.479,-14.643,-0.002,0.009,258.779,259.447,255.862
1780889320.408059,2.479,-14.786,-0.002,0.01,258.793,259.461,255.835
1780889320.408452,2.254,-15.0,-0.001,0.01,258.849,259.445,255.797
1780889320.408788,2.254,-15.0,-0.001,0.01,258.847,259.446,255.798
1780889320.417593,2.479,-15.286,-0.002,0.01,258.835,259.511,255.748
1780889320.4313002,2.93,-15.143,-0.002,0.01,258.747,259.571,255.776
1780889320.441932,2.648,-15.643,-0.002,0.01,258.841,259.57,255.688
1780889320.456209,2.648,-15.643,-0.002,0.01,258.84,259.568,255.691
1780889320.469981,2.761,-15.5,-0.002,0.01,258.806,259.57,255.721
1780889320.48059,2.761,-15.143,-0.002,0.01,258.772,259.534,255.786
1780889320.495032,2.761,-15.571,-0.002,0.01,258.813,259.574,255.71
1780889320.505422,2.93,-15.786,-0.002,0.01,258.805,259.621,255.674
1780889320.519354,3.155,-15.786,-0.002,0.01,258.769,259.653,255.678
1780889320.533613,2.986,-15.714,-0.002,0.01,258.79,259.616,255.693
1780889320.54432,3.042,-16.071,-0.002,0.01,258.815,259.657,255.631
1780889320.5581582,2.873,-15.857,-0.002,0.01,258.822,259.606,255.672
1780889320.568776,3.155,-16.0,-0.002,0.01,258.787,259.665,255.65
1780889320.582379,3.099,-16.0,-0.002,0.01,258.797,259.653,255.652
1780889320.607984,3.155,-16.0,-0.002,0.01,258.788,259.66,255.653
1780889320.60829,3.324,-15.786,-0.002,0.01,258.74,259.664,255.696
1780889320.620919,2.93,-15.857,-0.002,0.01,258.812,259.604,255.683
1780889320.631443,2.873,-16.0,-0.002,0.01,258.834,259.608,255.658
1780889320.6460428,3.042,-15.929,-0.002,0.01,258.799,259.629,255.672
1780889320.6563861,2.93,-16.0,-0.002,0.01,258.824,259.616,255.661
1780889320.670187,3.211,-16.071,-0.002,0.01,258.784,259.669,255.649
1780889320.684614,3.099,-15.857,-0.002,0.01,258.783,259.628,255.688
1780889320.69507,3.155,-16.071,-0.002,0.01,258.794,259.657,255.65
1780889320.708871,3.155,-16.0,-0.002,0.01,258.789,259.648,255.664
1780889320.7193651,3.155,-16.071,-0.002,0.01,258.796,259.654,255.652
1780889320.733919,3.155,-15.929,-0.002,0.01,258.782,259.64,255.678
1780889320.747655,3.155,-16.143,-0.002,0.01,258.803,259.66,255.64
1780889320.758375,3.268,-15.857,-0.002,0.01,258.758,259.649,255.692
1780889320.771899,3.268,-16.143,-0.002,0.01,258.786,259.676,255.641
1780889320.7826161,3.268,-15.786,-0.002,0.01,258.753,259.641,255.705
1780889320.797054,2.479,-16.143,-0.002,0.01,258.916,259.544,255.641
1780889320.835356,3.268,-16.286,-0.002,0.011,258.799,259.689,255.617
1780889320.8357198,3.437,-16.286,-0.002,0.011,258.771,259.715,255.618
1780889320.836072,3.549,-16.071,-0.002,0.01,258.733,259.712,255.658
1780889320.846048,3.38,-16.0,-0.002,0.01,258.755,259.675,255.67
1780889320.859809,3.549,-16.214,-0.002,0.01,258.75,259.721,255.632
1780889320.874296,3.437,-16.214,-0.002,0.01,258.769,259.701,255.633
1780889320.884867,3.662,-16.143,-0.002,0.01,258.726,259.731,255.646
1780889320.898541,3.831,-16.286,-0.003,0.011,258.715,259.769,255.621
1780889320.909068,3.831,-16.071,-0.003,0.01,258.697,259.746,255.66
1780889320.923531,3.831,-16.357,-0.003,0.011,258.725,259.772,255.609
1780889320.937282,3.887,-16.143,-0.003,0.01,258.697,259.759,255.648
1780889320.947777,3.887,-16.357,-0.003,0.011,258.719,259.776,255.611
1780889320.9616158,3.944,-16.5,-0.003,0.011,258.724,259.797,255.587
1780889320.972001,4.056,-16.429,-0.003,0.011,258.7,259.807,255.601
1780889320.986453,3.944,-16.786,-0.003,0.011,258.752,259.82,255.538
1780889320.997112,3.831,-16.714,-0.002,0.011,258.765,259.79,255.555
1780889321.01091,4.056,-16.857,-0.003,0.011,258.741,259.839,255.531
1780889321.050901,4.0,-17.143,-0.003,0.011,258.777,259.855,255.483
1780889321.051411,4.113,-17.0,-0.003,0.011,258.745,259.857,255.511
1780889321.051764,4.338,-17.214,-0.003,0.011,258.728,259.91,255.478
1780889321.0599291,4.225,-17.071,-0.003,0.011,258.734,259.874,255.506
1780889321.074359,4.451,-17.357,-0.003,0.011,258.724,259.936,255.457
1780889321.0882401,4.338,-17.357,-0.003,0.011,258.743,259.914,255.46
1780889321.098668,4.338,-17.429,-0.003,0.011,258.75,259.915,255.453
1780889321.112366,4.394,-17.429,-0.003,0.011,258.741,259.922,255.455
1780889321.123667,4.451,-17.5,-0.003,0.011,258.738,259.936,255.444
1780889321.1373901,4.789,-17.643,-0.003,0.011,258.697,260.001,255.424
1780889321.151268,4.563,-17.357,-0.003,0.011,258.708,259.932,255.477
1780889321.161658,4.62,-17.429,-0.003,0.011,258.706,259.947,255.465
1780889321.176173,4.901,-17.5,-0.003,0.011,258.668,259.999,255.453
1780889321.186791,4.676,-17.5,-0.003,0.011,258.706,259.957,255.455
1780889321.200377,4.62,-17.643,-0.003,0.011,258.73,259.96,255.431
1780889321.214765,4.732,-17.5,-0.003,0.011,258.698,259.963,255.458
1780889321.25388,4.338,-17.571,-0.003,0.011,258.769,259.903,255.446
1780889321.254258,4.676,-17.714,-0.003,0.011,258.727,259.971,255.422
1780889321.254606,4.62,-17.429,-0.003,0.011,258.71,259.933,255.474
1780889321.263951,4.62,-17.929,-0.003,0.012,258.757,259.98,255.386
1780889321.277784,5.183,-17.714,-0.003,0.011,258.644,260.052,255.426
1780889321.2884328,4.676,-18.214,-0.003,0.012,258.775,260.011,255.341
1780889321.3020911,4.62,-18.214,-0.003,0.012,258.783,260.0,255.344
1780889321.312686,4.845,-18.071,-0.003,0.012,258.731,260.022,255.371
1780889321.3270621,4.62,-18.357,-0.003,0.012,258.795,260.01,255.323
1780889321.3407319,4.451,-18.0,-0.003,0.012,258.785,259.944,255.392
1780889321.351983,4.338,-18.143,-0.003,0.012,258.816,259.94,255.368
1780889321.3662038,4.676,-18.5,-0.003,0.012,258.793,260.031,255.306
1780889321.376461,4.507,-18.286,-0.003,0.012,258.799,259.98,255.346
1780889321.390317,4.676,-18.143,-0.003,0.012,258.757,259.993,255.374
1780889321.400724,4.507,-18.214,-0.003,0.012,258.791,259.971,255.362
1780889321.4153972,4.451,-18.286,-0.003,0.012,258.806,259.969,255.35
1780889321.428936,4.507,-18.143,-0.003,0.012,258.784,259.963,255.377
1780889321.469232,4.732,-18.071,-0.003,0.012,258.74,259.994,255.39
1780889321.4696052,4.789,-18.357,-0.003,0.012,258.758,260.03,255.339
1780889321.4699469,4.394,-18.143,-0.003,0.012,258.802,259.943,255.378
1780889321.478168,4.563,-18.214,-0.003,0.012,258.78,259.98,255.364
1780889321.491921,4.507,-17.786,-0.003,0.011,258.749,259.929,255.441
1780889321.5024168,4.62,-17.857,-0.003,0.011,258.738,259.956,255.426
1780889321.5167239,4.62,-18.071,-0.003,0.012,258.758,259.977,255.388
1780889321.527334,4.507,-17.714,-0.003,0.011,258.743,259.925,255.45
1780889321.541076,4.676,-17.714,-0.003,0.011,258.716,259.954,255.448
1780889321.5554922,4.732,-17.786,-0.003,0.011,258.715,259.971,255.434
1780889321.566036,4.789,-17.5,-0.003,0.011,258.68,259.953,255.484
1780889321.579749,4.563,-17.786,-0.003,0.011,258.747,259.943,255.43
1780889321.590472,4.732,-17.643,-0.003,0.011,258.706,259.958,255.455
1780889321.6048791,4.845,-17.357,-0.003,0.011,258.662,259.949,255.504
1780889321.618769,4.732,-17.786,-0.003,0.011,258.722,259.972,255.426
1780889321.6292539,4.732,-17.857,-0.003,0.011,258.73,259.978,255.413
1780889321.6428108,4.507,-18.0,-0.003,0.012,258.78,259.954,255.388
1780889321.681036,4.676,-17.929,-0.003,0.012,258.745,259.975,255.402
1780889321.681417,4.958,-17.786,-0.003,0.011,258.687,260.008,255.427
1780889321.681754,4.676,-18.071,-0.003,0.012,258.76,259.987,255.376
1780889321.692003,4.676,-17.929,-0.003,0.012,258.746,259.973,255.403
1780889321.706243,4.563,-18.286,-0.003,0.012,258.798,259.989,255.34
1780889321.7168572,4.845,-18.143,-0.003,0.012,258.738,260.021,255.367
1780889321.730669,5.014,-18.357,-0.003,0.012,258.73,260.068,255.33
1780889321.745075,4.901,-18.143,-0.003,0.012,258.729,260.027,255.369
1780889321.755697,4.901,-18.0,-0.003,0.012,258.716,260.012,255.395
1780889321.7695181,4.901,-17.786,-0.003,0.011,258.696,259.988,255.436
1780889321.780073,4.901,-17.929,-0.003,0.011,258.711,260.002,255.409
1780889321.7944572,4.958,-17.857,-0.003,0.011,258.695,260.005,255.421
1780889321.805266,4.845,-17.786,-0.003,0.011,258.708,259.979,255.433
1780889321.8190029,4.563,-17.786,-0.003,0.011,258.755,259.933,255.431
1780889321.8326342,4.676,-17.857,-0.003,0.011,258.743,259.96,255.418
1780889321.8438568,4.845,-17.929,-0.003,0.012,258.721,259.996,255.404
1780889321.857669,4.732,-17.714,-0.003,0.011,258.72,259.957,255.442
1780889321.8974888,4.901,-18.214,-0.003,0.012,258.74,260.035,255.352
1780889321.8979049,4.676,-17.929,-0.003,0.012,258.75,259.969,255.404
1780889321.8981628,4.62,-18.0,-0.003,0.012,258.765,259.967,255.391
1780889321.906661,4.676,-18.214,-0.003,0.012,258.773,259.999,255.353
1780889321.920568,4.62,-17.786,-0.003,0.011,258.741,259.948,255.43
1780889321.931128,4.676,-17.929,-0.003,0.012,258.746,259.972,255.404
1780889321.945506,4.451,-17.929,-0.003,0.012,258.782,259.935,255.404
1780889321.9592278,4.676,-18.143,-0.003,0.012,258.764,259.994,255.366
1780889321.969867,4.845,-18.0,-0.003,0.012,258.723,260.008,255.392
1780889321.984249,4.338,-17.786,-0.003,0.011,258.785,259.903,255.43
1780889321.994744,4.563,-18.071,-0.003,0.012,258.774,259.97,255.379
1780889322.008487,4.62,-18.143,-0.003,0.012,258.77,259.987,255.367
1780889322.022149,4.563,-18.286,-0.003,0.012,258.792,259.991,255.343
1780889322.0328882,4.62,-18.214,-0.003,0.012,258.775,259.993,255.357
1780889322.047169,4.394,-18.286,-0.003,0.012,258.818,259.962,255.345
1780889322.058055,4.62,-18.071,-0.003,0.012,258.759,259.979,255.385
1780889322.0713868,4.507,-18.286,-0.003,0.012,258.798,259.981,255.347
1780889322.1089869,4.563,-18.143,-0.003,0.012,258.774,259.977,255.373
1780889322.10933,4.62,-18.0,-0.003,0.012,258.752,259.972,255.398
1780889322.109816,4.732,-18.143,-0.003,0.012,258.748,260.006,255.371
1780889322.120356,4.563,-17.929,-0.003,0.011,258.756,259.956,255.409
1780889322.134866,4.732,-17.857,-0.003,0.011,258.722,259.978,255.421
1780889322.1484292,4.62,-17.929,-0.003,0.012,258.748,259.966,255.407
1780889322.159115,4.676,-18.0,-0.003,0.012,258.746,259.983,255.394
1780889322.173446,4.676,-17.929,-0.003,0.012,258.74,259.976,255.406
1780889322.1840498,4.789,-17.857,-0.003,0.011,258.715,259.988,255.418
1780889322.197815,4.732,-17.929,-0.003,0.012,258.733,259.986,255.404
1780889322.208426,4.901,-17.857,-0.003,0.011,258.699,260.007,255.416
1780889322.222131,4.62,-18.071,-0.003,0.012,258.766,259.98,255.378
1780889322.236505,4.789,-18.0,-0.003,0.012,258.732,260.001,255.391
1780889322.247042,4.845,-18.071,-0.003,0.012,258.73,260.016,255.378
1780889322.2608042,4.901,-18.071,-0.003,0.012,258.721,260.025,255.378
1780889322.271565,4.845,-18.0,-0.003,0.012,258.724,260.008,255.391
1780889322.285887,4.732,-17.929,-0.003,0.012,258.736,259.982,255.404
1780889322.320692,4.676,-18.0,-0.003,0.012,258.752,259.98,255.391
1780889322.3210628,4.732,-18.143,-0.003,0.012,258.756,260.003,255.366
1780889322.324299,4.958,-18.071,-0.003,0.012,258.712,260.033,255.379
1780889322.334857,4.901,-18.0,-0.003,0.012,258.716,260.016,255.392
1780889322.34852,4.901,-17.929,-0.003,0.012,258.71,260.009,255.404
1780889322.362348,4.789,-17.786,-0.003,0.011,258.716,259.976,255.429
1780889322.373514,4.789,-17.786,-0.003,0.011,258.716,259.976,255.428
1780889322.387247,4.732,-17.786,-0.003,0.011,258.726,259.968,255.427
1780889322.397779,4.901,-17.786,-0.003,0.011,258.7,259.996,255.425
1780889322.411527,4.676,-17.714,-0.003,0.011,258.73,259.952,255.437
1780889322.4258518,4.451,-17.929,-0.003,0.012,258.787,259.936,255.398
1780889322.436482,4.676,-17.929,-0.003,0.012,258.749,259.975,255.398
1780889322.450318,4.563,-17.929,-0.003,0.012,258.766,259.957,255.399
1780889322.461031,4.62,-17.929,-0.003,0.012,258.756,259.967,255.399
1780889322.4754298,4.789,-18.071,-0.003,0.012,258.742,260.009,255.373
1780889322.488906,4.676,-18.143,-0.003,0.012,258.766,259.997,255.363
1780889322.528509,4.789,-18.357,-0.003,0.012,258.767,260.036,255.326
1780889322.5288808,4.732,-18.214,-0.003,0.012,258.762,260.011,255.352
1780889322.529214,4.394,-18.143,-0.003,0.012,258.81,259.948,255.366
1780889322.538103,4.676,-18.214,-0.003,0.012,258.768,260.003,255.354
1780889322.551929,4.563,-18.214,-0.003,0.012,258.786,259.984,255.355
1780889322.5624452,4.394,-18.143,-0.003,0.012,258.806,259.949,255.368
1780889322.576895,4.394,-18.214,-0.003,0.012,258.812,259.957,255.355
1780889322.5875058,4.451,-18.143,-0.003,0.012,258.795,259.961,255.368
1780889322.6011531,4.451,-18.286,-0.003,0.012,258.807,259.976,255.343
1780889322.611702,4.451,-18.286,-0.003,0.012,258.806,259.976,255.343
1780889322.6262689,4.507,-18.071,-0.003,0.012,258.776,259.965,255.382
1780889322.6398451,4.338,-18.0,-0.003,0.012,258.796,259.931,255.394
1780889322.650574,4.507,-18.071,-0.003,0.012,258.775,259.967,255.38
1780889322.664839,4.394,-17.786,-0.003,0.011,258.767,259.922,255.431
1780889322.6755981,4.451,-18.0,-0.003,0.012,258.778,259.953,255.391
1780889322.689037,4.507,-17.643,-0.003,0.011,258.735,259.928,255.455
1780889322.703559,4.451,-17.857,-0.003,0.011,258.766,259.94,255.415
1780889322.742164,4.451,-18.0,-0.003,0.012,258.779,259.954,255.389
1780889322.7425349,4.62,-17.786,-0.003,0.011,258.732,259.962,255.427
1780889322.742871,4.62,-18.071,-0.003,0.012,258.761,259.989,255.374
1780889322.752177,4.789,-17.786,-0.003,0.011,258.707,259.99,255.425
1780889322.766519,4.845,-17.643,-0.003,0.011,258.686,259.985,255.449
1780889322.7770839,4.732,-17.786,-0.003,0.011,258.721,259.979,255.421
1780889322.7908401,4.958,-17.714,-0.003,0.011,258.678,260.01,255.433
1780889322.801572,4.563,-17.714,-0.003,0.011,258.744,259.943,255.432
1780889322.815989,4.676,-18.0,-0.003,0.012,258.753,259.99,255.381
1780889322.8296268,4.732,-18.143,-0.003,0.012,258.757,260.012,255.357
1780889322.840257,4.563,-18.214,-0.003,0.012,258.791,259.99,255.345
1780889322.854878,4.62,-18.0,-0.003,0.012,258.76,259.978,255.385
1780889322.86518,4.789,-18.071,-0.003,0.012,258.739,260.013,255.372
1780889322.878933,4.732,-18.071,-0.003,0.012,258.748,260.003,255.374
1780889322.892812,4.676,-18.0,-0.003,0.012,258.751,259.986,255.386
1780889322.9036958,4.845,-18.143,-0.003,0.012,258.737,260.028,255.361
1780889322.91754,4.732,-18.0,-0.003,0.012,258.742,259.994,255.387
1780889322.9565299,4.62,-18.286,-0.003,0.012,258.787,260.002,255.337
1780889322.956819,4.958,-18.286,-0.003,0.012,258.731,260.058,255.338
1780889322.9571269,4.676,-17.929,-0.003,0.012,258.744,259.976,255.402
1780889322.966667,4.732,-17.857,-0.003,0.011,258.729,259.979,255.414
1780889322.980416,4.732,-17.714,-0.003,0.011,258.716,259.966,255.438
1780889322.990898,4.789,-17.786,-0.003,0.011,258.714,259.983,255.424
1780889323.005523,4.958,-17.643,-0.003,0.011,258.674,259.998,255.448
1780889323.0159209,4.676,-17.714,-0.003,0.011,258.729,259.958,255.433
1780889323.029989,4.845,-17.5,-0.003,0.011,258.682,259.967,255.47
1780889323.0442822,4.789,-17.714,-0.003,0.011,258.712,259.978,255.43
1780889323.055028,4.732,-17.643,-0.003,0.011,258.715,259.962,255.442
1780889323.0687091,4.676,-17.714,-0.003,0.011,258.732,259.961,255.427
1780889323.079113,4.676,-17.5,-0.003,0.011,258.712,259.941,255.465
1780889323.0929449,4.394,-17.857,-0.003,0.012,258.791,259.93,255.4
1780889323.107274,4.732,-17.714,-0.003,0.011,258.721,259.973,255.426
1780889323.1179898,4.676,-17.786,-0.003,0.011,258.738,259.97,255.412
1780889323.13164,4.451,-17.786,-0.003,0.011,258.775,259.933,255.412
1780889323.169701,4.845,-17.929,-0.003,0.012,258.723,260.013,255.387
1780889323.170032,4.676,-17.929,-0.003,0.012,258.751,259.984,255.388
1780889323.170301,4.62,-18.071,-0.003,0.012,258.772,259.988,255.364
1780889323.180592,4.958,-18.0,-0.003,0.012,258.71,260.038,255.378
1780889323.194886,4.62,-18.143,-0.003,0.012,258.779,259.994,255.353
1780889323.2055948,4.958,-18.071,-0.003,0.012,258.716,260.043,255.367
1780889323.21931,4.676,-18.143,-0.003,0.012,258.768,260.002,255.356
1780889323.233552,4.507,-18.214,-0.003,0.012,258.801,259.981,255.344
1780889323.2441769,4.563,-18.286,-0.003,0.012,258.797,259.997,255.332
1780889323.257868,4.789,-18.429,-0.003,0.012,258.773,260.048,255.308
1780889323.268457,4.451,-18.286,-0.003,0.012,258.813,259.976,255.337
1780889323.2821279,4.676,-18.214,-0.003,0.012,258.769,260.007,255.35
1780889323.296543,4.507,-18.143,-0.003,0.012,258.789,259.972,255.363
1780889323.307327,4.563,-18.286,-0.003,0.012,258.793,259.996,255.337
1780889323.320745,4.282,-18.071,-0.003,0.012,258.818,259.929,255.376
1780889323.331519,4.676,-18.143,-0.003,0.012,258.759,260.003,255.363
1780889323.3458612,4.62,-18.071,-0.003,0.012,258.762,259.986,255.376
1780889323.385198,4.282,-17.786,-0.003,0.011,258.79,259.903,255.425
1780889323.385653,4.62,-17.929,-0.003,0.012,258.748,259.975,255.399
1780889323.3859892,4.732,-18.0,-0.003,0.012,258.737,260.001,255.385
1780889323.39485,4.507,-17.857,-0.003,0.011,258.761,259.949,255.41
1780889323.408607,4.789,-17.357,-0.003,0.011,258.67,259.949,255.497
1780889323.419148,4.845,-17.286,-0.003,0.011,258.657,259.952,255.506
1780889323.4336052,4.789,-17.571,-0.003,0.011,258.695,259.971,255.453
1780889323.447367,4.676,-17.929,-0.003,0.012,258.748,259.987,255.388
1780889323.457856,4.845,-17.714,-0.003,0.011,258.701,259.994,255.426
1780889323.471971,4.789,-17.786,-0.003,0.011,258.718,259.991,255.413
1780889323.482236,4.789,-17.857,-0.003,0.012,258.725,259.998,255.4
1780889323.496568,4.789,-17.857,-0.003,0.012,258.725,259.998,255.4
1780889323.5103948,4.563,-18.0,-0.003,0.012,258.777,259.973,255.374
1780889323.520892,4.676,-18.0,-0.003,0.012,258.757,259.992,255.375
1780889323.535525,4.62,-17.786,-0.003,0.011,258.746,259.962,255.413
1780889323.5459,4.789,-18.0,-0.003,0.012,258.738,260.011,255.375
1780889323.559492,4.62,-18.143,-0.003,0.012,258.778,259.995,255.352
1780889323.59846,4.676,-18.143,-0.003,0.012,258.768,260.004,255.353
1780889323.598895,4.507,-18.429,-0.003,0.012,258.822,260.003,255.304
1780889323.5992079,4.676,-18.143,-0.003,0.012,258.764,260.004,255.357
1780889323.608748,4.563,-18.214,-0.003,0.012,258.789,259.992,255.344
1780889323.622334,4.62,-18.214,-0.003,0.012,258.779,260.001,255.345
1780889323.6367412,4.338,-18.214,-0.003,0.012,258.825,259.954,255.346
1780889323.6472661,4.507,-18.286,-0.003,0.012,258.802,259.991,255.334
1780889323.661003,4.451,-18.071,-0.003,0.012,258.79,259.961,255.372
1780889323.671821,4.507,-18.0,-0.003,0.012,258.774,259.964,255.385
1780889323.686187,4.507,-18.0,-0.003,0.012,258.774,259.965,255.384
1780889323.699918,4.507,-18.143,-0.003,0.012,258.788,259.978,255.359
1780889323.710454,4.338,-17.929,-0.003,0.012,258.795,259.93,255.397
1780889323.724818,4.507,-18.214,-0.003,0.012,258.793,259.987,255.345
1780889323.735855,4.507,-17.786,-0.003,0.011,258.753,259.946,255.422
1780889323.749185,4.676,-17.786,-0.003,0.011,258.726,259.975,255.419
1780889323.7634702,4.789,-17.5,-0.003,0.011,258.682,259.967,255.469
1780889323.803326,4.732,-17.929,-0.003,0.012,258.734,259.999,255.391
1780889323.803699,5.014,-17.857,-0.003,0.012,258.682,260.038,255.403
1780889323.804053,4.732,-17.571,-0.003,0.011,258.704,259.962,255.452
1780889323.812235,4.845,-17.643,-0.003,0.011,258.694,259.989,255.438
1780889323.8226209,4.62,-17.857,-0.003,0.012,258.752,259.971,255.399
1780889323.837068,4.789,-18.071,-0.003,0.012,258.745,260.02,255.36
1780889323.850803,4.62,-17.929,-0.003,0.012,258.759,259.977,255.386
1780889323.861322,4.901,-18.0,-0.003,0.012,258.72,260.031,255.374
1780889323.875701,4.676,-18.143,-0.003,0.012,258.77,260.006,255.349
1780889323.886335,4.676,-18.143,-0.003,0.012,258.77,260.006,255.35
1780889323.9000661,4.845,-17.929,-0.003,0.012,258.721,260.013,255.389
1780889323.914428,4.958,-18.143,-0.003,0.012,258.724,260.052,255.351
1780889323.9260511,4.732,-18.0,-0.003,0.012,258.748,259.999,255.377
1780889323.939001,4.789,-17.857,-0.003,0.012,258.725,259.994,255.403
1780889323.94946,4.62,-18.286,-0.003,0.012,258.793,260.007,255.327
1780889323.963927,4.676,-17.929,-0.003,0.012,258.749,259.982,255.391
1780889323.97747,4.732,-17.929,-0.003,0.012,258.74,259.992,255.391
1780889324.016938,4.676,-17.714,-0.003,0.011,258.73,259.963,255.427
1780889324.017401,4.789,-17.786,-0.003,0.011,258.718,259.99,255.414
1780889324.017747,4.451,-17.857,-0.003,0.012,258.781,259.94,255.4
1780889324.026593,4.676,-17.5,-0.003,0.011,258.71,259.945,255.463
1780889324.0403242,4.845,-17.714,-0.003,0.011,258.704,259.996,255.422
1780889324.050869,4.676,-17.857,-0.003,0.012,258.745,259.981,255.396
1780889324.065268,4.789,-17.786,-0.003,0.011,258.72,259.993,255.408
1780889324.075826,4.845,-17.786,-0.003,0.011,258.712,260.003,255.408
1780889324.089602,4.507,-18.0,-0.003,0.012,258.787,259.967,255.369
1780889324.104196,4.676,-17.929,-0.003,0.012,258.752,259.989,255.383
1780889324.114602,4.789,-17.929,-0.003,0.012,258.733,260.008,255.383
1780889324.1284008,4.507,-18.286,-0.003,0.012,258.812,259.994,255.32
1780889324.139023,4.676,-18.143,-0.003,0.012,258.77,260.009,255.347
1780889324.153219,4.732,-17.929,-0.003,0.012,258.74,259.997,255.386
1780889324.167279,4.563,-18.0,-0.003,0.012,258.774,259.976,255.374
1780889324.1777012,4.676,-18.357,-0.003,0.012,258.787,260.03,255.312
1780889324.1916249,4.62,-18.071,-0.003,0.012,258.768,259.992,255.364
1780889324.228618,4.451,-18.071,-0.003,0.012,258.795,259.964,255.364
1780889324.229001,4.676,-18.429,-0.003,0.012,258.791,260.036,255.301
1780889324.229384,4.563,-18.286,-0.003,0.012,258.795,260.002,255.329
1780889324.240502,4.394,-18.286,-0.003,0.012,258.822,259.974,255.33
1780889324.254941,4.62,-18.357,-0.003,0.012,258.791,260.019,255.318
1780889324.265676,4.845,-18.5,-0.003,0.012,258.767,260.069,255.294
1780889324.279237,4.676,-18.214,-0.003,0.012,258.767,260.012,255.347
1780889324.289873,4.563,-17.857,-0.003,0.011,258.752,259.959,255.41
1780889324.304325,4.451,-18.071,-0.003,0.012,258.791,259.962,255.37
1780889324.318049,4.676,-17.929,-0.003,0.012,258.741,259.987,255.395
1780889324.3286169,4.789,-17.786,-0.003,0.011,258.71,259.993,255.418
1780889324.342442,4.676,-17.714,-0.003,0.011,258.723,259.968,255.429
1780889324.3536088,4.62,-17.5,-0.003,0.011,258.714,259.939,255.465
1780889324.367442,4.676,-17.714,-0.003,0.011,258.727,259.97,255.424
1780889324.381129,4.62,-17.571,-0.003,0.011,258.724,259.947,255.448
1780889324.39188,4.676,-17.5,-0.003,0.011,258.709,259.951,255.459
1780889324.406073,4.732,-17.5,-0.003,0.011,258.701,259.961,255.457
1780889324.44443,4.62,-17.929,-0.003,0.012,258.759,259.984,255.38
1780889324.444736,4.62,-17.643,-0.003,0.011,258.732,259.957,255.431
1780889324.444994,4.732,-18.0,-0.003,0.012,258.748,260.01,255.367
1780889324.45541,4.901,-18.071,-0.003,0.012,258.727,260.045,255.355
1780889324.469013,4.789,-18.071,-0.003,0.012,258.746,260.024,255.356
1780889324.479451,4.732,-17.929,-0.003,0.012,258.742,260.0,255.382
1780889324.493927,4.732,-17.929,-0.003,0.012,258.742,260.0,255.382
1780889324.50777,4.732,-17.929,-0.003,0.012,258.742,259.999,255.382
1780889324.518273,4.789,-18.0,-0.003,0.012,258.74,260.015,255.37
1780889324.532062,4.676,-17.929,-0.003,0.012,258.751,259.989,255.383
1780889324.542697,4.789,-18.0,-0.003,0.012,258.74,260.015,255.37
1780889324.557108,4.789,-18.071,-0.003,0.012,258.746,260.021,255.358
1780889324.5708008,4.845,-17.929,-0.003,0.012,258.724,260.016,255.384
1780889324.581463,4.789,-17.929,-0.003,0.012,258.733,260.006,255.384
1780889324.595741,4.676,-18.286,-0.003,0.012,258.785,260.022,255.321
1780889324.606505,4.845,-18.286,-0.003,0.012,258.757,260.049,255.322
1780889324.6200802,4.901,-17.929,-0.003,0.012,258.713,260.024,255.386
1780889324.660531,4.789,-17.857,-0.003,0.012,258.726,259.998,255.399
1780889324.6608489,4.901,-18.071,-0.003,0.012,258.728,260.038,255.36
1780889324.661201,4.958,-17.714,-0.003,0.011,258.686,260.013,255.423
1780889324.66941,4.676,-17.929,-0.003,0.012,258.753,259.986,255.384
1780889324.6836202,4.676,-17.714,-0.003,0.011,258.733,259.966,255.421
1780889324.69424,4.676,-18.0,-0.003,0.012,258.76,259.995,255.37
1780889324.708107,4.958,-17.929,-0.003,0.012,258.706,260.036,255.382
1780889324.721775,4.676,-17.714,-0.003,0.011,258.733,259.968,255.42
1780889324.732435,4.62,-17.929,-0.003,0.012,258.762,259.98,255.381
1780889324.746785,4.563,-17.857,-0.003,0.012,258.764,259.965,255.393
1780889324.757316,4.62,-17.714,-0.003,0.011,258.741,259.962,255.418
1780889324.77122,4.451,-18.357,-0.003,0.012,258.828,259.996,255.304
1780889324.7854369,4.676,-17.929,-0.003,0.012,258.75,259.992,255.381
1780889324.7960541,4.507,-18.143,-0.003,0.012,258.797,259.985,255.343
1780889324.809917,4.451,-17.929,-0.003,0.012,258.784,259.955,255.384
1780889324.820539,4.394,-18.286,-0.003,0.012,258.826,259.98,255.32
1780889324.8347352,4.451,-18.214,-0.003,0.012,258.809,259.983,255.334
1780889324.871989,4.507,-18.0,-0.003,0.012,258.778,259.972,255.373
1780889324.872512,4.451,-18.429,-0.003,0.012,258.826,260.006,255.297
1780889324.8728771,4.394,-18.071,-0.003,0.012,258.8,259.962,255.362
1780889324.883772,4.563,-18.071,-0.003,0.012,258.772,259.991,255.362
1780889324.89754,4.225,-18.286,-0.003,0.012,258.847,259.955,255.324
1780889324.911278,4.563,-18.214,-0.003,0.012,258.784,260.005,255.338
1780889324.921798,4.507,-18.214,-0.003,0.012,258.793,259.995,255.338
1780889324.9361799,4.958,-18.071,-0.003,0.012,258.706,260.056,255.364
1780889324.946833,4.563,-18.286,-0.003,0.012,258.794,260.008,255.325
1780889324.960593,4.789,-18.071,-0.003,0.012,258.737,260.025,255.364
1780889324.975001,4.451,-18.0,-0.003,0.012,258.786,259.961,255.376
1780889324.985773,4.451,-17.643,-0.003,0.011,258.752,259.928,255.438
1780889324.999315,4.451,-17.786,-0.003,0.011,258.767,259.944,255.409
1780889325.0099041,5.014,-18.0,-0.003,0.012,258.696,260.06,255.37
1780889325.024339,4.732,-17.786,-0.003,0.011,258.723,259.991,255.408
1780889325.035027,4.789,-17.643,-0.003,0.011,258.702,259.986,255.432
1780889325.0486012,4.845,-17.714,-0.003,0.011,258.703,260.003,255.416
1780889325.0875258,4.845,-17.786,-0.003,0.012,258.711,260.01,255.402
1780889325.0878599,4.958,-17.786,-0.003,0.012,258.694,260.028,255.402
1780889325.0882099,4.676,-17.857,-0.003,0.012,258.747,259.987,255.389
1780889325.097833,4.676,-17.857,-0.003,0.012,258.747,259.987,255.388
1780889325.111635,4.901,-17.929,-0.003,0.012,258.717,260.032,255.376
1780889325.1260002,4.676,-18.071,-0.003,0.012,258.768,260.007,255.351
1780889325.1365702,4.732,-18.071,-0.003,0.012,258.757,260.016,255.352
1780889325.1503308,4.789,-18.5,-0.003,0.012,258.788,260.066,255.277
1780889325.1608498,4.845,-18.143,-0.003,0.012,258.744,260.04,255.343
1780889325.1753888,4.676,-18.286,-0.003,0.012,258.785,260.025,255.318
1780889325.1889122,4.845,-18.143,-0.003,0.012,258.744,260.038,255.345
1780889325.199651,4.563,-18.071,-0.003,0.012,258.783,259.984,255.358
1780889325.214018,4.62,-18.0,-0.003,0.012,258.766,259.987,255.37
1780889325.224734,4.394,-18.0,-0.003,0.012,258.803,259.95,255.37
1780889325.238417,4.676,-18.071,-0.003,0.012,258.762,260.006,255.358
1780889325.252268,4.845,-17.857,-0.003,0.012,258.714,260.013,255.396
1780889325.290776,4.789,-18.071,-0.003,0.012,258.745,260.024,255.357
1780889325.291157,4.62,-17.929,-0.003,0.012,258.759,259.982,255.382
1780889325.291494,4.62,-17.786,-0.003,0.012,258.746,259.97,255.405
1780889325.301118,4.507,-18.071,-0.003,0.012,258.792,259.98,255.354
1780889325.315562,4.563,-17.429,-0.003,0.011,258.721,259.928,255.468
1780889325.326159,4.901,-17.571,-0.003,0.011,258.681,260.0,255.44
1780889325.3398578,4.62,-17.571,-0.003,0.011,258.729,259.955,255.436
1780889325.3505092,4.507,-17.786,-0.003,0.012,258.767,259.957,255.397
1780889325.3648121,4.62,-17.643,-0.003,0.011,258.735,259.963,255.422
1780889325.37863,4.394,-17.5,-0.003,0.011,258.759,259.913,255.446
1780889325.3892841,4.676,-17.929,-0.003,0.012,258.753,260.003,255.369
1780889325.4038458,4.451,-17.786,-0.003,0.012,258.776,259.951,255.395
1780889325.414251,4.451,-17.929,-0.003,0.012,258.788,259.966,255.37
1780889325.428025,4.394,-18.0,-0.003,0.012,258.805,259.963,255.356
1780889325.438596,4.62,-17.786,-0.003,0.012,258.747,259.981,255.395
1780889325.452505,4.676,-17.643,-0.003,0.011,258.724,259.976,255.42
1780889325.4666848,4.394,-17.786,-0.003,0.012,258.784,259.943,255.394
1780889325.5045419,4.563,-17.929,-0.003,0.012,258.769,259.985,255.37
1780889325.50492,4.901,-18.0,-0.003,0.012,258.72,260.048,255.358
1780889325.505267,4.789,-18.214,-0.003,0.012,258.759,260.048,255.321
1780889325.51582,4.732,-18.071,-0.003,0.012,258.755,260.023,255.348
1780889325.52956,4.732,-18.357,-0.003,0.012,258.781,260.049,255.299
1780889325.5401049,4.789,-18.143,-0.003,0.012,258.752,260.036,255.339
1780889325.5545118,4.789,-18.571,-0.003,0.012,258.792,260.077,255.264
1780889325.565022,4.845,-18.143,-0.003,0.012,258.742,260.043,255.342
1780889325.578903,4.676,-18.071,-0.003,0.012,258.761,260.007,255.357
1780889325.593407,4.62,-18.071,-0.003,0.012,258.77,259.998,255.357
1780889325.6039228,4.732,-17.857,-0.003,0.012,258.732,259.997,255.394
1780889325.6176798,4.676,-17.786,-0.003,0.012,258.735,259.981,255.406
1780889325.62829,4.62,-17.929,-0.003,0.012,258.758,259.985,255.38
1780889325.641943,4.62,-17.643,-0.003,0.011,258.732,259.959,255.43
1780889325.656296,4.732,-17.714,-0.003,0.011,258.721,259.985,255.415
1780889325.666961,4.732,-17.429,-0.003,0.011,258.697,259.958,255.463
1780889325.680574,4.958,-17.286,-0.003,0.011,258.648,259.983,255.486
1780889325.720957,4.958,-17.786,-0.003,0.012,258.697,260.032,255.395
1780889325.7214248,4.789,-17.857,-0.003,0.012,258.733,260.01,255.382
1780889325.721766,4.507,-17.857,-0.003,0.012,258.778,259.964,255.381
1780889325.729702,4.563,-17.929,-0.003,0.012,258.775,259.981,255.369
1780889325.744051,4.451,-18.0,-0.003,0.012,258.799,259.969,255.356
1780889325.7548668,4.789,-18.0,-0.003,0.012,258.742,260.026,255.357
1780889325.768456,4.338,-18.0,-0.003,0.012,258.815,259.951,255.358
1780889325.7822158,4.62,-17.857,-0.003,0.012,258.754,259.985,255.384
1780889325.7934148,4.507,-18.214,-0.003,0.012,258.806,260.001,255.32
1780889325.807124,4.451,-18.143,-0.003,0.012,258.807,259.985,255.334
1780889325.817858,4.451,-17.857,-0.003,0.012,258.777,259.958,255.387
1780889325.83149,4.225,-18.286,-0.003,0.012,258.854,259.962,255.311
1780889325.842023,4.338,-18.357,-0.003,0.012,258.84,259.989,255.3
1780889325.85632,4.394,-18.071,-0.003,0.012,258.802,259.971,255.352
1780889325.870089,4.451,-18.143,-0.003,0.012,258.798,259.987,255.34
1780889325.880607,4.394,-17.929,-0.003,0.012,258.787,259.957,255.379
1780889325.8950331,4.676,-18.214,-0.003,0.012,258.768,260.032,255.327
1780889325.9351099,4.113,-18.143,-0.003,0.012,258.854,259.93,255.341
1780889325.935443,4.394,-18.071,-0.003,0.012,258.799,259.972,255.354
1780889325.9357178,4.394,-18.0,-0.003,0.012,258.793,259.965,255.366
1780889325.944282,4.451,-18.0,-0.003,0.012,258.783,259.975,255.366
1780889325.958196,4.282,-18.214,-0.003,0.012,258.832,259.967,255.327
1780889325.96872,4.451,-17.786,-0.003,0.012,258.763,259.955,255.404
1780889325.9823859,4.62,-17.857,-0.003,0.012,258.743,259.99,255.39
1780889325.9967191,4.676,-17.786,-0.003,0.012,258.728,259.993,255.401
1780889326.024171,4.676,-17.857,-0.003,0.012,258.738,259.999,255.387
1780889326.024532,4.732,-18.071,-0.003,0.012,258.75,260.029,255.348
1780889326.0315368,4.676,-17.786,-0.003,0.012,258.733,259.991,255.399
1780889326.0460649,5.07,-17.714,-0.003,0.011,258.663,260.05,255.411
1780889326.059817,4.563,-17.5,-0.003,0.011,258.729,259.943,255.447
1780889326.0704708,4.676,-18.214,-0.003,0.012,258.779,260.031,255.318
1780889326.084872,4.845,-18.143,-0.003,0.012,258.744,260.051,255.332
1780889326.095344,4.676,-18.143,-0.003,0.012,258.772,260.022,255.333
1780889326.109184,4.451,-17.571,-0.003,0.011,258.755,259.928,255.436
1780889326.1389928,4.056,-17.643,-0.003,0.011,258.826,259.871,255.422
1780889326.1393101,2.761,-17.429,-0.002,0.011,259.016,259.639,255.458
1780889326.1476538,2.141,-16.929,-0.001,0.011,259.064,259.498,255.545
1780889326.15822,-1.746,-14.286,0.002,0.009,259.434,258.646,256.001
1780889326.171922,-4.0,-12.857,0.004,0.008,259.655,258.179,256.242
1780889326.1862679,-6.704,-11.643,0.006,0.007,259.967,257.673,256.44
1780889326.196646,-9.521,-10.214,0.008,0.006,260.274,257.143,256.675
1780889326.2104042,-14.31,-7.429,0.011,0.004,260.776,256.199,257.152
1780889326.2209432,-16.451,-6.429,0.013,0.003,260.998,255.854,257.296
1780889326.2354088,-19.099,-4.929,0.015,0.002,261.255,255.391,257.532
1780889326.249098,-23.437,-1.571,0.018,-0.0,261.616,254.52,258.108
1780889326.259969,-23.437,-1.571,0.018,-0.0,261.616,254.52,258.108
1780889326.274069,-28.225,0.571,0.021,-0.002,262.173,253.714,258.451
1780889326.284608,-28.225,0.571,0.021,-0.002,262.173,253.714,258.451
1780889326.29828,-34.535,4.929,0.025,-0.005,262.698,252.64,259.138
1780889326.311925,-36.451,6.071,0.026,-0.006,262.849,252.38,259.286
1780889326.351171,-38.704,6.929,0.028,-0.006,263.091,252.095,259.382
1780889326.351556,-40.789,8.357,0.029,-0.007,263.243,251.786,259.589
1780889326.351913,-45.07,10.786,0.032,-0.008,263.685,251.081,259.985
1780889326.361015,-46.592,11.643,0.033,-0.009,263.793,250.912,260.079
1780889326.375415,-46.592,11.643,0.033,-0.009,263.793,250.912,260.079
1780889326.385901,-50.479,13.071,0.035,-0.01,264.27,250.358,260.284
1780889326.3995001,-52.169,13.071,0.036,-0.009,264.497,250.238,260.216
1780889326.4101079,-52.169,13.071,0.036,-0.009,264.497,250.238,260.216
1780889326.4244149,-57.014,14.786,0.039,-0.011,265.118,249.533,260.481
1780889326.43813,-57.972,15.643,0.04,-0.011,265.113,249.451,260.584
1780889326.4487941,-57.972,15.643,0.04,-0.011,265.113,249.451,260.584
1780889326.462593,-62.254,16.857,0.043,-0.012,265.688,248.874,260.754
1780889326.476863,-63.549,17.357,0.043,-0.012,265.783,248.773,260.789
1780889326.487713,-65.803,18.0,0.044,-0.012,266.046,248.524,260.855
1780889326.501215,-66.704,17.357,0.045,-0.011,266.197,248.56,260.675
1780889326.5119512,-66.704,17.357,0.045,-0.011,266.197,248.56,260.675
1780889326.526249,-69.183,17.357,0.046,-0.011,266.578,248.32,260.626
1780889326.566339,-69.69,17.143,0.046,-0.011,266.609,248.366,260.544
1780889326.566787,-71.042,17.143,0.047,-0.011,266.782,248.27,260.507
1780889326.567116,-71.493,16.643,0.047,-0.01,266.842,248.333,260.378
1780889326.578379,-71.493,16.643,0.047,-0.01,266.842,248.333,260.378
1780889326.588873,-72.676,15.5,0.047,-0.009,267.041,248.41,260.111
1780889326.603455,-72.901,14.929,0.047,-0.009,267.078,248.488,259.986
1780889326.613905,-72.958,14.429,0.046,-0.008,267.079,248.577,259.878
1780889326.627722,-73.07,13.214,0.046,-0.007,267.118,248.754,259.634
1780889326.641578,-73.183,12.786,0.046,-0.007,267.134,248.812,259.551
1780889326.652191,-73.183,11.714,0.046,-0.006,267.205,248.932,259.349
1780889326.66658,-73.127,11.071,0.045,-0.005,267.218,249.02,259.234
1780889326.6801898,-72.676,9.143,0.045,-0.004,267.263,249.281,258.891
1780889326.690946,-72.113,8.5,0.044,-0.003,267.188,249.425,258.787
1780889326.7052212,-71.718,7.143,0.044,-0.002,267.23,249.599,258.55
1780889326.716005,-71.042,6.143,0.043,-0.002,267.18,249.779,258.386
1780889326.7295098,-69.859,5.071,0.042,-0.001,267.021,250.029,258.235
1780889326.768049,-69.239,4.0,0.041,-0.0,267.001,250.197,258.061
1780889326.768427,-69.239,4.0,0.041,-0.0,267.001,250.197,258.061
1780889326.768779,-67.211,1.143,0.04,0.002,266.913,250.706,257.564
1780889326.778529,-65.183,-0.929,0.038,0.003,266.73,251.118,257.26
1780889326.7922392,-64.225,-1.714,0.038,0.004,266.627,251.29,257.157
1780889326.8033679,-64.225,-1.714,0.038,0.004,266.627,251.29,257.157
1780889326.817046,-60.845,-5.5,0.035,0.006,266.399,252.06,256.512
1780889326.8307352,-59.042,-6.357,0.034,0.007,266.154,252.345,256.41
1780889326.841347,-57.521,-7.214,0.033,0.007,265.97,252.586,256.307
1780889326.8557062,-56.507,-8.071,0.032,0.008,265.884,252.752,256.202
1780889326.866433,-53.183,-11.071,0.03,0.01,265.617,253.381,255.766
1780889326.8801868,-51.493,-12.143,0.029,0.01,265.436,253.661,255.627
1780889326.894332,-49.803,-12.929,0.027,0.011,265.228,253.915,255.539
1780889326.904824,-48.056,-14.357,0.026,0.012,265.083,254.233,255.336
1780889326.918846,-44.958,-16.857,0.024,0.014,264.805,254.848,254.947
1780889326.932375,-44.958,-16.857,0.024,0.014,264.805,254.848,254.947
1780889326.9710588,-41.07,-19.0,0.021,0.015,264.354,255.548,254.629
1780889326.971456,-38.93,-20.071,0.02,0.016,264.118,255.879,254.502
1780889326.971801,-35.268,-22.071,0.017,0.017,263.71,256.531,254.213
1780889326.9815118,-35.268,-22.071,0.017,0.017,263.71,256.531,254.213
1780889326.995792,-31.155,-24.143,0.014,0.018,263.239,257.259,253.916
1780889327.0062761,-26.761,-27.0,0.011,0.02,262.81,258.104,253.489
1780889327.020093,-26.761,-27.0,0.011,0.02,262.81,258.104,253.489
1780889327.034376,-22.986,-29.357,0.009,0.022,262.448,258.802,253.155
1780889327.044924,-21.07,-30.286,0.008,0.022,262.274,259.061,253.069
1780889327.058818,-16.845,-32.357,0.005,0.024,261.814,259.815,252.785
1780889327.0694568,73.014,-62.643,-0.067,0.048,250.597,282.136,247.902
1780889327.0837572,-12.225,-34.429,0.004,0.024,261.671,260.054,252.695
1780889327.097277,-12.225,-34.429,0.004,0.024,261.671,260.054,252.695
1780889327.107938,-12.225,-34.429,0.004,0.024,261.671,260.054,252.695
1780889327.1219862,-12.225,-34.429,0.004,0.024,261.671,260.054,252.695
1780889327.136238,-1.521,-36.071,-0.004,0.025,260.059,261.929,252.47
1780889327.173485,0.451,-36.071,-0.005,0.025,259.808,262.127,252.524
1780889327.173878,0.451,-36.071,-0.005,0.025,259.808,262.127,252.524
1780889327.174232,7.549,-37.286,-0.011,0.026,258.831,263.356,252.367
1780889327.185194,7.549,-37.286,-0.011,0.026,258.831,263.356,252.367
1780889327.198833,14.761,-39.0,-0.016,0.027,257.917,264.667,252.127
1780889327.209292,17.07,-39.5,-0.017,0.027,257.702,264.955,252.093
1780889327.223514,17.07,-39.5,-0.017,0.027,257.702,264.955,252.093
1780889327.233935,21.746,-40.357,-0.02,0.027,257.141,265.729,251.997
1780889327.247874,21.746,-40.357,-0.02,0.027,257.141,265.729,251.997
1780889327.261601,28.169,-40.929,-0.025,0.028,256.294,266.811,251.946
1780889327.27207,30.197,-40.929,-0.025,0.027,256.1,266.991,251.99
1780889327.286519,30.197,-40.929,-0.025,0.027,256.1,266.991,251.99
1780889327.300308,36.282,-39.929,-0.029,0.026,255.312,267.662,252.228
1780889327.310935,36.282,-39.929,-0.029,0.026,255.312,267.662,252.228
1780889327.325258,40.225,-39.714,-0.031,0.026,254.808,268.221,252.291
1780889327.335978,42.028,-38.714,-0.032,0.025,254.568,268.274,252.483
1780889327.3495092,45.634,-38.0,-0.034,0.024,254.08,268.729,252.62
1780889327.389786,47.155,-37.214,-0.035,0.024,253.904,268.766,252.765
1780889327.390154,49.183,-36.929,-0.036,0.023,253.691,268.974,252.822
1780889327.390497,52.62,-36.286,-0.037,0.023,253.342,269.284,252.939
1780889327.401951,53.69,-35.786,-0.038,0.022,253.243,269.298,253.027
1780889327.412354,55.099,-35.357,-0.038,0.022,253.096,269.4,253.099
1780889327.426718,56.507,-34.5,-0.039,0.021,252.909,269.459,253.243
1780889327.437203,57.859,-33.5,-0.039,0.021,252.717,269.497,253.408
1780889327.450947,60.451,-30.929,-0.041,0.019,252.212,269.611,253.839
1780889327.4654138,61.465,-30.5,-0.041,0.018,252.122,269.662,253.893
1780889327.475976,62.423,-29.714,-0.042,0.018,252.007,269.666,254.009
1780889327.489855,64.563,-28.143,-0.043,0.017,251.732,269.742,254.237
1780889327.504205,65.183,-27.214,-0.043,0.016,251.645,269.679,254.375
1780889327.514805,65.183,-27.214,-0.043,0.016,251.645,269.679,254.375
1780889327.528499,67.831,-23.786,-0.044,0.014,251.136,269.675,254.912
1780889327.538883,68.394,-23.214,-0.044,0.013,251.084,269.66,254.978
1780889327.552684,69.07,-22.286,-0.045,0.013,250.983,269.632,255.107
1780889327.591291,69.07,-22.286,-0.045,0.013,250.983,269.632,255.107
1780889327.591598,70.592,-18.286,-0.045,0.01,250.579,269.375,255.736
1780889327.591886,70.704,-17.143,-0.045,0.009,250.538,269.227,255.894
1780889327.605821,70.986,-15.786,-0.045,0.008,250.451,269.094,256.091
1780889327.616257,71.155,-15.071,-0.045,0.008,250.429,269.02,256.172
1780889327.62992,71.042,-11.571,-0.044,0.006,250.272,268.557,256.707
1780889327.640528,71.211,-11.429,-0.044,0.006,250.289,268.568,256.681
1780889327.654874,71.324,-10.071,-0.044,0.005,250.211,268.428,256.879
1780889327.668725,71.099,-7.929,-0.044,0.004,250.157,268.138,257.17
1780889327.679138,70.479,-6.929,-0.043,0.003,250.204,267.909,257.304
1780889327.6936698,69.803,-5.214,-0.043,0.002,250.197,267.594,257.569
1780889327.704066,69.408,-4.286,-0.042,0.001,250.211,267.431,257.688
1780889327.717945,69.296,-3.071,-0.042,0.001,250.16,267.293,257.86
1780889327.7316139,68.056,-0.571,-0.041,-0.001,250.161,266.799,258.272
1780889327.7422998,67.493,0.571,-0.041,-0.002,250.176,266.599,258.426
1780889327.756511,66.873,1.429,-0.04,-0.002,250.219,266.422,258.528
1780889327.7956412,65.296,3.571,-0.039,-0.004,250.289,265.929,258.874
1780889327.796064,64.451,4.357,-0.038,-0.004,250.363,265.732,258.961
1780889327.7964008,63.493,5.5,-0.038,-0.005,250.421,265.478,259.118
1780889327.8055968,62.366,6.071,-0.037,-0.005,250.547,265.258,259.169
1780889327.8194308,61.521,7.214,-0.036,-0.006,250.582,265.032,259.33
1780889327.8298628,59.211,8.0,-0.034,-0.006,250.852,264.581,259.425
1780889327.8442938,58.31,9.143,-0.034,-0.007,250.887,264.357,259.59
1780889327.8580859,58.31,9.143,-0.034,-0.007,250.887,264.357,259.59
1780889327.868596,54.648,11.5,-0.031,-0.008,251.206,263.585,259.934
1780889327.882356,52.507,11.5,-0.03,-0.008,251.504,263.274,259.881
1780889327.8935921,52.507,11.5,-0.03,-0.008,251.504,263.274,259.881
1780889327.907255,48.507,12.929,-0.027,-0.009,251.926,262.574,260.06
1780889327.920991,48.507,12.929,-0.027,-0.009,251.926,262.574,260.06
1780889327.931566,45.239,13.286,-0.025,-0.009,252.347,262.048,260.084
1780889327.945951,43.606,13.214,-0.024,-0.009,252.559,261.857,260.028
1780889327.959706,40.563,13.571,-0.022,-0.009,252.903,261.462,260.023
1780889327.998188,38.93,13.429,-0.021,-0.008,253.117,261.276,259.963
1780889327.998645,36.958,13.643,-0.019,-0.008,253.349,260.998,259.976
1780889327.998983,36.113,13.5,-0.019,-0.008,253.442,260.947,259.922
1780889328.008855,32.225,13.0,-0.016,-0.008,253.971,260.49,259.785
1780889328.0231621,30.028,12.786,-0.015,-0.007,254.269,260.217,259.728
1780889328.033751,28.507,12.571,-0.014,-0.007,254.463,260.058,259.673
1780889328.0475242,24.507,11.786,-0.012,-0.006,255.026,259.613,259.505
1780889328.061311,23.155,11.286,-0.011,-0.006,255.215,259.51,259.404
1780889328.071784,21.07,10.857,-0.01,-0.006,255.51,259.278,259.32
1780889328.086375,21.07,10.857,-0.01,-0.006,255.51,259.278,259.32
1780889328.096873,15.549,8.429,-0.006,-0.004,256.442,258.748,258.867
1780889328.110962,14.028,7.643,-0.005,-0.003,256.672,258.646,258.73
1780889328.125152,11.662,7.429,-0.003,-0.003,256.984,258.352,258.703
1780889328.1355772,10.366,6.643,-0.003,-0.002,257.179,258.287,258.569
1780889328.149282,6.535,5.0,-0.0,-0.001,257.775,257.956,258.296
1780889328.1599202,4.451,4.214,0.001,-0.001,258.098,257.759,258.169
1780889328.17402,2.986,2.714,0.002,0.0,258.387,257.728,257.912
1780889328.2143831,2.986,2.714,0.002,0.0,258.387,257.728,257.912
1780889328.214818,-2.704,0.429,0.006,0.002,259.441,257.095,257.516
1780889328.215133,-2.704,0.429,0.006,0.002,259.441,257.095,257.516
1780889328.222393,-6.31,-1.929,0.008,0.004,260.155,256.812,257.118
1780889328.236728,-6.31,-1.929,0.008,0.004,260.155,256.812,257.118
1780889328.247157,-11.831,-5.357,0.012,0.006,261.167,256.403,256.583
1780889328.260848,-11.831,-5.357,0.012,0.006,261.167,256.403,256.583
1780889328.2713358,-15.324,-7.286,0.014,0.008,261.826,256.103,256.281
1780889328.285734,-15.324,-7.286,0.014,0.008,261.826,256.103,256.281
1780889328.299597,-20.338,-11.643,0.017,0.011,262.849,255.859,255.613
1780889328.310187,-22.028,-12.571,0.018,0.011,263.096,255.748,255.506
1780889328.324471,-23.493,-14.071,0.019,0.012,263.368,255.721,255.297
1780889328.335232,-23.493,-14.071,0.019,0.012,263.368,255.721,255.297
1780889328.348771,-27.944,-16.857,0.021,0.014,264.17,255.406,254.924
1780889328.362537,-29.352,-18.643,0.022,0.015,264.473,255.406,254.669
1780889328.373754,-31.099,-19.429,0.023,0.015,264.737,255.263,254.591
1780889328.387507,-32.169,-20.857,0.023,0.016,264.95,255.279,254.398
1780889328.424219,-34.873,-23.5,0.025,0.018,265.6,255.147,253.996
1780889328.4246132,-35.718,-23.714,0.025,0.018,265.643,255.086,254.022
1780889328.425832,-35.718,-23.714,0.025,0.018,265.643,255.086,254.022
1780889328.436387,-38.31,-26.429,0.027,0.02,266.292,254.975,253.61
1780889328.450079,-38.31,-26.429,0.027,0.02,266.292,254.975,253.61
1780889328.464326,-41.465,-29.786,0.029,0.022,267.123,254.834,253.098
1780889328.474821,-41.465,-29.786,0.029,0.022,267.123,254.834,253.098
1780889328.488566,-41.465,-29.786,0.029,0.022,267.123,254.834,253.098
1780889328.502422,-44.789,-32.929,0.031,0.024,267.967,254.649,252.635
1780889328.51355,-45.521,-34.429,0.031,0.025,268.117,254.715,252.457
1780889328.5273159,-45.521,-34.429,0.031,0.025,268.117,254.715,252.457
1780889328.537824,-47.831,-36.143,0.032,0.026,268.462,254.598,252.314
1780889328.551757,-48.056,-36.5,0.032,0.026,268.407,254.633,252.321
1780889328.565867,-48.676,-37.357,0.032,0.026,268.498,254.649,252.239
1780889328.57643,-48.676,-37.357,0.032,0.026,268.498,254.649,252.239
1780889328.5901718,-48.676,-37.357,0.032,0.026,268.498,254.649,252.239
1780889328.629619,-50.254,-39.571,0.033,0.028,268.943,254.633,251.927
1780889328.6300979,-50.254,-40.071,0.033,0.028,268.876,254.707,251.906
1780889328.63044,-50.197,-40.429,0.032,0.028,268.689,254.796,251.958
1780889328.639198,-50.31,-40.571,0.032,0.027,268.635,254.811,251.982
1780889328.653734,-50.254,-40.5,0.032,0.027,268.532,254.831,252.038
1780889328.667503,-50.197,-40.714,0.032,0.027,268.471,254.875,252.042
1780889328.677964,-49.859,-40.857,0.031,0.027,268.294,254.963,252.088
1780889328.691863,-49.183,-40.714,0.03,0.027,268.092,255.063,252.142
1780889328.706309,-48.789,-40.643,0.03,0.026,267.963,255.124,252.181
1780889328.717102,-47.887,-39.929,0.029,0.026,267.641,255.207,252.343
1780889328.730616,-47.211,-39.5,0.028,0.025,267.438,255.275,252.432
1780889328.741171,-47.211,-39.5,0.028,0.025,267.438,255.275,252.432
1780889328.755361,-47.211,-39.5,0.028,0.025,267.438,255.275,252.432
1780889328.769363,-44.282,-37.429,0.026,0.024,266.632,255.537,252.8
1780889328.780053,-43.606,-36.857,0.026,0.023,266.446,255.585,252.899
1780889328.794322,-42.592,-36.786,0.025,0.023,266.256,255.728,252.911
1780889328.8337028,-42.254,-36.786,0.025,0.023,266.205,255.77,252.911
1780889328.8341398,-40.451,-35.357,0.023,0.022,265.746,255.9,253.149
1780889328.834424,-39.324,-34.929,0.022,0.022,265.513,256.025,253.216
1780889328.843526,-38.366,-34.071,0.022,0.021,265.271,256.083,253.355
1780889328.8573709,-36.169,-32.357,0.02,0.02,264.749,256.242,253.627
1780889328.871041,-35.155,-31.714,0.02,0.019,264.535,256.326,253.722
1780889328.881641,-34.141,-30.714,0.019,0.018,264.287,256.378,253.878
1780889328.896081,-32.451,-29.857,0.018,0.018,263.937,256.547,254.007
1780889328.909842,-30.028,-28.0,0.016,0.017,263.412,256.72,254.284
1780889328.9204428,-28.901,-26.786,0.015,0.016,263.142,256.765,254.47
1780889328.934963,-27.38,-25.643,0.014,0.015,262.814,256.88,254.642
1780889328.9454021,-26.141,-24.857,0.014,0.014,262.578,256.982,254.749
1780889328.9591832,-23.493,-23.357,0.012,0.014,262.09,257.217,254.95
1780889328.973621,-22.31,-22.714,0.011,0.013,261.885,257.32,255.033
1780889328.9843252,-20.338,-21.143,0.01,0.012,261.454,257.463,255.279
1780889328.997822,-19.155,-20.286,0.009,0.012,261.237,257.545,255.396
1780889329.037688,-16.113,-18.5,0.007,0.01,260.616,257.838,255.677
1780889329.038093,-14.986,-17.714,0.006,0.01,260.429,257.913,255.777
1780889329.038451,-13.296,-16.643,0.005,0.009,260.12,258.052,255.929
1780889329.046895,-9.803,-14.857,0.003,0.008,259.449,258.415,256.209
1780889329.060648,-8.113,-13.714,0.001,0.007,259.151,258.541,256.369
1780889329.07506,-6.704,-12.143,0.001,0.006,258.862,258.582,256.607
1780889329.085705,-5.127,-11.143,-0.0,0.006,258.6,258.705,256.74
1780889329.099314,-1.746,-9.5,-0.002,0.005,258.078,259.023,256.943
1780889329.109963,-0.169,-8.571,-0.003,0.004,257.826,259.152,257.066
1780889329.1244411,1.408,-7.0,-0.004,0.003,257.517,259.22,257.307
1780889329.1351948,2.93,-6.214,-0.005,0.003,257.291,259.355,257.402
1780889329.148635,5.972,-4.929,-0.007,0.002,256.864,259.652,257.546
1780889329.1624231,7.887,-4.071,-0.008,0.002,256.57,259.845,257.659
1780889329.173634,9.239,-3.071,-0.009,0.001,256.353,259.929,257.799
1780889329.1873422,11.042,-2.143,-0.01,0.0,256.072,260.097,257.926
1780889329.197976,14.085,-0.357,-0.012,-0.001,255.609,260.345,258.169
1780889329.211766,15.549,0.429,-0.013,-0.001,255.396,260.471,258.27
1780889329.2509499,17.07,0.929,-0.014,-0.001,255.2,260.634,258.32
1780889329.25141,20.451,2.571,-0.016,-0.002,254.699,260.953,258.546
1780889329.2517602,21.634,2.357,-0.016,-0.002,254.618,261.128,258.464
1780889329.26072,23.38,3.643,-0.017,-0.003,254.318,261.251,258.668
1780889329.275102,24.507,3.714,-0.018,-0.003,254.219,261.39,258.643
1780889329.288894,27.211,4.929,-0.02,-0.004,253.783,261.685,258.835
1780889329.299519,28.845,5.643,-0.021,-0.004,253.557,261.843,258.931
1780889329.313785,30.254,5.643,-0.022,-0.004,253.425,262.035,258.894
1780889329.324556,31.38,5.571,-0.022,-0.004,253.339,262.185,258.847
1780889329.338403,34.028,5.929,-0.024,-0.004,253.058,262.506,258.854
1780889329.351994,35.211,6.429,-0.024,-0.004,252.909,262.609,258.922
1780889329.363276,36.507,6.357,-0.025,-0.004,252.791,262.791,258.883
1780889329.376981,37.746,6.429,-0.026,-0.004,252.667,262.949,258.874
1780889329.387634,39.831,6.5,-0.027,-0.004,252.478,263.205,258.847
1780889329.4017,40.901,6.786,-0.027,-0.004,252.356,263.313,258.883
1780889329.411923,42.197,6.5,-0.028,-0.004,252.247,263.522,258.812
1780889329.426363,43.437,6.571,-0.029,-0.004,252.115,263.683,258.812
1780889329.465919,44.901,6.143,-0.03,-0.003,252.041,263.888,258.709
1780889329.466304,45.972,6.071,-0.03,-0.003,251.94,264.037,258.686
1780889329.466658,46.479,6.0,-0.03,-0.003,251.919,264.086,258.666
1780889329.4754171,46.986,5.786,-0.031,-0.003,251.907,264.152,258.62
1780889329.489078,49.014,4.429,-0.032,-0.002,251.806,264.567,258.36
1780889329.50344,49.239,4.214,-0.032,-0.001,251.829,264.582,258.322
1780889329.5138009,49.239,4.214,-0.032,-0.001,251.829,264.582,258.322
1780889329.527576,51.437,2.5,-0.033,-0.0,251.687,265.118,258.006
1780889329.538123,51.887,1.714,-0.033,0.001,251.722,265.229,257.872
1780889329.5523689,52.507,1.214,-0.034,0.001,251.705,265.341,257.793
1780889329.566484,52.901,0.786,-0.034,0.001,251.713,265.406,257.728
1780889329.5770051,53.352,-0.571,-0.034,0.002,251.81,265.535,257.511
1780889329.590612,53.352,-0.571,-0.034,0.002,251.81,265.535,257.511
1780889329.601556,53.352,-0.571,-0.034,0.002,251.81,265.535,257.511
1780889329.6155798,54.028,-3.643,-0.034,0.004,251.988,265.945,256.968
1780889329.626299,53.746,-4.929,-0.034,0.005,252.151,265.978,256.765
1780889329.640021,54.254,-5.429,-0.034,0.006,252.128,266.076,256.707
1780889329.679498,54.366,-6.714,-0.034,0.007,252.229,266.187,256.506
1780889329.6799,54.423,-7.714,-0.034,0.007,252.31,266.258,256.36
1780889329.6802402,54.423,-9.786,-0.034,0.008,252.488,266.391,256.062
1780889329.689215,54.197,-10.786,-0.034,0.009,252.604,266.414,255.921
1780889329.703508,54.197,-11.357,-0.033,0.009,252.648,266.436,255.856
1780889329.7173371,53.746,-11.929,-0.033,0.01,252.757,266.375,255.791
1780889329.7278001,52.62,-13.643,-0.032,0.011,253.051,266.286,255.558
1780889329.741549,52.676,-14.786,-0.032,0.012,253.126,266.395,255.391
1780889329.755906,52.225,-16.0,-0.032,0.012,253.281,266.415,255.214
1780889329.766479,51.549,-17.5,-0.031,0.013,253.474,266.401,255.027
1780889329.780253,51.042,-18.286,-0.031,0.014,253.597,266.37,254.927
1780889329.790857,51.042,-18.286,-0.031,0.014,253.597,266.37,254.927
1780889329.805297,49.69,-19.786,-0.03,0.015,253.906,266.259,254.702
1780889329.819089,48.732,-21.786,-0.029,0.016,254.165,266.268,254.433
1780889329.829794,48.169,-22.286,-0.029,0.016,254.263,266.204,254.387
1780889329.84413,47.042,-22.929,-0.028,0.016,254.458,266.051,254.314
1780889329.882887,46.31,-23.571,-0.027,0.017,254.592,265.978,254.24
1780889329.8833458,44.845,-25.071,-0.026,0.018,254.876,265.861,254.053
1780889329.883696,43.831,-25.214,-0.025,0.018,255.006,265.688,254.064
1780889329.893307,42.648,-26.143,-0.025,0.018,255.232,265.572,253.937
1780889329.907089,41.127,-27.857,-0.024,0.019,255.576,265.48,253.676
1780889329.920916,40.394,-28.214,-0.023,0.02,255.675,265.391,253.651
1780889329.931394,39.099,-29.0,-0.022,0.02,255.899,265.245,253.552
1780889329.945738,38.028,-29.929,-0.022,0.021,256.101,265.16,253.428
1780889329.959626,35.944,-29.929,-0.02,0.02,256.329,264.809,253.495
1780889329.9701388,34.366,-30.357,-0.019,0.02,256.566,264.587,253.451
1780889329.984601,33.69,-30.714,-0.019,0.021,256.654,264.526,253.417
1780889329.995032,31.944,-30.786,-0.017,0.021,256.886,264.241,253.432
1780889330.008836,29.915,-31.857,-0.016,0.021,257.201,264.044,253.297
1780889330.023061,29.915,-31.857,-0.016,0.021,257.201,264.044,253.297
1780889330.033947,27.38,-32.714,-0.014,0.022,257.631,263.707,253.175
1780889330.047382,24.451,-33.071,-0.012,0.022,258.073,263.258,253.139
1780889330.084415,24.451,-33.071,-0.012,0.022,258.073,263.258,253.139
1780889330.084828,21.859,-33.357,-0.01,0.022,258.452,262.873,253.115
1780889330.086144,20.676,-33.5,-0.01,0.022,258.586,262.73,253.113
1780889330.09655,17.915,-33.571,-0.008,0.022,258.903,262.356,253.142
1780889330.11041,17.915,-33.571,-0.008,0.022,258.903,262.356,253.142
1780889330.124661,15.155,-33.286,-0.006,0.022,259.261,261.9,253.208
1780889330.135218,15.155,-33.286,-0.006,0.022,259.261,261.9,253.208
1780889330.148818,12.113,-32.857,-0.004,0.021,259.651,261.393,253.296
1780889330.1632261,9.577,-32.143,-0.002,0.021,259.927,260.957,253.429
1780889330.173825,8.394,-32.0,-0.002,0.02,260.032,260.814,253.46
1780889330.1876411,8.394,-32.0,-0.002,0.02,260.032,260.814,253.46
1780889330.198115,3.887,-30.857,0.001,0.02,260.524,260.094,253.662
1780889330.211968,2.873,-30.071,0.001,0.019,260.542,259.925,253.797
1780889330.22243,1.408,-30.071,0.002,0.019,260.718,259.756,253.794
1780889330.236974,-0.338,-29.643,0.003,0.019,260.902,259.499,253.865
1780889330.250705,-2.761,-28.571,0.005,0.018,261.071,259.143,254.04
1780889330.2898939,-3.831,-28.143,0.005,0.017,261.147,258.998,254.105
1780889330.2901812,-3.831,-28.143,0.005,0.017,261.147,258.998,254.105
1780889330.2904398,-6.366,-27.0,0.007,0.017,261.406,258.547,254.294
1780889330.2995,-6.366,-27.0,0.007,0.017,261.406,258.547,254.294
1780889330.313888,-10.197,-24.643,0.01,0.015,261.768,257.786,254.691
1780889330.324482,-11.831,-23.714,0.011,0.014,261.889,257.527,254.83
1780889330.3383942,-12.451,-23.714,0.011,0.014,261.93,257.514,254.806
1780889330.351899,-15.211,-22.571,0.013,0.013,262.232,257.053,254.984
1780889330.362287,-16.113,-21.429,0.013,0.013,262.208,256.892,255.16
1780889330.376983,-16.113,-21.429,0.013,0.013,262.208,256.892,255.16
1780889330.387688,-19.718,-19.214,0.015,0.011,262.494,256.297,255.491
1780889330.401312,-20.676,-18.143,0.015,0.01,262.495,256.136,255.649
1780889330.415553,-21.803,-17.5,0.016,0.01,262.573,255.985,255.73
1780889330.426126,-22.592,-17.214,0.016,0.01,262.63,255.916,255.748
1780889330.439857,-22.592,-17.214,0.016,0.01,262.63,255.916,255.748
1780889330.454276,-25.408,-13.929,0.018,0.007,262.742,255.266,256.304
1780889330.49457,-26.254,-13.071,0.019,0.007,262.754,255.146,256.415
1780889330.494941,-27.662,-12.0,0.019,0.006,262.807,254.995,256.523
1780889330.495254,-28.676,-10.857,0.02,0.006,262.829,254.814,256.69
1780889330.5032802,-29.239,-10.286,0.02,0.005,262.832,254.75,256.753
1780889330.517143,-29.239,-10.286,0.02,0.005,262.832,254.75,256.753
1780889330.527553,-31.38,-8.0,0.021,0.004,262.941,254.295,257.129
1780889330.541449,-31.718,-7.357,0.021,0.003,262.9,254.262,257.2
1780889330.552213,-32.282,-6.643,0.022,0.003,262.895,254.184,257.287
1780889330.5663779,-32.62,-5.929,0.022,0.003,262.853,254.137,257.374
1780889330.580235,-33.634,-4.786,0.022,0.002,262.865,254.006,257.501
1780889330.5908039,-34.141,-4.214,0.022,0.002,262.874,253.936,257.567
1780889330.6051142,-34.479,-3.714,0.022,0.002,262.862,253.896,257.621
1780889330.6156669,-34.873,-3.357,0.022,0.002,262.876,253.856,257.65
1780889330.629408,-35.211,-2.0,0.022,0.001,262.766,253.781,257.83
1780889330.643765,-35.38,-1.429,0.022,0.0,262.725,253.749,257.902
1780889330.654667,-35.775,-1.643,0.022,0.001,262.805,253.749,257.829
1780889330.668272,-35.944,-0.571,0.022,0.0,262.706,253.703,257.968
1780889330.706781,-35.887,-0.071,0.022,-0.0,262.638,253.701,258.033
1780889330.70715,-36.0,0.071,0.022,-0.0,262.638,253.702,258.032
1780889330.70751,-36.056,0.571,0.022,-0.0,262.592,253.679,258.1
1780889330.7172291,-35.831,1.071,0.022,-0.001,262.497,253.719,258.144
1780889330.730987,-35.831,1.214,0.022,-0.001,262.482,253.728,258.148
1780889330.741605,-35.662,1.643,0.022,-0.001,262.409,253.736,258.207
1780889330.7558248,-35.493,1.357,0.021,-0.001,262.41,253.804,258.133
1780889330.7695959,-34.873,1.5,0.021,-0.001,262.292,253.911,258.127
1780889330.780232,-34.704,1.214,0.021,-0.0,262.296,253.971,258.059
1780889330.794566,-34.254,1.929,0.02,-0.001,262.149,253.985,258.18
1780889330.805446,-33.915,1.357,0.02,-0.0,262.155,254.092,258.06
1780889330.8190038,-32.845,1.143,0.019,-0.0,262.005,254.276,258.003
1780889330.829652,-32.563,0.714,0.019,0.0,262.009,254.355,257.917
1780889330.844012,-31.831,0.929,0.018,0.0,261.87,254.443,257.952
1780889330.857911,-31.38,1.143,0.018,0.0,261.782,254.488,257.987
1780889330.868479,-30.028,0.429,0.017,0.001,261.647,254.738,257.848
1780889330.88194,-29.296,0.214,0.017,0.001,261.557,254.857,257.807
1780889330.919772,-28.732,0.214,0.016,0.001,261.476,254.93,257.807
1780889330.920178,-27.662,-0.214,0.015,0.001,261.351,255.116,257.728
1780889330.920545,-26.085,-1.214,0.014,0.002,261.217,255.409,257.549
1780889330.931085,-25.803,-1.571,0.014,0.002,261.223,255.462,257.489
1780889330.945411,-25.07,-2.0,0.014,0.003,261.158,255.59,257.417
1780889330.955884,-25.07,-2.0,0.014,0.003,261.158,255.59,257.417
1780889330.969764,-22.535,-2.929,0.012,0.003,260.86,256.009,257.267
1780889330.980243,-22.535,-2.929,0.012,0.003,260.86,256.009,257.267
1780889330.994726,-20.563,-4.357,0.011,0.004,260.688,256.413,257.017
1780889331.0085728,-18.648,-5.786,0.009,0.005,260.553,256.765,256.79
1780889331.0189161,-17.859,-5.786,0.009,0.005,260.445,256.847,256.809
1780889331.033469,-16.507,-6.286,0.008,0.006,260.291,257.065,256.736
1780889331.043958,-15.662,-6.571,0.007,0.006,260.205,257.181,256.702
1780889331.057618,-13.521,-7.643,0.006,0.006,260.006,257.531,256.544
1780889331.071281,-13.521,-7.643,0.006,0.006,260.006,257.531,256.544
1780889331.081853,-13.521,-7.643,0.006,0.006,260.006,257.531,256.544
1780889331.096189,-9.972,-9.429,0.003,0.008,259.616,258.218,256.241
1780889331.137634,-7.662,-11.0,0.002,0.009,259.452,258.616,256.013
1780889331.13806,-6.31,-12.214,0.001,0.01,259.379,258.888,255.822
1780889331.138335,-5.577,-12.214,0.001,0.01,259.292,258.944,255.851
1780889331.145391,-4.169,-13.214,-0.0,0.01,259.188,259.208,255.699
1780889331.159319,-3.211,-14.071,-0.001,0.011,259.145,259.384,255.575
1780889331.170055,-0.845,-15.714,-0.002,0.012,258.944,259.869,255.313
1780889331.184206,0.394,-16.5,-0.003,0.012,258.85,260.08,255.207
1780889331.197889,1.577,-17.214,-0.004,0.013,258.758,260.275,255.114
1780889331.208394,4.113,-18.286,-0.005,0.013,258.513,260.664,254.991
1780889331.222216,5.296,-19.071,-0.006,0.014,258.429,260.87,254.884
1780889331.233472,6.197,-19.5,-0.006,0.014,258.357,260.994,254.84
1780889331.2471209,8.732,-21.071,-0.008,0.015,258.162,261.44,254.625
1780889331.261128,8.732,-21.071,-0.008,0.015,258.162,261.44,254.625
1780889331.271502,11.38,-22.286,-0.01,0.016,257.881,261.945,254.444
1780889331.2859452,12.338,-23.0,-0.01,0.016,257.831,262.104,254.352
1780889331.296732,14.423,-24.0,-0.011,0.017,257.66,262.414,254.244
1780889331.3102741,15.211,-24.643,-0.012,0.017,257.627,262.544,254.163
1780889331.347457,16.394,-25.0,-0.012,0.017,257.504,262.716,254.131
1780889331.347908,17.352,-25.5,-0.013,0.018,257.431,262.865,254.073
1780889331.348737,18.366,-25.643,-0.014,0.018,257.316,262.989,254.076
1780889331.363143,20.507,-27.357,-0.015,0.019,257.165,263.476,253.805
1780889331.373728,21.577,-27.143,-0.016,0.019,257.011,263.57,253.872
1780889331.387393,21.577,-27.143,-0.016,0.019,257.011,263.57,253.872
1780889331.398025,24.676,-28.714,-0.018,0.02,256.738,264.139,253.655
1780889331.41185,25.577,-28.643,-0.018,0.019,256.627,264.219,253.695
1780889331.426529,26.31,-28.929,-0.018,0.019,256.575,264.31,253.67
1780889331.436838,28.113,-29.786,-0.019,0.02,256.438,264.59,253.57
1780889331.45083,29.07,-30.357,-0.02,0.02,256.373,264.759,253.494
1780889331.465021,29.859,-29.786,-0.02,0.02,256.231,264.778,253.614
1780889331.475646,30.479,-30.214,-0.021,0.02,256.206,264.875,253.558
1780889331.489341,31.831,-30.857,-0.021,0.02,256.118,265.073,253.481
1780889331.500087,32.676,-30.643,-0.022,0.02,255.997,265.151,253.535
1780889331.514399,33.296,-30.5,-0.022,0.02,255.918,265.197,253.573
1780889331.55233,34.254,-30.571,-0.023,0.02,255.805,265.331,253.573
1780889331.55274,34.254,-30.429,-0.022,0.02,255.85,265.221,253.619
1780889331.553087,35.38,-30.214,-0.023,0.019,255.682,265.366,253.664
1780889331.566676,36.225,-30.143,-0.024,0.019,255.572,265.475,253.683
1780889331.577369,37.014,-29.714,-0.024,0.019,255.466,265.499,253.766
1780889331.591147,37.577,-29.857,-0.024,0.019,255.418,265.584,253.745
1780889331.6017122,37.746,-29.786,-0.024,0.019,255.411,265.573,253.76
1780889331.616074,37.972,-28.857,-0.024,0.018,255.318,265.484,253.923
1780889331.629845,38.592,-28.5,-0.024,0.018,255.24,265.508,253.98
1780889331.6404932,38.648,-27.929,-0.024,0.018,255.204,265.433,254.076
1780889331.654923,39.042,-27.5,-0.025,0.017,255.128,265.441,254.145
1780889331.668695,39.324,-26.143,-0.025,0.016,255.009,265.314,254.365
1780889331.679283,39.268,-26.071,-0.025,0.016,255.033,265.283,254.367
1780889331.6936052,39.324,-25.429,-0.025,0.016,254.987,265.214,254.469
1780889331.704213,39.324,-24.929,-0.024,0.015,254.963,265.153,254.544
1780889331.718067,39.211,-23.571,-0.024,0.014,254.896,264.977,254.756
1780889331.757081,38.986,-23.357,-0.024,0.014,254.928,264.912,254.777
1780889331.757451,38.873,-22.5,-0.024,0.014,254.886,264.802,254.911
1780889331.757797,38.93,-22.429,-0.024,0.014,254.886,264.808,254.906
1780889331.77005,38.93,-22.429,-0.024,0.014,254.886,264.808,254.906
1780889331.780601,38.93,-22.429,-0.024,0.014,254.886,264.808,254.906
1780889331.795119,37.465,-19.5,-0.023,0.011,254.867,264.238,255.406
1780889331.8054621,37.465,-18.714,-0.023,0.011,254.811,264.173,255.517
1780889331.8193421,36.563,-17.357,-0.022,0.01,254.855,263.906,255.702
1780889331.833764,36.056,-17.0,-0.022,0.01,254.912,263.799,255.737
1780889331.844291,35.662,-16.786,-0.021,0.01,254.962,263.729,255.747
1780889331.8580852,34.479,-14.571,-0.02,0.008,254.954,263.313,256.117
1780889331.871745,33.915,-13.714,-0.02,0.008,254.971,263.156,256.237
1780889331.8824892,33.577,-13.429,-0.02,0.008,255.003,263.1,256.255
1780889331.896756,32.789,-12.929,-0.019,0.007,255.084,262.941,256.313
1780889331.907551,31.606,-11.571,-0.018,0.007,255.147,262.663,256.496
1780889331.920991,30.93,-10.929,-0.018,0.006,255.194,262.515,256.581
1780889331.959038,30.141,-10.571,-0.017,0.006,255.282,262.377,256.615
1780889331.959456,29.239,-10.143,-0.017,0.006,255.379,262.214,256.663
1780889331.959717,27.549,-8.643,-0.016,0.005,255.493,261.849,256.878
1780889331.974106,26.93,-7.857,-0.015,0.004,255.511,261.705,256.992
1780889331.9846861,26.028,-7.0,-0.015,0.004,255.567,261.506,257.118
1780889331.998272,24.056,-6.5,-0.013,0.004,255.807,261.207,257.15
1780889332.008775,23.38,-6.071,-0.013,0.004,255.86,261.093,257.2
1780889332.023183,22.028,-5.786,-0.012,0.003,256.031,260.879,257.226
1780889332.033886,21.577,-5.786,-0.012,0.004,256.084,260.848,257.201
1780889332.047691,19.606,-4.214,-0.01,0.002,256.217,260.451,257.44
1780889332.06144,18.648,-3.643,-0.01,0.002,256.297,260.28,257.52
1780889332.071882,17.577,-3.429,-0.009,0.002,256.427,260.127,257.534
1780889332.0866401,17.577,-3.429,-0.009,0.002,256.427,260.127,257.534
1780889332.097087,14.817,-2.0,-0.007,0.001,256.686,259.631,257.747
1780889332.1107259,13.803,-1.357,-0.007,0.001,256.764,259.453,257.84
1780889332.1251042,12.901,-1.0,-0.006,0.001,256.849,259.323,257.88
1780889332.165119,12.113,-1.643,-0.006,0.001,257.008,259.305,257.736
1780889332.165547,9.634,-0.357,-0.004,0.0,257.229,258.876,257.932
1780889332.165878,8.676,0.143,-0.004,0.0,257.307,258.723,258.004
1780889332.17409,7.549,-0.286,-0.003,0.0,257.497,258.631,257.903
1780889332.184652,6.986,0.071,-0.003,0.0,257.523,258.555,257.951
1780889332.19841,4.789,0.286,-0.001,0.0,257.794,258.274,257.958
1780889332.2121758,3.493,-0.643,-0.0,0.001,258.056,258.198,257.772
1780889332.223294,2.873,0.357,-0.0,0.0,258.027,258.051,257.947
1780889332.236995,2.254,0.5,0.0,0.0,258.081,257.984,257.961
1780889332.2475572,-0.338,0.286,0.002,0.0,258.452,257.678,257.898
1780889332.26144,-1.239,0.643,0.002,0.0,258.529,257.545,257.955
1780889332.2718651,-2.085,0.214,0.003,0.001,258.67,257.495,257.866
1780889332.286319,-3.042,0.429,0.004,0.0,258.77,257.365,257.899
1780889332.296874,-5.014,0.071,0.005,0.001,259.051,257.169,257.821
1780889332.3105989,-5.972,-0.071,0.005,0.001,259.183,257.071,257.79
1780889332.3212821,-7.099,-0.857,0.006,0.002,259.405,257.005,257.642
1780889332.335789,-8.0,-1.0,0.006,0.002,259.526,256.914,257.617
1780889332.3462248,-9.746,-1.143,0.007,0.002,259.746,256.728,257.593
1780889332.384558,-10.479,-1.643,0.008,0.002,259.875,256.695,257.502
1780889332.384923,-10.479,-1.643,0.008,0.002,259.875,256.695,257.502
1780889332.3852632,-10.479,-1.643,0.008,0.002,259.875,256.695,257.502
1780889332.398247,-13.634,-3.643,0.01,0.004,260.501,256.455,257.151
1780889332.4088068,-14.479,-4.357,0.01,0.004,260.663,256.422,257.032
1780889332.423153,-15.099,-4.5,0.011,0.004,260.73,256.371,257.019
1780889332.4368799,-16.0,-4.857,0.011,0.005,260.869,256.295,256.967
1780889332.4472902,-17.183,-5.929,0.012,0.005,261.078,256.267,256.801
1780889332.4612591,-17.972,-6.071,0.012,0.005,261.18,256.185,256.79
1780889332.471801,-18.704,-6.929,0.013,0.006,261.343,256.175,256.649
1780889332.486051,-19.268,-7.643,0.013,0.006,261.463,256.177,256.537
1780889332.4996748,-19.887,-8.357,0.013,0.007,261.594,256.169,256.426
1780889332.510299,-19.887,-8.357,0.013,0.007,261.594,256.169,256.426
1780889332.524829,-21.746,-10.0,0.015,0.008,262.031,256.049,256.15
1780889332.535763,-22.31,-10.929,0.015,0.009,262.167,256.068,256.009
1780889332.548949,-23.042,-12.0,0.015,0.009,262.297,256.09,255.871
1780889332.5862038,-23.324,-13.071,0.015,0.01,262.405,256.16,255.706
1780889332.586578,-23.775,-13.429,0.015,0.01,262.471,256.136,255.67
1780889332.587339,-23.775,-13.429,0.015,0.01,262.471,256.136,255.67
1780889332.601186,-24.732,-15.357,0.016,0.012,262.787,256.174,255.355
1780889332.611734,-25.183,-16.214,0.016,0.012,262.902,256.192,255.236
1780889332.626155,-25.296,-16.857,0.016,0.013,262.938,256.243,255.155
1780889332.636596,-25.803,-18.357,0.016,0.014,263.087,256.314,254.956
1780889332.6505349,-25.859,-19.071,0.016,0.014,263.126,256.375,254.863
1780889332.664869,-26.141,-19.571,0.016,0.014,263.185,256.379,254.808
1780889332.675563,-25.803,-21.071,0.016,0.015,263.238,256.57,254.577
1780889332.6892438,-25.915,-21.929,0.016,0.016,263.271,256.625,254.495
1780889332.703765,-26.31,-22.643,0.016,0.016,263.381,256.625,254.402
1780889332.7143831,-26.31,-23.214,0.016,0.016,263.405,256.674,254.334
1780889332.72817,-26.141,-24.143,0.016,0.017,263.408,256.775,254.234
1780889332.738683,-26.085,-24.643,0.016,0.017,263.422,256.824,254.176
1780889332.752595,-26.254,-25.286,0.016,0.018,263.492,256.849,254.092
1780889332.7904892,-25.915,-26.0,0.016,0.018,263.48,256.96,253.996
1780889332.790869,-25.352,-26.786,0.015,0.018,263.416,257.103,253.914
1780889332.791168,-25.465,-27.286,0.015,0.019,263.469,257.119,253.854
1780889332.8054368,-25.07,-27.929,0.015,0.019,263.447,257.229,253.769
1780889332.816082,-24.563,-28.429,0.014,0.019,263.391,257.343,253.709
1780889332.829765,-23.775,-28.857,0.014,0.019,263.27,257.478,253.684
1780889332.840224,-23.662,-29.214,0.014,0.02,263.278,257.513,253.645
1780889332.8547919,-23.099,-29.571,0.013,0.02,263.206,257.62,253.605
1780889332.868545,-22.31,-29.857,0.013,0.02,263.084,257.738,253.597
1780889332.879053,-22.028,-30.143,0.013,0.02,263.061,257.792,253.566
1780889332.893507,-21.239,-30.143,0.012,0.02,262.921,257.901,253.583
1780889332.907472,-20.676,-30.5,0.012,0.02,262.861,258.005,253.538
1780889332.918017,-19.662,-30.643,0.011,0.02,262.708,258.14,253.542
1780889332.931606,-18.93,-31.0,0.01,0.02,262.622,258.271,253.495
1780889332.942315,-18.479,-30.857,0.01,0.02,262.537,258.308,253.532
1780889332.9567301,-17.69,-31.429,0.01,0.021,262.467,258.467,253.446
1780889332.995181,-16.0,-30.786,0.008,0.02,262.133,258.633,253.58
1780889332.995602,-15.718,-31.0,0.008,0.02,262.123,258.674,253.551
1780889332.9959428,-14.648,-30.857,0.007,0.02,261.94,258.811,253.583
1780889333.009127,-13.183,-30.857,0.007,0.02,261.728,258.999,253.595
1780889333.019535,-12.451,-30.714,0.006,0.02,261.609,259.079,253.625
1780889333.034028,-11.38,-30.429,0.005,0.019,261.421,259.201,253.678
1780889333.044405,-10.648,-30.071,0.005,0.019,261.287,259.26,253.742
1780889333.058173,-9.014,-29.643,0.004,0.019,261.023,259.432,253.818
1780889333.072136,-8.394,-29.714,0.003,0.019,260.955,259.514,253.804
1780889333.083143,-7.606,-29.857,0.003,0.019,260.864,259.63,253.778
1780889333.096821,-6.592,-29.214,0.002,0.018,260.66,259.709,253.889
1780889333.1074848,-4.845,-28.5,0.001,0.018,260.362,259.874,254.005
1780889333.1214342,-4.451,-28.071,0.001,0.018,260.289,259.871,254.074
1780889333.135593,-3.155,-27.429,0.0,0.017,260.045,259.999,254.178
1780889333.146215,-3.155,-27.429,0.0,0.017,260.045,259.999,254.178
1780889333.15981,-0.62,-26.357,-0.002,0.016,259.601,260.262,254.344
1780889333.1979609,-0.62,-26.357,-0.002,0.016,259.601,260.262,254.344
1780889333.198389,1.521,-25.571,-0.003,0.016,259.216,260.515,254.469
1780889333.1987221,3.38,-24.643,-0.004,0.015,258.921,260.672,254.601
1780889333.209044,4.113,-24.357,-0.005,0.015,258.823,260.735,254.636
1780889333.223283,4.901,-23.929,-0.005,0.015,258.701,260.795,254.696
1780889333.233888,5.972,-23.429,-0.006,0.014,258.527,260.896,254.768
1780889333.247752,7.549,-22.643,-0.007,0.014,258.291,261.025,254.874
1780889333.2614431,8.394,-22.071,-0.007,0.014,258.147,261.082,254.958
1780889333.272034,9.408,-21.5,-0.008,0.013,257.977,261.17,255.041
1780889333.286425,9.408,-21.5,-0.008,0.013,257.977,261.17,255.041
1780889333.296997,12.169,-19.357,-0.01,0.012,257.439,261.37,255.378
1780889333.3110888,12.845,-18.571,-0.01,0.011,257.312,261.378,255.493
1780889333.3253708,13.69,-18.071,-0.01,0.011,257.183,261.446,255.557
1780889333.336055,14.648,-17.357,-0.011,0.01,257.018,261.512,255.659
1780889333.3494499,16.338,-16.571,-0.012,0.01,256.78,261.671,255.749
1780889333.363837,17.239,-16.143,-0.012,0.01,256.649,261.756,255.801
1780889333.4031239,17.915,-15.143,-0.013,0.009,256.501,261.746,255.956
1780889333.403525,18.704,-14.714,-0.013,0.009,256.388,261.814,256.007
1780889333.403868,20.169,-13.5,-0.014,0.008,256.099,261.921,256.199
1780889333.412268,21.127,-12.857,-0.015,0.008,255.944,261.997,256.286
1780889333.426704,21.859,-12.0,-0.015,0.007,255.805,262.012,256.412
1780889333.437261,22.986,-11.071,-0.016,0.006,255.648,262.067,256.521
1780889333.450992,24.225,-10.786,-0.017,0.006,255.479,262.232,256.545
1780889333.465324,24.732,-10.214,-0.017,0.006,255.398,262.238,256.621
1780889333.4759822,25.014,-9.643,-0.017,0.006,255.35,262.207,256.699
1780889333.489642,26.423,-8.929,-0.018,0.005,255.115,262.36,256.801
1780889333.500433,26.93,-8.5,-0.018,0.005,255.046,262.382,256.852
1780889333.514616,27.549,-8.071,-0.018,0.005,254.958,262.425,256.903
1780889333.525301,27.944,-7.571,-0.019,0.005,254.897,262.423,256.969
1780889333.5387268,29.239,-6.714,-0.019,0.004,254.707,262.524,257.074
1780889333.553459,29.577,-6.571,-0.019,0.004,254.683,262.55,257.076
1780889333.563922,30.085,-6.071,-0.02,0.004,254.6,262.57,257.144
1780889333.577586,30.986,-5.643,-0.02,0.004,254.497,262.651,257.178
1780889333.616022,31.38,-5.0,-0.02,0.003,254.415,262.638,257.275
1780889333.6164749,31.437,-5.071,-0.02,0.003,254.446,262.64,257.241
1780889333.616808,31.831,-4.786,-0.02,0.003,254.392,262.666,257.275
1780889333.6266172,32.732,-4.571,-0.021,0.003,254.293,262.776,257.279
1780889333.6403651,32.676,-4.214,-0.021,0.003,254.298,262.716,257.329
1780889333.6509628,33.183,-4.071,-0.021,0.003,254.234,262.778,257.339
1780889333.6653812,33.239,-3.929,-0.021,0.003,254.238,262.761,257.35
1780889333.67908,33.465,-3.786,-0.021,0.003,254.237,262.763,257.35
1780889333.689685,33.859,-3.786,-0.021,0.003,254.197,262.823,257.338
1780889333.704129,33.69,-3.5,-0.021,0.003,254.216,262.754,257.379
1780889333.714716,33.915,-3.643,-0.021,0.003,254.212,262.8,257.342
1780889333.7283788,34.141,-3.571,-0.021,0.003,254.202,262.817,257.338
1780889333.742253,33.915,-3.357,-0.021,0.003,254.231,262.748,257.369
1780889333.75354,34.085,-3.786,-0.021,0.003,254.255,262.816,257.283
1780889333.767162,34.028,-3.929,-0.021,0.003,254.286,262.814,257.252
1780889333.7777731,33.859,-3.929,-0.021,0.003,254.329,262.775,257.243
1780889333.79164,33.972,-4.429,-0.021,0.004,254.362,262.841,257.148
1780889333.831551,33.634,-4.571,-0.021,0.004,254.43,262.791,257.122
1780889333.831966,33.577,-4.643,-0.021,0.004,254.448,262.784,257.109
1780889333.832298,33.127,-5.357,-0.02,0.004,254.582,262.771,256.981
1780889333.840553,32.901,-5.571,-0.02,0.005,254.633,262.751,256.946
1780889333.8549602,32.62,-5.643,-0.02,0.005,254.68,262.707,256.937
1780889333.868595,32.056,-6.5,-0.019,0.005,254.832,262.695,256.791
1780889333.879234,31.437,-6.571,-0.019,0.005,254.925,262.593,256.786
1780889333.893663,31.099,-7.143,-0.019,0.006,255.018,262.594,256.689
1780889333.904319,30.648,-7.5,-0.018,0.006,255.108,262.554,256.633
1780889333.917953,30.028,-8.571,-0.018,0.007,255.273,262.559,256.46
1780889333.928503,29.634,-9.143,-0.018,0.007,255.37,262.55,256.369
1780889333.942315,29.634,-9.143,-0.018,0.007,255.37,262.55,256.369
1780889333.9566422,28.563,-9.929,-0.017,0.008,255.588,262.445,256.242
1780889333.967202,27.718,-10.857,-0.016,0.008,255.759,262.403,256.107
1780889333.980916,26.93,-11.5,-0.016,0.009,255.917,262.336,256.009
1780889333.995303,26.366,-11.786,-0.015,0.009,256.006,262.273,255.976
1780889334.034199,25.803,-12.143,-0.015,0.009,256.101,262.219,255.929
1780889334.0345569,24.563,-13.357,-0.014,0.01,256.351,262.145,255.748
1780889334.0349061,23.831,-13.786,-0.014,0.01,256.476,262.069,255.691
1780889334.044373,23.38,-14.0,-0.013,0.01,256.538,262.023,255.672
1780889334.058186,22.085,-15.786,-0.012,0.012,256.874,261.988,255.373
1780889334.0687318,21.746,-16.071,-0.012,0.012,256.919,261.968,255.347
1780889334.083173,20.845,-16.429,-0.012,0.012,257.06,261.859,255.307
1780889334.0969868,20.225,-17.071,-0.011,0.012,257.183,261.828,255.216
1780889334.107533,18.479,-17.929,-0.01,0.013,257.467,261.638,255.11
1780889334.121244,17.915,-18.429,-0.01,0.013,257.566,261.606,255.044
1780889334.13183,17.239,-18.571,-0.009,0.013,257.65,261.519,255.041
1780889334.146189,16.507,-18.929,-0.009,0.013,257.764,261.444,254.998
1780889334.160056,14.761,-20.071,-0.008,0.014,258.076,261.293,254.838
1780889334.170356,14.423,-20.714,-0.008,0.015,258.151,261.316,254.746
1780889334.185056,14.423,-20.714,-0.008,0.015,258.151,261.316,254.746
1780889334.198803,11.437,-21.929,-0.006,0.015,258.664,260.962,254.58
1780889334.237906,10.986,-22.714,-0.005,0.016,258.766,260.984,254.465
1780889334.238281,9.915,-23.071,-0.005,0.016,258.93,260.857,254.426
1780889334.238626,9.239,-23.071,-0.004,0.016,258.996,260.764,254.449
1780889334.2478762,7.606,-23.929,-0.003,0.016,259.256,260.616,254.341
1780889334.261653,6.648,-24.0,-0.003,0.016,259.377,260.484,254.349
1780889334.272191,6.085,-24.929,-0.002,0.017,259.515,260.503,254.206
1780889334.286557,5.127,-24.857,-0.002,0.017,259.623,260.357,254.238
1780889334.2970722,3.437,-25.143,-0.001,0.017,259.845,260.149,254.223
1780889334.3108008,2.704,-25.143,-0.0,0.017,259.925,260.052,254.239
1780889334.321425,1.972,-26.0,0.0,0.017,260.087,260.038,254.104
1780889334.335614,1.972,-26.0,0.0,0.017,260.087,260.038,254.104
1780889334.3497071,-0.563,-26.286,0.002,0.018,260.452,259.695,254.087
1780889334.359879,-1.352,-26.643,0.002,0.018,260.574,259.627,254.039
1780889334.374107,-1.352,-26.643,0.002,0.018,260.574,259.627,254.039
1780889334.384908,-1.352,-26.643,0.002,0.018,260.574,259.627,254.039
1780889334.398443,-4.282,-26.214,0.004,0.017,260.932,259.168,254.14
1780889334.412011,-4.282,-26.214,0.004,0.017,260.932,259.168,254.14
1780889334.450151,-4.282,-26.214,0.004,0.017,260.932,259.168,254.14
1780889334.450515,-6.423,-26.0,0.006,0.017,261.228,258.832,254.187
1780889334.450866,-7.662,-25.857,0.006,0.017,261.325,258.695,254.228
1780889334.4611661,-8.282,-25.714,0.007,0.017,261.37,258.619,254.258
1780889334.4755049,-9.183,-25.857,0.007,0.017,261.495,258.523,254.238
1780889334.486072,-9.577,-25.5,0.007,0.017,261.484,258.462,254.305
1780889334.49974,-10.873,-25.429,0.008,0.016,261.618,258.316,254.322
1780889334.510381,-11.606,-25.0,0.008,0.016,261.664,258.192,254.398
1780889334.5248718,-12.113,-24.714,0.009,0.016,261.687,258.118,254.448
1780889334.538614,-13.07,-24.071,0.009,0.015,261.723,257.971,254.554
1780889334.549185,-13.577,-23.714,0.009,0.015,261.745,257.889,254.613
1780889334.563442,-14.254,-23.5,0.01,0.015,261.812,257.792,254.645
1780889334.577226,-14.592,-22.929,0.01,0.015,261.786,257.717,254.739
1780889334.587803,-15.549,-22.786,0.01,0.014,261.888,257.612,254.749
1780889334.601645,-16.338,-21.786,0.011,0.014,261.901,257.424,254.918
1780889334.612107,-16.338,-21.571,0.011,0.014,261.858,257.435,254.945
1780889334.626614,-16.845,-21.643,0.011,0.014,261.933,257.39,254.923
1780889334.666126,-17.352,-21.286,0.011,0.013,261.945,257.331,254.969
1780889334.666511,-17.352,-21.286,0.011,0.013,261.945,257.331,254.969
1780889334.666881,-17.352,-21.286,0.011,0.013,261.945,257.331,254.969
1780889334.678678,-18.93,-19.857,0.012,0.012,262.058,256.977,255.211
1780889334.689298,-18.873,-19.429,0.012,0.012,261.987,256.979,255.272
1780889334.703681,-19.324,-19.071,0.012,0.012,262.014,256.905,255.32
1780889334.714154,-19.324,-18.857,0.012,0.012,261.977,256.914,255.343
1780889334.7280178,-19.493,-18.071,0.012,0.011,261.904,256.868,255.454
1780889334.741906,-19.549,-17.786,0.012,0.011,261.876,256.857,255.49
1780889334.7531111,-19.662,-17.357,0.012,0.011,261.844,256.823,255.551
1780889334.766779,-19.549,-16.929,0.012,0.011,261.776,256.823,255.612
1780889334.780511,-19.775,-16.143,0.012,0.01,261.729,256.756,255.72
1780889334.791211,-19.606,-15.571,0.012,0.01,261.641,256.75,255.805
1780889334.805603,-19.662,-15.143,0.012,0.009,261.608,256.72,255.865
1780889334.816332,-19.493,-14.071,0.012,0.009,261.477,256.681,256.021
1780889334.830073,-19.324,-13.571,0.012,0.008,261.403,256.678,256.092
1780889334.871497,-19.268,-13.214,0.011,0.008,261.363,256.669,256.137
1780889334.871858,-18.873,-12.714,0.011,0.008,261.253,256.699,256.208
1780889334.8721979,-18.873,-11.714,0.011,0.007,261.17,256.631,256.351
1780889334.882868,-18.423,-11.429,0.011,0.007,261.075,256.688,256.383
1780889334.8935559,-18.197,-11.214,0.011,0.007,261.026,256.713,256.402
1780889334.907188,-18.197,-10.571,0.011,0.007,260.975,256.663,256.5
1780889334.917708,-17.239,-9.643,0.01,0.006,260.747,256.744,256.629
1780889334.9315012,-16.62,-10.0,0.009,0.006,260.693,256.88,256.545
1780889334.945976,-16.563,-8.714,0.009,0.005,260.574,256.774,256.761
1780889334.956455,-15.606,-8.143,0.009,0.005,260.393,256.879,256.825
1780889334.97023,-15.437,-7.357,0.009,0.005,260.308,256.836,256.949
1780889334.980799,-14.873,-7.571,0.008,0.005,260.255,256.946,256.889
1780889334.9952278,-14.085,-7.0,0.008,0.005,260.088,257.018,256.975
1780889335.008994,-13.521,-7.0,0.007,0.005,260.036,257.101,256.941
1780889335.0196722,-13.465,-6.786,0.007,0.005,260.027,257.086,256.965
1780889335.033945,-13.296,-6.857,0.007,0.005,260.024,257.116,256.937
1780889335.072599,-12.62,-6.571,0.007,0.004,259.902,257.192,256.976
1780889335.072952,-11.718,-5.429,0.006,0.004,259.685,257.22,257.156
1780889335.073283,-11.099,-5.214,0.006,0.004,259.584,257.293,257.18
1780889335.083027,-10.535,-5.143,0.005,0.004,259.507,257.369,257.179
1780889335.096786,-9.972,-4.429,0.005,0.003,259.369,257.385,257.296
1780889335.107342,-8.958,-4.571,0.004,0.003,259.265,257.54,257.241
1780889335.120996,-8.225,-4.214,0.004,0.003,259.135,257.613,257.294
1780889335.1315851,-7.324,-4.071,0.003,0.003,258.999,257.732,257.308
1780889335.1460302,-6.873,-3.786,0.003,0.003,258.925,257.764,257.348
1780889335.159533,-6.423,-3.643,0.003,0.003,258.864,257.809,257.362
1780889335.169993,-6.423,-3.643,0.003,0.003,258.864,257.809,257.362
1780889335.184494,-4.282,-3.429,0.001,0.003,258.522,258.119,257.39
1780889335.1949718,-3.718,-3.071,0.001,0.002,258.429,258.156,257.444
1780889335.208524,-3.437,-3.429,0.001,0.003,258.449,258.214,257.367
1780889335.2193222,-3.437,-3.429,0.001,0.003,258.449,258.214,257.367
1780889335.233533,-1.352,-3.357,-0.001,0.003,258.135,258.524,257.371
1780889335.2471309,-0.451,-3.857,-0.002,0.003,258.071,258.691,257.271
1780889335.286575,0.394,-4.214,-0.002,0.004,258.034,258.806,257.196
1780889335.286989,0.901,-4.286,-0.002,0.004,257.989,258.868,257.181
1780889335.287261,1.803,-4.571,-0.003,0.004,257.899,259.015,257.126
1780889335.296243,2.592,-4.286,-0.003,0.004,257.775,259.088,257.178
1780889335.306726,3.887,-4.929,-0.004,0.004,257.683,259.304,257.061
1780889335.3204658,4.0,-4.786,-0.004,0.004,257.68,259.28,257.088
1780889335.33106,4.958,-5.357,-0.005,0.004,257.605,259.465,256.984
1780889335.345464,5.577,-5.714,-0.005,0.005,257.564,259.572,256.922
1780889335.3592598,6.986,-6.429,-0.006,0.005,257.456,259.811,256.802
1780889335.3698392,8.056,-6.857,-0.007,0.006,257.348,259.999,256.73
1780889335.384116,8.563,-7.071,-0.007,0.006,257.312,260.07,256.699
1780889335.3945742,9.408,-7.714,-0.007,0.006,257.26,260.24,256.591
1780889335.408585,9.408,-7.714,-0.007,0.006,257.26,260.24,256.591
1780889335.419017,11.099,-8.571,-0.009,0.007,257.094,260.571,256.446
1780889335.433385,11.099,-8.571,-0.009,0.007,257.094,260.571,256.446
1780889335.4469178,12.394,-9.286,-0.009,0.007,256.979,260.818,256.33
1780889335.457574,13.69,-10.5,-0.01,0.008,256.935,261.068,256.143
1780889335.4713159,14.423,-11.143,-0.011,0.009,256.902,261.212,256.045
1780889335.51131,14.761,-11.357,-0.011,0.009,256.891,261.246,256.025
1780889335.511611,15.155,-11.786,-0.011,0.009,256.889,261.313,255.966
1780889335.511891,16.507,-12.286,-0.012,0.009,256.761,261.513,255.911
1780889335.520433,17.239,-13.071,-0.012,0.01,256.737,261.676,255.787
1780889335.5348969,17.577,-13.357,-0.012,0.01,256.728,261.722,255.754
1780889335.548676,18.423,-14.929,-0.013,0.011,256.772,261.946,255.511
1780889335.5592341,18.873,-15.429,-0.013,0.011,256.76,262.035,255.443
1780889335.5736609,19.268,-16.214,-0.013,0.012,256.782,262.143,255.325
1780889335.58423,19.775,-16.357,-0.013,0.012,256.727,262.207,255.322
1780889335.597984,20.451,-17.357,-0.014,0.012,256.736,262.35,255.187
1780889335.611813,20.732,-18.0,-0.014,0.013,256.76,262.428,255.095
1780889335.6229582,21.521,-18.5,-0.014,0.013,256.69,262.582,255.028
1780889335.636725,21.69,-19.286,-0.014,0.014,256.744,262.655,254.912
1780889335.650358,22.028,-19.5,-0.014,0.014,256.718,262.701,254.897
1780889335.66104,22.028,-19.5,-0.014,0.014,256.718,262.701,254.897
1780889335.675404,23.268,-21.714,-0.015,0.015,256.731,263.111,254.531
1780889335.714886,23.887,-23.071,-0.016,0.016,256.769,263.278,254.351
1780889335.715332,23.831,-23.571,-0.015,0.017,256.828,263.279,254.293
1780889335.715677,23.944,-23.357,-0.015,0.016,256.794,263.241,254.358
1780889335.72458,24.225,-24.0,-0.016,0.017,256.812,263.323,254.271
1780889335.7384288,24.62,-24.429,-0.016,0.017,256.796,263.373,254.244
1780889335.7523189,24.845,-24.714,-0.016,0.017,256.789,263.414,254.216
1780889335.763226,25.014,-24.786,-0.016,0.017,256.771,263.423,254.225
1780889335.776969,24.901,-25.214,-0.016,0.017,256.831,263.421,254.17
1780889335.787605,24.901,-25.643,-0.016,0.017,256.872,263.419,254.131
1780889335.801319,25.127,-25.714,-0.016,0.017,256.844,263.447,254.136
1780889335.815663,25.296,-26.214,-0.016,0.018,256.863,263.508,254.065
1780889335.82639,25.465,-26.357,-0.016,0.018,256.85,263.515,254.072
1780889335.840106,25.014,-26.714,-0.016,0.018,256.954,263.455,254.024
1780889335.854553,24.958,-26.786,-0.015,0.018,256.967,263.438,254.026
1780889335.865151,24.958,-27.071,-0.015,0.018,256.99,263.454,253.989
1780889335.878836,24.451,-27.071,-0.015,0.018,257.064,263.343,254.014
1780889335.9179368,24.394,-27.357,-0.015,0.018,257.095,263.354,253.975
1780889335.918318,24.225,-27.0,-0.015,0.018,257.084,263.281,254.047
1780889335.9186828,23.831,-27.357,-0.015,0.018,257.175,263.242,253.993
1780889335.927964,23.324,-26.5,-0.014,0.017,257.166,263.06,254.157
1780889335.941633,23.549,-26.429,-0.014,0.017,257.119,263.094,254.173
1780889335.955808,23.549,-26.429,-0.014,0.017,257.119,263.094,254.173
1780889335.966509,23.549,-26.429,-0.014,0.017,257.119,263.094,254.173
1780889335.980148,21.915,-25.929,-0.013,0.017,257.329,262.756,254.263
1780889335.990815,21.746,-25.929,-0.013,0.017,257.347,262.735,254.263
1780889336.005198,21.408,-25.643,-0.013,0.016,257.367,262.656,254.313
1780889336.0189152,20.789,-25.5,-0.012,0.016,257.435,262.555,254.336
1780889336.0295172,20.676,-25.214,-0.012,0.016,257.418,262.517,254.384
1780889336.043895,19.718,-25.0,-0.012,0.016,257.543,262.34,254.419
1780889336.057846,18.986,-25.214,-0.011,0.016,257.67,262.249,254.379
1780889336.068574,18.31,-24.571,-0.011,0.016,257.692,262.099,254.488
1780889336.0819352,18.028,-24.286,-0.01,0.015,257.7,262.039,254.533
1780889336.120577,17.521,-23.857,-0.01,0.015,257.731,261.926,254.602
1780889336.120963,16.845,-23.357,-0.01,0.015,257.772,261.799,254.676
1780889336.1213021,16.845,-23.357,-0.01,0.015,257.772,261.799,254.676
1780889336.130925,16.845,-23.357,-0.01,0.015,257.772,261.799,254.676
1780889336.1453319,15.775,-19.929,-0.009,0.012,257.619,261.296,255.271
1780889336.159067,14.873,-18.357,-0.008,0.011,257.609,261.049,255.504
1780889336.169722,14.761,-17.786,-0.008,0.011,257.57,261.005,255.58
1780889336.183946,14.704,-17.214,-0.008,0.01,257.524,260.97,255.657
1780889336.194317,13.915,-16.714,-0.008,0.01,257.602,260.817,255.721
1780889336.208218,13.915,-16.714,-0.008,0.01,257.602,260.817,255.721
1780889336.221907,12.62,-14.286,-0.007,0.008,257.582,260.394,256.13
1780889336.23315,12.056,-13.286,-0.007,0.008,257.578,260.242,256.277
1780889336.2468328,11.944,-12.5,-0.007,0.007,257.521,260.186,256.383
1780889336.26057,10.592,-11.5,-0.006,0.007,257.642,259.941,256.496
1780889336.2712471,10.028,-10.714,-0.005,0.006,257.656,259.81,256.605
1780889336.2856839,9.634,-9.643,-0.005,0.005,257.617,259.681,256.766
1780889336.3250828,8.732,-8.286,-0.005,0.005,257.631,259.479,256.944
1780889336.3254771,8.451,-7.5,-0.004,0.004,257.601,259.396,257.053
1780889336.3258,7.887,-6.929,-0.004,0.004,257.637,259.286,257.124
1780889336.334641,7.211,-6.643,-0.004,0.004,257.716,259.185,257.142
1780889336.348332,6.197,-5.643,-0.003,0.003,257.778,258.998,257.262
1780889336.3588622,5.746,-5.214,-0.003,0.003,257.806,258.92,257.311
1780889336.373173,5.352,-4.643,-0.003,0.003,257.811,258.837,257.387
1780889336.383604,4.789,-4.429,-0.002,0.003,257.876,258.76,257.397
1780889336.3973382,3.549,-3.214,-0.001,0.002,257.956,258.478,257.594
1780889336.40797,2.93,-3.0,-0.001,0.002,258.028,258.396,257.604
1780889336.421786,2.648,-2.5,-0.001,0.001,258.018,258.341,257.668
1780889336.4360478,1.972,-2.5,-0.0,0.002,258.118,258.268,257.641
1780889336.446476,1.69,-2.0,-0.0,0.001,258.107,258.211,257.708
1780889336.4603012,0.507,-1.857,0.001,0.001,258.275,258.041,257.71
1780889336.4709709,-0.169,-1.571,0.001,0.001,258.345,257.941,257.74
1780889336.485366,-0.451,-1.643,0.001,0.001,258.384,257.938,257.706
1780889336.495672,-1.014,-1.571,0.001,0.001,258.455,257.873,257.7
1780889336.50942,-2.197,-1.143,0.002,0.001,258.58,257.708,257.742
1780889336.5511591,-2.31,-1.214,0.002,0.001,258.589,257.727,257.713
1780889336.551583,-2.93,-1.143,0.003,0.001,258.669,257.65,257.712
1780889336.551935,-3.437,-1.0,0.003,0.001,258.722,257.584,257.725
1780889336.558629,-4.394,-0.929,0.003,0.001,258.839,257.478,257.717
1780889336.5727968,-4.563,-1.571,0.003,0.002,258.911,257.536,257.588
1780889336.583328,-4.901,-1.571,0.004,0.002,258.95,257.505,257.582
1780889336.597157,-5.465,-1.857,0.004,0.002,259.052,257.463,257.524
1780889336.60772,-6.592,-1.929,0.005,0.002,259.206,257.334,257.503
1780889336.6213171,-6.761,-2.357,0.005,0.003,259.256,257.367,257.422
1780889336.635591,-7.099,-2.429,0.005,0.003,259.299,257.339,257.408
1780889336.646254,-7.718,-2.857,0.005,0.003,259.423,257.298,257.33
1780889336.6599119,-7.718,-2.857,0.005,0.003,259.423,257.298,257.33
1780889336.670513,-8.394,-4.429,0.006,0.004,259.664,257.352,257.045
1780889336.685049,-8.845,-4.643,0.006,0.004,259.734,257.315,257.014
1780889336.695683,-9.465,-4.857,0.006,0.004,259.833,257.251,256.984
1780889336.709297,-9.577,-5.357,0.006,0.005,259.85,257.307,256.912
1780889336.7199402,-9.915,-6.143,0.006,0.005,259.96,257.337,256.779
1780889336.7343318,-9.972,-6.071,0.006,0.005,259.939,257.331,256.804
1780889336.773228,-10.254,-6.714,0.007,0.006,260.026,257.355,256.698
1780889336.773581,-10.648,-7.786,0.007,0.006,260.152,257.406,256.529
1780889336.773918,-10.648,-8.357,0.007,0.007,260.186,257.464,256.44
1780889336.783057,-10.648,-8.357,0.007,0.007,260.186,257.464,256.44
1780889336.79687,-11.549,-10.143,0.007,0.008,260.488,257.488,256.135
1780889336.810675,-11.662,-10.571,0.007,0.008,260.522,257.512,256.08
1780889336.8211358,-11.606,-11.786,0.007,0.009,260.604,257.635,255.885
1780889336.8354769,-11.775,-12.0,0.007,0.009,260.628,257.626,255.872
1780889336.84941,-11.662,-13.143,0.007,0.01,260.673,257.747,255.713
1780889336.8597581,-11.549,-13.357,0.007,0.01,260.653,257.781,255.699
1780889336.873937,-11.549,-13.357,0.007,0.01,260.653,257.781,255.699
1780889336.884741,-11.549,-13.357,0.007,0.01,260.653,257.781,255.699
1780889336.898368,-11.324,-16.143,0.007,0.012,260.865,258.069,255.228
1780889336.912108,-11.493,-16.786,0.007,0.013,260.933,258.09,255.147
1780889336.92329,-11.268,-17.357,0.007,0.013,260.927,258.169,255.078
1780889336.937016,-11.324,-17.714,0.007,0.013,260.949,258.181,255.046
1780889336.976413,-10.93,-18.857,0.006,0.014,260.954,258.326,254.904
1780889336.9767811,-10.873,-19.643,0.006,0.014,261.004,258.395,254.795
1780889336.977113,-10.535,-20.5,0.006,0.015,261.012,258.515,254.674
1780889336.9862,-10.31,-21.571,0.006,0.015,261.045,258.62,254.547
1780889336.999818,-9.803,-22.143,0.005,0.016,261.0,258.739,254.476
1780889337.014255,-9.408,-22.857,0.005,0.016,260.99,258.852,254.38
1780889337.024797,-9.746,-23.286,0.005,0.016,261.078,258.818,254.334
1780889337.038814,-9.07,-23.5,0.005,0.016,260.961,258.913,254.349
1780889337.049074,-8.789,-23.857,0.005,0.017,260.94,258.975,254.31
1780889337.063413,-8.394,-24.5,0.004,0.017,260.929,259.083,254.221
1780889337.0772648,-8.338,-24.643,0.004,0.017,260.927,259.087,254.219
1780889337.0880692,-7.549,-25.357,0.004,0.017,260.853,259.248,254.137
1780889337.101823,-7.099,-25.5,0.004,0.017,260.787,259.316,254.133
1780889337.112393,-6.873,-26.214,0.003,0.018,260.818,259.402,254.028
1780889337.126456,-6.592,-26.214,0.003,0.018,260.768,259.428,254.047
1780889337.140108,-6.592,-26.214,0.003,0.018,260.768,259.428,254.047
1780889337.1795368,-6.592,-26.214,0.003,0.018,260.768,259.428,254.047
1780889337.179989,-6.592,-26.214,0.003,0.018,260.768,259.428,254.047
1780889337.1803432,-4.394,-27.571,0.002,0.019,260.529,259.902,253.831
1780889337.189112,-4.225,-27.786,0.001,0.019,260.527,259.921,253.816
1780889337.199533,-3.437,-28.0,0.001,0.019,260.42,260.045,253.799
1780889337.213922,-3.437,-28.0,0.001,0.019,260.42,260.045,253.799
1780889337.227689,-1.972,-28.143,-0.0,0.019,260.196,260.274,253.794
1780889337.238176,-1.239,-28.429,-0.001,0.019,260.125,260.361,253.78
1780889337.2519932,-0.62,-29.357,-0.001,0.02,260.123,260.524,253.636
1780889337.2663832,-0.338,-29.714,-0.001,0.02,260.122,260.574,253.593
1780889337.277042,0.451,-28.071,-0.002,0.018,259.859,260.49,253.905
1780889337.290922,1.239,-28.571,-0.002,0.019,259.791,260.647,253.826
1780889337.301543,1.296,-28.429,-0.002,0.019,259.784,260.616,253.86
1780889337.3156989,2.085,-28.357,-0.003,0.018,259.661,260.718,253.88
1780889337.32935,2.93,-28.071,-0.003,0.018,259.528,260.785,253.941
1780889337.340172,3.211,-28.071,-0.003,0.018,259.5,260.81,253.945
1780889337.3542132,3.211,-28.071,-0.003,0.018,259.5,260.81,253.945
1780889337.392399,3.211,-28.071,-0.003,0.018,259.5,260.81,253.945
1780889337.3928041,5.127,-27.0,-0.004,0.017,259.124,260.983,254.135
1780889337.393141,5.634,-26.857,-0.005,0.017,259.05,261.033,254.159
1780889337.403476,6.197,-26.643,-0.005,0.017,258.961,261.086,254.194
1780889337.417145,6.31,-26.143,-0.005,0.017,258.92,261.034,254.278
1780889337.427634,7.268,-25.429,-0.006,0.016,258.72,261.109,254.397
1780889337.441431,7.775,-24.643,-0.006,0.016,258.59,261.099,254.526
1780889337.452086,8.056,-24.786,-0.006,0.016,258.585,261.143,254.491
1780889337.466626,8.62,-24.0,-0.007,0.015,258.446,261.145,254.62
1780889337.480244,9.521,-23.071,-0.007,0.014,258.268,261.175,254.761
1780889337.490797,9.577,-22.714,-0.007,0.014,258.253,261.135,254.811
1780889337.505266,10.254,-22.714,-0.007,0.014,258.17,261.238,254.797
1780889337.5191958,11.211,-21.786,-0.008,0.014,257.982,261.283,254.935
1780889337.5295901,11.38,-21.143,-0.008,0.013,257.922,261.235,255.035
1780889337.544054,11.831,-20.643,-0.008,0.013,257.83,261.252,255.107
1780889337.5546958,12.056,-20.143,-0.008,0.013,257.774,261.231,255.18
1780889337.568684,12.676,-18.714,-0.009,0.012,257.595,261.18,255.397
1780889337.60836,12.563,-18.429,-0.009,0.011,257.613,261.127,255.429
1780889337.608733,13.07,-17.357,-0.009,0.011,257.458,261.103,255.6
1780889337.6090848,13.296,-17.214,-0.009,0.011,257.435,261.124,255.603
1780889337.6204858,14.197,-16.5,-0.01,0.01,257.277,261.197,255.691
1780889337.631019,14.423,-15.857,-0.01,0.01,257.207,261.168,255.786
1780889337.6454,14.592,-15.357,-0.01,0.009,257.159,261.143,255.854
1780889337.65587,15.155,-14.286,-0.01,0.009,257.021,261.128,256.004
1780889337.669638,15.606,-14.0,-0.01,0.009,256.948,261.175,256.034
1780889337.6841888,16.056,-13.5,-0.011,0.008,256.855,261.199,256.103
1780889337.6946402,16.056,-12.571,-0.011,0.008,256.795,261.105,256.248
1780889337.70845,16.676,-11.786,-0.011,0.007,256.674,261.131,256.345
1780889337.722781,16.958,-11.357,-0.011,0.007,256.615,261.135,256.4
1780889337.733425,17.014,-10.929,-0.011,0.007,256.59,261.101,256.455
1780889337.7470589,17.465,-10.571,-0.011,0.007,256.51,261.143,256.498
1780889337.757886,17.521,-9.571,-0.011,0.006,256.452,261.055,256.637
1780889337.771318,17.577,-9.071,-0.011,0.006,256.419,261.016,256.706
1780889337.808831,17.746,-8.286,-0.011,0.005,256.342,260.97,256.826
1780889337.809238,17.859,-7.857,-0.011,0.005,256.324,260.952,256.86
1780889337.8099442,18.028,-7.643,-0.012,0.005,256.297,260.962,256.879
1780889337.820468,18.028,-6.929,-0.011,0.004,256.25,260.895,256.989
1780889337.8348281,18.028,-6.643,-0.011,0.004,256.241,260.871,257.02
1780889337.8485131,17.859,-5.786,-0.011,0.004,256.222,260.767,257.137
1780889337.859155,18.197,-5.714,-0.011,0.004,256.177,260.823,257.13
1780889337.873451,18.366,-5.571,-0.012,0.004,256.152,260.842,257.138
1780889337.8842208,18.197,-5.357,-0.011,0.004,256.172,260.796,257.16
1780889337.897821,18.028,-4.643,-0.011,0.003,256.158,260.708,257.257
1780889337.9085162,17.859,-4.357,-0.011,0.003,256.17,260.657,257.293
1780889337.9221,17.972,-4.143,-0.011,0.003,256.143,260.662,257.316
1780889337.936491,17.69,-4.214,-0.011,0.003,256.202,260.628,257.287
1780889337.947107,17.577,-3.857,-0.011,0.003,256.203,260.588,257.325
1780889337.9608479,17.634,-3.786,-0.011,0.003,256.194,260.597,257.325
1780889337.971475,17.465,-3.643,-0.011,0.003,256.213,260.561,257.34
1780889337.9858189,17.183,-3.643,-0.011,0.003,256.262,260.52,257.329
1780889338.0252302,16.958,-3.429,-0.01,0.003,256.284,260.475,257.349
1780889338.025634,16.958,-3.429,-0.01,0.003,256.284,260.475,257.349
1780889338.025905,16.958,-3.429,-0.01,0.003,256.284,260.475,257.349
1780889338.034482,16.958,-3.429,-0.01,0.003,256.284,260.475,257.349
1780889338.048268,16.0,-3.5,-0.01,0.003,256.442,260.328,257.327
1780889338.061978,15.775,-3.143,-0.009,0.003,256.443,260.266,257.385
1780889338.0731788,15.493,-3.071,-0.009,0.003,256.479,260.223,257.389
1780889338.086863,15.38,-3.0,-0.009,0.003,256.488,260.209,257.394
1780889338.09752,15.155,-3.714,-0.009,0.003,256.58,260.26,257.252
1780889338.111212,14.873,-3.929,-0.009,0.003,256.639,260.241,257.21
1780889338.125781,14.31,-4.071,-0.008,0.004,256.735,260.169,257.182
1780889338.136354,14.085,-4.786,-0.008,0.004,256.819,260.215,257.053
1780889338.150068,13.803,-5.143,-0.008,0.004,256.888,260.209,256.99
1780889338.1605241,13.577,-5.571,-0.008,0.005,256.952,260.22,256.916
1780889338.174985,12.958,-5.929,-0.008,0.005,257.072,260.156,256.856
1780889338.188457,12.563,-6.286,-0.007,0.005,257.143,260.138,256.803
1780889338.226283,12.169,-6.5,-0.007,0.005,257.212,260.099,256.771
1780889338.226669,11.887,-6.857,-0.007,0.006,257.276,260.093,256.713
1780889338.227015,11.324,-7.5,-0.007,0.006,257.41,260.068,256.605
1780889338.2376351,10.986,-7.643,-0.006,0.006,257.46,260.032,256.589
1780889338.25135,10.986,-7.643,-0.006,0.006,257.46,260.032,256.589
1780889338.261835,10.986,-7.643,-0.006,0.006,257.46,260.032,256.589
1780889338.2763112,9.577,-9.857,-0.005,0.008,257.871,260.017,256.2
1780889338.2867851,8.958,-10.714,-0.005,0.008,257.999,260.01,256.083
1780889338.300597,8.563,-11.429,-0.005,0.009,258.103,260.019,255.974
1780889338.311119,8.282,-11.429,-0.005,0.009,258.123,259.977,255.994
1780889338.3256419,7.887,-11.857,-0.004,0.009,258.201,259.959,255.935
1780889338.339342,7.662,-12.786,-0.004,0.01,258.275,260.022,255.805
1780889338.349909,6.761,-13.143,-0.004,0.01,258.431,259.91,255.76
1780889338.364138,6.366,-13.357,-0.003,0.01,258.49,259.871,255.741
1780889338.374971,5.915,-14.071,-0.003,0.01,258.605,259.871,255.631
1780889338.3882592,5.183,-14.786,-0.003,0.011,258.739,259.83,255.542
1780889338.4028878,4.732,-15.357,-0.002,0.011,258.841,259.816,255.459
1780889338.4415329,4.394,-15.714,-0.002,0.011,258.904,259.8,255.414
1780889338.4418619,4.225,-16.286,-0.002,0.012,258.959,259.833,255.332
1780889338.442136,3.437,-17.429,-0.002,0.013,259.144,259.82,255.17
1780889338.451381,2.817,-17.5,-0.001,0.013,259.227,259.729,255.177
1780889338.4656901,2.648,-18.286,-0.001,0.013,259.302,259.782,255.057
1780889338.476247,2.028,-18.714,-0.001,0.013,259.393,259.73,255.021
1780889338.4900632,1.634,-19.286,-0.001,0.014,259.488,259.724,254.939
1780889338.500463,1.296,-19.5,-0.0,0.014,259.539,259.693,254.92
1780889338.514721,1.296,-19.5,-0.0,0.014,259.539,259.693,254.92
1780889338.5285702,0.056,-20.786,0.001,0.015,259.842,259.616,254.712
1780889338.539041,-0.225,-21.857,0.001,0.015,259.961,259.678,254.547
1780889338.553717,-0.62,-22.214,0.001,0.016,260.029,259.652,254.508
1780889338.564078,-0.845,-22.214,0.001,0.015,260.036,259.62,254.531
1780889338.577906,-1.803,-23.071,0.002,0.016,260.221,259.555,254.423
1780889338.5888798,-1.859,-23.286,0.002,0.016,260.223,259.572,254.406
1780889338.6022441,-2.085,-23.5,0.002,0.016,260.254,259.561,254.388
1780889338.6164322,-2.592,-24.214,0.002,0.017,260.382,259.55,254.282
1780889338.655803,-2.93,-24.214,0.002,0.016,260.387,259.504,254.319
1780889338.656159,-3.268,-24.429,0.002,0.017,260.442,259.474,254.298
1780889338.656488,-3.718,-24.929,0.003,0.017,260.543,259.453,254.226
1780889338.6655722,-4.0,-25.0,0.003,0.017,260.574,259.419,254.229
1780889338.6792672,-4.394,-25.857,0.003,0.017,260.68,259.446,254.11
1780889338.6897411,-4.394,-26.0,0.003,0.017,260.672,259.465,254.101
1780889338.704043,-4.507,-26.143,0.003,0.018,260.684,259.464,254.09
1780889338.714487,-4.338,-26.143,0.003,0.017,260.637,259.495,254.103
1780889338.728106,-4.338,-26.143,0.003,0.017,260.637,259.495,254.103
1780889338.7419279,-4.338,-26.143,0.003,0.017,260.637,259.495,254.103
1780889338.752976,-4.338,-26.143,0.003,0.017,260.637,259.495,254.103
1780889338.766576,-4.338,-26.143,0.003,0.017,260.637,259.495,254.103
1780889338.7770162,-4.338,-26.143,0.003,0.017,260.637,259.495,254.103
1780889338.790807,-4.338,-26.143,0.003,0.017,260.637,259.495,254.103
1780889338.8050141,-6.028,-27.143,0.004,0.018,261.003,259.314,253.943
1780889338.815788,-6.028,-27.143,0.004,0.018,261.003,259.314,253.943
1780889338.829537,-6.873,-27.714,0.005,0.019,261.155,259.243,253.874
1780889338.868268,-6.648,-27.214,0.004,0.018,261.043,259.24,253.975
1780889338.868638,-6.648,-27.0,0.004,0.018,261.003,259.227,254.023
1780889338.868907,-6.479,-26.929,0.004,0.018,260.95,259.256,254.044
1780889338.87856,-6.479,-26.643,0.004,0.017,260.893,259.241,254.108
1780889338.892999,-6.423,-26.214,0.004,0.017,260.831,259.215,254.187
1780889338.9034,-6.366,-25.929,0.004,0.017,260.785,259.203,254.239
1780889338.917344,-6.31,-25.071,0.004,0.016,260.679,259.143,254.389
1780889338.931204,-6.535,-24.786,0.004,0.016,260.686,259.085,254.436
1780889338.941631,-6.366,-24.857,0.004,0.016,260.661,259.127,254.42
1780889338.955866,-6.085,-24.429,0.003,0.016,260.57,259.138,254.491
1780889338.96663,-5.972,-23.786,0.003,0.015,260.49,259.105,254.594
1780889338.9803789,-5.859,-23.714,0.003,0.015,260.466,259.122,254.6
1780889338.990935,-5.014,-23.571,0.003,0.015,260.313,259.251,254.619
1780889339.005131,-5.577,-22.786,0.003,0.014,260.338,259.086,254.75
1780889339.0189052,-5.239,-22.429,0.003,0.014,260.257,259.117,254.795
1780889339.0294578,-5.239,-22.429,0.003,0.014,260.257,259.117,254.795
1780889339.04387,-4.901,-21.5,0.002,0.014,260.118,259.088,254.949
1780889339.084692,-4.338,-21.214,0.002,0.013,260.006,259.157,254.987
1780889339.085073,-4.169,-20.429,0.002,0.013,259.925,259.115,255.1
1780889339.085418,-4.056,-19.643,0.002,0.012,259.843,259.062,255.225
1780889339.093135,-4.225,-19.571,0.002,0.012,259.877,259.031,255.223
1780889339.106789,-3.775,-19.214,0.002,0.012,259.779,259.076,255.272
1780889339.117328,-3.211,-18.357,0.001,0.012,259.633,259.092,255.392
1780889339.131121,-3.155,-18.786,0.001,0.012,259.678,259.144,255.302
1780889339.145625,-2.986,-18.357,0.001,0.012,259.622,259.131,255.366
1780889339.156262,-2.592,-16.786,0.001,0.011,259.435,259.05,255.616
1780889339.169881,-2.254,-16.714,0.001,0.011,259.388,259.102,255.612
1780889339.180359,-2.254,-16.714,0.001,0.011,259.388,259.102,255.612
1780889339.194782,-1.521,-15.429,0.0,0.01,259.161,259.101,255.826
1780889339.208517,-1.239,-14.571,0.0,0.009,259.074,259.07,255.938
1780889339.219145,-0.789,-14.071,-0.0,0.009,258.972,259.098,256.008
1780889339.233453,-0.732,-13.714,-0.0,0.009,258.949,259.074,256.052
1780889339.244222,-0.451,-13.429,-0.0,0.008,258.895,259.095,256.084
1780889339.257947,-0.169,-12.286,-0.001,0.008,258.782,259.036,256.248
1780889339.297712,0.338,-12.357,-0.001,0.008,258.725,259.128,256.215
1780889339.298083,0.62,-12.214,-0.001,0.008,258.684,259.16,256.223
1780889339.29834,1.07,-11.929,-0.001,0.008,258.603,259.206,256.258
1780889339.30691,1.465,-11.429,-0.002,0.007,258.529,259.22,256.316
1780889339.320551,1.803,-11.5,-0.002,0.008,258.499,259.28,256.288
1780889339.3350542,2.141,-11.143,-0.002,0.007,258.428,259.298,256.339
1780889339.3453922,2.366,-10.857,-0.002,0.007,258.383,259.304,256.377
1780889339.359311,3.211,-10.143,-0.003,0.007,258.215,259.368,256.479
1780889339.369792,3.38,-10.286,-0.003,0.007,258.221,259.404,256.439
1780889339.384115,3.38,-10.286,-0.003,0.007,258.221,259.404,256.439
1780889339.397845,3.38,-10.286,-0.003,0.007,258.221,259.404,256.439
1780889339.408391,5.07,-8.714,-0.004,0.006,257.846,259.522,256.692
1780889339.42192,5.296,-8.786,-0.004,0.006,257.84,259.558,256.663
1780889339.433509,5.69,-8.929,-0.004,0.006,257.812,259.629,256.623
1780889339.447197,5.803,-8.929,-0.004,0.006,257.815,259.639,256.611
1780889339.457501,6.085,-9.071,-0.005,0.006,257.821,259.682,256.565
1780889339.471203,6.085,-9.071,-0.005,0.006,257.821,259.682,256.565
1780889339.509912,6.085,-9.071,-0.005,0.006,257.821,259.682,256.565
1780889339.510289,6.085,-9.071,-0.005,0.006,257.821,259.682,256.565
1780889339.5106292,8.113,-8.643,-0.006,0.006,257.497,259.956,256.624
1780889339.5199842,8.113,-8.357,-0.006,0.006,257.492,259.915,256.667
1780889339.534487,8.732,-8.5,-0.006,0.006,257.427,260.021,256.632
1780889339.544994,8.845,-8.643,-0.006,0.006,257.442,260.04,256.599
1780889339.5587149,9.465,-8.143,-0.007,0.006,257.335,260.069,256.678
1780889339.5692852,9.465,-8.143,-0.007,0.006,257.335,260.069,256.678
1780889339.5834188,9.465,-8.143,-0.007,0.006,257.335,260.069,256.678
1780889339.597048,9.465,-8.143,-0.007,0.006,257.335,260.069,256.678
1780889339.6076941,11.268,-8.357,-0.008,0.006,257.087,260.379,256.632
1780889339.621753,11.324,-8.929,-0.008,0.006,257.153,260.425,256.523
1780889339.631957,11.662,-8.929,-0.008,0.007,257.119,260.463,256.521
1780889339.6463401,11.887,-8.786,-0.008,0.006,257.089,260.469,256.545
1780889339.660067,12.056,-9.071,-0.008,0.007,257.124,260.493,256.489
1780889339.670706,12.113,-9.0,-0.008,0.007,257.123,260.48,256.501
1780889339.68528,12.563,-9.071,-0.009,0.007,257.072,260.55,256.487
1780889339.723039,12.62,-9.929,-0.008,0.007,257.167,260.615,256.332
1780889339.723451,12.62,-9.929,-0.008,0.007,257.167,260.615,256.332
1780889339.7238321,12.62,-9.929,-0.008,0.007,257.167,260.615,256.332
1780889339.734186,13.521,-10.0,-0.009,0.007,257.041,260.76,256.323
1780889339.7477388,14.028,-10.571,-0.009,0.008,257.036,260.869,256.227
1780889339.758411,13.972,-10.5,-0.009,0.008,257.049,260.836,256.245
1780889339.772693,14.197,-11.0,-0.009,0.008,257.068,260.908,256.16
1780889339.786436,14.592,-10.929,-0.01,0.008,257.007,260.953,256.179
1780889339.8175411,14.535,-11.429,-0.01,0.008,257.078,260.964,256.098
1780889339.817903,14.592,-11.429,-0.01,0.008,257.075,260.96,256.105
1780889339.824971,14.592,-11.714,-0.009,0.009,257.107,260.976,256.059
1780889339.835593,14.592,-11.929,-0.009,0.009,257.131,260.985,256.028
1780889339.849302,14.648,-12.0,-0.009,0.009,257.135,260.98,256.028
1780889339.8598201,14.535,-12.214,-0.009,0.009,257.175,260.973,255.996
1780889339.874123,14.592,-12.286,-0.009,0.009,257.174,260.981,255.989
1780889339.8881972,14.366,-13.214,-0.009,0.01,257.296,261.015,255.838
1780889339.898488,14.704,-13.786,-0.009,0.01,257.293,261.121,255.745
1780889339.912914,14.704,-13.571,-0.009,0.01,257.272,261.09,255.793
1780889339.9268181,14.817,-13.786,-0.009,0.01,257.273,261.122,255.763
1780889339.937533,14.592,-14.0,-0.009,0.01,257.326,261.09,255.741
1780889339.951209,14.592,-14.429,-0.009,0.01,257.363,261.126,255.672
1780889339.961619,14.197,-14.786,-0.009,0.011,257.455,261.087,255.618
1780889339.976161,14.423,-14.857,-0.009,0.011,257.421,261.127,255.614
1780889339.989706,14.31,-14.857,-0.009,0.01,257.432,261.098,255.631
1780889340.030316,14.028,-15.429,-0.009,0.011,257.525,261.101,255.537
1780889340.030775,14.197,-15.714,-0.009,0.011,257.519,261.154,255.495
1780889340.0310988,13.746,-16.214,-0.008,0.011,257.626,261.117,255.425
1780889340.039055,13.521,-16.429,-0.008,0.012,257.675,261.096,255.397
1780889340.0534332,13.521,-16.857,-0.008,0.012,257.707,261.136,255.331
1780889340.0640872,13.239,-17.071,-0.008,0.012,257.764,261.105,255.303
1780889340.0777931,13.465,-17.071,-0.008,0.012,257.713,261.139,255.322
1780889340.09158,13.239,-17.0,-0.008,0.012,257.736,261.091,255.343
1780889340.102741,13.296,-17.357,-0.008,0.012,257.753,261.134,255.288
1780889340.1165318,13.352,-17.143,-0.008,0.012,257.719,261.12,255.334
1780889340.1302521,12.732,-17.714,-0.008,0.012,257.858,261.066,255.248
1780889340.140836,12.507,-18.214,-0.008,0.013,257.933,261.077,255.167
1780889340.155566,12.282,-17.857,-0.007,0.012,257.927,261.003,255.239
1780889340.1659222,11.887,-18.429,-0.007,0.013,258.026,260.995,255.152
1780889340.179668,11.887,-18.357,-0.007,0.013,258.01,260.99,255.172
1780889340.194006,11.549,-18.643,-0.007,0.013,258.083,260.962,255.128
1780889340.2293272,11.268,-18.786,-0.007,0.013,258.132,260.93,255.11
1780889340.229666,10.648,-19.5,-0.006,0.013,258.277,260.9,254.999
1780889340.231831,10.986,-19.429,-0.007,0.013,258.204,260.954,255.02
1780889340.243125,10.93,-19.357,-0.007,0.013,258.197,260.939,255.04
1780889340.256784,10.479,-19.0,-0.006,0.013,258.228,260.829,255.11
1780889340.2674901,9.859,-19.286,-0.006,0.013,258.337,260.762,255.068
1780889340.281085,9.634,-19.357,-0.006,0.013,258.37,260.736,255.06
1780889340.2956128,9.408,-18.714,-0.006,0.013,258.336,260.641,255.178
1780889340.306208,8.563,-18.786,-0.005,0.013,258.461,260.523,255.168
1780889340.320111,8.338,-18.643,-0.005,0.012,258.474,260.48,255.194
1780889340.3306181,8.338,-18.0,-0.005,0.012,258.405,260.428,255.308
1780889340.345013,8.0,-18.214,-0.005,0.012,258.472,260.402,255.268
1780889340.3587961,7.38,-17.786,-0.004,0.012,258.516,260.277,255.34
1780889340.369525,7.324,-17.714,-0.004,0.012,258.51,260.273,255.35
1780889340.3839948,6.761,-17.714,-0.004,0.012,258.594,260.19,255.347
1780889340.3942661,6.366,-17.643,-0.004,0.012,258.642,260.129,255.357
1780889340.408127,5.803,-17.214,-0.003,0.011,258.675,260.019,255.427
1780889340.449237,5.803,-16.929,-0.003,0.011,258.639,260.005,255.474
1780889340.4496682,5.521,-17.0,-0.003,0.011,258.684,259.978,255.456
1780889340.449942,5.183,-17.143,-0.003,0.011,258.745,259.948,255.427
1780889340.457257,4.62,-16.571,-0.003,0.011,258.765,259.827,255.519
1780889340.470976,4.169,-16.357,-0.002,0.011,258.811,259.746,255.553
1780889340.481556,3.718,-16.214,-0.002,0.011,258.862,259.672,255.573
1780889340.49591,3.549,-16.357,-0.002,0.011,258.894,259.673,255.542
1780889340.5097659,3.042,-16.071,-0.002,0.011,258.931,259.59,255.584
1780889340.520236,2.648,-15.857,-0.001,0.011,258.966,259.519,255.617
1780889340.534774,2.535,-15.429,-0.001,0.01,258.935,259.474,255.688
1780889340.5453591,2.085,-15.714,-0.001,0.011,259.019,259.456,255.627
1780889340.559231,1.577,-15.857,-0.001,0.011,259.107,259.399,255.597
1780889340.57344,1.408,-15.857,-0.001,0.011,259.124,259.384,255.594
1780889340.584013,1.408,-15.857,-0.001,0.011,259.124,259.384,255.594
1780889340.597707,0.563,-15.5,-0.0,0.01,259.219,259.224,255.655
1780889340.608426,-0.113,-15.643,0.0,0.011,259.332,259.143,255.625
1780889340.6218948,-0.394,-15.143,0.001,0.01,259.318,259.066,255.711
1780889340.6611829,-0.507,-15.071,0.001,0.01,259.318,259.058,255.719
1780889340.661589,-0.789,-14.929,0.001,0.01,259.328,259.03,255.735
1780889340.661922,-1.239,-14.714,0.001,0.01,259.373,258.951,255.769
1780889340.671374,-1.352,-14.429,0.001,0.01,259.354,258.921,255.815
1780889340.685555,-1.634,-14.429,0.001,0.01,259.391,258.89,255.809
1780889340.699382,-2.085,-14.214,0.002,0.01,259.436,258.811,255.842
1780889340.709685,-2.085,-14.214,0.002,0.01,259.436,258.811,255.842
1780889340.7238662,-2.085,-14.214,0.002,0.01,259.436,258.811,255.842
1780889340.7344089,-2.085,-14.214,0.002,0.01,259.436,258.811,255.842
1780889340.748171,-3.042,-14.0,0.002,0.009,259.553,258.669,255.866
1780889340.7618802,-3.099,-13.857,0.002,0.009,259.538,258.663,255.886
1780889340.773046,-3.268,-13.643,0.002,0.009,259.536,258.631,255.919
1780889340.7867048,-3.493,-13.714,0.002,0.009,259.571,258.616,255.901
1780889340.7974122,-3.718,-13.786,0.002,0.009,259.598,258.613,255.879
1780889340.811011,-4.169,-13.857,0.003,0.009,259.67,258.558,255.863
1780889340.825553,-4.282,-13.571,0.003,0.009,259.652,258.526,255.91
1780889340.863961,-4.225,-13.429,0.003,0.009,259.621,258.535,255.932
1780889340.864398,-4.507,-13.571,0.003,0.009,259.666,258.525,255.898
1780889340.8647318,-4.563,-13.286,0.003,0.009,259.641,258.5,255.947
1780889340.874475,-4.507,-13.429,0.003,0.009,259.639,258.532,255.917
1780889340.8849962,-4.676,-13.143,0.003,0.009,259.634,258.486,255.965
1780889340.8986611,-5.014,-13.071,0.003,0.009,259.675,258.44,255.971
1780889340.912931,-4.676,-12.786,0.003,0.009,259.587,258.477,256.019
1780889340.923504,-4.958,-12.857,0.003,0.009,259.637,258.446,256.001
1780889340.937222,-4.901,-12.714,0.003,0.009,259.608,258.456,256.019
1780889340.9477289,-4.958,-12.571,0.003,0.009,259.601,258.439,256.041
1780889340.9616342,-4.732,-12.571,0.003,0.009,259.562,258.482,256.038
1780889340.9761212,-4.845,-12.571,0.003,0.009,259.579,258.468,256.034
1780889340.986668,-4.789,-12.857,0.003,0.009,259.596,258.513,255.976
1780889341.000355,-4.732,-12.571,0.003,0.009,259.558,258.498,256.026
1780889341.0109582,-4.507,-12.429,0.002,0.009,259.507,258.524,256.049
1780889341.0252328,-4.789,-12.571,0.003,0.009,259.567,258.494,256.021
1780889341.039099,-4.507,-12.643,0.002,0.009,259.527,258.55,256.005
1780889341.0785532,-4.225,-12.571,0.002,0.009,259.474,258.59,256.017
1780889341.0789409,-4.451,-12.714,0.002,0.009,259.526,258.567,255.99
1780889341.079207,-4.169,-12.786,0.002,0.009,259.487,258.62,255.976
1780889341.0880032,-3.944,-12.857,0.002,0.009,259.458,258.66,255.964
1780889341.1018019,-3.831,-12.714,0.002,0.009,259.428,258.664,255.99
1780889341.1128309,-3.831,-12.571,0.002,0.009,259.417,258.649,256.015
1780889341.1265678,-3.606,-12.786,0.002,0.009,259.402,258.704,255.975
1780889341.1371698,-3.38,-13.0,0.002,0.009,259.39,258.755,255.939
1780889341.150729,-3.268,-13.214,0.001,0.009,259.395,258.79,255.901
1780889341.165442,-3.042,-13.357,0.001,0.009,259.373,258.836,255.877
1780889341.175769,-2.986,-13.286,0.001,0.009,259.36,258.834,255.892
1780889341.189496,-2.535,-13.286,0.001,0.009,259.292,258.897,255.896
1780889341.200129,-2.366,-13.357,0.001,0.009,259.275,258.927,255.884
1780889341.214546,-2.141,-13.571,0.001,0.01,259.262,258.978,255.847
1780889341.228214,-1.803,-13.357,0.0,0.009,259.195,259.001,255.889
1780889341.238711,-1.408,-13.857,0.0,0.01,259.182,259.106,255.801
1780889341.2531729,-1.577,-13.714,0.0,0.01,259.202,259.057,255.829
1780889341.291808,-1.352,-13.929,0.0,0.01,259.19,259.108,255.793
1780889341.2922502,-0.901,-14.0,-0.0,0.01,259.133,259.174,255.784
1780889341.2925272,-0.845,-13.929,-0.0,0.01,259.122,259.169,255.799
1780889341.301794,-0.676,-13.929,-0.0,0.01,259.099,259.189,255.801
1780889341.316092,-0.338,-13.929,-0.0,0.01,259.049,259.238,255.803
1780889341.326599,0.113,-13.929,-0.001,0.01,258.985,259.296,255.808
1780889341.3403242,0.394,-13.714,-0.001,0.01,258.926,259.314,255.847
1780889341.354629,0.394,-13.714,-0.001,0.01,258.926,259.314,255.847
1780889341.3649879,0.394,-13.714,-0.001,0.01,258.926,259.314,255.847
1780889341.37872,1.408,-14.286,-0.002,0.01,258.822,259.528,255.745
1780889341.389366,1.803,-14.143,-0.002,0.01,258.754,259.567,255.773
1780889341.403685,2.085,-14.214,-0.002,0.01,258.726,259.607,255.762
1780889341.417415,2.254,-13.857,-0.002,0.01,258.675,259.588,255.828
1780889341.4279768,2.873,-14.143,-0.003,0.01,258.623,259.694,255.779
1780889341.4417531,3.437,-14.214,-0.003,0.01,258.549,259.782,255.767
1780889341.452893,3.437,-14.214,-0.003,0.01,258.549,259.782,255.767
1780889341.4664252,3.437,-14.214,-0.003,0.01,258.549,259.782,255.767
1780889341.5057762,3.437,-14.214,-0.003,0.01,258.549,259.782,255.767
1780889341.5062242,4.732,-14.286,-0.004,0.01,258.358,259.99,255.756
1780889341.506512,5.014,-14.429,-0.004,0.01,258.341,260.033,255.732
1780889341.5155,5.239,-14.143,-0.004,0.01,258.293,260.026,255.785
1780889341.529095,6.085,-14.786,-0.005,0.01,258.245,260.196,255.673
1780889341.5396621,5.746,-14.143,-0.004,0.01,258.254,260.061,255.79
1780889341.553878,6.366,-14.5,-0.005,0.01,258.2,260.185,255.727
1780889341.567652,6.366,-14.5,-0.005,0.01,258.2,260.185,255.727
1780889341.577971,6.366,-14.5,-0.005,0.01,258.2,260.185,255.727
1780889341.5917828,6.366,-14.5,-0.005,0.01,258.2,260.185,255.727
1780889341.60314,6.366,-14.5,-0.005,0.01,258.2,260.185,255.727
1780889341.616811,8.169,-14.929,-0.006,0.01,257.98,260.493,255.654
1780889341.6304588,8.169,-14.643,-0.006,0.01,257.97,260.445,255.708
1780889341.64113,8.563,-14.929,-0.006,0.01,257.948,260.521,255.659
1780889341.655596,8.789,-14.857,-0.006,0.01,257.92,260.534,255.674
1780889341.666372,9.296,-14.929,-0.007,0.01,257.873,260.593,255.665
1780889341.679793,9.183,-14.857,-0.006,0.01,257.898,260.551,255.679
1780889341.715337,9.521,-14.929,-0.007,0.01,257.862,260.601,255.668
1780889341.7157829,9.521,-14.929,-0.007,0.01,257.862,260.601,255.668
1780889341.718216,9.521,-14.929,-0.007,0.01,257.862,260.601,255.668
1780889341.728627,9.521,-14.929,-0.007,0.01,257.862,260.601,255.668
1780889341.743049,9.521,-14.929,-0.007,0.01,257.862,260.601,255.668
1780889341.756751,10.986,-15.357,-0.008,0.011,257.679,260.876,255.593
1780889341.7672162,11.211,-15.286,-0.008,0.011,257.666,260.869,255.612
1780889341.7811,11.324,-15.143,-0.008,0.01,257.649,260.857,255.64
1780889341.791683,11.155,-15.071,-0.008,0.01,257.682,260.806,255.654
1780889341.805941,11.549,-15.5,-0.008,0.011,257.67,260.902,255.579
1780889341.8197608,11.944,-15.0,-0.008,0.01,257.583,260.892,255.671
1780889341.830289,11.944,-15.0,-0.008,0.01,257.594,260.88,255.671
1780889341.844647,11.887,-15.071,-0.008,0.01,257.62,260.867,255.659
1780889341.8585868,12.282,-14.786,-0.008,0.01,257.549,260.886,255.71
1780889341.8693628,12.394,-15.0,-0.008,0.01,257.56,260.917,255.671
1780889341.8835971,12.225,-15.0,-0.008,0.01,257.594,260.88,255.671
1780889341.922517,12.507,-15.0,-0.008,0.01,257.556,260.92,255.672
1780889341.9228742,12.789,-14.929,-0.008,0.01,257.519,260.946,255.684
1780889341.92321,12.789,-14.929,-0.008,0.01,257.519,260.946,255.684
1780889341.931864,12.789,-14.929,-0.008,0.01,257.519,260.946,255.684
1780889341.9461591,12.789,-14.929,-0.008,0.01,257.519,260.946,255.684
1780889341.960126,12.451,-15.214,-0.008,0.01,257.611,260.903,255.634
1780889341.970559,12.732,-14.714,-0.008,0.01,257.524,260.897,255.724
1780889341.985027,12.451,-14.786,-0.008,0.01,257.581,260.852,255.71
1780889341.995512,12.056,-14.786,-0.008,0.01,257.651,260.779,255.708
1780889342.009363,12.225,-15.0,-0.008,0.01,257.646,260.828,255.67
1780889342.023693,12.056,-15.071,-0.008,0.01,257.681,260.804,255.657
1780889342.034472,12.169,-14.857,-0.008,0.01,257.643,260.801,255.696
1780889342.048043,11.775,-15.0,-0.007,0.01,257.721,260.749,255.669
1780889342.061823,11.775,-14.714,-0.007,0.01,257.694,260.721,255.72
1780889342.072932,11.718,-14.571,-0.007,0.01,257.69,260.699,255.744
1780889342.086744,11.549,-14.857,-0.007,0.01,257.743,260.7,255.692
1780889342.126066,11.549,-14.571,-0.007,0.01,257.715,260.676,255.741
1780889342.126446,11.493,-14.571,-0.007,0.01,257.724,260.668,255.74
1780889342.126805,11.268,-14.5,-0.007,0.01,257.753,260.625,255.752
1780889342.135707,11.493,-14.286,-0.007,0.01,257.696,260.645,255.788
1780889342.149461,11.268,-37.286,-0.007,0.028,259.881,262.883,251.827
1780889342.1638741,11.268,-37.286,-0.007,0.028,259.881,262.883,251.827
1780889342.174507,9.577,-16.071,-0.006,0.011,258.114,260.445,255.569
1780889342.188066,9.577,-16.071,-0.006,0.011,258.114,260.445,255.569
1780889342.198503,9.577,-16.071,-0.006,0.011,258.114,260.445,255.569
1780889342.212906,9.577,-16.071,-0.006,0.011,258.114,260.445,255.569
1780889342.226723,8.394,-14.286,-0.005,0.009,258.133,260.086,255.883
1780889342.237251,8.338,-13.5,-0.005,0.009,258.059,260.039,255.998
1780889342.2509298,8.282,-13.357,-0.005,0.009,258.051,260.033,256.011
1780889342.2616231,8.0,-12.929,-0.005,0.008,258.054,259.961,256.075
1780889342.276105,7.831,-12.714,-0.005,0.008,258.058,259.93,256.101
1780889342.2896051,7.155,-12.143,-0.004,0.008,258.108,259.795,256.179
1780889342.328588,7.38,-12.357,-0.004,0.008,258.088,259.87,256.128
1780889342.329047,7.099,-11.857,-0.004,0.008,258.084,259.79,256.207
1780889342.329395,6.592,-11.929,-0.004,0.008,258.17,259.727,256.183
1780889342.338824,6.254,-11.714,-0.004,0.008,258.195,259.68,256.202
1780889342.3531342,5.972,-11.429,-0.003,0.008,258.21,259.621,256.244
1780889342.363708,5.915,-11.357,-0.003,0.008,258.208,259.619,256.248
1780889342.37754,5.465,-11.214,-0.003,0.008,258.258,259.559,256.256
1780889342.387965,5.296,-11.0,-0.003,0.008,258.261,259.524,256.286
1780889342.401883,4.901,-10.786,-0.003,0.007,258.3,259.451,256.317
1780889342.412883,4.563,-10.714,-0.003,0.007,258.343,259.403,256.322
1780889342.426757,4.338,-10.929,-0.003,0.008,258.387,259.413,256.269
1780889342.4405289,4.113,-10.929,-0.002,0.008,258.418,259.387,256.264
1780889342.451097,4.225,-11.286,-0.003,0.008,258.427,259.451,256.195
1780889342.465427,4.0,-11.357,-0.002,0.008,258.464,259.43,256.18
1780889342.4762108,3.549,-10.714,-0.002,0.008,258.463,259.315,256.289
1780889342.4897192,3.155,-11.071,-0.002,0.008,258.555,259.294,256.22
1780889342.504171,2.817,-11.286,-0.002,0.008,258.622,259.269,256.179
1780889342.5444648,2.817,-10.857,-0.002,0.008,258.574,259.239,256.255
1780889342.544888,2.31,-11.143,-0.001,0.008,258.667,259.202,256.2
1780889342.545229,2.366,-11.571,-0.001,0.008,258.69,259.261,256.122
1780889342.553217,1.972,-11.5,-0.001,0.008,258.74,259.197,256.136
1780889342.566881,1.577,-11.643,-0.001,0.008,258.809,259.154,256.11
1780889342.577475,1.465,-11.857,-0.001,0.009,258.829,259.173,256.072
1780889342.5910861,1.408,-12.0,-0.001,0.009,258.843,259.184,256.049
1780889342.601658,1.014,-11.929,-0.001,0.009,258.892,259.119,256.064
1780889342.615983,0.732,-11.929,-0.0,0.009,258.929,259.08,256.065
1780889342.629889,0.169,-12.429,0.0,0.009,259.05,259.05,255.979
1780889342.640268,-0.113,-12.429,0.0,0.009,259.085,259.011,255.983
1780889342.65473,0.225,-12.643,-0.0,0.009,259.039,259.094,255.948
1780889342.665246,0.113,-12.714,-0.0,0.009,259.055,259.088,255.939
1780889342.678891,-0.282,-13.214,0.0,0.009,259.149,259.079,255.858
1780889342.693208,-0.338,-13.357,0.0,0.01,259.162,259.088,255.838
1780889342.703897,-0.451,-13.5,0.0,0.01,259.184,259.087,255.817
1780889342.717542,-0.789,-13.857,0.0,0.01,259.264,259.069,255.759
1780889342.756611,-0.845,-14.286,0.0,0.01,259.294,259.106,255.696
1780889342.7568939,-0.845,-14.143,0.0,0.01,259.271,259.095,255.728
1780889342.757202,-0.901,-14.143,0.0,0.01,259.271,259.089,255.733
1780889342.766557,-1.127,-14.929,0.001,0.011,259.365,259.129,255.607
1780889342.780302,-0.901,-14.929,0.0,0.011,259.319,259.168,255.614
1780889342.7909372,-0.958,-15.0,0.0,0.011,259.328,259.165,255.608
1780889342.8056588,-1.408,-15.357,0.001,0.011,259.43,259.125,255.55
1780889342.815874,-1.465,-15.5,0.001,0.011,259.437,259.131,255.539
1780889342.8296351,-1.352,-15.643,0.001,0.011,259.424,259.164,255.52
1780889342.844297,-1.352,-15.929,0.001,0.011,259.444,259.191,255.476
1780889342.8547359,-1.127,-15.929,0.0,0.011,259.4,259.227,255.482
1780889342.868482,-1.408,-15.429,0.001,0.011,259.389,259.132,255.583
1780889342.878907,-1.127,-15.5,0.0,0.011,259.345,259.186,255.573
1780889342.893207,-1.408,-15.643,0.001,0.011,259.402,259.153,255.55
1780889342.906933,-1.296,-15.5,0.001,0.011,259.366,259.158,255.579
1780889342.917551,-1.127,-15.714,0.0,0.011,259.353,259.205,255.547
1780889342.931155,-1.127,-15.357,0.0,0.011,259.317,259.171,255.613
1780889342.969821,-1.014,-15.357,0.0,0.011,259.298,259.19,255.613
1780889342.970141,-0.845,-15.429,0.0,0.011,259.277,259.224,255.601
1780889342.9704561,-0.901,-15.0,0.0,0.01,259.246,259.172,255.679
1780889342.980128,-0.732,-15.071,0.0,0.01,259.226,259.207,255.665
1780889342.994554,-0.62,-15.071,-0.0,0.01,259.209,259.225,255.664
1780889343.0053508,-0.732,-14.929,0.0,0.01,259.215,259.192,255.689
1780889343.0188851,-0.394,-15.286,-0.0,0.011,259.197,259.279,255.625
1780889343.03326,-0.169,-15.214,-0.0,0.01,259.155,259.307,255.638
1780889343.043749,-0.225,-15.357,-0.0,0.011,259.18,259.309,255.613
1780889343.057344,0.113,-15.214,-0.001,0.01,259.113,259.348,255.639
1780889343.06788,0.113,-15.214,-0.001,0.01,259.113,259.348,255.639
1780889343.081404,0.113,-15.214,-0.001,0.01,259.113,259.348,255.639
1780889343.095623,0.113,-15.214,-0.001,0.01,259.113,259.348,255.639
1780889343.106394,0.113,-15.214,-0.001,0.01,259.113,259.348,255.639
1780889343.119927,0.113,-15.214,-0.001,0.01,259.113,259.348,255.639
1780889343.130518,1.521,-15.286,-0.002,0.011,258.893,259.584,255.626
1780889343.144886,1.69,-15.571,-0.002,0.011,258.9,259.63,255.575
1780889343.183908,1.803,-15.214,-0.002,0.01,258.863,259.595,255.643
1780889343.1843112,2.197,-15.357,-0.002,0.011,258.82,259.667,255.617
1780889343.184702,2.141,-15.214,-0.002,0.01,258.824,259.636,255.642
1780889343.194054,2.197,-15.143,-0.002,0.01,258.815,259.631,255.655
1780889343.2078662,2.648,-15.143,-0.002,0.01,258.757,259.692,255.653
1780889343.2216802,2.761,-15.286,-0.002,0.011,258.759,259.718,255.627
1780889343.232673,3.099,-15.214,-0.003,0.01,258.704,259.76,255.64
1780889343.246204,2.986,-15.071,-0.002,0.01,258.717,259.72,255.665
1780889343.256764,2.986,-15.071,-0.002,0.01,258.717,259.72,255.665
1780889343.270412,2.986,-15.071,-0.002,0.01,258.717,259.72,255.665
1780889343.284745,2.986,-15.071,-0.002,0.01,258.717,259.72,255.665
1780889343.295192,2.986,-15.071,-0.002,0.01,258.717,259.72,255.665
1780889343.309024,4.676,-14.929,-0.004,0.01,258.436,259.981,255.69
1780889343.3196402,4.845,-14.714,-0.004,0.01,258.402,259.977,255.726
1780889343.3340092,4.901,-14.714,-0.004,0.01,258.406,259.975,255.724
1780889343.3478332,5.239,-14.786,-0.004,0.01,258.37,260.028,255.709
1780889343.38747,5.803,-14.571,-0.004,0.01,258.283,260.08,255.744
1780889343.387851,5.69,-14.643,-0.004,0.01,258.32,260.058,255.729
1780889343.388194,5.915,-14.286,-0.004,0.01,258.261,260.052,255.791
1780889343.396769,6.31,-13.786,-0.005,0.009,258.173,260.054,255.874
1780889343.407326,6.761,-13.714,-0.005,0.009,258.106,260.115,255.882
1780889343.421163,6.592,-13.929,-0.005,0.01,258.165,260.099,255.839
1780889343.4355142,6.648,-13.714,-0.005,0.009,258.146,260.081,255.874
1780889343.445927,7.211,-13.643,-0.005,0.009,258.059,260.162,255.883
1780889343.459698,7.324,-13.643,-0.005,0.009,258.052,260.173,255.88
1780889343.47027,7.549,-13.571,-0.005,0.009,258.02,260.197,255.889
1780889343.4846961,7.775,-13.214,-0.005,0.009,257.961,260.193,255.949
1780889343.4984162,8.0,-13.357,-0.006,0.009,257.96,260.23,255.916
1780889343.50904,8.282,-13.143,-0.006,0.009,257.904,260.25,255.951
1780889343.523351,8.282,-12.929,-0.006,0.009,257.895,260.223,255.985
1780889343.533964,8.338,-13.0,-0.006,0.009,257.902,260.234,255.968
1780889343.54763,8.507,-13.0,-0.006,0.009,257.893,260.251,255.961
1780889343.561419,8.507,-13.0,-0.006,0.009,257.901,260.246,255.958
1780889343.600987,8.845,-12.786,-0.006,0.009,257.834,260.277,255.994
1780889343.60137,8.901,-12.857,-0.006,0.009,257.839,260.289,255.978
1780889343.6016881,8.958,-12.714,-0.006,0.009,257.833,260.275,255.997
1780889343.6104891,8.958,-12.429,-0.006,0.009,257.813,260.244,256.045
1780889343.624862,9.183,-12.357,-0.006,0.009,257.777,260.272,256.054
1780889343.635404,9.465,-12.071,-0.006,0.008,257.712,260.288,256.102
1780889343.6491342,9.634,-12.286,-0.006,0.009,257.72,260.33,256.055
1780889343.659583,9.69,-12.0,-0.006,0.008,257.692,260.308,256.104
1780889343.6740649,9.634,-11.857,-0.006,0.008,257.694,260.282,256.125
1780889343.687723,10.028,-12.0,-0.007,0.008,257.651,260.36,256.096
1780889343.6983318,10.028,-11.857,-0.007,0.008,257.649,260.34,256.115
1780889343.712938,10.141,-11.714,-0.007,0.008,257.624,260.342,256.138
1780889343.723335,9.859,-11.5,-0.006,0.008,257.655,260.272,256.173
1780889343.7370958,9.972,-11.929,-0.006,0.008,257.686,260.329,256.089
1780889343.750901,9.634,-11.857,-0.006,0.008,257.737,260.264,256.101
1780889343.761356,10.028,-11.929,-0.006,0.008,257.682,260.337,256.086
1780889343.7756941,10.141,-11.786,-0.007,0.008,257.654,260.34,256.11
1780889343.816285,10.028,-12.0,-0.006,0.009,257.698,260.338,256.069
1780889343.816739,9.915,-12.0,-0.006,0.009,257.718,260.318,256.069
1780889343.8170838,10.028,-12.286,-0.006,0.009,257.728,260.363,256.017
1780889343.824919,9.803,-12.286,-0.006,0.009,257.765,260.324,256.018
1780889343.838515,9.915,-12.571,-0.006,0.009,257.774,260.368,255.969
1780889343.8491368,9.634,-12.714,-0.006,0.009,257.832,260.333,255.945
1780889343.863433,9.577,-12.714,-0.006,0.009,257.839,260.322,255.947
1780889343.8772538,9.408,-12.929,-0.006,0.009,257.884,260.314,255.911
1780889343.887897,9.408,-13.214,-0.006,0.009,257.905,260.341,255.866
1780889343.901547,9.465,-13.357,-0.006,0.01,257.906,260.363,255.844
1780889343.912647,9.296,-13.214,-0.006,0.009,257.918,260.32,255.874
1780889343.926416,9.07,-13.643,-0.006,0.01,257.987,260.322,255.805
1780889343.940209,8.958,-13.5,-0.006,0.01,257.988,260.29,255.834
1780889343.950637,8.62,-13.857,-0.005,0.01,258.071,260.268,255.773
1780889343.9649742,8.732,-14.143,-0.005,0.01,258.074,260.316,255.727
1780889343.975862,8.62,-14.286,-0.005,0.01,258.096,260.31,255.711
1780889343.989423,8.676,-14.214,-0.005,0.01,258.075,260.313,255.728
1780889344.0287318,8.676,-14.214,-0.005,0.01,258.071,260.313,255.732
1780889344.02916,8.394,-14.5,-0.005,0.01,258.139,260.294,255.685
1780889344.029496,8.563,-15.0,-0.005,0.011,258.147,260.371,255.605
1780889344.0385542,8.507,-15.143,-0.005,0.011,258.165,260.374,255.585
1780889344.05282,8.225,-15.357,-0.005,0.011,258.226,260.346,255.553
1780889344.0667992,8.056,-15.5,-0.005,0.011,258.26,260.331,255.534
1780889344.077205,7.887,-16.286,-0.005,0.012,258.349,260.378,255.406
1780889344.090964,7.944,-16.286,-0.005,0.011,258.332,260.387,255.415
1780889344.101485,8.056,-16.214,-0.005,0.011,258.301,260.397,255.435
1780889344.115958,8.0,-16.5,-0.005,0.012,258.331,260.414,255.391
1780889344.1296508,7.493,-16.857,-0.005,0.012,258.434,260.361,255.341
1780889344.140289,7.38,-16.857,-0.005,0.012,258.445,260.341,255.349
1780889344.154525,7.099,-17.071,-0.004,0.012,258.503,260.315,255.317
1780889344.16531,7.099,-17.214,-0.004,0.012,258.509,260.33,255.299
1780889344.1790578,7.099,-17.286,-0.004,0.012,258.501,260.337,255.3
1780889344.193422,7.042,-17.714,-0.004,0.012,258.544,260.369,255.23
1780889344.232608,6.817,-17.643,-0.004,0.012,258.567,260.324,255.249
1780889344.233042,6.761,-17.929,-0.004,0.012,258.588,260.344,255.211
1780889344.233382,6.704,-18.0,-0.004,0.012,258.598,260.341,255.204
1780889344.24268,6.986,-17.929,-0.004,0.012,258.539,260.382,255.222
1780889344.253246,6.423,-18.071,-0.004,0.012,258.64,260.3,255.202
1780889344.266974,6.141,-18.0,-0.004,0.012,258.666,260.25,255.224
1780889344.280759,6.141,-18.143,-0.004,0.012,258.673,260.266,255.202
1780889344.291328,5.915,-18.071,-0.004,0.012,258.697,260.223,255.219
1780889344.3056169,5.803,-18.071,-0.004,0.012,258.71,260.206,255.222
1780889344.3162591,5.634,-18.286,-0.004,0.012,258.745,260.204,255.191
1780889344.330057,5.521,-18.5,-0.003,0.013,258.777,260.209,255.156
1780889344.344594,5.521,-17.786,-0.003,0.012,258.704,260.142,255.286
1780889344.3551471,5.183,-18.143,-0.003,0.012,258.789,260.124,255.224
1780889344.368889,5.07,-18.357,-0.003,0.012,258.815,260.133,255.19
1780889344.379495,5.07,-18.286,-0.003,0.012,258.803,260.129,255.205
1780889344.3936698,5.07,-18.429,-0.003,0.013,258.812,260.146,255.182
1780889344.407435,4.901,-18.286,-0.003,0.012,258.821,260.106,255.209
1780889344.447731,4.845,-18.0,-0.003,0.012,258.794,260.078,255.261
1780889344.448143,4.507,-18.071,-0.003,0.012,258.853,260.032,255.248
1780889344.4484859,4.394,-17.857,-0.003,0.012,258.847,259.997,255.286
1780889344.456595,4.169,-17.643,-0.003,0.012,258.857,259.948,255.322
1780889344.47035,4.056,-17.429,-0.003,0.012,258.851,259.914,255.358
1780889344.480909,3.944,-17.214,-0.003,0.012,258.846,259.88,255.394
1780889344.4951968,3.831,-17.429,-0.002,0.012,258.882,259.888,255.353
1780889344.505714,3.38,-17.0,-0.002,0.011,258.909,259.785,255.424
1780889344.5196311,3.775,-17.071,-0.002,0.011,258.848,259.864,255.408
1780889344.534305,3.437,-17.0,-0.002,0.011,258.894,259.806,255.418
1780889344.544698,3.549,-17.071,-0.002,0.012,258.879,259.837,255.403
1780889344.558465,3.042,-16.714,-0.002,0.011,258.923,259.729,255.462
1780889344.5691369,3.042,-16.786,-0.002,0.011,258.927,259.743,255.446
1780889344.583502,2.873,-16.571,-0.002,0.011,258.931,259.7,255.481
1780889344.597086,2.479,-16.571,-0.002,0.011,258.993,259.641,255.478
1780889344.6078022,2.592,-16.5,-0.002,0.011,258.961,259.666,255.485
1780889344.621423,2.423,-16.5,-0.002,0.011,258.986,259.644,255.482
1780889344.6577091,2.592,-16.571,-0.002,0.011,258.962,259.684,255.467
1780889344.6580129,2.366,-16.071,-0.002,0.011,258.949,259.604,255.554
1780889344.658271,2.197,-15.857,-0.001,0.011,258.953,259.568,255.583
1780889344.670588,2.141,-15.786,-0.001,0.011,258.954,259.558,255.592
1780889344.6850948,2.085,-15.857,-0.001,0.011,258.968,259.561,255.575
1780889344.695319,2.197,-15.714,-0.002,0.011,258.935,259.572,255.597
1780889344.7091022,2.197,-16.0,-0.002,0.011,258.96,259.606,255.542
1780889344.7195892,2.085,-15.929,-0.001,0.011,258.97,259.584,255.552
1780889344.7340438,1.859,-15.571,-0.001,0.011,258.972,259.517,255.614
1780889344.74776,1.972,-15.286,-0.001,0.01,258.924,259.519,255.657
1780889344.758358,1.803,-15.071,-0.001,0.01,258.931,259.475,255.691
1780889344.7727349,1.746,-15.214,-0.001,0.01,258.954,259.484,255.661
1780889344.783479,1.746,-15.214,-0.001,0.01,258.953,259.488,255.658
1780889344.79716,1.577,-14.857,-0.001,0.01,258.947,259.435,255.714
1780889344.810973,1.577,-14.857,-0.001,0.01,258.946,259.44,255.71
1780889344.821549,1.634,-14.857,-0.001,0.01,258.937,259.453,255.707
1780889344.835829,1.296,-14.357,-0.001,0.01,258.945,259.354,255.792
1780889344.874808,1.296,-14.214,-0.001,0.01,258.931,259.35,255.808
1780889344.875185,1.465,-14.143,-0.001,0.01,258.897,259.376,255.816
1780889344.875526,1.352,-14.214,-0.001,0.01,258.923,259.368,255.799
1780889344.8849971,1.521,-13.929,-0.001,0.01,258.869,259.373,255.846
1780889344.89863,1.352,-13.929,-0.001,0.01,258.899,259.353,255.837
1780889344.9092648,1.352,-13.929,-0.001,0.01,258.899,259.356,255.833
1780889344.923549,1.352,-13.786,-0.001,0.009,258.886,259.346,255.855
1780889344.93727,1.408,-13.929,-0.001,0.01,258.892,259.372,255.826
1780889344.947847,1.296,-13.571,-0.001,0.009,258.878,259.324,255.884
1780889344.9618099,1.352,-13.714,-0.001,0.009,258.883,259.35,255.854
1780889344.972778,1.239,-13.714,-0.001,0.009,258.902,259.333,255.852
1780889344.9865222,1.183,-13.429,-0.001,0.009,258.885,259.299,255.9
1780889345.000314,1.07,-13.429,-0.001,0.009,258.904,259.287,255.894
1780889345.011009,1.296,-13.643,-0.001,0.009,258.887,259.347,255.853
1780889345.0253031,1.239,-13.286,-0.001,0.009,258.864,259.305,255.915
1780889345.0361102,1.408,-13.5,-0.001,0.009,258.858,259.358,255.871
1780889345.0496352,0.958,-13.071,-0.001,0.009,258.892,259.244,255.946
1780889345.0890381,1.239,-13.286,-0.001,0.009,258.866,259.314,255.904
1780889345.089408,1.127,-13.143,-0.001,0.009,258.872,259.284,255.928
1780889345.0897,1.183,-13.143,-0.001,0.009,258.863,259.296,255.924
1780889345.098698,1.296,-13.143,-0.001,0.009,258.846,259.316,255.922
1780889345.1131158,1.014,-13.357,-0.001,0.009,258.913,259.291,255.882
1780889345.1236339,1.127,-13.071,-0.001,0.009,258.867,259.284,255.932
1780889345.137316,1.183,-13.286,-0.001,0.009,258.879,259.316,255.89
1780889345.1511621,1.296,-13.286,-0.001,0.009,258.861,259.335,255.889
1780889345.16162,1.408,-13.286,-0.001,0.009,258.843,259.354,255.889
1780889345.176199,1.352,-13.286,-0.001,0.009,258.853,259.344,255.888
1780889345.186711,1.577,-13.214,-0.001,0.009,258.811,259.375,255.9
1780889345.2006888,1.69,-13.071,-0.001,0.009,258.781,259.379,255.924
1780889345.21505,1.521,-13.143,-0.001,0.009,258.817,259.357,255.91
1780889345.2256699,1.634,-12.857,-0.001,0.009,258.774,259.348,255.96
1780889345.239285,1.634,-13.0,-0.001,0.009,258.789,259.362,255.932
1780889345.2500532,1.634,-12.929,-0.001,0.009,258.784,259.355,255.944
1780889345.264251,1.521,-12.571,-0.001,0.009,258.771,259.302,256.006
1780889345.304845,1.465,-12.5,-0.001,0.009,258.776,259.287,256.015
1780889345.305265,1.634,-12.643,-0.001,0.009,258.764,259.33,255.987
1780889345.3056269,1.634,-12.643,-0.001,0.009,258.765,259.33,255.985
1780889345.3133178,1.69,-12.643,-0.001,0.009,258.758,259.34,255.983
1780889345.3270888,1.859,-12.714,-0.002,0.009,258.74,259.373,255.969
1780889345.340821,1.915,-12.714,-0.002,0.009,258.733,259.382,255.968
1780889345.351457,1.915,-12.786,-0.002,0.009,258.741,259.387,255.954
1780889345.3658571,1.803,-12.571,-0.001,0.009,258.741,259.348,255.992
1780889345.3764322,2.085,-12.929,-0.002,0.009,258.732,259.426,255.927
1780889345.3901591,1.915,-13.0,-0.002,0.009,258.767,259.403,255.914
1780889345.405021,1.972,-13.071,-0.002,0.009,258.765,259.418,255.902
1780889345.415167,1.634,-13.286,-0.001,0.009,258.841,259.381,255.865
1780889345.4289112,1.972,-13.143,-0.002,0.009,258.77,259.422,255.894
1780889345.43954,1.972,-13.429,-0.002,0.01,258.797,259.448,255.844
1780889345.45392,1.803,-13.571,-0.001,0.01,258.838,259.432,255.82
1780889345.464598,1.915,-13.429,-0.002,0.01,258.805,259.436,255.848
1780889345.4782872,2.197,-13.571,-0.002,0.01,258.772,259.492,255.826
1780889345.519155,2.085,-13.714,-0.002,0.01,258.804,259.485,255.802
1780889345.519479,2.085,-13.786,-0.002,0.01,258.811,259.49,255.792
1780889345.5198169,2.141,-13.714,-0.002,0.01,258.794,259.49,255.807
1780889345.527033,2.366,-13.857,-0.002,0.01,258.772,259.536,255.784
1780889345.540786,2.197,-14.0,-0.002,0.01,258.814,259.52,255.761
1780889345.555618,2.423,-13.786,-0.002,0.01,258.756,259.534,255.801
1780889345.56573,2.31,-14.286,-0.002,0.01,258.823,259.557,255.717
1780889345.579537,2.254,-14.714,-0.002,0.01,258.871,259.586,255.644
1780889345.5900512,2.141,-14.429,-0.002,0.01,258.861,259.538,255.699
1780889345.604448,2.254,-14.571,-0.002,0.01,258.854,259.568,255.677
1780889345.618411,2.31,-14.5,-0.002,0.01,258.835,259.566,255.697
1780889345.628715,2.535,-15.071,-0.002,0.011,258.851,259.656,255.597
1780889345.643161,2.535,-15.214,-0.002,0.011,258.864,259.666,255.576
1780889345.6535711,2.423,-15.5,-0.002,0.011,258.908,259.671,255.53
1780889345.6675699,2.704,-15.643,-0.002,0.011,258.872,259.723,255.515
1780889345.681247,2.873,-15.571,-0.002,0.011,258.837,259.74,255.533
1780889345.718673,2.761,-15.5,-0.002,0.011,258.849,259.71,255.55
1780889345.719041,2.704,-15.5,-0.002,0.011,258.857,259.697,255.553
1780889345.719313,2.873,-15.857,-0.002,0.011,258.861,259.753,255.498
1780889345.7302332,2.873,-16.0,-0.002,0.011,258.874,259.763,255.476
1780889345.744719,2.704,-16.357,-0.002,0.011,258.935,259.766,255.417
1780889345.755306,2.817,-16.429,-0.002,0.011,258.921,259.788,255.41
1780889345.7692008,2.817,-16.429,-0.002,0.011,258.918,259.78,255.42
1780889345.779597,2.873,-16.714,-0.002,0.012,258.934,259.813,255.373
1780889345.794163,2.93,-16.714,-0.002,0.012,258.923,259.819,255.378
1780889345.807952,2.93,-16.714,-0.002,0.012,258.922,259.816,255.383
1780889345.818593,3.099,-17.286,-0.002,0.012,258.946,259.891,255.29
1780889345.832959,3.155,-17.0,-0.002,0.012,258.908,259.869,255.346
1780889345.843508,3.155,-17.214,-0.002,0.012,258.928,259.886,255.312
1780889345.85743,3.324,-17.286,-0.002,0.012,258.906,259.912,255.308
1780889345.8681548,3.549,-17.357,-0.003,0.012,258.875,259.953,255.299
1780889345.881761,3.662,-17.5,-0.003,0.012,258.871,259.981,255.278
1780889345.895879,3.437,-17.929,-0.003,0.012,258.948,259.98,255.206
1780889345.935841,3.549,-17.786,-0.003,0.012,258.915,259.977,255.24
1780889345.936203,3.38,-17.786,-0.002,0.012,258.942,259.945,255.244
1780889345.9365509,3.662,-17.929,-0.003,0.012,258.909,260.003,255.222
1780889345.945087,3.718,-18.071,-0.003,0.012,258.913,260.022,255.201
1780889345.9589388,3.887,-17.857,-0.003,0.012,258.864,260.022,255.246
1780889345.969353,3.775,-17.857,-0.003,0.012,258.884,260.0,255.248
1780889345.983788,3.944,-18.286,-0.003,0.013,258.897,260.066,255.175
1780889345.994367,4.0,-18.214,-0.003,0.012,258.881,260.065,255.191
1780889346.008214,4.338,-17.929,-0.003,0.012,258.801,260.086,255.246
1780889346.022496,4.282,-17.857,-0.003,0.012,258.806,260.066,255.26
1780889346.033327,4.338,-18.071,-0.003,0.012,258.819,260.093,255.223
1780889346.046853,4.451,-17.786,-0.003,0.012,258.775,260.081,255.275
1780889346.057601,4.732,-17.429,-0.003,0.012,258.702,260.088,255.339
1780889346.0712168,4.845,-17.5,-0.003,0.012,258.694,260.111,255.325
1780889346.085672,5.014,-17.357,-0.004,0.012,258.657,260.122,255.349
1780889346.096142,5.07,-17.5,-0.004,0.012,258.667,260.142,255.322
1780889346.109947,5.014,-17.357,-0.004,0.012,258.667,260.115,255.346
1780889346.149118,5.014,-17.357,-0.004,0.012,258.67,260.113,255.345
1780889346.149554,4.958,-17.357,-0.003,0.012,258.683,260.102,255.344
1780889346.1499,4.901,-16.929,-0.003,0.011,258.656,260.049,255.418
1780889346.1591182,5.07,-17.214,-0.004,0.012,258.658,260.104,255.365
1780889346.173562,5.07,-17.143,-0.004,0.012,258.654,260.096,255.376
1780889346.184134,4.901,-17.0,-0.003,0.012,258.671,260.053,255.4
1780889346.197877,5.014,-17.0,-0.003,0.012,258.656,260.072,255.397
1780889346.211508,5.127,-16.714,-0.004,0.011,258.613,260.063,255.446
1780889346.2227561,5.127,-16.929,-0.004,0.012,258.636,260.083,255.405
1780889346.236524,5.239,-16.786,-0.004,0.011,258.606,260.087,255.429
1780889346.2469661,5.183,-16.357,-0.004,0.011,258.582,260.037,255.499
1780889346.260759,5.465,-16.429,-0.004,0.011,258.546,260.092,255.483
1780889346.2714062,5.239,-16.643,-0.004,0.011,258.606,260.074,255.442
1780889346.285662,5.465,-16.214,-0.004,0.011,258.531,260.07,255.517
1780889346.299357,5.296,-16.357,-0.004,0.011,258.577,260.056,255.486
1780889346.30996,5.07,-16.429,-0.003,0.011,258.622,260.026,255.471
1780889346.324354,5.127,-16.357,-0.003,0.011,258.607,260.029,255.482
1780889346.364243,5.014,-16.357,-0.003,0.011,258.627,260.011,255.481
1780889346.3645928,5.07,-16.643,-0.003,0.011,258.646,260.049,255.427
1780889346.364864,5.239,-16.714,-0.004,0.011,258.625,260.084,255.415
1780889346.373378,5.127,-16.143,-0.003,0.011,258.591,260.01,255.516
1780889346.3871849,4.676,-16.286,-0.003,0.011,258.679,259.951,255.487
1780889346.397793,5.127,-16.571,-0.003,0.011,258.631,260.055,255.435
1780889346.411629,4.958,-16.857,-0.003,0.012,258.686,260.054,255.385
1780889346.425994,4.732,-16.714,-0.003,0.011,258.708,260.003,255.411
1780889346.4364219,4.901,-16.857,-0.003,0.012,258.69,260.048,255.387
1780889346.450434,4.507,-16.5,-0.003,0.011,258.72,259.948,255.451
1780889346.46097,4.901,-16.429,-0.003,0.011,258.647,260.009,255.463
1780889346.4751492,4.62,-16.5,-0.003,0.011,258.7,259.969,255.45
1780889346.4888399,4.789,-16.5,-0.003,0.011,258.671,260.0,255.449
1780889346.499773,4.676,-16.714,-0.003,0.011,258.709,260.002,255.411
1780889346.5138419,4.62,-16.571,-0.003,0.011,258.704,259.98,255.436
1780889346.5245519,4.789,-16.357,-0.003,0.011,258.656,259.988,255.474
1780889346.538574,4.901,-16.5,-0.003,0.011,258.65,260.023,255.447
1780889346.578215,4.676,-16.643,-0.003,0.011,258.701,259.999,255.422
1780889346.578652,4.451,-16.571,-0.003,0.011,258.73,259.955,255.435
1780889346.578994,4.451,-16.643,-0.003,0.011,258.735,259.963,255.422
1780889346.5873039,4.507,-16.786,-0.003,0.012,258.738,259.988,255.397
1780889346.601208,4.789,-16.571,-0.003,0.011,258.671,260.015,255.435
1780889346.615503,4.563,-16.643,-0.003,0.011,258.715,259.984,255.423
1780889346.6261609,4.676,-16.571,-0.003,0.011,258.687,259.996,255.437
1780889346.6398468,4.676,-17.071,-0.003,0.012,258.734,260.044,255.348
1780889346.65043,4.676,-16.643,-0.003,0.011,258.693,260.002,255.426
1780889346.6647282,4.563,-16.714,-0.003,0.011,258.718,259.99,255.413
1780889346.675426,4.282,-16.786,-0.003,0.012,258.769,259.951,255.401
1780889346.689348,4.282,-16.929,-0.003,0.012,258.781,259.966,255.376
1780889346.7037172,4.451,-17.071,-0.003,0.012,258.765,260.009,255.352
1780889346.714011,4.507,-17.214,-0.003,0.012,258.768,260.032,255.328
1780889346.727784,4.394,-16.714,-0.003,0.011,258.737,259.966,255.417
1780889346.73842,4.394,-17.0,-0.003,0.012,258.764,259.994,255.366
1780889346.7528331,4.62,-16.857,-0.003,0.012,258.713,260.018,255.393
1780889346.791542,4.394,-16.786,-0.003,0.012,258.743,259.973,255.406
1780889346.791914,4.338,-16.714,-0.003,0.011,258.744,259.957,255.42
1780889346.7922492,4.394,-16.786,-0.003,0.012,258.741,259.974,255.407
1780889346.8013172,4.563,-16.714,-0.003,0.011,258.706,259.996,255.419
1780889346.8154829,4.507,-16.714,-0.003,0.011,258.716,259.986,255.419
1780889346.829333,4.282,-16.714,-0.003,0.011,258.752,259.95,255.418
1780889346.8398342,4.282,-16.714,-0.003,0.011,258.752,259.951,255.418
1780889346.854174,4.282,-16.643,-0.003,0.011,258.745,259.945,255.43
1780889346.864604,4.676,-16.786,-0.003,0.012,258.694,260.025,255.404
1780889346.878485,4.394,-16.857,-0.003,0.012,258.747,259.985,255.391
1780889346.892946,4.507,-16.929,-0.003,0.012,258.735,260.01,255.379
1780889346.903533,4.394,-16.929,-0.003,0.012,258.754,259.991,255.379
1780889346.91726,4.394,-16.786,-0.003,0.012,258.739,259.977,255.406
1780889346.9279518,4.507,-16.929,-0.003,0.012,258.734,260.009,255.38
1780889346.941639,4.394,-16.786,-0.003,0.012,258.739,259.976,255.406
1780889346.955818,4.451,-16.857,-0.003,0.012,258.737,259.993,255.393
1780889346.994399,4.394,-17.071,-0.003,0.012,258.766,260.005,255.355
1780889346.994827,4.225,-16.714,-0.003,0.011,258.76,259.942,255.419
1780889346.995169,4.282,-16.714,-0.003,0.011,258.75,259.952,255.418
1780889347.005288,4.282,-16.571,-0.003,0.011,258.736,259.94,255.443
1780889347.0188951,4.451,-16.643,-0.003,0.011,258.716,259.976,255.428
1780889347.0294049,4.113,-16.857,-0.003,0.012,258.792,259.941,255.39
1780889347.043882,4.563,-16.643,-0.003,0.011,258.697,259.996,255.428
1780889347.054467,4.507,-16.857,-0.003,0.012,258.727,260.007,255.389
1780889347.0682182,4.507,-16.786,-0.003,0.012,258.72,259.998,255.404
1780889347.0788338,4.451,-16.714,-0.003,0.011,258.723,259.982,255.416
1780889347.093256,4.394,-16.857,-0.003,0.012,258.746,259.986,255.391
1780889347.1072829,4.676,-16.929,-0.003,0.012,258.707,260.04,255.378
1780889347.1176891,4.507,-16.929,-0.003,0.012,258.735,260.009,255.379
1780889347.1313128,4.563,-16.857,-0.003,0.012,258.719,260.012,255.392
1780889347.14273,4.507,-16.857,-0.003,0.012,258.729,260.002,255.392
1780889347.1564429,4.732,-16.929,-0.003,0.012,258.699,260.045,255.38
1780889347.170043,4.62,-16.786,-0.003,0.012,258.705,260.012,255.405
1780889347.2091131,4.507,-16.929,-0.003,0.012,258.738,260.006,255.38
1780889347.2094731,4.451,-16.929,-0.003,0.012,258.747,259.997,255.38
1780889347.2097762,4.451,-16.714,-0.003,0.011,258.726,259.977,255.418
1780889347.219179,4.507,-16.643,-0.003,0.011,258.71,259.98,255.43
1780889347.233522,4.507,-16.929,-0.003,0.012,258.737,260.008,255.379
1780889347.2440698,4.282,-16.714,-0.003,0.011,258.754,259.95,255.417
1780889347.25773,4.394,-16.786,-0.003,0.012,258.742,259.977,255.403
1780889347.268436,4.451,-16.5,-0.003,0.011,258.706,259.959,255.453
1780889347.282927,4.394,-16.357,-0.003,0.011,258.702,259.937,255.477
1780889347.296503,4.394,-16.5,-0.003,0.011,258.716,259.952,255.45
1780889347.307155,4.507,-16.643,-0.003,0.011,258.711,259.987,255.423
1780889347.3210292,4.507,-16.714,-0.003,0.011,258.718,259.993,255.41
1780889347.3313699,4.507,-16.786,-0.003,0.012,258.725,260.0,255.398
1780889347.345841,4.507,-16.714,-0.003,0.011,258.718,259.993,255.411
1780889347.359614,4.563,-17.0,-0.003,0.012,258.736,260.028,255.362
1780889347.370168,4.563,-16.786,-0.003,0.012,258.716,260.006,255.401
1780889347.384654,4.451,-16.643,-0.003,0.011,258.721,259.973,255.426
1780889347.423766,4.394,-16.714,-0.003,0.011,258.737,259.971,255.413
1780889347.424133,4.62,-16.929,-0.003,0.012,258.72,260.03,255.375
1780889347.4244878,4.507,-16.786,-0.003,0.012,258.725,259.997,255.401
1780889347.43364,4.676,-16.714,-0.003,0.011,258.691,260.018,255.413
1780889347.447423,4.676,-17.0,-0.003,0.012,258.718,260.045,255.363
1780889347.458028,4.451,-16.929,-0.003,0.012,258.748,259.999,255.376
1780889347.472339,4.563,-17.0,-0.003,0.012,258.736,260.025,255.364
1780889347.483005,4.563,-16.929,-0.003,0.012,258.729,260.018,255.378
1780889347.4967659,4.563,-16.929,-0.003,0.012,258.73,260.018,255.376
1780889347.51063,4.62,-17.0,-0.003,0.012,258.728,260.034,255.364
1780889347.521329,4.676,-17.214,-0.003,0.012,258.738,260.063,255.327
1780889347.535554,4.338,-17.143,-0.003,0.012,258.786,259.998,255.341
1780889347.546102,4.62,-17.071,-0.003,0.012,258.732,260.038,255.356
1780889347.559959,4.62,-17.143,-0.003,0.012,258.739,260.045,255.343
1780889347.5744011,4.563,-17.071,-0.003,0.012,258.741,260.028,255.357
1780889347.585147,4.507,-16.929,-0.003,0.012,258.737,260.004,255.383
1780889347.598597,4.451,-16.786,-0.003,0.012,258.732,259.983,255.407
1780889347.63785,4.338,-16.929,-0.003,0.012,258.764,259.979,255.381
1780889347.638269,4.282,-16.786,-0.003,0.012,258.759,259.956,255.406
1780889347.6386318,4.451,-16.643,-0.003,0.011,258.717,259.972,255.431
1780889347.6477199,4.282,-16.786,-0.003,0.012,258.758,259.959,255.404
1780889347.661416,4.225,-16.857,-0.003,0.012,258.773,259.958,255.391
1780889347.672553,4.451,-16.857,-0.003,0.012,258.736,259.996,255.391
1780889347.6863732,4.338,-17.0,-0.003,0.012,258.767,259.993,255.365
1780889347.700117,4.338,-16.643,-0.003,0.011,258.733,259.959,255.429
1780889347.710714,4.0,-16.857,-0.003,0.012,258.808,259.924,255.39
1780889347.725206,4.0,-16.786,-0.003,0.012,258.8,259.918,255.402
1780889347.73574,4.169,-17.0,-0.003,0.012,258.79,259.969,255.365
1780889347.749373,4.169,-17.0,-0.003,0.012,258.789,259.97,255.365
1780889347.763631,4.0,-17.0,-0.003,0.012,258.816,259.942,255.366
1780889347.774445,4.169,-17.357,-0.003,0.012,258.821,260.005,255.303
1780889347.788162,4.056,-17.429,-0.003,0.012,258.844,259.992,255.293
1780889347.798728,4.169,-17.5,-0.003,0.012,258.831,260.017,255.282
1780889347.813049,3.775,-17.643,-0.003,0.012,258.907,259.964,255.259
1780889347.852306,4.0,-17.714,-0.003,0.012,258.874,260.009,255.249
1780889347.852593,4.113,-17.929,-0.003,0.012,258.872,260.046,255.216
1780889347.852854,4.113,-17.929,-0.003,0.012,258.871,260.045,255.219
1780889347.861332,4.0,-18.071,-0.003,0.012,258.901,260.038,255.197
1780889347.875842,4.338,-18.286,-0.003,0.013,258.864,260.114,255.162
1780889347.8863401,4.056,-18.143,-0.003,0.012,258.893,260.05,255.193
1780889347.900127,4.169,-18.214,-0.003,0.013,258.88,260.075,255.183
1780889347.914551,4.113,-18.143,-0.003,0.012,258.881,260.057,255.198
1780889347.925052,4.62,-18.143,-0.003,0.012,258.797,260.141,255.2
1780889347.938735,4.169,-18.214,-0.003,0.012,258.879,260.069,255.189
1780889347.949386,4.282,-17.857,-0.003,0.012,258.826,260.053,255.254
1780889347.9637928,4.338,-18.143,-0.003,0.012,258.844,260.089,255.204
1780889347.9775329,4.62,-17.571,-0.003,0.012,258.746,260.08,255.305
1780889347.988128,4.563,-17.214,-0.003,0.012,258.724,260.035,255.367
1780889348.0025191,4.507,-17.429,-0.003,0.012,258.756,260.046,255.326
1780889348.013265,4.338,-17.214,-0.003,0.012,258.765,259.998,255.362
1780889348.026766,4.507,-17.143,-0.003,0.012,258.733,260.021,255.371
1780889348.066478,4.451,-17.357,-0.003,0.012,258.764,260.032,255.331
1780889348.066903,4.394,-17.214,-0.003,0.012,258.761,260.009,255.355
1780889348.0672362,4.451,-17.286,-0.003,0.012,258.759,260.026,255.341
1780889348.075799,4.225,-17.071,-0.003,0.012,258.778,259.969,255.376
1780889348.089632,4.225,-16.714,-0.003,0.011,258.745,259.937,255.437
1780889348.1041658,4.113,-16.929,-0.003,0.012,258.785,259.941,255.396
1780889348.114552,4.282,-16.643,-0.003,0.011,258.73,259.943,255.445
1780889348.128303,4.0,-16.786,-0.003,0.011,258.791,259.915,255.415
1780889348.138725,3.944,-16.857,-0.003,0.012,258.806,259.914,255.4
1780889348.153336,3.831,-16.643,-0.003,0.011,258.804,259.877,255.436
1780889348.167325,3.887,-16.929,-0.003,0.012,258.821,259.917,255.384
1780889348.177691,4.0,-16.857,-0.003,0.012,258.795,259.931,255.395
1780889348.191329,3.831,-16.929,-0.003,0.012,258.829,259.911,255.382
1780889348.2027688,3.887,-17.214,-0.003,0.012,258.846,259.949,255.331
1780889348.216332,4.0,-17.143,-0.003,0.012,258.82,259.962,255.344
1780889348.2299032,3.944,-17.357,-0.003,0.012,258.848,259.973,255.307
1780889348.2677171,4.169,-17.429,-0.003,0.012,258.817,260.017,255.295
1780889348.268161,3.831,-17.214,-0.003,0.012,258.851,259.94,255.334
1780889348.268439,4.225,-17.5,-0.003,0.012,258.812,260.033,255.285
1780889348.2791822,3.944,-17.643,-0.003,0.012,258.871,259.999,255.262
1780889348.289788,4.282,-17.571,-0.003,0.012,258.808,260.047,255.276
1780889348.304343,4.169,-17.714,-0.003,0.012,258.84,260.041,255.252
1780889348.318012,4.282,-18.071,-0.003,0.012,258.853,260.091,255.193
1780889348.3284721,4.282,-17.929,-0.003,0.012,258.839,260.075,255.221
1780889348.343006,4.394,-18.143,-0.003,0.013,258.84,260.112,255.186
1780889348.353549,4.563,-18.214,-0.003,0.013,258.819,260.145,255.176
1780889348.367383,4.451,-18.214,-0.003,0.013,258.837,260.12,255.182
1780889348.38127,4.338,-18.286,-0.003,0.013,258.862,260.106,255.171
1780889348.3916411,4.507,-18.143,-0.003,0.012,258.82,260.119,255.199
1780889348.4059362,4.282,-18.143,-0.003,0.012,258.857,260.079,255.2
1780889348.416727,4.394,-18.286,-0.003,0.013,258.852,260.109,255.177
1780889348.4302988,4.225,-18.286,-0.003,0.013,258.879,260.08,255.179
1780889348.444562,4.394,-18.071,-0.003,0.012,258.83,260.087,255.218
1780889348.4849012,4.451,-18.143,-0.003,0.012,258.828,260.103,255.206
1780889348.4853408,4.451,-17.714,-0.003,0.012,258.788,260.06,255.283
1780889348.485704,4.113,-17.786,-0.003,0.012,258.851,260.011,255.269
1780889348.493645,4.451,-17.571,-0.003,0.012,258.776,260.048,255.306
1780889348.5074,4.732,-17.286,-0.003,0.012,258.705,260.068,255.354
1780889348.518014,4.282,-17.5,-0.003,0.012,258.802,260.014,255.312
1780889348.531532,4.169,-17.071,-0.003,0.012,258.781,259.955,255.387
1780889348.5427861,4.282,-17.214,-0.003,0.012,258.777,259.99,255.358
1780889348.556381,4.282,-17.143,-0.003,0.012,258.771,259.987,255.367
1780889348.570273,4.113,-17.214,-0.003,0.012,258.806,259.967,255.352
1780889348.580731,3.887,-16.929,-0.003,0.012,258.816,259.904,255.401
1780889348.595094,4.0,-16.857,-0.003,0.011,258.791,259.919,255.41
1780889348.605721,3.887,-17.071,-0.003,0.012,258.828,259.926,255.369
1780889348.619649,4.0,-17.0,-0.003,0.012,258.803,259.94,255.38
1780889348.633894,3.944,-17.0,-0.003,0.012,258.812,259.932,255.378
1780889348.6446369,3.775,-17.214,-0.003,0.012,258.86,259.926,255.339
1780889348.658305,4.113,-16.929,-0.003,0.012,258.776,259.957,255.389
1780889348.698324,3.944,-17.143,-0.003,0.012,258.825,259.951,255.349
1780889348.69875,4.0,-17.357,-0.003,0.012,258.836,259.981,255.311
1780889348.699093,3.944,-17.429,-0.003,0.012,258.851,259.979,255.298
1780889348.707353,3.944,-17.286,-0.003,0.012,258.837,259.965,255.325
1780889348.721015,3.944,-17.357,-0.003,0.012,258.843,259.972,255.312
1780889348.731485,3.944,-17.571,-0.003,0.012,258.863,259.993,255.275
1780889348.745866,4.169,-17.571,-0.003,0.012,258.825,260.03,255.276
1780889348.7564301,4.056,-17.929,-0.003,0.012,258.877,260.042,255.215
1780889348.7702148,4.282,-18.0,-0.003,0.012,258.846,260.086,255.205
1780889348.784759,4.0,-17.786,-0.003,0.012,258.871,260.016,255.245
1780889348.795222,4.394,-18.0,-0.003,0.012,258.826,260.102,255.208
1780889348.8089862,4.282,-18.214,-0.003,0.013,258.865,260.099,255.175
1780889348.819652,4.451,-18.286,-0.003,0.013,258.843,260.132,255.165
1780889348.834209,4.563,-18.0,-0.003,0.012,258.798,260.121,255.218
1780889348.8476958,4.62,-18.071,-0.003,0.012,258.796,260.134,255.207
1780889348.858544,4.507,-18.143,-0.003,0.012,258.822,260.119,255.196
1780889348.872582,4.507,-18.214,-0.003,0.013,258.829,260.125,255.185
1780889348.9137568,4.563,-18.0,-0.003,0.012,258.8,260.112,255.224
1780889348.91411,4.451,-18.071,-0.003,0.012,258.826,260.098,255.212
1780889348.914455,4.451,-18.143,-0.003,0.012,258.833,260.104,255.2
1780889348.921367,4.225,-18.0,-0.003,0.012,258.856,260.052,255.226
1780889348.935714,4.282,-17.429,-0.003,0.012,258.793,260.007,255.327
1780889348.9462972,4.338,-17.286,-0.003,0.012,258.771,260.006,255.348
1780889348.960088,4.225,-17.357,-0.003,0.012,258.798,259.996,255.333
1780889348.974346,4.338,-17.286,-0.003,0.012,258.773,260.009,255.344
1780889348.985035,4.225,-17.571,-0.003,0.012,258.82,260.019,255.291
1780889348.998903,4.394,-17.214,-0.003,0.012,258.759,260.015,255.352
1780889349.009408,4.282,-17.071,-0.003,0.012,258.765,259.983,255.375
1780889349.0237749,4.056,-17.214,-0.003,0.012,258.817,259.961,255.347
1780889349.037589,3.944,-17.214,-0.003,0.012,258.835,259.944,255.346
1780889349.048052,3.887,-16.929,-0.003,0.012,258.817,259.911,255.393
1780889349.062432,3.944,-17.0,-0.003,0.012,258.814,259.93,255.378
1780889349.072921,4.169,-17.0,-0.003,0.012,258.777,259.97,255.376
1780889349.0866072,3.944,-17.286,-0.003,0.012,258.842,259.961,255.324
1780889349.120682,4.056,-16.929,-0.003,0.012,258.789,259.946,255.387
1780889349.121054,4.056,-16.929,-0.003,0.012,258.79,259.948,255.385
1780889349.1253178,3.718,-17.071,-0.003,0.012,258.859,259.907,255.358
1780889349.135704,4.056,-17.214,-0.003,0.012,258.815,259.98,255.332
1780889349.1494899,4.169,-17.214,-0.003,0.012,258.796,259.999,255.332
1780889349.160151,4.0,-17.214,-0.003,0.012,258.824,259.97,255.332
1780889349.1745,4.0,-17.214,-0.003,0.012,258.824,259.97,255.332
1780889349.18837,4.056,-17.5,-0.003,0.012,258.842,260.006,255.282
1780889349.198849,4.282,-17.643,-0.003,0.012,258.818,260.057,255.258
1780889349.213249,4.225,-17.857,-0.003,0.012,258.847,260.066,255.221
1780889349.223851,4.169,-17.786,-0.003,0.012,258.849,260.048,255.236
1780889349.237698,4.282,-18.0,-0.003,0.012,258.848,260.084,255.204
1780889349.251439,4.225,-18.143,-0.003,0.013,258.87,260.087,255.181
1780889349.262463,4.394,-18.143,-0.003,0.013,258.842,260.113,255.183
1780889349.276337,4.394,-18.143,-0.003,0.013,258.842,260.111,255.186
1780889349.286786,4.338,-18.143,-0.003,0.012,258.85,260.098,255.19
1780889349.300735,4.113,-18.286,-0.003,0.013,258.899,260.073,255.167
1780889349.341096,4.394,-18.143,-0.003,0.012,258.838,260.105,255.194
1780889349.341463,4.282,-18.214,-0.003,0.013,258.864,260.092,255.183
1780889349.341815,4.225,-18.071,-0.003,0.012,258.859,260.067,255.21
1780889349.349611,4.394,-17.929,-0.003,0.012,258.818,260.082,255.235
1780889349.3639839,4.225,-18.071,-0.003,0.012,258.859,260.066,255.21
1780889349.3777869,4.394,-18.0,-0.003,0.012,258.825,260.087,255.223
1780889349.388436,4.394,-17.5,-0.003,0.012,258.779,260.039,255.311
1780889349.402674,4.282,-17.5,-0.003,0.012,258.799,260.021,255.309
1780889349.413207,4.0,-17.5,-0.003,0.012,258.846,259.975,255.307
1780889349.4269812,4.282,-17.5,-0.003,0.012,258.8,260.026,255.303
1780889349.440743,4.169,-17.071,-0.003,0.012,258.779,259.967,255.377
1780889349.451336,4.282,-17.071,-0.003,0.012,258.762,259.988,255.374
1780889349.465631,4.0,-17.143,-0.003,0.012,258.816,259.949,255.359
1780889349.476181,4.0,-17.0,-0.003,0.012,258.804,259.939,255.38
1780889349.489857,4.0,-17.214,-0.003,0.012,258.824,259.961,255.34
1780889349.500436,4.056,-16.929,-0.003,0.012,258.788,259.945,255.389
1780889349.514848,3.831,-17.0,-0.003,0.012,258.832,259.916,255.374
1780889349.52862,4.0,-17.0,-0.003,0.012,258.804,259.949,255.371
1780889349.53901,4.0,-17.071,-0.003,0.012,258.811,259.957,255.357
1780889349.553445,4.056,-17.286,-0.003,0.012,258.822,259.988,255.318
1780889349.563924,3.775,-17.286,-0.003,0.012,258.868,259.941,255.318
1780889349.577568,3.831,-17.071,-0.003,0.012,258.838,259.932,255.354
1780889349.59138,3.944,-17.071,-0.003,0.012,258.819,259.952,255.353
1780889349.602419,4.056,-17.071,-0.003,0.012,258.801,259.972,255.352
1780889349.616106,4.056,-17.143,-0.003,0.012,258.808,259.979,255.339
1780889349.6268249,4.451,-17.357,-0.003,0.012,258.765,260.064,255.301
1780889349.6404989,4.394,-17.357,-0.003,0.012,258.775,260.053,255.302
1780889349.654988,4.338,-17.143,-0.003,0.012,258.765,260.021,255.34
1780889349.665338,4.169,-17.429,-0.003,0.012,258.821,260.02,255.289
1780889349.679042,4.225,-17.643,-0.003,0.012,258.831,260.047,255.254
1780889349.6896482,4.338,-17.929,-0.003,0.012,258.839,260.092,255.205
1780889349.704093,4.394,-17.929,-0.003,0.012,258.829,260.099,255.208
1780889349.718049,4.451,-18.071,-0.003,0.012,258.831,260.118,255.189
1780889349.751702,4.451,-18.071,-0.003,0.012,258.831,260.116,255.191
1780889349.7521129,4.338,-17.929,-0.003,0.012,258.836,260.081,255.218
1780889349.7533782,4.394,-18.286,-0.003,0.013,258.86,260.124,255.157
