Timestamp,x_err,y_err,x_out,y_out,a_theta,b_theta,c_theta
1780997930.4415429,0.0,0.0,0.0,0.0,258.008,258.008,258.008
1780997930.480784,0.0,0.0,0.0,0.0,258.008,258.008,258.008
1780997930.481034,0.0,0.0,0.0,0.0,258.008,258.008,258.008
1780997930.481261,0.0,0.0,0.0,0.0,258.008,258.008,258.008
1780997930.48148,0.0,0.0,0.0,0.0,258.008,258.008,258.008
1780997930.4817011,0.0,0.0,0.0,0.0,258.008,258.008,258.008
1780997930.481924,0.0,0.0,0.0,0.0,258.008,258.008,258.008
1780997930.482144,0.0,0.0,0.0,0.0,258.008,258.008,258.008
1780997930.482362,0.0,0.0,0.0,0.0,258.008,258.008,258.008
1780997930.482581,0.0,0.0,0.0,0.0,258.008,258.008,258.008
1780997930.482796,0.0,0.0,0.0,0.0,258.008,258.008,258.008
1780997930.483011,0.0,0.0,0.0,0.0,258.008,258.008,258.008
1780997930.492503,0.0,0.0,0.0,0.0,258.008,258.008,258.008
1780997930.507189,0.0,0.0,0.0,0.0,258.008,258.008,258.008
1780997930.51822,0.0,0.0,0.0,0.0,258.008,258.008,258.008
1780997930.532974,0.0,0.0,0.0,0.0,258.008,258.008,258.008
1780997930.543895,0.0,0.0,0.0,0.0,258.008,258.008,258.008
1780997930.605294,0.0,0.0,0.0,0.0,258.008,258.008,258.008
1780997930.605587,0.0,0.0,0.0,0.0,258.008,258.008,258.008
1780997930.605819,0.0,0.0,0.0,0.0,258.008,258.008,258.008
1780997930.606046,0.0,0.0,0.0,0.0,258.008,258.008,258.008
1780997930.614006,0.0,0.0,0.0,0.0,258.008,258.008,258.008
1780997930.62479,0.0,0.0,0.0,0.0,258.008,258.008,258.008
1780997930.639468,0.0,0.0,0.0,0.0,258.008,258.008,258.008
1780997930.650361,0.0,0.0,0.0,0.0,258.008,258.008,258.008
1780997930.6854131,0.0,0.0,0.0,0.0,258.008,258.008,258.008
1780997930.685657,0.0,0.0,0.0,0.0,258.008,258.008,258.008
1780997930.691364,0.0,0.0,0.0,0.0,258.008,258.008,258.008
1780997930.705421,0.0,0.0,0.0,0.0,258.008,258.008,258.008
1780997930.720103,0.0,0.0,0.0,0.0,258.008,258.008,258.008
1780997930.732028,0.0,0.0,0.0,0.0,258.008,258.008,258.008
1780997930.746484,0.0,0.0,0.0,0.0,258.008,258.008,258.008
1780997930.757499,0.0,0.0,0.0,0.0,258.008,258.008,258.008
1780997930.7811751,0.0,0.0,0.0,0.0,258.008,258.008,258.008
1780997930.7870982,0.0,0.0,0.0,0.0,258.008,258.008,258.008
1780997930.7978969,0.0,0.0,0.0,0.0,258.008,258.008,258.008
1780997930.812635,0.0,0.0,0.0,0.0,258.008,258.008,258.008
1780997930.8272882,0.0,0.0,0.0,0.0,258.008,258.008,258.008
1780997930.8382359,0.0,0.0,0.0,0.0,258.008,258.008,258.008
1780997930.852963,0.0,0.0,0.0,0.0,258.008,258.008,258.008
1780997930.864206,0.0,0.0,0.0,0.0,258.008,258.008,258.008
1780997930.890504,0.0,0.0,0.0,0.0,258.008,258.008,258.008
1780997930.893408,0.0,0.0,0.0,0.0,258.008,258.008,258.008
1780997930.9043598,0.0,0.0,0.0,0.0,258.008,258.008,258.008
1780997930.919012,0.0,0.0,0.0,0.0,258.008,258.008,258.008
1780997930.933665,0.0,0.0,0.0,0.0,258.008,258.008,258.008
1780997930.9446259,0.0,0.0,0.0,0.0,258.008,258.008,258.008
1780997930.9593248,0.0,0.0,0.0,0.0,258.008,258.008,258.008
1780997930.9703948,0.0,0.0,0.0,0.0,258.008,258.008,258.008
1780997930.985188,0.0,0.0,0.0,0.0,258.008,258.008,258.008
1780997930.999637,0.0,0.0,0.0,0.0,258.008,258.008,258.008
1780997931.010699,0.0,0.0,0.0,0.0,258.008,258.008,258.008
1780997931.025358,0.0,0.0,0.0,0.0,258.008,258.008,258.008
1780997931.040046,0.0,0.0,0.0,0.0,258.008,258.008,258.008
1780997931.051865,0.0,0.0,0.0,0.0,258.008,258.008,258.008
1780997931.066855,0.0,0.0,0.0,0.0,258.008,258.008,258.008
1780997931.077803,0.0,0.0,0.0,0.0,258.008,258.008,258.008
1780997931.1155992,0.0,0.0,0.0,0.0,258.008,258.008,258.008
1780997931.1159208,0.0,0.0,0.0,0.0,258.008,258.008,258.008
1780997931.117731,0.0,0.0,0.0,0.0,258.008,258.008,258.008
1780997931.132624,0.0,0.0,0.0,0.0,258.008,258.008,258.008
1780997931.1473112,0.0,0.0,0.0,0.0,258.008,258.008,258.008
1780997931.158241,0.0,0.0,0.0,0.0,258.008,258.008,258.008
1780997931.1730628,0.0,0.0,0.0,0.0,258.008,258.008,258.008
1780997931.1840131,0.0,0.0,0.0,0.0,258.008,258.008,258.008
1780997931.2086,0.0,0.0,0.0,0.0,258.008,258.008,258.008
1780997931.213328,0.0,0.0,0.0,0.0,258.008,258.008,258.008
1780997931.2242718,0.0,0.0,0.0,0.0,258.008,258.008,258.008
1780997931.238956,0.0,0.0,0.0,0.0,258.008,258.008,258.008
1780997931.2538009,0.0,0.0,0.0,0.0,258.008,258.008,258.008
1780997931.264852,0.0,0.0,0.0,0.0,258.008,258.008,258.008
1780997931.279658,0.0,0.0,0.0,0.0,258.008,258.008,258.008
1780997931.290596,0.0,0.0,0.0,0.0,258.008,258.008,258.008
1780997931.3263302,0.0,0.0,0.0,0.0,258.008,258.008,258.008
1780997931.3267179,0.0,0.0,0.0,0.0,258.008,258.008,258.008
1780997931.331317,0.0,0.0,0.0,0.0,258.008,258.008,258.008
1780997931.345406,0.0,0.0,0.0,0.0,258.008,258.008,258.008
1780997931.360199,0.0,0.0,0.0,0.0,258.008,258.008,258.008
1780997931.371744,0.0,0.0,0.0,0.0,258.008,258.008,258.008
1780997931.386367,0.0,0.0,0.0,0.0,258.008,258.008,258.008
1780997931.3974211,0.0,0.0,0.0,0.0,258.008,258.008,258.008
1780997931.4119868,0.0,0.0,0.0,0.0,258.008,258.008,258.008
1780997931.42676,0.0,0.0,0.0,0.0,258.008,258.008,258.008
1780997931.437797,0.0,0.0,0.0,0.0,258.008,258.008,258.008
1780997931.4525921,0.0,0.0,0.0,0.0,258.008,258.008,258.008
1780997931.467343,0.0,0.0,0.0,0.0,258.008,258.008,258.008
1780997931.478535,0.0,0.0,0.0,0.0,258.008,258.008,258.008
1780997931.493149,0.0,0.0,0.0,0.0,258.008,258.008,258.008
1780997931.504214,0.0,0.0,0.0,0.0,258.008,258.008,258.008
1780997931.5427358,0.0,0.0,0.0,0.0,258.008,258.008,258.008
1780997931.5431628,0.0,0.0,0.0,0.0,258.008,258.008,258.008
1780997931.544226,0.0,0.0,0.0,0.0,258.008,258.008,258.008
1780997931.558979,0.0,0.0,0.0,0.0,258.008,258.008,258.008
1780997931.5735831,0.0,0.0,0.0,0.0,258.008,258.008,258.008
1780997931.584652,0.0,0.0,0.0,0.0,258.008,258.008,258.008
1780997931.599243,0.0,0.0,0.0,0.0,258.008,258.008,258.008
1780997931.61009,0.0,0.0,0.0,0.0,258.008,258.008,258.008
1780997931.624976,0.0,0.0,0.0,0.0,258.008,258.008,258.008
1780997931.639634,0.0,0.0,0.0,0.0,258.008,258.008,258.008
1780997931.650728,0.0,0.0,0.0,0.0,258.008,258.008,258.008
1780997931.665675,0.0,0.0,0.0,0.0,258.008,258.008,258.008
1780997931.680199,0.0,0.0,0.0,0.0,258.008,258.008,258.008
1780997931.6917849,0.0,0.0,0.0,0.0,258.008,258.008,258.008
1780997931.706523,0.0,0.0,0.0,0.0,258.008,258.008,258.008
1780997931.717439,0.0,0.0,0.0,0.0,258.008,258.008,258.008
1780997931.757581,0.0,0.0,0.0,0.0,258.008,258.008,258.008
1780997931.7580621,0.0,0.0,0.0,0.0,258.008,258.008,258.008
1780997931.758374,0.0,0.0,0.0,0.0,258.008,258.008,258.008
1780997931.772476,0.0,0.0,0.0,0.0,258.008,258.008,258.008
1780997931.787189,0.0,0.0,0.0,0.0,258.008,258.008,258.008
1780997931.798121,0.0,0.0,0.0,0.0,258.008,258.008,258.008
1780997931.812819,0.0,0.0,0.0,0.0,258.008,258.008,258.008
1780997931.823928,0.0,0.0,0.0,0.0,258.008,258.008,258.008
1780997931.838592,0.0,0.0,0.0,0.0,258.008,258.008,258.008
1780997931.853355,0.0,0.0,0.0,0.0,258.008,258.008,258.008
1780997931.864367,0.0,0.0,0.0,0.0,258.008,258.008,258.008
1780997931.8791602,0.0,0.0,0.0,0.0,258.008,258.008,258.008
1780997931.893773,0.0,0.0,0.0,0.0,258.008,258.008,258.008
1780997931.904951,0.0,0.0,0.0,0.0,258.008,258.008,258.008
1780997931.919504,0.0,0.0,0.0,0.0,258.008,258.008,258.008
1780997931.93058,0.0,0.0,0.0,0.0,258.008,258.008,258.008
1780997931.969336,0.0,0.0,0.0,0.0,258.008,258.008,258.008
1780997931.969708,0.0,0.0,0.0,0.0,258.008,258.008,258.008
1780997931.971401,0.0,0.0,0.0,0.0,258.008,258.008,258.008
1780997931.985556,0.0,0.0,0.0,0.0,258.008,258.008,258.008
1780997932.000213,0.0,0.0,0.0,0.0,258.008,258.008,258.008
1780997932.011727,0.0,0.0,0.0,0.0,258.008,258.008,258.008
1780997932.026332,0.0,0.0,0.0,0.0,258.008,258.008,258.008
1780997932.037332,0.0,0.0,0.0,0.0,258.008,258.008,258.008
1780997932.052086,0.0,0.0,0.0,0.0,258.008,258.008,258.008
1780997932.066678,0.0,0.0,0.0,0.0,258.008,258.008,258.008
1780997932.0778089,0.0,0.0,0.0,0.0,258.008,258.008,258.008
1780997932.092448,0.0,0.0,0.0,0.0,258.008,258.008,258.008
1780997932.107122,0.0,0.0,0.0,0.0,258.008,258.008,258.008
1780997932.118261,0.0,0.0,0.0,0.0,258.008,258.008,258.008
1780997932.132904,0.0,0.0,0.0,0.0,258.008,258.008,258.008
1780997932.144116,0.0,0.0,0.0,0.0,258.008,258.008,258.008
1780997932.182166,0.0,0.0,0.0,0.0,258.008,258.008,258.008
1780997932.182668,0.0,0.0,0.0,0.0,258.008,258.008,258.008
1780997932.1842072,0.0,0.0,0.0,0.0,258.008,258.008,258.008
1780997932.198909,0.0,0.0,0.0,0.0,258.008,258.008,258.008
1780997932.2136772,0.0,0.0,0.0,0.0,258.008,258.008,258.008
1780997932.22485,0.0,0.0,0.0,0.0,258.008,258.008,258.008
1780997932.239996,67.38,10.929,0.074,0.012,277.815,245.862,255.186
1780997932.255271,67.324,11.429,0.074,0.013,277.929,245.941,255.028
1780997932.26739,67.324,11.857,0.074,0.013,278.053,245.984,254.904
1780997932.2822661,67.718,12.857,0.075,0.015,278.52,246.017,254.589
1780997932.29735,67.944,12.714,0.075,0.015,278.578,245.931,254.651
1780997932.3085701,69.127,14.714,0.077,0.018,279.757,245.919,253.986
1780997932.3231559,69.577,15.071,0.078,0.018,280.005,245.849,253.925
1780997932.33796,69.577,15.071,0.078,0.018,280.005,245.849,253.925
1780997932.349411,69.577,15.071,0.078,0.018,280.005,245.849,253.925
1780997932.3639522,69.577,15.071,0.078,0.018,280.005,245.849,253.925
1780997932.404177,66.197,13.5,0.072,0.015,277.801,246.485,254.49
1780997932.4045582,62.648,12.214,0.067,0.013,275.92,247.128,254.938
1780997932.4051058,61.577,11.5,0.066,0.012,275.306,247.267,255.18
1780997932.4200041,58.197,10.071,0.061,0.01,273.713,247.81,255.637
1780997932.435031,56.507,8.929,0.059,0.009,272.801,248.04,256.015
1780997932.446618,54.197,7.786,0.056,0.007,271.805,248.376,256.352
1780997932.461707,51.718,7.357,0.053,0.007,270.954,248.861,256.434
1780997932.472936,49.07,6.357,0.05,0.006,270.055,249.241,256.688
1780997932.487957,46.535,5.643,0.048,0.005,269.271,249.643,256.846
1780997932.50305,43.887,4.429,0.045,0.003,268.337,249.995,257.191
1780997932.514057,41.803,4.5,0.042,0.004,267.684,250.522,257.133
1780997932.529089,38.592,2.929,0.037,0.001,266.28,251.092,257.667
1780997932.543774,35.662,1.571,0.034,-0.0,265.262,251.522,258.065
1780997932.5550458,31.324,0.786,0.029,-0.001,263.906,252.437,258.254
1780997932.57024,29.07,-0.143,0.026,-0.002,263.113,252.829,258.544
1780997932.5849652,25.127,-0.714,0.021,-0.003,262.032,253.652,258.649
1780997932.6247392,21.634,-1.143,0.017,-0.003,261.159,254.363,258.708
1780997932.625172,19.437,-1.786,0.015,-0.004,260.67,254.665,258.854
1780997932.626442,16.451,-1.857,0.012,-0.003,260.025,255.301,258.802
1780997932.641303,12.845,-2.071,0.008,-0.003,259.161,256.105,258.807
1780997932.656162,10.592,-2.429,0.005,-0.004,258.541,256.601,258.909
1780997932.6672268,7.211,-2.643,0.0,-0.004,257.61,257.469,258.957
1780997932.6823502,3.662,-2.786,-0.004,-0.004,256.67,258.401,258.979
1780997932.697037,0.056,-2.786,-0.009,-0.004,255.768,259.375,258.949
1780997932.708468,-2.423,-3.0,-0.011,-0.004,255.383,259.755,258.981
1780997932.723392,-7.662,-2.643,-0.016,-0.003,254.436,260.988,258.794
1780997932.738345,-10.085,-2.0,-0.019,-0.002,254.163,261.566,258.535
1780997932.7533922,-14.141,-1.071,-0.022,-0.001,253.591,262.597,258.19
1780997932.7645981,-14.93,-1.0,-0.023,-0.001,253.512,262.712,258.169
1780997932.779525,-18.479,-0.071,-0.027,0.001,252.898,263.794,257.852
1780997932.794403,-21.183,0.786,-0.029,0.002,252.63,264.419,257.587
1780997932.80937,-24.225,2.071,-0.033,0.004,252.194,265.445,257.17
1780997932.849004,-26.986,3.857,-0.036,0.006,251.905,266.503,256.592
1780997932.849348,-28.62,4.071,-0.037,0.006,251.677,266.807,256.587
1780997932.850608,-30.986,5.429,-0.039,0.008,251.491,267.506,256.219
1780997932.8662982,-33.352,7.0,-0.041,0.01,251.303,268.3,255.789
1780997932.8772008,-34.028,7.429,-0.042,0.01,251.251,268.511,255.68
1780997932.8920379,-36.958,8.857,-0.045,0.012,250.862,269.525,255.317
1780997932.907087,-37.465,9.357,-0.045,0.012,250.862,269.699,255.186
1780997932.918313,-39.099,10.143,-0.047,0.013,250.649,270.25,255.001
1780997932.933405,-40.113,11.071,-0.047,0.014,250.673,270.485,254.803
1780997932.948622,-41.014,11.929,-0.048,0.015,250.68,270.733,254.614
1780997932.9635892,-42.085,12.429,-0.048,0.015,250.556,271.006,254.548
1780997932.974656,-42.479,13.357,-0.049,0.016,250.647,271.218,254.299
1780997932.989729,-43.211,14.643,-0.049,0.018,250.709,271.603,253.959
1780997933.004642,-43.493,15.429,-0.049,0.019,250.794,271.704,253.8
1780997933.01964,-43.324,16.0,-0.049,0.019,250.948,271.653,253.675
1780997933.059926,-42.873,16.071,-0.048,0.019,251.094,271.351,253.736
1780997933.0603552,-42.423,16.429,-0.047,0.019,251.274,271.164,253.681
1780997933.0615392,-41.972,16.643,-0.046,0.019,251.418,270.999,253.649
1780997933.076562,-41.07,17.143,-0.045,0.02,251.717,270.724,253.537
1780997933.087743,-40.338,17.5,-0.044,0.02,251.929,270.524,253.464
1780997933.102907,-39.042,17.857,-0.042,0.021,252.291,270.118,253.387
1780997933.1180859,-37.521,18.071,-0.04,0.021,252.677,269.619,253.359
1780997933.132852,-36.056,18.0,-0.038,0.021,252.987,269.117,253.417
1780997933.144186,-35.831,18.214,-0.038,0.021,253.052,269.115,253.353
1780997933.1590478,-33.746,18.143,-0.035,0.021,253.526,268.415,253.401
1780997933.174145,-31.324,18.214,-0.032,0.021,254.157,267.608,253.389
1780997933.189131,-29.014,17.857,-0.029,0.02,254.607,266.87,253.517
1780997933.200462,-26.535,17.571,-0.026,0.02,255.126,266.111,253.607
1780997933.215449,-25.07,17.286,-0.024,0.019,255.396,265.671,253.697
1780997933.230479,-22.535,17.0,-0.022,0.019,255.918,264.944,253.779
1780997933.245245,-20.113,16.571,-0.019,0.018,256.39,264.249,253.897
1780997933.286535,-16.845,16.143,-0.014,0.018,257.185,263.196,254.023
1780997933.286929,-14.31,15.643,-0.011,0.017,257.719,262.438,254.168
1780997933.287272,-12.0,15.429,-0.008,0.017,258.32,261.723,254.227
1780997933.301961,-9.296,14.643,-0.005,0.016,258.846,260.907,254.46
1780997933.313062,-6.085,14.357,-0.001,0.016,259.623,260.046,254.519
1780997933.3280299,-4.282,13.643,0.001,0.015,259.859,259.589,254.722
1780997933.343041,0.225,12.929,0.006,0.014,260.878,258.411,254.894
1780997933.3543491,2.141,12.0,0.008,0.013,261.117,257.894,255.168
1780997933.3694148,5.239,11.714,0.011,0.012,261.784,257.252,255.188
1780997933.384492,8.563,10.929,0.015,0.012,262.448,256.443,255.388
1780997933.396394,11.662,10.643,0.018,0.011,263.151,255.788,255.419
1780997933.411477,13.746,10.5,0.02,0.011,263.638,255.35,255.434
1780997933.426461,16.732,9.286,0.023,0.01,264.136,254.574,255.79
1780997933.437824,19.775,8.857,0.027,0.009,264.923,253.83,255.883
1780997933.452632,22.648,8.143,0.03,0.008,265.587,253.107,256.077
1780997933.4674659,22.648,8.143,0.03,0.008,265.587,253.107,256.077
1780997933.5080588,26.535,7.214,0.035,0.007,266.571,252.09,256.337
1780997933.50852,29.352,5.929,0.038,0.006,267.085,251.346,256.717
1780997933.5088608,32.901,5.357,0.042,0.005,267.912,250.649,256.808
1780997933.519792,35.099,5.0,0.044,0.005,268.43,250.219,256.867
1780997933.534556,37.352,4.071,0.047,0.004,268.852,249.685,257.127
1780997933.549665,38.761,3.286,0.048,0.003,268.992,249.399,257.338
1780997933.5603788,41.634,2.571,0.051,0.002,269.731,248.729,257.518
1780997933.575427,42.592,2.429,0.052,0.002,269.966,248.557,257.532
1780997933.5904572,44.789,2.143,0.055,0.002,270.555,248.136,257.56
1780997933.602426,46.817,1.357,0.056,0.001,270.867,247.768,257.747
1780997933.6173508,48.338,1.286,0.058,0.001,271.275,247.529,257.716
1780997933.632604,49.408,1.0,0.059,0.001,271.452,247.367,257.771
1780997933.6437151,50.873,0.857,0.06,0.001,271.763,247.18,257.757
1780997933.6586611,52.056,0.5,0.061,0.001,271.94,247.001,257.835
1780997933.6735082,53.183,0.571,0.062,0.001,272.234,246.876,257.763
1780997933.684979,53.352,0.714,0.061,0.001,272.22,246.947,257.69
1780997933.725178,54.197,0.214,0.062,0.0,272.301,246.769,257.84
1780997933.7256188,54.535,-0.071,0.062,0.0,272.254,246.739,257.91
1780997933.7264562,54.817,0.357,0.062,0.001,272.39,246.807,257.729
1780997933.741396,54.93,0.571,0.062,0.001,272.439,246.85,257.643
1780997933.7563531,54.986,0.214,0.062,0.001,272.313,246.829,257.76
1780997933.7676532,54.648,0.143,0.061,0.001,272.118,246.94,257.774
1780997933.7827141,54.254,0.214,0.06,0.001,271.956,247.072,257.74
1780997933.7937589,53.972,0.0,0.06,0.001,271.789,247.112,257.817
1780997933.808773,53.239,0.0,0.059,0.001,271.51,247.293,257.814
1780997933.823955,51.944,0.357,0.057,0.001,271.117,247.657,257.686
1780997933.835253,50.704,0.071,0.055,0.001,270.625,247.89,257.792
1780997933.850343,49.521,-0.071,0.054,0.001,270.183,248.14,257.843
1780997933.865681,47.831,-0.143,0.052,0.0,269.624,248.503,257.861
1780997933.8804312,46.254,-0.143,0.05,0.0,269.155,248.831,257.856
1780997933.8924701,44.507,0.357,0.048,0.001,268.744,249.268,257.684
1780997933.907274,42.873,0.786,0.046,0.002,268.367,249.657,257.547
1780997933.946684,41.915,1.143,0.045,0.002,268.133,249.93,257.428
1780997933.94705,40.056,1.857,0.042,0.003,267.754,250.401,257.21
1780997933.94808,37.972,2.643,0.04,0.004,267.259,250.991,256.963
1780997933.959188,37.972,2.643,0.04,0.004,267.259,250.991,256.963
1780997933.974228,35.831,3.5,0.037,0.006,266.709,251.663,256.683
1780997933.989085,31.662,4.571,0.031,0.007,265.577,252.837,256.37
1780997934.000015,29.07,5.357,0.028,0.008,264.902,253.611,256.129
1780997934.01509,27.38,5.786,0.025,0.009,264.494,254.054,256.016
1780997934.030026,24.62,6.571,0.023,0.009,264.003,254.628,255.849
1780997934.041922,22.028,7.143,0.02,0.01,263.423,255.251,255.72
1780997934.05694,19.606,8.429,0.018,0.012,263.139,255.849,255.368
1780997934.071808,18.704,8.286,0.017,0.011,262.89,255.982,255.454
1780997934.083169,16.056,9.0,0.014,0.012,262.311,256.681,255.274
1780997934.097791,14.141,9.286,0.011,0.012,261.813,257.203,255.208
1780997934.1126451,9.803,10.643,0.006,0.014,260.835,258.535,254.815
1780997934.1238139,8.789,11.071,0.005,0.015,260.695,258.786,254.706
1780997934.162466,4.958,11.786,0.001,0.015,259.918,259.697,254.568
1780997934.162837,1.803,12.5,-0.003,0.016,259.245,260.571,254.392
1780997934.164747,-0.958,12.643,-0.006,0.016,258.711,261.07,254.439
1780997934.1798642,-1.746,12.929,-0.006,0.016,258.616,261.25,254.368
1780997934.1947148,-5.014,14.0,-0.01,0.018,258.075,262.145,254.087
1780997934.209853,-7.718,14.357,-0.013,0.018,257.475,262.874,254.023
1780997934.2216399,-9.803,15.071,-0.015,0.019,257.225,263.346,253.858
1780997934.236692,-11.099,15.286,-0.016,0.019,256.948,263.715,253.81
1780997934.2517362,-13.521,15.786,-0.018,0.019,256.542,264.296,253.713
1780997934.266494,-15.549,16.286,-0.021,0.02,256.092,265.0,253.566
1780997934.277608,-17.972,16.714,-0.023,0.02,255.69,265.573,253.49
1780997934.292685,-19.944,16.786,-0.026,0.02,255.192,266.184,253.485
1780997934.307491,-21.352,16.643,-0.027,0.02,254.922,266.41,253.57
1780997934.3225448,-22.535,17.071,-0.028,0.02,254.803,266.702,253.456
1780997934.33392,-24.394,17.143,-0.03,0.02,254.495,267.079,253.464
1780997934.3489642,-25.915,17.143,-0.031,0.02,254.244,267.357,253.497
1780997934.388391,-27.211,17.214,-0.032,0.02,254.05,267.604,253.497
1780997934.388791,-28.507,17.214,-0.033,0.02,253.826,267.872,253.515
1780997934.3900092,-29.296,17.0,-0.034,0.02,253.658,267.992,253.591
1780997934.405063,-30.141,16.857,-0.035,0.02,253.521,268.104,253.643
1780997934.420109,-31.155,16.5,-0.035,0.019,253.289,268.264,253.754
1780997934.4352,-31.662,16.214,-0.036,0.019,253.206,268.269,253.834
1780997934.446787,-32.338,16.0,-0.036,0.018,253.068,268.38,253.889
1780997934.461807,-32.338,15.357,-0.036,0.017,252.993,268.205,254.098
1780997934.476636,-32.62,14.929,-0.036,0.017,252.872,268.194,254.23
1780997934.491573,-32.62,15.0,-0.036,0.017,252.916,268.188,254.19
1780997934.502914,-32.169,13.786,-0.036,0.015,252.873,267.729,254.588
1780997934.518005,-32.056,12.857,-0.035,0.014,252.831,267.477,254.83
1780997934.532877,-31.437,12.5,-0.034,0.014,253.004,267.186,254.881
1780997934.5479228,-31.042,12.5,-0.033,0.014,253.144,267.067,254.831
1780997934.559229,-30.423,11.5,-0.032,0.013,253.184,266.669,255.109
1780997934.5741608,-29.521,10.643,-0.031,0.012,253.308,266.225,255.341
1780997934.612471,-28.169,10.571,-0.029,0.012,253.682,265.78,255.32
1780997934.612906,-27.155,9.643,-0.028,0.011,253.789,265.342,255.574
1780997934.615125,-26.817,9.286,-0.028,0.01,253.815,265.191,255.673
1780997934.6301482,-24.732,8.143,-0.025,0.009,254.197,264.325,256.014
1780997934.6451368,-23.324,7.429,-0.023,0.008,254.423,263.869,256.176
1780997934.657015,-21.746,6.643,-0.021,0.007,254.706,263.291,256.391
1780997934.672085,-20.282,6.071,-0.019,0.007,254.952,262.881,256.501
1780997934.6871848,-19.042,5.786,-0.018,0.006,255.203,262.539,256.549
1780997934.70224,-17.127,5.571,-0.016,0.006,255.633,262.055,256.547
1780997934.713449,-14.817,5.071,-0.013,0.006,256.121,261.397,256.654
1780997934.728417,-13.408,4.786,-0.011,0.006,256.41,261.018,256.712
1780997934.743307,-11.437,4.0,-0.009,0.005,256.774,260.373,256.949
1780997934.754467,-9.127,3.714,-0.006,0.004,257.383,259.648,257.028
1780997934.769342,-6.648,3.214,-0.003,0.004,257.936,258.95,257.153
1780997934.7844028,-4.507,2.714,-0.0,0.003,258.362,258.388,257.282
1780997934.795508,-1.69,2.429,0.003,0.003,258.973,257.755,257.31
1780997934.83519,0.0,2.143,0.005,0.003,259.381,257.276,257.392
1780997934.835551,2.254,1.786,0.007,0.002,259.788,256.816,257.463
1780997934.836894,4.676,1.929,0.01,0.003,260.431,256.298,257.375
1780997934.851966,7.099,2.214,0.013,0.003,261.111,255.802,257.244
1780997934.866904,8.394,1.5,0.014,0.002,261.212,255.482,257.479
1780997934.878091,11.211,1.786,0.017,0.003,261.939,254.961,257.344
1780997934.893026,13.577,1.5,0.02,0.002,262.495,254.392,257.43
1780997934.904168,14.366,2.071,0.021,0.003,262.783,254.347,257.217
1780997934.919261,17.239,2.143,0.024,0.004,263.485,253.775,257.189
1780997934.934297,19.606,2.357,0.027,0.004,264.147,253.295,257.112
1780997934.945405,22.085,2.643,0.03,0.004,264.877,252.795,257.011
1780997934.9603,23.324,3.214,0.031,0.005,265.329,252.62,256.811
1780997934.975043,25.746,3.571,0.034,0.006,266.165,252.074,256.691
1780997934.9869492,26.761,4.214,0.035,0.007,266.413,252.071,256.488
1780997935.0020428,29.577,5.071,0.038,0.008,267.387,251.582,256.216
1780997935.016916,30.761,5.071,0.039,0.008,267.566,251.411,256.256
1780997935.057545,32.789,5.214,0.041,0.008,268.006,251.088,256.254
1780997935.057974,34.197,5.929,0.042,0.008,268.384,250.995,256.055
1780997935.0583098,35.437,6.643,0.043,0.009,268.736,250.926,255.854
1780997935.0692759,36.282,6.857,0.044,0.01,268.934,250.822,255.813
1780997935.084256,37.634,7.5,0.045,0.01,269.364,250.679,255.636
1780997935.099325,39.268,8.143,0.047,0.011,269.924,250.444,255.465
1780997935.11021,39.38,8.214,0.047,0.011,269.907,250.461,255.459
1780997935.125351,40.845,8.643,0.049,0.012,270.52,250.16,255.327
1780997935.140529,41.465,9.571,0.049,0.013,270.745,250.247,255.068
1780997935.1524532,42.028,10.071,0.049,0.013,270.88,250.254,254.961
1780997935.167221,42.704,10.571,0.05,0.014,271.097,250.212,254.848
1780997935.182421,42.761,10.786,0.049,0.014,271.062,250.265,254.817
1780997935.193681,42.93,11.214,0.049,0.014,271.096,250.325,254.728
1780997935.208672,43.099,11.571,0.049,0.015,271.143,250.36,254.657
1780997935.223575,43.437,12.0,0.05,0.015,271.297,250.352,254.554
1780997935.235114,43.155,12.214,0.049,0.015,271.166,250.478,254.515
1780997935.274498,42.704,11.857,0.048,0.015,270.868,250.546,254.659
1780997935.274949,42.254,12.286,0.048,0.015,270.766,250.723,254.544
1780997935.2798898,41.915,12.0,0.047,0.015,270.567,250.75,254.66
1780997935.2915862,41.183,12.143,0.046,0.015,270.332,250.949,254.622
1780997935.306645,40.113,12.0,0.044,0.015,269.901,251.2,254.676
1780997935.3216588,38.817,11.786,0.043,0.014,269.418,251.469,254.754
1780997935.3327801,37.972,11.429,0.042,0.014,269.103,251.585,254.871
1780997935.348004,36.451,11.5,0.04,0.014,268.636,251.958,254.836
1780997935.3631098,34.986,10.857,0.038,0.013,268.062,252.184,255.043
1780997935.374177,34.366,10.929,0.037,0.013,267.94,252.314,255.003
1780997935.389316,33.07,11.0,0.036,0.013,267.607,252.605,254.961
1780997935.404191,31.493,10.5,0.034,0.013,267.056,252.876,255.116
1780997935.415766,29.803,10.5,0.032,0.013,266.533,253.295,255.105
1780997935.430518,28.62,10.357,0.031,0.013,266.19,253.531,255.14
1780997935.445518,26.873,9.929,0.029,0.012,265.649,253.836,255.271
1780997935.457281,24.901,10.143,0.026,0.013,265.182,254.307,255.178
1780997935.49474,23.099,9.714,0.024,0.012,264.591,254.666,255.309
1780997935.4951081,22.592,9.714,0.024,0.012,264.482,254.765,255.302
1780997935.4978611,19.606,8.714,0.02,0.01,263.393,255.369,255.627
1780997935.512946,19.606,8.714,0.02,0.01,263.393,255.369,255.627
1780997935.527911,16.451,8.357,0.015,0.01,262.437,256.119,255.718
1780997935.539093,13.859,8.214,0.012,0.01,261.635,256.808,255.753
1780997935.5542898,12.225,7.929,0.01,0.01,261.262,257.083,255.821
1780997935.5691361,9.972,8.143,0.008,0.01,260.781,257.641,255.717
1780997935.5803142,7.775,7.714,0.006,0.01,260.298,257.981,255.833
1780997935.595465,6.535,7.571,0.005,0.009,260.062,258.18,255.86
1780997935.610371,4.338,7.143,0.002,0.009,259.545,258.567,255.972
1780997935.6223638,2.085,6.786,0.0,0.009,259.015,259.001,256.059
1780997935.6372118,0.958,6.643,-0.001,0.008,258.793,259.194,256.088
1780997935.648553,-1.183,6.714,-0.003,0.009,258.36,259.696,256.029
1780997935.663624,-3.324,6.214,-0.006,0.008,257.82,260.095,256.178
1780997935.678605,-5.07,6.214,-0.007,0.008,257.487,260.469,256.154
1780997935.716964,-6.761,5.929,-0.009,0.008,257.11,260.783,256.233
1780997935.717314,-8.113,6.214,-0.011,0.008,256.873,261.164,256.118
1780997935.7194932,-9.803,5.786,-0.012,0.008,256.469,261.46,256.248
1780997935.734587,-11.493,5.929,-0.014,0.008,256.159,261.877,256.179
1780997935.746376,-12.958,5.429,-0.015,0.007,255.795,262.104,256.34
1780997935.761483,-14.366,5.429,-0.017,0.007,255.482,262.47,256.327
1780997935.776263,-15.493,5.429,-0.018,0.007,255.302,262.694,256.31
1780997935.791463,-16.451,5.786,-0.019,0.008,255.222,262.934,256.178
1780997935.802706,-17.634,6.071,-0.02,0.008,255.049,263.248,256.077
1780997935.817673,-18.986,6.5,-0.022,0.009,254.837,263.657,255.936
1780997935.8326888,-19.831,6.429,-0.022,0.009,254.647,263.841,255.97
1780997935.844175,-20.845,6.786,-0.023,0.009,254.51,264.136,255.856
1780997935.8590689,-21.465,6.5,-0.024,0.009,254.373,264.17,255.967
1780997935.874083,-22.197,6.571,-0.025,0.009,254.253,264.337,255.947
1780997935.8889222,-22.873,6.571,-0.025,0.009,254.127,264.483,255.951
1780997935.900269,-23.042,6.714,-0.025,0.009,254.15,264.509,255.905
1780997935.941333,-23.493,6.929,-0.026,0.01,254.114,264.63,255.838
1780997935.941785,-24.056,6.714,-0.026,0.009,253.965,264.714,255.921
1780997935.942129,-23.718,7.071,-0.025,0.01,254.166,264.608,255.804
1780997935.956963,-23.831,7.357,-0.025,0.01,254.206,264.67,255.711
1780997935.971848,-23.493,7.429,-0.025,0.01,254.325,264.542,255.697
1780997935.986888,-23.437,7.714,-0.025,0.011,254.391,264.561,255.614
1780997935.9979079,-22.93,7.714,-0.024,0.01,254.534,264.377,255.626
1780997936.012989,-22.028,7.857,-0.023,0.011,254.819,264.089,255.581
1780997936.028169,-21.352,7.929,-0.022,0.011,254.991,263.897,255.572
1780997936.039371,-20.958,7.643,-0.021,0.01,255.029,263.729,255.678
1780997936.054164,-20.169,8.286,-0.02,0.011,255.325,263.632,255.464
1780997936.0692391,-20.169,8.286,-0.02,0.011,255.325,263.632,255.464
1780997936.084054,-18.141,8.5,-0.017,0.011,255.887,263.046,255.412
1780997936.095208,-17.352,8.714,-0.016,0.012,256.1,262.877,255.349
1780997936.110166,-17.352,8.714,-0.016,0.012,256.1,262.877,255.349
1780997936.125165,-14.704,9.0,-0.013,0.012,256.833,262.149,255.27
1780997936.162654,-13.746,9.714,-0.012,0.013,257.164,262.049,255.038
1780997936.162981,-11.887,9.214,-0.009,0.012,257.54,261.422,255.233
1780997936.166665,-10.817,9.643,-0.008,0.013,257.84,261.249,255.101
1780997936.181566,-9.127,9.357,-0.006,0.012,258.262,260.685,255.208
1780997936.192707,-8.0,9.214,-0.005,0.012,258.406,260.468,255.269
1780997936.207862,-5.972,9.357,-0.002,0.012,259.019,259.89,255.223
1780997936.222562,-4.563,10.143,-0.001,0.014,259.409,259.774,254.966
1780997936.233825,-4.563,10.143,-0.001,0.014,259.409,259.774,254.966
1780997936.2489731,-1.803,9.643,0.003,0.013,260.056,258.932,255.15
1780997936.2634711,0.338,9.714,0.005,0.013,260.614,258.407,255.135
1780997936.274625,0.338,9.714,0.005,0.013,260.614,258.407,255.135
1780997936.289663,3.718,10.0,0.009,0.013,261.513,257.645,255.051
1780997936.3046,5.07,10.214,0.011,0.013,261.828,257.42,254.987
1780997936.316308,7.324,10.571,0.013,0.014,262.386,257.015,254.886
1780997936.3315089,8.563,10.5,0.014,0.014,262.624,256.765,254.919
1780997936.3465269,10.761,10.786,0.017,0.014,263.186,256.346,254.839
1780997936.38205,12.394,11.214,0.018,0.015,263.602,256.111,254.712
1780997936.3824131,14.085,10.786,0.02,0.014,263.888,255.7,254.872
1780997936.387668,15.606,10.571,0.021,0.014,264.172,255.377,254.951
1780997936.398937,16.958,10.5,0.023,0.013,264.507,255.073,254.971
1780997936.4138849,18.535,10.643,0.024,0.014,264.908,254.791,254.919
1780997936.428994,20.0,10.286,0.026,0.013,265.172,254.46,255.032
1780997936.44016,21.859,10.143,0.028,0.013,265.636,254.04,255.073
1780997936.455302,22.761,10.357,0.029,0.013,265.893,253.914,254.991
1780997936.4906108,24.0,10.714,0.03,0.014,266.251,253.752,254.864
1780997936.491035,25.465,10.5,0.032,0.014,266.629,253.383,254.936
1780997936.496981,26.704,10.214,0.033,0.013,266.912,253.072,255.03
1780997936.512078,28.282,10.5,0.035,0.014,267.389,252.806,254.925
1780997936.526984,28.732,10.214,0.035,0.013,267.382,252.718,255.021
1780997936.5380402,29.634,9.857,0.036,0.013,267.497,252.525,255.131
1780997936.5530372,29.69,10.143,0.036,0.013,267.536,252.595,255.027
1780997936.568105,31.268,9.714,0.038,0.013,267.948,252.154,255.163
1780997936.579246,31.718,9.143,0.038,0.012,267.903,252.016,255.344
1780997936.594367,32.394,8.571,0.039,0.011,267.917,251.845,255.513
1780997936.609163,33.183,8.5,0.039,0.011,268.108,251.713,255.503
1780997936.62036,33.183,8.214,0.039,0.011,267.992,251.731,255.575
1780997936.6355011,33.69,7.714,0.04,0.01,268.053,251.535,255.736
1780997936.650368,34.085,7.643,0.04,0.01,268.125,251.502,255.714
1780997936.662261,34.141,7.5,0.04,0.01,268.063,251.534,255.728
1780997936.677248,34.423,7.143,0.04,0.01,268.058,251.452,255.821
1780997936.717139,34.31,6.929,0.04,0.009,267.952,251.478,255.876
1780997936.7174542,34.028,6.429,0.039,0.009,267.727,251.514,256.017
1780997936.718406,33.408,6.286,0.038,0.009,267.475,251.689,256.031
1780997936.7297459,33.183,5.929,0.038,0.008,267.335,251.703,256.128
1780997936.744979,32.732,5.786,0.037,0.008,267.164,251.808,256.154
1780997936.7600179,32.113,4.643,0.036,0.006,266.741,251.789,256.52
1780997936.771765,31.099,4.786,0.035,0.007,266.473,252.08,256.428
1780997936.7866518,30.028,4.786,0.034,0.007,266.165,252.354,256.391
1780997936.8018382,29.803,4.643,0.033,0.007,266.085,252.379,256.431
1780997936.8130932,28.62,4.214,0.032,0.006,265.669,252.597,256.547
1780997936.828237,27.887,4.5,0.031,0.007,265.569,252.793,256.423
1780997936.843041,27.099,4.714,0.03,0.007,265.428,252.992,256.331
1780997936.8543649,26.648,4.5,0.03,0.007,265.253,253.063,256.405
1780997936.869353,25.352,4.286,0.028,0.007,264.858,253.328,256.462
1780997936.884084,25.07,4.286,0.028,0.007,264.795,253.383,256.458
1780997936.895416,22.704,4.214,0.025,0.007,264.082,253.961,256.469
1780997936.9352698,22.028,4.5,0.024,0.007,263.998,254.133,256.362
1780997936.935636,20.338,4.214,0.022,0.007,263.449,254.499,256.464
1780997936.9369018,18.986,4.786,0.021,0.008,263.251,254.869,256.258
1780997936.952029,17.69,4.929,0.019,0.008,262.983,255.146,256.212
1780997936.967005,15.944,4.786,0.017,0.008,262.451,255.554,256.272
1780997936.97827,15.324,5.071,0.016,0.008,262.406,255.692,256.172
1780997936.993223,13.746,5.143,0.015,0.008,262.036,256.035,256.16
1780997937.0083132,12.113,5.714,0.013,0.009,261.694,256.531,255.973
1780997937.019596,11.324,5.071,0.012,0.008,261.411,256.55,256.212
1780997937.034654,9.352,5.857,0.01,0.009,261.063,257.134,255.953
1780997937.0466309,7.606,6.5,0.008,0.01,260.761,257.626,255.75
1780997937.0616388,6.197,6.429,0.006,0.01,260.433,257.883,255.803
1780997937.076501,5.408,6.5,0.006,0.01,260.289,258.034,255.79
1780997937.0879118,3.718,6.429,0.003,0.01,259.821,258.447,255.828
1780997937.1026409,2.366,7.214,0.002,0.011,259.677,258.848,255.581
1780997937.117661,1.239,7.143,0.001,0.011,259.396,259.08,255.625
1780997937.1578062,-0.113,7.429,-0.001,0.011,259.157,259.397,255.552
1780997937.158256,-1.634,8.0,-0.002,0.012,258.866,259.884,255.372
1780997937.1586199,-2.986,7.786,-0.004,0.011,258.538,260.107,255.476
1780997937.1695309,-2.986,7.786,-0.004,0.011,258.538,260.107,255.476
1780997937.184491,-4.901,8.5,-0.007,0.012,258.11,260.814,255.236
1780997937.199421,-6.197,9.5,-0.008,0.014,257.99,261.284,254.927
1780997937.211118,-7.662,9.857,-0.01,0.014,257.701,261.682,254.847
1780997937.226109,-8.338,11.0,-0.01,0.016,257.795,261.98,254.495
1780997937.241225,-9.296,10.286,-0.011,0.014,257.5,261.957,254.796
1780997937.256128,-10.479,10.643,-0.012,0.015,257.279,262.301,254.705
1780997937.267456,-11.324,11.214,-0.013,0.015,257.237,262.521,254.554
1780997937.2824252,-12.282,11.5,-0.014,0.016,257.095,262.745,254.495
1780997937.297445,-13.014,11.571,-0.014,0.016,256.973,262.873,254.502
1780997937.3125272,-13.69,11.5,-0.015,0.015,256.813,263.005,254.542
1780997937.3237782,-13.915,12.0,-0.015,0.016,256.911,263.069,254.393
1780997937.338764,-14.592,12.0,-0.015,0.016,256.77,263.198,254.419
1780997937.380352,-14.986,12.143,-0.016,0.016,256.73,263.275,254.391
1780997937.380727,-15.324,12.714,-0.016,0.017,256.772,263.432,254.217
1780997937.381069,-15.211,12.5,-0.016,0.017,256.795,263.301,254.306
1780997937.394919,-15.549,12.286,-0.016,0.016,256.681,263.323,254.397
1780997937.4099,-15.324,12.5,-0.015,0.016,256.813,263.249,254.333
1780997937.424851,-15.211,12.714,-0.015,0.017,256.9,263.228,254.267
1780997937.4366562,-15.549,12.571,-0.016,0.016,256.784,263.294,254.322
1780997937.4517078,-15.324,12.214,-0.015,0.016,256.797,263.135,254.446
1780997937.466675,-15.099,12.5,-0.015,0.016,256.92,263.111,254.349
1780997937.481772,-14.648,12.0,-0.014,0.016,256.97,262.863,254.514
1780997937.493024,-14.254,11.786,-0.014,0.015,257.046,262.709,254.574
1780997937.508061,-13.465,11.5,-0.013,0.015,257.222,262.421,254.655
1780997937.522985,-13.07,11.071,-0.012,0.014,257.254,262.245,254.778
1780997937.538123,-12.282,11.429,-0.011,0.015,257.538,262.106,254.628
1780997937.549283,-11.831,10.857,-0.01,0.014,257.547,261.886,254.813
1780997937.564336,-11.155,10.786,-0.01,0.014,257.701,261.714,254.819
1780997937.603393,-10.423,10.929,-0.009,0.014,257.923,261.547,254.756
1780997937.603782,-9.296,10.571,-0.007,0.014,258.144,261.189,254.865
1780997937.605271,-8.113,10.5,-0.006,0.014,258.439,260.88,254.865
1780997937.620265,-7.831,9.929,-0.006,0.013,258.399,260.711,255.055
1780997937.635041,-6.31,9.571,-0.004,0.013,258.762,260.223,255.158
1780997937.646678,-4.958,8.786,-0.002,0.012,258.991,259.726,255.4
1780997937.661671,-4.958,8.786,-0.002,0.012,258.991,259.726,255.4
1780997937.6766238,-2.817,7.786,0.001,0.01,259.46,258.907,255.728
1780997937.687652,-1.69,7.643,0.003,0.01,259.714,258.658,255.727
1780997937.7028859,-0.113,7.5,0.004,0.01,260.107,258.265,255.736
1780997937.717797,0.901,7.714,0.005,0.011,260.325,258.182,255.615
1780997937.7293272,1.634,7.5,0.006,0.01,260.433,258.032,255.659
1780997937.744054,3.211,7.429,0.008,0.01,260.804,257.692,255.647
1780997937.758921,4.394,7.143,0.009,0.01,261.007,257.431,255.713
1780997937.770224,5.296,6.571,0.01,0.009,261.112,257.155,255.887
1780997937.7852852,6.704,6.429,0.011,0.009,261.436,256.849,255.892
1780997937.8251991,8.282,5.786,0.013,0.008,261.72,256.398,256.082
1780997937.825614,9.577,5.643,0.014,0.008,262.009,256.121,256.097
1780997937.8270988,9.746,5.714,0.014,0.009,262.003,256.176,256.048
1780997937.838135,11.887,5.857,0.017,0.009,262.64,255.693,255.962
1780997937.853164,12.958,5.357,0.018,0.008,262.777,255.412,256.125
1780997937.868119,14.535,5.214,0.02,0.008,263.168,255.046,256.151
1780997937.879256,14.873,5.571,0.02,0.009,263.314,255.05,256.018
1780997937.894209,16.056,4.929,0.021,0.008,263.461,254.727,256.219
1780997937.909424,17.296,5.0,0.023,0.008,263.787,254.494,256.174
1780997937.921271,18.423,4.857,0.024,0.008,264.033,254.249,256.211
1780997937.9362838,18.704,5.071,0.024,0.008,264.097,254.277,256.128
1780997937.951348,20.0,4.786,0.025,0.008,264.389,253.949,256.215
1780997937.962614,21.239,4.857,0.027,0.008,264.737,253.702,256.174
1780997937.977609,22.254,4.429,0.028,0.007,264.904,253.437,256.309
1780997937.992568,22.535,4.5,0.028,0.008,264.953,253.431,256.273
1780997938.003925,23.155,4.929,0.029,0.008,265.203,253.381,256.112
1780997938.044395,24.113,4.143,0.03,0.007,265.286,253.062,256.378
1780997938.044849,24.563,4.786,0.03,0.008,265.519,253.096,256.145
1780997938.045183,24.958,4.643,0.031,0.008,265.57,253.01,256.194
1780997938.059823,25.634,4.714,0.031,0.008,265.742,252.893,256.172
1780997938.0717728,25.803,4.786,0.031,0.008,265.744,252.914,256.148
1780997938.0866408,26.366,5.0,0.032,0.008,265.929,252.836,256.076
1780997938.101707,26.479,4.786,0.032,0.008,265.887,252.797,256.153
1780997938.112788,26.592,5.0,0.032,0.008,265.922,252.838,256.08
1780997938.127674,26.761,4.357,0.032,0.007,265.812,252.712,256.305
1780997938.1429498,27.549,1.786,0.033,0.003,265.55,252.078,257.206
1780997938.154125,28.676,-0.857,0.035,-0.0,265.404,251.396,258.081
1780997938.169129,30.254,-5.0,0.037,-0.006,265.115,250.441,259.418
1780997938.184119,32.451,-9.286,0.04,-0.012,265.045,249.36,260.754
1780997938.199051,34.648,-13.857,0.043,-0.018,264.905,248.232,262.271
1780997938.210284,36.901,-18.286,0.046,-0.024,264.812,247.166,263.726
1780997938.225109,38.366,-20.929,0.048,-0.027,264.797,246.497,264.631
1780997938.26471,40.507,-24.643,0.05,-0.032,264.808,245.631,265.804
1780997938.265107,42.423,-28.357,0.052,-0.035,264.753,244.968,266.799
1780997938.2666922,44.394,-31.429,0.055,-0.039,264.832,244.265,267.739
1780997938.281616,45.465,-33.214,0.056,-0.041,264.845,243.859,268.33
1780997938.296593,46.986,-35.714,0.058,-0.044,264.866,243.245,269.243
1780997938.3113542,48.282,-37.786,0.059,-0.045,264.907,243.002,269.575
1780997938.322588,48.282,-37.786,0.059,-0.045,264.907,243.002,269.575
1780997938.337692,50.592,-39.643,0.061,-0.046,265.329,242.508,269.885
1780997938.352749,51.549,-40.143,0.062,-0.046,265.548,242.394,269.823
1780997938.367604,51.944,-40.0,0.062,-0.045,265.697,242.486,269.515
1780997938.3787122,52.845,-40.0,0.063,-0.044,265.989,242.407,269.323
1780997938.393892,53.577,-39.5,0.064,-0.043,266.341,242.363,269.015
1780997938.4087949,54.197,-38.286,0.064,-0.041,266.736,242.545,268.321
1780997938.423993,54.141,-37.5,0.064,-0.039,266.818,242.749,267.926
1780997938.435385,54.085,-35.214,0.063,-0.036,267.195,243.159,266.936
1780997938.450099,53.859,-33.714,0.063,-0.034,267.371,243.448,266.341
1780997938.4894688,53.296,-31.214,0.062,-0.03,267.61,243.94,265.408
1780997938.489883,52.901,-28.857,0.061,-0.027,267.888,244.334,264.597
1780997938.491912,51.662,-26.5,0.059,-0.024,267.912,244.968,263.711
1780997938.506712,50.93,-23.143,0.058,-0.019,268.312,245.561,262.565
1780997938.5216482,50.873,-22.0,0.058,-0.018,268.509,245.693,262.22
1780997938.536523,49.239,-17.929,0.055,-0.012,268.761,246.667,260.766
1780997938.547599,47.944,-13.786,0.054,-0.006,269.156,247.552,259.356
1780997938.5624268,47.211,-11.286,0.053,-0.003,269.388,248.026,258.605
1780997938.577436,45.746,-8.643,0.051,0.001,269.362,248.714,257.825
1780997938.5921211,44.169,-5.357,0.048,0.005,269.444,249.527,256.839
1780997938.603401,42.31,-1.143,0.046,0.011,269.629,250.56,255.563
1780997938.61833,40.958,2.214,0.044,0.015,269.813,251.307,254.628
1780997938.633235,37.746,7.571,0.04,0.02,269.63,252.539,253.492
1780997938.644511,36.225,10.071,0.038,0.023,269.563,253.208,252.868
1780997938.659508,33.915,12.714,0.036,0.025,269.177,253.778,252.586
1780997938.674494,31.211,16.357,0.033,0.028,268.907,254.686,251.903
1780997938.71393,28.732,19.286,0.03,0.03,268.596,255.452,251.402
1780997938.7142951,26.986,20.929,0.028,0.031,268.307,255.96,251.138
1780997938.7161229,24.282,23.714,0.025,0.034,267.934,256.826,250.616
1780997938.727186,23.099,24.857,0.024,0.035,267.757,257.247,250.366
1780997938.742126,15.662,28.857,0.013,0.04,265.902,260.002,249.341
1780997938.756953,17.634,29.857,0.017,0.041,266.919,259.337,249.151
1780997938.7681658,15.775,31.429,0.015,0.043,266.602,260.049,248.782
1780997938.782876,12.225,34.571,0.01,0.047,266.061,261.404,248.065
1780997938.797871,8.676,37.0,0.005,0.05,265.328,262.867,247.446
1780997938.8088372,7.718,37.714,0.005,0.05,265.202,263.098,247.359
1780997938.8237681,7.718,37.714,0.005,0.05,265.202,263.098,247.359
1780997938.8386612,1.972,40.714,-0.003,0.054,263.935,265.214,246.71
1780997938.8498938,1.972,40.714,-0.003,0.054,263.935,265.214,246.71
1780997938.864533,-3.38,42.143,-0.009,0.055,262.584,266.903,246.524
1780997938.879297,-4.62,42.429,-0.011,0.055,262.334,267.144,246.548
1780997938.894312,-14.028,42.571,-0.024,0.054,259.366,270.563,246.604
1780997938.9342341,-10.761,42.143,-0.017,0.053,260.671,268.524,246.906
1780997938.9345531,-13.803,41.786,-0.021,0.052,259.741,269.376,247.084
1780997938.935134,-16.282,41.643,-0.023,0.051,259.325,269.578,247.291
1780997938.950135,-18.141,40.357,-0.025,0.049,258.628,269.806,247.723
1780997938.961958,-20.451,39.143,-0.026,0.046,258.085,269.852,248.155
1780997938.977011,-22.141,37.071,-0.028,0.043,257.437,269.728,248.802
1780997938.99179,-23.493,35.929,-0.028,0.041,257.065,269.729,249.129
1780997939.006986,-24.732,35.143,-0.029,0.04,256.776,269.804,249.334
1780997939.018131,-27.324,32.286,-0.032,0.036,255.728,269.974,250.167
1780997939.033043,-28.225,30.5,-0.033,0.034,255.39,269.744,250.639
1780997939.047958,-29.915,27.357,-0.035,0.03,254.591,269.552,251.528
1780997939.063182,-31.493,24.643,-0.036,0.026,253.906,269.449,252.263
1780997939.074333,-32.0,23.143,-0.036,0.025,253.744,269.224,252.585
1780997939.089505,-33.014,20.0,-0.037,0.021,253.248,268.827,253.37
1780997939.1043541,-33.69,16.857,-0.037,0.017,252.824,268.364,254.149
1780997939.119309,-34.028,13.643,-0.037,0.013,252.38,267.791,255.051
1780997939.16078,-34.423,10.643,-0.037,0.009,251.966,267.327,255.855
1780997939.161191,-34.423,10.643,-0.037,0.009,251.966,267.327,255.855
1780997939.1615229,-34.873,5.357,-0.037,0.003,251.266,266.465,257.318
1780997939.174956,-34.986,4.571,-0.037,0.002,251.197,266.384,257.463
1780997939.186763,-34.085,-0.286,-0.036,-0.004,250.842,265.149,258.929
1780997939.201716,-34.141,-3.429,-0.036,-0.007,250.557,264.731,259.63
1780997939.2169092,-33.803,-4.571,-0.035,-0.008,250.541,264.445,259.909
1780997939.232171,-33.465,-8.286,-0.034,-0.012,250.245,263.789,260.867
1780997939.2431061,-32.563,-11.071,-0.033,-0.015,250.216,263.146,261.517
1780997939.258059,-31.944,-13.357,-0.032,-0.017,250.167,262.703,262.009
1780997939.273122,-30.535,-16.071,-0.03,-0.02,250.198,261.842,262.834
1780997939.2882628,-29.296,-17.929,-0.029,-0.021,250.345,261.323,263.187
1780997939.303231,-28.958,-19.571,-0.028,-0.023,250.243,261.135,263.509
1780997939.3180459,-27.662,-20.857,-0.026,-0.024,250.415,260.536,263.927
1780997939.32945,-26.592,-21.786,-0.025,-0.025,250.587,260.176,264.096
1780997939.344456,-24.563,-23.571,-0.022,-0.027,250.867,259.368,264.625
1780997939.3829498,-22.592,-24.5,-0.02,-0.027,251.247,258.843,264.729
1780997939.3834,-20.394,-25.643,-0.017,-0.028,251.626,258.205,264.97
1780997939.389293,-18.197,-25.643,-0.015,-0.028,252.168,257.772,264.781
1780997939.400917,-16.056,-25.571,-0.012,-0.027,252.684,257.358,264.615
1780997939.416029,-14.817,-25.357,-0.011,-0.026,252.99,257.166,264.458
1780997939.431104,-12.732,-24.857,-0.008,-0.025,253.576,256.762,264.209
1780997939.446035,-10.704,-24.357,-0.006,-0.024,254.077,256.444,263.972
1780997939.461173,-8.507,-23.643,-0.003,-0.023,254.72,256.032,263.683
1780997939.472258,-6.085,-22.071,-0.001,-0.021,255.49,255.771,263.088
1780997939.487375,-4.845,-20.786,0.0,-0.019,255.925,255.744,262.626
1780997939.5022368,-1.239,-18.643,0.005,-0.016,257.124,255.208,261.9
1780997939.517249,0.225,-17.429,0.007,-0.015,257.695,255.039,261.474
1780997939.528477,2.028,-16.429,0.009,-0.013,258.328,254.734,261.142
1780997939.543482,5.07,-13.0,0.013,-0.009,259.535,254.601,260.045
1780997939.558166,6.761,-11.643,0.015,-0.007,260.201,254.388,259.613
1780997939.5923672,9.746,-7.571,0.018,-0.001,261.668,254.29,258.304
1780997939.592839,11.211,-6.214,0.02,0.0,262.253,254.142,257.917
1780997939.5989451,11.211,-6.214,0.02,0.0,262.253,254.142,257.917
1780997939.6138299,15.042,-1.571,0.025,0.007,264.104,253.911,256.501
1780997939.6250508,16.732,0.357,0.027,0.009,264.884,253.793,255.955
1780997939.6401129,19.887,4.0,0.031,0.013,266.316,253.591,254.976
1780997939.654974,22.31,6.643,0.033,0.016,267.093,253.462,254.486
1780997939.666686,23.718,8.071,0.034,0.017,267.717,253.335,254.127
1780997939.681588,25.972,10.643,0.037,0.021,268.93,253.154,253.389
1780997939.6968231,27.775,13.643,0.038,0.024,269.605,253.255,252.791
1780997939.708094,29.296,16.071,0.04,0.026,270.319,253.278,252.255
1780997939.723047,30.817,19.071,0.041,0.029,271.014,253.412,251.638
1780997939.737925,32.282,21.286,0.042,0.031,271.756,253.393,251.151
1780997939.749141,32.958,23.214,0.042,0.033,272.133,253.548,250.749
1780997939.7640178,34.535,25.214,0.044,0.035,272.949,253.442,250.316
1780997939.779083,35.718,26.929,0.045,0.037,273.545,253.407,249.969
1780997939.819082,36.845,29.071,0.046,0.039,274.089,253.465,249.573
1780997939.8194509,37.127,29.214,0.046,0.039,274.097,253.414,249.616
1780997939.820974,38.479,30.786,0.047,0.04,274.668,253.309,249.364
1780997939.8320918,39.099,32.286,0.048,0.041,274.958,253.4,249.103
1780997939.8471968,39.549,33.571,0.048,0.043,275.184,253.494,248.879
1780997939.862238,39.775,34.571,0.048,0.043,275.287,253.591,248.727
1780997939.8734221,39.549,34.786,0.047,0.043,275.091,253.689,248.753
1780997939.888565,39.606,34.857,0.047,0.043,274.973,253.674,248.837
1780997939.903594,39.38,35.0,0.046,0.043,274.793,253.75,248.875
1780997939.9187388,38.93,35.143,0.046,0.043,274.56,253.891,248.884
1780997939.9300349,38.761,34.214,0.045,0.041,274.227,253.771,249.2
1780997939.9449332,38.085,34.071,0.044,0.041,273.897,253.926,249.259
1780997939.959923,37.69,33.5,0.044,0.04,273.59,253.938,249.439
1780997939.971722,35.944,31.5,0.041,0.037,272.447,254.084,250.033
1780997939.986897,34.535,29.857,0.04,0.035,271.613,254.192,250.482
1780997940.002122,33.521,29.214,0.038,0.034,271.154,254.355,250.637
1780997940.0415092,32.169,27.429,0.037,0.032,270.384,254.411,251.113
1780997940.041941,31.099,25.857,0.035,0.03,269.738,254.438,251.542
1780997940.043063,29.69,24.143,0.034,0.028,269.039,254.53,251.956
1780997940.054276,29.183,23.643,0.033,0.027,268.812,254.583,252.071
1780997940.0692558,28.0,22.0,0.032,0.025,268.164,254.629,252.507
1780997940.084225,25.972,18.643,0.029,0.021,266.956,254.623,253.435
1780997940.0960991,24.169,16.857,0.027,0.019,266.212,254.816,253.831
1780997940.111197,22.535,14.5,0.025,0.016,265.428,254.858,254.422
1780997940.126196,21.07,13.357,0.023,0.015,264.768,255.086,254.74
1780997940.141315,19.718,11.0,0.022,0.012,264.152,255.034,255.311
1780997940.152598,16.845,8.286,0.018,0.008,262.829,255.388,256.103
1780997940.1675,15.211,6.286,0.017,0.006,262.247,255.474,256.536
1780997940.1823292,13.69,5.0,0.015,0.005,261.719,255.667,256.819
1780997940.193583,11.549,2.643,0.012,0.002,260.672,255.881,257.576
1780997940.2083871,10.366,1.071,0.011,0.0,260.252,255.909,257.946
1780997940.223146,8.056,-0.286,0.008,-0.001,259.379,256.347,258.34
1780997940.2643032,6.761,-1.857,0.006,-0.003,258.818,256.43,258.81
1780997940.264693,4.056,-4.857,0.002,-0.008,257.571,256.691,259.808
1780997940.265016,1.408,-6.714,-0.001,-0.009,256.757,257.091,260.242
1780997940.2751071,-0.732,-8.143,-0.004,-0.011,256.023,257.449,260.652
1780997940.289988,-1.183,-9.143,-0.004,-0.012,255.888,257.355,260.898
1780997940.3051069,-3.437,-11.571,-0.006,-0.015,255.124,257.523,261.562
1780997940.320163,-5.408,-12.429,-0.008,-0.015,254.857,257.836,261.526
1780997940.332128,-7.155,-13.357,-0.009,-0.015,254.58,258.074,261.583
1780997940.346875,-8.845,-14.071,-0.01,-0.015,254.3,258.342,261.615
1780997940.361821,-10.761,-14.714,-0.013,-0.016,253.83,258.74,261.73
1780997940.376655,-11.606,-15.0,-0.013,-0.016,253.73,258.86,261.718
1780997940.3915179,-11.606,-15.0,-0.013,-0.016,253.73,258.86,261.718
1780997940.402655,-14.31,-15.714,-0.017,-0.016,253.019,259.488,261.881
1780997940.4176068,-14.31,-15.714,-0.017,-0.016,253.019,259.488,261.881
1780997940.4324322,-17.408,-15.214,-0.021,-0.015,252.416,260.447,261.594
1780997940.472369,-18.366,-14.929,-0.022,-0.014,252.288,260.738,261.447
1780997940.472834,-19.775,-14.143,-0.023,-0.013,252.197,261.19,261.098
1780997940.477277,-20.732,-13.571,-0.024,-0.012,252.175,261.452,260.863
1780997940.488461,-21.634,-12.571,-0.024,-0.01,252.279,261.725,260.475
1780997940.503215,-22.366,-11.714,-0.024,-0.009,252.363,261.937,260.174
1780997940.5181289,-22.254,-11.214,-0.024,-0.008,252.518,261.934,260.0
1780997940.533029,-23.662,-8.857,-0.026,-0.005,252.569,262.742,259.175
1780997940.548245,-23.493,-6.786,-0.025,-0.002,253.024,262.886,258.54
1780997940.559402,-23.831,-5.929,-0.025,-0.001,253.087,263.045,258.324
1780997940.574442,-24.0,-4.357,-0.025,0.0,253.309,263.252,257.895
1780997940.589462,-23.775,-2.071,-0.024,0.003,253.735,263.481,257.235
1780997940.6045172,-23.831,-0.357,-0.024,0.005,253.961,263.71,256.793
1780997940.6160882,-23.493,1.857,-0.023,0.008,254.373,263.907,256.194
1780997940.631372,-23.549,2.643,-0.023,0.009,254.464,264.044,255.982
1780997940.6461492,-22.93,5.429,-0.022,0.012,255.021,264.271,255.223
1780997940.6864698,-22.873,6.929,-0.022,0.014,255.185,264.442,254.914
1780997940.686847,-21.746,8.357,-0.021,0.016,255.734,264.299,254.492
1780997940.68736,-20.845,10.786,-0.019,0.018,256.275,264.386,253.895
1780997940.7023418,-20.563,12.214,-0.019,0.02,256.505,264.529,253.555
1780997940.713341,-19.662,13.214,-0.018,0.021,256.8,264.35,253.422
1780997940.7285051,-18.366,15.357,-0.016,0.024,257.527,264.312,252.773
1780997940.743419,-17.296,17.071,-0.015,0.025,257.961,264.244,252.429
1780997940.75845,-16.0,18.857,-0.013,0.027,258.483,264.129,252.048
1780997940.769974,-14.873,19.929,-0.012,0.028,258.825,263.951,251.886
1780997940.7851079,-14.085,21.214,-0.011,0.029,259.176,263.94,251.582
1780997940.800095,-12.732,22.714,-0.01,0.031,259.683,263.783,251.265
1780997940.814991,-11.155,23.0,-0.008,0.031,260.042,263.322,251.325
1780997940.82726,-10.141,24.286,-0.006,0.032,260.481,263.261,250.997
1780997940.841922,-7.887,25.286,-0.004,0.033,261.191,262.756,250.806
1780997940.8565829,-6.648,25.286,-0.002,0.033,261.455,262.392,250.882
1780997940.871687,-5.07,26.786,-0.0,0.035,262.053,262.248,250.503
1780997940.9107451,-3.099,26.929,0.005,0.033,262.954,260.937,250.858
1780997940.911167,-3.099,26.929,0.005,0.033,262.954,260.937,250.858
1780997940.912319,0.507,27.0,0.009,0.033,263.971,260.016,250.824
1780997940.9233868,0.507,27.0,0.009,0.033,263.971,260.016,250.824
1780997940.938349,3.437,26.929,0.013,0.033,264.863,259.183,250.842
1780997940.9531431,3.493,26.786,0.013,0.033,264.704,259.278,250.883
1780997940.964295,3.493,26.786,0.013,0.033,264.704,259.278,250.883
1780997940.979199,7.493,26.286,0.017,0.032,265.748,258.19,251.032
1780997940.994396,9.239,25.857,0.019,0.031,266.011,257.837,251.144
1780997941.006263,11.042,24.929,0.021,0.03,266.212,257.369,251.414
1780997941.021358,12.0,24.0,0.021,0.029,266.13,257.149,251.677
1780997941.03633,13.521,23.429,0.022,0.028,266.276,256.896,251.798
1780997941.0474188,14.873,22.5,0.023,0.027,266.339,256.591,252.032
1780997941.062465,16.338,21.214,0.024,0.025,266.472,256.087,252.401
1780997941.077687,17.521,19.643,0.025,0.023,266.399,255.714,252.812
1780997941.088941,18.817,18.714,0.027,0.022,266.589,255.331,253.032
1780997941.130202,20.056,17.357,0.028,0.021,266.628,254.958,253.363
1780997941.130574,20.394,17.0,0.028,0.021,266.638,254.871,253.44
1780997941.130889,22.479,14.929,0.031,0.018,266.89,254.065,254.038
1780997941.144773,23.042,13.214,0.031,0.016,266.663,253.78,254.505
1780997941.159762,23.775,12.5,0.031,0.015,266.702,253.67,254.586
1780997941.171637,25.014,11.143,0.032,0.014,266.805,253.286,254.895
1780997941.186698,25.803,9.714,0.033,0.012,266.737,253.008,255.236
1780997941.2016551,26.479,8.214,0.034,0.01,266.643,252.683,255.651
1780997941.212922,27.155,6.929,0.034,0.009,266.601,252.446,255.934
1780997941.228181,27.775,5.429,0.035,0.007,266.5,252.178,256.301
1780997941.2432451,28.225,3.714,0.035,0.005,266.303,251.915,256.746
1780997941.254418,28.451,2.0,0.035,0.004,266.047,251.709,257.185
1780997941.269515,28.62,1.357,0.035,0.003,265.997,251.639,257.304
1780997941.284513,28.732,-0.5,0.035,0.001,265.689,251.42,257.808
1780997941.2964349,28.732,-1.929,0.035,-0.001,265.447,251.291,258.16
1780997941.3115609,28.507,-3.714,0.035,-0.003,265.05,251.16,258.656
1780997941.3503602,28.451,-4.5,0.034,-0.004,264.921,251.106,258.831
1780997941.350734,28.563,-5.143,0.035,-0.004,264.909,251.048,258.907
1780997941.3522692,28.394,-6.071,0.034,-0.005,264.734,251.009,259.108
1780997941.3673768,28.394,-7.0,0.034,-0.006,264.617,250.915,259.321
1780997941.382546,28.338,-8.214,0.034,-0.007,264.42,250.785,259.649
1780997941.3970041,28.338,-8.214,0.034,-0.007,264.42,250.785,259.649
1780997941.408231,28.338,-8.214,0.034,-0.007,264.42,250.785,259.649
1780997941.4232068,26.986,-9.929,0.032,-0.009,263.668,250.915,260.194
1780997941.4383218,26.423,-10.286,0.032,-0.009,263.524,251.039,260.184
1780997941.449365,26.085,-10.714,0.031,-0.01,263.391,251.073,260.269
1780997941.464492,25.408,-11.0,0.03,-0.01,263.208,251.222,260.269
1780997941.479479,24.901,-11.286,0.03,-0.01,263.043,251.31,260.323
1780997941.494474,23.775,-11.143,0.028,-0.009,262.796,251.623,260.197
1780997941.506339,22.93,-11.143,0.027,-0.009,262.607,251.818,260.152
1780997941.5213,21.972,-10.571,0.026,-0.008,262.49,252.126,259.913
1780997941.536267,21.296,-10.214,0.025,-0.008,262.36,252.354,259.777
1780997941.577814,19.662,-9.857,0.023,-0.007,261.979,252.786,259.656
1780997941.578212,19.099,-9.143,0.023,-0.006,261.996,252.995,259.405
1780997941.57856,17.296,-7.786,0.02,-0.004,261.75,253.614,258.956
1780997941.592271,15.775,-6.929,0.019,-0.003,261.502,254.062,258.706
1780997941.607316,15.099,-6.214,0.018,-0.002,261.473,254.282,258.496
1780997941.618378,13.859,-5.0,0.017,-0.001,261.377,254.703,258.138
1780997941.633143,13.183,-4.5,0.016,-0.0,261.298,254.886,258.019
1780997941.648242,11.38,-2.429,0.013,0.003,261.122,255.73,257.307
1780997941.659324,10.592,-1.429,0.013,0.004,261.105,255.996,257.051
1780997941.674521,9.07,0.071,0.011,0.006,260.934,256.576,256.624
1780997941.6896079,7.662,1.714,0.009,0.008,260.86,257.055,256.217
1780997941.701448,6.366,3.143,0.008,0.01,260.752,257.557,255.825
1780997941.716201,4.676,4.286,0.006,0.011,260.463,258.117,255.55
1780997941.7275891,3.437,6.5,0.005,0.013,260.541,258.65,254.973
1780997941.7427058,2.028,7.286,0.003,0.014,260.276,259.071,254.821
1780997941.757567,0.676,9.143,0.002,0.016,260.25,259.597,254.358
1780997941.7971041,0.169,10.357,0.001,0.018,260.334,259.903,254.004
1780997941.797493,-1.577,11.857,-0.001,0.019,260.102,260.492,253.683
1780997941.7982929,-2.535,13.286,-0.002,0.021,260.114,260.828,253.374
1780997941.813262,-2.535,13.286,-0.002,0.021,260.114,260.828,253.374
1780997941.8245592,-5.127,15.286,-0.005,0.023,259.683,261.895,252.833
1780997941.839635,-5.746,16.786,-0.005,0.025,259.824,262.112,252.522
1780997941.85479,-7.155,17.929,-0.007,0.026,259.644,262.554,252.308
1780997941.866596,-8.338,18.786,-0.008,0.027,259.483,262.889,252.173
1780997941.881387,-9.014,19.929,-0.008,0.028,259.531,263.127,251.933
1780997941.896356,-9.014,19.929,-0.008,0.028,259.531,263.127,251.933
1780997941.91136,-10.873,21.286,-0.011,0.029,259.218,263.894,251.582
1780997941.922539,-11.606,21.357,-0.012,0.029,259.039,264.013,251.644
1780997941.937639,-11.718,21.357,-0.011,0.029,259.063,263.862,251.746
1780997941.952571,-11.831,21.071,-0.011,0.028,259.031,263.709,251.899
1780997941.967644,-11.493,20.714,-0.01,0.027,259.104,263.448,252.047
1780997942.008415,-10.986,22.071,-0.009,0.029,259.538,263.473,251.642
1780997942.0088608,-10.873,24.643,-0.009,0.033,260.029,263.883,250.883
1780997942.0092008,-9.803,29.071,-0.007,0.039,261.169,264.341,249.56
1780997942.023812,-8.958,32.786,-0.006,0.044,262.002,264.683,248.615
1780997942.0347672,-8.282,36.857,-0.005,0.05,262.883,265.189,247.536
1780997942.049802,-8.282,36.857,-0.005,0.05,262.883,265.189,247.536
1780997942.064708,-6.535,41.929,-0.003,0.056,264.214,265.449,246.328
1780997942.076433,-5.577,42.643,-0.001,0.056,264.598,265.206,246.22
1780997942.0913558,-4.845,45.929,-0.0,0.06,265.31,265.537,245.458
1780997942.106485,-4.394,47.0,0.0,0.061,265.581,265.556,245.249
1780997942.1215081,-3.493,49.143,0.001,0.063,266.023,265.569,244.924
1780997942.132743,-2.085,50.786,0.003,0.064,266.584,265.325,244.704
1780997942.147735,-1.634,52.5,0.003,0.066,266.831,265.47,244.429
1780997942.162807,-0.451,53.286,0.004,0.066,267.194,265.173,244.391
1780997942.17404,0.282,53.643,0.005,0.066,267.392,264.981,244.393
1780997942.1890109,1.07,53.786,0.006,0.066,267.516,264.744,244.48
1780997942.230552,2.141,53.429,0.007,0.064,267.666,264.331,244.679
1780997942.230999,3.437,52.571,0.009,0.063,267.871,263.749,244.968
1780997942.231322,3.944,52.0,0.009,0.062,267.842,263.527,245.152
1780997942.244985,4.676,50.929,0.01,0.06,267.812,263.139,245.465
1780997942.256682,5.634,49.5,0.011,0.058,267.835,262.575,245.88
1780997942.2717361,6.817,48.214,0.013,0.056,267.948,262.041,246.215
1780997942.283036,7.831,46.143,0.014,0.053,267.831,261.431,246.776
1780997942.297824,8.056,45.357,0.014,0.053,267.708,261.347,246.929
1780997942.312861,9.183,41.643,0.015,0.047,267.316,260.417,247.959
1780997942.324095,9.915,40.214,0.016,0.046,267.286,260.074,248.264
1780997942.339173,10.535,36.786,0.017,0.042,266.805,259.485,249.108
1780997942.354029,10.704,33.643,0.016,0.037,266.235,259.012,249.938
1780997942.368937,12.056,29.5,0.018,0.032,265.919,258.004,251.065
1780997942.3800719,12.563,25.929,0.019,0.027,265.393,257.308,252.107
1780997942.394956,12.845,24.429,0.019,0.025,265.23,257.066,252.461
1780997942.409856,13.352,20.5,0.02,0.02,264.651,256.331,253.622
1780997942.4496908,4.62,15.786,0.006,0.014,260.87,258.444,254.869
1780997942.45014,14.535,11.643,0.021,0.01,263.686,254.986,255.759
1780997942.451382,14.535,11.643,0.021,0.01,263.686,254.986,255.759
1780997942.462463,15.775,8.071,0.023,0.005,263.458,254.135,256.834
1780997942.477443,16.338,3.143,0.023,-0.001,262.805,253.424,258.178
1780997942.492346,17.07,0.0,0.024,-0.005,262.504,252.826,259.112
1780997942.503367,17.972,-5.929,0.025,-0.012,261.809,251.889,260.843
1780997942.518413,17.972,-5.929,0.025,-0.012,261.809,251.889,260.843
1780997942.5332322,18.366,-12.286,0.025,-0.02,260.896,251.053,262.758
1780997942.5485709,18.31,-17.143,0.025,-0.026,260.047,250.438,264.425
1780997942.559432,18.479,-18.571,0.025,-0.027,259.943,250.317,264.693
1780997942.574303,19.099,-22.786,0.026,-0.033,259.457,249.627,266.139
1780997942.58921,19.268,-23.5,0.026,-0.033,259.49,249.622,266.108
1780997942.604116,19.437,-27.571,0.026,-0.037,258.998,249.225,267.213
1780997942.615916,19.662,-29.643,0.026,-0.039,258.788,248.974,267.81
1780997942.630833,19.437,-30.357,0.026,-0.038,258.781,249.171,267.544
1780997942.671799,19.493,-31.643,0.026,-0.038,258.732,249.164,267.613
1780997942.6721861,19.268,-32.5,0.025,-0.037,258.714,249.341,267.389
1780997942.67253,19.155,-32.357,0.025,-0.036,258.767,249.462,267.161
1780997942.686293,19.155,-32.357,0.025,-0.036,258.767,249.462,267.161
1780997942.701386,19.155,-32.357,0.025,-0.036,258.767,249.462,267.161
1780997942.716348,17.915,-32.286,0.023,-0.035,258.508,249.915,266.852
1780997942.7275589,17.577,-31.714,0.023,-0.033,258.653,250.196,266.308
1780997942.7427242,16.901,-30.357,0.022,-0.03,258.796,250.652,265.543
1780997942.757675,16.676,-29.286,0.021,-0.028,258.997,250.895,265.004
1780997942.772831,16.113,-27.786,0.021,-0.026,259.113,251.29,264.373
1780997942.784085,15.831,-25.5,0.02,-0.023,259.468,251.692,263.487
1780997942.799032,15.437,-22.929,0.02,-0.019,259.819,252.169,262.537
1780997942.8136709,15.155,-19.643,0.019,-0.014,260.338,252.755,261.311
1780997942.828737,14.761,-17.143,0.019,-0.01,260.66,253.233,260.44
1780997942.839821,15.38,-16.357,0.02,-0.009,260.982,253.125,260.243
1780997942.854762,14.366,-11.786,0.019,-0.004,261.4,253.997,258.873
1780997942.896288,13.859,-11.214,0.018,-0.003,261.299,254.175,258.777
1780997942.8966558,12.338,-6.643,0.016,0.003,261.755,255.104,257.365
1780997942.896971,12.676,-2.929,0.017,0.007,262.478,255.483,256.319
1780997942.911228,10.761,0.429,0.014,0.011,262.355,256.476,255.438
1780997942.926068,10.93,4.429,0.015,0.016,263.09,256.938,254.349
1780997942.9372742,10.31,5.929,0.014,0.018,263.103,257.299,253.994
1780997942.9520488,8.113,11.143,0.011,0.025,263.245,258.691,252.586
1780997942.963223,8.056,12.357,0.011,0.026,263.406,258.803,252.351
1780997942.978199,6.366,16.786,0.008,0.032,263.639,260.037,251.073
1780997942.993265,5.69,17.429,0.008,0.032,263.468,260.225,251.048
1780997943.004417,3.887,22.071,0.005,0.037,263.609,261.234,250.081
1780997943.0194151,3.718,23.429,0.005,0.038,263.774,261.402,249.811
1780997943.034326,3.718,25.857,0.006,0.04,264.164,261.583,249.355
1780997943.046219,2.141,29.0,0.004,0.044,264.135,262.453,248.675
1780997943.061367,2.028,30.429,0.004,0.045,264.292,262.505,248.512
1780997943.076149,1.296,33.0,0.003,0.047,264.462,263.021,247.975
1780997943.116508,0.901,35.143,0.003,0.049,264.638,263.247,247.666
1780997943.1169431,0.394,36.357,0.003,0.05,264.633,263.459,247.506
1780997943.11727,-0.113,37.286,0.002,0.05,264.578,263.637,247.41
1780997943.1279721,-0.113,37.286,0.002,0.05,264.578,263.637,247.41
1780997943.142963,-1.746,38.857,-0.0,0.052,264.269,264.338,247.11
1780997943.1580439,-2.366,39.786,-0.001,0.052,264.193,264.48,247.06
1780997943.172977,-2.423,40.071,-0.0,0.052,264.214,264.345,247.146
1780997943.184099,-3.211,40.214,-0.001,0.051,263.959,264.54,247.193
1780997943.199095,-3.775,40.214,-0.002,0.051,263.775,264.584,247.3
1780997943.2140758,-4.056,40.286,-0.002,0.051,263.698,264.652,247.307
1780997943.225229,-4.056,40.286,-0.002,0.051,263.698,264.652,247.307
1780997943.2411861,-4.958,38.214,-0.003,0.047,263.01,264.474,247.975
1780997943.256011,-5.239,37.214,-0.003,0.046,262.798,264.29,248.282
1780997943.270889,-5.803,35.929,-0.004,0.044,262.442,264.18,248.648
1780997943.28214,-5.239,34.357,-0.003,0.042,262.415,263.65,249.083
1780997943.297261,-5.577,32.643,-0.003,0.039,262.03,263.438,249.561
1780997943.3287501,-5.69,30.643,-0.003,0.037,261.716,263.12,250.072
1780997943.3292558,-5.859,29.143,-0.003,0.035,261.445,262.921,250.458
1780997943.3384,-5.69,27.429,-0.003,0.033,261.292,262.599,250.849
1780997943.3535109,-5.521,24.571,-0.003,0.029,260.921,262.077,251.596
1780997943.3686862,-5.577,21.643,-0.003,0.026,260.471,261.638,252.357
1780997943.3795478,-5.577,19.214,-0.003,0.023,260.151,261.297,252.932
1780997943.394763,-5.239,17.5,-0.002,0.021,260.024,260.944,253.354
1780997943.409909,-5.183,14.429,-0.002,0.017,259.601,260.476,254.152
1780997943.424738,-5.014,11.357,-0.002,0.014,259.22,259.992,254.941
1780997943.43661,-4.845,10.214,-0.002,0.013,259.153,259.826,255.156
1780997943.451211,-4.338,6.929,-0.001,0.008,258.801,259.167,256.105
1780997943.4660711,-3.775,4.429,-0.0,0.005,258.61,258.654,256.78
1780997943.477279,-3.775,4.429,-0.0,0.005,258.61,258.654,256.78
1780997943.492296,-3.042,-0.429,0.001,-0.001,258.058,257.701,258.267
1780997943.5072289,-2.254,-4.143,0.002,-0.006,257.688,256.877,259.491
1780997943.51873,-1.521,-6.0,0.003,-0.007,257.743,256.609,259.716
1780997943.5585952,-1.127,-8.5,0.003,-0.009,257.553,256.302,260.24
1780997943.559058,-0.676,-11.429,0.004,-0.013,257.211,255.732,261.222
1780997943.563025,-0.225,-12.643,0.004,-0.014,257.225,255.56,261.398
1780997943.574063,1.352,-14.857,0.007,-0.017,257.357,254.79,262.118
1780997943.589159,1.521,-17.143,0.007,-0.02,257.07,254.539,262.722
1780997943.604173,1.803,-18.714,0.007,-0.02,256.982,254.444,262.93
1780997943.619023,2.366,-19.857,0.007,-0.021,257.041,254.298,263.035
1780997943.630101,2.366,-19.857,0.007,-0.021,257.041,254.298,263.035
1780997943.645816,2.366,-19.857,0.007,-0.021,257.041,254.298,263.035
1780997943.660029,3.831,-22.857,0.009,-0.025,257.01,253.511,264.003
1780997943.671745,4.958,-24.0,0.011,-0.026,257.174,253.07,264.35
1780997943.686804,5.521,-24.786,0.011,-0.026,257.239,252.935,264.442
1780997943.7019022,5.859,-24.786,0.012,-0.025,257.363,252.98,264.245
1780997943.7168179,6.817,-24.643,0.013,-0.024,257.695,252.907,263.958
1780997943.728096,7.549,-24.286,0.013,-0.023,257.964,252.903,263.663
1780997943.767062,8.282,-23.714,0.014,-0.022,258.272,252.868,263.364
1780997943.767423,9.014,-22.5,0.015,-0.02,258.66,252.959,262.833
1780997943.7688031,9.014,-22.5,0.015,-0.02,258.66,252.959,262.833
1780997943.78378,9.915,-19.571,0.016,-0.015,259.419,253.233,261.706
1780997943.798912,10.423,-17.643,0.016,-0.013,259.81,253.443,261.06
1780997943.813921,10.648,-15.857,0.016,-0.011,260.089,253.686,260.503
1780997943.825165,10.648,-13.714,0.016,-0.008,260.353,254.037,259.848
1780997943.8407109,11.437,-12.214,0.017,-0.006,260.853,254.047,259.346
1780997943.855029,12.0,-10.071,0.018,-0.003,261.286,254.204,258.758
1780997943.870029,12.563,-7.571,0.019,0.0,261.901,254.448,257.918
1780997943.881939,12.958,-4.786,0.019,0.004,262.366,254.741,257.182
1780997943.896908,13.408,-2.214,0.019,0.007,262.884,254.998,256.451
1780997943.91195,13.352,-0.357,0.019,0.009,263.084,255.271,255.996
1780997943.9230342,13.296,2.643,0.019,0.012,263.449,255.701,255.247
1780997943.938059,13.521,5.786,0.019,0.016,264.024,256.096,254.369
1780997943.9530282,13.465,8.429,0.019,0.019,264.325,256.441,253.786
1780997943.994761,14.028,10.143,0.02,0.021,264.806,256.523,253.313
1780997943.99522,14.31,12.214,0.02,0.023,265.102,256.662,252.941
1780997943.995574,14.479,14.857,0.02,0.026,265.57,256.993,252.259
1780997944.0061681,14.93,17.143,0.021,0.028,265.994,257.13,251.801
1780997944.021278,14.704,18.571,0.02,0.029,266.008,257.341,251.597
1780997944.036203,14.141,20.071,0.019,0.031,266.005,257.708,251.265
1780997944.0474088,14.535,22.214,0.02,0.034,266.505,257.888,250.722
1780997944.062449,14.423,23.857,0.02,0.035,266.697,258.135,250.359
1780997944.0774221,14.254,25.5,0.019,0.037,266.822,258.354,250.073
1780997944.092488,14.31,26.071,0.019,0.037,266.918,258.397,249.963
1780997944.103728,14.085,28.143,0.019,0.039,267.141,258.715,249.521
1780997944.1187131,13.859,29.571,0.019,0.041,267.242,258.924,249.268
1780997944.133825,14.028,30.286,0.019,0.041,267.358,258.893,249.21
1780997944.144913,13.465,30.857,0.018,0.041,267.188,259.084,249.17
1780997944.160061,13.296,31.286,0.018,0.041,267.176,259.16,249.114
1780997944.174678,12.958,31.929,0.018,0.042,267.14,259.309,249.012
1780997944.216744,12.958,31.929,0.018,0.042,267.129,259.284,249.042
1780997944.217111,12.0,31.571,0.016,0.041,266.687,259.476,249.203
1780997944.217404,11.775,32.0,0.016,0.042,266.698,259.602,249.087
1780997944.227384,11.211,31.643,0.015,0.041,266.437,259.641,249.248
1780997944.2425458,10.592,31.214,0.015,0.04,266.155,259.695,249.412
1780997944.257495,10.085,30.429,0.014,0.039,265.861,259.663,249.659
1780997944.268815,9.408,29.857,0.013,0.038,265.546,259.751,249.823
1780997944.283793,8.563,28.929,0.012,0.037,265.134,259.812,250.087
1780997944.298984,8.282,27.286,0.012,0.034,264.765,259.578,250.575
1780997944.310072,7.211,26.286,0.011,0.033,264.308,259.72,250.812
1780997944.3250391,6.535,24.929,0.01,0.031,263.884,259.678,251.187
1780997944.340679,6.592,23.429,0.01,0.029,263.75,259.378,251.558
1780997944.351799,6.028,22.143,0.01,0.028,263.433,259.331,251.858
1780997944.366716,6.028,22.143,0.01,0.028,263.433,259.331,251.858
1780997944.381599,4.732,19.071,0.008,0.024,262.494,259.197,252.759
1780997944.392735,4.394,16.857,0.008,0.021,262.125,258.936,253.309
1780997944.432585,4.113,14.571,0.007,0.018,261.709,258.635,253.946
1780997944.433024,3.268,12.643,0.006,0.016,261.19,258.598,254.438
1780997944.433609,2.986,11.071,0.006,0.014,260.936,258.441,254.812
1780997944.448582,2.986,11.071,0.006,0.014,260.936,258.441,254.812
1780997944.4634671,1.634,6.786,0.004,0.009,259.919,258.16,256.012
1780997944.474665,1.239,5.571,0.004,0.007,259.645,258.088,256.339
1780997944.4896069,0.507,3.5,0.003,0.005,259.264,258.013,256.774
1780997944.5016031,0.338,1.071,0.003,0.003,258.978,257.705,257.355
1780997944.5161111,-0.169,-1.0,0.003,0.001,258.636,257.568,257.827
1780997944.531219,-0.394,-1.571,0.002,0.0,258.524,257.559,257.946
1780997944.546057,-0.789,-5.071,0.002,-0.005,257.829,257.078,259.137
1780997944.557272,-0.901,-5.857,0.002,-0.005,257.803,257.037,259.206
1780997944.5722399,-1.577,-7.357,0.001,-0.007,257.463,257.036,259.557
1780997944.587167,-1.803,-9.357,0.001,-0.009,257.104,256.778,260.205
1780997944.5985851,-2.028,-11.214,0.001,-0.011,256.916,256.609,260.585
1780997944.6132832,-1.972,-12.357,0.001,-0.012,256.852,256.456,260.819
1780997944.6551979,-2.31,-13.5,0.001,-0.013,256.704,256.445,260.99
1780997944.65563,-2.423,-14.643,0.001,-0.013,256.607,256.35,261.198
1780997944.655981,-2.704,-15.214,0.0,-0.014,256.502,256.379,261.28
1780997944.6692932,-2.873,-16.5,0.0,-0.015,256.338,256.259,261.591
1780997944.684049,-3.268,-16.643,-0.0,-0.015,256.267,256.385,261.532
1780997944.699083,-3.268,-17.143,-0.0,-0.015,256.27,256.334,261.583
1780997944.7139819,-3.099,-17.143,0.0,-0.015,256.392,256.313,261.473
1780997944.725852,-3.155,-17.5,0.0,-0.015,256.36,256.29,261.533
1780997944.740843,-3.324,-17.143,-0.0,-0.014,256.395,256.417,261.355
1780997944.755876,-3.324,-16.786,-0.0,-0.013,256.479,256.487,261.188
1780997944.770571,-3.155,-16.714,0.0,-0.013,256.56,256.447,261.142
1780997944.7822258,-3.155,-16.286,0.0,-0.012,256.639,256.524,260.974
1780997944.796982,-2.704,-15.0,0.001,-0.011,256.994,256.608,260.503
1780997944.8118138,-2.704,-14.143,0.001,-0.009,257.123,256.753,260.212
1780997944.826921,-2.31,-12.857,0.001,-0.008,257.425,256.834,259.809
1780997944.868278,-1.859,-10.786,0.002,-0.005,257.871,257.038,259.136
1780997944.868665,-1.577,-9.5,0.002,-0.003,258.114,257.145,258.777
1780997944.869022,-1.183,-7.5,0.003,-0.001,258.512,257.341,258.179
1780997944.879331,-1.07,-6.214,0.003,0.001,258.678,257.487,257.866
1780997944.894218,-0.62,-5.5,0.004,0.001,258.886,257.441,257.708
1780997944.908876,-0.394,-4.786,0.004,0.002,259.055,257.486,257.498
1780997944.9238222,-0.113,-2.143,0.004,0.006,259.598,257.858,256.608
1780997944.934934,0.338,-0.214,0.005,0.008,259.996,258.016,256.079
1780997944.949791,0.338,0.357,0.005,0.009,260.049,258.094,255.955
1780997944.961708,0.732,3.214,0.005,0.012,260.549,258.406,255.196
1780997944.976762,1.239,4.786,0.006,0.014,260.846,258.451,254.884
1780997944.991851,1.352,6.5,0.006,0.016,261.105,258.673,254.443
1780997945.0032032,1.915,8.071,0.007,0.018,261.484,258.726,254.059
1780997945.01809,2.197,11.0,0.007,0.021,261.967,259.088,253.307
1780997945.032897,2.479,11.5,0.007,0.021,262.04,259.032,253.295
1780997945.044236,3.268,13.286,0.008,0.023,262.546,259.056,252.842
1780997945.086596,3.718,14.143,0.009,0.024,262.754,259.027,252.693
1780997945.086973,4.056,16.071,0.009,0.026,263.079,259.214,252.253
1780997945.087318,4.394,17.286,0.009,0.027,263.324,259.294,251.98
1780997945.100817,4.845,18.286,0.01,0.028,263.571,259.295,251.777
1780997945.115764,5.127,19.429,0.01,0.029,263.742,259.371,251.57
1780997945.126584,5.127,19.429,0.01,0.029,263.742,259.371,251.57
1780997945.141536,6.423,22.0,0.012,0.033,264.67,259.411,250.795
1780997945.1565409,6.366,22.5,0.012,0.034,264.678,259.507,250.705
1780997945.167902,6.986,23.571,0.013,0.034,264.916,259.457,250.562
1780997945.1828191,7.38,24.214,0.013,0.035,265.018,259.417,250.517
1780997945.19411,7.831,24.786,0.013,0.035,265.154,259.354,250.467
1780997945.209137,8.056,24.714,0.014,0.034,265.138,259.257,250.563
1780997945.224174,7.887,24.857,0.013,0.034,265.003,259.334,250.601
1780997945.236202,8.282,25.071,0.014,0.034,265.112,259.243,250.596
1780997945.251134,8.62,25.143,0.014,0.034,265.181,259.157,250.617
1780997945.265901,8.958,24.929,0.014,0.034,265.219,259.016,250.711
1780997945.308336,9.408,24.786,0.015,0.033,265.296,258.87,250.778
1780997945.308754,9.408,24.429,0.015,0.033,265.195,258.823,250.899
1780997945.309084,9.972,23.786,0.015,0.032,265.233,258.563,251.098
1780997945.318251,10.141,23.714,0.016,0.032,265.264,258.527,251.106
1780997945.3331919,10.197,22.5,0.016,0.03,265.022,258.337,251.466
1780997945.348385,10.085,21.5,0.015,0.029,264.784,258.241,251.741
1780997945.359464,10.028,20.429,0.015,0.027,264.567,258.114,252.029
1780997945.3745651,10.31,19.357,0.016,0.026,264.473,257.87,252.327
1780997945.389513,10.141,17.786,0.015,0.024,264.142,257.701,252.751
1780997945.4045959,10.028,16.571,0.015,0.022,263.918,257.581,253.047
1780997945.416379,9.859,15.071,0.015,0.021,263.63,257.43,253.426
1780997945.431745,9.634,13.929,0.014,0.019,263.377,257.343,253.72
1780997945.446683,9.746,12.214,0.015,0.017,263.164,257.07,254.159
1780997945.4577851,10.197,11.0,0.015,0.016,263.166,256.791,254.426
1780997945.472847,9.859,9.357,0.015,0.014,262.809,256.68,254.84
1780997945.484171,10.197,7.429,0.015,0.012,262.633,256.311,255.355
1780997945.526089,9.972,6.643,0.015,0.011,262.461,256.294,255.523
1780997945.5265028,9.803,5.214,0.015,0.009,262.217,256.172,255.861
1780997945.5268211,9.521,3.357,0.014,0.007,261.853,256.002,256.357
1780997945.5408409,9.521,2.286,0.014,0.006,261.71,255.864,256.627
1780997945.555938,9.352,0.5,0.014,0.004,261.414,255.68,257.087
1780997945.56692,9.07,-0.786,0.014,0.003,261.178,255.617,257.371
1780997945.581735,9.127,-1.643,0.014,0.002,261.1,255.496,257.568
1780997945.596652,9.127,-1.643,0.014,0.002,261.1,255.496,257.568
1780997945.607682,8.62,-5.214,0.013,-0.003,260.286,255.055,258.809
1780997945.622659,8.451,-6.0,0.013,-0.004,260.185,255.034,258.931
1780997945.637625,8.507,-6.929,0.013,-0.005,260.077,254.888,259.194
1780997945.648947,8.62,-8.571,0.013,-0.007,259.853,254.605,259.722
1780997945.663939,8.225,-10.0,0.013,-0.009,259.556,254.545,260.086
1780997945.6788301,7.887,-10.857,0.012,-0.009,259.438,254.583,260.163
1780997945.690022,7.268,-11.429,0.012,-0.009,259.264,254.735,260.174
1780997945.705154,7.493,-11.786,0.012,-0.009,259.347,254.643,260.19
1780997945.74671,7.042,-12.0,0.011,-0.009,259.265,254.782,260.12
1780997945.747116,6.648,-12.571,0.011,-0.009,259.124,254.825,260.217
1780997945.748178,6.141,-12.214,0.01,-0.008,259.106,255.047,259.993
1780997945.761735,6.085,-12.143,0.01,-0.008,259.159,255.073,259.91
1780997945.776736,6.31,-12.714,0.011,-0.009,259.155,254.906,260.096
1780997945.7916741,5.352,-12.643,0.009,-0.009,258.909,255.2,260.027
1780997945.802963,5.127,-12.571,0.009,-0.008,258.898,255.262,259.971
1780997945.818014,4.789,-12.5,0.009,-0.008,258.841,255.358,259.925
1780997945.858551,4.394,-12.357,0.008,-0.008,258.778,255.472,259.867
1780997945.858876,4.451,-11.714,0.009,-0.007,258.934,255.545,259.628
1780997945.859162,4.056,-11.143,0.008,-0.006,258.933,255.726,259.436
1780997945.874076,3.718,-10.143,0.008,-0.005,259.021,255.957,259.103
1780997945.889178,3.437,-9.286,0.007,-0.004,259.091,256.136,258.845
1780997945.900928,3.211,-8.0,0.007,-0.002,259.247,256.371,258.445
1780997945.915887,3.324,-7.429,0.007,-0.001,259.379,256.391,258.295
1780997945.930676,2.873,-6.286,0.007,0.0,259.422,256.661,257.975
1780997945.9630961,2.648,-5.429,0.007,0.001,259.493,256.833,257.731
1780997945.963437,2.648,-5.429,0.007,0.001,259.493,256.833,257.731
1780997945.971263,2.648,-5.429,0.007,0.001,259.493,256.833,257.731
1780997945.982562,2.085,-1.357,0.006,0.007,260.061,257.707,256.319
1780997945.997508,1.803,0.5,0.006,0.009,260.243,257.979,255.885
1780997946.008712,1.352,1.357,0.005,0.01,260.232,258.229,255.656
1780997946.0237088,1.07,3.143,0.005,0.012,260.403,258.495,255.245
1780997946.038826,1.127,4.714,0.005,0.014,260.647,258.623,254.901
1780997946.049897,0.845,6.357,0.005,0.016,260.794,258.888,254.522
1780997946.065721,0.789,7.714,0.005,0.017,260.982,259.076,254.18
1780997946.080808,0.845,9.214,0.005,0.019,261.207,259.213,253.855
1780997946.091959,0.845,10.929,0.005,0.021,261.456,259.418,253.45
1780997946.1068559,0.845,12.071,0.005,0.022,261.597,259.522,253.234
1780997946.121781,0.62,12.714,0.005,0.022,261.594,259.652,253.12
1780997946.1329138,0.451,13.5,0.004,0.023,261.644,259.79,252.953
1780997946.148211,0.338,14.571,0.004,0.024,261.743,259.935,252.738
1780997946.1895192,0.282,16.286,0.004,0.026,261.991,260.186,252.306
1780997946.189905,-0.056,16.929,0.004,0.027,261.959,260.362,252.179
1780997946.190248,0.056,17.857,0.004,0.027,262.124,260.416,251.993
1780997946.204195,-0.113,18.571,0.004,0.028,262.156,260.532,251.865
1780997946.2159622,0.0,19.071,0.004,0.028,262.245,260.525,251.796
1780997946.2310028,0.0,19.357,0.004,0.029,262.274,260.542,251.757
1780997946.2422452,0.451,20.214,0.005,0.029,262.545,260.512,251.557
1780997946.257289,0.338,20.786,0.005,0.03,262.566,260.622,251.445
1780997946.272251,0.282,20.857,0.004,0.03,262.519,260.62,251.486
1780997946.28335,0.282,20.786,0.004,0.03,262.484,260.589,251.541
1780997946.2987561,0.394,21.214,0.005,0.03,262.581,260.613,251.441
1780997946.313565,0.507,20.714,0.005,0.029,262.499,260.469,251.633
1780997946.324703,0.394,20.714,0.005,0.029,262.449,260.5,251.648
1780997946.339679,0.62,20.929,0.005,0.029,262.56,260.468,251.584
1780997946.35463,0.789,20.071,0.005,0.028,262.446,260.257,251.861
1780997946.366373,0.958,19.429,0.005,0.027,262.378,260.102,252.053
1780997946.4077282,1.296,18.643,0.006,0.026,262.344,259.874,252.282
1780997946.4081678,1.239,18.5,0.006,0.026,262.308,259.889,252.3
1780997946.408509,1.239,17.857,0.006,0.025,262.194,259.794,252.48
1780997946.422567,1.408,16.571,0.006,0.023,262.027,259.548,252.84
1780997946.437477,1.408,15.857,0.006,0.023,261.917,259.47,253.005
1780997946.448599,1.465,15.071,0.006,0.021,261.796,259.323,253.242
1780997946.463763,1.746,13.286,0.006,0.019,261.575,258.945,253.777
1780997946.478912,1.859,12.5,0.006,0.018,261.514,258.839,253.929
1780997946.4900212,1.915,11.714,0.006,0.018,261.431,258.751,254.083
1780997946.5049112,2.141,10.571,0.007,0.016,261.32,258.519,254.397
1780997946.519575,2.141,10.357,0.007,0.016,261.296,258.507,254.43
1780997946.531501,2.141,10.357,0.007,0.016,261.296,258.507,254.43
1780997946.546332,2.761,7.214,0.008,0.012,260.942,257.813,255.404
1780997946.5613718,2.93,6.214,0.008,0.01,260.832,257.622,255.689
1780997946.572675,3.437,4.857,0.008,0.009,260.813,257.346,255.974
1780997946.587546,3.493,3.714,0.008,0.008,260.68,257.246,256.195
1780997946.6286411,3.718,3.0,0.009,0.007,260.66,257.123,256.335
1780997946.6290932,4.056,1.643,0.009,0.006,260.568,256.882,256.659
1780997946.6294131,4.169,0.214,0.009,0.004,260.367,256.667,257.063
1780997946.639709,4.62,-1.143,0.01,0.003,260.319,256.396,257.383
1780997946.6546712,4.563,-1.214,0.01,0.003,260.305,256.436,257.356
1780997946.669346,4.789,-2.071,0.01,0.002,260.251,256.282,257.563
1780997946.680963,4.789,-2.071,0.01,0.002,260.251,256.282,257.563
1780997946.6959438,4.789,-2.071,0.01,0.002,260.251,256.282,257.563
1780997946.711175,5.859,-5.0,0.011,-0.002,260.102,255.577,258.437
1780997946.722257,6.31,-6.143,0.012,-0.003,260.077,255.371,258.678
1780997946.737312,6.648,-6.929,0.012,-0.003,260.08,255.245,258.809
1780997946.752369,6.873,-7.286,0.012,-0.003,260.121,255.214,258.802
1780997946.763721,6.873,-7.643,0.012,-0.004,260.072,255.207,258.857
1780997946.7786071,7.211,-8.286,0.013,-0.004,260.086,255.068,258.991
1780997946.7936482,7.268,-8.714,0.013,-0.005,260.043,255.043,259.061
1780997946.804996,7.493,-8.786,0.013,-0.004,260.114,255.019,259.016
1780997946.846126,7.493,-8.571,0.013,-0.004,260.158,255.087,258.901
1780997946.8465002,7.549,-8.5,0.013,-0.004,260.196,255.118,258.83
1780997946.846824,7.831,-8.643,0.013,-0.004,260.258,255.037,258.856
1780997946.861538,7.831,-8.214,0.013,-0.003,260.332,255.133,258.682
1780997946.8766,8.169,-7.929,0.014,-0.002,260.486,255.093,258.576
1780997946.891488,8.225,-7.429,0.014,-0.002,260.583,255.169,258.402
1780997946.902766,8.394,-7.0,0.014,-0.001,260.692,255.197,258.268
1780997946.917842,8.62,-6.357,0.014,-0.0,260.857,255.241,258.064
1780997946.9328132,8.901,-5.429,0.014,0.001,261.087,255.309,257.776
1780997946.944211,8.901,-5.214,0.014,0.001,261.096,255.34,257.735
1780997946.9588768,8.901,-4.643,0.014,0.002,261.161,255.424,257.586
1780997946.97364,8.901,-4.643,0.014,0.002,261.161,255.424,257.586
1780997946.9848661,8.901,-4.643,0.014,0.002,261.161,255.424,257.586
1780997946.9996722,9.07,-1.643,0.014,0.006,261.782,255.886,256.539
1780997947.014844,8.732,-0.214,0.014,0.008,261.861,256.172,256.18
1780997947.0267148,8.451,0.786,0.013,0.009,261.884,256.365,255.967
1780997947.068502,8.62,1.714,0.014,0.01,262.077,256.43,255.73
1780997947.0688598,8.62,1.714,0.014,0.01,262.077,256.43,255.73
1780997947.069203,8.056,4.214,0.013,0.014,262.35,257.019,254.913
1780997947.08232,8.169,5.857,0.013,0.015,262.617,257.162,254.542
1780997947.093424,8.056,6.214,0.013,0.015,262.592,257.193,254.533
1780997947.10834,8.225,6.714,0.013,0.016,262.691,257.172,254.468
1780997947.123344,8.113,8.214,0.013,0.018,262.89,257.415,254.066
1780997947.1345768,7.775,9.0,0.013,0.018,262.875,257.605,253.899
1780997947.149621,7.606,9.929,0.012,0.019,262.933,257.733,253.73
1780997947.161602,7.437,10.857,0.012,0.02,263.002,257.865,253.548
1780997947.176644,6.366,11.429,0.011,0.02,262.7,258.223,253.473
1780997947.191562,6.535,11.857,0.011,0.021,262.829,258.191,253.392
1780997947.202882,6.535,12.643,0.011,0.022,262.956,258.258,253.224
1780997947.2177112,6.479,13.286,0.011,0.022,263.043,258.326,253.088
1780997947.2324648,6.254,13.5,0.011,0.022,262.997,258.415,253.044
1780997947.243671,6.254,13.5,0.011,0.022,262.997,258.415,253.044
1780997947.2862332,6.254,13.5,0.011,0.022,262.997,258.415,253.044
1780997947.286608,6.254,13.5,0.011,0.022,262.997,258.415,253.044
1780997947.2869399,6.254,13.5,0.011,0.022,262.997,258.415,253.044
1780997947.298941,4.676,15.429,0.008,0.025,262.828,259.245,252.435
1780997947.314008,4.563,15.857,0.009,0.025,262.866,259.234,252.413
1780997947.325823,4.225,15.857,0.008,0.025,262.745,259.243,252.505
1780997947.3407118,4.0,15.929,0.008,0.025,262.685,259.272,252.53
1780997947.355505,3.606,15.071,0.008,0.023,262.398,259.168,252.866
1780997947.3664808,3.324,15.286,0.007,0.024,262.365,259.262,252.809
1780997947.381414,3.155,14.929,0.007,0.023,262.249,259.233,252.934
1780997947.396119,3.155,14.929,0.007,0.023,262.249,259.233,252.934
1780997947.407386,3.155,14.929,0.007,0.023,262.249,259.233,252.934
1780997947.422401,1.915,13.5,0.005,0.021,261.599,259.336,253.401
1780997947.437301,1.69,13.286,0.005,0.021,261.54,259.339,253.449
1780997947.4490502,1.296,13.071,0.005,0.02,261.447,259.384,253.489
1780997947.463851,1.239,12.429,0.005,0.019,261.373,259.255,253.671
1780997947.50625,1.014,11.857,0.005,0.019,261.256,259.206,253.819
1780997947.506619,0.563,11.0,0.004,0.018,261.009,259.185,254.056
1780997947.50696,0.451,10.5,0.004,0.017,260.92,259.127,254.188
1780997947.516736,0.394,9.5,0.004,0.016,260.78,258.965,254.463
1780997947.5317602,0.225,8.643,0.004,0.015,260.629,258.876,254.682
1780997947.546834,-0.225,8.071,0.004,0.014,260.418,258.927,254.825
1780997947.557905,-0.394,7.071,0.003,0.013,260.247,258.814,255.087
1780997947.572948,-0.507,6.214,0.003,0.012,260.101,258.708,255.321
1780997947.5880692,-0.845,5.5,0.003,0.011,259.928,258.705,255.483
1780997947.5994081,-0.732,5.071,0.003,0.011,259.954,258.615,255.544
1780997947.6140108,-0.676,4.429,0.003,0.01,259.893,258.498,255.712
1780997947.6289659,-0.676,4.429,0.003,0.01,259.893,258.498,255.712
1780997947.6400378,-0.676,4.429,0.003,0.01,259.893,258.498,255.712
1780997947.654932,-0.676,4.429,0.003,0.01,259.893,258.498,255.712
1780997947.669599,-1.07,1.0,0.003,0.005,259.187,258.033,256.829
1780997947.68129,-1.239,0.071,0.003,0.004,258.997,257.94,257.103
1780997947.7240498,-1.127,-0.857,0.003,0.003,258.9,257.761,257.374
1780997947.724433,-1.296,-1.214,0.003,0.003,258.857,257.798,257.38
1780997947.724779,-0.901,-1.714,0.003,0.002,258.952,257.634,257.45
1780997947.736589,-0.901,-1.643,0.003,0.003,258.992,257.67,257.375
1780997947.751416,-0.901,-1.643,0.003,0.003,258.992,257.67,257.375
1780997947.7623382,-0.901,-1.643,0.003,0.003,258.992,257.67,257.375
1780997947.777079,-0.901,-1.643,0.003,0.003,258.992,257.67,257.375
1780997947.791926,-0.901,-1.643,0.003,0.003,258.992,257.67,257.375
1780997947.8032908,-0.901,-1.643,0.003,0.003,258.992,257.67,257.375
1780997947.818264,-0.394,-4.714,0.004,-0.001,258.677,257.057,258.303
1780997947.833157,0.056,-5.143,0.005,-0.001,258.792,256.906,258.344
1780997947.848425,0.169,-5.214,0.005,-0.001,258.864,256.947,258.23
1780997947.859659,0.563,-5.357,0.005,-0.001,258.99,256.85,258.205
1780997947.8744729,0.789,-5.0,0.006,0.0,259.148,256.905,257.994
1780997947.889449,1.127,-5.0,0.006,0.0,259.26,256.849,257.942
1780997947.9014132,1.521,-4.214,0.006,0.002,259.519,256.907,257.63
1780997947.942473,1.577,-4.286,0.006,0.002,259.506,256.901,257.649
1780997947.942903,1.69,-3.643,0.007,0.003,259.643,256.994,257.422
1780997947.943251,1.69,-3.643,0.007,0.003,259.643,256.994,257.422
1780997947.956702,1.69,-3.643,0.007,0.003,259.643,256.994,257.422
1780997947.971644,2.93,-1.857,0.008,0.005,260.371,256.935,256.79
1780997947.982694,2.817,-1.071,0.008,0.006,260.404,257.117,256.579
1780997947.997643,3.211,-0.286,0.009,0.007,260.628,257.135,256.352
1780997948.008897,3.493,0.571,0.009,0.008,260.799,257.2,256.13
1780997948.023946,3.549,1.0,0.009,0.009,260.849,257.254,256.03
1780997948.0389829,4.056,1.929,0.009,0.01,261.118,257.257,255.783
1780997948.0506518,4.451,2.5,0.01,0.01,261.279,257.228,255.664
1780997948.065312,4.563,3.5,0.01,0.012,261.454,257.365,255.374
1780997948.080565,5.014,4.0,0.011,0.012,261.647,257.305,255.259
1780997948.092021,5.127,5.071,0.011,0.013,261.801,257.449,254.983
1780997948.106807,5.69,5.786,0.011,0.014,262.041,257.391,254.826
1780997948.1182542,5.521,6.5,0.011,0.015,262.064,257.562,254.642
1780997948.1601222,5.803,7.0,0.011,0.015,262.18,257.549,254.554
1780997948.160579,6.028,7.714,0.011,0.016,262.323,257.592,254.388
1780997948.160922,6.366,8.429,0.012,0.017,262.514,257.594,254.22
1780997948.174114,6.479,8.714,0.012,0.017,262.568,257.6,254.168
1780997948.1892018,6.761,9.357,0.012,0.018,262.729,257.614,254.016
1780997948.201052,6.986,10.143,0.012,0.019,262.897,257.669,253.821
1780997948.215999,6.986,10.643,0.012,0.019,262.953,257.749,253.697
1780997948.231053,7.549,10.714,0.013,0.019,263.098,257.572,253.741
1780997948.242442,7.549,11.571,0.013,0.02,263.21,257.715,253.512
1780997948.257316,7.606,12.5,0.013,0.021,263.357,257.854,253.259
1780997948.272371,7.775,12.429,0.013,0.021,263.366,257.777,253.323
1780997948.283689,8.169,12.786,0.014,0.021,263.525,257.712,253.251
1780997948.298611,8.169,12.786,0.014,0.021,263.477,257.706,253.296
1780997948.310028,8.113,12.929,0.014,0.021,263.454,257.746,253.278
1780997948.324905,8.113,13.071,0.014,0.021,263.465,257.769,253.248
1780997948.339846,8.169,13.0,0.014,0.021,263.444,257.734,253.298
1780997948.380557,8.0,12.929,0.013,0.021,263.356,257.772,253.336
1780997948.3809679,8.225,12.929,0.014,0.021,263.428,257.701,253.342
1780997948.3817651,8.113,12.929,0.013,0.021,263.385,257.732,253.35
1780997948.392993,8.169,12.857,0.014,0.021,263.386,257.703,253.375
1780997948.408045,8.169,12.786,0.014,0.021,263.373,257.689,253.399
1780997948.423075,8.0,12.714,0.013,0.021,263.304,257.733,253.416
1780997948.4342809,7.831,12.143,0.013,0.02,263.143,257.682,253.6
1780997948.449297,7.944,11.929,0.013,0.02,263.153,257.61,253.659
1780997948.464326,7.662,11.571,0.013,0.019,263.005,257.639,253.757
1780997948.476377,7.38,11.071,0.012,0.018,262.841,257.641,253.894
1780997948.491374,7.099,10.429,0.012,0.018,262.654,257.621,254.073
1780997948.506381,7.211,9.643,0.012,0.017,262.567,257.451,254.31
1780997948.517837,6.873,9.643,0.012,0.017,262.499,257.569,254.257
1780997948.532647,6.31,8.714,0.011,0.016,262.175,257.588,254.521
1780997948.5477812,6.141,8.0,0.011,0.015,262.031,257.52,254.712
1780997948.5591402,6.31,7.857,0.011,0.015,262.099,257.45,254.718
1780997948.599513,5.972,6.929,0.011,0.013,261.865,257.398,254.975
1780997948.599939,5.69,6.286,0.01,0.013,261.708,257.382,255.13
1780997948.600739,5.634,5.5,0.01,0.012,261.597,257.275,255.332
1780997948.6160982,5.408,5.143,0.01,0.011,261.488,257.295,255.411
1780997948.627025,5.127,4.643,0.01,0.011,261.35,257.306,255.524
1780997948.641951,4.901,4.0,0.01,0.01,261.213,257.272,255.681
1780997948.656859,4.845,3.071,0.01,0.009,261.036,257.129,255.982
1780997948.668117,4.338,2.929,0.009,0.009,260.909,257.278,255.952
1780997948.683112,4.394,2.286,0.009,0.008,260.876,257.16,256.098
1780997948.694381,3.887,1.143,0.008,0.007,260.555,257.126,256.429
1780997948.70942,3.662,0.857,0.008,0.007,260.474,257.153,256.478
1780997948.724282,3.493,0.214,0.008,0.006,260.36,257.102,256.634
1780997948.736143,3.38,-0.214,0.008,0.006,260.304,257.068,256.721
1780997948.7511969,3.38,-0.5,0.008,0.005,260.286,257.026,256.78
1780997948.766155,3.099,-1.357,0.008,0.004,260.085,256.974,257.021
1780997948.77727,2.93,-1.786,0.008,0.004,260.003,256.965,257.108
1780997948.818926,2.817,-1.929,0.007,0.004,259.972,256.983,257.119
1780997948.819307,-76.394,39.0,-0.116,0.068,244.249,310.271,244.045
1780997948.819649,2.366,-2.429,0.01,0.001,260.293,256.121,257.689
1780997948.833062,2.366,-2.429,0.01,0.001,260.293,256.121,257.689
1780997948.847728,2.817,-4.143,0.011,-0.001,260.084,255.779,258.243
1780997948.858952,2.817,-4.143,0.011,-0.001,260.084,255.779,258.243
1780997948.87403,2.873,-5.071,0.01,-0.002,259.886,255.788,258.426
1780997948.888948,2.592,-5.0,0.009,-0.001,259.765,256.114,258.205
1780997948.9007418,2.479,-5.143,0.008,-0.0,259.67,256.284,258.121
1780997948.915883,2.197,-4.929,0.008,0.0,259.608,256.512,257.946
1780997948.93077,1.972,-4.357,0.007,0.001,259.639,256.729,257.695
1780997948.942026,1.634,-4.071,0.007,0.002,259.577,256.925,257.557
1780997948.956894,1.521,-3.071,0.006,0.004,259.725,257.151,257.187
1780997948.971902,1.183,-2.643,0.006,0.004,259.686,257.329,257.047
1780997948.982751,1.296,-1.5,0.006,0.006,259.924,257.483,256.668
1780997948.997909,1.07,-1.143,0.006,0.006,259.9,257.587,256.589
1780997949.0400362,1.183,-0.071,0.006,0.008,260.12,257.725,256.246
1780997949.040469,0.958,0.714,0.006,0.009,260.17,257.913,256.018
1780997949.040801,1.183,1.643,0.006,0.01,260.384,257.963,255.771
1780997949.053914,0.958,2.643,0.006,0.011,260.458,258.167,255.507
1780997949.065831,1.183,3.714,0.006,0.012,260.69,258.239,255.226
1780997949.080703,0.901,4.357,0.006,0.013,260.684,258.408,255.071
1780997949.0918982,0.62,5.786,0.005,0.015,260.814,258.696,254.684
1780997949.106878,0.338,7.0,0.005,0.016,260.901,258.94,254.378
1780997949.122066,0.732,7.786,0.005,0.017,261.135,258.892,254.214
1780997949.133276,0.563,8.571,0.005,0.018,261.195,259.051,254.014
1780997949.1486568,0.676,9.286,0.005,0.019,261.315,259.092,253.871
1780997949.163331,0.676,9.857,0.005,0.019,261.377,259.147,253.765
1780997949.174586,0.563,10.0,0.005,0.019,261.335,259.178,253.775
1780997949.189597,0.789,10.714,0.006,0.02,261.504,259.199,253.608
1780997949.20453,0.789,11.429,0.005,0.021,261.595,259.296,253.44
1780997949.216206,1.014,11.857,0.006,0.021,261.711,259.27,253.362
1780997949.258983,1.014,12.286,0.006,0.021,261.766,259.334,253.258
1780997949.259414,1.239,12.643,0.006,0.022,261.872,259.303,253.195
1780997949.259732,1.014,13.714,0.006,0.023,261.965,259.547,252.895
1780997949.2722719,1.07,13.714,0.006,0.023,261.959,259.509,252.934
1780997949.2835531,1.352,14.143,0.006,0.023,262.112,259.478,252.831
1780997949.2987368,1.634,14.214,0.007,0.023,262.181,259.381,252.859
1780997949.313462,1.69,14.286,0.007,0.023,262.182,259.367,252.871
1780997949.324408,1.859,14.143,0.007,0.023,262.201,259.286,252.928
1780997949.339239,1.859,14.143,0.007,0.023,262.201,259.286,252.928
1780997949.353962,1.859,14.143,0.007,0.023,262.201,259.286,252.928
1780997949.365551,1.859,14.143,0.007,0.023,262.201,259.286,252.928
1780997949.3798668,1.859,14.143,0.007,0.023,262.201,259.286,252.928
1780997949.394839,1.859,14.143,0.007,0.023,262.201,259.286,252.928
1780997949.406616,2.93,13.643,0.008,0.022,262.427,258.875,253.107
1780997949.421603,3.042,13.214,0.008,0.021,262.346,258.797,253.247
1780997949.436619,3.437,13.071,0.009,0.021,262.437,258.669,253.286
1780997949.479677,3.38,12.857,0.009,0.021,262.35,258.689,253.342
1780997949.480041,3.493,12.143,0.009,0.02,262.236,258.556,253.562
1780997949.480362,3.718,11.714,0.009,0.019,262.227,258.432,253.684
1780997949.4886599,3.493,11.214,0.009,0.019,262.057,258.439,253.824
1780997949.503797,3.775,10.571,0.009,0.018,262.041,258.274,253.991
1780997949.5189052,4.056,9.643,0.009,0.017,261.972,258.062,254.251
1780997949.5306182,4.113,9.214,0.009,0.016,261.922,258.021,254.332
1780997949.545633,4.0,8.571,0.009,0.016,261.773,257.972,254.51
1780997949.556936,4.394,7.786,0.01,0.015,261.779,257.755,254.71
1780997949.571955,4.056,6.714,0.009,0.013,261.485,257.72,255.004
1780997949.5869749,4.507,5.929,0.01,0.012,261.517,257.487,255.198
1780997949.598273,4.507,5.286,0.01,0.012,261.418,257.406,255.366
1780997949.613269,4.62,5.0,0.01,0.012,261.436,257.372,255.383
1780997949.628032,4.789,4.214,0.01,0.011,261.367,257.223,255.59
1780997949.6391659,4.901,4.357,0.01,0.011,261.442,257.229,255.516
1780997949.65377,4.901,4.357,0.01,0.011,261.442,257.229,255.516
1780997949.696239,4.901,4.357,0.01,0.011,261.442,257.229,255.516
1780997949.6966321,5.972,1.786,0.012,0.007,261.312,256.463,256.389
1780997949.69697,5.915,1.214,0.012,0.007,261.217,256.478,256.461
1780997949.706332,6.31,0.929,0.012,0.006,261.304,256.336,256.523
1780997949.721348,6.366,-0.143,0.012,0.005,261.154,256.217,256.781
1780997949.7363598,6.423,-0.429,0.012,0.005,261.138,256.203,256.811
1780997949.747515,6.479,-0.929,0.012,0.005,261.088,256.168,256.892
1780997949.762524,6.93,-1.5,0.013,0.004,261.15,255.997,257.008
1780997949.777622,6.986,-1.929,0.013,0.004,261.101,255.966,257.085
1780997949.788876,7.211,-2.143,0.013,0.004,261.143,255.896,257.117
1780997949.803863,7.437,-2.786,0.013,0.003,261.108,255.769,257.281
1780997949.8189042,7.268,-3.071,0.013,0.003,261.013,255.814,257.323
1780997949.830716,7.099,-3.357,0.013,0.003,260.918,255.853,257.371
1780997949.845494,7.324,-3.571,0.013,0.003,260.964,255.764,257.42
1780997949.8604732,7.099,-3.357,0.012,0.003,260.943,255.895,257.305
1780997949.871806,7.549,-3.5,0.013,0.003,261.075,255.75,257.33
1780997949.914315,7.606,-3.286,0.013,0.003,261.132,255.787,257.24
1780997949.914787,7.775,-3.071,0.013,0.004,261.229,255.781,257.156
1780997949.915127,7.718,-3.071,0.013,0.004,261.2,255.809,257.153
1780997949.927679,7.887,-3.214,0.014,0.003,261.223,255.741,257.202
1780997949.938894,7.606,-2.786,0.013,0.004,261.205,255.904,257.051
1780997949.95399,7.437,-2.571,0.013,0.004,261.186,255.988,256.983
1780997949.969012,7.549,-1.714,0.013,0.006,261.385,256.085,256.702
1780997949.98099,7.268,-1.643,0.013,0.006,261.295,256.159,256.71
1780997949.996094,6.986,-0.429,0.012,0.007,261.426,256.431,256.316
1780997950.0112052,7.211,-0.357,0.013,0.007,261.506,256.354,256.32
1780997950.022305,7.38,0.5,0.013,0.009,261.71,256.423,256.066
1780997950.037291,6.761,1.0,0.012,0.009,261.574,256.664,255.95
1780997950.0524569,6.761,1.786,0.012,0.01,261.702,256.761,255.739
1780997950.063702,6.817,2.286,0.012,0.011,261.801,256.804,255.608
1780997950.0785549,6.254,3.071,0.011,0.012,261.738,257.075,255.4
1780997950.093504,6.31,3.929,0.011,0.013,261.906,257.174,255.155
1780997950.135906,6.31,4.929,0.012,0.014,262.072,257.291,254.894
1780997950.136283,5.972,5.429,0.011,0.014,262.036,257.445,254.779
1780997950.136624,5.803,5.929,0.011,0.015,262.049,257.535,254.681
1780997950.14655,5.915,6.286,0.011,0.015,262.132,257.509,254.634
1780997950.161618,5.803,6.5,0.011,0.015,262.123,257.552,254.601
1780997950.172745,5.465,7.214,0.011,0.016,262.128,257.738,254.419
1780997950.1876721,5.183,7.786,0.01,0.017,262.13,257.884,254.28
1780997950.202656,4.789,8.143,0.01,0.017,262.062,258.055,254.179
1780997950.2138581,4.789,8.786,0.01,0.018,262.178,258.131,254.007
1780997950.228811,4.62,9.786,0.01,0.019,262.296,258.303,253.744
1780997950.240674,4.563,9.929,0.01,0.019,262.281,258.291,253.768
1780997950.255837,4.394,10.571,0.009,0.02,262.34,258.424,253.594
1780997950.270704,4.451,10.857,0.01,0.02,262.404,258.412,253.551
1780997950.2820292,4.282,11.429,0.009,0.021,262.443,258.525,253.413
1780997950.296903,4.056,11.286,0.009,0.02,262.329,258.526,253.509
1780997950.311873,3.887,11.571,0.009,0.021,262.324,258.608,253.439
1780997950.3537579,3.662,12.0,0.009,0.021,262.33,258.714,253.336
1780997950.354163,3.606,12.071,0.009,0.021,262.325,258.712,253.343
1780997950.354495,3.493,12.0,0.009,0.021,262.278,258.706,253.389
1780997950.3641028,3.099,12.571,0.008,0.022,262.256,258.918,253.213
1780997950.379253,3.099,12.643,0.008,0.022,262.273,258.903,253.212
1780997950.394251,2.93,12.5,0.008,0.021,262.192,258.91,253.276
1780997950.406065,2.592,12.429,0.007,0.021,262.074,258.982,253.311
1780997950.421149,2.986,12.286,0.008,0.021,262.191,258.812,253.365
1780997950.436209,2.366,12.5,0.007,0.021,262.033,259.04,253.294
1780997950.44749,2.366,12.286,0.007,0.021,262.013,258.981,253.365
1780997950.462322,2.028,11.857,0.007,0.02,261.836,259.0,253.5
1780997950.477385,1.803,11.786,0.006,0.02,261.774,259.048,253.51
1780997950.488746,1.746,11.571,0.006,0.02,261.732,259.018,253.573
1780997950.5036402,1.69,11.0,0.006,0.019,261.629,258.925,253.748
1780997950.518784,1.352,10.643,0.006,0.019,261.483,258.964,253.841
1780997950.5298529,1.014,10.214,0.006,0.018,261.324,258.993,253.954
1780997950.571336,1.014,9.786,0.006,0.018,261.272,258.913,254.073
1780997950.5717251,1.183,9.214,0.006,0.017,261.261,258.759,254.226
1780997950.5720599,0.62,8.643,0.005,0.016,261.007,258.842,254.374
1780997950.5865421,0.676,8.357,0.005,0.016,261.003,258.779,254.436
1780997950.597733,0.507,7.714,0.005,0.015,260.873,258.727,254.601
1780997950.612868,0.282,7.071,0.005,0.014,260.724,258.699,254.761
1780997950.6278222,0.282,6.643,0.005,0.014,260.685,258.637,254.854
1780997950.639153,0.394,6.143,0.005,0.013,260.654,258.526,254.987
1780997950.654042,0.394,5.5,0.005,0.013,260.568,258.434,255.152
1780997950.665972,0.676,5.0,0.006,0.012,260.592,258.272,255.284
1780997950.680919,0.563,4.5,0.005,0.012,260.498,258.249,255.392
1780997950.695939,0.563,3.857,0.005,0.011,260.4,258.153,255.574
1780997950.707198,0.507,3.286,0.005,0.01,260.311,258.098,255.708
1780997950.722007,0.394,2.643,0.005,0.009,260.189,258.048,255.869
1780997950.736911,0.563,1.857,0.006,0.008,260.111,257.864,256.12
1780997950.748404,0.338,1.571,0.005,0.008,260.027,257.923,256.141
1780997950.792626,0.732,1.0,0.006,0.008,260.085,257.734,256.27
1780997950.793057,1.07,1.143,0.006,0.008,260.247,257.693,256.159
1780997950.793383,1.014,0.214,0.006,0.007,260.067,257.568,256.45
1780997950.804298,1.183,-0.071,0.006,0.007,260.092,257.503,256.491
1780997950.816043,1.352,-0.786,0.007,0.006,260.032,257.36,256.687
1780997950.831198,1.183,-1.0,0.006,0.006,259.955,257.412,256.709
1780997950.846254,1.127,-0.929,0.006,0.006,259.96,257.461,256.656
1780997950.857428,1.634,-1.286,0.007,0.006,260.076,257.265,256.74
1780997950.87247,1.69,-1.714,0.007,0.005,260.022,257.204,256.851
1780997950.887396,1.746,-1.5,0.007,0.006,260.088,257.254,256.739
1780997950.898624,1.69,-1.643,0.007,0.005,260.046,257.257,256.776
1780997950.913501,1.803,-1.929,0.007,0.005,260.029,257.193,256.855
1780997950.9284742,1.915,-2.357,0.007,0.004,259.989,257.103,256.983
1780997950.939445,1.859,-1.857,0.007,0.005,260.067,257.217,256.797
1780997950.954017,1.859,-1.857,0.007,0.005,260.067,257.217,256.797
1780997950.9690182,1.859,-1.857,0.007,0.005,260.067,257.217,256.797
1780997951.0112362,2.873,-1.857,0.009,0.005,260.382,256.926,256.789
1780997951.011591,2.93,-1.5,0.009,0.006,260.451,256.989,256.661
1780997951.011921,3.155,-1.429,0.009,0.006,260.514,256.956,256.636
1780997951.022012,3.662,-1.286,0.009,0.006,260.678,256.847,256.592
1780997951.0369248,3.775,-0.929,0.009,0.007,260.749,256.893,256.479
1780997951.051965,3.718,-0.571,0.009,0.007,260.777,256.981,256.366
1780997951.06306,3.944,0.0,0.01,0.008,260.92,257.026,256.19
1780997951.078181,4.338,0.643,0.01,0.009,261.133,257.016,256.004
1780997951.089321,4.563,1.0,0.01,0.009,261.244,257.012,255.908
1780997951.104396,4.676,1.571,0.01,0.01,261.356,257.08,255.739
1780997951.119173,4.789,2.071,0.01,0.011,261.44,257.13,255.615
1780997951.1308239,5.014,2.214,0.011,0.011,261.526,257.083,255.582
1780997951.1454709,5.014,2.214,0.011,0.011,261.526,257.083,255.582
1780997951.159748,5.014,2.214,0.011,0.011,261.526,257.083,255.582
1780997951.1716459,5.521,4.071,0.012,0.014,262.038,257.254,254.96
1780997951.186511,5.746,5.071,0.012,0.015,262.215,257.347,254.716
1780997951.2290401,5.634,5.357,0.012,0.015,262.202,257.425,254.652
1780997951.229409,5.746,5.714,0.011,0.015,262.211,257.445,254.625
1780997951.2297332,5.915,6.214,0.012,0.016,262.345,257.472,254.482
1780997951.238627,5.972,6.929,0.012,0.017,262.457,257.564,254.298
1780997951.2536771,6.085,7.071,0.012,0.016,262.462,257.529,254.327
1780997951.268778,6.085,7.429,0.012,0.017,262.485,257.565,254.273
1780997951.280652,6.085,8.071,0.012,0.017,262.567,257.654,254.118
1780997951.295729,6.085,8.5,0.012,0.018,262.623,257.715,254.012
1780997951.3068311,6.366,9.286,0.012,0.019,262.83,257.742,253.809
1780997951.321873,6.648,9.5,0.013,0.019,262.92,257.671,253.799
1780997951.3369532,6.592,10.143,0.012,0.02,262.986,257.788,253.634
1780997951.348309,6.535,10.0,0.012,0.019,262.908,257.768,253.718
1780997951.363306,6.535,10.286,0.012,0.019,262.929,257.801,253.669
1780997951.3782232,6.704,10.857,0.012,0.02,263.076,257.835,253.513
1780997951.389577,6.535,10.714,0.012,0.02,262.962,257.851,253.596
1780997951.404499,6.535,11.0,0.012,0.02,263.008,257.891,253.518
1780997951.447417,6.592,11.143,0.012,0.02,263.042,257.888,253.493
1780997951.447825,6.423,11.071,0.012,0.02,262.956,257.918,253.538
1780997951.448144,6.423,11.0,0.012,0.02,262.936,257.895,253.576
1780997951.461271,6.479,11.286,0.012,0.02,263.013,257.923,253.484
1780997951.472449,6.366,11.143,0.012,0.02,262.942,257.926,253.543
1780997951.487482,6.592,11.0,0.012,0.02,262.993,257.822,253.596
1780997951.502623,6.761,10.857,0.013,0.02,263.026,257.744,253.641
1780997951.5137448,6.366,10.786,0.012,0.02,262.878,257.857,253.661
1780997951.528768,6.592,10.714,0.012,0.019,262.943,257.778,253.679
1780997951.5438552,6.254,10.286,0.012,0.019,262.747,257.812,253.814
1780997951.555703,6.366,10.0,0.012,0.018,262.742,257.731,253.895
1780997951.57075,6.31,9.786,0.012,0.018,262.691,257.715,253.954
1780997951.5821598,6.423,9.286,0.012,0.017,262.652,257.597,254.098
1780997951.596992,6.31,8.929,0.012,0.017,262.563,257.581,254.19
1780997951.612028,6.085,8.071,0.012,0.016,262.349,257.52,254.434
1780997951.6232462,6.31,7.786,0.012,0.016,262.395,257.411,254.497
1780997951.6648362,5.803,7.071,0.011,0.015,262.126,257.458,254.687
1780997951.6653068,5.521,6.5,0.011,0.014,261.965,257.459,254.828
1780997951.665644,5.746,6.429,0.011,0.014,262.055,257.386,254.818
1780997951.679109,5.465,5.929,0.011,0.014,261.903,257.402,254.937
1780997951.6909802,5.69,5.643,0.011,0.013,261.96,257.294,254.99
1780997951.706032,5.239,5.0,0.011,0.013,261.712,257.34,255.166
1780997951.7210612,5.352,4.929,0.011,0.013,261.763,257.301,255.159
1780997951.732287,5.183,4.429,0.011,0.012,261.648,257.277,255.285
1780997951.747311,5.014,4.071,0.01,0.012,261.56,257.276,255.365
1780997951.762227,4.901,2.929,0.01,0.01,261.328,257.119,255.727
1780997951.77335,4.732,2.571,0.01,0.01,261.22,257.114,255.829
1780997951.788243,4.507,2.286,0.01,0.009,261.141,257.15,255.866
1780997951.799356,4.676,2.143,0.01,0.009,261.203,257.08,255.878
1780997951.8145149,4.732,1.5,0.01,0.009,261.128,256.961,256.063
1780997951.82933,4.563,1.214,0.01,0.008,261.062,256.986,256.099
1780997951.8411782,4.507,0.929,0.01,0.008,261.027,256.974,256.143
1780997951.8839319,4.507,0.071,0.01,0.007,260.903,256.838,256.392
1780997951.884298,4.225,-0.286,0.01,0.007,260.766,256.875,256.482
1780997951.8846421,4.113,-0.643,0.009,0.006,260.7,256.863,256.556
1780997951.897015,4.169,-1.071,0.01,0.006,260.676,256.783,256.657
1780997951.9119942,4.0,-1.286,0.009,0.006,260.603,256.807,256.702
1780997951.923263,4.169,-1.214,0.01,0.006,260.707,256.781,256.631
1780997951.9382248,3.831,-1.929,0.009,0.005,260.483,256.771,256.849
1780997951.9533062,4.0,-1.929,0.009,0.005,260.568,256.726,256.814
1780997951.9643369,3.718,-1.857,0.009,0.005,260.502,256.832,256.771
1780997951.979556,3.944,-2.214,0.009,0.005,260.529,256.704,256.873
1780997951.991345,3.775,-2.214,0.009,0.005,260.492,256.76,256.852
1780997952.00629,3.493,-2.357,0.009,0.005,260.393,256.822,256.883
1780997952.021234,3.493,-1.929,0.009,0.006,260.484,256.896,256.724
1780997952.0323808,3.662,-2.071,0.009,0.005,260.529,256.816,256.762
1780997952.047586,3.324,-1.929,0.009,0.006,260.451,256.94,256.71
1780997952.062428,3.268,-1.357,0.009,0.007,260.549,257.05,256.51
1780997952.104613,3.042,-1.5,0.008,0.006,260.45,257.084,256.568
1780997952.105002,3.268,-1.143,0.009,0.007,260.589,257.068,256.455
1780997952.105363,3.155,-0.714,0.009,0.007,260.628,257.162,256.326
1780997952.114536,3.042,-0.214,0.008,0.008,260.683,257.263,256.175
1780997952.129612,2.873,-0.071,0.008,0.008,260.649,257.326,256.145
1780997952.145406,3.211,0.143,0.009,0.008,260.79,257.239,256.101
1780997952.156511,3.155,0.571,0.009,0.009,260.842,257.311,255.982
1780997952.171409,3.042,1.143,0.008,0.01,260.899,257.428,255.816
1780997952.186698,3.324,1.5,0.009,0.01,261.047,257.389,255.718
1780997952.19769,2.986,2.214,0.008,0.011,261.054,257.608,255.5
1780997952.21283,3.268,2.5,0.009,0.011,261.187,257.557,255.429
1780997952.224087,3.042,3.071,0.008,0.012,261.188,257.701,255.289
1780997952.2389991,3.211,3.071,0.009,0.012,261.235,257.638,255.307
1780997952.253995,3.099,3.929,0.009,0.013,261.33,257.792,255.074
1780997952.265901,2.93,4.571,0.008,0.014,261.365,257.928,254.914
1780997952.280895,2.986,5.0,0.008,0.014,261.45,257.963,254.804
1780997952.323293,2.817,5.5,0.008,0.015,261.466,258.067,254.692
1780997952.323736,2.93,5.714,0.008,0.015,261.518,258.039,254.672
1780997952.324076,3.211,6.143,0.009,0.015,261.669,258.002,254.573
1780997952.333217,2.93,6.214,0.008,0.015,261.57,258.089,254.578
1780997952.348049,3.042,6.857,0.009,0.016,261.705,258.15,254.401
1780997952.363088,3.268,7.071,0.009,0.016,261.8,258.1,254.365
1780997952.3741398,3.155,7.714,0.009,0.017,261.864,258.229,254.188
1780997952.389224,2.761,8.0,0.008,0.017,261.768,258.389,254.122
1780997952.40398,2.986,8.214,0.008,0.018,261.864,258.335,254.089
1780997952.416069,3.38,8.5,0.009,0.018,262.046,258.255,254.005
1780997952.430837,3.155,9.0,0.009,0.019,262.046,258.405,253.866
1780997952.4419599,3.268,9.071,0.009,0.018,262.068,258.363,253.885
1780997952.45697,3.324,9.143,0.009,0.018,262.079,258.343,253.894
1780997952.471925,3.324,9.214,0.009,0.018,262.073,258.343,253.9
1780997952.4829922,3.268,9.429,0.009,0.019,262.087,258.393,253.841
1780997952.498286,3.042,9.5,0.008,0.019,262.013,258.467,253.837
1780997952.539791,3.155,9.429,0.009,0.019,262.026,258.412,253.876
1780997952.540225,3.268,9.643,0.009,0.019,262.1,258.412,253.812
1780997952.5405571,3.493,9.5,0.009,0.019,262.143,258.311,253.869
1780997952.5511549,3.324,9.5,0.009,0.019,262.08,258.366,253.872
1780997952.5660758,3.437,9.357,0.009,0.018,262.088,258.302,253.925
1780997952.5811572,3.324,9.214,0.009,0.018,262.02,258.313,253.974
1780997952.5924091,3.437,9.5,0.009,0.019,262.115,258.331,253.875
1780997952.6074932,3.493,9.5,0.009,0.019,262.132,258.315,253.875
1780997952.622489,3.606,9.214,0.009,0.018,262.11,258.234,253.969
1780997952.6337018,3.944,9.214,0.01,0.018,262.224,258.134,253.964
1780997952.6486888,3.549,9.357,0.009,0.018,262.111,258.292,253.914
1780997952.660565,3.831,9.357,0.01,0.018,262.203,258.211,253.91
1780997952.67572,3.887,9.0,0.01,0.018,262.151,258.136,254.024
1780997952.690618,4.113,9.071,0.01,0.018,262.236,258.088,253.996
1780997952.701859,4.507,8.857,0.011,0.018,262.323,257.94,254.059
1780997952.7168472,4.225,8.929,0.01,0.018,262.236,258.056,254.026
1780997952.7599099,4.451,8.5,0.01,0.017,262.228,257.916,254.164
1780997952.760361,4.507,8.286,0.01,0.017,262.21,257.875,254.218
1780997952.76069,4.507,8.143,0.01,0.017,262.187,257.868,254.245
1780997952.769421,4.563,7.714,0.01,0.016,262.128,257.79,254.37
1780997952.784224,4.507,7.286,0.01,0.016,262.027,257.748,254.498
1780997952.799168,4.563,6.929,0.01,0.015,261.988,257.683,254.594
1780997952.811049,4.789,6.714,0.011,0.015,262.034,257.598,254.634
1780997952.825995,4.563,6.357,0.01,0.015,261.901,257.628,254.723
1780997952.840978,4.62,6.0,0.01,0.014,261.857,257.553,254.833
1780997952.852285,4.732,5.714,0.011,0.014,261.86,257.493,254.888
1780997952.867179,4.507,5.357,0.01,0.013,261.734,257.52,254.975
1780997952.878685,4.789,4.643,0.011,0.012,261.706,257.321,255.191
1780997952.8935208,4.676,4.286,0.01,0.012,261.631,257.316,255.262
1780997952.908542,4.451,4.357,0.01,0.012,261.592,257.417,255.2
1780997952.9198442,4.732,4.214,0.011,0.012,261.675,257.323,255.216
1780997952.934755,4.901,4.214,0.011,0.012,261.74,257.284,255.195
1780997952.977601,4.958,4.214,0.011,0.013,261.768,257.286,255.169
1780997952.978048,4.958,4.214,0.011,0.013,261.768,257.286,255.169
1780997952.978378,4.958,4.214,0.011,0.013,261.768,257.286,255.169
1780997952.98666,4.958,4.214,0.011,0.013,261.768,257.286,255.169
1780997953.001333,4.958,4.214,0.011,0.013,261.768,257.286,255.169
1780997953.016261,4.958,4.214,0.011,0.013,261.768,257.286,255.169
1780997953.027405,4.958,4.214,0.011,0.013,261.768,257.286,255.169
1780997953.042538,5.915,1.714,0.012,0.009,261.623,256.6,255.97
1780997953.0575821,5.577,1.214,0.012,0.008,261.43,256.658,256.088
1780997953.068851,5.521,0.5,0.012,0.008,261.294,256.583,256.286
1780997953.083796,5.521,0.5,0.011,0.008,261.321,256.632,256.212
1780997953.0957608,5.521,0.429,0.011,0.008,261.331,256.652,256.184
1780997953.1109738,5.465,0.143,0.011,0.008,261.278,256.643,256.24
1780997953.125865,5.521,0.143,0.011,0.008,261.307,256.64,256.217
1780997953.1369972,5.521,0.143,0.011,0.008,261.321,256.657,256.187
1780997953.152002,5.521,-0.214,0.011,0.008,261.263,256.605,256.292
1780997953.194498,5.465,0.0,0.011,0.008,261.295,256.668,256.201
1780997953.194881,5.465,0.071,0.011,0.008,261.316,256.69,256.16
1780997953.1952178,5.296,-0.357,0.011,0.008,261.185,256.675,256.294
1780997953.207902,5.521,-0.071,0.011,0.008,261.324,256.661,256.18
1780997953.2191842,5.577,-0.286,0.012,0.008,261.308,256.609,256.247
1780997953.234265,5.465,-0.143,0.011,0.008,261.301,256.671,256.191
1780997953.246012,5.577,-0.071,0.012,0.008,261.355,256.65,256.163
1780997953.260972,5.465,-0.286,0.011,0.008,261.282,256.647,256.233
1780997953.275983,5.296,-0.214,0.011,0.008,261.244,256.711,256.204
1780997953.287272,5.239,0.071,0.011,0.008,261.287,256.774,256.103
1780997953.3022568,5.465,0.071,0.011,0.008,261.363,256.696,256.111
1780997953.3171709,5.07,0.429,0.011,0.009,261.302,256.867,255.998
1780997953.328485,5.07,1.0,0.011,0.01,261.412,256.959,255.807
1780997953.343328,4.901,1.0,0.011,0.01,261.352,256.994,255.827
1780997953.3582861,5.014,1.143,0.011,0.01,261.417,256.968,255.794
1780997953.369641,4.901,1.286,0.011,0.01,261.401,257.014,255.763
1780997953.411764,4.958,1.643,0.011,0.01,261.484,257.05,255.653
1780997953.412161,4.958,2.143,0.011,0.011,261.568,257.119,255.51
1780997953.412477,4.338,2.357,0.01,0.011,261.396,257.324,255.466
1780997953.426389,4.394,2.714,0.01,0.012,261.482,257.351,255.363
1780997953.4376209,4.507,2.714,0.01,0.012,261.515,257.293,255.388
1780997953.452651,4.394,2.929,0.01,0.012,261.51,257.347,255.341
1780997953.467869,4.338,3.429,0.01,0.012,261.583,257.432,255.193
1780997953.478834,4.394,4.071,0.01,0.013,261.721,257.516,254.989
1780997953.4937458,4.789,4.571,0.011,0.014,261.924,257.458,254.865
1780997953.505762,4.732,4.5,0.011,0.014,261.864,257.445,254.93
1780997953.520735,4.563,4.429,0.01,0.013,261.779,257.472,254.98
1780997953.535805,5.014,4.643,0.011,0.014,261.965,257.365,254.918
1780997953.546884,4.789,4.929,0.011,0.014,261.923,257.478,254.847
1780997953.5621061,4.845,5.286,0.011,0.014,261.992,257.513,254.753
1780997953.576968,4.845,5.786,0.011,0.015,262.074,257.595,254.603
1780997953.588224,4.732,5.643,0.011,0.015,261.988,257.589,254.683
1780997953.629905,4.845,5.643,0.011,0.015,262.014,257.545,254.703
1780997953.630365,5.014,6.071,0.011,0.015,262.143,257.561,254.574
1780997953.630668,5.014,5.929,0.011,0.015,262.104,257.529,254.638
1780997953.644219,5.183,6.071,0.011,0.015,262.175,257.5,254.604
1780997953.655995,5.296,6.143,0.011,0.015,262.214,257.479,254.59
1780997953.671146,5.296,6.357,0.011,0.015,262.241,257.518,254.529
1780997953.6862268,5.465,6.429,0.012,0.016,262.301,257.48,254.513
1780997953.697366,5.521,6.357,0.012,0.015,262.29,257.45,254.552
1780997953.712539,5.69,6.714,0.012,0.016,262.404,257.46,254.443
1780997953.723676,5.803,6.571,0.012,0.016,262.405,257.398,254.501
1780997953.7386692,5.408,6.714,0.011,0.016,262.294,257.548,254.455
1780997953.753812,5.352,6.5,0.011,0.015,262.227,257.525,254.535
1780997953.7656279,5.465,6.357,0.011,0.015,262.233,257.465,254.587
1780997953.780545,5.69,6.643,0.012,0.016,262.365,257.447,254.489
1780997953.795574,5.239,6.786,0.011,0.016,262.242,257.612,254.439
1780997953.8068821,5.521,6.786,0.012,0.016,262.341,257.517,254.442
1780997953.848623,5.352,6.571,0.011,0.016,262.246,257.528,254.515
1780997953.8490088,5.408,6.643,0.011,0.016,262.28,257.523,254.491
1780997953.849302,5.408,6.571,0.011,0.016,262.266,257.508,254.518
1780997953.863074,5.07,6.286,0.011,0.015,262.099,257.558,254.615
1780997953.8741581,4.732,6.357,0.01,0.015,262.012,257.674,254.582
1780997953.8892438,5.07,6.286,0.011,0.015,262.124,257.55,254.601
1780997953.9042811,5.07,6.0,0.011,0.015,262.082,257.499,254.687
1780997953.916085,4.62,6.0,0.01,0.015,261.944,257.645,254.669
1780997953.931104,4.845,5.786,0.011,0.015,261.991,257.535,254.733
1780997953.942205,4.732,5.786,0.011,0.015,261.968,257.57,254.72
1780997953.957263,4.394,5.429,0.01,0.014,261.802,257.608,254.83
1780997953.972308,4.169,5.071,0.01,0.014,261.681,257.612,254.933
1780997953.983637,4.282,5.214,0.01,0.014,261.764,257.6,254.871
1780997953.9985652,4.225,4.929,0.01,0.014,261.708,257.566,254.953
1780997954.01338,4.338,5.071,0.01,0.014,261.791,257.554,254.891
1780997954.0246232,4.0,5.357,0.01,0.014,261.745,257.708,254.785
1780997954.059493,4.282,5.071,0.01,0.014,261.792,257.566,254.878
1780997954.059941,4.394,5.5,0.01,0.015,261.917,257.606,254.73
1780997954.0664608,4.282,5.929,0.01,0.015,261.957,257.713,254.593
1780997954.081503,4.901,6.143,0.011,0.015,262.203,257.553,254.529
1780997954.092608,4.732,6.643,0.011,0.016,262.227,257.689,254.379
1780997954.1076858,4.901,6.714,0.011,0.016,262.275,257.642,254.382
1780997954.1226869,4.958,6.786,0.011,0.016,262.29,257.635,254.375
1780997954.133973,5.014,6.929,0.011,0.016,262.328,257.641,254.337
1780997954.149072,5.07,6.857,0.011,0.016,262.318,257.609,254.376
1780997954.161068,5.183,7.0,0.011,0.016,262.373,257.6,254.337
1780997954.176041,4.732,7.0,0.011,0.016,262.209,257.741,254.345
1780997954.191094,5.07,6.786,0.011,0.016,262.28,257.594,254.423
1780997954.202501,5.183,7.071,0.011,0.016,262.365,257.61,254.333
1780997954.217494,5.014,7.286,0.011,0.017,262.338,257.702,254.271
1780997954.23231,5.07,6.786,0.011,0.016,262.258,257.595,254.442
1780997954.2438989,5.07,7.0,0.011,0.016,262.302,257.636,254.364
1780997954.2864268,4.958,6.571,0.011,0.016,262.182,257.599,254.504
1780997954.2868311,4.901,6.714,0.011,0.016,262.201,257.642,254.447
1780997954.28718,4.958,6.357,0.011,0.015,262.161,257.56,254.559
1780997954.300472,4.958,6.571,0.011,0.016,262.207,257.605,254.476
1780997954.3116171,4.845,6.429,0.011,0.016,262.145,257.621,254.515
1780997954.326725,5.014,6.143,0.011,0.015,262.155,257.523,254.6
1780997954.3417752,4.845,6.214,0.011,0.015,262.115,257.593,254.568
1780997954.3529038,5.07,5.929,0.011,0.015,262.143,257.473,254.659
1780997954.368068,4.789,5.714,0.011,0.015,262.013,257.526,254.722
1780997954.379414,4.789,6.071,0.011,0.015,262.09,257.592,254.591
1780997954.394433,4.732,5.786,0.011,0.015,262.024,257.557,254.683
1780997954.409295,4.338,5.357,0.01,0.014,261.825,257.602,254.815
1780997954.421164,4.394,5.214,0.01,0.014,261.84,257.558,254.844
1780997954.4363909,4.394,5.143,0.01,0.014,261.849,257.544,254.85
1780997954.451221,4.394,5.143,0.01,0.014,261.861,257.542,254.84
1780997954.462374,4.113,5.071,0.01,0.014,261.772,257.617,254.848
1780997954.505638,3.493,5.643,0.009,0.015,261.683,257.909,254.648
1780997954.506025,3.775,5.786,0.01,0.015,261.819,257.832,254.602
1780997954.506347,3.549,5.786,0.009,0.015,261.749,257.885,254.612
1780997954.518492,3.606,6.071,0.009,0.016,261.837,257.905,254.517
1780997954.5302122,3.38,5.786,0.009,0.015,261.715,257.912,254.618
1780997954.5452979,3.324,5.714,0.009,0.015,261.69,257.906,254.646
1780997954.560243,3.211,5.5,0.009,0.015,261.629,257.889,254.716
1780997954.571557,2.873,5.643,0.009,0.015,261.559,258.006,254.667
1780997954.586522,2.535,6.214,0.008,0.016,261.571,258.196,254.477
1780997954.59774,2.817,6.071,0.009,0.015,261.648,258.068,254.53
1780997954.612789,2.423,5.571,0.008,0.015,261.431,258.084,254.706
1780997954.627728,2.141,5.714,0.008,0.015,261.389,258.182,254.652
1780997954.639006,1.915,5.786,0.007,0.015,261.345,258.252,254.625
1780997954.65391,2.028,5.5,0.008,0.015,261.349,258.152,254.715
1780997954.668944,1.634,5.286,0.007,0.014,261.204,258.226,254.775
1780997954.680814,1.69,4.714,0.007,0.014,261.142,258.097,254.953
1780997954.718406,1.352,4.857,0.007,0.014,261.072,258.224,254.895
1780997954.718771,1.577,4.571,0.007,0.013,261.115,258.097,254.976
1780997954.7220008,1.465,4.857,0.007,0.014,261.15,258.18,254.867
1780997954.737065,0.789,4.857,0.006,0.014,260.945,258.39,254.853
1780997954.748112,1.07,4.357,0.007,0.013,260.959,258.205,255.015
1780997954.763148,1.014,4.357,0.007,0.013,260.958,258.219,255.002
1780997954.778225,0.958,4.071,0.007,0.013,260.903,258.181,255.089
1780997954.78947,0.789,3.714,0.006,0.012,260.803,258.171,255.188
1780997954.827254,0.901,3.714,0.007,0.013,260.854,258.136,255.175
1780997954.827611,0.789,3.357,0.006,0.012,260.766,258.112,255.278
1780997954.831104,0.901,3.0,0.007,0.012,260.757,258.023,255.371
1780997954.845978,0.789,2.857,0.006,0.012,260.704,258.042,255.401
1780997954.857034,0.845,2.857,0.007,0.012,260.738,258.034,255.377
1780997954.872142,0.845,2.5,0.007,0.011,260.686,257.975,255.482
1780997954.8871129,0.789,2.071,0.007,0.011,260.601,257.928,255.605
1780997954.898201,0.789,2.143,0.007,0.011,260.625,257.948,255.564
1780997954.925691,0.901,1.929,0.007,0.011,260.632,257.887,255.616
1780997954.926077,1.07,1.5,0.007,0.01,260.62,257.771,255.738
1780997954.93937,1.07,1.286,0.007,0.01,260.587,257.744,255.795
1780997954.954313,1.296,1.0,0.007,0.009,260.618,257.643,255.865
1780997954.965935,1.07,0.929,0.007,0.009,260.54,257.716,255.865
1780997954.980999,1.352,0.714,0.007,0.009,260.603,257.602,255.919
1780997954.9961112,1.352,0.714,0.007,0.009,260.604,257.614,255.905
1780997955.0072598,1.239,0.571,0.007,0.009,260.546,257.637,255.936
1780997955.046369,1.239,0.786,0.007,0.01,260.586,257.689,255.849
1780997955.04668,1.634,0.5,0.008,0.009,260.664,257.518,255.943
1780997955.048539,1.521,0.571,0.007,0.009,260.643,257.574,255.908
1780997955.063626,1.521,0.643,0.007,0.009,260.65,257.596,255.88
1780997955.075268,1.634,1.0,0.008,0.01,260.749,257.637,255.75
1780997955.0901818,1.803,0.857,0.008,0.01,260.77,257.562,255.804
1780997955.1051378,1.859,1.5,0.008,0.011,260.9,257.669,255.581
1780997955.116257,1.803,0.786,0.008,0.01,260.734,257.559,255.839
1780997955.131008,1.915,1.357,0.008,0.01,260.871,257.628,255.647
1780997955.142133,2.141,1.714,0.008,0.011,261.002,257.623,255.532
1780997955.156863,2.141,1.714,0.008,0.011,261.002,257.623,255.532
1780997955.171742,2.141,1.714,0.008,0.011,261.002,257.623,255.532
1780997955.18259,2.141,1.714,0.008,0.011,261.002,257.623,255.532
1780997955.197553,2.141,1.714,0.008,0.011,261.002,257.623,255.532
1780997955.212224,2.141,1.714,0.008,0.011,261.002,257.623,255.532
1780997955.223229,2.141,1.714,0.008,0.011,261.002,257.623,255.532
1780997955.265856,2.141,1.714,0.008,0.011,261.002,257.623,255.532
1780997955.266243,0.0,0.0,0.0,0.0,258.008,258.008,258.008
1780997955.266548,0.0,0.0,0.0,0.0,258.008,258.008,258.008
1780997955.278378,0.0,0.0,0.0,0.0,258.008,258.008,258.008
1780997955.289505,0.0,0.0,0.0,0.0,258.008,258.008,258.008
1780997955.304415,3.268,2.429,0.004,0.003,259.104,257.598,257.338
1780997955.319233,3.38,3.429,0.004,0.004,259.32,257.742,256.987
1780997955.330956,4.169,4.286,0.005,0.006,259.709,257.646,256.71
1780997955.361865,4.394,4.786,0.005,0.006,259.832,257.661,256.58
1780997955.3622131,5.183,5.571,0.006,0.007,260.165,257.551,256.374
1780997955.372154,5.296,6.857,0.006,0.009,260.362,257.742,256.005
1780997955.386956,5.352,7.714,0.006,0.01,260.489,257.869,255.764
1780997955.398259,5.352,7.714,0.006,0.01,260.489,257.869,255.764
1780997955.413065,6.085,9.643,0.007,0.013,261.031,257.975,255.168
1780997955.428045,6.366,10.214,0.008,0.013,261.122,257.969,255.092
1780997955.439203,6.761,10.714,0.008,0.013,261.257,257.92,255.017
1780997955.4542542,6.761,11.143,0.008,0.014,261.281,257.988,254.931
1780997955.4692962,7.211,11.571,0.009,0.014,261.438,257.91,254.865
1780997955.481139,7.437,12.571,0.009,0.015,261.627,258.01,254.603
1780997955.497178,7.887,13.5,0.009,0.016,261.877,258.029,254.365
1780997955.5109692,8.169,13.929,0.01,0.017,262.028,258.014,254.247
1780997955.5221279,8.169,13.929,0.01,0.017,262.028,258.014,254.247
1780997955.536694,9.183,16.0,0.011,0.02,262.699,258.063,253.622
1780997955.547913,9.69,16.857,0.012,0.021,262.951,258.05,253.42
1780997955.572698,9.915,17.214,0.012,0.021,262.975,258.034,253.414
1780997955.578044,10.254,17.357,0.012,0.02,263.019,257.952,253.452
1780997955.5930922,10.592,18.0,0.012,0.021,263.174,257.963,253.311
1780997955.604343,10.704,17.929,0.012,0.021,263.145,257.914,253.381
1780997955.619379,11.38,18.286,0.013,0.021,263.382,257.77,253.316
1780997955.634423,11.718,18.714,0.014,0.022,263.515,257.754,253.22
1780997955.646226,12.338,19.0,0.014,0.022,263.717,257.626,253.171
1780997955.6612742,12.62,19.643,0.015,0.023,263.872,257.671,253.001
1780997955.676349,13.014,19.786,0.015,0.023,263.997,257.584,252.978
1780997955.687615,13.239,20.143,0.015,0.023,264.077,257.597,252.9
1780997955.702687,13.803,20.071,0.016,0.023,264.203,257.425,252.957
1780997955.717709,13.465,20.286,0.015,0.023,264.072,257.592,252.908
1780997955.729048,13.634,20.357,0.015,0.023,264.11,257.568,252.9
1780997955.743947,13.859,20.286,0.016,0.023,264.157,257.493,252.931
1780997955.758827,13.746,20.286,0.016,0.023,264.101,257.536,252.938
1780997955.770862,14.028,19.786,0.016,0.022,264.086,257.367,253.107
1780997955.811433,14.141,19.214,0.016,0.021,264.011,257.255,253.274
1780997955.811805,14.254,18.5,0.016,0.02,263.909,257.112,253.493
1780997955.815665,14.197,18.071,0.016,0.02,263.809,257.077,253.609
1780997955.8269582,14.254,17.429,0.016,0.019,263.714,256.979,253.782
1780997955.841845,14.423,17.0,0.016,0.018,263.706,256.885,253.878
1780997955.856871,14.535,16.714,0.016,0.018,263.694,256.812,253.957
1780997955.86797,14.366,16.143,0.016,0.017,263.545,256.798,254.095
1780997955.882702,14.479,15.786,0.016,0.017,263.523,256.712,254.197
1780997955.8978071,14.535,14.5,0.016,0.015,263.295,256.482,254.613
1780997955.90895,13.972,13.286,0.016,0.014,262.92,256.492,254.927
1780997955.92403,14.141,13.071,0.016,0.013,262.958,256.418,254.966
1780997955.9389682,13.859,12.0,0.015,0.012,262.714,256.36,255.235
1780997955.951037,13.634,11.357,0.015,0.012,262.579,256.352,255.362
1780997955.966058,13.296,10.714,0.015,0.011,262.405,256.371,255.496
1780997955.981031,13.183,10.643,0.015,0.011,262.4,256.409,255.463
1780997955.992384,13.127,9.714,0.015,0.01,262.259,256.288,255.707
1780997956.033935,13.014,9.071,0.014,0.009,262.157,256.237,255.849
1780997956.034299,13.07,8.0,0.015,0.008,262.025,256.061,256.144
1780997956.034636,13.014,6.929,0.015,0.007,261.837,255.916,256.458
1780997956.048529,12.62,6.571,0.014,0.007,261.701,256.012,256.486
1780997956.0635421,12.282,6.214,0.014,0.006,261.581,256.074,256.533
1780997956.075326,12.169,6.0,0.013,0.006,261.556,256.084,256.545
1780997956.090344,12.169,5.786,0.014,0.006,261.548,256.052,256.585
1780997956.105258,11.831,6.071,0.013,0.007,261.54,256.204,256.439
1780997956.1164742,11.549,5.786,0.013,0.007,261.434,256.234,256.507
1780997956.131526,11.324,4.929,0.013,0.005,261.244,256.147,256.769
1780997956.146595,10.986,4.5,0.012,0.005,261.082,256.178,256.888
1780997956.157835,10.704,4.071,0.012,0.004,260.966,256.186,256.988
1780997956.172734,10.423,3.643,0.011,0.004,260.845,256.197,257.089
1780997956.187718,10.366,3.071,0.012,0.003,260.767,256.115,257.245
1780997956.198851,10.141,3.286,0.011,0.004,260.77,256.221,257.135
1780997956.213991,9.803,3.5,0.011,0.004,260.741,256.36,257.021
1780997956.2572129,9.521,3.357,0.01,0.004,260.659,256.41,257.048
1780997956.257657,9.577,3.143,0.011,0.004,260.67,256.339,257.109
1780997956.257992,9.352,3.571,0.01,0.005,260.696,256.473,256.949
1780997956.266495,9.014,3.857,0.01,0.005,260.652,256.612,256.851
1780997956.2811148,9.014,3.857,0.01,0.005,260.652,256.612,256.851
1780997956.296064,9.014,3.857,0.01,0.005,260.652,256.612,256.851
1780997956.307241,8.338,4.286,0.009,0.006,260.536,256.867,256.704
1780997956.322216,7.944,4.143,0.009,0.005,260.406,256.931,256.761
1780997956.337248,7.662,4.5,0.008,0.006,260.418,257.035,256.646
1780997956.3487208,7.099,4.714,0.008,0.006,260.294,257.219,256.581
1780997956.363631,7.099,4.714,0.008,0.006,260.325,257.173,256.597
1780997956.375537,6.93,5.357,0.008,0.007,260.412,257.294,256.396
1780997956.3904881,6.817,5.786,0.008,0.008,260.464,257.377,256.266
1780997956.4054122,6.704,6.214,0.008,0.008,260.518,257.444,256.151
1780997956.416637,6.423,6.714,0.007,0.009,260.523,257.577,256.016
1780997956.431617,6.254,7.357,0.007,0.01,260.588,257.698,255.838
1780997956.47447,6.423,8.071,0.007,0.011,260.779,257.743,255.619
1780997956.47492,5.915,8.643,0.007,0.011,260.711,257.974,255.46
1780997956.475251,5.915,8.643,0.007,0.011,260.711,257.974,255.46
1780997956.48334,5.915,10.214,0.007,0.013,260.995,258.215,254.973
1780997956.498486,5.69,10.714,0.006,0.014,261.005,258.353,254.833
1780997956.51347,5.465,11.357,0.006,0.015,261.024,258.467,254.709
1780997956.5251572,5.915,12.0,0.007,0.015,261.267,258.379,254.575
1780997956.540257,5.577,12.214,0.006,0.015,261.172,258.49,254.555
1780997956.555327,5.296,12.786,0.006,0.016,261.161,258.633,254.431
1780997956.566187,5.183,13.286,0.006,0.016,261.198,258.709,254.327
1780997956.580915,5.183,13.286,0.006,0.016,261.198,258.709,254.327
1780997956.5957692,5.183,13.286,0.006,0.016,261.198,258.709,254.327
1780997956.60693,5.183,13.286,0.006,0.016,261.198,258.709,254.327
1780997956.621641,5.183,13.286,0.006,0.016,261.198,258.709,254.327
1780997956.636457,5.183,13.286,0.006,0.016,261.198,258.709,254.327
1780997956.647691,4.958,15.857,0.006,0.02,261.61,259.234,253.483
1780997956.692401,5.239,16.857,0.006,0.021,261.838,259.239,253.281
1780997956.692844,5.239,17.357,0.006,0.022,261.886,259.263,253.218
1780997956.693165,5.183,17.714,0.006,0.022,261.906,259.306,253.162
1780997956.703685,5.127,17.643,0.006,0.021,261.833,259.262,253.264
1780997956.7187688,5.183,17.929,0.006,0.022,261.88,259.26,253.226
1780997956.730477,5.127,17.714,0.006,0.021,261.798,259.212,253.34
1780997956.7454631,5.014,18.0,0.006,0.021,261.804,259.288,253.266
1780997956.760489,5.352,17.643,0.007,0.021,261.839,259.096,253.41
1780997956.7718022,5.239,17.643,0.006,0.021,261.792,259.121,253.429
1780997956.7867048,5.408,17.643,0.007,0.021,261.841,259.06,253.441
1780997956.8016582,5.408,17.571,0.007,0.02,261.821,259.05,253.467
1780997956.812831,5.521,17.714,0.007,0.021,261.886,259.043,253.417
1780997956.827927,5.746,17.214,0.007,0.02,261.86,258.887,253.582
1780997956.8392808,5.746,17.286,0.007,0.02,261.878,258.912,253.544
1780997956.8540869,6.028,17.286,0.007,0.02,261.971,258.829,253.539
1780997956.869099,5.859,16.643,0.007,0.019,261.788,258.776,253.747
1780997956.911514,6.028,16.429,0.007,0.019,261.807,258.705,253.795
1780997956.911896,6.423,16.214,0.008,0.019,261.904,258.562,253.843
1780997956.912216,6.31,15.714,0.008,0.018,261.769,258.524,253.997
1780997956.921809,6.704,15.5,0.008,0.018,261.865,258.382,254.045
1780997956.936875,6.704,14.643,0.008,0.017,261.706,258.25,254.307
1780997956.951803,6.648,13.929,0.008,0.016,261.568,258.178,254.496
1780997956.962934,6.648,13.929,0.008,0.016,261.575,258.193,254.476
1780997956.977972,6.761,13.214,0.008,0.015,261.497,258.069,254.662
1780997956.993076,6.873,12.571,0.008,0.014,261.436,257.958,254.821
1780997957.004302,6.704,12.5,0.008,0.014,261.388,258.039,254.787
1780997957.0192902,7.155,11.929,0.009,0.014,261.442,257.821,254.946
1780997957.0343301,7.211,10.929,0.009,0.012,261.285,257.668,255.233
1780997957.046319,7.549,10.857,0.009,0.012,261.401,257.594,255.2
1780997957.061431,7.718,10.286,0.009,0.012,261.36,257.486,255.341
1780997957.0760589,7.831,10.0,0.01,0.012,261.35,257.428,255.406
1780997957.087105,8.056,9.571,0.01,0.011,261.358,257.307,255.516
1780997957.129771,8.056,9.571,0.01,0.011,261.358,257.307,255.516
1780997957.1301272,8.056,9.571,0.01,0.011,261.358,257.307,255.516
1780997957.130431,8.056,9.571,0.01,0.011,261.358,257.307,255.516
1780997957.142663,8.056,9.571,0.01,0.011,261.358,257.307,255.516
1780997957.153787,9.07,7.143,0.011,0.008,261.249,256.644,256.266
1780997957.1687622,9.183,6.5,0.011,0.007,261.17,256.526,256.457
1780997957.1837041,9.465,6.357,0.012,0.007,261.252,256.472,256.435
1780997957.195515,9.915,6.071,0.012,0.007,261.367,256.36,256.442
1780997957.21062,9.69,6.071,0.012,0.007,261.295,256.476,256.391
1780997957.225688,9.972,5.643,0.012,0.007,261.315,256.369,256.479
1780997957.236783,10.028,5.857,0.012,0.007,261.379,256.439,256.351
1780997957.251795,10.197,5.429,0.012,0.007,261.35,256.35,256.467
1780997957.263336,10.31,5.214,0.012,0.007,261.35,256.306,256.512
1780997957.278194,10.535,5.0,0.013,0.006,261.387,256.232,256.551
1780997957.293121,10.254,4.929,0.012,0.006,261.283,256.335,256.543
1780997957.304375,10.423,4.929,0.012,0.007,261.343,256.308,256.516
1780997957.347764,10.761,4.857,0.013,0.006,261.442,256.206,256.527
1780997957.348214,10.873,4.714,0.013,0.006,261.452,256.163,256.561
1780997957.3485591,10.817,5.5,0.013,0.008,261.581,256.33,256.276
1780997957.360974,10.93,5.071,0.013,0.007,261.526,256.23,256.426
1780997957.37609,11.324,5.357,0.014,0.007,261.706,256.167,256.325
1780997957.387284,11.38,5.571,0.014,0.008,261.749,256.196,256.257
1780997957.402407,11.38,5.929,0.014,0.008,261.801,256.262,256.144
1780997957.417377,11.38,6.214,0.013,0.009,261.835,256.316,256.06
1780997957.428559,11.549,6.357,0.014,0.009,261.908,256.289,256.022
1780997957.443753,11.549,6.286,0.014,0.009,261.872,256.275,256.068
1780997957.458648,11.662,6.571,0.014,0.009,261.952,256.292,255.978
1780997957.470448,11.775,6.5,0.014,0.009,261.96,256.243,256.02
1780997957.485548,11.549,6.643,0.014,0.009,261.904,256.337,255.977
1780997957.500478,11.437,6.5,0.013,0.009,261.831,256.344,256.035
1780997957.5119512,11.437,6.786,0.013,0.009,261.89,256.388,255.939
1780997957.526805,11.324,6.571,0.013,0.009,261.813,256.381,256.015
1780997957.5700831,11.38,6.857,0.013,0.009,261.89,256.412,255.915
1780997957.5704598,11.099,6.571,0.013,0.009,261.743,256.442,256.018
1780997957.5708008,11.38,7.0,0.013,0.009,261.924,256.426,255.87
1780997957.582745,11.38,7.5,0.013,0.01,262.013,256.502,255.716
1780997957.5936189,11.437,7.786,0.014,0.011,262.084,256.53,255.625
1780997957.608387,11.437,7.786,0.014,0.011,262.084,256.53,255.625
1780997957.6232278,11.437,7.786,0.014,0.011,262.084,256.53,255.625
1780997957.634434,11.38,9.571,0.013,0.013,262.408,256.856,255.019
1780997957.6494222,11.268,9.929,0.013,0.014,262.426,256.939,254.923
1780997957.6652942,10.93,10.929,0.013,0.015,262.463,257.165,254.673
1780997957.676461,10.93,11.143,0.013,0.015,262.479,257.147,254.677
1780997957.6917,10.704,11.286,0.013,0.015,262.401,257.205,254.689
1780997957.7065651,10.873,11.286,0.013,0.015,262.449,257.127,254.722
1780997957.717914,10.479,11.714,0.012,0.015,262.391,257.29,254.616
1780997957.732662,10.535,11.857,0.012,0.015,262.432,257.264,254.606
1780997957.747873,10.254,12.571,0.012,0.016,262.464,257.447,254.403
1780997957.7925,9.859,12.857,0.012,0.016,262.379,257.586,254.345
1780997957.792932,9.972,12.929,0.012,0.016,262.431,257.54,254.343
1780997957.793258,9.577,13.429,0.011,0.017,262.388,257.72,254.211
1780997957.800692,9.408,13.857,0.011,0.017,262.413,257.817,254.097
1780997957.815754,9.465,14.0,0.011,0.018,262.458,257.79,254.083
1780997957.830864,9.465,14.143,0.011,0.018,262.485,257.798,254.053
1780997957.841934,9.296,14.143,0.011,0.018,262.43,257.827,254.073
1780997957.8567529,9.239,14.143,0.011,0.018,262.412,257.829,254.087
1780997957.871493,9.239,14.143,0.011,0.018,262.412,257.829,254.087
1780997957.882668,9.239,14.143,0.011,0.018,262.412,257.829,254.087
1780997957.897274,9.239,14.143,0.011,0.018,262.412,257.829,254.087
1780997957.912127,9.239,14.143,0.011,0.018,262.412,257.829,254.087
1780997957.9232059,9.239,14.143,0.011,0.018,262.412,257.829,254.087
1780997957.93803,9.239,14.143,0.011,0.018,262.412,257.829,254.087
1780997957.953089,8.169,14.5,0.009,0.018,262.12,258.22,253.973
1780997957.964264,8.0,14.5,0.009,0.018,262.084,258.236,253.99
1780997958.0058382,7.662,14.286,0.009,0.018,261.964,258.256,254.075
1780997958.006282,7.155,14.071,0.008,0.017,261.787,258.338,254.153
1780997958.006617,7.155,13.571,0.008,0.016,261.731,258.219,254.314
1780997958.021065,7.099,13.429,0.008,0.016,261.709,258.199,254.352
1780997958.032192,6.817,13.071,0.008,0.016,261.58,258.205,254.46
1780997958.047263,6.761,12.357,0.008,0.015,261.463,258.084,254.678
1780997958.06229,6.648,12.357,0.008,0.015,261.465,258.116,254.646
1780997958.073498,6.704,11.643,0.008,0.014,261.386,257.972,254.852
1780997958.088622,6.535,11.643,0.008,0.014,261.357,258.026,254.827
1780997958.103679,6.197,11.643,0.008,0.014,261.282,258.132,254.794
1780997958.115474,6.141,11.357,0.008,0.014,261.244,258.092,254.866
1780997958.130613,6.028,11.214,0.008,0.014,261.209,258.103,254.887
1780997958.145663,5.972,11.143,0.007,0.014,261.196,258.108,254.893
1780997958.156749,5.859,10.714,0.007,0.013,261.107,258.063,255.016
1780997958.1717,5.746,10.286,0.007,0.013,261.015,258.02,255.139
1780997958.1867251,5.465,10.357,0.007,0.013,260.964,258.122,255.089
1780997958.230305,5.521,10.143,0.007,0.013,260.96,258.067,255.144
1780997958.230672,5.521,9.857,0.007,0.012,260.915,258.017,255.234
1780997958.2309859,5.521,9.857,0.007,0.012,260.915,258.017,255.234
1780997958.2381399,5.521,9.857,0.007,0.012,260.915,258.017,255.234
1780997958.252939,5.521,9.857,0.007,0.012,260.915,258.017,255.234
1780997958.264134,5.521,9.857,0.007,0.012,260.915,258.017,255.234
1780997958.2791,5.014,8.286,0.006,0.01,260.485,257.9,255.739
1780997958.2940989,4.789,7.857,0.006,0.01,260.39,257.905,255.821
1780997958.305932,5.07,7.5,0.007,0.009,260.464,257.766,255.887
1780997958.321038,4.732,7.357,0.006,0.009,260.364,257.864,255.885
1780997958.336016,4.789,7.5,0.006,0.01,260.433,257.879,255.806
1780997958.3473432,4.901,7.071,0.006,0.009,260.412,257.778,255.924
1780997958.362255,4.958,7.071,0.007,0.009,260.455,257.77,255.892
1780997958.373535,4.845,6.857,0.006,0.009,260.4,257.776,255.936
1780997958.3884192,4.732,6.929,0.006,0.009,260.388,257.828,255.897
1780997958.403548,4.62,6.643,0.006,0.009,260.314,257.819,255.974
1780997958.447362,4.62,6.5,0.006,0.009,260.303,257.801,256.001
1780997958.447818,4.676,6.5,0.006,0.009,260.331,257.788,255.988
1780997958.4481258,4.732,6.571,0.006,0.009,260.375,257.789,255.947
1780997958.456161,4.958,6.214,0.007,0.009,260.387,257.664,256.057
1780997958.471106,4.901,6.143,0.007,0.009,260.365,257.678,256.064
1780997958.482264,4.845,6.214,0.006,0.009,260.365,257.714,256.029
1780997958.4973571,5.127,6.214,0.007,0.009,260.466,257.633,256.014
1780997958.51223,5.183,5.857,0.007,0.008,260.423,257.558,256.128
1780997958.523605,5.014,6.071,0.007,0.009,260.408,257.656,256.045
1780997958.538473,5.014,6.143,0.007,0.009,260.423,257.673,256.016
1780997958.553519,5.127,6.357,0.007,0.009,260.5,257.683,255.935
1780997958.565517,5.296,6.357,0.007,0.009,260.544,257.631,255.944
1780997958.580323,5.521,6.786,0.007,0.01,260.693,257.641,255.798
1780997958.5916002,5.577,7.0,0.007,0.01,260.731,257.666,255.738
1780997958.606417,5.69,7.214,0.008,0.01,260.79,257.671,255.68
1780997958.62148,5.972,7.643,0.008,0.011,260.942,257.661,255.551
1780997958.6642811,6.31,7.714,0.008,0.011,261.049,257.57,255.541
1780997958.664703,6.423,7.929,0.009,0.011,261.095,257.577,255.492
1780997958.665008,6.479,8.571,0.009,0.012,261.211,257.676,255.293
1780997958.673734,6.648,8.643,0.009,0.012,261.257,257.635,255.29
1780997958.688709,6.479,9.5,0.008,0.013,261.328,257.844,255.027
1780997958.700439,7.211,9.857,0.01,0.014,261.605,257.673,254.942
1780997958.715639,7.155,9.857,0.009,0.013,261.551,257.685,254.979
1780997958.730575,7.099,9.786,0.009,0.013,261.496,257.689,255.024
1780997958.7419221,7.268,10.214,0.009,0.014,261.606,257.716,254.9
1780997958.756819,7.549,10.357,0.01,0.014,261.702,257.655,254.873
1780997958.771868,7.718,10.714,0.01,0.014,261.801,257.671,254.77
1780997958.7831402,7.831,10.857,0.01,0.015,261.85,257.663,254.735
1780997958.798367,8.0,11.071,0.01,0.015,261.917,257.648,254.69
1780997958.813272,8.113,11.143,0.01,0.015,261.943,257.623,254.691
1780997958.824446,8.451,11.643,0.011,0.015,262.127,257.609,254.543
1780997958.840137,8.394,11.643,0.011,0.015,262.087,257.626,254.561
1780997958.8819861,8.732,11.643,0.011,0.015,262.178,257.522,254.581
1780997958.882336,8.845,11.786,0.011,0.015,262.219,257.521,254.545
1780997958.882638,9.07,12.0,0.012,0.016,262.313,257.498,254.485
1780997958.8962822,9.296,11.714,0.012,0.015,262.319,257.385,254.588
1780997958.907546,9.408,11.5,0.012,0.015,262.291,257.332,254.663
1780997958.922652,9.352,12.0,0.012,0.016,262.351,257.451,254.498
1780997958.9376059,9.408,12.071,0.012,0.016,262.368,257.451,254.482
1780997958.9489212,9.634,12.571,0.012,0.016,262.534,257.473,254.317
1780997958.963856,9.746,12.643,0.012,0.017,262.566,257.453,254.309
1780997958.9789178,9.859,12.857,0.012,0.017,262.629,257.458,254.25
1780997958.990699,9.915,13.071,0.012,0.017,262.667,257.482,254.194
1780997959.0058,9.859,13.0,0.012,0.017,262.621,257.488,254.228
1780997959.020797,10.028,12.929,0.013,0.017,262.656,257.422,254.261
1780997959.0321002,9.915,12.714,0.012,0.016,262.566,257.422,254.339
1780997959.047101,9.803,12.929,0.012,0.017,262.566,257.498,254.266
1780997959.058339,9.915,12.786,0.012,0.016,262.574,257.441,254.313
1780997959.100359,9.915,12.5,0.012,0.016,262.514,257.392,254.412
1780997959.100704,10.028,12.714,0.012,0.016,262.591,257.399,254.338
1780997959.103224,10.028,12.786,0.012,0.016,262.603,257.415,254.313
1780997959.115031,10.141,12.857,0.013,0.017,262.662,257.396,254.28
1780997959.1299891,10.028,12.5,0.012,0.016,262.556,257.37,254.396
1780997959.145099,10.028,12.429,0.012,0.016,262.548,257.366,254.408
1780997959.156359,9.915,12.286,0.012,0.016,262.492,257.381,254.441
1780997959.171246,9.915,12.0,0.012,0.016,262.447,257.34,254.519
1780997959.186399,10.141,11.5,0.013,0.015,262.435,257.186,254.677
1780997959.19762,10.31,11.0,0.013,0.014,262.412,257.056,254.823
1780997959.212665,10.141,11.286,0.013,0.015,262.423,257.171,254.703
1780997959.227745,10.028,11.214,0.012,0.015,262.382,257.202,254.708
1780997959.238824,9.972,11.5,0.012,0.015,262.426,257.274,254.601
1780997959.253959,9.408,11.714,0.012,0.015,262.285,257.477,254.529
1780997959.2689211,9.577,11.857,0.012,0.016,262.381,257.439,254.482
1780997959.280798,9.521,11.857,0.012,0.016,262.37,257.452,254.479
1780997959.3253849,9.465,11.857,0.012,0.016,262.358,257.461,254.482
1780997959.3257978,9.352,11.929,0.012,0.016,262.337,257.503,254.46
1780997959.3261068,9.577,11.929,0.012,0.016,262.419,257.424,254.463
1780997959.3369658,9.352,12.357,0.012,0.016,262.43,257.566,254.319
1780997959.352153,9.352,12.214,0.012,0.016,262.405,257.528,254.377
1780997959.363289,9.127,12.5,0.011,0.017,262.388,257.642,254.283
1780997959.3781362,9.239,12.286,0.012,0.016,262.393,257.554,254.363
1780997959.39319,8.958,12.714,0.011,0.017,262.39,257.703,254.224
1780997959.405142,9.239,12.5,0.012,0.017,262.446,257.564,254.308
1780997959.42014,9.014,12.5,0.011,0.016,262.369,257.627,254.314
1780997959.431595,9.183,12.929,0.012,0.017,262.515,257.645,254.171
1780997959.4464982,9.014,12.357,0.011,0.016,262.349,257.589,254.368
1780997959.461447,8.845,12.143,0.011,0.016,262.262,257.596,254.437
1780997959.472898,8.62,12.0,0.011,0.016,262.165,257.64,254.48
1780997959.4878452,8.507,12.214,0.011,0.016,262.189,257.708,254.395
1780997959.5029829,8.338,12.143,0.011,0.016,262.136,257.741,254.409
1780997959.547644,8.113,11.429,0.01,0.015,261.943,257.675,254.642
1780997959.548091,8.056,11.643,0.01,0.015,261.982,257.726,254.558
1780997959.548419,8.113,11.714,0.01,0.016,262.037,257.719,254.517
1780997959.555964,7.775,11.643,0.01,0.016,261.928,257.808,254.528
1780997959.570925,7.549,11.714,0.01,0.016,261.89,257.877,254.496
1780997959.586005,7.549,11.429,0.01,0.015,261.848,257.818,254.588
1780997959.597138,7.324,11.5,0.009,0.015,261.811,257.892,254.552
1780997959.612284,7.437,11.571,0.01,0.016,261.882,257.866,254.514
1780997959.627296,7.099,11.143,0.009,0.015,261.704,257.886,254.652
1780997959.638442,6.986,11.286,0.009,0.015,261.711,257.941,254.594
1780997959.653493,6.93,11.071,0.009,0.015,261.672,257.911,254.657
1780997959.668679,6.648,10.929,0.009,0.015,261.575,257.966,254.69
1780997959.680426,6.704,11.071,0.009,0.015,261.646,257.962,254.63
1780997959.695371,6.704,10.643,0.009,0.014,261.576,257.88,254.771
1780997959.710399,6.423,10.643,0.009,0.014,261.505,257.967,254.751
1780997959.721736,6.31,10.214,0.008,0.014,261.408,257.921,254.881
1780997959.76498,6.31,9.857,0.008,0.013,261.361,257.862,254.979
1780997959.765422,6.31,9.786,0.008,0.013,261.363,257.853,254.986
1780997959.765741,6.254,9.357,0.008,0.013,261.287,257.797,255.108
1780997959.777587,6.085,9.0,0.008,0.012,261.181,257.791,255.209
1780997959.788529,6.085,9.0,0.008,0.012,261.181,257.791,255.209
1780997959.8033159,6.085,9.0,0.008,0.012,261.181,257.791,255.209
1780997959.818145,6.085,9.0,0.008,0.012,261.181,257.791,255.209
1780997959.829288,5.859,8.071,0.008,0.011,260.939,257.698,255.517
1780997959.8442738,5.746,7.571,0.008,0.01,260.84,257.655,255.649
1780997959.859201,5.746,7.143,0.008,0.01,260.806,257.594,255.74
1780997959.8710668,5.746,6.786,0.008,0.01,260.777,257.548,255.81
1780997959.886153,5.803,6.571,0.008,0.01,260.79,257.506,255.839
1780997959.897366,5.859,6.643,0.008,0.01,260.842,257.513,255.785
1780997959.912375,5.577,6.643,0.008,0.01,260.772,257.613,255.752
1780997959.9273322,5.69,6.143,0.008,0.009,260.735,257.5,255.895
1780997959.938532,5.803,6.071,0.008,0.009,260.773,257.46,255.899
1780997959.981694,5.746,5.786,0.008,0.009,260.723,257.439,255.965
1780997959.982141,5.803,5.429,0.008,0.009,260.691,257.373,256.06
1780997959.982461,6.028,5.643,0.008,0.009,260.821,257.355,255.958
1780997959.99522,6.028,5.5,0.008,0.009,260.796,257.341,255.995
1780997960.0062568,6.197,5.143,0.009,0.008,260.789,257.242,256.098
1780997960.021211,6.254,5.286,0.009,0.009,260.836,257.268,256.029
1780997960.036192,6.423,5.214,0.009,0.009,260.879,257.212,256.045
1780997960.0472178,6.423,5.071,0.009,0.008,260.852,257.202,256.079
1780997960.062353,6.592,5.071,0.009,0.009,260.906,257.163,256.068
1780997960.077404,6.761,5.214,0.009,0.009,260.986,257.145,256.012
1780997960.088667,6.817,5.357,0.009,0.009,261.027,257.162,255.959
1780997960.103588,6.873,5.143,0.01,0.009,261.0,257.116,256.028
1780997960.1152909,6.817,5.143,0.009,0.009,260.974,257.142,256.026
1780997960.130414,6.93,5.429,0.01,0.009,261.059,257.169,255.923
1780997960.145398,7.211,5.571,0.01,0.009,261.172,257.109,255.878
1780997960.156704,7.211,5.857,0.01,0.01,261.214,257.164,255.786
1780997960.1988711,7.437,5.929,0.01,0.01,261.283,257.111,255.775
1780997960.199313,7.549,6.357,0.01,0.01,261.388,257.152,255.64
1780997960.1996312,7.549,6.357,0.01,0.01,261.371,257.155,255.653
1780997960.212817,7.662,6.714,0.01,0.011,261.456,257.183,255.548
1780997960.223928,7.831,6.643,0.011,0.011,261.475,257.116,255.596
1780997960.238976,8.225,6.786,0.011,0.011,261.623,257.022,255.555
1780997960.2539232,8.225,6.643,0.011,0.011,261.577,257.004,255.614
1780997960.265673,8.225,6.714,0.011,0.011,261.574,257.023,255.598
1780997960.280973,8.113,6.929,0.011,0.011,261.566,257.099,255.531
1780997960.295969,8.282,6.857,0.011,0.011,261.603,257.036,255.559
1780997960.307198,8.507,6.929,0.011,0.011,261.681,256.987,255.537
1780997960.322154,8.789,6.929,0.012,0.011,261.762,256.911,255.539
1780997960.3333068,8.563,7.143,0.011,0.011,261.718,257.023,255.468
1780997960.348514,8.563,7.214,0.011,0.011,261.721,257.038,255.452
1780997960.36313,8.789,7.357,0.012,0.011,261.815,256.993,255.411
1780997960.374182,8.789,7.357,0.012,0.011,261.815,256.993,255.411
1780997960.416681,8.789,7.357,0.012,0.011,261.815,256.993,255.411
1780997960.4170299,8.789,7.357,0.012,0.011,261.815,256.993,255.411
1780997960.41732,8.789,7.357,0.012,0.011,261.815,256.993,255.411
1780997960.4302132,8.789,7.357,0.012,0.011,261.815,256.993,255.411
1780997960.4412348,9.07,7.714,0.012,0.012,261.974,256.971,255.291
1780997960.4563441,9.183,7.714,0.012,0.012,261.98,256.941,255.314
1780997960.4714398,9.352,8.071,0.012,0.012,262.081,256.958,255.208
1780997960.482526,9.465,7.857,0.013,0.012,262.064,256.887,255.293
1780997960.4978151,9.408,8.429,0.012,0.013,262.139,257.011,255.106
1780997960.512841,9.352,8.071,0.012,0.012,262.038,256.967,255.237
1780997960.524092,9.352,8.0,0.012,0.012,262.019,256.956,255.266
1780997960.539239,9.521,8.357,0.013,0.013,262.142,256.971,255.142
1780997960.5511081,9.352,8.214,0.012,0.012,262.049,257.002,255.194
1780997960.565848,9.634,8.0,0.013,0.012,262.1,256.882,255.266
1780997960.581088,9.521,7.714,0.012,0.012,262.003,256.868,255.366
1780997960.592211,9.352,8.0,0.012,0.012,262.001,256.972,255.266
1780997960.633816,9.634,7.857,0.013,0.012,262.065,256.862,255.317
1780997960.6341372,9.577,8.0,0.013,0.012,262.073,256.908,255.264
1780997960.634494,9.69,8.143,0.013,0.012,262.139,256.9,255.214
1780997960.6485188,9.465,8.071,0.012,0.012,262.045,256.957,255.241
1780997960.6602519,9.803,8.071,0.013,0.012,262.162,256.85,255.242
1780997960.675336,9.803,8.429,0.013,0.013,262.227,256.914,255.122
1780997960.690324,9.577,8.0,0.013,0.012,262.066,256.907,255.271
1780997960.701565,9.408,8.357,0.012,0.013,262.079,257.02,255.15
1780997960.716575,9.465,8.214,0.012,0.012,262.074,256.974,255.199
1780997960.731874,9.634,8.286,0.013,0.013,262.148,256.932,255.174
1780997960.742887,9.465,8.143,0.012,0.012,262.066,256.954,255.225
1780997960.758013,9.408,8.5,0.012,0.013,262.126,257.029,255.099
1780997960.7693021,9.239,8.286,0.012,0.013,262.029,257.039,255.177
1780997960.784348,9.352,8.571,0.012,0.013,262.126,257.05,255.08
1780997960.7991722,9.577,8.357,0.013,0.013,262.165,256.937,255.155
1780997960.811123,9.465,8.214,0.012,0.012,262.094,256.947,255.208
1780997960.8543308,9.465,8.286,0.012,0.013,262.11,256.96,255.181
1780997960.854708,9.521,8.071,0.013,0.012,262.089,256.906,255.252
1780997960.855019,9.352,8.071,0.012,0.012,262.039,256.96,255.244
1780997960.8671281,9.352,8.0,0.012,0.012,262.03,256.947,255.265
1780997960.8783948,9.521,8.214,0.013,0.013,262.138,256.934,255.181
1780997960.893473,9.127,7.714,0.012,0.012,261.913,256.967,255.349
1780997960.9085639,9.296,7.786,0.012,0.012,261.995,256.927,255.315
1780997960.920324,9.296,7.643,0.012,0.012,261.983,256.904,255.348
1780997960.935362,9.07,7.643,0.012,0.012,261.912,256.973,255.344
1780997960.95047,9.127,7.714,0.012,0.012,261.954,256.966,255.313
1780997960.9617112,8.789,7.571,0.012,0.012,261.825,257.043,255.354
1780997960.976676,8.845,7.5,0.012,0.012,261.846,257.005,255.372
1780997960.9880269,8.507,7.286,0.011,0.011,261.698,257.072,255.439
1780997961.002945,8.732,7.429,0.012,0.012,261.816,257.025,255.379
1780997961.0179882,8.563,7.286,0.011,0.011,261.747,257.049,255.417
1780997961.0292292,8.507,7.643,0.011,0.012,261.811,257.12,255.291
1780997961.071108,8.394,7.286,0.011,0.011,261.707,257.086,255.417
1780997961.071489,8.451,7.357,0.011,0.012,261.751,257.076,255.387
1780997961.071819,8.282,7.071,0.011,0.011,261.655,257.075,255.474
1780997961.085941,8.451,7.214,0.011,0.011,261.75,257.047,255.417
1780997961.0970829,8.451,7.0,0.011,0.011,261.719,257.009,255.481
1780997961.112139,8.225,6.643,0.011,0.011,261.584,257.016,255.596
1780997961.127122,8.507,7.071,0.012,0.011,261.773,257.006,255.436
1780997961.1383061,8.394,7.0,0.011,0.011,261.724,257.027,255.459
1780997961.153353,8.282,7.071,0.011,0.011,261.707,257.073,255.429
1780997961.168276,8.282,6.786,0.011,0.011,261.66,257.023,255.521
1780997961.180258,8.113,6.714,0.011,0.011,261.599,257.062,255.538
1780997961.195319,8.0,6.571,0.011,0.011,261.541,257.068,255.583
1780997961.206363,8.113,6.643,0.011,0.011,261.604,257.041,255.554
1780997961.221299,8.0,6.857,0.011,0.011,261.615,257.11,255.476
1780997961.2363331,7.718,6.929,0.011,0.011,261.541,257.206,255.449
1780997961.2473931,7.775,6.857,0.011,0.011,261.556,257.167,255.474
1780997961.2896209,7.718,6.857,0.011,0.011,261.546,257.176,255.474
1780997961.290059,8.0,7.214,0.011,0.012,261.712,257.149,255.351
1780997961.2903922,7.831,6.643,0.011,0.011,261.548,257.096,255.551
1780997961.3035278,7.831,6.5,0.011,0.011,261.529,257.073,255.589
1780997961.3154402,7.662,6.357,0.011,0.011,261.46,257.104,255.621
1780997961.330293,7.718,6.143,0.011,0.01,261.449,257.05,255.684
1780997961.345309,7.775,5.857,0.011,0.01,261.42,256.985,255.774
1780997961.356513,7.718,5.643,0.011,0.01,261.375,256.97,255.829
1780997961.37152,7.662,5.643,0.011,0.01,261.371,256.994,255.81
1780997961.386561,7.549,5.5,0.011,0.009,261.311,257.006,255.852
1780997961.397794,7.775,5.429,0.011,0.009,261.383,256.927,255.864
1780997961.412842,7.775,5.571,0.011,0.01,261.419,256.957,255.802
1780997961.424148,7.549,5.786,0.011,0.01,261.393,257.066,255.72
1780997961.43926,7.493,5.786,0.01,0.01,261.377,257.082,255.719
1780997961.454077,7.606,5.786,0.011,0.01,261.423,257.046,255.712
1780997961.4657202,7.549,5.786,0.011,0.01,261.408,257.062,255.71
1780997961.510317,7.324,5.571,0.01,0.01,261.3,257.088,255.782
1780997961.510716,7.324,5.643,0.01,0.01,261.321,257.097,255.754
1780997961.511041,7.324,5.929,0.01,0.01,261.38,257.141,255.657
1780997961.5220659,7.437,6.071,0.011,0.011,261.441,257.121,255.623
1780997961.533064,7.268,6.5,0.01,0.011,261.469,257.245,255.476
1780997961.548269,7.099,6.214,0.01,0.011,261.358,257.237,255.584
1780997961.563234,7.211,6.429,0.01,0.011,261.443,257.232,255.512
1780997961.575027,6.986,6.286,0.01,0.011,261.344,257.265,255.569
1780997961.5900538,6.93,6.143,0.01,0.011,261.305,257.252,255.617
1780997961.6051579,6.704,6.143,0.01,0.011,261.237,257.311,255.621
1780997961.616519,6.761,6.571,0.01,0.011,261.345,257.362,255.474
1780997961.6318011,6.479,6.714,0.009,0.011,261.282,257.459,255.437
1780997961.642826,6.479,6.643,0.009,0.011,261.272,257.435,255.47
1780997961.6577432,6.423,7.143,0.009,0.012,261.354,257.525,255.309
1780997961.67269,6.366,6.857,0.009,0.011,261.285,257.476,255.419
1780997961.683917,6.366,6.929,0.009,0.012,261.3,257.479,255.402
1780997961.726618,6.197,7.286,0.009,0.012,261.316,257.588,255.282
1780997961.727017,6.197,7.214,0.009,0.012,261.301,257.566,255.317
1780997961.727333,6.254,7.286,0.009,0.012,261.341,257.549,255.298
1780997961.7407439,6.197,7.429,0.009,0.012,261.353,257.583,255.254
1780997961.75189,5.859,7.643,0.009,0.012,261.287,257.713,255.188
1780997961.7668989,5.859,7.643,0.009,0.012,261.295,257.696,255.198
1780997961.782093,5.69,7.714,0.009,0.013,261.259,257.748,255.18
1780997961.7929878,5.859,7.714,0.009,0.012,261.316,257.688,255.186
1780997961.807758,5.634,7.857,0.008,0.013,261.269,257.781,255.139
1780997961.822639,5.634,7.857,0.008,0.013,261.269,257.781,255.139
1780997961.8339899,5.239,8.143,0.008,0.013,261.202,257.94,255.048
1780997961.848753,5.239,8.071,0.008,0.013,261.197,257.906,255.085
1780997961.860908,5.408,8.0,0.008,0.013,261.249,257.823,255.117
1780997961.87582,5.127,8.071,0.008,0.013,261.175,257.906,255.104
1780997961.890651,5.014,8.143,0.008,0.013,261.16,257.944,255.081
1780997961.901994,4.958,8.071,0.008,0.013,261.135,257.936,255.111
1780997961.945338,4.901,8.0,0.008,0.013,261.116,257.932,255.133
1780997961.9456918,4.676,8.143,0.007,0.013,261.08,258.015,255.085
1780997961.9460218,4.563,8.286,0.007,0.013,261.079,258.069,255.036
1780997961.9580538,4.507,8.214,0.007,0.013,261.059,258.06,255.062
1780997961.969089,4.394,8.214,0.007,0.013,261.03,258.088,255.062
1780997961.9840782,4.507,7.929,0.007,0.013,261.018,257.996,255.161
1780997961.999082,4.451,7.929,0.007,0.013,261.007,258.009,255.158
1780997962.011057,4.451,8.071,0.007,0.013,261.045,258.026,255.106
1780997962.025974,4.282,8.0,0.007,0.013,260.987,258.06,255.127
1780997962.0410922,4.338,8.071,0.007,0.013,261.023,258.054,255.1
1780997962.052333,4.169,8.214,0.007,0.013,261.004,258.129,255.047
1780997962.067351,4.338,7.786,0.007,0.012,260.984,257.996,255.19
1780997962.07866,4.169,7.5,0.007,0.012,260.882,257.999,255.281
1780997962.093514,4.282,7.5,0.007,0.012,260.927,257.963,255.273
1780997962.108607,4.225,7.429,0.007,0.012,260.904,257.973,255.285
1780997962.120577,4.507,7.571,0.008,0.012,261.031,257.911,255.229
1780997962.163799,4.394,7.071,0.007,0.012,260.902,257.861,255.394
1780997962.16419,4.394,7.071,0.007,0.012,260.912,257.872,255.375
1780997962.164491,4.394,6.929,0.007,0.011,260.891,257.856,255.409
1780997962.176596,4.338,7.0,0.007,0.012,260.893,257.897,255.367
1780997962.187881,4.451,6.714,0.007,0.011,260.881,257.815,255.458
1780997962.2027142,4.507,6.929,0.008,0.012,260.944,257.842,255.374
1780997962.217725,4.62,6.929,0.008,0.012,260.982,257.812,255.368
1780997962.228679,4.563,7.071,0.008,0.012,260.988,257.867,255.311
1780997962.243773,4.732,7.0,0.008,0.012,261.028,257.805,255.334
1780997962.2589319,5.014,6.786,0.008,0.012,261.077,257.685,255.405
1780997962.270775,4.789,7.143,0.008,0.012,261.062,257.827,255.282
1780997962.285995,4.958,7.214,0.008,0.012,261.126,257.789,255.261
1780997962.2973309,5.521,7.429,0.009,0.012,261.341,257.661,255.189
1780997962.312156,5.634,7.214,0.009,0.012,261.322,257.6,255.266
1780997962.327125,5.634,7.214,0.009,0.012,261.304,257.613,255.269
1780997962.338474,5.859,7.0,0.009,0.012,261.33,257.512,255.343
1780997962.379266,5.915,7.214,0.009,0.012,261.376,257.552,255.263
1780997962.3796322,5.859,7.214,0.009,0.012,261.347,257.58,255.262
1780997962.380237,5.859,6.786,0.009,0.012,261.26,257.517,255.401
1780997962.3953888,6.141,7.0,0.01,0.012,261.391,257.475,255.324
1780997962.4064991,6.423,6.786,0.01,0.012,261.432,257.361,255.397
1780997962.4214451,6.479,7.5,0.01,0.013,261.577,257.486,255.146
1780997962.436449,6.592,7.429,0.01,0.013,261.586,257.449,255.174
1780997962.4475698,6.761,7.143,0.01,0.012,261.578,257.353,255.273
1780997962.4626849,6.817,7.071,0.01,0.012,261.574,257.337,255.293
1780997962.477843,6.704,7.143,0.01,0.012,261.54,257.396,255.266
1780997962.489126,6.986,6.929,0.01,0.012,261.587,257.276,255.341
1780997962.504116,7.099,7.071,0.011,0.012,261.645,257.277,255.288
1780997962.515836,7.268,7.071,0.011,0.012,261.694,257.232,255.287
1780997962.530965,7.324,7.071,0.011,0.012,261.7,257.23,255.284
1780997962.546046,7.606,7.286,0.011,0.012,261.827,257.19,255.21
1780997962.557293,7.718,7.143,0.011,0.012,261.823,257.14,255.261
1780997962.59825,7.662,7.0,0.011,0.012,261.768,257.142,255.308
1780997962.5986502,7.662,7.143,0.011,0.012,261.786,257.178,255.257
1780997962.598969,7.606,7.357,0.011,0.013,261.805,257.236,255.184
1780997962.6134028,7.549,7.214,0.011,0.012,261.753,257.231,255.235
1780997962.6252532,7.493,7.643,0.011,0.013,261.816,257.321,255.092
1780997962.640304,7.155,7.714,0.01,0.013,261.715,257.427,255.081
1780997962.655335,7.211,7.857,0.011,0.013,261.764,257.424,255.04
1780997962.666528,7.099,8.071,0.01,0.013,261.766,257.485,254.979
1780997962.681547,7.324,8.429,0.011,0.014,261.91,257.464,254.872
1780997962.696488,7.099,8.357,0.01,0.014,261.817,257.514,254.907
1780997962.707813,7.099,8.214,0.01,0.013,261.788,257.477,254.968
1780997962.722791,6.986,8.286,0.01,0.014,261.768,257.515,254.948
1780997962.734126,6.817,8.286,0.01,0.014,261.716,257.559,254.953
1780997962.749047,6.873,8.143,0.01,0.013,261.711,257.51,255.003
1780997962.7641249,6.873,8.5,0.01,0.014,261.785,257.567,254.884
1780997962.77599,6.761,8.571,0.01,0.014,261.765,257.608,254.862
1780997962.818191,6.592,8.571,0.01,0.014,261.714,257.652,254.865
1780997962.818551,6.817,8.5,0.01,0.014,261.779,257.563,254.893
1780997962.818887,6.648,8.786,0.01,0.014,261.778,257.657,254.803
1780997962.831858,6.479,8.929,0.01,0.014,261.75,257.727,254.762
1780997962.843023,6.648,8.643,0.01,0.014,261.755,257.617,254.863
1780997962.858117,6.535,8.857,0.01,0.014,261.764,257.681,254.794
1780997962.873166,6.479,8.5,0.01,0.014,261.676,257.629,254.921
1780997962.884938,6.423,9.071,0.01,0.015,261.779,257.74,254.724
1780997962.900223,6.31,8.929,0.01,0.014,261.715,257.742,254.778
1780997962.915275,6.197,9.0,0.009,0.014,261.697,257.786,254.753
1780997962.926492,6.31,8.929,0.01,0.014,261.725,257.732,254.78
1780997962.9415119,6.31,8.786,0.01,0.014,261.7,257.699,254.833
1780997962.9528708,6.31,8.857,0.01,0.014,261.716,257.71,254.808
1780997962.967723,6.31,8.786,0.01,0.014,261.709,257.695,254.829
1780997962.982504,6.479,9.0,0.01,0.014,261.809,257.681,254.754
1780997962.993976,6.254,8.643,0.01,0.014,261.666,257.693,254.869
1780997963.035928,6.254,8.214,0.01,0.013,261.59,257.619,255.007
1780997963.036316,6.254,8.071,0.01,0.013,261.574,257.602,255.037
1780997963.036652,6.141,8.214,0.009,0.013,261.574,257.667,254.976
1780997963.050336,6.366,7.786,0.01,0.013,261.575,257.52,255.115
1780997963.061407,6.366,8.071,0.01,0.013,261.641,257.578,255.001
1780997963.07652,6.479,7.857,0.01,0.013,261.645,257.51,255.062
1780997963.091535,6.085,7.786,0.009,0.013,261.505,257.628,255.075
1780997963.102707,6.197,7.357,0.01,0.012,261.467,257.52,255.212
1780997963.11769,6.31,7.214,0.01,0.012,261.49,257.468,255.242
1780997963.132589,6.141,7.214,0.01,0.012,261.444,257.529,255.224
1780997963.143936,6.31,7.143,0.01,0.012,261.496,257.467,255.237
1780997963.158922,6.31,7.0,0.01,0.012,261.48,257.45,255.268
1780997963.170868,6.141,6.857,0.01,0.012,261.409,257.484,255.299
1780997963.1858199,6.31,6.786,0.01,0.012,261.461,257.423,255.312
1780997963.200733,6.141,6.714,0.01,0.012,261.398,257.462,255.33
1780997963.2118971,6.085,6.5,0.009,0.012,261.348,257.445,255.391
1780997963.2547,6.197,6.5,0.01,0.012,261.394,257.414,255.38
1780997963.255146,6.197,6.5,0.01,0.012,261.403,257.418,255.368
1780997963.2554848,6.197,6.5,0.01,0.012,261.408,257.421,255.361
1780997963.2678652,6.085,6.5,0.01,0.012,261.377,257.46,255.351
1780997963.279032,6.366,6.214,0.01,0.011,261.422,257.323,255.443
1780997963.2940319,6.085,6.071,0.01,0.011,261.305,257.391,255.482
1780997963.308938,6.197,5.786,0.01,0.011,261.298,257.307,255.57
1780997963.320606,6.085,5.929,0.01,0.011,261.297,257.376,255.504
1780997963.335737,6.197,5.786,0.01,0.011,261.315,257.321,255.541
1780997963.350718,5.972,6.071,0.009,0.011,261.299,257.446,255.434
1780997963.362016,6.141,5.714,0.01,0.011,261.299,257.331,255.546
1780997963.377076,6.197,5.643,0.01,0.011,261.311,257.304,255.562
1780997963.388342,6.085,5.786,0.01,0.011,261.303,257.372,255.503
1780997963.403216,6.254,5.5,0.01,0.011,261.306,257.268,255.602
1780997963.4183092,6.197,5.714,0.01,0.011,261.334,257.33,255.516
1780997963.4302368,6.31,5.714,0.01,0.011,261.372,257.299,255.512
1780997963.473858,6.366,5.643,0.01,0.011,261.377,257.273,255.532
1780997963.4742882,6.254,6.0,0.01,0.012,261.41,257.374,255.404
1780997963.474601,6.648,5.786,0.01,0.011,261.503,257.212,255.478
1780997963.486013,6.254,5.929,0.01,0.011,261.393,257.362,255.431
1780997963.497091,6.31,5.929,0.01,0.011,261.41,257.345,255.432
1780997963.5122502,6.479,5.643,0.01,0.011,261.414,257.245,255.525
1780997963.527204,6.31,5.714,0.01,0.011,261.364,257.314,255.504
1780997963.538348,6.648,6.0,0.01,0.011,261.528,257.262,255.407
1780997963.553387,6.535,5.929,0.01,0.011,261.468,257.287,255.436
1780997963.568539,6.535,5.929,0.01,0.011,261.467,257.288,255.436
1780997963.5803509,6.592,5.929,0.01,0.011,261.484,257.272,255.436
1780997963.595357,6.479,6.0,0.01,0.011,261.461,257.319,255.411
1780997963.606703,6.648,5.929,0.01,0.011,261.507,257.252,255.435
1780997963.621601,6.479,5.929,0.01,0.011,261.445,257.303,255.442
1780997963.6366029,6.592,6.071,0.01,0.012,261.51,257.292,255.393
1780997963.64796,6.648,6.0,0.01,0.011,261.514,257.261,255.42
1780997963.692083,6.648,5.929,0.01,0.011,261.501,257.25,255.443
1780997963.692498,6.479,5.929,0.01,0.011,261.444,257.303,255.442
1780997963.69281,6.423,6.214,0.01,0.012,261.484,257.368,255.343
1780997963.703989,6.479,6.0,0.01,0.011,261.466,257.309,255.417
1780997963.715785,6.31,6.286,0.01,0.012,261.467,257.409,255.319
1780997963.7308002,6.31,6.429,0.01,0.012,261.498,257.432,255.269
1780997963.7460291,6.31,6.286,0.01,0.012,261.473,257.402,255.321
1780997963.757204,6.366,6.143,0.01,0.012,261.469,257.352,255.372
1780997963.772217,6.31,6.286,0.01,0.012,261.48,257.393,255.323
1780997963.7874,5.915,6.429,0.009,0.012,261.377,257.535,255.278
1780997963.7986271,6.197,6.357,0.01,0.012,261.464,257.428,255.303
1780997963.813539,6.141,6.071,0.01,0.012,261.394,257.389,255.404
1780997963.825312,6.085,6.214,0.01,0.012,261.41,257.427,255.353
1780997963.840238,6.028,6.143,0.01,0.012,261.382,257.429,255.377
1780997963.855139,5.915,6.071,0.009,0.012,261.333,257.45,255.4
1780997963.8663611,5.972,6.357,0.01,0.012,261.415,257.481,255.296
1780997963.908967,5.972,6.571,0.01,0.012,261.458,257.509,255.231
1780997963.909396,6.028,6.5,0.01,0.012,261.464,257.473,255.26
1780997963.909717,5.915,6.429,0.01,0.012,261.412,257.492,255.288
1780997963.922427,5.859,6.571,0.009,0.012,261.424,257.532,255.239
1780997963.93343,6.028,6.714,0.01,0.012,261.507,257.504,255.192
1780997963.9487538,6.085,6.714,0.01,0.012,261.525,257.482,255.197
1780997963.963373,5.859,6.714,0.009,0.012,261.449,257.552,255.198
1780997963.975132,6.141,6.786,0.01,0.013,261.558,257.473,255.176
1780997963.990164,6.085,6.571,0.01,0.012,261.497,257.45,255.253
1780997964.005279,6.085,6.929,0.01,0.013,261.564,257.511,255.134
1780997964.016507,6.141,6.857,0.01,0.013,261.568,257.479,255.161
1780997964.0315971,5.859,6.857,0.009,0.013,261.473,257.567,255.161
1780997964.042758,6.028,6.857,0.01,0.013,261.53,257.511,255.164
1780997964.057621,6.141,6.786,0.01,0.012,261.553,257.466,255.188
1780997964.0725849,5.915,7.071,0.01,0.013,261.535,257.584,255.091
1780997964.083773,5.915,6.929,0.01,0.013,261.507,257.552,255.146
1780997964.1274838,5.972,6.929,0.01,0.013,261.526,257.534,255.146
1780997964.1279051,6.085,7.357,0.01,0.013,261.649,257.572,255.0
1780997964.1282408,6.028,7.071,0.01,0.013,261.568,257.533,255.109
1780997964.14043,5.972,7.071,0.01,0.013,261.548,257.549,255.112
1780997964.1516008,5.803,7.357,0.009,0.013,261.546,257.649,255.018
1780997964.1666062,5.915,7.357,0.01,0.013,261.583,257.61,255.022
1780997964.181857,6.141,7.571,0.01,0.014,261.696,257.577,254.954
1780997964.192805,6.028,7.571,0.01,0.014,261.652,257.611,254.96
1780997964.207904,6.141,7.5,0.01,0.013,261.672,257.56,254.991
1780997964.222889,6.254,7.643,0.01,0.014,261.729,257.554,254.945
1780997964.2349608,6.254,7.429,0.01,0.013,261.684,257.517,255.022
1780997964.24986,6.141,7.786,0.01,0.014,261.716,257.613,254.901
1780997964.261121,6.085,7.429,0.01,0.013,261.626,257.567,255.025
1780997964.276221,6.197,7.571,0.01,0.013,261.693,257.56,254.973
1780997964.291164,6.423,7.357,0.01,0.013,261.729,257.451,255.045
1780997964.302345,6.197,7.571,0.01,0.013,261.691,257.562,254.972
1780997964.346161,6.197,7.714,0.01,0.014,261.719,257.588,254.922
1780997964.3465128,6.197,7.5,0.01,0.013,261.683,257.55,254.99
1780997964.346852,6.141,7.286,0.01,0.013,261.625,257.529,255.062
1780997964.35836,6.085,7.357,0.01,0.013,261.622,257.563,255.032
1780997964.37008,6.085,7.143,0.01,0.013,261.591,257.525,255.096
1780997964.385216,6.423,7.286,0.01,0.013,261.742,257.444,255.04
1780997964.40021,6.028,7.286,0.01,0.013,261.612,257.566,255.039
1780997964.411436,6.141,7.143,0.01,0.013,261.633,257.508,255.075
1780997964.4264278,5.859,7.071,0.01,0.013,261.531,257.583,255.094
1780997964.441417,6.085,6.857,0.01,0.013,261.57,257.475,255.163
1780997964.452534,5.803,6.929,0.01,0.013,261.498,257.578,255.128
1780997964.467639,5.746,6.643,0.009,0.012,261.435,257.542,255.22
1780997964.4788969,5.69,6.714,0.009,0.012,261.443,257.569,255.187
1780997964.493859,5.859,6.786,0.01,0.013,261.52,257.526,255.159
1780997964.5088398,5.859,6.786,0.01,0.013,261.524,257.525,255.157
1780997964.5206552,5.859,6.357,0.01,0.012,261.443,257.452,255.299
1780997964.564758,5.972,6.857,0.01,0.013,261.584,257.507,255.12
1780997964.565214,5.915,6.714,0.01,0.013,261.541,257.5,255.165
1780997964.5655491,5.577,6.714,0.009,0.013,261.429,257.609,255.16
1780997964.576763,5.915,6.5,0.01,0.012,261.507,257.467,255.227
1780997964.58788,5.859,6.857,0.01,0.013,261.563,257.549,255.098
1780997964.6029708,5.859,6.714,0.01,0.013,261.53,257.526,255.149
1780997964.61796,5.972,6.571,0.01,0.012,261.54,257.473,255.192
1780997964.6297112,5.972,6.429,0.01,0.012,261.514,257.453,255.235
1780997964.6447842,6.028,6.357,0.01,0.012,261.522,257.424,255.256
1780997964.659987,6.141,6.5,0.01,0.012,261.587,257.418,255.204
1780997964.671169,5.915,6.857,0.01,0.013,261.582,257.555,255.076
1780997964.686232,5.972,6.643,0.01,0.013,261.562,257.499,255.147
1780997964.697647,6.085,6.357,0.01,0.012,261.544,257.414,255.246
1780997964.7125728,6.141,6.5,0.01,0.012,261.591,257.429,255.188
1780997964.727576,6.028,6.286,0.01,0.012,261.512,257.431,255.258
1780997964.7387378,6.141,6.214,0.01,0.012,261.541,257.387,255.274
1780997964.7817721,6.085,5.929,0.01,0.012,261.473,257.357,255.364
1780997964.782207,6.141,6.143,0.01,0.012,261.54,257.383,255.278
1780997964.782523,6.31,5.929,0.01,0.012,261.558,257.295,255.348
1780997964.7954738,5.859,6.286,0.01,0.012,261.477,257.503,255.22
1780997964.806443,6.085,5.929,0.01,0.012,261.484,257.368,255.344
1780997964.821546,6.31,6.071,0.01,0.012,261.591,257.326,255.288
1780997964.8365812,6.085,6.143,0.01,0.012,261.53,257.411,255.26
1780997964.8476732,6.366,6.0,0.01,0.012,261.599,257.3,255.307
1780997964.862689,6.028,5.857,0.01,0.012,261.458,257.379,255.356
1780997964.8776178,6.085,6.143,0.01,0.012,261.536,257.413,255.254
1780997964.8888268,6.197,6.0,0.01,0.012,261.548,257.351,255.302
1780997964.903881,6.31,6.071,0.01,0.012,261.599,257.33,255.276
1780997964.915621,6.366,6.071,0.01,0.012,261.617,257.318,255.273
1780997964.930838,6.085,5.929,0.01,0.012,261.496,257.378,255.324
1780997964.945785,6.31,5.857,0.01,0.012,261.559,257.295,255.347
1780997964.957116,6.254,6.071,0.01,0.012,261.582,257.351,255.273
1780997964.9988859,6.085,6.071,0.01,0.012,261.526,257.401,255.273
1780997964.999368,6.254,6.286,0.01,0.012,261.627,257.384,255.201
1780997964.999678,6.31,6.214,0.01,0.012,261.63,257.354,255.226
1780997965.013012,6.31,6.143,0.01,0.012,261.615,257.343,255.251
1780997965.024746,6.31,6.357,0.01,0.013,261.657,257.38,255.177
1780997965.0398028,6.31,6.429,0.01,0.013,261.67,257.394,255.152
1780997965.05476,6.085,6.5,0.01,0.013,261.607,257.477,255.128
1780997965.065902,6.197,6.214,0.01,0.012,261.593,257.388,255.227
1780997965.080972,5.972,6.286,0.01,0.012,261.534,257.469,255.202
1780997965.0959392,6.31,6.0,0.01,0.012,261.596,257.31,255.299
1780997965.1071959,6.423,6.357,0.011,0.013,261.703,257.338,255.176
1780997965.122304,6.254,6.643,0.01,0.013,261.699,257.445,255.078
1780997965.133582,6.141,6.214,0.01,0.012,261.58,257.401,255.225
1780997965.1485739,6.197,6.0,0.01,0.012,261.561,257.345,255.296
1780997965.163587,6.197,6.214,0.01,0.012,261.604,257.387,255.218
1780997965.1754198,6.31,6.357,0.01,0.013,261.673,257.377,255.166
1780997965.2179399,6.141,6.429,0.01,0.013,261.632,257.441,255.141
1780997965.2183099,5.634,6.429,0.009,0.013,261.467,257.596,255.14
1780997965.218647,6.141,6.286,0.01,0.013,261.62,257.407,255.184
1780997965.2316532,6.028,6.214,0.01,0.012,261.572,257.427,255.207
1780997965.242728,5.972,6.357,0.01,0.013,261.585,257.467,255.157
1780997965.257656,5.915,6.286,0.01,0.013,261.56,257.467,255.18
1780997965.272545,5.803,6.214,0.01,0.012,261.511,257.489,255.203
1780997965.283794,5.859,6.357,0.01,0.013,261.562,257.491,255.155
1780997965.2989209,5.915,6.714,0.01,0.013,261.651,257.535,255.033
1780997965.313805,5.915,6.071,0.01,0.012,261.528,257.412,255.261
1780997965.325687,5.859,6.214,0.01,0.012,261.54,257.458,255.206
1780997965.340702,5.972,6.214,0.01,0.012,261.581,257.422,255.205
1780997965.3520262,6.028,6.571,0.01,0.013,261.673,257.468,255.079
1780997965.3670511,5.915,6.429,0.01,0.013,261.605,257.475,255.132
1780997965.381984,5.859,6.5,0.01,0.013,261.599,257.505,255.108
1780997965.393308,5.859,6.571,0.01,0.013,261.613,257.516,255.085
1780997965.43577,6.085,6.714,0.01,0.013,261.715,257.471,255.038
1780997965.436136,5.859,6.857,0.01,0.013,261.661,257.566,254.995
1780997965.436476,6.085,6.714,0.01,0.013,261.704,257.469,255.05
1780997965.4499578,5.915,6.571,0.01,0.013,261.62,257.495,255.099
1780997965.4610162,6.141,6.5,0.01,0.013,261.682,257.414,255.123
1780997965.475949,5.972,6.429,0.01,0.013,261.61,257.457,255.145
1780997965.491007,6.197,6.857,0.01,0.013,261.77,257.463,254.996
1780997965.502186,5.746,6.857,0.01,0.013,261.615,257.603,255.001
1780997965.517299,6.028,6.571,0.01,0.013,261.66,257.46,255.097
1780997965.532306,6.197,6.643,0.01,0.013,261.735,257.419,255.07
1780997965.5436769,6.028,6.357,0.01,0.013,261.622,257.425,255.165
1780997965.5586078,5.915,6.5,0.01,0.013,261.616,257.485,255.113
1780997965.570576,5.972,6.429,0.01,0.013,261.628,257.455,255.131
1780997965.585571,6.141,6.143,0.01,0.012,261.634,257.354,255.223
1780997965.600597,5.915,6.214,0.01,0.012,261.577,257.438,255.192
1780997965.6116638,6.085,6.214,0.01,0.012,261.639,257.387,255.186
1780997965.653085,6.085,6.143,0.01,0.012,261.63,257.379,255.202
1780997965.65346,5.972,5.786,0.01,0.012,261.529,257.356,255.315
1780997965.6537979,6.085,6.0,0.01,0.012,261.614,257.36,255.235
1780997965.6679091,5.859,5.714,0.01,0.012,261.487,257.383,255.326
1780997965.679768,6.085,6.143,0.01,0.013,261.65,257.391,255.173
1780997965.69484,5.803,6.0,0.01,0.012,261.529,257.452,255.222
1780997965.709762,5.972,6.0,0.01,0.012,261.581,257.405,255.22
1780997965.720909,5.915,6.0,0.01,0.012,261.572,257.42,255.214
1780997965.7359722,5.972,6.071,0.01,0.012,261.607,257.413,255.19
1780997965.751053,5.859,6.0,0.01,0.012,261.559,257.433,255.214
1780997965.762385,5.915,6.143,0.01,0.013,261.604,257.44,255.167
1780997965.7774951,6.085,6.286,0.01,0.013,261.685,257.411,255.122
1780997965.788651,6.085,6.143,0.01,0.013,261.654,257.385,255.175
1780997965.803644,6.197,6.786,0.011,0.014,261.815,257.464,254.956
1780997965.818423,6.423,6.643,0.011,0.013,261.856,257.37,255.01
1780997965.8303502,6.31,6.643,0.011,0.013,261.81,257.406,255.016
1780997965.873303,6.366,6.643,0.011,0.013,261.826,257.388,255.019
1780997965.873703,6.197,6.714,0.01,0.013,261.78,257.451,254.999
1780997965.874021,6.028,6.571,0.01,0.013,261.699,257.475,255.048
1780997965.886486,6.141,6.643,0.01,0.013,261.746,257.454,255.027
1780997965.897662,6.085,6.786,0.01,0.013,261.757,257.493,254.979
1780997965.9126332,5.746,6.5,0.01,0.013,261.588,257.54,255.085
1780997965.927605,5.859,6.571,0.01,0.013,261.646,257.512,255.06
1780997965.93873,6.028,6.429,0.01,0.013,261.678,257.434,255.106
1780997965.9538932,6.085,6.857,0.01,0.014,261.784,257.491,254.958
1780997965.968941,5.972,6.214,0.01,0.013,261.622,257.411,255.178
1780997965.980813,5.803,6.5,0.01,0.013,261.627,257.516,255.073
1780997965.995861,5.859,6.143,0.01,0.012,261.589,257.434,255.186
1780997966.0071712,5.69,6.071,0.01,0.012,261.525,257.474,255.204
1780997966.022174,5.465,6.286,0.01,0.013,261.504,257.582,255.119
1780997966.0371,5.859,6.071,0.01,0.013,261.606,257.42,255.185
1780997966.048372,5.746,6.071,0.01,0.013,261.574,257.456,255.179
1780997966.092438,5.746,5.857,0.01,0.012,261.54,257.419,255.245
1780997966.092878,5.746,6.0,0.01,0.012,261.576,257.444,255.188
1780997966.093194,5.69,5.643,0.01,0.012,261.496,257.397,255.304
1780997966.10497,5.577,5.786,0.01,0.012,261.49,257.46,255.25
1780997966.116076,5.859,6.0,0.01,0.013,261.632,257.412,255.169
1780997966.131138,5.803,5.929,0.01,0.012,261.601,257.419,255.189
1780997966.1461089,5.521,5.857,0.01,0.012,261.496,257.496,255.209
1780997966.15733,5.803,5.786,0.01,0.012,261.581,257.393,255.232
1780997966.172399,5.915,5.929,0.01,0.013,261.648,257.383,255.182
1780997966.1874628,5.634,6.286,0.01,0.013,261.622,257.534,255.061
1780997966.198932,5.521,6.143,0.01,0.013,261.558,257.539,255.112
1780997966.213691,5.634,6.214,0.01,0.013,261.61,257.513,255.091
1780997966.2256541,5.69,6.071,0.01,0.013,261.601,257.467,255.143
1780997966.2404742,5.746,6.429,0.01,0.013,261.688,257.512,255.023
1780997966.255595,5.746,6.286,0.01,0.013,261.659,257.485,255.075
1780997966.266913,5.915,6.429,0.01,0.013,261.742,257.455,255.029
1780997966.310535,5.296,6.143,0.009,0.013,261.474,257.599,255.13
1780997966.310983,5.746,6.214,0.01,0.013,261.641,257.466,255.109
1780997966.311319,5.859,6.357,0.01,0.013,261.705,257.458,255.059
1780997966.3228748,5.859,6.214,0.01,0.013,261.675,257.437,255.106
1780997966.3347242,5.859,6.5,0.01,0.013,261.729,257.491,255.006
1780997966.349868,6.028,6.643,0.011,0.014,261.808,257.464,254.962
1780997966.365293,6.197,6.286,0.011,0.013,261.791,257.352,255.085
1780997966.37609,6.085,6.286,0.011,0.013,261.75,257.388,255.087
1780997966.391168,6.141,6.429,0.011,0.013,261.796,257.397,255.037
1780997966.4061608,6.085,6.357,0.011,0.013,261.761,257.404,255.062
1780997966.417346,6.141,6.214,0.011,0.013,261.75,257.362,255.111
1780997966.43222,6.197,6.429,0.011,0.013,261.814,257.384,255.033
1780997966.4436831,6.141,6.0,0.011,0.013,261.71,257.332,255.176
1780997966.4586618,6.085,6.071,0.011,0.013,261.707,257.368,255.144
1780997966.473533,6.423,6.214,0.011,0.013,261.849,257.292,255.091
1780997966.485513,6.31,6.5,0.011,0.013,261.866,257.383,254.988
1780997966.528328,6.197,6.0,0.011,0.013,261.729,257.33,255.161
1780997966.528762,6.31,6.071,0.011,0.013,261.78,257.311,255.135
1780997966.5290859,6.197,6.0,0.011,0.013,261.731,257.334,255.155
1780997966.541491,6.254,6.071,0.011,0.013,261.766,257.332,255.126
1780997966.552759,6.31,6.0,0.011,0.013,261.772,257.303,255.149
1780997966.567698,6.197,5.929,0.011,0.013,261.727,257.326,255.167
1780997966.582714,6.197,5.929,0.011,0.013,261.731,257.324,255.165
1780997966.593958,5.972,6.357,0.01,0.013,261.741,257.472,255.014
1780997966.609601,6.197,5.857,0.011,0.012,261.723,257.31,255.185
1780997966.624628,6.197,5.929,0.011,0.013,261.743,257.324,255.154
1780997966.635883,5.915,6.0,0.01,0.013,261.667,257.426,255.124
1780997966.651032,6.085,5.714,0.011,0.012,261.673,257.32,255.22
1780997966.662399,5.803,6.0,0.01,0.013,261.637,257.457,255.121
1780997966.677275,6.141,6.143,0.011,0.013,261.785,257.372,255.07
1780997966.692189,5.972,6.143,0.01,0.013,261.729,257.424,255.071
1780997966.7034502,5.972,6.071,0.01,0.013,261.716,257.411,255.095
1780997966.746776,6.028,5.786,0.011,0.012,261.682,257.337,255.196
1780997966.747222,6.141,6.286,0.011,0.013,261.819,257.391,255.023
1780997966.747565,5.972,6.0,0.01,0.013,261.706,257.393,255.121
1780997966.760283,5.972,6.429,0.01,0.013,261.791,257.469,254.973
1780997966.7713,6.085,6.214,0.011,0.013,261.787,257.391,255.051
1780997966.7863731,5.915,6.357,0.01,0.013,261.754,257.469,255.005
1780997966.8013399,6.028,6.357,0.011,0.013,261.793,257.433,255.005
1780997966.812441,5.915,6.429,0.01,0.013,261.77,257.478,254.982
1780997966.827519,6.085,6.643,0.011,0.014,261.871,257.459,254.911
1780997966.8425548,6.028,6.357,0.011,0.013,261.792,257.422,255.016
1780997966.8537521,5.972,6.786,0.01,0.014,261.857,257.516,254.869
1780997966.868785,5.972,6.429,0.011,0.013,261.789,257.445,254.997
1780997966.8807108,5.803,6.357,0.01,0.013,261.72,257.484,255.022
1780997966.89572,5.972,6.357,0.011,0.013,261.783,257.428,255.019
1780997966.910775,5.972,6.357,0.011,0.013,261.786,257.428,255.016
1780997966.921988,5.69,6.357,0.01,0.013,261.692,257.513,255.018
1780997966.9646988,6.028,6.357,0.011,0.013,261.807,257.408,255.017
1780997966.965052,5.859,6.5,0.01,0.013,261.778,257.486,254.968
1780997966.9653492,5.859,6.571,0.01,0.014,261.794,257.497,254.943
1780997966.9780228,5.915,6.5,0.01,0.013,261.801,257.465,254.967
1780997966.98985,5.746,6.5,0.01,0.014,261.746,257.519,254.965
1780997967.004931,5.69,6.571,0.01,0.014,261.743,257.55,254.938
1780997967.02,5.915,6.429,0.01,0.013,261.791,257.453,254.987
1780997967.0312479,5.859,6.714,0.01,0.014,261.831,257.522,254.887
1780997967.046089,6.028,6.571,0.011,0.014,261.859,257.444,254.936
1780997967.061134,5.915,5.929,0.01,0.013,261.695,257.365,255.158
1780997967.072309,5.972,6.143,0.011,0.013,261.761,257.39,255.075
1780997967.0874271,5.915,6.357,0.01,0.013,261.786,257.449,254.996
1780997967.0986052,6.141,6.357,0.011,0.013,261.864,257.381,254.992
1780997967.113583,6.028,6.214,0.011,0.013,261.799,257.388,255.043
1780997967.1287181,6.028,6.071,0.011,0.013,261.775,257.368,255.084
1780997967.140296,6.085,6.143,0.011,0.013,261.811,257.365,255.055
1780997967.182812,5.972,6.357,0.011,0.013,261.816,257.441,254.977
1780997967.183221,6.085,5.786,0.011,0.013,261.744,257.304,255.173
1780997967.183514,6.085,6.143,0.011,0.013,261.817,257.373,255.041
1780997967.196426,6.028,6.214,0.011,0.013,261.813,257.406,255.013
1780997967.207606,6.141,6.143,0.011,0.013,261.837,257.358,255.038
1780997967.22264,6.085,6.071,0.011,0.013,261.812,257.361,255.057
1780997967.237538,6.141,6.143,0.011,0.013,261.845,257.359,255.03
1780997967.248787,6.028,6.071,0.011,0.013,261.796,257.38,255.053
1780997967.2637599,6.085,6.214,0.011,0.013,261.843,257.387,255.004
1780997967.2788951,6.141,5.786,0.011,0.013,261.778,257.295,255.152
1780997967.2906308,6.31,6.214,0.011,0.013,261.918,257.323,254.999
1780997967.305716,6.085,6.071,0.011,0.013,261.812,257.37,255.049
1780997967.317048,5.915,6.357,0.01,0.014,261.809,257.472,254.954
1780997967.331841,6.197,6.214,0.011,0.013,261.88,257.355,255.003
1780997967.347104,5.803,6.429,0.01,0.014,261.791,257.517,254.926
1780997967.358283,6.028,6.357,0.011,0.014,261.856,257.428,254.954
1780997967.4011588,5.972,6.429,0.011,0.014,261.853,257.455,254.931
1780997967.401539,6.085,6.571,0.011,0.014,261.921,257.441,254.884
1780997967.401878,5.915,6.143,0.011,0.013,261.783,257.415,255.031
1780997967.414794,5.859,6.286,0.01,0.013,261.792,257.46,254.98
1780997967.425944,5.859,6.214,0.01,0.013,261.783,257.445,255.002
1780997967.440962,5.915,6.286,0.011,0.013,261.819,257.437,254.978
1780997967.456056,5.972,6.357,0.011,0.014,261.858,257.429,254.952
1780997967.4673228,5.915,6.429,0.011,0.014,261.853,257.458,254.928
1780997967.48251,5.803,6.5,0.01,0.014,261.833,257.504,254.902
1780997967.4974651,5.746,6.286,0.01,0.013,261.772,257.479,254.98
1780997967.508801,5.746,6.286,0.01,0.013,261.776,257.477,254.978
1780997967.523835,5.803,6.143,0.01,0.013,261.769,257.435,255.025
1780997967.5357912,5.803,6.571,0.011,0.014,261.857,257.511,254.874
1780997967.550731,5.859,6.5,0.011,0.014,261.863,257.48,254.899
1780997967.565541,5.859,6.357,0.011,0.014,261.835,257.453,254.948
1780997967.576811,5.915,6.357,0.011,0.014,261.857,257.438,254.943
1780997967.618037,6.028,6.429,0.011,0.014,261.913,257.413,254.918
1780997967.6184,5.972,6.286,0.011,0.014,261.867,257.407,254.964
1780997967.6187341,5.915,6.429,0.011,0.014,261.876,257.452,254.914
1780997967.633091,5.972,6.214,0.011,0.013,261.851,257.395,254.99
1780997967.6446579,5.972,6.357,0.011,0.014,261.88,257.421,254.939
1780997967.659772,5.972,6.357,0.011,0.014,261.881,257.422,254.938
1780997967.674874,5.915,6.429,0.011,0.014,261.879,257.454,254.909
1780997967.686046,5.972,6.286,0.011,0.014,261.871,257.41,254.958
1780997967.7011158,6.028,6.214,0.011,0.013,261.874,257.383,254.981
1780997967.716026,5.859,6.357,0.011,0.014,261.846,257.462,254.93
1780997967.7272818,6.141,6.0,0.011,0.013,261.877,257.315,255.044
1780997967.742369,6.028,5.857,0.011,0.013,261.813,257.328,255.088
1780997967.753658,6.028,5.929,0.011,0.013,261.831,257.345,255.056
1780997967.76864,5.972,6.143,0.011,0.013,261.857,257.404,254.976
1780997967.783621,6.141,5.929,0.011,0.013,261.874,257.316,255.045
1780997967.795339,5.972,5.929,0.011,0.013,261.819,257.372,255.041
1780997967.837722,6.085,5.929,0.011,0.013,261.859,257.339,255.036
1780997967.838112,5.972,6.071,0.011,0.013,261.849,257.4,254.987
1780997967.8384619,6.028,6.071,0.011,0.013,261.872,257.382,254.984
1780997967.851584,6.028,6.357,0.011,0.014,261.933,257.429,254.886
1780997967.862707,6.141,5.929,0.011,0.013,261.884,257.317,255.037
1780997967.8777542,5.915,6.286,0.011,0.014,261.879,257.452,254.91
1780997967.892863,6.085,6.071,0.011,0.013,261.897,257.358,254.985
1780997967.904611,6.085,6.071,0.011,0.013,261.897,257.357,254.986
1780997967.919672,5.859,6.214,0.011,0.014,261.849,257.451,254.938
1780997967.934657,6.028,6.5,0.011,0.014,261.962,257.447,254.843
1780997967.9459462,6.254,6.214,0.011,0.014,261.978,257.324,254.946
1780997967.9611242,5.859,6.5,0.011,0.014,261.903,257.497,254.846
1780997967.972341,6.197,6.643,0.011,0.014,262.045,257.413,254.801
1780997967.9871402,5.803,6.643,0.011,0.014,261.907,257.533,254.809
1780997968.0021288,5.859,6.571,0.011,0.014,261.911,257.499,254.837
1780997968.013346,6.028,6.286,0.011,0.014,261.914,257.393,254.936
1780997968.056021,5.803,6.429,0.011,0.014,261.869,257.49,254.883
1780997968.056461,5.859,5.786,0.011,0.013,261.767,257.356,255.102
1780997968.056795,5.746,6.571,0.011,0.014,261.89,257.534,254.823
1780997968.070086,5.803,5.786,0.011,0.013,261.763,257.373,255.09
1780997968.081252,5.69,5.786,0.01,0.013,261.735,257.406,255.082
1780997968.096357,5.746,6.071,0.011,0.013,261.817,257.447,254.971
1780997968.111456,5.465,5.786,0.01,0.013,261.678,257.477,255.065
1780997968.122562,5.521,5.786,0.01,0.013,261.707,257.457,255.059
1780997968.137568,5.352,6.071,0.01,0.014,261.714,257.559,254.954
1780997968.152672,5.521,5.929,0.01,0.013,261.748,257.477,255.003
1780997968.1638138,5.634,5.786,0.011,0.013,261.766,257.414,255.048
1780997968.179164,5.746,5.786,0.011,0.013,261.805,257.381,255.045
1780997968.191047,5.634,5.786,0.011,0.013,261.771,257.415,255.042
1780997968.205882,5.746,5.786,0.011,0.013,261.81,257.382,255.039
1780997968.220901,5.465,6.214,0.01,0.014,261.802,257.545,254.89
1780997968.231959,5.352,5.929,0.01,0.013,261.713,257.525,254.988
1780997968.2741199,5.634,5.786,0.011,0.013,261.786,257.408,255.036
1780997968.274575,5.408,5.786,0.01,0.013,261.712,257.477,255.034
1780997968.274911,5.69,5.857,0.011,0.013,261.824,257.402,255.008
1780997968.28826,5.465,6.357,0.01,0.014,261.843,257.56,254.839
1780997968.300085,5.634,6.071,0.011,0.014,261.844,257.453,254.94
1780997968.3152761,5.746,5.643,0.011,0.013,261.8,257.342,255.087
1780997968.330351,5.634,6.357,0.011,0.014,261.902,257.508,254.837
1780997968.341384,5.521,6.429,0.01,0.014,261.876,257.553,254.817
1780997968.356562,5.69,6.0,0.011,0.013,261.847,257.422,254.968
1780997968.371454,5.521,6.0,0.01,0.014,261.793,257.474,254.965
1780997968.382659,5.408,6.071,0.01,0.014,261.77,257.522,254.94
1780997968.398102,5.521,6.214,0.01,0.014,261.84,257.511,254.888
1780997968.4099,5.69,6.071,0.011,0.014,261.875,257.431,254.935
1780997968.424852,5.408,6.0,0.01,0.014,261.766,257.506,254.959
1780997968.439785,5.746,5.5,0.011,0.013,261.786,257.312,255.128
1780997968.4511418,5.634,6.0,0.011,0.014,261.845,257.443,254.95
1780997968.493836,5.746,5.929,0.011,0.013,261.869,257.396,254.974
1780997968.494327,5.521,5.786,0.01,0.013,261.767,257.441,255.02
1780997968.4946601,5.465,6.0,0.01,0.014,261.794,257.499,254.941
1780997968.5073779,5.859,5.929,0.011,0.014,261.916,257.364,254.962
1780997968.518512,5.296,5.786,0.01,0.013,261.698,257.515,255.011
1780997968.533592,5.408,6.071,0.01,0.014,261.795,257.532,254.908
1780997968.548523,5.127,5.929,0.01,0.014,261.676,257.59,254.958
1780997968.560323,5.239,5.929,0.01,0.014,261.719,257.549,254.96
1780997968.5755908,5.465,5.929,0.01,0.014,261.797,257.477,254.96
1780997968.590705,5.859,6.286,0.011,0.014,261.997,257.413,254.844
1780997968.6019,5.521,6.143,0.011,0.014,261.849,257.498,254.893
1780997968.616727,5.521,6.0,0.011,0.014,261.822,257.474,254.941
1780997968.627981,5.465,5.786,0.01,0.013,261.762,257.451,255.015
1780997968.64286,5.577,6.0,0.011,0.014,261.846,257.457,254.935
1780997968.657849,5.577,5.786,0.011,0.013,261.81,257.422,255.0
1780997968.669837,5.465,5.786,0.01,0.013,261.775,257.457,254.998
1780997968.711769,5.634,5.857,0.011,0.013,261.849,257.417,254.97
1780997968.712128,5.465,5.714,0.01,0.013,261.765,257.446,255.017
1780997968.7124522,5.577,6.143,0.011,0.014,261.889,257.488,254.867
1780997968.725806,5.69,6.071,0.011,0.014,261.913,257.44,254.892
1780997968.7370071,5.465,6.0,0.01,0.014,261.822,257.5,254.915
1780997968.752081,5.577,6.0,0.011,0.014,261.86,257.466,254.914
1780997968.7671208,5.521,5.857,0.011,0.014,261.818,257.454,254.963
1780997968.778235,5.577,6.071,0.011,0.014,261.88,257.478,254.885
1780997968.793411,5.296,6.0,0.01,0.014,261.773,257.553,254.908
1780997968.8084748,5.521,6.214,0.011,0.014,261.893,257.519,254.834
1780997968.820276,5.521,6.143,0.011,0.014,261.878,257.505,254.861
1780997968.835467,5.465,5.786,0.01,0.013,261.793,257.456,254.982
1780997968.8466828,5.577,5.643,0.011,0.013,261.81,257.394,255.027
1780997968.861554,5.408,5.929,0.01,0.014,261.811,257.501,254.923
1780997968.8765812,5.408,5.929,0.01,0.014,261.81,257.501,254.926
1780997968.887894,5.352,5.786,0.01,0.013,261.765,257.491,254.974
1780997968.931335,5.69,5.571,0.011,0.013,261.841,257.349,255.044
1780997968.931791,5.634,5.929,0.011,0.014,261.89,257.433,254.919
1780997968.932121,5.521,5.929,0.011,0.014,261.851,257.468,254.92
1780997968.944514,5.465,5.929,0.011,0.014,261.833,257.484,254.92
1780997968.9556239,5.521,5.929,0.011,0.014,261.852,257.468,254.918
1780997968.97069,5.465,5.929,0.011,0.014,261.836,257.486,254.916
1780997968.985743,5.577,5.643,0.011,0.013,261.82,257.399,255.014
1780997968.996897,5.803,5.786,0.011,0.014,261.93,257.35,254.963
1780997969.012021,5.69,5.786,0.011,0.014,261.889,257.386,254.965
1780997969.027026,5.69,6.214,0.011,0.014,261.972,257.465,254.816
1780997969.0382662,5.521,5.857,0.011,0.014,261.843,257.453,254.942
1780997969.053453,5.465,6.0,0.011,0.014,261.853,257.496,254.891
1780997969.065086,5.465,6.214,0.011,0.014,261.898,257.535,254.815
1780997969.08021,5.69,5.571,0.011,0.013,261.854,257.35,255.031
1780997969.0950751,5.634,6.143,0.011,0.014,261.947,257.472,254.831
1780997969.1064162,5.577,5.786,0.011,0.014,261.862,257.424,254.952
1780997969.148038,5.634,6.0,0.011,0.014,261.926,257.445,254.876
1780997969.148437,5.634,5.857,0.011,0.014,261.898,257.419,254.926
1780997969.148739,5.465,5.786,0.011,0.014,261.831,257.455,254.95
1780997969.162313,5.577,5.857,0.011,0.014,261.883,257.431,254.927
1780997969.17345,5.352,5.786,0.01,0.014,261.795,257.487,254.952
1780997969.188522,5.69,6.214,0.011,0.014,261.992,257.46,254.803
1780997969.203525,5.577,6.214,0.011,0.014,261.948,257.494,254.81
1780997969.21539,5.408,5.929,0.011,0.014,261.839,257.489,254.91
1780997969.230592,5.859,6.071,0.011,0.014,262.023,257.371,254.861
1780997969.2455869,5.521,5.929,0.011,0.014,261.88,257.453,254.909
1780997969.256591,5.69,5.857,0.011,0.014,261.925,257.386,254.933
1780997969.271699,5.521,6.143,0.011,0.014,261.929,257.492,254.829
1780997969.283016,5.408,6.143,0.011,0.014,261.897,257.522,254.827
1780997969.298048,5.239,5.857,0.01,0.014,261.789,257.525,254.92
1780997969.313013,5.408,5.857,0.011,0.014,261.849,257.47,254.919
1780997969.32476,5.465,5.929,0.011,0.014,261.886,257.466,254.891
1780997969.366385,5.127,5.786,0.01,0.014,261.743,257.546,254.941
1780997969.3667772,5.465,6.0,0.011,0.014,261.903,257.48,254.863
1780997969.3670762,5.521,6.214,0.011,0.014,261.965,257.496,254.793
1780997969.380806,5.127,6.214,0.01,0.014,261.827,257.614,254.801
1780997969.391995,5.352,6.286,0.011,0.014,261.918,257.552,254.781
1780997969.4070458,5.239,6.5,0.01,0.015,261.922,257.623,254.709
1780997969.422025,5.465,6.857,0.011,0.015,262.069,257.607,254.595
1780997969.4332778,5.296,6.643,0.01,0.015,261.966,257.615,254.677
1780997969.448391,5.521,6.286,0.011,0.014,261.971,257.476,254.806
1780997969.463488,5.127,6.5,0.01,0.015,261.883,257.633,254.733
1780997969.475251,5.127,6.214,0.01,0.014,261.834,257.579,254.829
1780997969.490428,5.127,6.214,0.01,0.014,261.841,257.578,254.824
1780997969.501655,5.014,6.214,0.01,0.014,261.81,257.614,254.817
1780997969.51663,4.901,6.143,0.01,0.014,261.767,257.633,254.837
1780997969.531635,5.07,6.357,0.01,0.014,261.87,257.623,254.755
1780997969.542903,4.789,5.929,0.01,0.014,261.7,257.628,254.9
1780997969.5854888,4.789,5.714,0.01,0.014,261.672,257.587,254.965
1780997969.585881,4.62,5.929,0.01,0.014,261.667,257.676,254.885
1780997969.5862222,4.62,5.786,0.01,0.014,261.653,257.647,254.925
1780997969.599593,4.789,5.857,0.01,0.014,261.732,257.603,254.896
1780997969.610732,4.507,5.786,0.01,0.014,261.634,257.675,254.914
1780997969.6255739,4.507,5.929,0.01,0.014,261.672,257.695,254.861
1780997969.640689,4.451,5.857,0.01,0.014,261.643,257.698,254.884
1780997969.6518998,4.394,5.786,0.009,0.014,261.616,257.7,254.906
1780997969.6669881,4.507,5.571,0.01,0.013,261.619,257.627,254.974
1780997969.6819808,4.62,5.571,0.01,0.013,261.66,257.591,254.972
1780997969.693206,4.62,5.786,0.01,0.014,261.705,257.633,254.891
1780997969.708211,4.845,5.786,0.01,0.014,261.786,257.562,254.888
1780997969.720247,4.62,5.571,0.01,0.014,261.666,257.596,254.961
1780997969.735123,4.732,5.929,0.01,0.014,261.772,257.626,254.839
1780997969.7500641,4.732,5.643,0.01,0.014,261.716,257.576,254.936
1780997969.761259,4.845,5.786,0.01,0.014,261.774,257.567,254.893
1780997969.802745,4.901,5.857,0.01,0.014,261.799,257.57,254.869
1780997969.8031201,5.07,6.214,0.01,0.014,261.92,257.582,254.75
1780997969.8034618,4.845,6.571,0.01,0.015,261.907,257.72,254.631
1780997969.817326,4.958,6.643,0.01,0.015,261.953,257.689,254.619
1780997969.828299,5.014,6.429,0.01,0.015,261.926,257.631,254.699
1780997969.843175,5.014,6.429,0.01,0.015,261.926,257.631,254.699
1780997969.858167,5.014,6.429,0.01,0.015,261.926,257.631,254.699
1780997969.869856,5.634,4.643,0.011,0.012,261.789,257.133,255.298
1780997969.884827,5.69,39.5,0.011,0.066,268.991,263.619,244.314
1780997969.90031,5.69,39.5,0.011,0.066,268.991,263.619,244.314
1780998017.446881,0.0,0.0,0.0,0.0,258.008,258.008,258.008
1780998017.477841,0.0,0.0,0.0,0.0,258.008,258.008,258.008
1780998017.478101,0.0,0.0,0.0,0.0,258.008,258.008,258.008
1780998017.4886441,0.0,0.0,0.0,0.0,258.008,258.008,258.008
1780998017.503694,0.0,0.0,0.0,0.0,258.008,258.008,258.008
1780998017.51492,0.0,0.0,0.0,0.0,258.008,258.008,258.008
1780998017.5300648,0.0,0.0,0.0,0.0,258.008,258.008,258.008
1780998017.541439,0.0,0.0,0.0,0.0,258.008,258.008,258.008
1780998017.5566359,0.0,0.0,0.0,0.0,258.008,258.008,258.008
1780998017.5717828,0.0,0.0,0.0,0.0,258.008,258.008,258.008
1780998017.584,0.0,0.0,0.0,0.0,258.008,258.008,258.008
1780998017.5991309,0.0,0.0,0.0,0.0,258.008,258.008,258.008
1780998017.614143,0.0,0.0,0.0,0.0,258.008,258.008,258.008
1780998017.6254988,0.0,0.0,0.0,0.0,258.008,258.008,258.008
1780998017.640348,0.0,0.0,0.0,0.0,258.008,258.008,258.008
1780998017.6515641,0.0,0.0,0.0,0.0,258.008,258.008,258.008
1780998017.666167,0.0,0.0,0.0,0.0,258.008,258.008,258.008
1780998017.702602,0.0,0.0,0.0,0.0,258.008,258.008,258.008
1780998017.702969,0.0,0.0,0.0,0.0,258.008,258.008,258.008
1780998017.706608,0.0,0.0,0.0,0.0,258.008,258.008,258.008
1780998017.721318,0.0,0.0,0.0,0.0,258.008,258.008,258.008
1780998017.73295,0.0,0.0,0.0,0.0,258.008,258.008,258.008
1780998017.747085,0.0,0.0,0.0,0.0,258.008,258.008,258.008
1780998017.75864,0.0,0.0,0.0,0.0,258.008,258.008,258.008
1780998017.773522,0.0,0.0,0.0,0.0,258.008,258.008,258.008
1780998017.788237,0.0,0.0,0.0,0.0,258.008,258.008,258.008
1780998017.799435,0.0,0.0,0.0,0.0,258.008,258.008,258.008
1780998017.813959,0.0,0.0,0.0,0.0,258.008,258.008,258.008
1780998017.828845,0.0,0.0,0.0,0.0,258.008,258.008,258.008
1780998017.839802,0.0,0.0,0.0,0.0,258.008,258.008,258.008
1780998017.8544629,0.0,0.0,0.0,0.0,258.008,258.008,258.008
1780998017.865633,0.0,0.0,0.0,0.0,258.008,258.008,258.008
1780998017.880033,0.0,0.0,0.0,0.0,258.008,258.008,258.008
1780998017.9307158,0.0,0.0,0.0,0.0,258.008,258.008,258.008
1780998017.931052,0.0,0.0,0.0,0.0,258.008,258.008,258.008
1780998017.9314182,0.0,0.0,0.0,0.0,258.008,258.008,258.008
1780998017.935157,0.0,0.0,0.0,0.0,258.008,258.008,258.008
1780998017.946131,0.0,0.0,0.0,0.0,258.008,258.008,258.008
1780998017.960876,0.0,0.0,0.0,0.0,258.008,258.008,258.008
1780998017.971869,0.0,0.0,0.0,0.0,258.008,258.008,258.008
1780998017.9866529,0.0,0.0,0.0,0.0,258.008,258.008,258.008
1780998018.001259,0.0,0.0,0.0,0.0,258.008,258.008,258.008
1780998018.012414,0.0,0.0,0.0,0.0,258.008,258.008,258.008
1780998018.026984,0.0,0.0,0.0,0.0,258.008,258.008,258.008
1780998018.041686,0.0,0.0,0.0,0.0,258.008,258.008,258.008
1780998018.053438,0.0,0.0,0.0,0.0,258.008,258.008,258.008
1780998018.068031,0.0,0.0,0.0,0.0,258.008,258.008,258.008
1780998018.0792289,0.0,0.0,0.0,0.0,258.008,258.008,258.008
1780998018.093898,0.0,0.0,0.0,0.0,258.008,258.008,258.008
1780998018.145937,0.0,0.0,0.0,0.0,258.008,258.008,258.008
1780998018.1463318,0.0,0.0,0.0,0.0,258.008,258.008,258.008
1780998018.146657,0.0,0.0,0.0,0.0,258.008,258.008,258.008
1780998018.1487832,0.0,0.0,0.0,0.0,258.008,258.008,258.008
1780998018.159891,0.0,0.0,0.0,0.0,258.008,258.008,258.008
1780998018.1746309,0.0,0.0,0.0,0.0,258.008,258.008,258.008
1780998018.185689,0.0,0.0,0.0,0.0,258.008,258.008,258.008
1780998018.200353,0.0,0.0,0.0,0.0,258.008,258.008,258.008
1780998018.2151349,0.0,0.0,0.0,0.0,258.008,258.008,258.008
1780998018.22619,0.0,0.0,0.0,0.0,258.008,258.008,258.008
1780998018.240923,0.0,0.0,0.0,0.0,258.008,258.008,258.008
1780998018.2554219,0.0,0.0,0.0,0.0,258.008,258.008,258.008
1780998018.266739,0.0,0.0,0.0,0.0,258.008,258.008,258.008
1780998018.281582,0.0,0.0,0.0,0.0,258.008,258.008,258.008
1780998018.292449,0.0,0.0,0.0,0.0,258.008,258.008,258.008
1780998018.306957,0.0,0.0,0.0,0.0,258.008,258.008,258.008
1780998018.3578901,0.0,0.0,0.0,0.0,258.008,258.008,258.008
1780998018.358366,0.0,0.0,0.0,0.0,258.008,258.008,258.008
1780998018.3587031,0.0,0.0,0.0,0.0,258.008,258.008,258.008
1780998018.361963,0.0,0.0,0.0,0.0,258.008,258.008,258.008
1780998018.3734899,0.0,0.0,0.0,0.0,258.008,258.008,258.008
1780998018.388217,0.0,0.0,0.0,0.0,258.008,258.008,258.008
1780998018.3992739,0.0,0.0,0.0,0.0,258.008,258.008,258.008
1780998018.414037,0.0,0.0,0.0,0.0,258.008,258.008,258.008
1780998018.4287539,0.0,0.0,0.0,0.0,258.008,258.008,258.008
1780998018.439703,0.0,0.0,0.0,0.0,258.008,258.008,258.008
1780998018.4544709,0.0,0.0,0.0,0.0,258.008,258.008,258.008
1780998018.469114,0.0,0.0,0.0,0.0,258.008,258.008,258.008
1780998018.480087,0.0,0.0,0.0,0.0,258.008,258.008,258.008
1780998018.4948978,0.0,0.0,0.0,0.0,258.008,258.008,258.008
1780998018.50577,0.0,0.0,0.0,0.0,258.008,258.008,258.008
1780998018.520683,0.0,0.0,0.0,0.0,258.008,258.008,258.008
1780998018.566489,0.0,0.0,0.0,0.0,258.008,258.008,258.008
1780998018.566903,0.0,0.0,0.0,0.0,258.008,258.008,258.008
1780998018.567282,0.0,0.0,0.0,0.0,258.008,258.008,258.008
1780998018.575542,0.0,0.0,0.0,0.0,258.008,258.008,258.008
1780998018.586537,0.0,0.0,0.0,0.0,258.008,258.008,258.008
1780998018.601238,0.0,0.0,0.0,0.0,258.008,258.008,258.008
1780998018.612034,0.0,0.0,0.0,0.0,258.008,258.008,258.008
1780998018.62705,0.0,0.0,0.0,0.0,258.008,258.008,258.008
1780998018.641696,0.0,0.0,0.0,0.0,258.008,258.008,258.008
1780998018.653281,0.0,0.0,0.0,0.0,258.008,258.008,258.008
1780998018.668266,0.0,0.0,0.0,0.0,258.008,258.008,258.008
1780998018.682028,0.0,0.0,0.0,0.0,258.008,258.008,258.008
1780998018.693795,0.0,0.0,0.0,0.0,258.008,258.008,258.008
1780998018.708383,0.0,0.0,0.0,0.0,258.008,258.008,258.008
1780998018.719295,0.0,0.0,0.0,0.0,258.008,258.008,258.008
1780998018.7340622,0.0,0.0,0.0,0.0,258.008,258.008,258.008
1780998018.780511,0.0,0.0,0.0,0.0,258.008,258.008,258.008
1780998018.780859,0.0,0.0,0.0,0.0,258.008,258.008,258.008
1780998018.7811682,0.0,0.0,0.0,0.0,258.008,258.008,258.008
1780998018.7890508,0.0,0.0,0.0,0.0,258.008,258.008,258.008
1780998018.7999842,0.0,0.0,0.0,0.0,258.008,258.008,258.008
1780998018.814665,0.0,0.0,0.0,0.0,258.008,258.008,258.008
1780998018.8256881,0.0,0.0,0.0,0.0,258.008,258.008,258.008
1780998018.840457,0.0,0.0,0.0,0.0,258.008,258.008,258.008
1780998018.855146,0.0,0.0,0.0,0.0,258.008,258.008,258.008
1780998018.866248,0.0,0.0,0.0,0.0,258.008,258.008,258.008
1780998018.880757,0.0,0.0,0.0,0.0,258.008,258.008,258.008
1780998018.895392,0.0,0.0,0.0,0.0,258.008,258.008,258.008
1780998018.9065652,0.0,0.0,0.0,0.0,258.008,258.008,258.008
1780998018.921321,0.0,0.0,0.0,0.0,258.008,258.008,258.008
1780998018.932429,0.0,0.0,0.0,0.0,258.008,258.008,258.008
1780998018.947175,0.0,0.0,0.0,0.0,258.008,258.008,258.008
1780998018.994936,0.0,0.0,0.0,0.0,258.008,258.008,258.008
1780998018.995314,0.0,0.0,0.0,0.0,258.008,258.008,258.008
1780998018.9956322,0.0,0.0,0.0,0.0,258.008,258.008,258.008
1780998019.00201,0.0,0.0,0.0,0.0,258.008,258.008,258.008
1780998019.013433,0.0,0.0,0.0,0.0,258.008,258.008,258.008
1780998019.0282922,0.0,0.0,0.0,0.0,258.008,258.008,258.008
1780998019.039308,0.0,0.0,0.0,0.0,258.008,258.008,258.008
1780998019.053832,0.0,0.0,0.0,0.0,258.008,258.008,258.008
1780998019.068597,0.0,0.0,0.0,0.0,258.008,258.008,258.008
1780998019.079747,0.0,0.0,0.0,0.0,258.008,258.008,258.008
1780998019.094506,0.0,0.0,0.0,0.0,258.008,258.008,258.008
1780998019.1091268,0.0,0.0,0.0,0.0,258.008,258.008,258.008
1780998019.120225,0.0,0.0,0.0,0.0,258.008,258.008,258.008
1780998019.13485,0.0,0.0,0.0,0.0,258.008,258.008,258.008
1780998019.146015,0.0,0.0,0.0,0.0,258.008,258.008,258.008
1780998019.16067,0.0,0.0,0.0,0.0,258.008,258.008,258.008
1780998019.2074308,0.0,0.0,0.0,0.0,258.008,258.008,258.008
1780998019.207925,0.0,0.0,0.0,0.0,258.008,258.008,258.008
1780998019.208229,0.0,0.0,0.0,0.0,258.008,258.008,258.008
1780998019.2153332,0.0,0.0,0.0,0.0,258.008,258.008,258.008
1780998019.2264268,0.0,0.0,0.0,0.0,258.008,258.008,258.008
1780998019.241212,0.0,0.0,0.0,0.0,258.008,258.008,258.008
1780998019.252254,0.0,0.0,0.0,0.0,258.008,258.008,258.008
1780998019.266907,0.0,0.0,0.0,0.0,258.008,258.008,258.008
1780998019.281712,0.0,0.0,0.0,0.0,258.008,258.008,258.008
1780998019.2931688,0.0,0.0,0.0,0.0,258.008,258.008,258.008
1780998019.307882,0.0,0.0,0.0,0.0,258.008,258.008,258.008
1780998019.3219352,0.0,0.0,0.0,0.0,258.008,258.008,258.008
1780998019.3338299,0.0,0.0,0.0,0.0,258.008,258.008,258.008
1780998019.348364,0.0,0.0,0.0,0.0,258.008,258.008,258.008
1780998019.359322,0.0,0.0,0.0,0.0,258.008,258.008,258.008
1780998019.374149,0.0,0.0,0.0,0.0,258.008,258.008,258.008
1780998019.423328,0.0,0.0,0.0,0.0,258.008,258.008,258.008
1780998019.4237702,0.0,0.0,0.0,0.0,258.008,258.008,258.008
1780998019.424138,0.0,0.0,0.0,0.0,258.008,258.008,258.008
1780998019.428951,0.0,0.0,0.0,0.0,258.008,258.008,258.008
1780998019.440077,0.0,0.0,0.0,0.0,258.008,258.008,258.008
1780998019.454773,0.0,0.0,0.0,0.0,258.008,258.008,258.008
1780998019.4658701,0.0,0.0,0.0,0.0,258.008,258.008,258.008
1780998019.480426,0.0,0.0,0.0,0.0,258.008,258.008,258.008
1780998019.4952161,0.0,0.0,0.0,0.0,258.008,258.008,258.008
1780998019.506294,0.0,0.0,0.0,0.0,258.008,258.008,258.008
1780998019.5209181,0.0,0.0,0.0,0.0,258.008,258.008,258.008
1780998019.535698,0.0,0.0,0.0,0.0,258.008,258.008,258.008
1780998019.546585,0.0,0.0,0.0,0.0,258.008,258.008,258.008
1780998019.561277,0.0,0.0,0.0,0.0,258.008,258.008,258.008
1780998019.572217,0.0,0.0,0.0,0.0,258.008,258.008,258.008
1780998019.586999,0.0,0.0,0.0,0.0,258.008,258.008,258.008
1780998019.632589,0.0,0.0,0.0,0.0,258.008,258.008,258.008
1780998019.6329758,0.0,0.0,0.0,0.0,258.008,258.008,258.008
1780998019.633213,0.0,0.0,0.0,0.0,258.008,258.008,258.008
1780998019.64223,0.0,0.0,0.0,0.0,258.008,258.008,258.008
1780998019.6536598,0.0,0.0,0.0,0.0,258.008,258.008,258.008
1780998019.6681972,0.0,0.0,0.0,0.0,258.008,258.008,258.008
1780998019.679316,0.0,0.0,0.0,0.0,258.008,258.008,258.008
1780998019.693921,0.0,0.0,0.0,0.0,258.008,258.008,258.008
1780998019.708755,0.0,0.0,0.0,0.0,258.008,258.008,258.008
1780998019.719776,0.0,0.0,0.0,0.0,258.008,258.008,258.008
1780998019.734397,0.0,0.0,0.0,0.0,258.008,258.008,258.008
1780998019.749046,0.0,0.0,0.0,0.0,258.008,258.008,258.008
1780998019.7601311,0.0,0.0,0.0,0.0,258.008,258.008,258.008
1780998019.775028,0.0,0.0,0.0,0.0,258.008,258.008,258.008
1780998019.785859,0.0,0.0,0.0,0.0,258.008,258.008,258.008
1780998019.80049,0.0,0.0,0.0,0.0,258.008,258.008,258.008
1780998019.846185,0.0,0.0,0.0,0.0,258.008,258.008,258.008
1780998019.846496,0.0,0.0,0.0,0.0,258.008,258.008,258.008
1780998019.846975,0.0,0.0,0.0,0.0,258.008,258.008,258.008
1780998019.855665,0.0,0.0,0.0,0.0,258.008,258.008,258.008
1780998019.866528,0.0,0.0,0.0,0.0,258.008,258.008,258.008
1780998019.88139,0.0,0.0,0.0,0.0,258.008,258.008,258.008
1780998019.8920262,0.0,0.0,0.0,0.0,258.008,258.008,258.008
1780998019.9069078,0.0,0.0,0.0,0.0,258.008,258.008,258.008
1780998019.9216409,0.0,0.0,0.0,0.0,258.008,258.008,258.008
1780998019.933277,0.0,0.0,0.0,0.0,258.008,258.008,258.008
1780998019.947998,0.0,0.0,0.0,0.0,258.008,258.008,258.008
1780998019.962038,0.0,0.0,0.0,0.0,258.008,258.008,258.008
1780998019.973579,0.0,0.0,0.0,0.0,258.008,258.008,258.008
1780998019.988228,0.0,0.0,0.0,0.0,258.008,258.008,258.008
1780998019.9994502,0.0,0.0,0.0,0.0,258.008,258.008,258.008
1780998020.0139031,0.0,0.0,0.0,0.0,258.008,258.008,258.008
1780998020.0870578,0.0,0.0,0.0,0.0,258.008,258.008,258.008
1780998020.0873349,0.0,0.0,0.0,0.0,258.008,258.008,258.008
1780998020.087565,0.0,0.0,0.0,0.0,258.008,258.008,258.008
1780998020.087785,0.0,0.0,0.0,0.0,258.008,258.008,258.008
1780998020.088005,0.0,0.0,0.0,0.0,258.008,258.008,258.008
1780998020.0947819,0.0,0.0,0.0,0.0,258.008,258.008,258.008
1780998020.105705,0.0,0.0,0.0,0.0,258.008,258.008,258.008
1780998020.1203341,0.0,0.0,0.0,0.0,258.008,258.008,258.008
1780998020.135092,0.0,0.0,0.0,0.0,258.008,258.008,258.008
1780998020.146108,0.0,0.0,0.0,0.0,258.008,258.008,258.008
1780998020.1607711,0.0,0.0,0.0,0.0,258.008,258.008,258.008
1780998020.175549,0.0,0.0,0.0,0.0,258.008,258.008,258.008
1780998020.186538,0.0,0.0,0.0,0.0,258.008,258.008,258.008
1780998020.2012422,0.0,0.0,0.0,0.0,258.008,258.008,258.008
1780998020.212245,0.0,0.0,0.0,0.0,258.008,258.008,258.008
1780998020.226902,0.0,0.0,0.0,0.0,258.008,258.008,258.008
1780998020.268167,0.0,0.0,0.0,0.0,258.008,258.008,258.008
1780998020.2684622,0.0,0.0,0.0,0.0,258.008,258.008,258.008
1780998020.2686899,0.0,0.0,0.0,0.0,258.008,258.008,258.008
1780998020.281951,0.0,0.0,0.0,0.0,258.008,258.008,258.008
1780998020.293452,0.0,0.0,0.0,0.0,258.008,258.008,258.008
1780998020.308191,0.0,0.0,0.0,0.0,258.008,258.008,258.008
1780998020.319406,0.0,0.0,0.0,0.0,258.008,258.008,258.008
1780998020.3340511,0.0,0.0,0.0,0.0,258.008,258.008,258.008
1780998020.362108,0.0,0.0,0.0,0.0,258.008,258.008,258.008
1780998020.362355,0.0,0.0,0.0,0.0,258.008,258.008,258.008
1780998020.3741949,0.0,0.0,0.0,0.0,258.008,258.008,258.008
1780998020.388972,0.0,0.0,0.0,0.0,258.008,258.008,258.008
1780998020.4000902,0.0,0.0,0.0,0.0,258.008,258.008,258.008
1780998020.414628,0.0,0.0,0.0,0.0,258.008,258.008,258.008
1780998020.4258182,0.0,0.0,0.0,0.0,258.008,258.008,258.008
1780998020.440444,0.0,0.0,0.0,0.0,258.008,258.008,258.008
1780998020.476127,0.0,0.0,0.0,0.0,258.008,258.008,258.008
1780998020.476385,0.0,0.0,0.0,0.0,258.008,258.008,258.008
1780998020.480808,0.0,0.0,0.0,0.0,258.008,258.008,258.008
1780998020.495562,0.0,0.0,0.0,0.0,258.008,258.008,258.008
1780998020.506593,0.0,0.0,0.0,0.0,258.008,258.008,258.008
1780998020.521111,0.0,0.0,0.0,0.0,258.008,258.008,258.008
1780998020.5322711,0.0,0.0,0.0,0.0,258.008,258.008,258.008
1780998020.546863,0.0,0.0,0.0,0.0,258.008,258.008,258.008
1780998020.5616179,0.0,0.0,0.0,0.0,258.008,258.008,258.008
1780998020.573111,0.0,0.0,0.0,0.0,258.008,258.008,258.008
1780998020.587859,0.0,0.0,0.0,0.0,258.008,258.008,258.008
1780998020.601988,0.0,0.0,0.0,0.0,258.008,258.008,258.008
1780998020.61375,0.0,0.0,0.0,0.0,258.008,258.008,258.008
1780998020.628263,0.0,0.0,0.0,0.0,258.008,258.008,258.008
1780998020.63924,0.0,0.0,0.0,0.0,258.008,258.008,258.008
1780998020.6539142,0.0,0.0,0.0,0.0,258.008,258.008,258.008
1780998020.69733,0.0,0.0,0.0,0.0,258.008,258.008,258.008
1780998020.6975832,0.0,0.0,0.0,0.0,258.008,258.008,258.008
1780998020.697813,0.0,0.0,0.0,0.0,258.008,258.008,258.008
1780998020.708954,0.0,0.0,0.0,0.0,258.008,258.008,258.008
1780998020.71996,0.0,0.0,0.0,0.0,258.008,258.008,258.008
1780998020.734736,0.0,0.0,0.0,0.0,258.008,258.008,258.008
1780998020.745742,0.0,0.0,0.0,0.0,258.008,258.008,258.008
1780998020.760545,0.0,0.0,0.0,0.0,258.008,258.008,258.008
1780998020.7962859,0.0,0.0,0.0,0.0,258.008,258.008,258.008
1780998020.796544,0.0,0.0,0.0,0.0,258.008,258.008,258.008
1780998020.8007638,0.0,0.0,0.0,0.0,258.008,258.008,258.008
1780998020.815398,0.0,0.0,0.0,0.0,258.008,258.008,258.008
1780998020.826381,0.0,0.0,0.0,0.0,258.008,258.008,258.008
1780998020.841105,0.0,0.0,0.0,0.0,258.008,258.008,258.008
1780998020.851989,0.0,0.0,0.0,0.0,258.008,258.008,258.008
1780998020.866934,0.0,0.0,0.0,0.0,258.008,258.008,258.008
1780998020.8816042,0.0,0.0,0.0,0.0,258.008,258.008,258.008
1780998020.8932211,0.0,0.0,0.0,0.0,258.008,258.008,258.008
1780998020.9078898,0.0,0.0,0.0,0.0,258.008,258.008,258.008
1780998020.921918,0.0,0.0,0.0,0.0,258.008,258.008,258.008
1780998020.933672,0.0,0.0,0.0,0.0,258.008,258.008,258.008
1780998020.9484138,0.0,0.0,0.0,0.0,258.008,258.008,258.008
1780998020.959254,0.0,0.0,0.0,0.0,258.008,258.008,258.008
1780998020.973831,0.0,0.0,0.0,0.0,258.008,258.008,258.008
1780998021.00877,0.0,0.0,0.0,0.0,258.008,258.008,258.008
1780998021.0090408,0.0,0.0,0.0,0.0,258.008,258.008,258.008
1780998021.014338,0.0,0.0,0.0,0.0,258.008,258.008,258.008
1780998021.028928,0.0,0.0,0.0,0.0,258.008,258.008,258.008
1780998021.040082,0.0,0.0,0.0,0.0,258.008,258.008,258.008
1780998021.054611,0.0,0.0,0.0,0.0,258.008,258.008,258.008
1780998021.065748,0.0,0.0,0.0,0.0,258.008,258.008,258.008
1780998021.080418,0.0,0.0,0.0,0.0,258.008,258.008,258.008
1780998021.117793,0.0,0.0,0.0,0.0,258.008,258.008,258.008
1780998021.118028,0.0,0.0,0.0,0.0,258.008,258.008,258.008
1780998021.120682,0.0,0.0,0.0,0.0,258.008,258.008,258.008
1780998021.1354592,0.0,0.0,0.0,0.0,258.008,258.008,258.008
1780998021.146414,0.0,0.0,0.0,0.0,258.008,258.008,258.008
1780998021.161131,0.0,0.0,0.0,0.0,258.008,258.008,258.008
1780998021.1721432,0.0,0.0,0.0,0.0,258.008,258.008,258.008
1780998021.186827,0.0,0.0,0.0,0.0,258.008,258.008,258.008
1780998021.2197812,0.0,0.0,0.0,0.0,258.008,258.008,258.008
1780998021.2200608,0.0,0.0,0.0,0.0,258.008,258.008,258.008
1780998021.22778,0.0,0.0,0.0,0.0,258.008,258.008,258.008
1780998021.241909,0.0,0.0,0.0,0.0,258.008,258.008,258.008
1780998021.253361,0.0,0.0,0.0,0.0,258.008,258.008,258.008
1780998021.268112,0.0,0.0,0.0,0.0,258.008,258.008,258.008
1780998021.2792,0.0,0.0,0.0,0.0,258.008,258.008,258.008
1780998021.293966,0.0,0.0,0.0,0.0,258.008,258.008,258.008
1780998021.3086321,0.0,0.0,0.0,0.0,258.008,258.008,258.008
1780998021.319563,0.0,0.0,0.0,0.0,258.008,258.008,258.008
1780998021.3342159,0.0,0.0,0.0,0.0,258.008,258.008,258.008
1780998021.349032,0.0,0.0,0.0,0.0,258.008,258.008,258.008
1780998021.359976,0.0,0.0,0.0,0.0,258.008,258.008,258.008
1780998021.3746219,0.0,0.0,0.0,0.0,258.008,258.008,258.008
1780998021.385748,0.0,0.0,0.0,0.0,258.008,258.008,258.008
1780998021.400397,0.0,0.0,0.0,0.0,258.008,258.008,258.008
1780998021.438755,0.0,0.0,0.0,0.0,258.008,258.008,258.008
1780998021.439015,0.0,0.0,0.0,0.0,258.008,258.008,258.008
1780998021.4407182,0.0,0.0,0.0,0.0,258.008,258.008,258.008
1780998021.455337,0.0,0.0,0.0,0.0,258.008,258.008,258.008
1780998021.46675,0.0,0.0,0.0,0.0,258.008,258.008,258.008
1780998021.481261,0.0,0.0,0.0,0.0,258.008,258.008,258.008
1780998021.492058,0.0,0.0,0.0,0.0,258.008,258.008,258.008
1780998021.506834,0.0,0.0,0.0,0.0,258.008,258.008,258.008
1780998021.521475,0.0,0.0,0.0,0.0,258.008,258.008,258.008
1780998021.5331368,0.0,0.0,0.0,0.0,258.008,258.008,258.008
1780998021.547777,0.0,0.0,0.0,0.0,258.008,258.008,258.008
1780998021.561878,0.0,0.0,0.0,0.0,258.008,258.008,258.008
1780998021.573761,0.0,0.0,0.0,0.0,258.008,258.008,258.008
1780998021.588067,0.0,0.0,0.0,0.0,258.008,258.008,258.008
1780998021.5992079,0.0,0.0,0.0,0.0,258.008,258.008,258.008
1780998021.6137931,0.0,0.0,0.0,0.0,258.008,258.008,258.008
1780998021.6530628,0.0,0.0,0.0,0.0,258.008,258.008,258.008
1780998021.653347,0.0,0.0,0.0,0.0,258.008,258.008,258.008
1780998021.654062,0.0,0.0,0.0,0.0,258.008,258.008,258.008
1780998021.668892,0.0,0.0,0.0,0.0,258.008,258.008,258.008
1780998021.679858,0.0,0.0,0.0,0.0,258.008,258.008,258.008
1780998021.6947572,0.0,0.0,0.0,0.0,258.008,258.008,258.008
1780998021.705696,0.0,0.0,0.0,0.0,258.008,258.008,258.008
1780998021.720233,0.0,0.0,0.0,0.0,258.008,258.008,258.008
1780998021.73497,0.0,0.0,0.0,0.0,258.008,258.008,258.008
1780998021.745976,0.0,0.0,0.0,0.0,258.008,258.008,258.008
1780998021.760736,0.0,0.0,0.0,0.0,258.008,258.008,258.008
1780998021.775388,0.0,0.0,0.0,0.0,258.008,258.008,258.008
1780998021.7865138,0.0,0.0,0.0,0.0,258.008,258.008,258.008
1780998021.801153,0.0,0.0,0.0,0.0,258.008,258.008,258.008
1780998021.81219,0.0,0.0,0.0,0.0,258.008,258.008,258.008
1780998021.826833,0.0,0.0,0.0,0.0,258.008,258.008,258.008
1780998021.864219,0.0,0.0,0.0,0.0,258.008,258.008,258.008
1780998021.8644989,0.0,0.0,0.0,0.0,258.008,258.008,258.008
1780998021.8676229,0.0,0.0,0.0,0.0,258.008,258.008,258.008
1780998021.8818,0.0,0.0,0.0,0.0,258.008,258.008,258.008
1780998021.893313,0.0,0.0,0.0,0.0,258.008,258.008,258.008
1780998021.908148,0.0,0.0,0.0,0.0,258.008,258.008,258.008
1780998021.91928,0.0,0.0,0.0,0.0,258.008,258.008,258.008
1780998021.933791,0.0,0.0,0.0,0.0,258.008,258.008,258.008
1780998021.9486132,0.0,0.0,0.0,0.0,258.008,258.008,258.008
1780998021.95947,0.0,0.0,0.0,0.0,258.008,258.008,258.008
1780998021.97437,0.0,0.0,0.0,0.0,258.008,258.008,258.008
1780998021.988915,0.0,0.0,0.0,0.0,258.008,258.008,258.008
1780998022.0000598,0.0,0.0,0.0,0.0,258.008,258.008,258.008
1780998022.014637,0.0,0.0,0.0,0.0,258.008,258.008,258.008
1780998022.02586,0.0,0.0,0.0,0.0,258.008,258.008,258.008
1780998022.040203,0.0,0.0,0.0,0.0,258.008,258.008,258.008
1780998022.080971,0.0,0.0,0.0,0.0,258.008,258.008,258.008
1780998022.081218,0.0,0.0,0.0,0.0,258.008,258.008,258.008
1780998022.081443,0.0,0.0,0.0,0.0,258.008,258.008,258.008
1780998022.095419,0.0,0.0,0.0,0.0,258.008,258.008,258.008
1780998022.106365,0.0,0.0,0.0,0.0,258.008,258.008,258.008
1780998022.121057,0.0,0.0,0.0,0.0,258.008,258.008,258.008
1780998022.132032,0.0,0.0,0.0,0.0,258.008,258.008,258.008
1780998022.146817,0.0,0.0,0.0,0.0,258.008,258.008,258.008
1780998022.161531,0.0,0.0,0.0,0.0,258.008,258.008,258.008
1780998022.172968,0.0,0.0,0.0,0.0,258.008,258.008,258.008
1780998022.1878269,0.0,0.0,0.0,0.0,258.008,258.008,258.008
1780998022.201927,0.0,0.0,0.0,0.0,258.008,258.008,258.008
1780998022.213577,0.0,0.0,0.0,0.0,258.008,258.008,258.008
1780998022.228178,0.0,0.0,0.0,0.0,258.008,258.008,258.008
1780998022.239279,0.0,0.0,0.0,0.0,258.008,258.008,258.008
1780998022.253802,0.0,0.0,0.0,0.0,258.008,258.008,258.008
1780998022.292654,0.0,0.0,0.0,0.0,258.008,258.008,258.008
1780998022.292939,0.0,0.0,0.0,0.0,258.008,258.008,258.008
1780998022.294084,0.0,0.0,0.0,0.0,258.008,258.008,258.008
1780998022.308819,0.0,0.0,0.0,0.0,258.008,258.008,258.008
1780998022.319875,0.0,0.0,0.0,0.0,258.008,258.008,258.008
1780998022.3346639,0.0,0.0,0.0,0.0,258.008,258.008,258.008
1780998022.345748,0.0,0.0,0.0,0.0,258.008,258.008,258.008
1780998022.360359,0.0,0.0,0.0,0.0,258.008,258.008,258.008
1780998022.375194,0.0,0.0,0.0,0.0,258.008,258.008,258.008
1780998022.386304,0.0,0.0,0.0,0.0,258.008,258.008,258.008
1780998022.400747,0.0,0.0,0.0,0.0,258.008,258.008,258.008
1780998022.4153888,0.0,0.0,0.0,0.0,258.008,258.008,258.008
1780998022.42661,0.0,0.0,0.0,0.0,258.008,258.008,258.008
1780998022.441132,0.0,0.0,0.0,0.0,258.008,258.008,258.008
1780998022.452157,0.0,0.0,0.0,0.0,258.008,258.008,258.008
1780998022.466767,0.0,0.0,0.0,0.0,258.008,258.008,258.008
1780998022.510994,0.0,0.0,0.0,0.0,258.008,258.008,258.008
1780998022.5112488,0.0,0.0,0.0,0.0,258.008,258.008,258.008
1780998022.511478,0.0,0.0,0.0,0.0,258.008,258.008,258.008
1780998022.521688,0.0,0.0,0.0,0.0,258.008,258.008,258.008
1780998022.533356,0.0,0.0,0.0,0.0,258.008,258.008,258.008
1780998022.548251,0.0,0.0,0.0,0.0,258.008,258.008,258.008
1780998022.559327,0.0,0.0,0.0,0.0,258.008,258.008,258.008
1780998022.5739589,0.0,0.0,0.0,0.0,258.008,258.008,258.008
1780998022.588563,0.0,0.0,0.0,0.0,258.008,258.008,258.008
1780998022.599807,0.0,0.0,0.0,0.0,258.008,258.008,258.008
1780998022.614165,0.0,0.0,0.0,0.0,258.008,258.008,258.008
1780998022.628875,0.0,0.0,0.0,0.0,258.008,258.008,258.008
1780998022.640012,0.0,0.0,0.0,0.0,258.008,258.008,258.008
1780998022.654742,0.0,0.0,0.0,0.0,258.008,258.008,258.008
1780998022.665714,0.0,0.0,0.0,0.0,258.008,258.008,258.008
1780998022.680285,0.0,0.0,0.0,0.0,258.008,258.008,258.008
1780998022.7221901,0.0,0.0,0.0,0.0,258.008,258.008,258.008
1780998022.722471,0.0,0.0,0.0,0.0,258.008,258.008,258.008
1780998022.722701,0.0,0.0,0.0,0.0,258.008,258.008,258.008
1780998022.7352278,0.0,0.0,0.0,0.0,258.008,258.008,258.008
1780998022.7463412,0.0,0.0,0.0,0.0,258.008,258.008,258.008
1780998022.7612102,0.0,0.0,0.0,0.0,258.008,258.008,258.008
1780998022.7720919,0.0,0.0,0.0,0.0,258.008,258.008,258.008
1780998022.786748,0.0,0.0,0.0,0.0,258.008,258.008,258.008
1780998022.801474,0.0,0.0,0.0,0.0,258.008,258.008,258.008
1780998022.813069,0.0,0.0,0.0,0.0,258.008,258.008,258.008
1780998022.827748,0.0,0.0,0.0,0.0,258.008,258.008,258.008
1780998022.8418298,0.0,0.0,0.0,0.0,258.008,258.008,258.008
1780998022.8534698,0.0,0.0,0.0,0.0,258.008,258.008,258.008
1780998022.868159,0.0,0.0,0.0,0.0,258.008,258.008,258.008
1780998022.8793569,0.0,0.0,0.0,0.0,258.008,258.008,258.008
1780998022.893854,0.0,0.0,0.0,0.0,258.008,258.008,258.008
1780998022.938624,0.0,0.0,0.0,0.0,258.008,258.008,258.008
1780998022.939132,0.0,0.0,0.0,0.0,258.008,258.008,258.008
1780998022.939522,0.0,0.0,0.0,0.0,258.008,258.008,258.008
1780998022.948916,0.0,0.0,0.0,0.0,258.008,258.008,258.008
1780998022.959784,0.0,0.0,0.0,0.0,258.008,258.008,258.008
1780998022.974476,0.0,0.0,0.0,0.0,258.008,258.008,258.008
1780998022.985448,0.0,0.0,0.0,0.0,258.008,258.008,258.008
1780998023.000305,0.0,0.0,0.0,0.0,258.008,258.008,258.008
1780998023.014893,0.0,0.0,0.0,0.0,258.008,258.008,258.008
1780998023.026129,0.0,0.0,0.0,0.0,258.008,258.008,258.008
1780998023.040653,0.0,0.0,0.0,0.0,258.008,258.008,258.008
1780998023.055381,0.0,0.0,0.0,0.0,258.008,258.008,258.008
1780998023.066354,0.0,0.0,0.0,0.0,258.008,258.008,258.008
1780998023.080964,0.0,0.0,0.0,0.0,258.008,258.008,258.008
1780998023.0923069,0.0,0.0,0.0,0.0,258.008,258.008,258.008
1780998023.106969,0.0,0.0,0.0,0.0,258.008,258.008,258.008
1780998023.156159,0.0,0.0,0.0,0.0,258.008,258.008,258.008
1780998023.156647,0.0,0.0,0.0,0.0,258.008,258.008,258.008
1780998023.157021,0.0,0.0,0.0,0.0,258.008,258.008,258.008
1780998023.161851,0.0,0.0,0.0,0.0,258.008,258.008,258.008
1780998023.173432,0.0,0.0,0.0,0.0,258.008,258.008,258.008
1780998023.1880262,0.0,0.0,0.0,0.0,258.008,258.008,258.008
1780998023.1989892,0.0,0.0,0.0,0.0,258.008,258.008,258.008
1780998023.21415,0.0,0.0,0.0,0.0,258.008,258.008,258.008
1780998023.22855,0.0,0.0,0.0,0.0,258.008,258.008,258.008
1780998023.23968,0.0,0.0,0.0,0.0,258.008,258.008,258.008
1780998023.254334,0.0,0.0,0.0,0.0,258.008,258.008,258.008
1780998023.268988,0.0,0.0,0.0,0.0,258.008,258.008,258.008
1780998023.280055,0.0,0.0,0.0,0.0,258.008,258.008,258.008
1780998023.294585,0.0,0.0,0.0,0.0,258.008,258.008,258.008
1780998023.305575,0.0,0.0,0.0,0.0,258.008,258.008,258.008
1780998023.320438,0.0,0.0,0.0,0.0,258.008,258.008,258.008
1780998023.368533,0.0,0.0,0.0,0.0,258.008,258.008,258.008
1780998023.368993,0.0,0.0,0.0,0.0,258.008,258.008,258.008
1780998023.3693628,0.0,0.0,0.0,0.0,258.008,258.008,258.008
1780998023.375253,0.0,0.0,0.0,0.0,258.008,258.008,258.008
1780998023.386246,0.0,0.0,0.0,0.0,258.008,258.008,258.008
1780998023.401087,0.0,0.0,0.0,0.0,258.008,258.008,258.008
1780998023.4118872,0.0,0.0,0.0,0.0,258.008,258.008,258.008
1780998023.426715,0.0,0.0,0.0,0.0,258.008,258.008,258.008
1780998023.441474,0.0,0.0,0.0,0.0,258.008,258.008,258.008
1780998023.4530811,0.0,0.0,0.0,0.0,258.008,258.008,258.008
1780998023.467733,0.0,0.0,0.0,0.0,258.008,258.008,258.008
1780998023.481817,0.0,0.0,0.0,0.0,258.008,258.008,258.008
1780998023.4934962,0.0,0.0,0.0,0.0,258.008,258.008,258.008
1780998023.508213,0.0,0.0,0.0,0.0,258.008,258.008,258.008
1780998023.519316,0.0,0.0,0.0,0.0,258.008,258.008,258.008
1780998023.533908,0.0,0.0,0.0,0.0,258.008,258.008,258.008
1780998023.581258,0.0,0.0,0.0,0.0,258.008,258.008,258.008
1780998023.5817149,0.0,0.0,0.0,0.0,258.008,258.008,258.008
1780998023.582023,0.0,0.0,0.0,0.0,258.008,258.008,258.008
1780998023.5887518,0.0,0.0,0.0,0.0,258.008,258.008,258.008
1780998023.5998468,0.0,0.0,0.0,0.0,258.008,258.008,258.008
1780998023.6145668,0.0,0.0,0.0,0.0,258.008,258.008,258.008
1780998023.625404,0.0,0.0,0.0,0.0,258.008,258.008,258.008
1780998023.6402502,0.0,0.0,0.0,0.0,258.008,258.008,258.008
1780998023.65485,0.0,0.0,0.0,0.0,258.008,258.008,258.008
1780998023.666108,0.0,0.0,0.0,0.0,258.008,258.008,258.008
1780998023.680755,0.0,0.0,0.0,0.0,258.008,258.008,258.008
1780998023.695292,0.0,0.0,0.0,0.0,258.008,258.008,258.008
1780998023.706638,0.0,0.0,0.0,0.0,258.008,258.008,258.008
1780998023.7211242,0.0,0.0,0.0,0.0,258.008,258.008,258.008
1780998023.732276,0.0,0.0,0.0,0.0,258.008,258.008,258.008
1780998023.746934,0.0,0.0,0.0,0.0,258.008,258.008,258.008
1780998023.79173,0.0,0.0,0.0,0.0,258.008,258.008,258.008
1780998023.792158,0.0,0.0,0.0,0.0,258.008,258.008,258.008
1780998023.7924778,0.0,0.0,0.0,0.0,258.008,258.008,258.008
1780998023.801744,0.0,0.0,0.0,0.0,258.008,258.008,258.008
1780998023.8132732,0.0,0.0,0.0,0.0,258.008,258.008,258.008
1780998023.828028,0.0,0.0,0.0,0.0,258.008,258.008,258.008
1780998023.8389518,0.0,0.0,0.0,0.0,258.008,258.008,258.008
1780998023.853875,0.0,0.0,0.0,0.0,258.008,258.008,258.008
1780998023.868444,0.0,0.0,0.0,0.0,258.008,258.008,258.008
1780998023.87965,0.0,0.0,0.0,0.0,258.008,258.008,258.008
1780998023.894142,0.0,0.0,0.0,0.0,258.008,258.008,258.008
1780998023.9089658,0.0,0.0,0.0,0.0,258.008,258.008,258.008
1780998023.91994,0.0,0.0,0.0,0.0,258.008,258.008,258.008
1780998023.934623,0.0,0.0,0.0,0.0,258.008,258.008,258.008
1780998023.950155,0.0,0.0,0.0,0.0,258.008,258.008,258.008
1780998023.9603,0.0,0.0,0.0,0.0,258.008,258.008,258.008
1780998024.0106702,0.0,0.0,0.0,0.0,258.008,258.008,258.008
1780998024.010947,0.0,0.0,0.0,0.0,258.008,258.008,258.008
1780998024.011214,0.0,0.0,0.0,0.0,258.008,258.008,258.008
1780998024.015369,0.0,0.0,0.0,0.0,258.008,258.008,258.008
1780998024.0262861,0.0,0.0,0.0,0.0,258.008,258.008,258.008
1780998024.040994,0.0,0.0,0.0,0.0,258.008,258.008,258.008
1780998024.0518348,0.0,0.0,0.0,0.0,258.008,258.008,258.008
1780998024.066695,0.0,0.0,0.0,0.0,258.008,258.008,258.008
1780998024.0814981,0.0,0.0,0.0,0.0,258.008,258.008,258.008
1780998024.0929668,0.0,0.0,0.0,0.0,258.008,258.008,258.008
1780998024.107677,0.0,0.0,0.0,0.0,258.008,258.008,258.008
1780998024.121703,0.0,0.0,0.0,0.0,258.008,258.008,258.008
1780998024.133657,0.0,0.0,0.0,0.0,258.008,258.008,258.008
1780998024.1481721,0.0,0.0,0.0,0.0,258.008,258.008,258.008
1780998024.159202,0.0,0.0,0.0,0.0,258.008,258.008,258.008
1780998024.173751,0.0,0.0,0.0,0.0,258.008,258.008,258.008
1780998024.21338,0.0,0.0,0.0,0.0,258.008,258.008,258.008
1780998024.213771,0.0,0.0,0.0,0.0,258.008,258.008,258.008
1780998024.2140632,0.0,0.0,0.0,0.0,258.008,258.008,258.008
1780998024.228857,0.0,0.0,0.0,0.0,258.008,258.008,258.008
1780998024.239774,0.0,0.0,0.0,0.0,258.008,258.008,258.008
1780998024.254698,0.0,0.0,0.0,0.0,258.008,258.008,258.008
1780998024.265718,0.0,0.0,0.0,0.0,258.008,258.008,258.008
1780998024.280256,0.0,0.0,0.0,0.0,258.008,258.008,258.008
1780998024.2949498,0.0,0.0,0.0,0.0,258.008,258.008,258.008
1780998024.305918,0.0,0.0,0.0,0.0,258.008,258.008,258.008
1780998024.320639,0.0,0.0,0.0,0.0,258.008,258.008,258.008
1780998024.335242,0.0,0.0,0.0,0.0,258.008,258.008,258.008
1780998024.3463051,0.0,0.0,0.0,0.0,258.008,258.008,258.008
1780998024.361048,0.0,0.0,0.0,0.0,258.008,258.008,258.008
1780998024.371912,0.0,0.0,0.0,0.0,258.008,258.008,258.008
1780998024.386807,0.0,0.0,0.0,0.0,258.008,258.008,258.008
1780998024.4284842,0.0,0.0,0.0,0.0,258.008,258.008,258.008
1780998024.4288409,0.0,0.0,0.0,0.0,258.008,258.008,258.008
1780998024.429079,0.0,0.0,0.0,0.0,258.008,258.008,258.008
1780998024.44168,0.0,0.0,0.0,0.0,258.008,258.008,258.008
1780998024.453147,0.0,0.0,0.0,0.0,258.008,258.008,258.008
1780998024.468032,0.0,0.0,0.0,0.0,258.008,258.008,258.008
1780998024.479106,0.0,0.0,0.0,0.0,258.008,258.008,258.008
1780998024.4937751,0.0,0.0,0.0,0.0,258.008,258.008,258.008
1780998024.508419,0.0,0.0,0.0,0.0,258.008,258.008,258.008
1780998024.5196319,0.0,0.0,0.0,0.0,258.008,258.008,258.008
1780998024.5342872,0.0,0.0,0.0,0.0,258.008,258.008,258.008
1780998024.548724,0.0,0.0,0.0,0.0,258.008,258.008,258.008
1780998024.5600052,0.0,0.0,0.0,0.0,258.008,258.008,258.008
1780998024.574367,0.0,0.0,0.0,0.0,258.008,258.008,258.008
1780998024.5859861,0.0,0.0,0.0,0.0,258.008,258.008,258.008
1780998024.6003442,0.0,0.0,0.0,0.0,258.008,258.008,258.008
1780998024.646692,0.0,0.0,0.0,0.0,258.008,258.008,258.008
1780998024.647035,0.0,0.0,0.0,0.0,258.008,258.008,258.008
1780998024.6472661,0.0,0.0,0.0,0.0,258.008,258.008,258.008
1780998024.655154,0.0,0.0,0.0,0.0,258.008,258.008,258.008
1780998024.6661701,0.0,0.0,0.0,0.0,258.008,258.008,258.008
1780998024.680964,0.0,0.0,0.0,0.0,258.008,258.008,258.008
1780998024.691829,0.0,0.0,0.0,0.0,258.008,258.008,258.008
1780998024.706578,0.0,0.0,0.0,0.0,258.008,258.008,258.008
1780998024.721319,0.0,0.0,0.0,0.0,258.008,258.008,258.008
1780998024.7331042,0.0,0.0,0.0,0.0,258.008,258.008,258.008
1780998024.7475479,0.0,0.0,0.0,0.0,258.008,258.008,258.008
1780998024.761767,0.0,0.0,0.0,0.0,258.008,258.008,258.008
1780998024.7731972,0.0,0.0,0.0,0.0,258.008,258.008,258.008
1780998024.787955,0.0,0.0,0.0,0.0,258.008,258.008,258.008
1780998024.79919,0.0,0.0,0.0,0.0,258.008,258.008,258.008
1780998024.813777,0.0,0.0,0.0,0.0,258.008,258.008,258.008
1780998024.852698,0.0,0.0,0.0,0.0,258.008,258.008,258.008
1780998024.852952,0.0,0.0,0.0,0.0,258.008,258.008,258.008
1780998024.8539221,0.0,0.0,0.0,0.0,258.008,258.008,258.008
1780998024.868725,0.0,0.0,0.0,0.0,258.008,258.008,258.008
1780998024.879725,0.0,0.0,0.0,0.0,258.008,258.008,258.008
1780998024.89444,0.0,0.0,0.0,0.0,258.008,258.008,258.008
1780998024.9055161,0.0,0.0,0.0,0.0,258.008,258.008,258.008
1780998024.920233,0.0,0.0,0.0,0.0,258.008,258.008,258.008
1780998024.935037,0.0,0.0,0.0,0.0,258.008,258.008,258.008
1780998024.945917,0.0,0.0,0.0,0.0,258.008,258.008,258.008
1780998024.9605289,0.0,0.0,0.0,0.0,258.008,258.008,258.008
1780998024.97532,0.0,0.0,0.0,0.0,258.008,258.008,258.008
1780998024.986389,0.0,0.0,0.0,0.0,258.008,258.008,258.008
1780998025.0021172,0.0,0.0,0.0,0.0,258.008,258.008,258.008
1780998025.011839,0.0,0.0,0.0,0.0,258.008,258.008,258.008
1780998025.026583,0.0,0.0,0.0,0.0,258.008,258.008,258.008
1780998025.052635,0.0,0.0,0.0,0.0,258.008,258.008,258.008
1780998025.052917,0.0,0.0,0.0,0.0,258.008,258.008,258.008
1780998025.067585,0.0,0.0,0.0,0.0,258.008,258.008,258.008
1780998025.081716,0.0,0.0,0.0,0.0,258.008,258.008,258.008
1780998025.0932312,0.0,0.0,0.0,0.0,258.008,258.008,258.008
1780998025.107913,0.0,0.0,0.0,0.0,258.008,258.008,258.008
1780998025.118848,0.0,0.0,0.0,0.0,258.008,258.008,258.008
1780998025.133518,0.0,0.0,0.0,0.0,258.008,258.008,258.008
1780998025.148361,0.0,0.0,0.0,0.0,258.008,258.008,258.008
1780998025.159554,0.0,0.0,0.0,0.0,258.008,258.008,258.008
1780998025.1740239,0.0,0.0,0.0,0.0,258.008,258.008,258.008
1780998025.1887832,0.0,0.0,0.0,0.0,258.008,258.008,258.008
1780998025.1998038,0.0,0.0,0.0,0.0,258.008,258.008,258.008
1780998025.214536,0.0,0.0,0.0,0.0,258.008,258.008,258.008
1780998025.225507,0.0,0.0,0.0,0.0,258.008,258.008,258.008
1780998025.240206,0.0,0.0,0.0,0.0,258.008,258.008,258.008
1780998025.271807,0.0,0.0,0.0,0.0,258.008,258.008,258.008
1780998025.2720928,0.0,0.0,0.0,0.0,258.008,258.008,258.008
1780998025.280475,0.0,0.0,0.0,0.0,258.008,258.008,258.008
1780998025.295097,0.0,0.0,0.0,0.0,258.008,258.008,258.008
1780998025.306154,0.0,0.0,0.0,0.0,258.008,258.008,258.008
1780998025.320867,0.0,0.0,0.0,0.0,258.008,258.008,258.008
1780998025.3318331,0.0,0.0,0.0,0.0,258.008,258.008,258.008
1780998025.3466089,0.0,0.0,0.0,0.0,258.008,258.008,258.008
1780998025.361413,0.0,0.0,0.0,0.0,258.008,258.008,258.008
1780998025.372776,0.0,0.0,0.0,0.0,258.008,258.008,258.008
1780998025.3875651,0.0,0.0,0.0,0.0,258.008,258.008,258.008
1780998025.401759,0.0,0.0,0.0,0.0,258.008,258.008,258.008
1780998025.413555,0.0,0.0,0.0,0.0,258.008,258.008,258.008
1780998025.428088,0.0,0.0,0.0,0.0,258.008,258.008,258.008
1780998025.43896,0.0,0.0,0.0,0.0,258.008,258.008,258.008
1780998025.453578,0.0,0.0,0.0,0.0,258.008,258.008,258.008
1780998025.485771,0.0,0.0,0.0,0.0,258.008,258.008,258.008
1780998025.486021,0.0,0.0,0.0,0.0,258.008,258.008,258.008
1780998025.4939861,0.0,0.0,0.0,0.0,258.008,258.008,258.008
1780998025.508657,0.0,0.0,0.0,0.0,258.008,258.008,258.008
1780998025.519656,0.0,0.0,0.0,0.0,258.008,258.008,258.008
1780998025.5342999,0.0,0.0,0.0,0.0,258.008,258.008,258.008
1780998025.545419,0.0,0.0,0.0,0.0,258.008,258.008,258.008
1780998025.560144,0.0,0.0,0.0,0.0,258.008,258.008,258.008
1780998025.5747368,0.0,0.0,0.0,0.0,258.008,258.008,258.008
1780998025.585802,0.0,0.0,0.0,0.0,258.008,258.008,258.008
1780998025.600611,0.0,0.0,0.0,0.0,258.008,258.008,258.008
1780998025.6152608,0.0,0.0,0.0,0.0,258.008,258.008,258.008
1780998025.626244,0.0,0.0,0.0,0.0,258.008,258.008,258.008
1780998025.6409118,0.0,0.0,0.0,0.0,258.008,258.008,258.008
1780998025.651799,0.0,0.0,0.0,0.0,258.008,258.008,258.008
1780998025.666705,0.0,0.0,0.0,0.0,258.008,258.008,258.008
1780998025.697929,0.0,0.0,0.0,0.0,258.008,258.008,258.008
1780998025.698178,0.0,0.0,0.0,0.0,258.008,258.008,258.008
1780998025.7075012,0.0,0.0,0.0,0.0,258.008,258.008,258.008
1780998025.721539,0.0,0.0,0.0,0.0,258.008,258.008,258.008
1780998025.7330172,0.0,0.0,0.0,0.0,258.008,258.008,258.008
1780998025.747936,0.0,0.0,0.0,0.0,258.008,258.008,258.008
1780998025.7590358,0.0,0.0,0.0,0.0,258.008,258.008,258.008
1780998025.7736561,0.0,0.0,0.0,0.0,258.008,258.008,258.008
1780998025.788301,0.0,0.0,0.0,0.0,258.008,258.008,258.008
1780998025.7994392,0.0,0.0,0.0,0.0,258.008,258.008,258.008
1780998025.8139179,0.0,0.0,0.0,0.0,258.008,258.008,258.008
1780998025.8287868,0.0,0.0,0.0,0.0,258.008,258.008,258.008
1780998025.839946,0.0,0.0,0.0,0.0,258.008,258.008,258.008
1780998025.8544261,0.0,0.0,0.0,0.0,258.008,258.008,258.008
1780998025.865552,0.0,0.0,0.0,0.0,258.008,258.008,258.008
1780998025.880125,0.0,0.0,0.0,0.0,258.008,258.008,258.008
1780998025.915461,0.0,0.0,0.0,0.0,258.008,258.008,258.008
1780998025.9157162,0.0,0.0,0.0,0.0,258.008,258.008,258.008
1780998025.920506,0.0,0.0,0.0,0.0,258.008,258.008,258.008
1780998025.9350379,0.0,0.0,0.0,0.0,258.008,258.008,258.008
1780998025.9461079,0.0,0.0,0.0,0.0,258.008,258.008,258.008
1780998025.96081,0.0,0.0,0.0,0.0,258.008,258.008,258.008
1780998025.9717162,0.0,0.0,0.0,0.0,258.008,258.008,258.008
1780998025.986474,0.0,0.0,0.0,0.0,258.008,258.008,258.008
1780998026.0012832,0.0,0.0,0.0,0.0,258.008,258.008,258.008
1780998026.012946,0.0,0.0,0.0,0.0,258.008,258.008,258.008
1780998026.027582,0.0,0.0,0.0,0.0,258.008,258.008,258.008
1780998026.041603,0.0,0.0,0.0,0.0,258.008,258.008,258.008
1780998026.053254,0.0,0.0,0.0,0.0,258.008,258.008,258.008
1780998026.067853,0.0,0.0,0.0,0.0,258.008,258.008,258.008
1780998026.0788538,0.0,0.0,0.0,0.0,258.008,258.008,258.008
1780998026.093477,0.0,0.0,0.0,0.0,258.008,258.008,258.008
1780998026.118832,0.0,0.0,0.0,0.0,258.008,258.008,258.008
1780998026.1192162,0.0,0.0,0.0,0.0,258.008,258.008,258.008
1780998026.133937,0.0,0.0,0.0,0.0,258.008,258.008,258.008
1780998026.1488352,0.0,0.0,0.0,0.0,258.008,258.008,258.008
1780998026.159729,0.0,0.0,0.0,0.0,258.008,258.008,258.008
1780998026.1744561,0.0,0.0,0.0,0.0,258.008,258.008,258.008
1780998026.1854029,0.0,0.0,0.0,0.0,258.008,258.008,258.008
1780998026.200042,0.0,0.0,0.0,0.0,258.008,258.008,258.008
1780998026.214784,0.0,0.0,0.0,0.0,258.008,258.008,258.008
1780998026.225808,0.0,0.0,0.0,0.0,258.008,258.008,258.008
1780998026.2406049,0.0,0.0,0.0,0.0,258.008,258.008,258.008
1780998026.2551072,0.0,0.0,0.0,0.0,258.008,258.008,258.008
1780998026.266176,0.0,0.0,0.0,0.0,258.008,258.008,258.008
1780998026.280977,0.0,0.0,0.0,0.0,258.008,258.008,258.008
1780998026.292279,0.0,0.0,0.0,0.0,258.008,258.008,258.008
1780998026.3066828,0.0,0.0,0.0,0.0,258.008,258.008,258.008
1780998026.351615,0.0,0.0,0.0,0.0,258.008,258.008,258.008
1780998026.351938,0.0,0.0,0.0,0.0,258.008,258.008,258.008
1780998026.352256,0.0,0.0,0.0,0.0,258.008,258.008,258.008
1780998026.361634,0.0,0.0,0.0,0.0,258.008,258.008,258.008
1780998026.373198,0.0,0.0,0.0,0.0,258.008,258.008,258.008
1780998026.387855,0.0,0.0,0.0,0.0,258.008,258.008,258.008
1780998026.398797,0.0,0.0,0.0,0.0,258.008,258.008,258.008
1780998026.413686,0.0,0.0,0.0,0.0,258.008,258.008,258.008
1780998026.4283452,0.0,0.0,0.0,0.0,258.008,258.008,258.008
1780998026.439256,0.0,0.0,0.0,0.0,258.008,258.008,258.008
1780998026.454019,0.0,0.0,0.0,0.0,258.008,258.008,258.008
1780998026.468676,0.0,0.0,0.0,0.0,258.008,258.008,258.008
1780998026.479949,0.0,0.0,0.0,0.0,258.008,258.008,258.008
1780998026.494565,0.0,0.0,0.0,0.0,258.008,258.008,258.008
1780998026.505437,0.0,0.0,0.0,0.0,258.008,258.008,258.008
1780998026.5201359,0.0,0.0,0.0,0.0,258.008,258.008,258.008
1780998026.557145,0.0,0.0,0.0,0.0,258.008,258.008,258.008
1780998026.557478,0.0,0.0,0.0,0.0,258.008,258.008,258.008
1780998026.560554,0.0,0.0,0.0,0.0,258.008,258.008,258.008
