Timestamp,x_err,y_err,x_out,y_out,a_theta,b_theta,c_theta
1780996125.0027142,0.0,0.0,0.0,0.0,258.008,258.008,258.008
1780996125.040519,0.0,0.0,0.0,0.0,258.008,258.008,258.008
1780996125.040757,0.0,0.0,0.0,0.0,258.008,258.008,258.008
1780996125.044464,0.0,0.0,0.0,0.0,258.008,258.008,258.008
1780996125.059565,0.0,0.0,0.0,0.0,258.008,258.008,258.008
1780996125.0708852,0.0,0.0,0.0,0.0,258.008,258.008,258.008
1780996125.085948,0.0,0.0,0.0,0.0,258.008,258.008,258.008
1780996125.0972888,0.0,0.0,0.0,0.0,258.008,258.008,258.008
1780996125.1124501,0.0,0.0,0.0,0.0,258.008,258.008,258.008
1780996125.169813,0.0,0.0,0.0,0.0,258.008,258.008,258.008
1780996125.1700668,0.0,0.0,0.0,0.0,258.008,258.008,258.008
1780996125.1703,0.0,0.0,0.0,0.0,258.008,258.008,258.008
1780996125.170523,0.0,0.0,0.0,0.0,258.008,258.008,258.008
1780996125.1812851,0.0,0.0,0.0,0.0,258.008,258.008,258.008
1780996125.1961799,0.0,0.0,0.0,0.0,258.008,258.008,258.008
1780996125.207125,0.0,0.0,0.0,0.0,258.008,258.008,258.008
1780996125.221886,0.0,0.0,0.0,0.0,258.008,258.008,258.008
1780996125.248634,0.0,0.0,0.0,0.0,258.008,258.008,258.008
1780996125.2489028,0.0,0.0,0.0,0.0,258.008,258.008,258.008
1780996125.262272,0.0,0.0,0.0,0.0,258.008,258.008,258.008
1780996125.276957,0.0,0.0,0.0,0.0,258.008,258.008,258.008
1780996125.288054,0.0,0.0,0.0,0.0,258.008,258.008,258.008
1780996125.302727,0.0,0.0,0.0,0.0,258.008,258.008,258.008
1780996125.3143969,0.0,0.0,0.0,0.0,258.008,258.008,258.008
1780996125.3292348,0.0,0.0,0.0,0.0,258.008,258.008,258.008
1780996125.364597,0.0,0.0,0.0,0.0,258.008,258.008,258.008
1780996125.364865,0.0,0.0,0.0,0.0,258.008,258.008,258.008
1780996125.369638,0.0,0.0,0.0,0.0,258.008,258.008,258.008
1780996125.384299,0.0,0.0,0.0,0.0,258.008,258.008,258.008
1780996125.395273,0.0,0.0,0.0,0.0,258.008,258.008,258.008
1780996125.4100091,0.0,0.0,0.0,0.0,258.008,258.008,258.008
1780996125.421026,0.0,0.0,0.0,0.0,258.008,258.008,258.008
1780996125.4357948,0.0,0.0,0.0,0.0,258.008,258.008,258.008
1780996125.450544,0.0,0.0,0.0,0.0,258.008,258.008,258.008
1780996125.461427,0.0,0.0,0.0,0.0,258.008,258.008,258.008
1780996125.476115,0.0,0.0,0.0,0.0,258.008,258.008,258.008
1780996125.490907,0.0,0.0,0.0,0.0,258.008,258.008,258.008
1780996125.502141,0.0,0.0,0.0,0.0,258.008,258.008,258.008
1780996125.516452,0.0,0.0,0.0,0.0,258.008,258.008,258.008
1780996125.5276978,0.0,0.0,0.0,0.0,258.008,258.008,258.008
1780996125.54236,0.0,0.0,0.0,0.0,258.008,258.008,258.008
1780996125.575776,0.0,0.0,0.0,0.0,258.008,258.008,258.008
1780996125.576213,0.0,0.0,0.0,0.0,258.008,258.008,258.008
1780996125.582583,0.0,0.0,0.0,0.0,258.008,258.008,258.008
1780996125.597255,0.0,0.0,0.0,0.0,258.008,258.008,258.008
1780996125.608923,0.0,0.0,0.0,0.0,258.008,258.008,258.008
1780996125.622991,0.0,0.0,0.0,0.0,258.008,258.008,258.008
1780996125.6345742,0.0,0.0,0.0,0.0,258.008,258.008,258.008
1780996125.6494222,0.0,0.0,0.0,0.0,258.008,258.008,258.008
1780996125.664011,0.0,0.0,0.0,0.0,258.008,258.008,258.008
1780996125.674998,0.0,0.0,0.0,0.0,258.008,258.008,258.008
1780996125.6898031,0.0,0.0,0.0,0.0,258.008,258.008,258.008
1780996125.704432,0.0,0.0,0.0,0.0,258.008,258.008,258.008
1780996125.715463,0.0,0.0,0.0,0.0,258.008,258.008,258.008
1780996125.7302568,0.0,0.0,0.0,0.0,258.008,258.008,258.008
1780996125.741277,0.0,0.0,0.0,0.0,258.008,258.008,258.008
1780996125.75635,61.239,5.571,0.08,0.007,278.606,244.516,256.269
1780996125.7958772,61.07,5.929,0.079,0.008,278.663,244.606,256.128
1780996125.796304,61.296,6.143,0.08,0.008,278.861,244.57,256.052
1780996125.797406,61.577,6.071,0.08,0.008,278.998,244.474,256.083
1780996125.8121212,61.69,6.143,0.081,0.008,279.083,244.45,256.061
1780996125.8231559,61.69,6.143,0.081,0.008,279.083,244.45,256.061
1780996125.838132,61.69,6.143,0.081,0.008,279.083,244.45,256.061
1780996125.852865,60.901,6.571,0.079,0.009,278.785,244.735,255.905
1780996125.864623,60.901,6.571,0.079,0.009,278.785,244.735,255.905
1780996125.879626,55.831,4.929,0.071,0.006,275.605,245.883,256.565
1780996125.8943748,55.831,4.929,0.071,0.006,275.605,245.883,256.565
1780996125.9054039,51.775,3.571,0.064,0.004,273.26,246.8,257.108
1780996125.9202912,45.803,1.286,0.054,-0.0,270.14,248.047,257.985
1780996125.935282,43.211,0.214,0.05,-0.002,268.89,248.556,258.387
1780996125.946623,39.887,-0.214,0.046,-0.002,267.739,249.296,258.473
1780996125.961772,36.394,-0.786,0.041,-0.003,266.679,249.974,258.588
1780996125.9767869,33.803,-1.143,0.039,-0.003,266.016,250.433,258.634
1780996126.016639,31.775,-1.143,0.036,-0.003,265.488,250.887,258.578
1780996126.017063,30.197,-1.0,0.034,-0.002,265.026,251.32,258.497
1780996126.017579,25.803,-1.429,0.028,-0.003,263.479,252.439,258.639
1780996126.032563,22.085,-1.571,0.023,-0.003,262.474,253.28,258.641
1780996126.0444648,17.577,-2.214,0.016,-0.004,260.943,254.404,258.871
1780996126.059427,13.183,-3.357,0.011,-0.005,259.559,255.28,259.285
1780996126.074539,9.746,-3.071,0.006,-0.005,258.697,256.249,259.121
1780996126.089493,4.958,-3.714,-0.001,-0.006,257.197,257.504,259.346
1780996126.100626,0.676,-3.857,-0.006,-0.006,256.174,258.548,259.351
1780996126.115753,-2.085,-3.929,-0.01,-0.006,255.375,259.379,259.362
1780996126.130419,-5.746,-3.0,-0.016,-0.004,254.489,260.759,258.958
1780996126.145353,-9.634,-2.214,-0.022,-0.003,253.526,262.204,258.625
1780996126.1566038,-13.521,-1.643,-0.027,-0.002,252.717,263.408,258.397
1780996126.171901,-17.127,-1.429,-0.031,-0.001,251.941,264.435,258.328
1780996126.1867552,-20.958,-0.5,-0.035,0.0,251.362,265.56,257.983
1780996126.201338,-30.761,0.286,-0.051,0.001,248.758,269.487,257.676
1780996126.241121,-26.254,0.143,-0.042,0.001,250.298,267.217,257.767
1780996126.2415621,-30.592,0.929,-0.048,0.002,249.235,269.076,257.457
1780996126.242074,-32.901,1.357,-0.051,0.003,248.898,269.733,257.324
1780996126.253183,-32.901,1.357,-0.051,0.003,248.898,269.733,257.324
1780996126.268817,-38.873,2.714,-0.06,0.005,247.473,272.617,256.79
1780996126.2830431,-39.775,2.786,-0.061,0.005,247.376,272.765,256.795
1780996126.2978802,-39.775,2.786,-0.061,0.005,247.376,272.765,256.795
1780996126.3095071,-45.183,3.786,-0.068,0.007,246.268,275.096,256.457
1780996126.324308,-45.972,4.0,-0.069,0.007,246.225,275.246,256.407
1780996126.339242,-45.972,4.0,-0.069,0.007,246.225,275.246,256.407
1780996126.354103,-50.31,4.571,-0.075,0.007,245.356,277.059,256.239
1780996126.36573,-50.31,4.571,-0.075,0.007,245.356,277.059,256.239
1780996126.38044,-53.296,5.357,-0.078,0.008,244.908,278.3,255.994
1780996126.395343,-53.352,5.5,-0.077,0.009,245.044,278.073,255.973
1780996126.406453,-54.423,5.571,-0.078,0.009,244.866,278.414,255.974
1780996126.421399,-54.535,5.286,-0.076,0.008,245.087,277.678,256.166
1780996126.460247,-54.761,4.786,-0.076,0.007,245.098,277.292,256.395
1780996126.4606662,-54.028,4.714,-0.073,0.006,245.477,276.493,256.459
1780996126.4624178,-53.521,5.143,-0.072,0.007,245.781,276.182,256.306
1780996126.4774148,-52.507,4.286,-0.069,0.006,246.017,275.228,256.661
1780996126.4923038,-51.549,3.929,-0.068,0.005,246.281,274.568,256.799
1780996126.5041962,-49.859,3.929,-0.065,0.005,246.785,273.728,256.796
1780996126.51919,-48.338,3.429,-0.062,0.004,247.12,272.916,256.982
1780996126.534249,-47.831,3.286,-0.061,0.004,247.231,272.666,257.033
1780996126.5493991,-45.972,2.714,-0.058,0.003,247.644,271.722,257.248
1780996126.560621,-43.268,1.571,-0.054,0.001,248.169,270.367,257.667
1780996126.575926,-40.563,0.357,-0.05,-0.001,248.666,269.082,258.104
1780996126.5907042,-38.197,0.071,-0.047,-0.001,249.206,268.246,258.16
1780996126.605856,-36.394,0.429,-0.044,-0.0,249.726,267.742,257.978
1780996126.617035,-33.239,0.143,-0.04,-0.0,250.488,266.621,258.053
1780996126.6322958,-30.31,-0.071,-0.036,-0.001,251.175,265.66,258.105
1780996126.647184,-26.761,0.071,-0.031,-0.0,252.121,264.562,258.016
1780996126.686086,-23.549,-0.571,-0.027,-0.001,252.805,263.458,258.256
1780996126.686432,-21.296,-1.143,-0.023,-0.002,253.267,262.672,258.471
1780996126.688095,-18.93,-0.929,-0.02,-0.002,254.001,261.926,258.372
1780996126.703777,-14.479,-1.286,-0.014,-0.002,255.106,260.565,258.486
1780996126.717959,-10.592,-1.5,-0.009,-0.002,256.062,259.47,258.546
1780996126.729616,-8.282,-1.714,-0.005,-0.003,256.705,258.717,258.625
1780996126.744789,-5.859,-1.429,-0.001,-0.002,257.486,258.046,258.497
1780996126.7598011,0.789,-1.214,0.008,-0.002,259.454,256.223,258.394
1780996126.7748082,3.155,-1.0,0.011,-0.001,260.056,255.748,258.302
1780996126.785995,4.507,-0.714,0.012,-0.001,260.465,255.484,258.184
1780996126.800842,10.366,-0.214,0.021,0.0,262.287,254.044,257.989
1780996126.8162339,12.789,0.071,0.023,0.001,262.955,253.571,257.883
1780996126.8270988,15.775,0.286,0.027,0.001,263.84,252.898,257.81
1780996126.84206,19.437,0.786,0.032,0.002,264.93,252.176,257.634
1780996126.857077,22.704,0.929,0.035,0.002,265.831,251.493,257.606
1780996126.8690932,25.859,1.5,0.039,0.003,266.834,250.915,257.398
1780996126.908949,27.887,1.643,0.042,0.003,267.431,250.497,257.367
1780996126.9093828,29.746,2.071,0.044,0.003,268.047,250.182,257.216
1780996126.90977,32.507,2.643,0.047,0.004,269.105,249.609,257.013
1780996126.9245582,34.873,3.357,0.051,0.005,270.042,249.193,256.752
1780996126.939492,34.873,3.357,0.051,0.005,270.042,249.193,256.752
1780996126.9506629,40.0,4.643,0.058,0.007,272.412,248.049,256.282
1780996126.965277,41.521,5.5,0.06,0.009,272.998,247.931,255.998
1780996126.980393,42.817,5.429,0.061,0.008,273.421,247.619,256.055
1780996126.9916532,45.183,5.714,0.064,0.009,274.297,247.143,255.992
1780996127.00657,46.93,6.357,0.066,0.01,275.017,246.903,255.78
1780996127.017749,48.056,5.786,0.067,0.008,274.937,246.704,256.062
1780996127.03328,49.014,6.0,0.068,0.009,275.352,246.525,255.99
1780996127.0478668,50.085,6.214,0.069,0.009,275.577,246.431,255.95
1780996127.0597508,50.704,6.429,0.069,0.009,275.644,246.433,255.903
1780996127.074647,50.761,6.429,0.068,0.009,275.425,246.531,255.935
1780996127.089565,50.817,6.5,0.068,0.009,275.347,246.584,255.926
1780996127.1284401,50.873,6.714,0.068,0.009,275.296,246.667,255.865
1780996127.12891,50.31,6.286,0.066,0.008,274.788,246.804,256.046
1780996127.1306481,49.634,5.929,0.065,0.008,274.314,246.957,256.193
1780996127.142069,48.732,5.786,0.063,0.007,273.83,247.201,256.246
1780996127.156851,47.437,4.786,0.061,0.006,272.972,247.398,256.623
1780996127.171956,46.31,4.786,0.06,0.006,272.501,247.712,256.6
1780996127.182855,44.282,3.643,0.056,0.004,271.386,248.067,257.011
1780996127.197948,44.282,3.643,0.056,0.004,271.386,248.067,257.011
1780996127.2128682,42.141,3.286,0.053,0.004,270.442,248.592,257.124
1780996127.224467,39.493,2.571,0.049,0.003,269.224,249.201,257.379
1780996127.239573,37.69,1.929,0.046,0.002,268.449,249.55,257.602
1780996127.2545888,36.394,2.071,0.045,0.002,268.118,249.876,257.502
1780996127.266079,33.746,1.286,0.041,0.001,267.081,250.402,257.763
1780996127.280895,31.042,0.357,0.037,-0.0,266.017,250.92,258.083
1780996127.29599,28.507,0.357,0.034,-0.0,265.281,251.544,258.024
1780996127.307265,26.423,-0.143,0.031,-0.001,264.521,251.99,258.198
1780996127.3454678,22.817,-0.357,0.026,-0.001,263.352,252.91,258.237
1780996127.345951,19.887,-0.929,0.022,-0.002,262.398,253.543,258.425
1780996127.351984,17.239,-1.071,0.018,-0.002,261.572,254.235,258.454
1780996127.3637471,13.972,-1.214,0.014,-0.002,260.651,255.047,258.466
1780996127.3789508,11.887,-1.357,0.011,-0.002,260.068,255.548,258.5
1780996127.394048,9.859,-1.143,0.009,-0.002,259.589,256.103,258.388
1780996127.405231,6.028,-1.357,0.004,-0.002,258.497,257.092,258.447
1780996127.4204102,2.592,-1.571,-0.001,-0.002,257.56,257.954,258.515
1780996127.435411,-0.845,-2.071,-0.005,-0.003,256.583,258.772,258.697
1780996127.450142,-1.859,-1.929,-0.007,-0.003,256.368,259.065,258.628
1780996127.461524,-6.141,-1.714,-0.013,-0.002,255.277,260.338,258.524
1780996127.4763892,-9.183,-1.714,-0.017,-0.002,254.365,261.356,258.518
1780996127.491263,-11.437,-1.5,-0.02,-0.002,253.9,261.987,258.424
1780996127.5059829,-14.592,-1.357,-0.024,-0.002,253.13,262.952,258.363
1780996127.5173068,-16.62,-1.357,-0.027,-0.002,252.588,263.603,258.362
1780996127.53233,-20.451,-0.5,-0.032,-0.0,251.872,264.87,258.019
1780996127.571729,-23.155,0.0,-0.036,0.001,251.321,265.792,257.829
1780996127.572138,-25.634,0.286,-0.038,0.001,250.9,266.438,257.747
1780996127.573069,-28.0,0.571,-0.041,0.001,250.398,267.224,257.649
1780996127.58796,-29.69,0.929,-0.043,0.002,250.119,267.748,257.529
1780996127.602941,-30.535,1.214,-0.044,0.002,249.994,268.047,257.426
1780996127.617762,-33.239,1.714,-0.048,0.003,249.42,269.065,257.256
1780996127.629441,-33.239,1.714,-0.048,0.003,249.42,269.065,257.256
1780996127.644137,-36.958,2.857,-0.053,0.005,248.668,270.712,256.833
1780996127.659306,-36.958,2.857,-0.053,0.005,248.668,270.712,256.833
1780996127.67026,-39.606,3.571,-0.057,0.006,248.083,271.964,256.568
1780996127.68532,-39.831,4.0,-0.057,0.007,248.184,271.998,256.428
1780996127.700015,-41.859,5.0,-0.06,0.008,247.921,272.875,256.096
1780996127.715064,-42.31,5.357,-0.059,0.009,247.998,272.86,256.02
1780996127.7262568,-42.93,5.643,-0.06,0.009,247.928,273.089,255.938
1780996127.74119,-43.38,5.714,-0.06,0.009,247.974,272.93,255.997
1780996127.756094,-43.437,6.143,-0.059,0.009,248.123,272.869,255.874
1780996127.7956932,-43.493,6.143,-0.059,0.009,248.142,272.805,255.897
1780996127.796066,-43.211,6.071,-0.058,0.009,248.302,272.438,255.979
1780996127.797079,-42.817,6.357,-0.057,0.009,248.51,272.228,255.896
1780996127.8122082,-41.803,6.429,-0.055,0.009,248.858,271.675,255.908
1780996127.823881,-40.845,6.429,-0.053,0.009,249.148,271.195,255.937
1780996127.83906,-40.338,6.0,-0.052,0.008,249.212,270.849,256.121
1780996127.853985,-38.761,5.929,-0.049,0.008,249.645,270.159,256.16
1780996127.8650901,-37.465,5.786,-0.047,0.008,249.982,269.592,256.22
1780996127.880246,-35.944,5.643,-0.045,0.007,250.35,268.999,256.276
1780996127.895325,-34.592,5.5,-0.043,0.007,250.685,268.46,256.332
1780996127.910249,-32.732,5.214,-0.04,0.007,251.144,267.697,256.44
1780996127.921597,-30.535,4.786,-0.037,0.006,251.637,266.856,256.589
1780996127.936681,-28.169,4.571,-0.034,0.006,252.217,266.03,256.65
1780996127.951782,-25.915,4.286,-0.031,0.005,252.735,265.262,256.745
1780996127.9630778,-23.549,4.286,-0.027,0.006,253.332,264.543,256.728
1780996127.978268,-21.69,4.0,-0.025,0.005,253.768,263.897,256.831
1780996128.016382,-20.113,3.786,-0.023,0.005,254.123,263.394,256.903
1780996128.016799,-16.676,3.071,-0.018,0.004,254.925,262.178,257.162
1780996128.01968,-13.803,2.5,-0.014,0.003,255.574,261.247,257.351
1780996128.03459,-10.986,1.857,-0.01,0.002,256.256,260.263,257.579
1780996128.049721,-10.197,1.5,-0.009,0.001,256.376,260.002,257.705
1780996128.060947,-6.479,1.286,-0.004,0.001,257.367,258.933,257.736
1780996128.0759602,-3.211,0.643,0.0,0.0,258.119,257.96,257.947
1780996128.091014,-0.113,0.571,0.004,0.0,258.943,257.168,257.927
1780996128.102313,3.042,0.5,0.009,0.0,259.796,256.367,257.914
1780996128.11719,5.239,0.571,0.011,0.001,260.428,255.826,257.864
1780996128.1324558,8.113,0.5,0.015,0.001,261.196,255.125,257.865
1780996128.144396,11.099,0.286,0.019,0.0,261.989,254.364,257.925
1780996128.159322,12.676,0.214,0.021,0.0,262.382,254.008,257.94
1780996128.1742358,15.437,0.214,0.024,0.0,263.16,253.354,257.93
1780996128.1855109,18.085,0.071,0.028,0.0,263.886,252.716,257.968
1780996128.200208,20.62,0.143,0.032,0.0,264.817,251.996,257.93
1780996128.2408268,22.479,-0.643,0.034,-0.001,265.164,251.445,258.236
1780996128.241246,23.887,-0.357,0.036,-0.001,265.59,251.229,258.105
1780996128.2415848,27.042,0.286,0.04,0.001,266.821,250.537,257.83
1780996128.256005,28.62,0.214,0.042,0.001,267.234,250.206,257.856
1780996128.2671309,29.972,0.143,0.044,0.0,267.677,249.858,257.882
1780996128.282256,32.62,0.214,0.047,0.001,268.479,249.309,257.852
1780996128.297246,34.254,0.429,0.049,0.001,268.925,249.074,257.76
1780996128.308935,35.775,0.429,0.05,0.001,269.31,248.811,257.755
1780996128.324034,36.113,0.286,0.05,0.001,269.334,248.743,257.815
1780996128.339068,37.634,0.571,0.052,0.001,269.824,248.5,257.708
1780996128.350164,39.211,0.929,0.054,0.002,270.393,248.232,257.574
1780996128.3656042,40.225,1.071,0.055,0.002,270.683,248.078,257.529
1780996128.380436,40.563,1.071,0.055,0.002,270.71,248.052,257.538
1780996128.391742,41.183,1.429,0.056,0.002,270.93,248.022,257.406
1780996128.406652,41.634,1.5,0.056,0.002,271.02,247.974,257.393
1780996128.421587,41.69,2.071,0.056,0.003,271.092,248.112,257.18
1780996128.460885,41.634,1.929,0.055,0.003,270.966,248.131,257.253
1780996128.461298,41.465,1.857,0.055,0.003,270.809,248.193,257.3
1780996128.4625049,41.183,2.143,0.054,0.003,270.723,248.337,257.201
1780996128.4742882,41.239,2.143,0.054,0.003,270.74,248.321,257.207
1780996128.489205,41.239,2.143,0.054,0.003,270.74,248.321,257.207
1780996128.504158,38.986,2.5,0.05,0.004,269.82,249.051,257.083
1780996128.515203,37.69,2.214,0.048,0.003,269.228,249.338,257.22
1780996128.530161,36.056,2.286,0.046,0.003,268.56,249.83,257.198
1780996128.5414112,34.986,2.143,0.044,0.003,268.104,250.101,257.26
1780996128.556643,33.07,1.786,0.041,0.002,267.358,250.515,257.407
1780996128.571564,31.38,1.286,0.039,0.002,266.708,250.823,257.604
1780996128.583095,29.296,1.643,0.036,0.002,266.059,251.451,257.457
1780996128.5978298,28.338,1.786,0.035,0.003,265.836,251.68,257.396
1780996128.6129742,26.592,2.214,0.032,0.003,265.365,252.207,257.224
1780996128.624419,25.521,2.286,0.031,0.003,265.086,252.449,257.202
1780996128.6392279,22.423,2.5,0.027,0.004,264.108,253.307,257.133
1780996128.6785479,20.789,2.5,0.024,0.004,263.538,253.776,257.14
1780996128.678957,19.775,2.714,0.023,0.004,263.273,254.077,257.059
1780996128.680303,16.056,2.429,0.017,0.004,262.049,255.008,257.194
1780996128.695227,13.915,2.5,0.014,0.004,261.348,255.66,257.168
1780996128.7064068,10.986,2.571,0.009,0.004,260.376,256.579,257.143
1780996128.72134,8.451,2.0,0.007,0.003,259.663,257.015,257.382
1780996128.736408,6.704,2.286,0.005,0.003,259.307,257.477,257.263
1780996128.7472079,4.282,2.143,0.001,0.003,258.62,258.093,257.319
1780996128.762418,3.606,2.286,0.001,0.003,258.513,258.26,257.259
1780996128.777219,0.282,2.571,-0.004,0.004,257.606,259.294,257.147
1780996128.789006,-2.592,2.714,-0.009,0.004,256.741,260.259,257.091
1780996128.804016,-5.07,2.5,-0.012,0.004,256.087,260.865,257.182
1780996128.819146,-8.0,2.714,-0.016,0.004,255.252,261.882,257.095
1780996128.8301702,-10.423,2.571,-0.019,0.004,254.663,262.486,257.154
1780996128.844922,-12.113,2.857,-0.021,0.004,254.401,262.915,257.041
1780996128.8596532,-14.592,2.571,-0.025,0.004,253.641,263.682,257.156
1780996128.898592,-15.268,2.714,-0.025,0.004,253.568,263.834,257.098
1780996128.89902,-18.93,3.429,-0.03,0.005,252.749,265.16,256.817
1780996128.9004622,-20.732,3.643,-0.032,0.005,252.436,265.636,256.747
1780996128.915318,-20.732,3.643,-0.032,0.005,252.436,265.636,256.747
1780996128.926348,-23.887,3.929,-0.037,0.006,251.703,266.699,256.647
1780996128.9414191,-23.887,3.929,-0.037,0.006,251.703,266.699,256.647
1780996128.956295,-27.38,4.071,-0.041,0.006,250.953,267.741,256.612
1780996128.967519,-28.676,4.571,-0.043,0.007,250.739,268.273,256.42
1780996128.9825048,-29.634,4.429,-0.043,0.006,250.606,268.357,256.5
1780996128.9975839,-30.93,4.357,-0.044,0.006,250.358,268.643,256.545
1780996129.012717,-32.169,4.786,-0.045,0.007,250.275,268.945,256.399
1780996129.0246139,-32.789,4.857,-0.045,0.007,250.283,268.943,256.392
1780996129.039478,-33.803,4.643,-0.046,0.006,250.079,269.1,256.495
1780996129.054375,-33.915,4.929,-0.046,0.007,250.182,269.093,256.387
1780996129.069377,-34.592,4.714,-0.046,0.007,250.036,269.172,256.485
1780996129.10964,-34.761,4.714,-0.046,0.006,250.065,269.12,256.494
1780996129.1100821,-34.704,4.929,-0.046,0.007,250.184,269.059,256.41
1780996129.110506,-34.648,4.714,-0.045,0.006,250.207,268.915,256.498
1780996129.12182,-34.648,4.5,-0.045,0.006,250.192,268.832,256.58
1780996129.13671,-34.423,4.429,-0.045,0.006,250.271,268.689,256.605
1780996129.151684,-33.521,4.214,-0.043,0.006,250.521,268.247,256.68
1780996129.166636,-32.901,4.071,-0.042,0.005,250.681,267.97,256.726
1780996129.177574,-32.113,3.643,-0.041,0.005,250.825,267.583,256.88
1780996129.192801,-32.113,3.643,-0.041,0.005,250.825,267.583,256.88
1780996129.207524,-29.239,3.357,-0.036,0.004,251.629,266.405,256.972
1780996129.2194781,-28.845,3.143,-0.036,0.004,251.664,266.277,257.04
1780996129.234377,-27.099,3.143,-0.033,0.004,252.16,265.655,257.028
1780996129.2493281,-26.254,2.929,-0.032,0.004,252.323,265.364,257.1
1780996129.2640681,-25.803,3.071,-0.031,0.004,252.461,265.266,257.035
1780996129.2751648,-22.93,2.857,-0.027,0.004,253.221,264.243,257.107
1780996129.290019,-22.93,2.857,-0.027,0.004,253.221,264.243,257.107
1780996129.329,-20.113,2.643,-0.023,0.004,253.995,263.232,257.182
1780996129.3293529,-17.803,2.143,-0.019,0.003,254.539,262.396,257.366
1780996129.330911,-15.718,1.571,-0.017,0.002,254.994,261.647,257.579
1780996129.345875,-14.535,2.0,-0.015,0.003,255.34,261.473,257.382
1780996129.3607821,-11.324,1.786,-0.01,0.002,256.24,260.413,257.452
1780996129.371742,-11.324,1.786,-0.01,0.002,256.24,260.413,257.452
1780996129.386919,-9.127,1.786,-0.007,0.002,256.915,259.703,257.445
1780996129.401887,-5.352,1.857,-0.002,0.003,257.948,258.687,257.396
1780996129.4131331,-2.873,1.857,0.002,0.003,258.63,258.016,257.385
1780996129.428092,-1.69,2.0,0.003,0.003,258.881,257.835,257.32
1780996129.44301,1.07,1.786,0.006,0.003,259.632,257.026,257.401
1780996129.4547079,2.31,2.0,0.008,0.003,259.929,256.836,257.308
1780996129.469792,5.859,1.857,0.012,0.003,260.906,255.869,257.367
1780996129.484829,7.606,2.071,0.015,0.003,261.406,255.501,257.278
1780996129.495897,9.408,2.0,0.017,0.003,261.88,255.052,257.304
1780996129.510676,10.761,2.143,0.018,0.003,262.229,254.797,257.25
1780996129.549356,11.831,2.214,0.02,0.003,262.561,254.534,257.221
1780996129.549749,14.423,2.714,0.023,0.004,263.476,253.944,257.018
1780996129.551637,17.296,3.071,0.027,0.005,264.359,253.324,256.896
1780996129.562818,19.437,3.0,0.03,0.005,264.985,252.775,256.94
1780996129.577579,20.451,3.357,0.031,0.005,265.267,252.669,256.811
1780996129.592502,20.451,3.357,0.031,0.005,265.267,252.669,256.811
1780996129.604002,23.155,3.786,0.035,0.006,266.262,252.034,256.653
1780996129.619095,23.155,3.786,0.035,0.006,266.262,252.034,256.653
1780996129.634051,25.69,4.071,0.038,0.006,267.147,251.444,256.56
1780996129.645358,26.817,3.857,0.039,0.006,267.341,251.203,256.664
1780996129.6602392,28.225,3.929,0.041,0.006,267.746,250.917,256.648
1780996129.675224,29.296,4.071,0.042,0.006,267.955,250.804,256.603
1780996129.686642,29.634,4.0,0.042,0.006,267.921,250.796,256.64
1780996129.701431,30.254,4.429,0.042,0.007,268.093,250.814,256.482
1780996129.716268,31.493,4.357,0.044,0.006,268.488,250.489,256.524
1780996129.727505,31.549,5.0,0.043,0.007,268.556,250.66,256.283
1780996129.765619,31.887,5.071,0.043,0.007,268.572,250.65,256.281
1780996129.765974,32.676,5.071,0.044,0.007,268.791,250.47,256.306
1780996129.769233,32.169,5.214,0.043,0.008,268.509,250.705,256.271
1780996129.7842402,32.394,5.071,0.043,0.007,268.528,250.634,256.334
1780996129.799388,31.775,5.071,0.042,0.007,268.213,250.852,256.346
1780996129.810372,31.606,4.929,0.042,0.007,268.088,250.887,256.406
1780996129.825388,31.211,5.143,0.041,0.007,267.971,251.049,256.323
1780996129.840706,30.31,4.714,0.04,0.007,267.497,251.242,256.495
1780996129.8518689,29.465,4.357,0.038,0.006,267.1,251.417,256.628
1780996129.866792,28.394,4.286,0.037,0.006,266.68,251.718,256.647
1780996129.881675,26.873,3.786,0.034,0.005,265.988,252.074,256.839
1780996129.89285,26.141,3.5,0.033,0.005,265.708,252.205,256.934
1780996129.907826,25.296,3.429,0.032,0.005,265.436,252.411,256.943
1780996129.919798,23.549,3.0,0.029,0.004,264.735,252.833,257.093
1780996129.934309,22.535,3.357,0.028,0.005,264.521,253.157,256.932
1780996129.949708,22.535,3.357,0.028,0.005,264.521,253.157,256.932
1780996129.9884748,19.493,3.071,0.023,0.004,263.44,253.962,257.031
1780996129.988877,17.803,2.571,0.021,0.003,262.801,254.328,257.22
1780996129.990169,16.169,2.286,0.019,0.003,262.252,254.714,257.315
1780996130.001329,16.169,2.286,0.019,0.003,262.252,254.714,257.315
1780996130.0162728,13.577,1.5,0.015,0.002,261.262,255.312,257.608
1780996130.0313768,10.817,1.643,0.011,0.002,260.443,256.146,257.52
1780996130.042499,8.62,1.071,0.008,0.001,259.799,256.563,257.71
1780996130.0575612,7.324,1.0,0.006,0.001,259.403,256.925,257.725
1780996130.0726311,5.183,1.571,0.004,0.002,259.015,257.561,257.462
1780996130.084333,3.324,1.0,0.001,0.001,258.477,257.879,257.672
1780996130.099336,2.085,1.143,-0.0,0.002,258.144,258.278,257.605
1780996130.114316,-0.056,1.286,-0.003,0.002,257.653,258.852,257.528
1780996130.125234,-1.915,1.429,-0.005,0.002,257.19,259.402,257.458
1780996130.140289,-2.817,1.0,-0.007,0.002,256.867,259.562,257.63
1780996130.155157,-5.521,1.143,-0.011,0.002,256.125,260.416,257.566
1780996130.1664221,-6.648,1.286,-0.012,0.002,255.933,260.692,257.502
1780996130.207204,-9.127,1.214,-0.015,0.002,255.312,261.344,257.531
1780996130.2075899,-10.986,1.857,-0.017,0.003,255.026,261.94,257.276
1780996130.207937,-12.056,1.929,-0.018,0.003,254.813,262.209,257.25
1780996130.222593,-14.141,2.214,-0.022,0.004,254.236,262.999,257.139
1780996130.2373261,-15.493,2.286,-0.023,0.004,254.006,263.286,257.122
1780996130.252539,-17.239,2.643,-0.026,0.004,253.561,263.972,256.984
1780996130.26404,-18.254,2.857,-0.026,0.005,253.464,264.163,256.92
1780996130.278901,-18.254,2.857,-0.026,0.005,253.464,264.163,256.92
1780996130.293795,-20.394,2.857,-0.029,0.005,252.89,264.852,256.93
1780996130.3047838,-21.972,3.286,-0.032,0.005,252.521,265.506,256.766
1780996130.319781,-21.972,3.286,-0.032,0.005,252.521,265.506,256.766
1780996130.3347409,-24.451,3.857,-0.035,0.006,251.969,266.456,256.562
1780996130.349557,-24.732,4.286,-0.035,0.007,252.086,266.475,256.421
1780996130.361046,-25.803,4.571,-0.037,0.007,251.853,266.898,256.323
1780996130.376053,-26.592,4.857,-0.037,0.008,251.812,267.038,256.253
1780996130.391052,-26.423,4.786,-0.036,0.007,251.977,266.738,256.321
1780996130.430242,-26.817,4.643,-0.036,0.007,251.917,266.711,256.407
1780996130.430615,-26.817,4.571,-0.036,0.007,251.955,266.613,256.446
1780996130.432009,-26.986,4.714,-0.036,0.007,251.985,266.624,256.405
1780996130.4471722,-27.099,4.714,-0.036,0.007,251.991,266.603,256.416
1780996130.458987,-26.93,4.714,-0.035,0.007,252.076,266.481,256.426
1780996130.473956,-26.761,4.429,-0.035,0.006,252.094,266.313,256.546
1780996130.4889112,-26.761,4.714,-0.035,0.007,252.154,266.37,256.435
1780996130.504055,-26.366,5.357,-0.034,0.008,252.398,266.357,256.185
1780996130.5154371,-25.69,5.5,-0.033,0.008,252.624,266.107,256.153
1780996130.530307,-24.62,5.714,-0.031,0.008,252.974,265.735,256.093
1780996130.5454211,-24.056,5.786,-0.03,0.008,253.123,265.561,256.083
1780996130.556593,-23.606,5.857,-0.03,0.008,253.245,265.426,256.068
1780996130.57168,-22.535,6.0,-0.028,0.009,253.561,265.081,256.028
1780996130.58664,-21.352,5.929,-0.026,0.009,253.867,264.665,256.064
1780996130.6015491,-20.338,5.571,-0.025,0.008,254.056,264.263,256.213
1780996130.612888,-19.493,5.714,-0.024,0.008,254.31,264.026,256.156
1780996130.6531892,-18.085,5.786,-0.022,0.008,254.73,263.56,256.129
1780996130.65357,-16.732,5.571,-0.02,0.008,255.033,263.114,256.212
1780996130.6544378,-15.268,5.429,-0.018,0.008,255.391,262.642,256.266
1780996130.669514,-13.69,5.571,-0.016,0.008,255.837,262.205,256.206
1780996130.6845021,-12.507,5.214,-0.014,0.007,256.089,261.772,256.343
1780996130.699556,-10.93,5.143,-0.012,0.007,256.491,261.315,256.358
1780996130.710539,-9.07,4.857,-0.009,0.007,256.942,260.72,256.458
1780996130.725777,-7.155,4.786,-0.007,0.007,257.457,260.163,256.469
1780996130.740601,-5.465,4.5,-0.004,0.006,257.847,259.656,256.563
1780996130.752022,-4.056,4.5,-0.003,0.006,258.245,259.262,256.551
1780996130.7666938,-2.423,4.357,-0.0,0.006,258.689,258.766,256.597
1780996130.781827,-0.338,4.357,0.003,0.006,259.325,258.148,256.585
1780996130.793025,1.521,4.071,0.005,0.006,259.804,257.573,256.693
1780996130.807909,2.817,4.357,0.007,0.006,260.205,257.317,256.567
1780996130.822757,4.282,3.786,0.009,0.005,260.484,256.833,256.786
1780996130.834721,6.085,3.857,0.011,0.006,261.035,256.366,256.742
1780996130.875099,8.0,3.571,0.014,0.005,261.48,255.866,256.836
1780996130.875484,9.352,3.714,0.016,0.005,261.955,255.502,256.772
1780996130.875823,10.817,2.786,0.018,0.004,262.158,254.98,257.124
1780996130.890371,12.732,2.714,0.021,0.004,262.807,254.4,257.139
1780996130.901411,13.577,2.929,0.021,0.004,263.023,254.316,257.032
1780996130.916626,14.085,3.214,0.022,0.005,263.209,254.275,256.91
1780996130.93127,16.62,3.214,0.025,0.005,263.965,253.655,256.891
1780996130.9423912,17.07,2.929,0.026,0.004,264.0,253.52,257.003
1780996130.957453,18.704,2.5,0.028,0.004,264.476,252.973,257.168
1780996130.972319,19.493,2.571,0.029,0.004,264.651,252.874,257.122
1780996130.984193,20.958,1.929,0.031,0.003,264.877,252.473,257.357
1780996130.9991941,21.915,1.357,0.031,0.002,264.952,252.232,257.554
1780996131.014123,22.535,2.071,0.032,0.003,265.318,252.219,257.251
1780996131.025407,23.549,1.071,0.033,0.002,265.34,251.856,257.628
1780996131.040223,23.775,1.071,0.033,0.002,265.305,251.913,257.595
1780996131.055147,24.0,1.214,0.033,0.002,265.361,251.938,257.521
1780996131.096621,24.845,2.143,0.034,0.004,265.823,251.924,257.14
1780996131.097002,25.408,2.214,0.035,0.004,265.998,251.806,257.121
1780996131.097345,25.465,2.643,0.035,0.004,266.029,251.925,256.966
1780996131.1074119,25.577,3.071,0.035,0.005,266.127,251.997,256.806
1780996131.1225028,25.408,2.786,0.034,0.005,265.921,252.029,256.944
1780996131.137553,25.408,3.071,0.034,0.005,265.94,252.099,256.852
1780996131.14958,25.296,3.643,0.034,0.006,266.0,252.245,256.646
1780996131.164362,25.014,3.929,0.033,0.006,265.931,252.383,256.556
1780996131.179397,24.789,4.429,0.033,0.007,265.95,252.535,256.377
1780996131.190561,24.282,4.571,0.032,0.007,265.771,252.708,256.344
1780996131.205615,23.437,4.643,0.031,0.007,265.455,252.951,256.352
1780996131.220715,22.535,4.571,0.029,0.007,265.113,253.189,256.391
1780996131.232002,21.859,4.286,0.028,0.006,264.808,253.32,256.514
1780996131.246779,20.789,4.071,0.026,0.006,264.371,253.589,256.607
1780996131.2581608,19.662,3.929,0.025,0.006,263.95,253.88,256.669
1780996131.272985,18.93,3.857,0.024,0.006,263.718,254.05,256.694
1780996131.3137941,17.352,3.929,0.021,0.006,263.198,254.521,256.663
1780996131.31427,16.169,3.714,0.02,0.005,262.826,254.763,256.745
1780996131.3148422,14.704,4.643,0.018,0.007,262.598,255.322,256.376
1780996131.329876,13.465,4.786,0.016,0.007,262.279,255.646,256.333
1780996131.34114,12.901,4.5,0.016,0.007,262.079,255.702,256.456
1780996131.3560169,11.38,4.429,0.014,0.007,261.604,256.087,256.499
1780996131.371217,9.746,4.929,0.011,0.007,261.228,256.629,256.301
1780996131.382296,8.732,4.929,0.01,0.007,260.976,256.851,256.311
1780996131.397446,7.493,4.714,0.008,0.007,260.552,257.154,256.404
1780996131.4126341,6.028,4.929,0.006,0.007,260.189,257.581,256.323
1780996131.424326,4.338,4.857,0.004,0.007,259.698,258.025,256.35
1780996131.4393759,2.873,5.214,0.002,0.008,259.336,258.519,256.215
1780996131.4503071,1.296,4.714,-0.0,0.007,258.768,258.871,256.419
1780996131.4652932,0.225,4.714,-0.002,0.007,258.493,259.146,256.421
1780996131.480149,-1.634,4.5,-0.004,0.007,257.908,259.654,256.506
1780996131.49525,-2.817,5.0,-0.006,0.007,257.714,260.075,256.299
1780996131.5333838,-4.225,4.429,-0.008,0.006,257.221,260.347,256.529
1780996131.5337942,-5.521,4.286,-0.009,0.006,256.913,260.618,256.581
1780996131.536434,-6.535,4.5,-0.01,0.007,256.711,260.935,256.488
1780996131.54771,-8.394,4.214,-0.013,0.006,256.178,261.398,256.595
1780996131.562766,-9.521,4.357,-0.014,0.006,255.929,261.745,256.529
1780996131.577798,-11.211,4.429,-0.016,0.007,255.523,262.238,256.494
1780996131.589581,-12.451,4.214,-0.018,0.006,255.215,262.506,256.567
1780996131.6046112,-13.859,3.929,-0.02,0.006,254.787,262.876,256.675
1780996131.619713,-14.873,4.143,-0.021,0.006,254.588,263.213,256.581
1780996131.634646,-15.831,4.0,-0.022,0.006,254.379,263.404,256.628
1780996131.645736,-16.958,3.5,-0.023,0.005,254.036,263.596,256.817
1780996131.660843,-17.465,3.429,-0.024,0.005,253.969,263.657,256.832
1780996131.6756291,-18.197,4.0,-0.025,0.006,253.938,263.972,256.588
1780996131.6870341,-18.648,3.643,-0.025,0.006,253.75,264.034,256.731
1780996131.702036,-19.775,3.429,-0.027,0.005,253.408,264.362,256.805
1780996131.716908,-20.338,3.429,-0.027,0.005,253.322,264.483,256.791
1780996131.756864,-20.507,2.929,-0.027,0.004,253.256,264.349,256.978
1780996131.75729,-21.239,3.286,-0.028,0.005,253.156,264.653,256.82
1780996131.7578418,-21.465,3.0,-0.028,0.005,253.07,264.633,256.928
1780996131.772556,-21.521,2.786,-0.028,0.004,253.048,264.571,257.006
1780996131.7842,-21.521,2.786,-0.028,0.004,253.048,264.571,257.006
1780996131.799121,-21.521,2.786,-0.028,0.004,253.048,264.571,257.006
1780996131.81406,-21.521,2.786,-0.028,0.004,253.048,264.571,257.006
1780996131.828993,-21.803,2.643,-0.029,0.004,252.978,264.613,257.043
1780996131.8402529,-21.352,2.429,-0.028,0.004,253.121,264.362,257.109
1780996131.8552341,-21.07,2.5,-0.027,0.004,253.242,264.263,257.067
1780996131.870219,-20.62,2.5,-0.026,0.004,253.392,264.089,257.061
1780996131.8814049,-20.282,2.571,-0.026,0.004,253.512,263.985,257.024
1780996131.896287,-20.113,2.357,-0.026,0.004,253.522,263.876,257.109
1780996131.911305,-18.31,2.571,-0.022,0.004,254.129,263.251,257.025
1780996131.9260852,-17.296,2.786,-0.021,0.005,254.444,262.976,256.941
1780996131.937293,-16.901,3.214,-0.02,0.005,254.634,262.944,256.772
1780996131.978904,-15.606,3.286,-0.018,0.005,255.055,262.485,256.75
1780996131.9793391,-14.535,3.429,-0.017,0.006,255.336,262.211,256.709
1780996131.982065,-13.915,3.571,-0.016,0.006,255.504,262.073,256.663
1780996131.9939132,-12.169,3.571,-0.013,0.006,256.062,261.445,256.67
1780996132.008651,-11.887,3.714,-0.013,0.006,256.095,261.459,256.624
1780996132.023864,-10.648,3.643,-0.011,0.006,256.42,261.066,256.659
1780996132.034794,-8.789,3.429,-0.009,0.006,256.924,260.429,256.747
1780996132.050005,-7.718,3.429,-0.007,0.006,257.196,260.14,256.748
1780996132.0649621,-6.197,3.643,-0.005,0.006,257.72,259.681,256.664
1780996132.075947,-5.07,3.714,-0.004,0.006,257.952,259.46,256.648
1780996132.0908642,-3.099,3.786,-0.001,0.006,258.553,258.87,256.628
1780996132.10562,-1.69,4.143,0.001,0.007,258.951,258.607,256.497
1780996132.116801,-1.69,4.143,0.001,0.007,258.951,258.607,256.497
1780996132.131933,0.394,4.5,0.004,0.007,259.586,258.107,256.377
1780996132.1470091,1.803,5.071,0.005,0.008,260.039,257.887,256.165
1780996132.157873,2.817,4.786,0.007,0.008,260.23,257.569,256.296
1780996132.196106,4.282,4.5,0.009,0.007,260.591,257.101,256.42
1780996132.196484,6.197,4.214,0.011,0.006,261.067,256.536,256.541
1780996132.199651,7.042,3.857,0.012,0.006,261.141,256.328,256.682
1780996132.214507,7.606,4.143,0.013,0.006,261.366,256.24,256.563
1780996132.22578,9.521,4.071,0.015,0.006,261.963,255.676,256.588
1780996132.2409458,10.648,4.643,0.017,0.007,262.345,255.563,256.357
1780996132.255937,11.718,4.857,0.018,0.008,262.641,255.376,256.282
1780996132.267139,13.239,4.571,0.02,0.007,263.006,254.937,256.405
1780996132.282238,13.859,4.714,0.02,0.007,263.181,254.839,256.351
1780996132.297305,14.817,4.786,0.022,0.007,263.434,254.644,256.328
1780996132.309164,16.056,4.357,0.023,0.007,263.693,254.256,256.501
1780996132.324252,16.958,3.786,0.024,0.006,263.803,253.961,256.711
1780996132.339015,17.577,3.571,0.025,0.005,263.935,253.786,256.78
1780996132.3500302,17.915,4.143,0.025,0.006,264.136,253.846,256.541
1780996132.3652868,18.648,4.0,0.026,0.006,264.328,253.638,256.593
1780996132.3802419,19.38,4.429,0.027,0.007,264.62,253.562,256.42
1780996132.4208572,19.606,4.071,0.027,0.006,264.569,253.468,256.563
1780996132.4212322,20.113,4.286,0.028,0.007,264.747,253.407,256.475
1780996132.4215722,20.394,4.357,0.028,0.007,264.81,253.38,256.448
1780996132.432353,20.62,4.214,0.028,0.007,264.829,253.31,256.506
1780996132.447409,20.507,4.357,0.028,0.007,264.766,253.412,256.452
1780996132.462508,20.845,4.0,0.028,0.006,264.786,253.263,256.591
1780996132.474366,20.507,4.143,0.028,0.006,264.66,253.422,256.532
1780996132.4893818,20.507,3.786,0.027,0.006,264.575,253.37,256.661
1780996132.504513,20.113,3.714,0.027,0.006,264.401,253.495,256.679
1780996132.515734,19.831,3.429,0.026,0.005,264.24,253.532,256.78
1780996132.530786,19.38,3.214,0.026,0.005,264.037,253.635,256.85
1780996132.5456,18.93,3.0,0.025,0.005,263.852,253.728,256.914
1780996132.556455,18.93,3.0,0.025,0.005,263.852,253.728,256.914
1780996132.5714219,17.183,2.643,0.022,0.004,263.131,254.215,257.041
1780996132.582874,16.507,2.357,0.021,0.004,262.868,254.348,257.138
1780996132.597738,15.775,2.071,0.02,0.003,262.587,254.501,257.232
1780996132.639742,14.986,1.143,0.019,0.002,262.183,254.528,257.573
1780996132.640173,13.69,1.214,0.017,0.002,261.816,254.914,257.506
1780996132.640515,13.07,1.429,0.016,0.003,261.736,255.097,257.39
1780996132.654567,12.169,1.214,0.015,0.002,261.417,255.313,257.462
1780996132.6657732,11.324,1.714,0.014,0.003,261.315,255.621,257.239
1780996132.68085,10.535,1.214,0.013,0.002,260.977,255.732,257.441
1780996132.695772,9.465,1.143,0.011,0.002,260.633,256.026,257.463
1780996132.706974,8.845,1.286,0.011,0.003,260.514,256.203,257.394
1780996132.722048,7.324,1.143,0.009,0.002,260.045,256.594,257.442
1780996132.737049,6.028,0.929,0.007,0.002,259.608,256.932,257.52
1780996132.748984,4.451,0.5,0.005,0.001,259.087,257.277,257.677
1780996132.763881,3.831,0.643,0.004,0.002,258.985,257.444,257.608
1780996132.7753222,2.254,0.786,0.002,0.002,258.586,257.908,257.536
1780996132.790284,0.958,0.714,0.0,0.002,258.238,258.234,257.556
1780996132.8050802,-0.056,0.786,-0.001,0.002,258.021,258.491,257.517
1780996132.816403,-1.183,1.071,-0.003,0.003,257.721,258.913,257.402
1780996132.856392,-2.085,1.214,-0.004,0.003,257.56,259.132,257.349
1780996132.856826,-3.211,1.143,-0.005,0.003,257.267,259.397,257.386
1780996132.8612108,-4.394,1.143,-0.007,0.003,256.967,259.705,257.391
1780996132.872393,-5.296,1.143,-0.008,0.003,256.727,259.951,257.397
1780996132.887467,-6.535,1.5,-0.01,0.003,256.479,260.356,257.263
1780996132.902533,-8.282,1.714,-0.012,0.004,256.032,260.919,257.187
1780996132.914028,-9.239,1.929,-0.013,0.004,255.856,261.188,257.116
1780996132.929173,-9.239,1.929,-0.013,0.004,255.856,261.188,257.116
1780996132.944344,-10.93,1.714,-0.016,0.003,255.361,261.636,257.209
1780996132.9555469,-11.493,2.143,-0.016,0.004,255.36,261.809,257.051
1780996132.970714,-12.225,2.143,-0.017,0.004,255.205,261.969,257.065
1780996132.9854379,-12.225,2.143,-0.017,0.004,255.205,261.969,257.065
1780996133.000233,-13.803,2.643,-0.019,0.005,254.8,262.647,256.867
1780996133.01155,-14.761,2.929,-0.02,0.005,254.632,262.939,256.779
1780996133.0265138,-15.211,3.429,-0.021,0.006,254.665,263.097,256.604
1780996133.041329,-16.0,3.714,-0.022,0.007,254.509,263.384,256.511
1780996133.080385,-16.62,4.0,-0.023,0.007,254.382,263.648,256.41
1780996133.08078,-16.676,4.0,-0.022,0.007,254.412,263.582,256.437
1780996133.082315,-16.676,4.143,-0.022,0.007,254.498,263.507,256.415
1780996133.097312,-17.07,4.071,-0.022,0.007,254.396,263.564,256.469
1780996133.109161,-17.127,4.429,-0.022,0.007,254.482,263.599,256.35
1780996133.1242502,-17.296,4.786,-0.022,0.008,254.52,263.693,256.228
1780996133.139201,-17.296,4.571,-0.022,0.007,254.493,263.614,256.326
1780996133.150325,-17.352,5.071,-0.022,0.008,254.579,263.715,256.149
1780996133.165498,-17.07,5.357,-0.022,0.009,254.728,263.643,256.06
1780996133.180595,-16.901,5.643,-0.021,0.009,254.829,263.622,255.974
1780996133.19574,-16.394,5.643,-0.021,0.009,254.979,263.418,255.999
1780996133.2071319,-16.282,5.571,-0.02,0.009,254.988,263.365,256.037
1780996133.222018,-15.493,5.571,-0.019,0.009,255.227,263.082,256.043
1780996133.2369359,-14.986,6.0,-0.018,0.009,255.444,263.013,255.884
1780996133.249152,-14.366,5.571,-0.018,0.009,255.528,262.711,256.066
1780996133.263968,-13.69,5.786,-0.017,0.009,255.755,262.54,255.989
1780996133.3046541,-13.239,5.786,-0.016,0.009,255.871,262.404,255.994
1780996133.3050282,-12.282,5.357,-0.015,0.008,256.057,262.002,256.168
1780996133.305373,-11.324,5.929,-0.013,0.009,256.436,261.833,255.943
1780996133.320123,-10.648,5.714,-0.012,0.009,256.556,261.605,256.03
1780996133.33514,-9.521,5.357,-0.011,0.008,256.805,261.174,256.175
1780996133.3463821,-8.789,5.643,-0.01,0.009,257.068,261.02,256.057
1780996133.361373,-7.887,5.5,-0.008,0.008,257.276,260.741,256.109
1780996133.376466,-6.704,5.214,-0.007,0.008,257.554,260.335,256.213
1780996133.391474,-5.69,5.0,-0.005,0.008,257.786,260.021,256.279
1780996133.402595,-5.07,4.714,-0.005,0.007,257.89,259.804,256.382
1780996133.417707,-4.0,4.714,-0.003,0.007,258.186,259.521,256.362
1780996133.432767,-2.592,4.286,-0.001,0.007,258.536,259.001,256.519
1780996133.444402,-1.69,4.429,-0.0,0.007,258.784,258.83,256.443
1780996133.45934,0.113,4.5,0.003,0.007,259.376,258.283,256.405
1780996133.4742012,0.676,4.286,0.003,0.007,259.453,258.126,256.484
1780996133.485421,1.352,3.714,0.004,0.006,259.502,257.858,256.7
1780996133.525204,2.028,3.5,0.005,0.005,259.668,257.62,256.776
1780996133.5256572,3.493,3.286,0.007,0.005,260.121,257.112,256.85
1780996133.526104,4.507,2.857,0.008,0.004,260.268,256.834,256.988
1780996133.541049,4.958,2.929,0.009,0.005,260.41,256.743,256.946
1780996133.552236,6.366,2.0,0.011,0.003,260.648,256.183,257.288
1780996133.567229,7.606,2.5,0.013,0.004,261.09,256.015,257.045
1780996133.582283,8.338,1.929,0.013,0.003,261.118,255.793,257.246
1780996133.593948,9.521,2.214,0.015,0.004,261.549,255.535,257.111
1780996133.609088,10.366,2.286,0.016,0.004,261.801,255.35,257.069
1780996133.6201391,11.155,1.929,0.017,0.004,261.914,255.133,257.189
1780996133.635336,11.606,1.643,0.017,0.003,261.987,254.964,257.297
1780996133.650353,12.845,1.571,0.019,0.003,262.332,254.658,257.299
1780996133.661966,13.521,1.214,0.02,0.002,262.44,254.442,257.428
1780996133.676605,13.577,1.286,0.019,0.003,262.386,254.537,257.378
1780996133.69162,14.423,1.286,0.021,0.003,262.63,254.339,257.363
1780996133.7030358,15.099,1.143,0.021,0.003,262.791,254.163,257.403
1780996133.743077,15.437,0.571,0.022,0.002,262.75,253.993,257.619
1780996133.743511,15.944,0.786,0.022,0.002,262.944,253.936,257.503
1780996133.74444,16.338,0.786,0.023,0.002,263.034,253.859,257.504
1780996133.75947,16.338,0.714,0.022,0.002,262.974,253.895,257.521
1780996133.7744179,16.225,0.929,0.022,0.002,262.958,253.997,257.427
1780996133.785648,16.394,0.857,0.022,0.002,262.982,253.955,257.449
1780996133.800749,16.394,0.714,0.022,0.002,262.932,253.946,257.504
1780996133.815836,16.451,1.071,0.022,0.003,263.02,254.008,257.359
1780996133.826967,16.394,1.571,0.022,0.004,263.1,254.127,257.162
1780996133.841772,16.789,2.071,0.023,0.004,263.342,254.093,256.982
1780996133.8568552,16.676,2.071,0.023,0.004,263.274,254.126,257.008
1780996133.868822,16.451,2.571,0.022,0.005,263.28,254.291,256.829
1780996133.8835552,16.338,3.0,0.022,0.006,263.322,254.398,256.68
1780996133.898598,15.944,3.5,0.021,0.006,263.271,254.596,256.521
1780996133.90995,15.211,3.786,0.02,0.007,263.046,254.861,256.448
1780996133.924835,14.93,4.0,0.02,0.007,262.989,254.982,256.375
1780996133.965209,14.648,4.286,0.019,0.008,262.957,255.095,256.288
1780996133.965585,13.746,4.714,0.018,0.008,262.73,255.424,256.155
1780996133.965924,13.014,4.643,0.017,0.008,262.468,255.595,256.215
1780996133.980862,12.0,4.5,0.015,0.008,262.08,255.865,256.291
1780996133.9921112,11.606,4.357,0.015,0.007,261.942,255.918,256.362
1780996134.0070112,11.042,4.714,0.014,0.008,261.874,256.107,256.234
1780996134.018892,9.859,5.0,0.012,0.008,261.554,256.493,256.139
1780996134.03406,8.958,5.5,0.011,0.009,261.392,256.819,255.963
1780996134.0490031,8.563,5.429,0.011,0.009,261.275,256.88,256.009
1780996134.060408,7.549,6.214,0.009,0.01,261.135,257.299,255.726
1780996134.0753028,6.648,6.429,0.008,0.01,260.909,257.562,255.676
1780996134.0905972,6.197,6.357,0.008,0.01,260.797,257.608,255.734
1780996134.101362,5.521,6.571,0.007,0.01,260.636,257.832,255.666
1780996134.1166232,4.62,6.5,0.006,0.01,260.36,258.044,255.714
1780996134.1278589,3.493,6.714,0.004,0.01,260.071,258.399,255.642
1780996134.142747,2.704,6.571,0.003,0.01,259.808,258.59,255.705
1780996134.1804779,1.296,6.5,0.001,0.01,259.371,258.982,255.741
1780996134.1808472,0.451,6.714,-0.0,0.01,259.204,259.228,255.666
1780996134.184573,-0.732,6.5,-0.002,0.01,258.826,259.515,255.754
1780996134.1996832,-1.296,6.571,-0.002,0.01,258.706,259.667,255.725
1780996134.210625,-2.254,6.5,-0.004,0.01,258.441,259.906,255.756
1780996134.2256289,-3.324,6.357,-0.005,0.01,258.122,260.173,255.813
1780996134.240682,-4.282,6.214,-0.006,0.009,257.853,260.406,255.856
1780996134.252026,-5.296,5.786,-0.008,0.009,257.513,260.597,256.011
1780996134.266937,-5.577,5.786,-0.008,0.009,257.479,260.645,255.999
1780996134.282214,-6.93,5.429,-0.01,0.008,257.03,260.984,256.127
1780996134.297077,-8.394,5.071,-0.012,0.008,256.549,261.371,256.249
1780996134.3087292,-9.07,4.857,-0.013,0.007,256.375,261.489,256.316
1780996134.323665,-9.296,4.786,-0.013,0.007,256.318,261.53,256.335
1780996134.338667,-10.31,4.5,-0.014,0.007,256.016,261.765,256.424
1780996134.349748,-10.592,4.0,-0.014,0.006,255.89,261.709,256.602
1780996134.3648791,-11.268,4.071,-0.015,0.006,255.765,261.914,256.542
1780996134.4046788,-11.549,3.786,-0.015,0.006,255.694,261.898,256.629
1780996134.405061,-11.887,3.643,-0.016,0.006,255.601,261.962,256.665
1780996134.40556,-12.394,3.643,-0.016,0.006,255.476,262.125,256.644
1780996134.42063,-12.394,3.643,-0.016,0.006,255.476,262.125,256.644
1780996134.4356868,-14.085,2.357,-0.019,0.004,254.752,262.427,257.115
1780996134.446896,-14.31,2.214,-0.019,0.004,254.714,262.443,257.14
1780996134.461867,-14.31,2.0,-0.019,0.004,254.76,262.35,257.177
1780996134.4768372,-14.817,1.429,-0.019,0.003,254.548,262.387,257.365
1780996134.4921322,-14.873,1.071,-0.019,0.002,254.519,262.304,257.471
1780996134.503944,-14.648,0.571,-0.019,0.002,254.545,262.1,257.632
1780996134.519094,-14.535,0.643,-0.018,0.002,254.619,262.077,257.575
1780996134.533972,-14.366,0.286,-0.018,0.001,254.632,261.943,257.685
1780996134.545218,-14.31,0.0,-0.018,0.001,254.614,261.876,257.766
1780996134.560292,-14.31,-0.357,-0.018,0.001,254.557,261.816,257.882
1780996134.575168,-13.915,-0.143,-0.017,0.001,254.742,261.733,257.765
1780996134.5902028,-13.521,-0.357,-0.017,0.001,254.832,261.552,257.838
1780996134.63042,-13.014,-0.786,-0.016,0.0,254.917,261.302,257.983
1780996134.630802,-12.789,-0.929,-0.016,-0.0,254.952,261.231,258.013
1780996134.63114,-12.113,-0.929,-0.015,0.0,255.159,261.026,257.99
1780996134.646174,-11.324,-0.571,-0.013,0.001,255.461,260.862,257.829
1780996134.657281,-10.254,-0.571,-0.012,0.001,255.793,260.5,257.828
1780996134.672386,-9.634,-1.286,-0.011,-0.0,255.823,260.166,258.117
1780996134.6873899,-8.845,-0.286,-0.01,0.001,256.237,260.174,257.682
1780996134.702283,-8.225,0.0,-0.009,0.002,256.457,260.05,257.576
1780996134.714066,-7.437,0.071,-0.008,0.002,256.657,259.846,257.569
1780996134.729268,-6.648,0.357,-0.007,0.002,256.9,259.687,257.475
1780996134.744153,-6.31,0.643,-0.007,0.003,257.019,259.668,257.373
1780996134.75533,-5.521,0.714,-0.006,0.003,257.22,259.457,257.375
1780996134.7703161,-4.62,0.929,-0.004,0.003,257.495,259.236,257.313
1780996134.785229,-4.507,1.643,-0.004,0.004,257.651,259.366,257.033
1780996134.796658,-3.155,2.143,-0.002,0.005,258.159,259.025,256.861
1780996134.811589,-2.028,3.071,-0.001,0.006,258.634,258.886,256.533
1780996134.8499699,-1.352,3.786,0.0,0.007,258.902,258.855,256.306
1780996134.850375,-0.113,4.5,0.002,0.009,259.457,258.576,256.047
1780996134.852373,0.62,4.571,0.003,0.009,259.632,258.378,256.071
1780996134.867367,0.901,5.143,0.003,0.009,259.758,258.444,255.89
1780996134.879201,2.141,5.429,0.005,0.01,260.135,258.127,255.843
1780996134.89417,3.211,5.429,0.006,0.009,260.392,257.828,255.894
1780996134.909176,3.944,5.571,0.007,0.009,260.611,257.648,255.866
1780996134.9204469,5.07,5.786,0.009,0.01,260.955,257.37,255.821
1780996134.935333,5.69,5.786,0.009,0.009,261.071,257.224,255.857
1780996134.9466538,6.254,6.071,0.01,0.01,261.273,257.134,255.761
1780996134.961774,7.268,6.571,0.011,0.011,261.657,256.952,255.593
1780996134.976833,7.887,6.857,0.012,0.011,261.846,256.861,255.513
1780996134.987836,8.507,6.857,0.013,0.011,261.979,256.712,255.54
1780996135.0028548,8.901,7.143,0.013,0.011,262.161,256.652,255.436
1780996135.017743,9.634,7.071,0.014,0.011,262.322,256.45,255.492
1780996135.02969,10.423,7.071,0.015,0.011,262.531,256.244,255.51
1780996135.071177,11.042,7.571,0.016,0.012,262.8,256.188,255.329
1780996135.071569,11.268,7.0,0.016,0.011,262.704,256.03,255.57
1780996135.0719109,11.831,7.214,0.017,0.011,262.902,255.934,255.491
1780996135.0857852,12.169,6.929,0.017,0.011,262.91,255.817,255.6
1780996135.096886,12.451,6.643,0.018,0.01,262.906,255.715,255.706
1780996135.112001,12.732,6.5,0.018,0.01,262.957,255.623,255.754
1780996135.126884,13.183,6.214,0.018,0.009,263.036,255.457,255.85
1780996135.138923,13.408,5.929,0.019,0.009,263.032,255.369,255.943
1780996135.153897,13.521,5.357,0.019,0.008,262.929,255.263,256.141
1780996135.169015,14.366,4.0,0.02,0.006,262.945,254.754,256.647
1780996135.18023,15.887,1.143,0.023,0.001,262.888,253.771,257.73
1780996135.195379,17.746,-2.0,0.025,-0.004,262.902,252.723,258.855
1780996135.210127,20.789,-6.429,0.03,-0.01,263.083,251.151,260.47
1780996135.225227,20.789,-6.429,0.03,-0.01,263.083,251.151,260.47
1780996135.236525,25.746,-11.714,0.038,-0.018,263.774,248.985,262.416
1780996135.251402,29.014,-14.214,0.043,-0.022,264.448,247.798,263.262
1780996135.2927868,32.113,-17.214,0.048,-0.027,264.944,246.494,264.488
1780996135.293204,33.352,-17.571,0.05,-0.027,265.311,246.217,264.497
1780996135.293535,33.352,-17.571,0.05,-0.027,265.311,246.217,264.497
1780996135.306883,39.437,-22.214,0.059,-0.034,266.536,244.03,266.326
1780996135.3216698,40.394,-22.857,0.06,-0.034,266.7,243.824,266.46
1780996135.336838,44.958,-25.214,0.067,-0.038,267.951,242.335,267.41
1780996135.348455,46.085,-27.071,0.068,-0.04,267.763,242.09,267.966
1780996135.36273,46.648,-28.143,0.068,-0.041,267.65,241.927,268.328
1780996135.377766,48.282,-29.5,0.07,-0.043,267.926,241.421,268.832
1780996135.392478,49.408,-29.5,0.071,-0.042,268.255,241.414,268.508
1780996135.40448,50.31,-29.429,0.072,-0.041,268.589,241.312,268.334
1780996135.419602,51.099,-28.571,0.072,-0.038,268.933,241.571,267.599
1780996135.4345732,51.775,-27.714,0.072,-0.036,269.313,241.695,267.047
1780996135.4494798,52.0,-25.857,0.072,-0.033,269.758,242.063,266.087
1780996135.460598,52.62,-24.071,0.072,-0.03,270.293,242.321,265.229
1780996135.47539,52.845,-22.571,0.072,-0.027,270.731,242.533,264.541
1780996135.516444,52.451,-19.429,0.071,-0.022,271.332,243.173,263.145
1780996135.51691,53.07,-17.286,0.072,-0.018,272.05,243.353,262.314
1780996135.5172532,52.451,-16.786,0.071,-0.018,271.809,243.61,262.168
1780996135.531286,50.085,-13.286,0.067,-0.012,271.525,244.822,260.82
1780996135.546175,49.69,-11.643,0.066,-0.01,271.683,245.131,260.304
1780996135.561111,48.845,-10.786,0.064,-0.009,271.473,245.477,260.036
1780996135.572351,47.099,-7.5,0.061,-0.004,271.518,246.488,258.764
1780996135.587483,43.606,-3.429,0.056,0.002,270.906,247.974,257.479
1780996135.602539,41.521,-0.786,0.053,0.006,270.635,248.863,256.672
1780996135.61447,39.324,1.143,0.05,0.008,270.143,249.563,256.263
1780996135.629457,36.225,3.214,0.045,0.01,269.323,250.685,255.661
1780996135.644217,35.155,5.214,0.043,0.013,269.393,251.263,254.99
1780996135.6555579,33.183,5.571,0.04,0.013,268.643,251.827,254.967
1780996135.670325,28.338,7.857,0.033,0.016,267.241,253.522,254.309
1780996135.685174,24.451,10.786,0.026,0.021,266.39,255.207,253.308
1780996135.6963131,23.606,11.357,0.026,0.022,266.262,255.407,253.215
1780996135.73735,19.549,13.786,0.019,0.025,265.253,257.082,252.427
1780996135.7376971,16.676,16.143,0.016,0.028,264.836,258.128,251.802
1780996135.738046,13.634,17.357,0.011,0.03,263.995,259.241,251.48
1780996135.751942,11.718,18.429,0.009,0.031,263.697,259.693,251.325
1780996135.767033,11.718,18.429,0.009,0.031,263.697,259.693,251.325
1780996135.778573,4.563,20.929,-0.001,0.033,261.834,262.184,250.737
1780996135.7935328,4.563,20.929,-0.001,0.033,261.834,262.184,250.737
1780996135.807712,-1.07,22.5,-0.01,0.036,260.183,264.493,250.269
1780996135.822484,-2.254,22.571,-0.011,0.035,259.915,264.689,250.344
1780996135.83425,-2.254,22.571,-0.011,0.035,259.915,264.689,250.344
1780996135.8493729,-10.704,23.143,-0.024,0.036,257.346,267.702,250.317
1780996135.86407,-10.704,23.143,-0.024,0.036,257.346,267.702,250.317
1780996135.8790379,-16.394,23.286,-0.033,0.035,255.596,269.898,250.341
1780996135.8900428,-19.831,22.429,-0.036,0.033,254.675,270.505,250.779
1780996135.90502,-19.831,22.429,-0.036,0.033,254.675,270.505,250.779
1780996135.9197922,-25.69,21.071,-0.044,0.03,252.915,272.15,251.351
1780996135.960635,-26.873,20.714,-0.045,0.03,252.673,272.267,251.51
1780996135.961101,-30.366,19.143,-0.05,0.027,251.467,273.182,252.103
1780996135.961461,-33.014,17.857,-0.051,0.024,250.994,273.191,252.578
1780996135.975758,-33.014,17.857,-0.051,0.024,250.994,273.191,252.578
1780996135.990332,-36.282,14.714,-0.055,0.019,249.786,273.381,253.71
1780996136.00159,-36.282,14.714,-0.055,0.019,249.786,273.381,253.71
1780996136.016651,-39.38,10.714,-0.059,0.013,248.51,273.311,255.136
1780996136.0313401,-39.831,10.214,-0.059,0.012,248.467,273.195,255.263
1780996136.0462122,-41.859,6.857,-0.06,0.007,247.625,272.893,256.419
1780996136.057378,-42.479,5.929,-0.061,0.005,247.442,272.79,256.701
1780996136.072343,-42.986,4.143,-0.061,0.003,247.14,272.408,257.326
1780996136.0873642,-44.507,0.857,-0.062,-0.002,246.439,272.022,258.44
1780996136.0992918,-44.958,-0.929,-0.062,-0.004,246.405,271.544,258.843
1780996136.114493,-45.07,-4.071,-0.061,-0.008,246.162,270.636,259.849
1780996136.129397,-45.07,-6.214,-0.06,-0.011,246.071,270.04,260.443
1780996136.144268,-45.296,-7.429,-0.06,-0.012,245.953,269.828,260.765
1780996136.1840901,-44.507,-9.714,-0.058,-0.015,245.93,268.916,261.562
1780996136.184472,-43.944,-11.857,-0.057,-0.018,245.896,268.232,262.2
1780996136.1853561,-42.986,-13.714,-0.055,-0.02,245.988,267.487,262.747
1780996136.20023,-42.141,-14.714,-0.054,-0.021,246.155,267.037,262.94
1780996136.2151392,-42.141,-14.714,-0.054,-0.021,246.155,267.037,262.94
1780996136.230015,-40.113,-17.643,-0.05,-0.025,246.291,265.619,264.097
1780996136.241054,-37.859,-18.571,-0.046,-0.026,246.808,264.571,264.438
1780996136.256026,-37.859,-18.571,-0.046,-0.026,246.808,264.571,264.438
1780996136.271206,-34.366,-19.929,-0.041,-0.028,247.575,263.215,264.792
1780996136.2862232,-31.831,-20.643,-0.037,-0.028,248.142,262.397,264.89
1780996136.301342,-29.352,-20.857,-0.034,-0.028,248.783,261.622,264.867
1780996136.3162408,-25.859,-20.357,-0.029,-0.026,249.794,260.738,264.5
1780996136.327701,-25.465,-20.071,-0.029,-0.026,249.857,260.846,264.304
1780996136.3427358,-23.211,-19.714,-0.026,-0.025,250.454,260.344,264.083
1780996136.3575418,-21.014,-18.714,-0.023,-0.023,251.146,259.986,263.603
1780996136.397912,-19.042,-17.857,-0.02,-0.022,251.789,259.6,263.227
1780996136.3983529,-16.169,-16.5,-0.016,-0.019,252.733,259.066,262.664
1780996136.399233,-13.352,-15.5,-0.012,-0.018,253.66,258.418,262.27
1780996136.4145222,-10.93,-14.0,-0.009,-0.015,254.545,258.022,261.679
1780996136.429404,-7.775,-11.786,-0.005,-0.012,255.711,257.58,260.851
1780996136.444182,-6.197,-10.929,-0.003,-0.011,256.198,257.337,260.581
1780996136.459309,-3.493,-8.429,0.001,-0.007,257.295,257.086,259.68
1780996136.470633,0.0,-6.214,0.006,-0.004,258.726,256.445,258.886
1780996136.485632,2.704,-4.214,0.009,-0.001,259.713,256.097,258.272
1780996136.5005739,5.521,-1.643,0.013,0.003,261.004,255.762,257.384
1780996136.5117319,7.211,0.143,0.015,0.005,261.721,255.651,256.834
1780996136.526562,7.775,1.286,0.015,0.007,262.035,255.736,256.462
1780996136.5379999,10.986,4.286,0.02,0.011,263.622,255.334,255.464
1780996136.5535092,13.577,6.071,0.024,0.013,264.7,254.915,254.967
1780996136.568635,16.338,8.143,0.027,0.016,265.789,254.541,254.443
1780996136.609061,18.366,10.214,0.03,0.019,266.781,254.361,253.83
1780996136.60951,21.014,12.5,0.033,0.021,267.953,254.051,253.23
1780996136.609859,22.817,14.714,0.035,0.025,268.962,253.961,252.565
1780996136.62481,23.718,16.214,0.036,0.026,269.402,254.026,252.181
1780996136.636127,25.521,18.357,0.038,0.029,270.289,253.926,251.644
1780996136.650857,27.38,20.0,0.04,0.031,271.135,253.706,251.27
1780996136.6660402,28.732,21.643,0.042,0.033,272.068,253.598,250.744
1780996136.677015,29.634,22.286,0.043,0.034,272.365,253.479,250.662
1780996136.6922219,30.648,23.429,0.044,0.035,272.753,253.434,250.451
1780996136.707159,31.437,24.0,0.044,0.035,272.943,253.349,250.409
1780996136.719019,32.563,24.571,0.046,0.035,273.352,253.153,250.334
1780996136.7342908,33.465,25.0,0.047,0.036,273.656,252.997,250.29
1780996136.749045,34.028,25.286,0.047,0.036,273.867,252.905,250.245
1780996136.760461,34.535,25.286,0.048,0.035,273.925,252.797,250.313
1780996136.7754729,34.873,25.214,0.048,0.035,273.915,252.719,250.394
1780996136.790283,34.648,25.214,0.047,0.035,273.69,252.83,250.43
1780996136.830431,34.704,24.5,0.047,0.034,273.465,252.697,250.701
1780996136.830802,34.141,24.071,0.046,0.033,273.036,252.827,250.852
1780996136.8312802,33.296,22.714,0.044,0.031,272.264,252.87,251.318
1780996136.846386,32.901,21.643,0.044,0.029,271.805,252.802,251.694
1780996136.857573,31.662,19.786,0.042,0.026,270.804,252.865,252.322
1780996136.872701,30.31,17.786,0.04,0.023,269.83,252.931,252.95
1780996136.888389,29.239,16.214,0.038,0.021,269.146,252.977,253.406
1780996136.8995872,28.0,14.286,0.036,0.018,268.324,253.015,253.985
1780996136.914662,26.704,12.214,0.035,0.015,267.478,253.039,254.615
1780996136.9296,26.31,11.143,0.034,0.014,267.201,252.961,254.914
1780996136.9408069,25.127,9.0,0.032,0.01,266.337,252.944,255.628
1780996136.9559512,23.831,6.857,0.031,0.007,265.472,252.963,256.325
1780996136.9707232,22.31,4.571,0.028,0.004,264.595,253.028,257.005
1780996136.9821,21.014,3.857,0.027,0.004,264.103,253.307,257.138
1780996136.997087,19.099,1.357,0.024,0.0,262.984,253.439,257.999
1780996137.011866,16.845,-1.143,0.02,-0.004,261.79,253.678,258.849
1780996137.053042,14.31,-3.857,0.016,-0.008,260.372,253.98,259.891
1780996137.053466,13.408,-4.143,0.015,-0.008,260.121,254.2,259.898
1780996137.053806,10.704,-7.143,0.011,-0.013,258.65,254.494,261.072
1780996137.06438,9.577,-7.714,0.009,-0.013,258.293,254.726,261.188
1780996137.079241,7.099,-10.786,0.005,-0.018,256.957,254.923,262.406
1780996137.094204,6.479,-11.143,0.005,-0.018,256.848,255.022,262.414
1780996137.1090071,3.155,-13.143,-0.001,-0.021,255.482,255.711,263.167
1780996137.1202838,1.577,-14.5,-0.002,-0.022,255.052,255.87,263.482
1780996137.135314,-1.07,-16.571,-0.006,-0.025,254.112,256.258,264.145
1780996137.1502101,-3.775,-17.643,-0.009,-0.026,253.341,256.866,264.373
1780996137.1653109,-6.592,-18.357,-0.013,-0.026,252.747,257.509,264.364
1780996137.1803288,-8.056,-18.571,-0.014,-0.026,252.509,257.848,264.274
1780996137.191714,-10.648,-19.429,-0.017,-0.026,251.88,258.387,264.446
1780996137.206754,-12.507,-19.214,-0.019,-0.025,251.648,258.899,264.163
1780996137.221707,-14.592,-19.429,-0.021,-0.025,251.228,259.404,264.132
1780996137.262374,-16.676,-18.857,-0.024,-0.024,250.918,260.086,263.779
1780996137.2628539,-18.254,-18.429,-0.026,-0.023,250.704,260.56,263.54
1780996137.263207,-19.718,-17.143,-0.027,-0.021,250.653,261.176,262.958
1780996137.277555,-19.718,-17.143,-0.027,-0.021,250.653,261.176,262.958
1780996137.292574,-23.042,-15.143,-0.032,-0.017,250.089,262.712,262.096
1780996137.307414,-24.0,-13.429,-0.033,-0.014,250.25,263.188,261.436
1780996137.3224142,-25.521,-11.786,-0.035,-0.012,250.154,263.97,260.804
1780996137.3341272,-26.817,-10.714,-0.037,-0.01,250.014,264.54,260.44
1780996137.349292,-28.732,-7.5,-0.039,-0.005,250.058,265.853,259.206
1780996137.364056,-27.38,-5.5,-0.036,-0.002,250.889,265.545,258.526
1780996137.3791978,-27.38,-5.5,-0.036,-0.002,250.889,265.545,258.526
1780996137.394041,-30.141,-2.714,-0.041,0.002,250.531,267.268,257.464
1780996137.4052951,-31.718,0.143,-0.043,0.006,250.572,268.376,256.521
1780996137.420219,-32.563,1.857,-0.044,0.008,250.632,268.891,256.052
1780996137.4350898,-33.746,4.571,-0.046,0.013,250.754,269.975,255.093
1780996137.469758,-34.254,4.786,-0.046,0.012,250.639,269.958,255.23
1780996137.470054,-34.479,6.5,-0.046,0.014,250.878,270.239,254.766
1780996137.475927,-34.535,7.571,-0.046,0.015,251.046,270.305,254.54
1780996137.490914,-34.366,9.857,-0.045,0.019,251.505,270.724,253.756
1780996137.5019789,-34.085,11.071,-0.044,0.02,251.774,270.702,253.494
1780996137.5170429,-33.746,12.286,-0.044,0.022,252.055,270.69,253.216
1780996137.532067,-32.789,13.786,-0.042,0.023,252.547,270.431,252.904
1780996137.5472891,-32.563,14.929,-0.041,0.024,252.761,270.521,252.624
1780996137.5591009,-30.986,16.5,-0.039,0.026,253.445,270.092,252.253
1780996137.5742211,-30.141,17.429,-0.037,0.027,253.762,269.887,252.088
1780996137.5892339,-29.296,18.143,-0.036,0.028,254.089,269.665,251.93
1780996137.604521,-27.944,18.286,-0.034,0.027,254.43,269.097,252.01
1780996137.615401,-26.704,18.929,-0.032,0.028,254.828,268.744,251.886
1780996137.630753,-24.958,18.643,-0.03,0.027,255.266,267.953,252.053
1780996137.645709,-23.437,18.929,-0.028,0.027,255.68,267.482,252.014
1780996137.660566,-21.577,19.0,-0.025,0.027,256.17,266.84,252.04
1780996137.700192,-20.732,18.643,-0.024,0.026,256.336,266.448,252.185
1780996137.700604,-18.197,18.5,-0.02,0.026,257.07,265.48,252.258
1780996137.701639,-16.169,18.357,-0.017,0.026,257.553,264.832,252.329
1780996137.716804,-14.366,18.143,-0.015,0.025,257.953,264.277,252.41
1780996137.728551,-12.056,17.429,-0.012,0.024,258.441,263.42,252.667
1780996137.7437599,-10.761,17.214,-0.01,0.024,258.741,263.016,252.731
1780996137.758507,-8.338,16.429,-0.007,0.023,259.274,262.138,252.993
1780996137.7734458,-7.662,16.286,-0.006,0.022,259.428,261.928,253.033
1780996137.784694,-5.07,14.286,-0.002,0.019,259.893,260.602,253.773
1780996137.799654,-1.239,12.786,0.004,0.017,260.764,259.226,254.236
1780996137.8148181,0.282,12.357,0.005,0.016,261.092,258.813,254.326
1780996137.8260422,2.535,10.643,0.008,0.014,261.352,257.975,254.88
1780996137.840954,4.732,9.357,0.011,0.012,261.77,257.16,255.289
1780996137.85586,6.93,7.857,0.014,0.01,262.15,256.316,255.777
1780996137.86726,8.282,6.929,0.016,0.009,262.329,255.896,256.036
1780996137.882302,10.817,5.571,0.019,0.007,262.815,255.088,256.42
1780996137.925318,12.958,4.286,0.022,0.005,263.232,254.334,256.827
1780996137.925719,13.521,3.714,0.022,0.004,263.26,254.143,257.001
1780996137.926058,16.563,1.929,0.027,0.001,263.988,252.914,257.662
1780996137.934458,18.479,0.214,0.029,-0.001,264.147,252.33,258.156
1780996137.949673,20.282,-1.143,0.032,-0.003,264.427,251.723,258.578
1780996137.964576,21.07,-1.714,0.032,-0.003,264.489,251.581,258.681
1780996137.979763,22.648,-3.429,0.035,-0.006,264.666,250.871,259.327
1780996137.9907541,23.831,-4.929,0.035,-0.007,264.637,250.539,259.736
1780996138.005879,25.746,-6.286,0.038,-0.009,265.006,249.883,260.168
1780996138.0207942,26.648,-7.071,0.039,-0.01,265.064,249.729,260.297
1780996138.0318909,27.211,-7.429,0.039,-0.01,265.137,249.644,260.331
1780996138.046958,27.211,-7.429,0.039,-0.01,265.137,249.644,260.331
1780996138.0619578,29.127,-9.643,0.042,-0.013,265.283,248.891,261.104
1780996138.076867,30.028,-10.357,0.042,-0.014,265.393,248.691,261.245
1780996138.088793,30.366,-10.357,0.043,-0.013,265.48,248.706,261.147
1780996138.103738,31.155,-11.357,0.044,-0.015,265.511,248.401,261.493
1780996138.1454132,31.549,-11.5,0.044,-0.015,265.598,248.353,261.472
1780996138.145843,31.549,-11.5,0.044,-0.014,265.565,248.438,261.397
1780996138.146184,31.549,-11.643,0.043,-0.014,265.49,248.51,261.378
1780996138.159963,31.493,-11.786,0.043,-0.014,265.415,248.573,261.37
1780996138.174777,30.817,-11.643,0.041,-0.014,265.166,248.847,261.265
1780996138.18987,30.704,-11.214,0.041,-0.013,265.224,248.963,261.07
1780996138.201025,30.028,-10.929,0.04,-0.012,265.027,249.22,260.94
1780996138.216119,29.408,-10.571,0.039,-0.012,264.881,249.452,260.795
1780996138.230983,28.563,-10.286,0.038,-0.011,264.629,249.739,260.684
1780996138.245916,27.268,-9.5,0.036,-0.01,264.311,250.262,260.359
1780996138.2569659,26.648,-9.071,0.035,-0.009,264.186,250.502,260.192
1780996138.272212,25.296,-8.143,0.033,-0.008,263.937,250.984,259.862
1780996138.287224,23.662,-6.643,0.03,-0.006,263.716,251.646,259.309
1780996138.30217,22.254,-6.357,0.028,-0.005,263.313,252.007,259.274
1780996138.3143182,20.789,-4.929,0.026,-0.003,263.158,252.59,258.767
1780996138.328982,19.831,-3.786,0.025,-0.002,263.102,253.002,258.365
1780996138.370256,17.915,-2.071,0.022,0.001,262.799,253.833,257.745
1780996138.370631,16.338,-0.571,0.02,0.003,262.612,254.428,257.286
1780996138.370969,14.592,0.643,0.018,0.005,262.271,255.095,256.902
1780996138.384623,13.352,1.429,0.016,0.006,262.004,255.587,256.641
1780996138.395781,11.324,3.214,0.013,0.009,261.664,256.543,255.99
1780996138.410683,9.352,4.5,0.009,0.011,261.244,257.376,255.553
1780996138.42574,7.042,5.714,0.006,0.012,260.749,258.182,255.226
1780996138.436956,5.465,6.357,0.004,0.013,260.41,258.627,255.114
1780996138.4519649,4.169,7.071,0.002,0.014,260.14,259.119,254.9
1780996138.4636889,1.127,9.143,-0.002,0.017,259.591,260.395,254.233
1780996138.4786801,-0.394,10.5,-0.004,0.019,259.446,260.973,253.849
1780996138.493818,-2.592,11.071,-0.007,0.019,258.89,261.643,253.768
1780996138.50877,-4.282,12.214,-0.008,0.02,258.693,262.148,253.511
1780996138.5201,-6.254,12.429,-0.011,0.02,258.151,262.703,253.536
1780996138.5350242,-8.394,13.429,-0.013,0.021,257.772,263.404,253.295
1780996138.549757,-10.31,13.786,-0.016,0.021,257.284,264.017,253.241
1780996138.592788,-11.493,14.143,-0.017,0.022,257.064,264.348,253.175
1780996138.59324,-12.225,14.357,-0.018,0.022,256.909,264.585,253.127
1780996138.5935879,-15.437,14.929,-0.023,0.023,256.098,265.684,253.009
1780996138.605592,-15.437,14.929,-0.023,0.023,256.098,265.684,253.009
1780996138.620415,-18.197,15.143,-0.027,0.023,255.341,266.643,252.98
1780996138.631603,-18.197,15.143,-0.027,0.023,255.341,266.643,252.98
1780996138.6463208,-21.239,14.357,-0.031,0.021,254.406,267.359,253.335
1780996138.6614861,-21.239,14.357,-0.031,0.021,254.406,267.359,253.335
1780996138.676405,-24.0,13.786,-0.034,0.02,253.636,268.061,253.56
1780996138.6875389,-25.127,12.714,-0.036,0.018,253.145,268.176,253.966
1780996138.7026792,-25.69,12.643,-0.036,0.018,253.11,268.211,253.975
1780996138.717793,-26.873,12.071,-0.037,0.017,252.832,268.339,254.16
1780996138.733239,-27.775,11.143,-0.038,0.016,252.551,268.301,254.477
1780996138.7447932,-28.394,10.5,-0.038,0.015,252.397,268.257,254.67
1780996138.759403,-29.239,9.786,-0.039,0.014,252.129,268.334,254.89
1780996138.774401,-29.408,8.643,-0.039,0.012,251.91,268.087,255.312
1780996138.815147,-29.521,7.357,-0.039,0.01,251.731,267.773,255.748
1780996138.815606,-29.69,6.357,-0.039,0.009,251.621,267.569,256.029
1780996138.815944,-29.521,5.214,-0.038,0.007,251.574,267.213,256.366
1780996138.830289,-29.465,3.857,-0.038,0.005,251.429,266.885,256.79
1780996138.841516,-29.296,3.571,-0.037,0.005,251.457,266.758,256.865
1780996138.8566139,-54.423,56.429,-0.082,0.098,253.079,309.646,238.647
1780996138.871525,-28.225,1.286,-0.034,-0.001,251.405,265.228,258.224
1780996138.88621,-28.225,0.857,-0.035,-0.001,251.369,265.307,258.195
1780996138.8974562,-28.225,0.857,-0.035,-0.001,251.369,265.307,258.195
1780996138.912288,-26.085,-2.143,-0.031,-0.006,251.52,263.835,259.343
1780996138.927209,-24.676,-5.071,-0.029,-0.01,251.446,262.733,260.461
1780996138.942152,-23.549,-6.786,-0.027,-0.012,251.515,262.169,260.926
1780996138.954172,-22.197,-7.5,-0.025,-0.013,251.829,261.744,260.977
1780996138.968944,-20.845,-8.929,-0.024,-0.014,251.995,261.257,261.266
1780996138.983813,-20.845,-8.929,-0.024,-0.014,251.995,261.257,261.266
1780996138.99881,-18.197,-10.643,-0.02,-0.015,252.504,260.234,261.709
1780996139.040853,-16.451,-11.0,-0.017,-0.015,252.965,259.727,261.695
1780996139.04129,-14.592,-11.571,-0.015,-0.016,253.38,259.228,261.736
1780996139.041638,-13.127,-11.429,-0.013,-0.015,253.791,258.993,261.51
1780996139.0550241,-11.437,-11.571,-0.011,-0.014,254.213,258.585,261.459
1780996139.069952,-9.915,-11.286,-0.009,-0.014,254.659,258.306,261.249
1780996139.0850859,-8.958,-11.0,-0.008,-0.013,254.947,258.151,261.091
1780996139.096064,-7.493,-10.571,-0.006,-0.012,255.39,257.892,260.874
1780996139.111156,-5.69,-10.071,-0.004,-0.011,256.002,257.466,260.655
1780996139.126024,-4.113,-9.429,-0.002,-0.01,256.497,257.21,260.393
1780996139.1408918,-2.648,-8.286,0.0,-0.008,257.175,256.98,259.917
1780996139.152195,-0.62,-7.286,0.003,-0.007,257.861,256.634,259.567
1780996139.16725,0.732,-6.857,0.005,-0.006,258.275,256.352,259.44
1780996139.182286,2.592,-5.214,0.007,-0.004,259.051,256.177,258.841
1780996139.194133,4.056,-3.786,0.009,-0.001,259.649,256.081,258.351
1780996139.2091022,5.296,-2.929,0.011,-0.0,260.127,255.901,258.075
1780996139.224115,6.986,-0.857,0.013,0.003,261.027,255.8,257.324
1780996139.2652411,8.394,0.214,0.015,0.004,261.52,255.629,257.042
1780996139.2657049,10.085,1.643,0.017,0.006,262.223,255.421,256.611
1780996139.266049,11.042,2.857,0.018,0.008,262.683,255.388,256.232
1780996139.276219,11.042,2.857,0.018,0.008,262.683,255.388,256.232
1780996139.2912068,13.634,4.929,0.022,0.011,263.972,254.971,255.527
1780996139.306266,15.155,5.857,0.024,0.012,264.478,254.737,255.334
1780996139.317508,16.394,7.214,0.025,0.014,265.009,254.669,254.956
1780996139.332635,17.127,8.071,0.026,0.015,265.328,254.64,254.722
1780996139.347542,17.859,8.714,0.027,0.015,265.611,254.563,254.567
1780996139.359361,19.211,10.071,0.028,0.017,266.314,254.412,254.149
1780996139.374304,20.056,11.5,0.029,0.019,266.752,254.456,253.759
1780996139.389546,20.338,12.429,0.029,0.02,266.939,254.568,253.501
1780996139.400789,20.845,12.857,0.03,0.02,267.05,254.513,253.469
1780996139.4158669,21.803,13.714,0.031,0.021,267.493,254.383,253.254
1780996139.4308212,21.972,14.643,0.031,0.023,267.635,254.53,253.002
1780996139.442187,22.366,14.786,0.031,0.022,267.697,254.444,253.039
1780996139.482539,22.31,15.071,0.031,0.023,267.666,254.527,252.981
1780996139.4829068,22.535,15.214,0.031,0.023,267.703,254.485,252.995
1780996139.486885,22.423,15.214,0.031,0.022,267.583,254.526,253.046
1780996139.4985359,22.423,15.5,0.031,0.023,267.616,254.582,252.966
1780996139.513448,22.197,15.714,0.03,0.023,267.551,254.694,252.907
1780996139.52826,22.197,15.714,0.03,0.023,267.551,254.694,252.907
1780996139.5394611,22.197,15.714,0.03,0.023,267.551,254.694,252.907
1780996139.554486,20.901,15.0,0.028,0.022,266.827,254.973,253.193
1780996139.569521,20.225,14.786,0.027,0.021,266.515,255.136,253.278
1780996139.580739,19.437,13.857,0.026,0.02,266.002,255.197,253.624
1780996139.595902,18.141,12.929,0.024,0.018,265.347,255.415,253.94
1780996139.610952,16.732,11.786,0.022,0.016,264.64,255.617,254.322
1780996139.6222222,15.831,11.143,0.02,0.016,264.228,255.763,254.523
1780996139.6372201,14.197,10.0,0.018,0.014,263.431,256.054,254.914
1780996139.6518002,13.183,9.286,0.017,0.013,263.055,256.19,255.105
1780996139.6635818,13.183,9.286,0.017,0.013,263.055,256.19,255.105
1780996139.706458,11.155,9.0,0.013,0.013,262.341,256.775,255.157
1780996139.706901,10.817,7.286,0.013,0.01,261.902,256.519,255.799
1780996139.707236,9.014,6.214,0.01,0.008,261.142,256.875,256.136
1780996139.719688,8.169,5.571,0.009,0.007,260.845,256.984,256.301
1780996139.7346518,6.761,4.5,0.008,0.006,260.253,257.203,256.636
1780996139.745759,5.183,2.857,0.005,0.004,259.487,257.363,257.203
1780996139.760771,4.282,2.071,0.004,0.003,259.168,257.459,257.415
1780996139.772046,1.521,0.5,0.0,0.001,258.119,258.016,257.889
1780996139.787148,0.507,-0.357,-0.001,-0.001,257.761,258.13,258.134
1780996139.80221,-1.296,-1.786,-0.003,-0.002,257.094,258.379,258.563
1780996139.816947,-2.592,-2.5,-0.005,-0.003,256.741,258.599,258.707
1780996139.828749,-2.592,-2.5,-0.005,-0.003,256.741,258.599,258.707
1780996139.843859,-4.563,-4.571,-0.008,-0.006,255.82,258.808,259.462
1780996139.8588128,-6.254,-5.5,-0.01,-0.007,255.236,259.152,259.741
1780996139.873843,-7.493,-5.643,-0.011,-0.007,255.027,259.459,259.657
1780996139.915599,-8.845,-6.857,-0.013,-0.009,254.551,259.591,260.044
1780996139.9159732,-9.803,-6.643,-0.014,-0.008,254.408,259.918,259.873
1780996139.9162948,-11.38,-7.714,-0.016,-0.009,253.876,260.155,260.223
1780996139.929803,-13.07,-8.071,-0.018,-0.01,253.435,260.591,260.282
1780996139.944938,-13.972,-8.143,-0.019,-0.01,253.242,260.834,260.258
1780996139.95598,-15.099,-8.286,-0.021,-0.01,253.008,261.109,260.25
1780996139.970937,-16.394,-8.357,-0.022,-0.01,252.669,261.504,260.246
1780996139.986031,-17.296,-8.357,-0.023,-0.009,252.519,261.72,260.207
1780996140.001015,-17.915,-7.929,-0.024,-0.009,252.518,261.932,260.002
1780996140.012341,-18.93,-7.214,-0.025,-0.007,252.421,262.371,259.691
1780996140.027325,-19.268,-6.786,-0.025,-0.006,252.448,262.524,259.516
1780996140.042322,-20.225,-6.786,-0.027,-0.007,252.21,262.784,259.539
1780996140.057146,-20.676,-6.143,-0.027,-0.006,252.246,263.001,259.296
1780996140.072269,-21.465,-6.214,-0.028,-0.006,252.036,263.192,259.353
1780996140.084209,-21.521,-5.0,-0.028,-0.004,252.285,263.401,258.881
1780996140.0990238,-22.141,-4.714,-0.029,-0.003,252.157,263.65,258.796
1780996140.1416209,-22.141,-4.714,-0.029,-0.003,252.157,263.65,258.796
1780996140.142071,-22.141,-4.714,-0.029,-0.003,252.157,263.65,258.796
1780996140.1424189,-22.085,-1.929,-0.029,0.001,252.699,264.235,257.674
1780996140.154499,-22.085,-0.5,-0.028,0.004,252.951,264.478,257.189
1780996140.1693492,-22.028,0.143,-0.028,0.004,253.066,264.521,257.03
1780996140.1843462,-21.577,1.714,-0.027,0.007,253.475,264.629,256.504
1780996140.1955478,-21.183,1.571,-0.027,0.006,253.521,264.35,256.697
1780996140.210591,-20.732,3.214,-0.026,0.008,253.913,264.491,256.166
1780996140.225704,-20.113,4.357,-0.025,0.009,254.259,264.45,255.843
1780996140.240609,-19.718,5.429,-0.024,0.011,254.513,264.493,255.547
1780996140.252086,-19.606,6.214,-0.024,0.012,254.64,264.609,255.32
1780996140.266975,-18.197,6.857,-0.022,0.013,255.137,264.184,255.18
1780996140.2821429,-17.352,7.5,-0.021,0.013,255.44,264.004,255.031
1780996140.293706,-16.732,8.0,-0.02,0.014,255.675,263.882,254.902
1780996140.308587,-16.732,8.0,-0.02,0.014,255.675,263.882,254.902
1780996140.323423,-15.211,9.071,-0.017,0.016,256.367,263.535,254.52
1780996140.364487,-13.69,10.214,-0.015,0.017,256.953,263.254,254.194
1780996140.364882,-12.676,11.357,-0.014,0.019,257.421,263.157,253.834
1780996140.365217,-11.775,10.786,-0.013,0.017,257.498,262.73,254.125
1780996140.379384,-10.704,11.286,-0.011,0.018,257.861,262.484,253.994
1780996140.394391,-9.296,11.786,-0.009,0.018,258.294,262.148,253.88
1780996140.4055529,-7.944,12.071,-0.007,0.019,258.673,261.797,253.834
1780996140.420686,-6.648,11.714,-0.006,0.018,258.956,261.304,254.005
1780996140.435644,-5.239,12.071,-0.004,0.018,259.387,260.979,253.898
1780996140.474457,-4.732,11.643,-0.003,0.018,259.382,260.782,254.078
1780996140.474765,-3.211,11.643,-0.001,0.017,259.796,260.338,254.098
1780996140.476773,-1.746,11.214,0.001,0.017,260.103,259.84,254.269
1780996140.4917812,-0.62,10.929,0.002,0.016,260.323,259.508,254.374
1780996140.503554,1.127,10.5,0.005,0.015,260.792,258.88,254.531
1780996140.518493,2.028,10.571,0.006,0.016,261.052,258.675,254.489
1780996140.5297139,3.211,9.571,0.008,0.014,261.234,258.1,254.868
1780996140.544481,4.62,9.071,0.009,0.013,261.515,257.683,255.012
1780996140.577177,4.901,9.143,0.01,0.013,261.593,257.656,254.969
1780996140.5775511,6.761,8.286,0.012,0.012,262.017,256.953,255.27
1780996140.585676,7.324,8.071,0.013,0.012,262.093,256.835,255.317
1780996140.600578,9.014,7.143,0.015,0.01,262.445,256.193,255.637
1780996140.611831,9.803,6.357,0.016,0.009,262.486,255.897,255.895
1780996140.6267788,10.817,5.857,0.017,0.009,262.687,255.574,256.041
1780996140.641818,11.775,5.5,0.018,0.008,262.865,255.358,256.102
1780996140.653705,12.676,4.429,0.019,0.007,262.902,254.959,256.475
1780996140.6686878,13.127,4.0,0.02,0.006,262.921,254.831,256.589
1780996140.679759,14.141,3.143,0.021,0.005,263.047,254.475,256.846
1780996140.6947289,14.31,2.571,0.021,0.004,262.944,254.403,257.013
1780996140.7098749,15.211,1.286,0.022,0.002,262.967,253.954,257.464
1780996140.7211258,15.662,0.714,0.023,0.002,262.984,253.79,257.622
1780996140.736285,16.394,0.429,0.024,0.002,263.162,253.624,257.639
1780996140.7512,16.676,0.071,0.024,0.001,263.149,253.569,257.709
1780996140.762475,16.845,-0.571,0.024,0.0,263.042,253.482,257.9
1780996140.804415,17.127,-1.071,0.024,-0.0,263.029,253.348,258.055
1780996140.8048441,17.408,-1.786,0.024,-0.001,262.969,253.196,258.275
1780996140.8073118,17.239,-2.357,0.024,-0.002,262.78,253.208,258.435
1780996140.8192089,17.127,-3.429,0.024,-0.003,262.515,253.1,258.8
1780996140.8340611,17.239,-4.071,0.024,-0.004,262.443,252.994,258.984
1780996140.84922,17.014,-4.143,0.023,-0.004,262.362,253.083,258.961
1780996140.8602262,16.789,-5.286,0.023,-0.006,262.064,252.977,259.362
1780996140.8751922,16.563,-5.429,0.023,-0.006,261.996,253.054,259.34
1780996140.89027,15.831,-5.857,0.021,-0.006,261.674,253.228,259.455
1780996140.905258,15.324,-6.143,0.021,-0.006,261.482,253.336,259.519
1780996140.916478,15.155,-6.071,0.02,-0.006,261.473,253.397,259.461
1780996140.93166,14.085,-5.714,0.019,-0.005,261.207,253.791,259.283
1780996140.946629,13.465,-5.357,0.018,-0.005,261.11,254.021,259.125
1780996140.9616792,12.845,-4.857,0.017,-0.004,261.023,254.285,258.923
1780996140.973582,12.056,-4.714,0.016,-0.004,260.819,254.511,258.875
1780996140.9885921,11.718,-5.0,0.015,-0.004,260.652,254.546,259.0
1780996141.030665,10.592,-4.571,0.014,-0.004,260.397,254.927,258.839
1780996141.03106,9.69,-4.214,0.013,-0.003,260.213,255.216,258.71
1780996141.031414,9.465,-4.214,0.012,-0.003,260.153,255.264,258.717
1780996141.044357,8.113,-3.0,0.01,-0.001,259.939,255.93,258.226
1780996141.055552,6.817,-2.429,0.008,-0.0,259.647,256.394,258.03
1780996141.070512,5.803,-1.786,0.007,0.001,259.498,256.728,257.832
1780996141.0855749,4.563,-1.143,0.005,0.002,259.243,257.183,257.619
1780996141.0966542,3.831,-0.357,0.004,0.003,259.201,257.49,257.352
1780996141.111682,2.704,0.214,0.003,0.004,258.997,257.845,257.197
1780996141.12665,1.352,1.214,0.001,0.005,258.798,258.372,256.873
1780996141.137658,0.338,2.0,-0.0,0.006,258.651,258.781,256.619
1780996141.152682,0.338,2.0,-0.0,0.006,258.651,258.781,256.619
1780996141.16744,-1.972,4.0,-0.004,0.009,258.293,259.897,255.904
1780996141.179393,-2.873,5.143,-0.005,0.011,258.267,260.311,255.546
1780996141.194348,-4.169,6.071,-0.007,0.012,258.081,260.763,255.31
1780996141.209286,-5.183,6.357,-0.008,0.012,257.831,261.059,255.281
1780996141.250676,-6.479,7.143,-0.009,0.013,257.613,261.507,255.087
1780996141.25108,-7.38,8.143,-0.011,0.015,257.526,262.0,254.733
1780996141.2513978,-8.507,9.071,-0.012,0.016,257.407,262.413,254.485
1780996141.261464,-8.789,9.429,-0.012,0.016,257.404,262.531,254.385
1780996141.2764091,-10.141,9.571,-0.011,0.014,257.37,261.942,254.934
1780996141.291339,-10.873,10.0,-0.012,0.014,257.193,262.349,254.746
1780996141.306272,-11.831,9.786,-0.014,0.014,256.822,262.708,254.791
1780996141.3174899,-12.563,10.071,-0.016,0.015,256.632,263.064,254.666
1780996141.332423,-13.239,10.429,-0.017,0.016,256.492,263.404,254.51
1780996141.347598,-14.592,10.571,-0.019,0.016,256.1,263.935,254.44
1780996141.3632882,-15.155,11.143,-0.02,0.017,256.072,264.23,254.219
1780996141.374629,-16.113,11.786,-0.021,0.018,255.924,264.682,253.989
1780996141.389707,-16.789,11.286,-0.022,0.017,255.654,264.754,254.191
1780996141.404675,-17.577,10.929,-0.023,0.016,255.379,264.919,254.325
1780996141.41971,-17.915,10.857,-0.023,0.016,255.292,264.997,254.346
1780996141.461678,-18.085,10.429,-0.023,0.016,255.208,264.917,254.496
1780996141.4620779,-18.141,9.857,-0.023,0.015,255.13,264.77,254.694
1780996141.462442,-18.423,9.286,-0.024,0.014,254.97,264.734,254.885
1780996141.475809,-18.141,9.143,-0.023,0.014,255.078,264.582,254.904
1780996141.4869812,-18.479,8.857,-0.023,0.013,254.93,264.653,254.991
1780996141.502083,-18.254,7.857,-0.023,0.012,254.85,264.342,255.335
1780996141.516981,-18.197,7.429,-0.023,0.011,254.823,264.239,255.45
1780996141.528849,-18.31,7.071,-0.023,0.011,254.747,264.222,255.541
1780996141.5439968,-18.141,6.929,-0.023,0.011,254.799,264.147,255.551
1780996141.558986,-17.69,6.357,-0.022,0.01,254.85,263.859,255.748
1780996141.573984,-17.577,5.786,-0.022,0.009,254.789,263.732,255.919
1780996141.585409,-17.07,5.286,-0.021,0.008,254.865,263.471,256.069
1780996141.600317,-16.113,4.786,-0.019,0.008,255.09,263.049,256.211
1780996141.6152918,-15.606,4.0,-0.019,0.007,255.095,262.758,256.464
1780996141.626595,-14.761,3.429,-0.017,0.006,255.26,262.364,256.649
1780996141.641532,-14.366,2.786,-0.017,0.005,255.247,262.166,256.841
1780996141.6823528,-14.254,2.214,-0.017,0.004,255.168,262.029,257.047
1780996141.6828,-12.901,1.143,-0.015,0.003,255.393,261.403,257.392
1780996141.683133,-11.775,0.571,-0.013,0.002,255.629,260.982,257.542
1780996141.6974552,-11.099,0.214,-0.012,0.002,255.764,260.734,257.637
1780996141.712368,-10.028,-0.571,-0.011,0.001,255.929,260.295,257.884
1780996141.7274072,-8.901,-0.786,-0.009,0.0,256.241,259.932,257.911
1780996141.7393699,-7.662,-1.286,-0.008,-0.0,256.495,259.518,258.051
1780996141.754234,-6.423,-1.429,-0.006,-0.0,256.815,259.176,258.058
1780996141.769448,-5.521,-1.5,-0.005,-0.0,257.058,258.926,258.056
1780996141.784269,-4.732,-1.643,-0.004,-0.0,257.218,258.744,258.073
1780996141.7955258,-3.437,-2.071,-0.002,-0.001,257.531,258.274,258.223
1780996141.810637,-2.479,-2.286,-0.001,-0.001,257.733,258.025,258.268
1780996141.8252668,-1.69,-2.214,0.0,-0.001,257.938,257.887,258.2
1780996141.836575,-1.69,-2.214,0.0,-0.001,257.938,257.887,258.2
1780996141.851437,0.507,-2.786,0.003,-0.002,258.495,257.137,258.404
1780996141.8660748,1.465,-2.643,0.005,-0.001,258.79,256.921,258.33
1780996141.908651,1.803,-2.5,0.005,-0.001,258.902,256.877,258.264
1780996141.909069,3.493,-2.5,0.008,-0.001,259.473,256.338,258.258
1780996141.9094121,4.845,-2.071,0.009,-0.0,259.908,256.113,258.067
1780996141.922101,5.634,-1.929,0.011,-0.0,260.175,255.919,258.009
1780996141.9339619,6.761,-1.643,0.012,0.0,260.49,255.728,257.905
1780996141.948886,7.324,-0.857,0.012,0.002,260.716,255.81,257.606
1780996141.9641159,8.0,-0.714,0.013,0.002,260.903,255.673,257.571
1780996141.975156,9.296,-0.071,0.015,0.003,261.393,255.452,257.341
1780996141.990186,10.31,0.071,0.016,0.003,261.676,255.222,257.315
1780996142.005258,10.704,0.5,0.016,0.004,261.796,255.248,257.179
1780996142.016672,10.986,0.214,0.016,0.003,261.765,255.142,257.317
1780996142.031518,11.493,0.857,0.017,0.004,262.002,255.151,257.089
1780996142.0428128,12.113,1.357,0.018,0.005,262.257,255.088,256.922
1780996142.058409,12.676,2.357,0.018,0.006,262.632,255.12,256.552
1780996142.073338,12.958,2.571,0.019,0.007,262.718,255.09,256.506
1780996142.0847218,13.634,3.286,0.02,0.008,263.034,255.03,256.286
1780996142.126293,13.803,4.286,0.02,0.009,263.231,255.187,255.953
1780996142.1267252,14.141,4.857,0.02,0.01,263.402,255.191,255.799
1780996142.127063,14.31,4.929,0.02,0.01,263.432,255.15,255.814
1780996142.140492,14.31,5.571,0.02,0.011,263.507,255.278,255.62
1780996142.1555562,14.254,5.714,0.02,0.011,263.46,255.324,255.614
1780996142.166635,14.028,5.929,0.019,0.011,263.376,255.437,255.573
1780996142.181741,14.028,6.286,0.019,0.011,263.435,255.498,255.461
1780996142.196814,13.972,6.429,0.019,0.011,263.422,255.524,255.447
1780996142.208755,13.521,7.0,0.018,0.012,263.357,255.768,255.26
1780996142.223773,13.408,7.214,0.018,0.012,263.352,255.822,255.212
1780996142.238667,12.958,7.214,0.017,0.012,263.171,255.955,255.237
1780996142.250071,12.732,7.643,0.017,0.013,263.185,256.085,255.097
1780996142.2648509,12.338,7.429,0.017,0.012,262.989,256.154,255.197
1780996142.279809,12.0,7.786,0.016,0.013,262.946,256.327,255.065
1780996142.291162,10.93,7.714,0.014,0.013,262.541,256.644,255.109
1780996142.3060942,10.479,7.714,0.014,0.013,262.421,256.735,255.125
1780996142.349231,9.746,7.5,0.013,0.012,262.133,256.905,255.215
1780996142.349673,8.62,7.0,0.011,0.011,261.645,257.149,255.411
1780996142.3499908,7.606,6.929,0.01,0.011,261.336,257.417,255.43
1780996142.359025,7.042,6.143,0.009,0.01,261.051,257.379,255.724
1780996142.374069,5.803,6.857,0.007,0.011,260.842,257.891,255.42
1780996142.3892338,5.577,6.5,0.007,0.011,260.742,257.843,255.557
1780996142.4002979,4.676,6.071,0.006,0.01,260.407,258.007,255.707
1780996142.415554,3.944,5.643,0.005,0.01,260.139,258.115,255.851
1780996142.43043,3.324,5.214,0.004,0.009,259.914,258.184,255.994
1780996142.441673,2.592,5.071,0.003,0.009,259.678,258.376,256.031
1780996142.456715,1.634,4.5,0.002,0.008,259.275,258.562,256.232
1780996142.4684281,0.563,3.929,0.0,0.007,258.885,258.762,256.412
1780996142.4832041,0.113,4.5,-0.0,0.008,258.88,259.019,256.171
1780996142.4983308,-1.127,3.0,-0.002,0.005,258.166,259.126,256.757
1780996142.509571,-2.197,2.071,-0.004,0.004,257.753,259.233,257.06
1780996142.524354,-3.324,1.643,-0.005,0.004,257.417,259.475,257.162
1780996142.56564,-3.831,1.071,-0.006,0.003,257.219,259.494,257.341
1780996142.5660858,-4.845,0.714,-0.007,0.002,256.888,259.737,257.44
1780996142.566411,-5.634,0.5,-0.008,0.002,256.705,259.908,257.461
1780996142.580513,-6.085,0.214,-0.008,0.002,256.614,259.944,257.518
1780996142.5953789,-7.606,-0.071,-0.01,0.002,256.15,260.379,257.576
1780996142.606582,-7.606,-0.071,-0.01,0.002,256.15,260.379,257.576
1780996142.621707,-9.014,-1.071,-0.012,0.0,255.602,260.608,257.924
1780996142.636579,-9.634,-1.714,-0.013,-0.0,255.398,260.626,258.12
1780996142.651695,-9.634,-1.429,-0.013,0.0,255.557,260.631,257.949
1780996142.663667,-10.93,-1.5,-0.015,0.0,255.197,261.033,257.944
1780996142.6786392,-11.099,-1.714,-0.015,-0.0,255.154,261.003,258.017
1780996142.6935291,-11.831,-1.357,-0.016,0.001,255.05,261.287,257.858
1780996142.708432,-12.394,-0.857,-0.016,0.002,255.02,261.543,257.65
1780996142.719916,-13.07,-0.857,-0.017,0.002,254.848,261.73,257.655
1780996142.734967,-13.577,-0.571,-0.018,0.002,254.786,261.92,257.544
1780996142.749774,-14.085,-0.571,-0.018,0.002,254.662,262.047,257.558
1780996142.791221,-14.141,-0.214,-0.018,0.003,254.74,262.106,257.421
1780996142.7916539,-14.535,-0.214,-0.019,0.002,254.641,262.199,257.439
1780996142.7919948,-15.042,-0.143,-0.019,0.003,254.518,262.362,257.419
1780996142.805855,-14.873,0.286,-0.019,0.003,254.678,262.35,257.262
1780996142.8208032,-14.817,0.5,-0.019,0.004,254.75,262.339,257.198
1780996142.832028,-14.648,1.357,-0.018,0.005,254.977,262.441,256.87
1780996142.847084,-14.93,1.286,-0.019,0.005,254.861,262.496,256.94
1780996142.862106,-14.761,1.857,-0.018,0.005,255.015,262.534,256.747
1780996142.87397,-14.366,2.571,-0.018,0.007,255.264,262.519,256.506
1780996142.88888,-14.028,2.5,-0.017,0.006,255.336,262.358,256.576
1780996142.903807,-14.254,3.214,-0.018,0.007,255.389,262.603,256.303
1780996142.918912,-13.465,4.286,-0.016,0.009,255.837,262.526,255.919
1780996142.9301739,-12.901,4.5,-0.015,0.009,256.031,262.354,255.879
1780996142.9453409,-12.338,4.929,-0.015,0.01,256.241,262.24,255.771
1780996142.960299,-11.944,4.786,-0.014,0.009,256.284,262.074,255.877
1780996142.971523,-11.606,4.714,-0.014,0.009,256.345,261.947,255.93
1780996143.014123,-11.155,5.214,-0.013,0.01,256.542,261.913,255.766
1780996143.0146,-10.535,5.643,-0.012,0.01,256.78,261.803,255.63
1780996143.016418,-9.69,6.0,-0.011,0.011,257.077,261.597,255.524
1780996143.0282009,-8.958,6.214,-0.01,0.011,257.3,261.409,255.477
1780996143.0431821,-8.394,6.286,-0.009,0.011,257.46,261.244,255.471
1780996143.058309,-7.775,6.643,-0.008,0.012,257.676,261.141,255.355
1780996143.069493,-7.099,6.786,-0.008,0.012,257.868,260.97,255.326
1780996143.0846348,-6.423,7.071,-0.007,0.012,258.083,260.836,255.242
1780996143.099991,-5.634,7.0,-0.006,0.012,258.294,260.565,255.288
1780996143.111107,-4.958,6.786,-0.005,0.012,258.409,260.332,255.392
1780996143.125875,-3.944,7.357,-0.003,0.013,258.81,260.145,255.184
1780996143.1406999,-2.986,6.857,-0.002,0.012,258.989,259.742,255.388
1780996143.152077,-2.535,7.071,-0.001,0.012,259.135,259.68,255.308
1780996143.166889,-1.803,7.357,-0.0,0.012,259.398,259.529,255.203
1780996143.182116,-0.451,7.071,0.002,0.012,259.734,259.067,255.323
1780996143.1939578,0.225,7.071,0.002,0.012,259.888,258.912,255.325
1780996143.234497,1.239,6.786,0.004,0.011,260.11,258.581,255.432
1780996143.234841,1.746,6.286,0.004,0.011,260.137,258.36,255.618
1780996143.23516,2.479,6.0,0.005,0.01,260.272,258.134,255.709
1780996143.249998,3.155,5.857,0.006,0.01,260.418,257.962,255.739
1780996143.265036,3.831,5.571,0.007,0.01,260.557,257.731,255.836
1780996143.276195,4.62,5.143,0.008,0.009,260.694,257.453,255.979
1780996143.291248,5.183,5.071,0.009,0.009,260.827,257.328,255.979
1780996143.302378,5.859,4.929,0.009,0.009,260.988,257.146,256.01
1780996143.3172412,6.31,4.643,0.01,0.008,261.056,256.984,256.107
1780996143.332472,6.93,4.5,0.011,0.008,261.203,256.816,256.138
1780996143.344235,7.437,3.929,0.011,0.007,261.22,256.602,256.335
1780996143.359009,8.0,4.0,0.012,0.008,261.418,256.47,256.284
1780996143.373769,8.0,4.0,0.012,0.008,261.418,256.47,256.284
1780996143.385119,8.0,4.0,0.012,0.008,261.418,256.47,256.284
1780996143.399968,9.746,2.214,0.015,0.005,261.632,255.631,256.935
1780996143.411351,9.859,1.857,0.015,0.004,261.578,255.561,257.057
1780996143.4532669,9.859,1.571,0.015,0.004,261.474,255.603,257.11
1780996143.453645,10.366,1.357,0.015,0.004,261.589,255.469,257.141
1780996143.4539871,10.31,1.214,0.015,0.004,261.517,255.529,257.147
1780996143.46752,10.366,0.571,0.015,0.003,261.389,255.422,257.375
1780996143.482076,10.592,0.429,0.015,0.003,261.436,255.368,257.387
1780996143.493845,10.479,0.0,0.015,0.002,261.299,255.364,257.519
1780996143.508967,10.592,-0.214,0.015,0.002,261.3,255.321,257.563
1780996143.523874,10.423,-0.5,0.014,0.002,261.179,255.345,257.651
1780996143.535114,10.535,-0.571,0.015,0.002,261.216,255.319,257.644
1780996143.5500429,10.197,-0.714,0.014,0.001,261.071,255.425,257.669
1780996143.565108,9.915,-1.0,0.014,0.001,260.927,255.475,257.754
1780996143.576405,9.915,-1.071,0.014,0.001,260.927,255.464,257.765
1780996143.591383,9.408,-1.357,0.013,0.001,260.701,255.578,257.861
1780996143.6064,8.901,-1.643,0.012,0.0,260.487,255.687,257.951
1780996143.6176262,8.451,-1.214,0.011,0.001,260.455,255.904,257.757
1780996143.633204,7.944,-1.357,0.011,0.001,260.264,256.028,257.811
1780996143.6763022,7.211,-1.643,0.009,0.0,259.98,256.187,257.921
1780996143.676755,6.704,-1.571,0.009,0.001,259.857,256.335,257.887
1780996143.677079,6.535,-1.214,0.009,0.001,259.929,256.421,257.73
1780996143.689224,5.634,-1.143,0.007,0.001,259.643,256.716,257.704
1780996143.700275,5.408,-1.0,0.007,0.002,259.641,256.765,257.657
1780996143.715366,4.676,-0.571,0.006,0.002,259.508,257.054,257.493
1780996143.730431,4.113,-0.571,0.005,0.002,259.345,257.192,257.511
1780996143.741629,3.831,-0.5,0.005,0.002,259.289,257.266,257.492
1780996143.756665,3.268,-0.357,0.004,0.002,259.159,257.427,257.456
1780996143.771841,2.085,0.214,0.002,0.003,258.9,257.893,257.244
1780996143.783469,1.465,0.5,0.002,0.004,258.788,258.09,257.158
1780996143.798867,1.127,0.929,0.001,0.004,258.791,258.247,257.001
1780996143.809858,0.507,1.571,0.001,0.005,258.751,258.517,256.778
1780996143.82454,-0.338,1.357,-0.001,0.005,258.456,258.693,256.893
1780996143.839406,-1.296,1.786,-0.002,0.006,258.22,259.099,256.73
1780996143.850816,-1.746,2.071,-0.003,0.006,258.141,259.287,256.629
1780996143.894318,-2.254,2.929,-0.003,0.007,258.194,259.54,256.336
1780996143.894798,-2.986,3.0,-0.004,0.007,258.002,259.719,256.353
1780996143.89522,-3.324,3.286,-0.005,0.008,257.974,259.838,256.268
1780996143.9064572,-3.324,3.286,-0.005,0.008,257.974,259.838,256.268
1780996143.9213362,-4.901,3.929,-0.007,0.009,257.606,260.441,256.063
1780996143.936279,-5.577,4.286,-0.008,0.009,257.502,260.653,255.969
1780996143.9473522,-6.31,5.0,-0.009,0.01,257.445,260.968,255.735
1780996143.9624372,-6.986,5.143,-0.01,0.01,257.275,261.179,255.709
1780996143.9773881,-7.437,5.0,-0.01,0.01,257.144,261.217,255.803
1780996143.989218,-8.056,5.214,-0.011,0.01,257.025,261.408,255.746
1780996144.004168,-8.958,5.214,-0.012,0.01,256.766,261.664,255.768
1780996144.019294,-9.127,5.5,-0.012,0.01,256.802,261.737,255.668
1780996144.030669,-9.465,5.286,-0.012,0.01,256.684,261.747,255.775
1780996144.0456781,-10.028,5.429,-0.013,0.01,256.562,261.927,255.733
1780996144.060501,-10.423,5.786,-0.014,0.011,256.535,262.095,255.61
1780996144.075441,-10.986,5.786,-0.014,0.01,256.379,262.249,255.627
1780996144.1177769,-10.93,5.786,-0.014,0.01,256.421,262.19,255.637
1780996144.118128,-11.211,5.929,-0.014,0.011,256.383,262.284,255.591
1780996144.1184871,-11.437,5.643,-0.015,0.01,256.275,262.271,255.71
1780996144.128473,-11.662,5.786,-0.015,0.01,256.256,262.36,255.65
1780996144.143492,-11.718,5.357,-0.015,0.01,256.174,262.264,255.816
1780996144.158488,-11.944,5.5,-0.015,0.01,256.14,262.371,255.755
1780996144.173601,-11.606,5.429,-0.014,0.01,256.265,262.21,255.774
1780996144.1848068,-11.831,5.071,-0.015,0.009,256.133,262.214,255.902
1780996144.200032,-11.718,4.857,-0.015,0.009,256.145,262.125,255.97
1780996144.2148821,-11.775,4.5,-0.015,0.008,256.066,262.075,256.093
1780996144.226136,-11.718,4.357,-0.015,0.008,256.063,262.034,256.134
1780996144.241173,-11.268,4.071,-0.014,0.008,256.168,261.817,256.224
1780996144.2561548,-10.986,3.857,-0.013,0.008,256.225,261.695,256.278
1780996144.270862,-10.648,3.786,-0.013,0.008,256.325,261.577,256.285
1780996144.282065,-10.648,3.786,-0.013,0.008,256.325,261.577,256.285
1780996144.2968252,-10.648,3.786,-0.013,0.008,256.325,261.577,256.285
1780996144.337667,-9.69,2.5,-0.011,0.005,256.396,260.951,256.79
1780996144.338039,-9.127,2.071,-0.01,0.005,256.481,260.725,256.914
1780996144.3384619,-8.507,1.786,-0.01,0.004,256.617,260.512,256.976
1780996144.3535109,-8.282,1.714,-0.009,0.005,256.663,260.467,256.973
1780996144.36467,-7.718,1.0,-0.009,0.003,256.695,260.182,257.21
1780996144.379668,-7.268,0.643,-0.008,0.003,256.755,260.013,257.31
1780996144.3946612,-6.648,0.857,-0.007,0.004,256.982,259.903,257.186
1780996144.4097521,-6.254,0.571,-0.007,0.003,257.038,259.744,257.282
1780996144.4209821,-5.408,0.357,-0.005,0.003,257.253,259.466,257.333
1780996144.43596,-4.958,0.143,-0.005,0.003,257.323,259.335,257.39
1780996144.451033,-4.056,0.143,-0.004,0.003,257.594,259.08,257.366
1780996144.4623659,-3.268,-0.071,-0.003,0.003,257.78,258.824,257.43
1780996144.4774022,-2.873,-0.214,-0.002,0.002,257.853,258.703,257.476
1780996144.492316,-2.31,-0.143,-0.001,0.003,258.012,258.587,257.432
1780996144.50435,-1.803,-0.429,-0.001,0.002,258.081,258.424,257.523
1780996144.519307,-1.296,-0.571,-0.0,0.002,258.185,258.274,257.568
1780996144.562361,-0.507,-0.571,0.001,0.002,258.416,258.06,257.553
1780996144.562786,-0.282,-0.571,0.001,0.002,258.462,258.023,257.543
1780996144.563114,0.676,-0.571,0.002,0.002,258.75,257.745,257.537
1780996144.575042,1.239,0.071,0.003,0.003,259.032,257.739,257.268
1780996144.586286,1.634,0.071,0.004,0.003,259.125,257.639,257.278
1780996144.601162,2.31,-0.286,0.005,0.003,259.248,257.37,257.426
1780996144.6163762,3.042,0.357,0.006,0.004,259.599,257.285,257.173
1780996144.627302,3.324,0.357,0.006,0.004,259.62,257.248,257.19
1780996144.64315,3.775,0.357,0.006,0.004,259.738,257.127,257.198
1780996144.658113,4.113,0.429,0.007,0.004,259.811,257.077,257.179
1780996144.669334,4.845,0.357,0.008,0.003,260.004,256.856,257.216
1780996144.68434,5.239,0.714,0.008,0.004,260.173,256.834,257.079
1780996144.699372,5.465,0.786,0.008,0.004,260.229,256.799,257.06
1780996144.710762,6.197,0.929,0.01,0.004,260.47,256.613,257.019
1780996144.725759,6.535,1.0,0.01,0.004,260.55,256.548,257.011
1780996144.7370381,6.479,1.929,0.01,0.006,260.668,256.783,256.664
1780996144.7794392,7.211,1.929,0.011,0.006,260.904,256.542,256.687
1780996144.779797,7.268,2.429,0.011,0.007,260.972,256.645,256.52
1780996144.780114,7.549,2.929,0.011,0.007,261.138,256.658,256.354
1780996144.793644,7.493,3.286,0.011,0.008,261.16,256.753,256.239
1780996144.8086028,7.437,3.571,0.011,0.008,261.152,256.837,256.163
1780996144.819796,7.831,3.857,0.011,0.008,261.323,256.757,256.087
1780996144.834686,7.775,4.214,0.011,0.009,261.341,256.846,255.982
1780996144.84584,7.775,4.214,0.011,0.009,261.318,256.844,256.006
1780996144.860909,7.775,4.857,0.011,0.01,261.431,256.966,255.783
1780996144.875809,7.718,4.929,0.011,0.01,261.397,256.993,255.787
1780996144.8870158,7.887,5.071,0.011,0.01,261.468,256.949,255.766
1780996144.902169,7.718,5.5,0.011,0.011,261.485,257.085,255.618
1780996144.917065,7.38,5.786,0.01,0.011,261.408,257.241,255.536
1780996144.928923,7.211,5.643,0.01,0.011,261.308,257.251,255.616
1780996144.9440541,7.042,5.929,0.01,0.011,261.31,257.353,255.514
1780996144.9552,6.704,5.929,0.009,0.011,261.188,257.446,255.535
1780996144.997708,6.535,5.429,0.009,0.01,261.031,257.379,255.743
1780996144.998064,6.31,5.786,0.009,0.011,261.046,257.505,255.607
1780996144.99841,5.746,5.643,0.008,0.01,260.821,257.655,255.667
1780996145.0110762,5.408,5.786,0.007,0.011,260.755,257.769,255.617
1780996145.026263,4.845,5.786,0.006,0.011,260.577,257.931,255.623
1780996145.037319,4.282,5.786,0.006,0.011,260.41,258.089,255.625
1780996145.052404,4.0,5.571,0.005,0.01,260.29,258.119,255.707
1780996145.0641332,3.211,5.357,0.004,0.01,259.986,258.328,255.788
1780996145.078979,2.535,5.071,0.003,0.009,259.743,258.464,255.885
1780996145.093981,2.197,5.286,0.003,0.01,259.687,258.612,255.796
1780996145.105013,1.352,4.786,0.001,0.009,259.347,258.762,255.972
1780996145.120022,1.014,4.357,0.001,0.008,259.212,258.74,256.12
1780996145.134976,0.225,4.357,0.0,0.008,258.999,258.98,256.094
1780996145.1463969,0.0,4.214,-0.0,0.008,258.935,258.999,256.137
1780996145.1610801,-0.451,3.857,-0.001,0.008,258.761,259.04,256.264
1780996145.175801,-0.451,3.857,-0.001,0.008,258.761,259.04,256.264
1780996145.217498,-1.521,3.429,-0.002,0.007,258.314,259.324,256.425
1780996145.217896,-1.972,2.714,-0.003,0.006,258.096,259.292,256.667
1780996145.218233,-2.479,2.429,-0.004,0.006,257.947,259.368,256.74
1780996145.2286289,-2.986,2.357,-0.004,0.006,257.837,259.496,256.726
1780996145.243453,-3.549,1.571,-0.005,0.004,257.557,259.496,257.002
1780996145.258432,-3.549,1.571,-0.005,0.004,257.557,259.496,257.002
1780996145.269706,-4.732,1.286,-0.007,0.004,257.174,259.825,257.068
1780996145.2846231,-4.789,1.214,-0.006,0.004,257.222,259.786,257.057
1780996145.3000782,-5.521,0.786,-0.007,0.004,256.951,259.929,257.192
1780996145.310991,-5.69,0.786,-0.007,0.004,256.94,259.964,257.171
1780996145.325939,-6.197,0.571,-0.008,0.003,256.78,260.067,257.233
1780996145.3410401,-6.93,0.5,-0.009,0.003,256.573,260.283,257.237
1780996145.3521879,-7.437,0.214,-0.01,0.003,256.401,260.376,257.323
1780996145.367161,-7.549,0.357,-0.01,0.003,256.411,260.434,257.258
1780996145.3821921,-8.056,0.071,-0.011,0.003,256.244,260.517,257.35
1780996145.397176,-8.056,0.214,-0.01,0.003,256.323,260.512,257.273
1780996145.440705,-8.225,0.0,-0.01,0.003,256.266,260.502,257.341
1780996145.4410932,-8.676,-0.357,-0.011,0.002,256.068,260.576,257.473
1780996145.44144,-8.789,-0.429,-0.011,0.002,256.053,260.579,257.486
1780996145.449813,-8.676,-0.571,-0.011,0.002,256.093,260.485,257.534
1780996145.464992,-9.183,-0.429,-0.012,0.002,255.974,260.689,257.463
1780996145.479983,-9.408,-0.143,-0.012,0.003,255.978,260.82,257.336
1780996145.494951,-9.352,-0.571,-0.012,0.002,255.923,260.694,257.511
1780996145.5060549,-9.127,-0.357,-0.011,0.003,256.054,260.645,257.423
1780996145.5210292,-9.296,0.0,-0.012,0.003,256.074,260.772,257.283
1780996145.5361059,-9.014,0.5,-0.011,0.004,256.266,260.762,257.096
1780996145.547267,-9.127,0.929,-0.011,0.005,256.301,260.888,256.943
1780996145.562468,-8.732,1.071,-0.011,0.005,256.457,260.763,256.903
1780996145.577344,-8.901,1.286,-0.011,0.005,256.418,260.869,256.844
1780996145.589311,-8.62,1.357,-0.011,0.005,256.512,260.772,256.838
1780996145.604358,-8.676,1.143,-0.011,0.005,256.432,260.748,256.942
1780996145.6191008,-8.169,1.286,-0.01,0.005,256.626,260.594,256.89
1780996145.663529,-8.056,1.357,-0.01,0.005,256.655,260.58,256.875
1780996145.663939,-8.169,0.214,-0.01,0.003,256.378,260.397,257.326
1780996145.6642911,-7.606,-0.143,-0.009,0.002,256.497,260.142,257.448
1780996145.6752698,-7.493,-0.286,-0.009,0.002,256.5,260.11,257.476
1780996145.686372,-7.099,-0.643,-0.008,0.002,256.559,259.913,257.604
1780996145.701309,-6.761,-0.786,-0.008,0.002,256.635,259.799,257.636
1780996145.716384,-6.254,-0.286,-0.007,0.003,256.895,259.758,257.413
1780996145.728267,-5.352,-0.357,-0.006,0.002,257.164,259.454,257.435
1780996145.7433789,-5.239,-0.286,-0.006,0.003,257.179,259.473,257.402
1780996145.758361,-4.958,-0.071,-0.005,0.003,257.293,259.444,257.315
1780996145.773482,-4.507,0.071,-0.005,0.003,257.45,259.336,257.262
1780996145.784798,-4.169,0.286,-0.004,0.004,257.562,259.307,257.178
1780996145.799604,-3.549,0.714,-0.003,0.004,257.814,259.212,257.02
1780996145.814813,-3.042,0.643,-0.003,0.004,257.945,259.037,257.06
1780996145.8261251,-2.761,1.214,-0.002,0.005,258.102,259.089,256.855
1780996145.840941,-2.141,1.5,-0.002,0.005,258.324,258.953,256.77
1780996145.882584,-1.634,1.714,-0.001,0.006,258.489,258.849,256.71
1780996145.882965,-1.577,2.286,-0.001,0.007,258.567,258.977,256.511
1780996145.883293,-1.577,2.286,-0.001,0.007,258.567,258.977,256.511
1780996145.89639,-1.577,2.286,-0.001,0.007,258.567,258.977,256.511
1780996145.9074402,0.113,3.143,0.002,0.008,259.333,258.554,256.184
1780996145.923054,0.338,3.357,0.002,0.008,259.385,258.552,256.137
1780996145.9380538,1.014,3.786,0.003,0.009,259.62,258.441,256.022
1780996145.949365,1.69,4.0,0.004,0.009,259.845,258.273,255.973
1780996145.964215,2.085,4.643,0.004,0.01,260.035,258.303,255.767
1780996145.979289,2.197,4.5,0.004,0.009,259.987,258.258,255.855
1780996145.9904141,2.761,4.929,0.005,0.01,260.212,258.178,255.723
1780996146.005534,3.155,4.929,0.005,0.01,260.287,258.071,255.756
1780996146.016934,3.324,5.143,0.005,0.01,260.333,258.084,255.701
1780996146.031738,3.549,5.643,0.006,0.011,260.485,258.125,255.522
1780996146.046885,3.887,5.714,0.006,0.011,260.566,258.045,255.524
1780996146.058469,4.394,5.929,0.007,0.011,260.746,257.934,255.466
1780996146.099714,4.451,6.214,0.007,0.012,260.793,257.986,255.373
1780996146.1001458,4.789,5.857,0.007,0.011,260.795,257.812,255.54
1780996146.100467,4.845,6.286,0.007,0.012,260.868,257.898,255.389
1780996146.114675,5.07,6.5,0.007,0.012,260.964,257.881,255.319
1780996146.125833,5.183,6.143,0.008,0.011,260.91,257.776,255.468
1780996146.1407418,5.352,6.286,0.008,0.011,260.976,257.764,255.421
1780996146.155712,5.69,5.929,0.008,0.011,261.002,257.59,255.564
1780996146.166871,5.803,5.786,0.008,0.011,260.994,257.544,255.616
1780996146.1817632,5.577,6.071,0.008,0.011,260.96,257.697,255.499
1780996146.19694,5.915,5.786,0.008,0.011,261.016,257.534,255.606
1780996146.208873,6.085,5.571,0.009,0.01,261.026,257.449,255.679
1780996146.223904,6.085,5.643,0.009,0.01,261.038,257.474,255.644
1780996146.23521,5.859,5.429,0.008,0.01,260.906,257.522,255.717
1780996146.2501929,5.972,4.929,0.008,0.009,260.851,257.386,255.9
1780996146.265162,5.634,4.571,0.008,0.009,260.657,257.444,256.022
1780996146.276483,5.465,4.429,0.008,0.009,260.575,257.48,256.063
1780996146.317659,5.014,4.214,0.007,0.008,260.386,257.597,256.124
1780996146.317983,4.901,4.286,0.007,0.009,260.39,257.649,256.069
1780996146.318279,4.338,3.571,0.006,0.007,260.061,257.702,256.324
1780996146.333184,4.676,3.214,0.006,0.007,260.138,257.508,256.442
1780996146.344234,4.113,2.214,0.006,0.005,259.763,257.506,256.798
1780996146.359179,3.549,1.857,0.005,0.005,259.535,257.633,256.89
1780996146.374246,3.549,1.857,0.005,0.005,259.572,257.631,256.856
1780996146.385479,3.042,1.214,0.004,0.004,259.314,257.668,257.067
1780996146.4004202,2.648,0.929,0.004,0.004,259.171,257.743,257.13
1780996146.415494,2.366,0.714,0.003,0.004,259.081,257.783,257.178
1780996146.426647,2.197,0.5,0.003,0.003,259.009,257.792,257.237
1780996146.441735,1.859,0.214,0.003,0.003,258.877,257.837,257.322
1780996146.4535549,1.634,0.286,0.002,0.003,258.855,257.919,257.262
1780996146.46854,1.127,-0.143,0.002,0.003,258.629,257.996,257.406
1780996146.483346,1.183,-0.714,0.002,0.002,258.561,257.85,257.618
1780996146.4947379,0.338,-1.286,0.0,0.001,258.195,258.018,257.812
1780996146.53476,-0.056,-1.071,-0.0,0.001,258.154,258.184,257.688
1780996146.535085,-0.451,-0.929,-0.001,0.002,258.095,258.329,257.603
1780996146.539328,-0.845,-1.071,-0.001,0.002,257.958,258.422,257.647
1780996146.550435,-1.127,-1.429,-0.001,0.001,257.834,258.42,257.773
1780996146.565603,-1.296,-1.429,-0.002,0.001,257.821,258.451,257.755
1780996146.580595,-1.972,-1.786,-0.003,0.001,257.55,258.595,257.885
1780996146.5918,-2.254,-1.143,-0.003,0.002,257.625,258.799,257.609
1780996146.606851,-2.479,-1.5,-0.003,0.001,257.495,258.783,257.755
1780996146.621584,-2.93,-1.643,-0.004,0.001,257.347,258.885,257.804
1780996146.636663,-3.549,-1.357,-0.005,0.001,257.225,259.138,257.68
1780996146.6485262,-3.944,-1.214,-0.005,0.002,257.144,259.28,257.623
1780996146.6635158,-4.0,-0.357,-0.005,0.003,257.32,259.449,257.283
1780996146.678584,-4.0,-0.286,-0.005,0.003,257.355,259.415,257.28
1780996146.6899068,-4.056,-0.214,-0.005,0.003,257.362,259.415,257.273
1780996146.704552,-4.451,0.5,-0.006,0.004,257.378,259.665,257.018
1780996146.719549,-4.845,1.214,-0.006,0.005,257.393,259.917,256.764
1780996146.761966,-4.789,1.071,-0.006,0.005,257.389,259.831,256.849
1780996146.762402,-4.958,2.071,-0.006,0.007,257.533,260.063,256.487
1780996146.762722,-5.296,2.643,-0.007,0.007,257.525,260.259,256.312
1780996146.775717,-5.521,3.071,-0.007,0.008,257.527,260.381,256.196
1780996146.786863,-5.746,3.786,-0.007,0.009,257.589,260.584,255.948
1780996146.801854,-5.746,4.286,-0.007,0.01,257.677,260.64,255.811
1780996146.8168309,-5.746,5.071,-0.007,0.011,257.82,260.756,255.567
1780996146.82866,-5.746,5.786,-0.007,0.012,257.943,260.862,255.352
1780996146.843759,-5.803,6.214,-0.007,0.012,257.986,260.931,255.248
1780996146.8588219,-5.746,6.0,-0.007,0.012,257.947,260.841,255.367
1780996146.870059,-5.352,5.929,-0.006,0.011,258.052,260.653,255.438
1780996146.8851998,-5.859,6.357,-0.007,0.012,257.944,260.916,255.302
1780996146.899956,-5.915,6.786,-0.007,0.013,258.0,261.005,255.168
1780996146.911089,-5.746,6.786,-0.007,0.012,258.052,260.926,255.19
1780996146.9262269,-6.028,7.0,-0.007,0.013,257.985,261.064,255.13
1780996146.941185,-5.746,6.857,-0.007,0.012,258.045,260.913,255.209
1780996146.9817548,-5.521,6.929,-0.007,0.012,258.129,260.844,255.191
1780996146.9821792,-5.183,6.571,-0.006,0.012,258.164,260.653,255.331
1780996146.982881,-5.239,6.429,-0.006,0.012,258.109,260.653,255.383
1780996146.997996,-4.901,5.929,-0.006,0.011,258.119,260.438,255.571
1780996147.0091891,-4.732,5.786,-0.005,0.011,258.144,260.374,255.606
1780996147.024113,-4.62,5.214,-0.005,0.01,258.065,260.239,255.806
1780996147.039144,-4.62,5.214,-0.005,0.01,258.062,260.26,255.79
1780996147.050286,-4.282,4.786,-0.005,0.009,258.091,260.068,255.94
1780996147.0653791,-4.225,4.5,-0.005,0.009,258.048,260.021,256.025
1780996147.08047,-4.0,4.071,-0.005,0.008,258.038,259.883,256.164
1780996147.091448,-3.493,3.857,-0.004,0.008,258.176,259.678,256.223
1780996147.106554,-3.268,3.429,-0.003,0.007,258.166,259.521,256.381
1780996147.1215491,-2.986,2.857,-0.003,0.006,258.145,259.351,256.563
1780996147.133238,-2.873,2.357,-0.003,0.006,258.078,259.265,256.71
1780996147.148441,-2.423,1.786,-0.002,0.005,258.118,259.037,256.889
1780996147.163393,-2.085,1.643,-0.002,0.005,258.207,258.922,256.914
1780996147.205142,-1.746,1.0,-0.001,0.004,258.193,258.721,257.122
1780996147.205557,-1.972,1.143,-0.002,0.004,258.139,258.883,257.018
1780996147.205886,-1.634,0.857,-0.001,0.004,258.199,258.743,257.095
1780996147.2195241,-1.07,0.786,-0.0,0.004,258.381,258.553,257.101
1780996147.2307131,-0.845,0.0,-0.0,0.003,258.292,258.359,257.379
1780996147.245574,-0.62,0.0,0.0,0.003,258.362,258.33,257.338
1780996147.2605178,-0.225,-0.571,0.001,0.002,258.366,258.123,257.539
1780996147.271735,0.451,-0.714,0.002,0.002,258.569,257.89,257.57
1780996147.2865868,0.507,-0.714,0.002,0.002,258.566,257.924,257.539
1780996147.301773,0.507,-1.071,0.001,0.002,258.474,257.897,257.657
1780996147.313643,1.183,-0.929,0.002,0.002,258.731,257.727,257.574
1780996147.328544,1.127,-1.429,0.002,0.001,258.595,257.672,257.762
1780996147.343415,1.408,-1.5,0.003,0.001,258.668,257.594,257.768
1780996147.3548312,1.746,-1.357,0.003,0.001,258.806,257.539,257.689
1780996147.369823,1.803,-1.571,0.003,0.001,258.768,257.506,257.759
1780996147.381003,1.972,-1.5,0.003,0.001,258.832,257.48,257.722
1780996147.422513,2.366,-1.429,0.004,0.001,258.965,257.386,257.685
1780996147.4229498,2.761,-1.357,0.004,0.002,259.097,257.292,257.651
1780996147.423296,2.93,-1.0,0.005,0.002,259.204,257.334,257.506
1780996147.436954,2.986,-0.857,0.005,0.002,259.238,257.352,257.454
1780996147.451778,2.93,-0.786,0.004,0.002,259.209,257.4,257.435
1780996147.463507,3.042,-0.571,0.005,0.003,259.274,257.414,257.358
1780996147.47838,3.042,-0.571,0.005,0.003,259.251,257.422,257.373
1780996147.493391,3.324,-0.286,0.005,0.003,259.4,257.38,257.269
1780996147.5045571,3.324,0.071,0.005,0.004,259.452,257.452,257.148
1780996147.519624,3.493,0.571,0.005,0.005,259.593,257.491,256.975
1780996147.5347729,3.38,0.929,0.005,0.005,259.605,257.596,256.859
1780996147.54615,3.493,1.0,0.005,0.005,259.648,257.563,256.85
1780996147.560987,3.718,1.357,0.005,0.006,259.779,257.55,256.739
1780996147.57201,3.493,1.643,0.005,0.006,259.737,257.679,256.652
1780996147.587051,3.662,1.857,0.005,0.006,259.831,257.653,256.589
1780996147.6021929,3.493,2.429,0.005,0.007,259.868,257.813,256.397
1780996147.6414452,3.493,2.929,0.005,0.008,259.954,257.896,256.235
1780996147.641866,3.38,2.857,0.005,0.007,259.878,257.903,256.299
1780996147.643914,3.268,3.429,0.005,0.008,259.945,258.048,256.096
1780996147.65505,3.324,3.786,0.005,0.009,260.025,258.079,255.991
1780996147.669944,3.38,4.0,0.005,0.009,260.076,258.078,255.946
1780996147.6811311,3.042,4.214,0.004,0.009,259.98,258.218,255.9
1780996147.696217,3.099,4.929,0.004,0.01,260.145,258.328,255.641
1780996147.7112808,2.93,5.0,0.004,0.01,260.086,258.372,255.654
1780996147.723077,2.704,5.5,0.004,0.011,260.102,258.53,255.489
1780996147.737365,2.761,5.357,0.004,0.011,260.088,258.461,255.567
1780996147.752367,2.479,5.429,0.004,0.011,259.996,258.552,255.566
1780996147.764208,2.254,5.571,0.003,0.011,259.946,258.631,255.536
1780996147.7793128,1.972,6.071,0.003,0.012,259.954,258.806,255.364
1780996147.790498,1.746,6.0,0.002,0.011,259.861,258.849,255.409
1780996147.805312,1.577,6.357,0.002,0.012,259.881,258.953,255.292
1780996147.8203561,1.296,6.357,0.002,0.012,259.787,259.025,255.312
1780996147.8629272,1.127,6.5,0.002,0.012,259.768,259.096,255.264
1780996147.86331,0.563,6.214,0.001,0.012,259.52,259.214,255.383
1780996147.863648,0.282,6.071,0.0,0.011,259.412,259.255,255.445
1780996147.873153,0.282,6.143,0.001,0.011,259.455,259.245,255.415
1780996147.8882189,-0.113,5.786,-0.0,0.011,259.254,259.299,255.552
1780996147.903166,-0.789,6.071,-0.001,0.011,259.099,259.574,255.44
1780996147.914304,-0.958,5.714,-0.001,0.011,259.003,259.525,255.576
1780996147.929348,-1.07,5.357,-0.001,0.01,258.924,259.47,255.703
1780996147.944511,-1.521,5.071,-0.002,0.01,258.728,259.563,255.801
1780996147.95564,-1.634,4.857,-0.002,0.009,258.687,259.534,255.867
1780996147.970594,-2.254,4.714,-0.003,0.009,258.481,259.707,255.902
1780996147.985642,-2.704,4.429,-0.004,0.009,258.308,259.791,255.99
1780996147.996993,-2.535,3.857,-0.003,0.008,258.296,259.592,256.189
1780996148.0119371,-2.704,3.643,-0.003,0.008,258.22,259.601,256.253
1780996148.026897,-3.042,3.357,-0.004,0.007,258.082,259.655,256.335
1780996148.038815,-2.93,2.929,-0.004,0.007,258.071,259.519,256.474
1780996148.082051,-3.437,2.286,-0.004,0.006,257.799,259.569,256.693
1780996148.082519,-3.268,2.0,-0.004,0.005,257.817,259.449,256.79
1780996148.083061,-3.775,1.5,-0.005,0.005,257.571,259.532,256.953
1780996148.094369,-3.887,1.357,-0.005,0.005,257.538,259.545,256.974
1780996148.109319,-4.056,0.857,-0.005,0.004,257.428,259.504,257.123
1780996148.1244001,-4.169,0.357,-0.005,0.003,257.317,259.444,257.29
1780996148.1356008,-4.0,0.571,-0.005,0.004,257.458,259.437,257.156
1780996148.15072,-4.282,0.071,-0.005,0.003,257.29,259.436,257.325
1780996148.165636,-4.62,0.143,-0.006,0.003,257.222,259.574,257.26
1780996148.1767628,-4.958,-0.357,-0.006,0.002,257.036,259.589,257.433
1780996148.1918988,-5.07,-0.357,-0.006,0.003,257.021,259.629,257.409
1780996148.206718,-5.014,-0.714,-0.006,0.002,257.003,259.528,257.525
1780996148.221847,-5.296,-0.714,-0.007,0.002,256.931,259.632,257.497
1780996148.233496,-5.127,-0.643,-0.006,0.002,257.028,259.581,257.448
1780996148.248534,-5.183,-0.714,-0.006,0.002,257.005,259.588,257.465
1780996148.263641,-5.183,-0.857,-0.006,0.002,256.991,259.557,257.509
1780996148.299096,-5.239,-1.0,-0.006,0.002,256.949,259.551,257.557
1780996148.299542,-5.296,-1.0,-0.007,0.002,256.938,259.579,257.541
1780996148.304738,-5.07,-1.143,-0.006,0.002,256.994,259.472,257.588
1780996148.319696,-5.183,-1.0,-0.006,0.002,256.984,259.548,257.525
1780996148.330973,-4.958,-0.929,-0.006,0.002,257.08,259.482,257.491
1780996148.346019,-4.845,-0.857,-0.006,0.002,257.128,259.462,257.462
1780996148.361003,-4.958,-0.786,-0.006,0.002,257.096,259.521,257.438
1780996148.372158,-4.845,-0.143,-0.006,0.004,257.254,259.617,257.187
1780996148.38708,-4.507,0.0,-0.005,0.004,257.389,259.523,257.142
1780996148.402122,-4.451,0.143,-0.005,0.004,257.417,259.536,257.103
1780996148.417005,-4.0,0.5,-0.005,0.004,257.621,259.453,256.98
1780996148.42896,-3.775,0.714,-0.004,0.005,257.718,259.422,256.913
1780996148.443844,-3.662,1.214,-0.004,0.006,257.827,259.488,256.744
1780996148.4588149,-3.324,1.571,-0.004,0.006,258.007,259.44,256.612
1780996148.470058,-3.268,1.929,-0.004,0.007,258.056,259.497,256.511
1780996148.484993,-3.211,2.143,-0.004,0.007,258.079,259.52,256.466
1780996148.5277371,-2.93,2.643,-0.003,0.007,258.245,259.52,256.306
1780996148.528237,-2.761,2.929,-0.003,0.008,258.338,259.516,256.219
1780996148.528578,-2.761,3.071,-0.003,0.008,258.331,259.545,256.198
1780996148.541031,-2.592,3.857,-0.003,0.009,258.515,259.646,255.926
1780996148.5522392,-2.254,4.429,-0.002,0.01,258.715,259.638,255.744
1780996148.567172,-2.31,4.643,-0.002,0.01,258.709,259.698,255.693
1780996148.5822499,-2.31,5.143,-0.002,0.011,258.771,259.796,255.543
1780996148.5939999,-1.972,5.0,-0.002,0.01,258.826,259.641,255.636
1780996148.609068,-1.521,5.286,-0.001,0.011,259.01,259.54,255.556
1780996148.6241071,-1.07,4.929,-0.001,0.01,259.065,259.309,255.721
1780996148.639091,-0.845,5.357,-0.0,0.011,259.214,259.331,255.559
1780996148.650251,-0.845,5.429,-0.0,0.011,259.198,259.359,255.548
1780996148.665344,-0.845,5.214,-0.0,0.01,259.127,259.327,255.645
1780996148.680276,-0.845,5.786,-0.001,0.011,259.227,259.456,255.431
1780996148.6914508,-0.62,5.786,-0.0,0.011,259.296,259.375,255.441
1780996148.7065291,-0.507,5.857,-0.0,0.011,259.33,259.354,255.429
1780996148.749127,0.0,5.5,0.001,0.011,259.412,259.114,255.578
1780996148.749581,0.056,5.571,0.001,0.011,259.427,259.135,255.544
1780996148.749901,0.169,5.286,0.001,0.01,259.397,259.045,255.657
1780996148.759121,0.338,5.143,0.001,0.01,259.417,258.974,255.705
1780996148.774199,0.507,5.071,0.001,0.01,259.45,258.923,255.722
1780996148.789265,0.676,5.0,0.002,0.01,259.489,258.866,255.74
1780996148.800215,0.732,4.786,0.002,0.01,259.456,258.817,255.817
1780996148.815509,1.127,4.571,0.002,0.009,259.546,258.654,255.888
1780996148.830324,1.07,4.643,0.002,0.01,259.528,258.713,255.849
1780996148.841714,1.127,4.429,0.002,0.009,259.5,258.664,255.922
1780996148.85649,1.127,4.0,0.002,0.008,259.401,258.601,256.075
1780996148.868473,1.352,3.929,0.002,0.008,259.466,258.527,256.084
1780996148.8834171,1.239,3.429,0.002,0.008,259.321,258.489,256.259
1780996148.89839,1.465,3.429,0.002,0.008,259.408,258.422,256.241
1780996148.909761,1.408,2.857,0.002,0.007,259.273,258.347,256.44
1780996148.924564,1.465,2.571,0.002,0.007,259.247,258.291,256.521
1780996148.966366,1.352,2.571,0.002,0.007,259.212,258.346,256.501
1780996148.9667451,1.465,2.286,0.002,0.006,259.203,258.262,256.59
1780996148.967069,1.408,1.5,0.002,0.005,259.027,258.135,256.883
1780996148.9766989,1.408,1.429,0.002,0.005,259.03,258.145,256.87
1780996148.991734,1.577,1.429,0.002,0.005,259.104,258.093,256.85
1780996149.006722,1.803,1.214,0.003,0.005,259.153,257.994,256.9
1780996149.018443,1.859,0.786,0.003,0.004,259.089,257.906,257.048
1780996149.033366,1.972,0.5,0.003,0.004,259.08,257.827,257.135
1780996149.0484831,1.915,0.786,0.003,0.004,259.122,257.921,257.002
1780996149.059686,1.859,0.286,0.003,0.004,259.001,257.858,257.18
1780996149.074511,1.915,0.5,0.003,0.004,259.071,257.896,257.075
1780996149.085879,1.915,0.714,0.003,0.004,259.119,257.945,256.98
1780996149.100804,1.746,0.714,0.003,0.005,259.062,258.007,256.975
1780996149.115884,1.69,0.429,0.003,0.004,258.99,257.967,257.084
1780996149.1268322,1.915,0.643,0.003,0.004,259.122,257.933,256.99
1780996149.141718,1.69,0.357,0.003,0.004,258.983,257.956,257.1
1780996149.182913,1.521,0.357,0.002,0.004,258.925,258.017,257.097
1780996149.183381,1.69,0.571,0.003,0.004,259.038,258.001,257.004
1780996149.183695,1.746,0.429,0.003,0.004,259.034,257.955,257.053
1780996149.1946182,1.577,0.071,0.002,0.004,258.906,257.939,257.192
1780996149.2096598,1.465,-0.071,0.002,0.003,258.846,257.952,257.237
1780996149.2246048,1.239,0.286,0.002,0.004,258.851,258.101,257.086
1780996149.235821,1.408,0.143,0.002,0.004,258.891,258.007,257.14
1780996149.250769,1.07,-0.214,0.002,0.003,258.709,258.051,257.274
1780996149.266023,1.014,0.357,0.002,0.004,258.819,258.181,257.039
1780996149.27689,0.62,0.0,0.001,0.004,258.613,258.236,257.185
1780996149.2918558,0.789,-0.214,0.001,0.003,258.641,258.123,257.269
1780996149.3068779,0.338,0.071,0.001,0.004,258.557,258.329,257.148
1780996149.318866,0.282,0.143,0.001,0.004,258.567,258.348,257.121
1780996149.3337111,0.113,0.214,0.0,0.004,258.528,258.412,257.095
1780996149.34514,-0.056,0.571,0.0,0.005,258.554,258.53,256.956
1780996149.359977,-0.113,0.429,0.0,0.004,258.513,258.503,257.022
1780996149.4009778,-0.169,0.5,-0.0,0.004,258.517,258.523,256.998
1780996149.40132,-0.451,0.643,-0.0,0.005,258.453,258.641,256.946
1780996149.4016798,-0.676,0.929,-0.001,0.005,258.442,258.759,256.842
1780996149.415701,-0.789,0.857,-0.001,0.005,258.403,258.764,256.876
1780996149.430815,-1.07,1.071,-0.001,0.005,258.355,258.894,256.796
1780996149.441955,-1.634,1.214,-0.002,0.006,258.198,259.106,256.746
1780996149.457026,-1.859,1.357,-0.002,0.006,258.165,259.178,256.708
1780996149.471945,-1.634,1.286,-0.002,0.005,258.246,259.05,256.753
1780996149.4837298,-1.634,1.5,-0.002,0.006,258.298,259.072,256.681
1780996149.4989078,-1.634,1.286,-0.002,0.005,258.259,259.01,256.779
1780996149.513799,-1.408,1.929,-0.001,0.006,258.471,259.056,256.528
1780996149.524983,-1.803,1.643,-0.002,0.006,258.266,259.128,256.658
1780996149.540128,-2.028,2.143,-0.002,0.007,258.296,259.298,256.466
1780996149.554956,-2.366,2.5,-0.003,0.007,258.249,259.471,256.348
1780996149.566241,-2.535,2.643,-0.003,0.007,258.22,259.543,256.307
1780996149.581355,-2.648,3.143,-0.003,0.008,258.29,259.655,256.135
1780996149.624736,-2.873,3.286,-0.004,0.008,258.242,259.733,256.108
1780996149.625182,-2.93,3.5,-0.004,0.009,258.269,259.768,256.049
1780996149.6255271,-3.099,3.643,-0.004,0.009,258.238,259.841,256.011
1780996149.637217,-3.38,3.571,-0.004,0.009,258.123,259.905,256.06
1780996149.652135,-3.155,3.571,-0.004,0.009,258.211,259.802,256.072
1780996149.664008,-3.324,4.0,-0.004,0.009,258.24,259.94,255.916
1780996149.679007,-3.662,3.929,-0.005,0.009,258.11,260.028,255.959
1780996149.6937652,-3.606,4.286,-0.005,0.01,258.211,260.068,255.824
1780996149.704776,-3.775,3.857,-0.005,0.009,258.067,260.024,256.004
1780996149.719997,-4.056,4.071,-0.005,0.009,258.016,260.158,255.928
1780996149.7349892,-3.944,4.429,-0.005,0.01,258.136,260.171,255.8
1780996149.746315,-4.225,4.429,-0.005,0.01,258.037,260.264,255.81
1780996149.761152,-4.0,4.071,-0.005,0.009,258.051,260.091,255.957
1780996149.7760599,-3.944,4.357,-0.005,0.01,258.138,260.118,255.848
1780996149.78739,-4.169,4.429,-0.005,0.01,258.074,260.207,255.827
1780996149.802366,-3.944,4.286,-0.005,0.009,258.127,260.087,255.887
1780996149.8463402,-3.887,4.571,-0.005,0.01,258.203,260.124,255.78
1780996149.84675,-4.0,4.071,-0.005,0.009,258.06,260.06,255.977
1780996149.847094,-3.549,4.429,-0.004,0.01,258.294,259.972,255.833
1780996149.858918,-3.775,3.857,-0.005,0.009,258.092,259.943,256.056
1780996149.8739,-3.493,3.929,-0.004,0.009,258.206,259.861,256.022
1780996149.8851929,-3.662,3.714,-0.004,0.008,258.101,259.887,256.099
1780996149.900127,-3.38,3.643,-0.004,0.008,258.184,259.782,256.117
1780996149.915052,-3.155,3.857,-0.004,0.009,258.302,259.76,256.024
1780996149.926377,-3.155,3.429,-0.004,0.008,258.208,259.68,256.19
1780996149.941483,-3.38,3.571,-0.004,0.008,258.151,259.814,256.12
1780996149.9564888,-3.099,3.357,-0.004,0.008,258.205,259.674,256.199
1780996149.968271,-3.042,3.429,-0.004,0.008,258.236,259.685,256.158
1780996149.983169,-2.93,3.429,-0.003,0.008,258.273,259.652,256.154
1780996149.9983559,-2.704,2.857,-0.003,0.007,258.232,259.469,256.366
1780996150.009542,-2.423,2.857,-0.003,0.007,258.326,259.39,256.351
1780996150.024466,-2.423,2.571,-0.003,0.007,258.262,259.352,256.448
1780996150.0671942,-2.197,2.5,-0.002,0.007,258.326,259.278,256.457
1780996150.0675929,-2.141,2.357,-0.002,0.007,258.314,259.24,256.504
1780996150.067916,-1.859,1.929,-0.002,0.006,258.322,259.071,256.659
1780996150.08044,-1.69,1.786,-0.002,0.006,258.347,259.016,256.687
1780996150.095488,-1.69,1.786,-0.002,0.006,258.342,259.043,256.666
1780996150.106451,-1.577,1.929,-0.002,0.006,258.408,259.049,256.596
1780996150.121248,-1.803,1.5,-0.002,0.005,258.238,259.058,256.753
1780996150.136417,-1.07,1.571,-0.001,0.006,258.512,258.826,256.71
1780996150.148118,-1.127,1.357,-0.001,0.005,258.439,258.827,256.78
1780996150.163195,-0.789,1.214,-0.0,0.005,258.525,258.694,256.824
1780996150.178105,-0.563,1.071,-0.0,0.005,258.562,258.615,256.865
1780996150.189387,-0.113,0.857,0.001,0.005,258.664,258.44,256.936
1780996150.204393,0.0,0.357,0.001,0.004,258.59,258.328,257.118
1780996150.219282,0.113,0.357,0.001,0.004,258.625,258.31,257.101
1780996150.2305338,0.113,0.143,0.001,0.004,258.573,258.295,257.166
1780996150.245503,0.169,0.071,0.001,0.004,258.575,258.285,257.174
1780996150.2866728,0.451,-0.571,0.001,0.003,258.538,258.083,257.409
1780996150.2870688,0.507,-0.786,0.001,0.002,258.512,258.041,257.477
1780996150.287408,0.676,-0.429,0.001,0.003,258.643,258.078,257.312
1780996150.298304,0.901,-0.643,0.002,0.003,258.675,257.975,257.382
1780996150.313272,0.789,-0.5,0.001,0.003,258.654,258.065,257.314
1780996150.328362,0.789,0.0,0.001,0.004,258.751,258.177,257.108
1780996150.339485,1.07,-0.214,0.002,0.004,258.795,258.043,257.197
1780996150.354389,1.239,0.143,0.002,0.004,258.912,258.068,257.06
1780996150.369579,1.296,0.5,0.002,0.005,258.989,258.13,256.924
1780996150.380712,1.634,0.357,0.003,0.004,259.068,257.984,256.991
1780996150.3957472,1.352,0.357,0.002,0.004,258.945,258.094,257.003
1780996150.410731,1.521,0.5,0.002,0.005,259.023,258.063,256.958
1780996150.4220679,1.746,0.786,0.003,0.005,259.152,258.042,256.854
1780996150.436906,1.465,1.143,0.002,0.006,259.109,258.217,256.724
1780996150.4487848,1.69,1.143,0.003,0.006,259.176,258.134,256.741
1780996150.4636421,1.746,1.357,0.003,0.006,259.228,258.154,256.671
1780996150.510931,1.465,1.357,0.002,0.006,259.117,258.251,256.683
1780996150.511449,1.577,1.429,0.002,0.006,259.163,258.22,256.67
1780996150.511689,1.577,2.0,0.002,0.007,259.275,258.328,256.458
1780996150.52059,1.296,2.214,0.002,0.007,259.209,258.458,256.396
1780996150.5312378,1.972,2.143,0.003,0.007,259.431,258.189,256.444
1780996150.546305,1.352,2.714,0.002,0.008,259.313,258.516,256.239
1780996150.557993,1.352,2.5,0.002,0.007,259.267,258.458,256.34
1780996150.574079,1.296,2.643,0.002,0.008,259.267,258.504,256.295
1780996150.588253,1.465,2.929,0.002,0.008,259.379,258.488,256.204
1780996150.5991628,1.239,3.429,0.002,0.009,259.395,258.66,256.024
1780996150.6143591,1.07,3.429,0.002,0.009,259.327,258.704,256.047
1780996150.629132,1.239,3.929,0.002,0.009,259.487,258.734,255.867
1780996150.640329,1.183,3.786,0.002,0.009,259.426,258.706,255.952
1780996150.6552389,0.789,3.786,0.001,0.009,259.277,258.836,255.968
1780996150.666573,0.789,3.929,0.001,0.009,259.306,258.853,255.925
1780996150.6814451,0.958,4.214,0.001,0.01,259.428,258.84,255.821
1780996150.718962,0.62,4.429,0.001,0.01,259.346,258.993,255.753
1780996150.7193012,0.563,4.357,0.001,0.01,259.317,258.981,255.792
1780996150.7230709,0.563,4.429,0.001,0.01,259.334,258.984,255.774
1780996150.73807,0.451,4.5,0.001,0.01,259.311,259.024,255.757
1780996150.7492108,0.451,4.5,0.001,0.01,259.316,259.006,255.769
1780996150.764182,0.451,4.429,0.001,0.01,259.301,258.981,255.808
1780996150.7752562,0.169,4.357,0.0,0.01,259.188,259.062,255.837
1780996150.790418,-0.113,4.214,-0.0,0.009,259.071,259.117,255.896
1780996150.805355,-0.169,4.643,-0.0,0.01,259.156,259.215,255.724
1780996150.816431,0.0,4.0,0.0,0.009,259.091,259.01,255.978
1780996150.8312268,-0.282,3.857,-0.0,0.009,258.964,259.082,256.031
1780996150.84609,-0.394,4.286,-0.0,0.009,259.019,259.21,255.857
1780996150.857179,-0.394,4.286,-0.0,0.009,259.019,259.21,255.857
1780996150.872025,-0.394,4.286,-0.0,0.009,259.019,259.21,255.857
1780996150.886901,-0.394,4.286,-0.0,0.009,259.019,259.21,255.857
1780996150.9014359,-0.394,4.286,-0.0,0.009,259.019,259.21,255.857
1780996150.936686,-0.394,4.286,-0.0,0.009,259.019,259.21,255.857
1780996150.9370298,-0.394,4.286,-0.0,0.009,259.019,259.21,255.857
1780996150.942967,-1.408,2.071,-0.002,0.003,257.908,258.738,257.386
1780996150.954033,-1.408,1.357,-0.002,0.001,257.768,258.587,257.675
1780996150.9689212,-1.352,0.786,-0.002,0.001,257.699,258.447,257.881
1780996150.98415,-1.521,0.429,-0.002,0.0,257.586,258.44,258.003
1780996150.995407,-1.634,-0.357,-0.002,-0.001,257.42,258.326,258.284
1780996151.0102952,-1.634,-0.571,-0.002,-0.001,257.408,258.299,258.323
1780996151.025438,-1.521,-0.786,-0.002,-0.002,257.43,258.231,258.369
1780996151.0403662,-1.69,-0.643,-0.002,-0.001,257.418,258.334,258.278
1780996151.0516322,-1.577,-1.0,-0.002,-0.002,257.397,258.227,258.405
1780996151.066575,-1.521,-0.857,-0.002,-0.001,257.46,258.248,258.321
1780996151.081572,-1.634,-0.786,-0.002,-0.001,257.441,258.313,258.274
1780996151.096889,-1.521,-0.643,-0.002,-0.001,257.515,258.306,258.207
1780996151.109865,-1.521,-0.5,-0.002,-0.001,257.543,258.336,258.149
1780996151.123612,-1.465,-0.214,-0.002,-0.0,257.619,258.372,258.036
1780996151.163002,-1.521,-0.143,-0.002,-0.0,257.608,258.406,258.013
1780996151.1633668,-1.465,0.071,-0.002,0.0,257.664,258.426,257.937
1780996151.1643882,-1.746,0.786,-0.002,0.001,257.7,258.66,257.67
1780996151.179439,-1.69,0.929,-0.002,0.002,257.74,258.651,257.639
1780996151.194397,-1.634,1.286,-0.002,0.002,257.822,258.694,257.515
1780996151.205385,-1.408,1.786,-0.002,0.003,257.983,258.698,257.352
1780996151.220021,-1.408,1.786,-0.002,0.003,257.983,258.698,257.352
1780996151.234835,-1.408,1.786,-0.002,0.003,257.983,258.698,257.352
1780996151.24603,-1.408,1.786,-0.002,0.003,257.983,258.698,257.352
1780996151.260475,-1.408,1.786,-0.002,0.003,257.983,258.698,257.352
1780996151.275145,-1.408,1.786,-0.002,0.003,257.983,258.698,257.352
1780996151.286355,-0.056,3.929,0.001,0.007,258.895,258.652,256.508
1780996151.301162,-0.282,4.357,0.0,0.007,258.872,258.818,256.37
1780996151.31603,0.0,4.857,0.001,0.008,259.018,258.81,256.239
1780996151.327272,0.394,6.071,0.001,0.009,259.327,258.899,255.861
1780996151.342199,0.225,6.071,0.001,0.009,259.211,258.948,255.923
1780996151.3823402,0.451,6.571,0.001,0.01,259.327,258.949,255.813
1780996151.382752,0.62,7.214,0.001,0.01,259.464,259.004,255.633
1780996151.383714,0.732,7.357,0.001,0.01,259.484,258.977,255.639
1780996151.395052,0.563,7.286,0.001,0.01,259.378,259.017,255.701
1780996151.4100559,0.958,7.5,0.002,0.01,259.529,258.907,255.664
1780996151.425055,0.958,7.857,0.001,0.011,259.57,258.977,255.559
1780996151.43619,1.465,8.357,0.002,0.012,259.836,258.894,255.39
1780996151.4510772,1.239,8.714,0.002,0.012,259.792,259.043,255.291
1780996151.4663339,1.352,8.857,0.002,0.012,259.833,259.025,255.27
1780996151.478063,1.296,9.071,0.002,0.012,259.829,259.081,255.22
1780996151.4931278,1.296,8.929,0.002,0.012,259.785,259.046,255.294
1780996151.504355,1.296,9.214,0.002,0.012,259.831,259.101,255.2
1780996151.519391,1.127,8.786,0.001,0.012,259.668,259.066,255.384
1780996151.534257,1.296,9.286,0.002,0.012,259.826,259.105,255.201
1780996151.54579,1.352,9.071,0.002,0.012,259.795,259.037,255.293
1780996151.560609,1.127,9.214,0.001,0.012,259.737,259.145,255.246
1780996151.602933,1.296,9.214,0.002,0.012,259.796,259.081,255.251
1780996151.6033092,1.183,9.071,0.002,0.012,259.723,259.094,255.307
1780996151.603643,1.014,9.0,0.001,0.012,259.652,259.139,255.331
1780996151.613416,0.958,8.643,0.001,0.011,259.561,259.085,255.466
1780996151.628463,0.901,8.429,0.001,0.011,259.505,259.062,255.539
1780996151.6434848,0.958,8.5,0.001,0.011,259.549,259.058,255.503
1780996151.654602,1.07,7.857,0.001,0.01,259.467,258.893,255.735
1780996151.6697202,0.845,7.786,0.001,0.01,259.389,258.969,255.736
1780996151.684814,0.901,7.143,0.001,0.009,259.297,258.825,255.959
1780996151.696128,0.732,7.0,0.001,0.009,259.222,258.863,255.994
1780996151.7109241,0.394,6.143,0.0,0.008,258.952,258.818,256.293
1780996151.7222028,0.282,6.0,0.0,0.007,258.916,258.84,256.307
1780996151.737043,0.169,5.643,0.0,0.007,258.824,258.812,256.422
1780996151.751895,-0.225,5.786,-0.001,0.007,258.747,258.994,256.322
1780996151.7638988,-0.338,4.929,-0.001,0.006,258.567,258.858,256.625
1780996151.7787971,-0.394,4.5,-0.001,0.006,258.496,258.803,256.747
1780996151.823232,-0.394,4.429,-0.001,0.006,258.502,258.795,256.749
1780996151.823593,-0.563,4.357,-0.001,0.005,258.437,258.843,256.765
1780996151.823911,-0.563,4.357,-0.001,0.005,258.437,258.843,256.765
1780996151.833923,-0.563,4.357,-0.001,0.005,258.437,258.843,256.765
1780996151.8488278,-1.521,3.5,-0.003,0.004,257.955,259.007,257.078
1780996151.8599648,-1.577,2.857,-0.003,0.003,257.826,258.891,257.319
1780996151.87502,-1.746,2.429,-0.003,0.003,257.741,258.862,257.432
1780996151.889987,-1.577,2.214,-0.002,0.002,257.812,258.767,257.455
1780996151.901246,-1.521,2.0,-0.002,0.002,257.819,258.708,257.505
1780996151.9162939,-1.634,1.786,-0.002,0.002,257.77,258.713,257.548
1780996151.9312398,-1.521,1.5,-0.002,0.002,257.783,258.622,257.625
1780996151.943121,-1.803,1.429,-0.003,0.002,257.693,258.719,257.62
1780996151.958247,-1.69,1.214,-0.002,0.001,257.707,258.639,257.684
1780996151.973124,-1.915,1.143,-0.003,0.001,257.629,258.714,257.687
1780996151.9841988,-1.803,1.0,-0.002,0.001,257.66,258.65,257.72
1780996151.999159,-1.859,1.0,-0.003,0.001,257.658,258.673,257.699
1780996152.0440478,-1.915,0.929,-0.003,0.001,257.636,258.686,257.709
1780996152.04451,-1.408,0.929,-0.002,0.001,257.823,258.506,257.699
1780996152.0448442,-1.408,0.714,-0.002,0.001,257.778,258.481,257.769
1780996152.055416,-1.239,0.571,-0.001,0.001,257.807,258.405,257.815
1780996152.070411,-0.676,0.643,-0.001,0.001,258.017,258.236,257.773
1780996152.081579,-0.901,0.571,-0.001,0.001,257.918,258.314,257.794
1780996152.096523,-0.789,0.571,-0.001,0.001,257.949,258.29,257.787
1780996152.11142,-0.845,0.5,-0.001,0.001,257.904,258.309,257.813
1780996152.123153,-0.451,0.643,-0.0,0.001,258.065,258.212,257.748
1780996152.1382642,-0.169,0.5,0.0,0.001,258.125,258.092,257.808
1780996152.15344,-0.451,0.786,-0.0,0.001,258.071,258.267,257.688
1780996152.1645398,-0.113,0.857,0.0,0.001,258.19,258.172,257.664
1780996152.179731,-0.113,0.929,-0.0,0.002,258.191,258.194,257.642
1780996152.194519,0.338,1.071,0.001,0.002,258.36,258.073,257.595
1780996152.205693,0.338,1.429,0.001,0.002,258.417,258.153,257.459
1780996152.2207181,0.282,1.714,0.0,0.003,258.433,258.237,257.361
1780996152.263817,0.338,2.357,0.001,0.004,258.563,258.347,257.125
1780996152.264229,0.62,2.714,0.001,0.004,258.718,258.314,257.007
1780996152.26458,0.338,2.929,0.0,0.005,258.635,258.451,256.954
1780996152.273524,0.62,3.714,0.001,0.006,258.871,258.5,256.678
1780996152.2886279,0.676,3.714,0.001,0.006,258.863,258.467,256.718
1780996152.303543,0.563,3.786,0.001,0.006,258.82,258.514,256.713
1780996152.314728,0.563,4.643,0.001,0.007,258.976,258.678,256.405
1780996152.329615,0.563,4.571,0.001,0.007,258.934,258.647,256.475
1780996152.3446772,0.563,5.0,0.001,0.007,259.01,258.725,256.327
1780996152.355813,0.507,5.714,0.001,0.008,259.114,258.873,256.087
1780996152.3708422,0.845,6.071,0.001,0.009,259.286,258.805,255.989
1780996152.3822641,0.676,6.786,0.001,0.01,259.353,258.995,255.746
1780996152.397182,0.732,6.714,0.001,0.01,259.342,258.945,255.803
1780996152.412069,0.789,6.857,0.001,0.01,259.376,258.934,255.781
1780996152.423927,0.789,7.214,0.001,0.01,259.434,258.989,255.675
1780996152.4389892,0.845,7.571,0.001,0.011,259.509,259.023,255.573
1780996152.481523,0.563,7.857,0.001,0.011,259.452,259.171,255.487
1780996152.48192,0.563,8.214,0.001,0.012,259.513,259.225,255.379
1780996152.482236,0.338,8.286,0.0,0.012,259.431,259.302,255.384
1780996152.491132,0.563,8.071,0.001,0.011,259.461,259.163,255.486
1780996152.5061362,0.676,7.929,0.001,0.011,259.463,259.088,255.554
1780996152.521309,0.845,7.643,0.001,0.01,259.456,258.974,255.669
1780996152.533105,0.901,7.714,0.001,0.01,259.487,258.975,255.638
1780996152.54795,0.901,7.5,0.001,0.01,259.441,258.936,255.719
1780996152.563045,0.732,7.071,0.001,0.009,259.293,258.921,255.872
1780996152.574124,0.901,7.0,0.001,0.009,259.344,258.855,255.887
1780996152.589164,0.845,6.857,0.001,0.009,259.296,258.855,255.931
1780996152.600418,0.901,6.786,0.001,0.009,259.308,258.824,255.95
1780996152.615492,0.732,6.571,0.001,0.009,259.208,258.851,256.019
1780996152.6305878,0.789,6.143,0.001,0.008,259.154,258.748,256.169
1780996152.641578,0.732,6.0,0.001,0.008,259.11,258.749,256.209
1780996152.656439,0.676,5.643,0.001,0.007,259.034,258.705,256.324
1780996152.6985002,0.451,5.5,0.0,0.007,258.943,258.767,256.352
1780996152.698931,0.169,5.071,-0.0,0.007,258.775,258.785,256.495
1780996152.6992419,0.451,4.929,0.001,0.006,258.863,258.659,256.532
1780996152.7091331,0.338,4.929,0.0,0.007,258.839,258.71,256.505
1780996152.724025,0.451,4.857,0.001,0.007,258.884,258.663,256.509
1780996152.739006,0.338,4.214,0.0,0.005,258.714,258.573,256.758
1780996152.74996,0.113,4.143,0.0,0.005,258.646,258.646,256.753
1780996152.7651908,-0.169,3.714,-0.0,0.005,258.482,258.666,256.893
1780996152.7798479,-0.056,3.5,-0.0,0.005,258.509,258.588,256.943
1780996152.790852,-0.056,3.5,-0.0,0.005,258.509,258.588,256.943
1780996152.805643,-0.056,3.5,-0.0,0.005,258.509,258.588,256.943
1780996152.820302,-0.056,3.5,-0.0,0.005,258.509,258.588,256.943
1780996152.83133,-0.056,3.5,-0.0,0.005,258.509,258.588,256.943
1780996152.845948,-0.056,3.5,-0.0,0.005,258.509,258.588,256.943
1780996152.8607302,-0.056,3.5,-0.0,0.005,258.509,258.588,256.943
1780996152.8718789,-0.056,3.5,-0.0,0.005,258.509,258.588,256.943
1780996152.915516,-0.451,1.5,-0.001,0.002,258.053,258.329,257.645
1780996152.9158888,-0.789,1.0,-0.001,0.001,257.838,258.349,257.839
1780996152.916211,-0.676,1.357,-0.001,0.001,257.962,258.384,257.681
1780996152.9279969,-0.901,0.857,-0.001,0.001,257.801,258.367,257.858
1780996152.942971,-0.676,0.857,-0.001,0.001,257.899,258.29,257.837
1780996152.9579031,-0.676,0.929,-0.001,0.001,257.928,258.311,257.787
1780996152.969172,-0.563,0.857,-0.001,0.001,257.964,258.26,257.802
1780996152.984148,-0.789,1.0,-0.001,0.001,257.92,258.377,257.729
1780996152.99943,-0.958,1.143,-0.001,0.001,257.896,258.467,257.665
1780996153.010485,-0.732,0.857,-0.001,0.001,257.93,258.325,257.771
1780996153.0255082,-1.07,0.857,-0.002,0.001,257.817,258.444,257.767
1780996153.04054,-1.07,1.214,-0.002,0.002,257.897,258.514,257.617
1780996153.0518138,-1.239,1.357,-0.002,0.002,257.871,258.592,257.567
1780996153.066591,-0.901,1.643,-0.001,0.002,258.05,258.522,257.458
1780996153.0816221,-1.127,1.571,-0.002,0.002,257.957,258.583,257.49
1780996153.093497,-1.577,1.929,-0.002,0.003,257.87,258.803,257.361
1780996153.135846,-1.634,2.5,-0.002,0.004,257.965,258.925,257.149
1780996153.1362119,-1.521,2.643,-0.002,0.004,258.031,258.896,257.112
1780996153.137876,-1.465,3.0,-0.002,0.004,258.122,258.941,256.979
1780996153.1488588,-1.465,2.929,-0.002,0.004,258.092,258.904,257.045
1780996153.16364,-1.465,2.929,-0.002,0.004,258.092,258.904,257.045
1780996153.178358,-1.465,2.929,-0.002,0.004,258.092,258.904,257.045
1780996153.189278,-1.465,2.929,-0.002,0.004,258.092,258.904,257.045
1780996153.204156,-1.465,2.929,-0.002,0.004,258.092,258.904,257.045
1780996153.219295,-0.845,3.929,-0.001,0.006,258.513,258.882,256.654
1780996153.2304928,-0.451,4.571,-0.0,0.007,258.757,258.866,256.434
1780996153.24547,-0.169,4.714,0.0,0.007,258.835,258.787,256.435
1780996153.260414,-0.563,5.214,-0.001,0.008,258.75,259.026,256.289
1780996153.271619,0.113,5.929,0.0,0.009,259.097,258.923,256.055
1780996153.286518,0.394,6.0,0.001,0.009,259.185,258.831,256.06
1780996153.3014941,0.282,5.929,0.001,0.008,259.086,258.854,256.131
1780996153.313453,0.225,6.0,0.0,0.008,259.05,258.889,256.133
1780996153.356666,0.451,6.643,0.001,0.009,259.249,258.937,255.898
1780996153.3570402,0.451,6.643,0.001,0.009,259.222,258.933,255.928
1780996153.357375,0.451,7.0,0.001,0.01,259.272,258.999,255.818
1780996153.369266,0.62,7.357,0.001,0.01,259.384,259.006,255.705
1780996153.3804429,0.676,7.429,0.001,0.01,259.403,258.995,255.698
1780996153.395471,0.676,7.857,0.001,0.011,259.469,259.075,255.561
1780996153.41053,0.62,8.143,0.001,0.011,259.489,259.146,255.476
1780996153.421744,0.789,8.143,0.001,0.011,259.539,259.076,255.494
1780996153.436801,0.789,8.143,0.001,0.011,259.523,259.072,255.514
1780996153.448725,0.789,8.071,0.001,0.011,259.491,259.053,255.561
1780996153.463753,1.352,8.143,0.002,0.011,259.697,258.865,255.546
1780996153.478698,0.901,8.071,0.001,0.011,259.509,259.014,255.581
1780996153.48985,0.958,8.071,0.001,0.011,259.525,258.993,255.586
1780996153.504862,0.845,7.786,0.001,0.01,259.42,258.978,255.698
1780996153.519876,0.901,8.071,0.001,0.011,259.508,259.019,255.577
1780996153.531127,1.014,7.714,0.001,0.01,259.472,258.908,255.717
1780996153.575256,0.901,7.643,0.001,0.01,259.422,258.939,255.733
1780996153.575657,0.789,7.143,0.001,0.009,259.286,258.882,255.916
1780996153.575969,0.732,6.929,0.001,0.009,259.229,258.863,255.988
1780996153.587747,0.451,7.071,0.0,0.009,259.17,259.0,255.913
1780996153.5990689,0.451,6.571,0.0,0.008,259.086,258.898,256.09
1780996153.613909,0.394,6.071,0.0,0.008,258.982,258.818,256.265
1780996153.628907,0.394,6.214,0.0,0.008,259.028,258.851,256.189
1780996153.6401,0.282,5.857,0.0,0.007,258.933,258.824,256.306
1780996153.655125,0.113,5.357,0.0,0.007,258.792,258.792,256.472
1780996153.666306,0.0,5.357,-0.0,0.007,258.776,258.84,256.441
1780996153.681412,-0.056,4.929,-0.0,0.006,258.684,258.773,256.595
1780996153.696258,-0.169,4.429,-0.0,0.005,258.567,258.719,256.759
1780996153.711294,-0.338,4.5,-0.001,0.006,258.544,258.804,256.699
1780996153.723009,-0.451,4.714,-0.001,0.006,258.566,258.889,256.597
1780996153.7373068,-0.451,4.714,-0.001,0.006,258.566,258.889,256.597
1780996153.751869,-1.014,4.571,-0.002,0.006,258.355,259.056,256.641
1780996153.796227,-1.296,3.929,-0.002,0.005,258.135,259.019,256.891
1780996153.796583,-1.239,4.071,-0.002,0.005,258.226,259.013,256.807
1780996153.7969081,-1.465,3.857,-0.002,0.005,258.122,259.044,256.879
1780996153.8043468,-1.296,3.429,-0.002,0.004,258.125,258.892,257.023
1780996153.819079,-1.296,3.429,-0.002,0.004,258.125,258.892,257.023
1780996153.833819,-1.296,3.429,-0.002,0.004,258.125,258.892,257.023
1780996153.844778,-1.296,3.429,-0.002,0.004,258.125,258.892,257.023
1780996153.85963,-1.296,3.429,-0.002,0.004,258.125,258.892,257.023
1780996153.8742259,-1.296,3.429,-0.002,0.004,258.125,258.892,257.023
1780996153.885451,-1.296,3.429,-0.002,0.004,258.125,258.892,257.023
1780996153.900156,-0.563,2.071,-0.001,0.002,258.116,258.352,257.559
1780996153.915339,-0.676,1.286,-0.001,0.001,257.936,258.264,257.826
1780996153.930388,-0.451,1.214,-0.0,0.001,258.028,258.213,257.784
1780996153.941683,-0.563,1.214,-0.001,0.001,258.005,258.277,257.744
1780996153.956461,-0.113,1.214,0.0,0.001,258.181,258.149,257.696
1780996153.9713862,-0.282,0.929,-0.0,0.001,258.07,258.177,257.779
1780996154.014028,-0.282,0.786,-0.0,0.001,258.049,258.173,257.803
1780996154.0145102,-0.282,0.786,-0.0,0.001,258.055,258.182,257.789
1780996154.014861,-0.282,1.0,-0.0,0.001,258.102,258.243,257.682
1780996154.024222,-0.169,1.0,-0.0,0.001,258.146,258.213,257.666
1780996154.0390909,-0.056,0.857,0.0,0.001,258.159,258.153,257.714
1780996154.054205,-0.113,0.643,-0.0,0.001,258.095,258.137,257.794
1780996154.065357,-0.113,0.857,-0.0,0.001,258.139,258.19,257.697
1780996154.080417,-0.113,0.714,-0.0,0.001,258.114,258.16,257.752
1780996154.0954082,-0.113,0.786,-0.0,0.001,258.133,258.175,257.718
1780996154.106435,-0.113,0.571,-0.0,0.001,258.091,258.133,257.801
1780996154.1215029,-0.056,0.857,0.0,0.001,258.173,258.171,257.682
1780996154.1366389,-0.338,0.929,-0.0,0.002,258.086,258.286,257.654
1780996154.1483881,-0.563,1.0,-0.001,0.002,258.021,258.378,257.629
1780996154.163192,-0.338,1.143,-0.0,0.002,258.132,258.321,257.575
1780996154.17813,-0.394,1.071,-0.001,0.002,258.098,258.323,257.606
1780996154.192995,-0.451,1.5,-0.001,0.002,258.163,258.425,257.441
1780996154.236275,-0.563,1.357,-0.001,0.002,258.094,258.424,257.51
1780996154.23666,-0.563,1.571,-0.001,0.002,258.14,258.457,257.433
1780996154.237015,-0.507,1.429,-0.001,0.002,258.132,258.401,257.496
1780996154.244697,-0.676,1.5,-0.001,0.002,258.086,258.475,257.469
1780996154.259531,-0.676,1.5,-0.001,0.002,258.086,258.475,257.469
1780996154.274293,-0.676,1.5,-0.001,0.002,258.086,258.475,257.469
1780996154.2852852,-0.676,1.5,-0.001,0.002,258.086,258.475,257.469
1780996154.300081,-0.676,1.5,-0.001,0.002,258.086,258.475,257.469
1780996154.314778,-0.676,1.5,-0.001,0.002,258.086,258.475,257.469
1780996154.3259761,-0.676,1.5,-0.001,0.002,258.086,258.475,257.469
1780996154.3407822,0.0,0.0,0.0,0.0,258.008,258.008,258.008
1780996154.355731,-1.296,3.857,-0.002,0.005,258.261,258.958,256.826
1780996154.366723,-0.958,4.643,-0.001,0.007,258.541,258.997,256.516
1780996154.382001,-1.127,4.857,-0.001,0.007,258.51,259.095,256.453
1780996154.396739,-0.845,5.429,-0.001,0.008,258.714,259.099,256.253
1780996154.4086232,-0.901,6.0,-0.001,0.009,258.78,259.227,256.069
1780996154.4513779,-0.62,6.071,-0.001,0.008,258.865,259.125,256.085
1780996154.4517171,-0.394,6.214,-0.0,0.009,258.955,259.069,256.051
1780996154.4533062,-0.394,5.929,-0.0,0.008,258.863,259.015,256.191
1780996154.464454,0.394,6.071,0.001,0.008,259.153,258.771,256.148
1780996154.479458,0.394,6.0,0.001,0.008,259.111,258.771,256.187
1780996154.490539,0.282,5.786,0.001,0.008,259.011,258.778,256.276
1780996154.50552,0.676,6.071,0.001,0.008,259.198,258.708,256.165
1780996154.5205472,0.62,6.0,0.001,0.008,259.148,258.725,256.196
1780996154.5316448,0.62,6.143,0.001,0.008,259.162,258.765,256.145
1780996154.5467541,0.789,6.5,0.001,0.009,259.286,258.784,256.008
1780996154.56179,0.789,6.143,0.001,0.008,259.194,258.722,256.155
1780996154.5737228,1.183,6.071,0.002,0.008,259.311,258.576,256.184
1780996154.588671,1.296,6.071,0.002,0.008,259.342,258.545,256.185
1780996154.5996711,1.296,6.071,0.002,0.008,259.326,258.557,256.188
1780996154.614936,1.352,6.214,0.002,0.008,259.369,258.572,256.133
1780996154.629844,1.07,6.286,0.001,0.008,259.27,258.696,256.108
1780996154.672471,1.183,6.214,0.002,0.008,259.291,258.644,256.138
1780996154.6728342,1.183,5.929,0.002,0.008,259.23,258.592,256.245
1780996154.673172,1.07,5.714,0.001,0.007,259.142,258.596,256.326
1780996154.682724,1.296,5.786,0.002,0.008,259.244,258.535,256.287
1780996154.6978261,1.127,5.786,0.001,0.008,259.185,258.601,256.28
1780996154.708935,1.239,5.143,0.002,0.006,259.099,258.432,256.525
1780996154.723895,1.239,5.0,0.002,0.006,259.078,258.413,256.563
1780996154.738879,1.352,5.071,0.002,0.006,259.137,258.394,256.524
1780996154.75005,1.465,4.929,0.002,0.006,259.155,258.334,256.565
1780996154.765237,1.239,4.929,0.002,0.006,259.079,258.425,256.55
1780996154.7802,1.183,4.857,0.002,0.006,259.055,258.439,256.56
1780996154.791327,1.239,4.214,0.002,0.005,258.95,258.291,256.805
1780996154.806242,1.07,4.143,0.001,0.005,258.888,258.347,256.811
1780996154.818235,1.014,4.429,0.001,0.006,258.941,258.432,256.676
1780996154.833004,1.07,4.143,0.001,0.005,258.914,258.356,256.776
1780996154.848067,0.789,3.857,0.001,0.005,258.764,258.4,256.878
1780996154.891045,1.014,3.643,0.001,0.005,258.816,258.277,256.947
1780996154.891474,0.676,4.214,0.001,0.006,258.827,258.518,256.702
1780996154.891809,0.451,3.714,0.0,0.005,258.649,258.495,256.897
1780996154.9003038,0.451,3.786,0.0,0.005,258.678,258.504,256.861
1780996154.915195,0.451,3.643,0.0,0.005,258.663,258.467,256.911
1780996154.9262478,0.563,3.714,0.001,0.005,258.729,258.436,256.877
1780996154.941189,0.451,3.5,0.001,0.005,258.649,258.43,256.96
1780996154.956197,0.0,3.571,-0.0,0.005,258.514,258.601,256.925
1780996154.968108,0.113,3.857,0.0,0.005,258.624,258.614,256.806
1780996154.983087,-0.113,3.786,-0.0,0.005,258.534,258.673,256.836
1780996154.99821,-0.113,4.071,-0.0,0.006,258.605,258.718,256.723
1780996155.0093608,-0.113,3.857,-0.0,0.005,258.569,258.662,256.812
1780996155.024401,-0.113,4.071,-0.0,0.006,258.62,258.703,256.724
1780996155.039201,-0.676,4.357,-0.001,0.006,258.483,258.956,256.612
1780996155.050476,-0.563,3.571,-0.001,0.005,258.366,258.745,256.93
1780996155.0651882,-0.62,4.071,-0.001,0.006,258.459,258.863,256.726
1780996155.10896,-0.676,4.071,-0.001,0.006,258.443,258.878,256.727
1780996155.109393,-0.676,4.071,-0.001,0.006,258.443,258.878,256.727
1780996155.1097338,-1.296,4.143,-0.002,0.006,258.247,259.101,256.703
1780996155.120853,-1.296,4.071,-0.002,0.006,258.253,259.057,256.739
1780996155.13577,-1.183,4.143,-0.002,0.006,258.326,259.012,256.711
1780996155.14692,-1.183,4.143,-0.002,0.006,258.339,258.999,256.711
1780996155.16193,-1.07,4.571,-0.001,0.006,258.472,259.041,256.542
1780996155.176806,-1.352,4.357,-0.002,0.006,258.326,259.091,256.635
1780996155.188714,-1.183,4.429,-0.002,0.006,258.401,259.04,256.612
1780996155.203618,-0.845,4.643,-0.001,0.006,258.563,258.96,256.532
1780996155.218633,-0.845,4.429,-0.001,0.006,258.515,258.916,256.62
1780996155.229782,-0.676,4.857,-0.001,0.007,258.651,258.954,256.452
1780996155.2448902,-0.113,4.714,0.0,0.007,258.808,258.732,256.514
1780996155.2597399,-0.056,4.429,0.0,0.006,258.754,258.667,256.629
1780996155.271005,-0.169,4.857,-0.0,0.007,258.792,258.805,256.459
1780996155.285917,0.0,4.357,0.0,0.006,258.738,258.652,256.659
1780996155.329752,0.225,4.5,0.001,0.006,258.841,258.609,256.602
1780996155.33021,0.113,4.571,0.0,0.006,258.805,258.674,256.573
1780996155.330542,0.169,4.857,0.0,0.007,258.875,258.717,256.465
1780996155.338751,0.225,5.071,0.0,0.007,258.929,258.742,256.389
1780996155.3537128,0.507,4.857,0.001,0.007,258.968,258.597,256.49
1780996155.368723,0.451,5.214,0.001,0.007,259.008,258.697,256.356
1780996155.379759,0.563,5.714,0.001,0.008,259.138,258.763,256.169
1780996155.3947,0.676,5.643,0.001,0.008,259.143,258.708,256.217
1780996155.4097369,0.62,5.786,0.001,0.008,259.133,258.765,256.172
1780996155.420897,0.732,5.786,0.001,0.008,259.164,258.726,256.18
1780996155.4357781,0.789,6.071,0.001,0.008,259.234,258.765,256.076
1780996155.4471,0.676,5.857,0.001,0.008,259.139,258.761,256.169
1780996155.46205,0.958,5.786,0.001,0.008,259.222,258.646,256.202
1780996155.4769018,0.789,6.143,0.001,0.009,259.225,258.784,256.067
1780996155.488883,0.901,6.071,0.001,0.008,259.239,258.73,256.105
1780996155.5037172,1.014,6.429,0.001,0.009,259.345,258.76,255.975
1780996155.5487528,1.07,6.429,0.002,0.009,259.359,258.739,255.982
1780996155.549094,0.901,6.357,0.001,0.009,259.271,258.786,256.022
1780996155.549403,1.014,6.429,0.001,0.009,259.323,258.755,256.001
1780996155.55584,0.845,6.5,0.001,0.009,259.275,258.827,255.979
1780996155.570879,0.958,6.5,0.001,0.009,259.314,258.783,255.983
1780996155.586007,0.958,6.5,0.001,0.009,259.317,258.782,255.982
1780996155.596999,0.901,6.429,0.001,0.009,259.282,258.788,256.009
1780996155.611935,0.62,6.357,0.001,0.009,259.167,258.875,256.035
1780996155.626889,0.62,6.571,0.001,0.009,259.217,258.913,255.951
1780996155.638803,0.451,6.0,0.0,0.008,259.047,258.85,256.173
1780996155.6537821,0.451,5.643,0.001,0.007,258.986,258.773,256.305
1780996155.665218,0.282,6.0,0.0,0.008,259.009,258.908,256.154
1780996155.680009,0.338,5.786,0.0,0.008,258.999,258.841,256.227
1780996155.6949592,0.0,5.286,-0.0,0.007,258.793,258.861,256.405
1780996155.706135,0.056,5.643,-0.0,0.008,258.901,258.916,256.249
1780996155.721014,0.056,5.429,0.0,0.007,258.873,258.868,256.322
1780996155.765388,0.0,4.929,-0.0,0.007,258.767,258.787,256.501
1780996155.7658482,-0.282,4.5,-0.001,0.006,258.595,258.807,256.647
1780996155.766168,-0.113,4.571,-0.0,0.006,258.685,258.762,256.605
1780996155.777664,-0.282,4.571,-0.0,0.006,258.64,258.826,256.586
1780996155.788801,-0.563,4.571,-0.001,0.006,258.548,258.932,256.573
1780996155.803881,-0.62,4.5,-0.001,0.006,258.532,258.928,256.591
1780996155.818877,-0.958,4.786,-0.001,0.007,258.488,259.096,256.474
1780996155.833826,-1.183,4.786,-0.002,0.007,258.42,259.166,256.472
1780996155.8451798,-1.127,4.571,-0.002,0.006,258.414,259.085,256.555
1780996155.8602118,-1.296,4.5,-0.002,0.006,258.36,259.122,256.573
1780996155.875088,-1.577,4.143,-0.002,0.006,258.206,259.143,256.702
1780996155.886261,-1.239,4.071,-0.002,0.006,258.324,259.006,256.719
1780996155.9012768,-1.634,3.643,-0.002,0.005,258.109,259.059,256.878
1780996155.9161658,-1.577,3.571,-0.002,0.005,258.133,259.026,256.886
1780996155.928021,-1.521,3.5,-0.002,0.005,258.15,258.993,256.901
1780996155.9427881,-1.408,3.5,-0.002,0.005,258.196,258.953,256.895
1780996155.985781,-1.408,3.5,-0.002,0.005,258.196,258.953,256.895
1780996155.986145,-1.408,3.5,-0.002,0.005,258.196,258.953,256.895
1780996155.986494,-1.408,3.5,-0.002,0.005,258.196,258.953,256.895
1780996155.997845,-1.408,3.5,-0.002,0.005,258.196,258.953,256.895
1780996156.008924,-1.408,3.5,-0.002,0.005,258.196,258.953,256.895
1780996156.023882,-1.408,3.5,-0.002,0.005,258.196,258.953,256.895
1780996156.0385761,0.0,0.0,0.0,0.0,258.008,258.008,258.008
1780996156.049598,-0.169,2.214,-0.0,0.003,258.263,258.373,257.395
1780996156.064744,-0.282,2.143,-0.0,0.003,258.212,258.399,257.418
1780996156.0796878,0.169,3.0,0.0,0.004,258.555,258.408,257.073
1780996156.090741,0.338,2.929,0.001,0.004,258.591,258.336,257.108
1780996156.1057742,0.563,3.214,0.001,0.004,258.719,258.318,257.002
1780996156.120762,1.07,3.429,0.002,0.005,258.924,258.186,256.932
1780996156.1320891,0.62,3.714,0.001,0.005,258.796,258.411,256.837
1780996156.1470962,0.563,4.214,0.001,0.006,258.865,258.536,256.649
1780996156.162007,0.789,4.143,0.001,0.006,258.914,258.433,256.702
1780996156.20451,0.676,4.143,0.001,0.006,258.857,258.469,256.721
1780996156.204879,0.958,4.357,0.001,0.006,258.992,258.414,256.645
1780996156.205193,1.07,4.429,0.002,0.006,259.03,258.389,256.633
1780996156.214688,1.127,4.929,0.002,0.007,259.138,258.474,256.447
1780996156.2296152,1.239,5.143,0.002,0.007,259.203,258.47,256.389
1780996156.2406578,1.239,5.143,0.002,0.007,259.189,258.469,256.403
1780996156.25579,1.127,5.214,0.002,0.007,259.148,258.52,256.393
1780996156.27085,1.239,5.786,0.002,0.008,259.294,258.593,256.184
1780996156.282827,1.014,5.714,0.001,0.008,259.178,258.653,256.237
1780996156.297745,1.127,5.714,0.001,0.008,259.212,258.608,256.248
1780996156.308921,1.183,6.0,0.002,0.008,259.282,258.639,256.151
1780996156.3238258,1.127,6.0,0.001,0.008,259.256,258.653,256.163
1780996156.338669,1.07,6.071,0.001,0.008,259.246,258.683,256.143
1780996156.349597,1.014,6.214,0.001,0.008,259.249,258.722,256.103
1780996156.3649228,1.014,6.214,0.001,0.008,259.244,258.712,256.118
1780996156.37978,0.901,6.286,0.001,0.008,259.215,258.757,256.102
1780996156.422726,0.789,6.5,0.001,0.009,259.222,258.836,256.021
1780996156.423149,0.507,6.429,0.0,0.009,259.106,258.912,256.057
1780996156.423496,0.563,6.5,0.001,0.009,259.148,258.894,256.035
1780996156.4327161,0.394,6.357,0.0,0.008,259.062,258.918,256.094
1780996156.447645,0.338,6.214,0.0,0.008,259.024,258.898,256.148
1780996156.458775,0.338,6.357,0.0,0.008,259.06,258.918,256.095
1780996156.4737768,0.338,6.357,0.0,0.008,259.069,258.906,256.098
1780996156.488678,-0.056,6.357,-0.0,0.008,258.933,259.042,256.098
1780996156.4997602,-0.338,6.357,-0.001,0.008,258.85,259.128,256.095
1780996156.5149171,-0.563,6.357,-0.001,0.008,258.79,259.188,256.096
1780996156.5300171,-0.62,6.143,-0.001,0.008,258.742,259.149,256.178
1780996156.5411358,-0.62,6.214,-0.001,0.008,258.768,259.159,256.145
1780996156.556125,-0.676,6.071,-0.001,0.008,258.734,259.144,256.19
1780996156.571176,-0.958,5.786,-0.001,0.008,258.589,259.183,256.293
1780996156.583137,-0.338,5.0,-0.0,0.006,258.662,258.804,256.585
1780996156.598249,-0.282,4.786,-0.0,0.006,258.651,258.757,256.642
1780996156.641268,-0.169,4.571,-0.0,0.006,258.653,258.688,256.706
1780996156.6417038,0.0,4.5,0.0,0.006,258.706,258.635,256.706
1780996156.642046,0.0,4.429,0.0,0.006,258.695,258.642,256.71
1780996156.6540139,-0.225,4.571,-0.0,0.006,258.648,258.764,256.637
1780996156.665081,-0.225,4.214,-0.0,0.005,258.581,258.701,256.764
1780996156.680073,-0.169,3.857,-0.0,0.005,258.539,258.616,256.887
1780996156.6945431,-0.451,3.929,-0.001,0.005,258.462,258.736,256.844
1780996156.705662,-0.451,3.929,-0.001,0.005,258.462,258.736,256.844
1780996156.7205088,-0.451,3.929,-0.001,0.005,258.462,258.736,256.844
1780996156.735135,-0.451,3.929,-0.001,0.005,258.462,258.736,256.844
1780996156.749722,-0.451,3.929,-0.001,0.005,258.462,258.736,256.844
1780996156.760948,-0.451,3.929,-0.001,0.005,258.462,258.736,256.844
1780996156.775541,-0.451,3.929,-0.001,0.005,258.462,258.736,256.844
1780996156.7902348,0.0,0.0,0.0,0.0,258.008,258.008,258.008
1780996156.801425,-0.507,1.929,-0.001,0.002,258.121,258.425,257.483
1780996156.816159,-0.676,1.714,-0.001,0.002,258.029,258.445,257.554
1780996156.8610501,-0.845,1.214,-0.001,0.001,257.88,258.407,257.739
1780996156.861505,-0.676,0.929,-0.001,0.001,257.905,258.296,257.825
1780996156.861842,-0.676,0.857,-0.001,0.001,257.902,258.289,257.835
1780996156.8729,-0.676,0.786,-0.001,0.001,257.902,258.283,257.84
1780996156.884053,-0.732,0.786,-0.001,0.001,257.892,258.307,257.827
1780996156.899102,-0.62,0.929,-0.001,0.001,257.97,258.3,257.756
1780996156.91414,-0.732,0.857,-0.001,0.001,257.92,258.327,257.779
1780996156.9251761,-0.732,0.714,-0.001,0.001,257.899,258.298,257.829
1780996156.940136,-0.732,0.714,-0.001,0.001,257.906,258.3,257.82
1780996156.955144,-0.732,1.0,-0.001,0.001,257.965,258.36,257.702
1780996156.966284,-0.507,1.357,-0.001,0.002,258.113,258.355,257.56
1780996156.9813519,-0.676,1.214,-0.001,0.002,258.019,258.385,257.624
1780996156.996293,-0.507,1.357,-0.001,0.002,258.1,258.355,257.573
1780996157.011096,-0.732,1.643,-0.001,0.002,258.074,258.488,257.467
1780996157.022727,-0.451,1.786,-0.001,0.003,258.202,258.414,257.414
1780996157.0368798,-0.451,1.786,-0.001,0.003,258.202,258.414,257.414
1780996157.081203,-0.451,1.786,-0.001,0.003,258.202,258.414,257.414
1780996157.081679,-0.451,1.786,-0.001,0.003,258.202,258.414,257.414
1780996157.082031,-0.451,1.786,-0.001,0.003,258.202,258.414,257.414
1780996157.0916429,-0.451,1.786,-0.001,0.003,258.202,258.414,257.414
1780996157.1033778,-0.451,1.786,-0.001,0.003,258.202,258.414,257.414
1780996157.118222,0.0,0.0,0.0,0.0,258.008,258.008,258.008
1780996157.133072,-0.732,4.214,-0.001,0.006,258.482,258.888,256.679
1780996157.1441789,-0.62,5.214,-0.001,0.007,258.719,259.044,256.3
1780996157.159302,-0.338,5.786,-0.0,0.008,258.921,259.046,256.106
1780996157.174125,-0.394,5.929,-0.0,0.008,258.902,259.072,256.099
1780996157.185368,0.113,5.929,0.0,0.008,259.075,258.884,256.114
1780996157.200341,-0.169,6.857,-0.0,0.01,259.128,259.169,255.792
1780996157.215054,0.169,6.929,0.0,0.01,259.243,259.051,255.796
1780996157.2262049,-0.113,7.286,-0.0,0.01,259.19,259.214,255.692
1780996157.241293,0.113,7.857,0.0,0.011,259.358,259.232,255.517
1780996157.256289,0.282,7.929,0.001,0.011,259.404,259.175,255.527
1780996157.299096,0.394,7.643,0.001,0.01,259.36,259.072,255.666
1780996157.2995389,0.338,7.643,0.001,0.01,259.326,259.094,255.677
1780996157.299865,0.563,7.786,0.001,0.01,259.42,259.044,255.637
1780996157.309064,0.282,7.571,0.0,0.01,259.257,259.104,255.733
1780996157.324168,0.62,7.5,0.001,0.01,259.357,258.968,255.767
1780996157.3352478,1.014,7.5,0.002,0.01,259.495,258.833,255.766
1780996157.3503191,0.901,7.357,0.001,0.01,259.413,258.858,255.819
1780996157.36533,0.958,7.143,0.001,0.009,259.384,258.802,255.899
1780996157.376503,0.958,7.429,0.001,0.01,259.441,258.869,255.782
1780996157.391362,0.676,7.143,0.001,0.009,259.277,258.92,255.888
1780996157.403287,0.958,6.429,0.001,0.008,259.23,258.682,256.16
1780996157.418279,0.845,6.5,0.001,0.008,259.207,258.754,256.113
1780996157.433194,0.901,6.286,0.001,0.008,259.186,258.698,256.185
1780996157.444602,0.845,6.071,0.001,0.008,259.127,258.687,256.252
1780996157.459413,0.732,6.071,0.001,0.008,259.098,258.734,256.234
1780996157.474411,0.958,5.714,0.001,0.007,259.123,258.586,256.354
1780996157.5166972,0.732,5.5,0.001,0.007,259.006,258.629,256.424
1780996157.51711,0.62,5.286,0.001,0.007,258.937,258.636,256.483
1780996157.517432,0.732,5.143,0.001,0.007,258.961,258.578,256.516
1780996157.526672,0.62,5.0,0.001,0.006,258.898,258.595,256.56
1780996157.541536,0.563,4.857,0.001,0.006,258.863,258.596,256.593
1780996157.5532951,0.507,4.643,0.001,0.006,258.814,258.579,256.656
1780996157.568377,0.451,4.286,0.001,0.005,258.739,258.533,256.774
1780996157.583355,0.62,3.929,0.001,0.005,258.737,258.405,256.899
1780996157.594393,0.676,3.643,0.001,0.004,258.719,258.337,256.983
1780996157.609387,0.338,2.929,0.0,0.003,258.466,258.322,257.245
1780996157.620498,0.338,3.286,0.0,0.004,258.557,258.407,257.073
1780996157.635466,0.113,2.571,0.0,0.003,258.353,258.349,257.328
1780996157.650419,0.225,2.5,0.0,0.003,258.408,258.306,257.317
1780996157.6616151,-0.056,1.929,-0.0,0.002,258.215,258.303,257.51
1780996157.6766348,-0.113,1.786,-0.0,0.002,258.184,258.299,257.545
1780996157.69145,0.0,2.0,-0.0,0.003,258.292,258.311,257.426
1780996157.733769,-0.056,1.857,-0.0,0.002,258.26,258.304,257.465
1780996157.734166,-0.338,1.786,-0.001,0.002,258.158,258.392,257.478
1780996157.734498,-0.338,1.929,-0.001,0.003,258.2,258.422,257.408
1780996157.744235,-0.338,1.857,-0.001,0.003,258.195,258.407,257.428
1780996157.75937,-0.394,1.643,-0.001,0.002,258.145,258.38,257.503
1780996157.774254,-0.451,1.214,-0.001,0.001,258.051,258.31,257.665
1780996157.7893162,-0.62,1.286,-0.001,0.002,258.016,258.386,257.626
1780996157.800714,-0.676,1.429,-0.001,0.002,258.038,258.433,257.557
1780996157.815377,-0.62,1.429,-0.001,0.002,258.068,258.407,257.553
1780996157.830411,-0.732,1.714,-0.001,0.003,258.095,258.504,257.431
1780996157.841302,-0.789,1.429,-0.001,0.002,258.018,258.462,257.548
1780996157.856102,-0.789,1.429,-0.001,0.002,258.018,258.462,257.548
1780996157.8708868,-0.789,1.429,-0.001,0.002,258.018,258.462,257.548
1780996157.8822122,-0.789,1.429,-0.001,0.002,258.018,258.462,257.548
1780996157.89669,-0.789,1.429,-0.001,0.002,258.018,258.462,257.548
1780996157.911353,-0.789,1.429,-0.001,0.002,258.018,258.462,257.548
1780996157.953642,-0.789,1.429,-0.001,0.002,258.018,258.462,257.548
1780996157.954019,-1.521,3.071,-0.002,0.005,258.1,259.033,256.911
1780996157.954357,-1.577,3.286,-0.002,0.005,258.124,259.073,256.849
1780996157.9642339,-1.521,3.429,-0.002,0.005,258.171,259.048,256.827
1780996157.97913,-1.465,3.357,-0.002,0.005,258.176,258.986,256.883
1780996157.994027,-1.408,3.571,-0.002,0.005,258.237,258.992,256.817
1780996158.0091038,-1.352,3.571,-0.002,0.005,258.253,258.962,256.83
1780996158.020204,-1.465,3.643,-0.002,0.005,258.219,259.006,256.821
1780996158.0352929,-1.521,3.786,-0.002,0.005,258.225,259.048,256.775
1780996158.050132,-1.465,3.714,-0.002,0.005,258.222,259.006,256.818
1780996158.061589,-1.577,3.786,-0.002,0.005,258.194,259.056,256.796
1780996158.076528,-1.296,3.857,-0.002,0.005,258.305,258.96,256.782
1780996158.091668,-1.521,4.214,-0.002,0.006,258.292,259.11,256.65
1780996158.1036959,-1.69,4.5,-0.002,0.006,258.283,259.22,256.554
1780996158.118457,-1.972,4.786,-0.003,0.007,258.24,259.366,256.457
1780996158.13323,-2.141,5.071,-0.003,0.007,258.241,259.473,256.354
1780996158.175884,-2.141,4.929,-0.003,0.007,258.214,259.421,256.429
1780996158.176311,-2.479,5.214,-0.004,0.007,258.155,259.583,256.333
1780996158.176642,-2.085,5.714,-0.003,0.008,258.395,259.522,256.159
1780996158.185483,-2.197,5.857,-0.003,0.008,258.378,259.578,256.122
1780996158.200417,-2.535,5.929,-0.004,0.008,258.263,259.701,256.117
1780996158.215429,-2.31,5.786,-0.003,0.008,258.312,259.575,256.189
1780996158.230449,-2.479,6.071,-0.003,0.008,258.305,259.687,256.089
1780996158.241725,-2.366,5.929,-0.003,0.008,258.317,259.609,256.152
1780996158.2566998,-2.31,5.929,-0.003,0.008,258.336,259.583,256.159
1780996158.271787,-2.592,6.214,-0.004,0.009,258.292,259.741,256.052
1780996158.283592,-2.592,6.0,-0.004,0.008,258.252,259.686,256.142
1780996158.298601,-2.592,6.286,-0.003,0.009,258.312,259.736,256.038
1780996158.313746,-2.648,6.429,-0.004,0.009,258.32,259.78,255.989
1780996158.324955,-2.648,6.357,-0.004,0.009,258.305,259.753,256.028
1780996158.3398972,-2.648,6.786,-0.004,0.009,258.394,259.834,255.867
1780996158.3548548,-2.761,6.786,-0.004,0.009,258.353,259.865,255.877
1780996158.399136,-2.704,6.571,-0.004,0.009,258.33,259.793,255.967
1780996158.3995662,-2.535,6.786,-0.003,0.009,258.432,259.778,255.882
1780996158.399898,-2.648,6.429,-0.003,0.009,258.318,259.742,256.027
1780996158.407907,-2.535,6.143,-0.003,0.008,258.301,259.641,256.137
1780996158.422847,-2.704,6.5,-0.004,0.009,258.314,259.786,255.988
1780996158.437836,-2.648,6.286,-0.004,0.009,258.29,259.723,256.07
1780996158.452864,-2.535,5.929,-0.003,0.008,258.259,259.618,256.199
1780996158.464063,-2.423,6.143,-0.003,0.008,258.345,259.633,256.102
1780996158.47901,-2.592,5.857,-0.003,0.008,258.229,259.639,256.209
1780996158.4940832,-2.31,5.786,-0.003,0.008,258.318,259.527,256.228
1780996158.505118,-2.535,5.286,-0.003,0.007,258.135,259.514,256.417
1780996158.5201988,-2.254,5.286,-0.003,0.007,258.241,259.427,256.397
1780996158.53518,-2.141,5.214,-0.003,0.007,258.269,259.388,256.407
1780996158.5463822,-2.197,4.929,-0.003,0.007,258.192,259.359,256.51
1780996158.561488,-2.141,5.214,-0.003,0.007,258.274,259.408,256.383
1780996158.576239,-2.085,5.357,-0.003,0.007,258.326,259.428,256.314
1780996158.618167,-1.915,5.429,-0.002,0.008,258.395,259.393,256.281
1780996158.61853,-1.972,5.5,-0.003,0.008,258.375,259.437,256.259
1780996158.618885,-1.69,5.143,-0.002,0.007,258.399,259.265,256.399
1780996158.6291132,-1.014,5.071,-0.001,0.007,258.614,259.024,256.421
1780996158.644107,-1.239,5.071,-0.002,0.007,258.516,259.131,256.413
1780996158.659035,-1.07,5.214,-0.001,0.007,258.596,259.115,256.351
1780996158.674138,-1.127,5.214,-0.001,0.007,258.569,259.144,256.349
1780996158.685364,-1.127,5.571,-0.001,0.008,258.63,259.23,256.209
1780996158.7002199,-0.845,5.071,-0.001,0.007,258.615,259.035,256.41
1780996158.715473,-0.451,5.143,-0.0,0.007,258.76,258.927,256.374
1780996158.726597,-0.282,4.571,-0.0,0.006,258.693,258.764,256.595
1780996158.741598,-0.056,4.714,0.0,0.007,258.795,258.742,256.517
1780996158.756476,0.113,4.286,0.0,0.006,258.76,258.619,256.669
1780996158.7684639,0.225,3.929,0.0,0.005,258.721,258.533,256.791
1780996158.783308,0.394,4.0,0.001,0.005,258.791,258.505,256.75
1780996158.794529,0.507,3.857,0.001,0.005,258.793,258.463,256.789
1780996158.836561,0.676,3.714,0.001,0.005,258.813,258.401,256.83
1780996158.8369138,0.62,3.786,0.001,0.005,258.803,258.458,256.785
1780996158.837245,0.845,3.5,0.001,0.005,258.823,258.33,256.889
1780996158.850655,0.901,3.571,0.001,0.005,258.847,258.349,256.848
1780996158.865626,1.07,3.571,0.001,0.005,258.902,258.307,256.835
1780996158.876668,1.127,3.143,0.002,0.004,258.828,258.217,256.995
1780996158.8918111,1.239,3.0,0.002,0.004,258.838,258.158,257.044
1780996158.9036338,1.521,3.0,0.002,0.004,258.936,258.08,257.024
1780996158.9188108,1.352,2.714,0.002,0.004,258.813,258.1,257.124
1780996158.933692,1.296,2.857,0.002,0.004,258.819,258.158,257.061
1780996158.9450712,1.634,2.929,0.002,0.004,258.951,258.065,257.025
1780996158.95982,1.634,3.286,0.002,0.005,259.021,258.143,256.881
1780996158.974751,1.634,3.286,0.002,0.005,259.021,258.143,256.881
1780996158.985915,1.746,3.786,0.002,0.006,259.154,258.207,256.691
1780996159.000704,1.803,3.857,0.002,0.006,259.183,258.202,256.668
1780996159.0117812,1.803,4.143,0.002,0.006,259.227,258.262,256.568
1780996159.054684,1.803,3.929,0.002,0.006,259.176,258.217,256.66
1780996159.055083,1.69,3.929,0.002,0.006,259.125,258.258,256.669
1780996159.055419,1.577,4.357,0.002,0.007,259.165,258.379,256.514
1780996159.068576,1.408,4.214,0.002,0.006,259.07,258.396,256.587
1780996159.0833228,1.465,4.429,0.002,0.007,259.133,258.417,256.507
1780996159.094739,1.408,4.286,0.002,0.006,259.081,258.401,256.572
1780996159.109587,1.408,4.357,0.002,0.006,259.097,258.405,256.553
1780996159.1206121,1.183,4.286,0.001,0.006,259.002,258.465,256.586
1780996159.135669,1.07,4.714,0.001,0.007,259.055,258.583,256.421
1780996159.150692,0.958,4.786,0.001,0.007,259.032,258.621,256.406
1780996159.161908,0.563,4.929,0.0,0.007,258.924,258.776,256.361
1780996159.1768599,0.507,5.214,0.0,0.008,258.97,258.84,256.256
1780996159.191707,0.62,5.357,0.001,0.008,259.043,258.806,256.218
1780996159.20354,0.394,5.714,0.0,0.008,259.041,258.942,256.09
1780996159.2185001,0.282,5.714,0.0,0.008,259.004,258.966,256.103
1780996159.229791,0.169,5.5,-0.0,0.008,258.93,258.943,256.195
1780996159.272046,-0.394,5.714,-0.001,0.008,258.78,259.172,256.121
1780996159.2724748,-0.732,6.071,-0.001,0.009,258.753,259.333,255.994
1780996159.274582,-0.789,5.929,-0.001,0.009,258.717,259.292,256.067
1780996159.285841,-0.845,6.071,-0.001,0.009,258.734,259.329,256.016
1780996159.300701,-0.845,6.071,-0.001,0.009,258.743,259.312,256.023
1780996159.3156428,-0.62,6.0,-0.001,0.009,258.816,259.205,256.054
1780996159.326734,-0.958,5.786,-0.002,0.008,258.656,259.275,256.142
1780996159.341753,-1.07,5.786,-0.002,0.008,258.624,259.309,256.14
1780996159.356837,-1.521,5.857,-0.002,0.008,258.494,259.469,256.114
1780996159.368723,-1.972,5.786,-0.003,0.008,258.342,259.598,256.139
1780996159.3836238,-2.197,6.214,-0.003,0.009,258.371,259.741,255.976
1780996159.398753,-2.366,6.071,-0.004,0.009,258.296,259.755,256.035
1780996159.409903,-2.366,5.571,-0.003,0.008,258.216,259.629,256.23
1780996159.424868,-2.535,5.571,-0.004,0.008,258.178,259.674,256.225
1780996159.439758,-2.761,5.286,-0.004,0.007,258.063,259.685,256.327
1780996159.45119,-2.873,5.643,-0.004,0.008,258.121,259.79,256.171
1780996159.49438,-3.099,5.571,-0.004,0.008,258.039,259.847,256.196
1780996159.4948459,-3.437,5.429,-0.005,0.008,257.917,259.924,256.243
1780996159.4957922,-3.268,4.929,-0.005,0.007,257.899,259.744,256.43
1780996159.5075881,-3.549,4.786,-0.005,0.007,257.786,259.814,256.474
1780996159.522627,-3.775,4.857,-0.005,0.007,257.737,259.906,256.436
1780996159.5376582,-3.493,4.643,-0.005,0.007,257.816,259.755,256.501
1780996159.5487301,-3.944,4.571,-0.006,0.007,257.658,259.904,256.515
1780996159.563817,-3.887,4.5,-0.005,0.006,257.681,259.865,256.529
1780996159.578808,-4.225,4.357,-0.006,0.006,257.542,259.958,256.578
1780996159.590048,-4.225,4.0,-0.006,0.006,257.488,259.875,256.709
1780996159.604946,-4.169,4.214,-0.006,0.006,257.567,259.899,256.608
1780996159.619963,-3.944,4.429,-0.005,0.007,257.702,259.86,256.513
1780996159.631239,-4.0,4.0,-0.005,0.006,257.598,259.791,256.68
1780996159.646285,-4.169,4.143,-0.006,0.006,257.574,259.888,256.612
1780996159.660943,-3.831,3.929,-0.005,0.006,257.654,259.725,256.688
1780996159.6721401,-3.831,3.929,-0.005,0.006,257.654,259.725,256.688
1780996159.7139149,-3.831,3.929,-0.005,0.006,257.654,259.725,256.688
1780996159.714277,-3.831,3.929,-0.005,0.006,257.654,259.725,256.688
1780996159.716171,-3.831,3.929,-0.005,0.006,257.654,259.725,256.688
1780996159.7277598,-3.493,3.571,-0.005,0.005,257.702,259.53,256.826
1780996159.7426429,-3.38,3.286,-0.004,0.005,257.684,259.437,256.933
1780996159.7575948,-3.099,3.286,-0.004,0.005,257.781,259.366,256.905
1780996159.768815,-3.099,3.071,-0.004,0.005,257.731,259.345,256.974
1780996159.783822,-3.042,2.929,-0.004,0.004,257.721,259.313,257.015
1780996159.798913,-2.817,3.0,-0.004,0.005,257.811,259.261,256.975
1780996159.810106,-2.648,3.214,-0.003,0.005,257.907,259.263,256.88
1780996159.825106,-2.93,3.071,-0.004,0.005,257.771,259.352,256.928
1780996159.840091,-2.592,3.214,-0.003,0.005,257.909,259.274,256.867
1780996159.851478,-2.028,3.429,-0.002,0.005,258.139,259.13,256.78
1780996159.8662012,-2.197,3.071,-0.003,0.005,257.995,259.13,256.92
1780996159.881381,-1.972,3.286,-0.003,0.005,258.102,259.119,256.827
1780996159.893228,-1.577,3.429,-0.002,0.005,258.252,259.024,256.771
1780996159.934771,-1.521,3.857,-0.002,0.006,258.34,259.106,256.607
1780996159.9351292,-1.577,3.857,-0.002,0.006,258.305,259.132,256.616
1780996159.937991,-1.521,4.0,-0.002,0.006,258.335,259.147,256.573
1780996159.948973,-1.352,4.357,-0.002,0.007,258.447,259.16,256.452
1780996159.964,-0.901,4.0,-0.001,0.006,258.527,258.925,256.6
1780996159.9790149,-0.451,4.071,-0.0,0.006,258.686,258.789,256.577
1780996159.99012,-0.056,4.214,0.0,0.006,258.822,258.704,256.528
1780996160.005187,-0.169,4.429,-0.0,0.007,258.789,258.813,256.455
1780996160.020224,0.225,4.214,0.001,0.006,258.862,258.646,256.545
1780996160.031422,0.225,4.143,0.0,0.006,258.828,258.647,256.577
1780996160.0463629,0.338,3.929,0.001,0.006,258.807,258.585,256.657
1780996160.058282,0.563,4.214,0.001,0.006,258.93,258.581,256.543
1780996160.073251,0.789,4.0,0.001,0.006,258.948,258.479,256.624
1780996160.088247,0.789,3.929,0.001,0.006,258.922,258.482,256.646
1780996160.099417,1.014,3.929,0.001,0.006,258.986,258.421,256.644
1780996160.114272,1.352,4.0,0.002,0.006,259.106,258.334,256.613
1780996160.157286,1.465,4.214,0.002,0.006,259.17,258.356,256.531
1780996160.157687,1.465,4.286,0.002,0.007,259.172,258.38,256.506
1780996160.158018,1.634,4.5,0.002,0.007,259.264,258.372,256.426
1780996160.1663659,2.028,4.5,0.003,0.007,259.392,258.241,256.431
1780996160.18128,2.31,4.857,0.003,0.008,259.551,258.224,256.297
1780996160.196278,1.972,4.571,0.003,0.007,259.345,258.296,256.422
1780996160.207968,2.085,4.571,0.003,0.007,259.371,258.262,256.43
1780996160.222848,1.972,4.857,0.002,0.007,259.378,258.368,256.321
1780996160.237945,2.085,5.0,0.003,0.008,259.443,258.358,256.269
1780996160.249393,2.31,4.571,0.003,0.007,259.429,258.191,256.444
1780996160.264131,2.141,4.929,0.003,0.007,259.439,258.33,256.299
1780996160.2754939,2.141,4.786,0.003,0.007,259.402,258.3,256.363
1780996160.290326,2.141,4.786,0.003,0.007,259.399,258.301,256.366
1780996160.305262,2.028,4.5,0.002,0.007,259.293,258.284,256.482
1780996160.316221,2.085,5.143,0.003,0.008,259.445,258.396,256.23
1780996160.331411,2.31,5.286,0.003,0.008,259.553,258.344,256.179
1780996160.374208,2.31,5.357,0.003,0.008,259.557,258.356,256.163
1780996160.374654,2.366,5.5,0.003,0.008,259.6,258.362,256.117
1780996160.374985,2.141,5.286,0.003,0.008,259.471,258.399,256.203
1780996160.38422,2.197,5.429,0.003,0.008,259.517,258.405,256.154
1780996160.399474,2.085,5.5,0.003,0.008,259.49,258.458,256.129
1780996160.414347,2.085,5.143,0.003,0.008,259.415,258.382,256.273
1780996160.425513,2.028,5.286,0.002,0.008,259.428,258.43,256.215
1780996160.440416,1.915,5.214,0.002,0.008,259.374,258.45,256.246
1780996160.455513,1.69,5.357,0.002,0.008,259.328,258.555,256.188
1780996160.466675,2.028,5.214,0.003,0.008,259.431,258.399,256.24
1780996160.4819221,1.577,5.214,0.002,0.008,259.272,258.557,256.239
1780996160.493761,1.69,5.071,0.002,0.008,259.3,258.482,256.285
1780996160.50861,1.296,4.929,0.001,0.007,259.143,258.587,256.334
1780996160.5236218,1.127,4.643,0.001,0.007,259.033,258.583,256.441
1780996160.534822,0.958,5.214,0.001,0.008,259.108,258.754,256.207
1780996160.549632,1.07,4.714,0.001,0.007,259.061,258.599,256.4
1780996160.594008,0.845,4.5,0.001,0.007,258.952,258.631,256.473
1780996160.594402,0.732,4.786,0.001,0.007,258.98,258.728,256.352
1780996160.5947251,0.62,4.786,0.0,0.007,258.957,258.759,256.346
1780996160.602665,0.451,4.429,0.0,0.007,258.839,258.739,256.478
1780996160.617644,0.338,3.786,0.0,0.006,258.689,258.635,256.722
1780996160.6326559,0.113,3.857,-0.0,0.006,258.641,258.729,256.678
1780996160.64363,-0.113,3.571,-0.001,0.005,258.525,258.747,256.773
1780996160.658753,-62.648,47.714,-0.111,0.083,246.568,310.402,241.295
1780996160.673342,-0.676,3.714,0.001,0.004,258.715,258.162,257.159
1780996160.684347,-0.676,3.714,0.001,0.004,258.715,258.162,257.159
1780996160.6994188,-0.676,3.714,0.001,0.004,258.715,258.162,257.159
1780996160.7141912,-0.282,1.714,0.002,0.001,258.41,257.773,257.845
1780996160.725182,0.113,1.357,0.002,0.001,258.455,257.704,257.868
1780996160.740163,0.113,1.357,0.002,0.001,258.455,257.704,257.868
1780996160.755042,0.338,0.714,0.002,0.0,258.382,257.664,257.981
1780996160.766419,-0.394,1.0,0.0,0.001,258.168,258.073,257.785
1780996160.809891,-0.169,1.214,0.0,0.002,258.29,258.127,257.61
1780996160.810345,-1.014,1.5,-0.001,0.002,258.049,258.543,257.438
1780996160.810692,-1.183,1.429,-0.002,0.003,257.983,258.622,257.425
1780996160.822932,-1.521,1.857,-0.002,0.003,257.96,258.847,257.229
1780996160.837892,-1.746,2.5,-0.003,0.005,258.017,259.06,256.966
1780996160.8494809,-1.634,2.857,-0.002,0.005,258.133,259.079,256.834
1780996160.864118,-1.859,3.214,-0.003,0.006,258.124,259.218,256.71
1780996160.879019,-1.746,3.5,-0.002,0.006,258.213,259.217,256.624
1780996160.890149,-2.085,3.929,-0.003,0.007,258.173,259.417,256.473
1780996160.905246,-2.085,4.357,-0.003,0.007,258.255,259.479,256.335
1780996160.9203079,-2.141,4.643,-0.003,0.008,258.282,259.531,256.259
1780996160.9353442,-2.141,5.5,-0.003,0.009,258.443,259.686,255.959
1780996160.946792,-2.028,5.714,-0.003,0.009,258.514,259.673,255.903
1780996160.9617548,-1.972,5.857,-0.003,0.009,258.543,259.657,255.89
1780996160.9765089,-2.423,6.143,-0.004,0.01,258.423,259.861,255.813
1780996160.98844,-2.141,6.071,-0.003,0.009,258.498,259.724,255.87
1780996161.029061,-2.085,6.357,-0.003,0.01,258.567,259.749,255.781
1780996161.029414,-2.028,6.357,-0.003,0.01,258.579,259.719,255.798
1780996161.029751,-2.254,6.929,-0.003,0.011,258.605,259.906,255.598
1780996161.044558,-2.085,7.071,-0.003,0.011,258.679,259.857,255.574
1780996161.059565,-1.803,7.429,-0.002,0.011,258.836,259.816,255.463
1780996161.070733,-1.859,7.5,-0.002,0.011,258.821,259.845,255.451
1780996161.085727,-1.746,7.643,-0.002,0.011,258.872,259.822,255.424
1780996161.100533,-1.859,7.786,-0.003,0.012,258.844,259.888,255.389
1780996161.1117172,-1.746,8.071,-0.002,0.012,258.928,259.907,255.292
1780996161.126718,-1.69,7.929,-0.002,0.012,258.911,259.853,255.358
1780996161.1417532,-1.577,8.429,-0.002,0.013,259.045,259.919,255.171
1780996161.156736,-1.69,8.071,-0.002,0.012,258.918,259.886,255.321
1780996161.168704,-1.183,8.714,-0.001,0.013,259.224,259.838,255.079
1780996161.183498,-1.239,8.429,-0.002,0.012,259.126,259.802,255.203
1780996161.1985018,-1.183,8.429,-0.002,0.012,259.138,259.784,255.209
1780996161.209246,-1.183,8.429,-0.002,0.012,259.138,259.784,255.209
1780996161.250269,-1.183,8.429,-0.002,0.012,259.138,259.784,255.209
1780996161.250724,-1.183,8.429,-0.002,0.012,259.138,259.784,255.209
1780996161.251035,-1.183,8.429,-0.002,0.012,259.138,259.784,255.209
1780996161.264807,-1.183,8.429,-0.002,0.012,259.138,259.784,255.209
1780996161.279629,-0.62,7.5,-0.001,0.011,259.128,259.411,255.565
1780996161.290671,0.0,7.429,0.0,0.011,259.334,259.182,255.587
1780996161.305805,0.113,6.5,0.0,0.009,259.17,258.986,255.926
1780996161.320837,-0.056,6.071,0.0,0.009,259.017,259.007,256.052
1780996161.332808,0.0,5.857,0.0,0.008,258.997,258.981,256.095
1780996161.3476212,-0.225,5.857,-0.0,0.009,258.918,259.085,256.071
1780996161.362719,0.0,5.5,-0.0,0.008,258.936,258.952,256.181
1780996161.3740292,-0.225,5.786,-0.0,0.009,258.923,259.113,256.04
1780996161.38894,-0.169,5.571,-0.0,0.008,258.91,259.054,256.108
1780996161.403767,-0.451,5.214,-0.001,0.008,258.74,259.089,256.238
1780996161.414912,-0.056,4.643,-0.0,0.007,258.777,258.844,256.437
1780996161.429944,0.113,4.429,0.0,0.007,258.802,258.764,256.489
1780996161.473637,0.451,3.857,0.001,0.006,258.812,258.55,256.686
1780996161.474035,0.62,3.714,0.001,0.006,258.847,258.481,256.72
1780996161.474349,0.394,3.071,0.0,0.005,258.638,258.452,256.95
1780996161.482568,0.62,2.929,0.001,0.005,258.701,258.38,256.959
1780996161.497576,0.676,2.643,0.001,0.004,258.669,258.333,257.035
1780996161.512529,0.789,2.571,0.001,0.004,258.702,258.298,257.038
1780996161.523796,0.732,2.286,0.001,0.004,258.637,258.284,257.115
1780996161.538999,1.127,2.143,0.002,0.004,258.753,258.139,257.144
1780996161.5542789,1.239,1.714,0.002,0.003,258.707,258.028,257.298
1780996161.5648792,1.577,1.786,0.002,0.003,258.846,257.956,257.234
1780996161.580823,1.408,1.643,0.002,0.003,258.755,258.013,257.266
1780996161.591529,1.296,1.357,0.002,0.003,258.655,258.018,257.359
1780996161.6060648,1.521,1.5,0.002,0.003,258.768,257.98,257.286
1780996161.62112,1.521,1.429,0.002,0.003,258.748,257.984,257.302
1780996161.63312,1.69,1.5,0.002,0.003,258.823,257.956,257.257
1780996161.6480472,1.634,1.5,0.002,0.003,258.805,257.988,257.243
1780996161.6909518,1.746,0.714,0.002,0.002,258.681,257.796,257.555
1780996161.691392,1.972,0.786,0.003,0.002,258.776,257.747,257.509
1780996161.691732,2.085,1.0,0.003,0.003,258.857,257.761,257.416
1780996161.700554,1.915,1.286,0.002,0.003,258.85,257.886,257.299
1780996161.71535,1.915,1.214,0.002,0.003,258.829,257.874,257.331
1780996161.730465,2.028,1.429,0.003,0.003,258.909,257.875,257.252
1780996161.741458,2.028,1.571,0.003,0.004,258.933,257.902,257.204
1780996161.756489,1.972,1.643,0.002,0.004,258.92,257.936,257.183
1780996161.771142,1.859,2.214,0.002,0.005,258.993,258.089,256.961
1780996161.783015,1.859,2.214,0.002,0.005,258.993,258.089,256.961
1780996161.797485,1.859,2.214,0.002,0.005,258.993,258.089,256.961
1780996161.808597,1.859,2.214,0.002,0.005,258.993,258.089,256.961
1780996161.823236,1.859,2.214,0.002,0.005,258.993,258.089,256.961
1780996161.838101,1.859,2.214,0.002,0.005,258.993,258.089,256.961
1780996161.8492649,1.634,3.071,0.002,0.006,259.081,258.334,256.637
1780996161.864095,1.577,3.786,0.002,0.007,259.195,258.485,256.381
1780996161.906527,1.803,3.857,0.002,0.007,259.279,258.396,256.388
1780996161.906933,1.915,4.143,0.002,0.007,259.367,258.398,256.302
1780996161.907246,1.69,4.429,0.002,0.008,259.324,258.514,256.231
1780996161.916099,1.521,4.714,0.002,0.008,259.304,258.609,256.16
1780996161.930945,1.634,5.0,0.002,0.009,259.396,258.61,256.071
1780996161.945966,1.296,5.143,0.001,0.009,259.29,258.737,256.05
1780996161.9575949,1.239,5.571,0.001,0.009,259.351,258.821,255.912
1780996161.972646,1.183,5.786,0.001,0.01,259.373,258.868,255.847
1780996161.987654,0.901,5.857,0.001,0.009,259.281,258.953,255.853
1780996161.998871,1.07,5.786,0.001,0.009,259.326,258.856,255.903
1780996162.013808,0.789,6.0,0.001,0.01,259.266,258.983,255.839
1780996162.025196,0.789,6.286,0.001,0.01,259.324,259.028,255.742
1780996162.039916,0.451,6.429,0.0,0.01,259.233,259.153,255.709
1780996162.054964,0.338,6.5,0.0,0.01,259.213,259.18,255.702
1780996162.066155,0.338,6.929,0.0,0.011,259.307,259.244,255.554
1780996162.081153,0.507,6.929,0.0,0.011,259.366,259.168,255.569
1780996162.12626,0.282,7.143,0.0,0.011,259.329,259.278,255.501
1780996162.1266859,0.338,6.929,0.0,0.011,259.301,259.204,255.597
1780996162.127014,0.0,6.714,-0.0,0.01,259.135,259.275,255.687
1780996162.13761,0.338,6.5,0.0,0.01,259.219,259.106,255.767
1780996162.149004,0.225,6.5,0.0,0.01,259.188,259.146,255.757
1780996162.163818,0.394,6.429,0.0,0.01,259.241,259.071,255.779
1780996162.1750689,0.338,6.214,0.0,0.009,259.18,259.046,255.86
1780996162.190006,-0.113,6.5,-0.0,0.01,259.09,259.266,255.738
1780996162.205131,-0.563,6.5,-0.001,0.01,258.941,259.416,255.737
1780996162.216741,-0.845,6.643,-0.002,0.01,258.884,259.532,255.682
1780996162.233004,-0.563,6.857,-0.001,0.011,259.039,259.463,255.601
1780996162.2468731,-0.845,6.643,-0.001,0.01,258.905,259.504,255.689
1780996162.261966,-0.845,6.429,-0.001,0.01,258.871,259.445,255.777
1780996162.27326,-0.901,6.714,-0.001,0.01,258.921,259.515,255.664
1780996162.2881842,-0.901,7.071,-0.001,0.011,258.997,259.587,255.524
1780996162.303115,-1.239,6.571,-0.002,0.01,258.781,259.596,255.72
1780996162.341894,-1.014,6.929,-0.002,0.011,258.948,259.582,255.575
1780996162.342277,-1.07,6.571,-0.002,0.01,258.865,259.523,255.709
1780996162.344348,-1.408,5.786,-0.002,0.009,258.598,259.474,256.009
1780996162.355575,-1.577,5.714,-0.002,0.009,258.538,259.519,256.024
1780996162.370543,-2.085,5.786,-0.003,0.009,258.395,259.713,255.979
1780996162.3855438,-2.592,5.643,-0.004,0.009,258.212,259.858,256.018
1780996162.396559,-1.972,5.214,-0.003,0.008,258.371,259.533,256.171
1780996162.4117372,-1.915,5.071,-0.003,0.008,258.376,259.485,256.212
1780996162.4482439,-2.085,4.786,-0.003,0.008,258.276,259.496,256.298
1780996162.448601,-1.972,4.643,-0.003,0.007,258.305,259.433,256.33
1780996162.453268,-1.803,4.214,-0.002,0.007,258.288,259.295,256.477
1780996162.468322,-1.972,4.214,-0.003,0.007,258.238,259.366,256.459
1780996162.483283,-1.746,4.0,-0.002,0.007,258.287,259.252,256.519
1780996162.4945989,-1.972,3.429,-0.003,0.006,258.103,259.229,256.72
1780996162.5095282,-1.69,3.357,-0.002,0.006,258.206,259.127,256.718
1780996162.524545,-1.746,3.071,-0.002,0.005,258.138,259.107,256.804
1780996162.5357819,-1.746,2.929,-0.002,0.005,258.117,259.089,256.841
1780996162.550844,-1.577,2.857,-0.002,0.005,258.172,259.029,256.845
1780996162.566148,-1.69,2.5,-0.002,0.005,258.066,259.014,256.963
1780996162.5776331,-1.521,2.214,-0.002,0.004,258.078,258.91,257.052
1780996162.5927548,-1.465,2.143,-0.002,0.004,258.088,258.888,257.063
1780996162.607661,-1.183,1.714,-0.002,0.003,258.104,258.721,257.21
1780996162.6190789,-1.07,1.571,-0.001,0.003,258.116,258.676,257.241
1780996162.6338701,-1.07,1.5,-0.001,0.003,258.104,258.681,257.25
1780996162.676929,-1.014,1.5,-0.001,0.003,258.129,258.678,257.227
1780996162.67738,-1.296,1.5,-0.002,0.003,258.029,258.789,257.218
1780996162.67771,-1.127,1.5,-0.002,0.003,258.092,258.736,257.207
1780996162.6897888,-1.239,1.643,-0.002,0.004,258.082,258.812,257.143
1780996162.704792,-1.465,2.071,-0.002,0.005,258.095,258.979,256.969
1780996162.716164,-1.408,2.214,-0.002,0.005,258.144,258.983,256.916
1780996162.730895,-1.634,2.571,-0.002,0.005,258.139,259.123,256.786
1780996162.745945,-2.028,2.571,-0.003,0.005,258.001,259.25,256.8
1780996162.75772,-1.746,2.786,-0.003,0.006,258.147,259.173,256.731
1780996162.7727401,-1.859,2.929,-0.003,0.006,258.136,259.232,256.685
1780996162.787679,-2.028,3.0,-0.003,0.006,258.092,259.294,256.669
1780996162.799108,-1.746,2.929,-0.002,0.006,258.171,259.165,256.715
1780996162.813997,-2.141,3.0,-0.003,0.006,258.044,259.315,256.695
1780996162.829029,-2.197,3.429,-0.003,0.006,258.111,259.417,256.533
1780996162.840341,-2.028,3.857,-0.003,0.007,258.256,259.43,256.38
1780996162.855232,-1.915,3.929,-0.003,0.007,258.295,259.391,256.38
1780996162.897432,-1.803,4.786,-0.003,0.009,258.493,259.517,256.069
1780996162.8978071,-1.859,4.714,-0.003,0.008,258.438,259.508,256.131
1780996162.898135,-1.69,5.0,-0.002,0.009,258.545,259.498,256.038
1780996162.910892,-1.634,5.357,-0.002,0.009,258.615,259.544,255.927
1780996162.925987,-1.634,5.857,-0.002,0.01,258.695,259.635,255.765
1780996162.937707,-1.465,5.786,-0.002,0.01,258.721,259.546,255.824
1780996162.952676,-1.296,6.0,-0.002,0.01,258.813,259.525,255.756
1780996162.967638,-1.239,6.143,-0.002,0.01,258.842,259.532,255.723
1780996162.978818,-1.183,6.143,-0.002,0.01,258.842,259.513,255.74
1780996162.993889,-1.183,6.214,-0.002,0.01,258.84,259.526,255.729
1780996163.0089111,-1.014,6.429,-0.001,0.01,258.937,259.511,255.652
1780996163.0202858,-1.352,6.571,-0.002,0.011,258.831,259.665,255.608
1780996163.035199,-1.127,6.714,-0.002,0.011,258.929,259.602,255.574
1780996163.05019,-1.014,6.714,-0.001,0.011,258.957,259.557,255.59
1780996163.061377,-1.07,7.0,-0.002,0.011,258.978,259.637,255.496
1780996163.076444,-0.789,7.357,-0.001,0.012,259.145,259.608,255.365
1780996163.120838,-0.676,7.0,-0.001,0.011,259.095,259.497,255.516
1780996163.121226,-0.394,6.929,-0.001,0.011,259.173,259.383,255.549
1780996163.121543,-0.394,6.929,-0.001,0.011,259.165,259.395,255.546
1780996163.1328902,0.056,6.5,0.0,0.01,259.23,259.151,255.714
1780996163.144001,-0.113,6.714,-0.0,0.011,259.201,259.28,255.62
1780996163.159086,0.282,6.286,0.0,0.01,259.247,259.068,255.775
1780996163.17414,0.169,6.357,0.0,0.01,259.219,259.139,255.736
1780996163.185351,-0.056,6.571,-0.0,0.01,259.177,259.275,255.647
1780996163.200296,0.169,6.143,0.0,0.01,259.17,259.114,255.805
1780996163.215241,0.113,6.357,0.0,0.01,259.192,259.186,255.716
1780996163.2264209,-0.169,6.143,-0.0,0.01,259.049,259.25,255.791
1780996163.2415,-0.394,6.286,-0.001,0.01,259.003,259.359,255.732
1780996163.2565398,-0.507,6.5,-0.001,0.01,259.014,259.438,255.647
1780996163.268527,-0.507,6.714,-0.001,0.011,259.067,259.473,255.565
1780996163.283343,-0.507,6.357,-0.001,0.01,259.0,259.389,255.707
1780996163.2984672,-0.845,6.214,-0.002,0.01,258.853,259.478,255.763
1780996163.340636,-0.901,6.5,-0.002,0.01,258.902,259.545,255.654
1780996163.341078,-1.07,6.643,-0.002,0.011,258.879,259.622,255.603
1780996163.341422,-1.296,6.786,-0.002,0.011,258.835,259.72,255.553
1780996163.354344,-1.07,6.429,-0.002,0.01,258.85,259.556,255.692
1780996163.3657322,-1.07,6.214,-0.002,0.01,258.811,259.508,255.774
1780996163.380403,-1.183,6.214,-0.002,0.01,258.781,259.55,255.764
1780996163.395446,-1.127,6.214,-0.002,0.01,258.812,259.531,255.751
1780996163.406582,-1.634,5.857,-0.003,0.009,258.574,259.639,255.877
1780996163.421685,-1.465,5.357,-0.002,0.009,258.543,259.471,256.065
1780996163.4367192,-1.577,5.714,-0.002,0.009,258.595,259.59,255.903
1780996163.4486248,-1.746,5.143,-0.003,0.008,258.433,259.534,256.11
1780996163.463525,-1.521,5.143,-0.002,0.008,258.53,259.457,256.09
1780996163.478493,-1.352,5.071,-0.002,0.008,258.584,259.385,256.107
1780996163.489857,-1.634,4.786,-0.002,0.008,258.435,259.438,256.199
1780996163.5048661,-1.352,4.714,-0.002,0.008,258.531,259.328,256.211
1780996163.5197408,-1.577,4.5,-0.002,0.008,258.416,259.37,256.283
1780996163.564039,-1.577,4.5,-0.002,0.008,258.425,259.376,256.267
1780996163.564477,-1.634,4.214,-0.002,0.007,258.355,259.341,256.369
1780996163.5648,-1.859,4.071,-0.003,0.007,258.255,259.403,256.407
1780996163.575897,-1.634,3.714,-0.002,0.006,258.276,259.257,256.525
1780996163.587799,-1.577,3.714,-0.002,0.007,258.31,259.25,256.499
1780996163.60253,-1.859,3.429,-0.003,0.006,258.16,259.301,256.596
1780996163.617494,-1.859,3.071,-0.003,0.006,258.103,259.233,256.717
1780996163.628621,-1.746,3.286,-0.003,0.006,258.206,259.245,256.605
1780996163.6435049,-1.915,2.929,-0.003,0.006,258.084,259.241,256.727
1780996163.6585338,-1.634,2.571,-0.002,0.005,258.122,259.069,256.856
1780996163.6696708,-1.577,2.571,-0.002,0.005,258.15,259.061,256.835
1780996163.684769,-1.521,2.286,-0.002,0.005,258.12,258.998,256.926
1780996163.699334,-1.352,1.857,-0.002,0.004,258.099,258.865,257.075
1780996163.710527,-1.352,1.857,-0.002,0.004,258.099,258.865,257.075
1780996163.72541,-1.183,1.929,-0.002,0.004,258.175,258.843,257.022
1780996163.740384,-1.352,1.714,-0.002,0.004,258.069,258.879,257.091
1780996163.783308,-1.127,1.5,-0.002,0.004,258.11,258.77,257.156
1780996163.7837608,-1.127,1.429,-0.002,0.004,258.096,258.763,257.177
1780996163.784102,-1.521,1.786,-0.002,0.004,258.033,258.991,257.018
1780996163.7965891,-1.577,1.786,-0.002,0.004,258.016,259.01,257.017
1780996163.808382,-1.915,2.214,-0.003,0.005,257.989,259.213,256.847
1780996163.823366,-1.972,2.5,-0.003,0.006,258.034,259.276,256.742
1780996163.838484,-1.803,2.857,-0.003,0.006,258.168,259.277,256.612
1780996163.849592,-1.803,2.857,-0.003,0.006,258.168,259.261,256.627
1780996163.864686,-1.746,2.786,-0.003,0.006,258.172,259.213,256.669
1780996163.879662,-1.746,2.857,-0.003,0.006,258.185,259.217,256.652
1780996163.8908749,-2.141,3.0,-0.003,0.006,258.071,259.383,256.604
1780996163.905866,-1.69,2.929,-0.002,0.006,258.216,259.197,256.641
1780996163.920882,-1.915,3.143,-0.003,0.006,258.176,259.319,256.563
1780996163.932472,-1.915,3.143,-0.003,0.006,258.175,259.314,256.569
1780996163.947754,-2.141,3.286,-0.003,0.007,258.122,259.421,256.518
1780996163.962781,-2.028,3.286,-0.003,0.006,258.157,259.372,256.531
1780996164.004052,-2.085,4.0,-0.003,0.008,258.278,259.529,256.265
1780996164.004425,-2.085,4.214,-0.003,0.008,258.314,259.561,256.2
1780996164.004766,-2.141,4.357,-0.003,0.008,258.306,259.603,256.168
1780996164.018767,-1.746,4.643,-0.002,0.009,258.499,259.511,256.07
1780996164.029922,-1.859,5.214,-0.003,0.009,258.56,259.662,255.868
1780996164.044984,-1.803,4.857,-0.003,0.009,258.494,259.554,256.033
1780996164.059916,-1.69,5.286,-0.002,0.009,258.605,259.599,255.885
1780996164.071041,-1.465,5.286,-0.002,0.009,258.67,259.512,255.904
1780996164.0861912,-1.859,5.357,-0.003,0.009,258.529,259.667,255.894
1780996164.101147,-1.239,5.714,-0.002,0.01,258.809,259.517,255.768
1780996164.1129658,-1.521,5.643,-0.002,0.01,258.679,259.609,255.806
1780996164.127969,-1.239,6.0,-0.002,0.01,258.842,259.58,255.678
1780996164.142824,-0.901,5.714,-0.001,0.01,258.888,259.398,255.804
1780996164.154081,-1.07,6.071,-0.002,0.01,258.882,259.541,255.676
1780996164.1691608,-0.845,5.714,-0.001,0.01,258.869,259.387,255.833
1780996164.184009,-0.901,6.286,-0.001,0.011,258.952,259.534,255.617
1780996164.226639,-0.732,6.429,-0.001,0.011,259.033,259.503,255.568
1780996164.227087,-0.507,5.786,-0.001,0.01,258.969,259.29,255.829
1780996164.227437,-0.507,6.214,-0.001,0.01,259.046,259.389,255.663
1780996164.240032,-0.338,6.071,-0.001,0.01,259.062,259.306,255.725
1780996164.251223,0.0,6.214,-0.0,0.01,259.206,259.223,255.668
1780996164.266366,0.0,6.071,-0.0,0.01,259.152,259.206,255.735
1780996164.278075,0.056,6.571,-0.0,0.011,259.266,259.3,255.54
1780996164.293204,-0.338,6.714,-0.001,0.011,259.141,259.479,255.49
1780996164.30816,-0.056,6.714,-0.0,0.011,259.24,259.379,255.491
1780996164.323301,-0.676,6.429,-0.001,0.011,258.957,259.536,255.61
1780996164.334473,-1.69,6.357,-0.003,0.01,258.598,259.869,255.64
1780996164.34949,-2.479,5.929,-0.004,0.01,258.274,260.032,255.798
1780996164.364514,-3.38,5.143,-0.006,0.008,257.856,260.162,256.079
1780996164.3758998,-4.169,3.929,-0.007,0.006,257.385,260.17,256.533
1780996164.3908029,-5.014,2.286,-0.008,0.004,256.863,260.094,257.124
1780996164.405813,-5.521,1.5,-0.009,0.003,256.642,260.093,257.348
1780996164.449138,-5.239,1.786,-0.008,0.004,256.886,260.041,257.151
1780996164.449502,-5.127,1.643,-0.007,0.004,256.939,259.967,257.168
1780996164.449852,-4.62,2.857,-0.007,0.006,257.385,260.038,256.657
1780996164.458004,-4.62,2.857,-0.007,0.006,257.385,260.038,256.657
1780996164.47271,-4.62,2.857,-0.007,0.006,257.385,260.038,256.657
1780996164.487512,-4.62,2.857,-0.007,0.006,257.385,260.038,256.657
1780996164.498386,-4.62,2.857,-0.007,0.006,257.385,260.038,256.657
