Timestamp,x_err,y_err,x_out,y_out,a_theta,b_theta,c_theta
1780997812.753952,0.0,0.0,0.0,0.0,258.008,258.008,258.008
1780997812.7918122,0.0,0.0,0.0,0.0,258.008,258.008,258.008
1780997812.792073,0.0,0.0,0.0,0.0,258.008,258.008,258.008
1780997812.795708,0.0,0.0,0.0,0.0,258.008,258.008,258.008
1780997812.810792,0.0,0.0,0.0,0.0,258.008,258.008,258.008
1780997812.8220448,0.0,0.0,0.0,0.0,258.008,258.008,258.008
1780997812.837286,0.0,0.0,0.0,0.0,258.008,258.008,258.008
1780997812.8486211,0.0,0.0,0.0,0.0,258.008,258.008,258.008
1780997812.8637152,0.0,0.0,0.0,0.0,258.008,258.008,258.008
1780997812.932139,0.0,0.0,0.0,0.0,258.008,258.008,258.008
1780997812.932396,0.0,0.0,0.0,0.0,258.008,258.008,258.008
1780997812.932621,0.0,0.0,0.0,0.0,258.008,258.008,258.008
1780997812.932866,0.0,0.0,0.0,0.0,258.008,258.008,258.008
1780997812.933101,0.0,0.0,0.0,0.0,258.008,258.008,258.008
1780997812.947566,0.0,0.0,0.0,0.0,258.008,258.008,258.008
1780997812.958389,0.0,0.0,0.0,0.0,258.008,258.008,258.008
1780997812.973043,0.0,0.0,0.0,0.0,258.008,258.008,258.008
1780997813.013036,0.0,0.0,0.0,0.0,258.008,258.008,258.008
1780997813.013398,0.0,0.0,0.0,0.0,258.008,258.008,258.008
1780997813.013657,0.0,0.0,0.0,0.0,258.008,258.008,258.008
1780997813.028215,0.0,0.0,0.0,0.0,258.008,258.008,258.008
1780997813.039238,0.0,0.0,0.0,0.0,258.008,258.008,258.008
1780997813.0540748,0.0,0.0,0.0,0.0,258.008,258.008,258.008
1780997813.065634,0.0,0.0,0.0,0.0,258.008,258.008,258.008
1780997813.0804322,0.0,0.0,0.0,0.0,258.008,258.008,258.008
1780997813.095156,0.0,0.0,0.0,0.0,258.008,258.008,258.008
1780997813.106116,0.0,0.0,0.0,0.0,258.008,258.008,258.008
1780997813.120926,0.0,0.0,0.0,0.0,258.008,258.008,258.008
1780997813.135454,0.0,0.0,0.0,0.0,258.008,258.008,258.008
1780997813.146467,0.0,0.0,0.0,0.0,258.008,258.008,258.008
1780997813.1612248,0.0,0.0,0.0,0.0,258.008,258.008,258.008
1780997813.1722171,0.0,0.0,0.0,0.0,258.008,258.008,258.008
1780997813.18693,0.0,0.0,0.0,0.0,258.008,258.008,258.008
1780997813.213035,0.0,0.0,0.0,0.0,258.008,258.008,258.008
1780997813.213456,0.0,0.0,0.0,0.0,258.008,258.008,258.008
1780997813.227349,0.0,0.0,0.0,0.0,258.008,258.008,258.008
1780997813.242188,0.0,0.0,0.0,0.0,258.008,258.008,258.008
1780997813.253163,0.0,0.0,0.0,0.0,258.008,258.008,258.008
1780997813.267906,0.0,0.0,0.0,0.0,258.008,258.008,258.008
1780997813.278705,0.0,0.0,0.0,0.0,258.008,258.008,258.008
1780997813.293469,0.0,0.0,0.0,0.0,258.008,258.008,258.008
1780997813.3081532,0.0,0.0,0.0,0.0,258.008,258.008,258.008
1780997813.319276,0.0,0.0,0.0,0.0,258.008,258.008,258.008
1780997813.33411,0.0,0.0,0.0,0.0,258.008,258.008,258.008
1780997813.348653,0.0,0.0,0.0,0.0,258.008,258.008,258.008
1780997813.360342,0.0,0.0,0.0,0.0,258.008,258.008,258.008
1780997813.374391,0.0,0.0,0.0,0.0,258.008,258.008,258.008
1780997813.3860512,0.0,0.0,0.0,0.0,258.008,258.008,258.008
1780997813.400991,0.0,0.0,0.0,0.0,258.008,258.008,258.008
1780997813.4410229,0.0,0.0,0.0,0.0,258.008,258.008,258.008
1780997813.4414458,0.0,0.0,0.0,0.0,258.008,258.008,258.008
1780997813.441765,0.0,0.0,0.0,0.0,258.008,258.008,258.008
1780997813.455619,0.0,0.0,0.0,0.0,258.008,258.008,258.008
1780997813.466536,0.0,0.0,0.0,0.0,258.008,258.008,258.008
1780997813.4813418,0.0,0.0,0.0,0.0,258.008,258.008,258.008
1780997813.492369,0.0,0.0,0.0,0.0,258.008,258.008,258.008
1780997813.507123,0.0,0.0,0.0,0.0,258.008,258.008,258.008
1780997813.5218618,0.0,0.0,0.0,0.0,258.008,258.008,258.008
1780997813.532942,0.0,0.0,0.0,0.0,258.008,258.008,258.008
1780997813.5477,0.0,0.0,0.0,0.0,258.008,258.008,258.008
1780997813.562305,0.0,0.0,0.0,0.0,258.008,258.008,258.008
1780997813.57338,0.0,0.0,0.0,0.0,258.008,258.008,258.008
1780997813.588015,0.0,0.0,0.0,0.0,258.008,258.008,258.008
1780997813.5993972,0.0,0.0,0.0,0.0,258.008,258.008,258.008
1780997813.613913,0.0,0.0,0.0,0.0,258.008,258.008,258.008
1780997813.653567,0.0,0.0,0.0,0.0,258.008,258.008,258.008
1780997813.653915,0.0,0.0,0.0,0.0,258.008,258.008,258.008
1780997813.654252,0.0,0.0,0.0,0.0,258.008,258.008,258.008
1780997813.668842,0.0,0.0,0.0,0.0,258.008,258.008,258.008
1780997813.680429,0.0,0.0,0.0,0.0,258.008,258.008,258.008
1780997813.695157,0.0,0.0,0.0,0.0,258.008,258.008,258.008
1780997813.70617,0.0,0.0,0.0,0.0,258.008,258.008,258.008
1780997813.7209191,0.0,0.0,0.0,0.0,258.008,258.008,258.008
1780997813.735548,0.0,0.0,0.0,0.0,258.008,258.008,258.008
1780997813.746985,71.042,1.643,0.078,0.002,277.148,244.248,257.499
1780997813.762356,71.887,2.786,0.08,0.004,277.883,244.197,257.093
1780997813.776778,72.338,2.714,0.08,0.003,278.067,244.073,257.128
1780997813.7884061,72.338,2.714,0.08,0.003,278.067,244.073,257.128
1780997813.8031769,73.69,5.857,0.082,0.008,279.595,244.187,256.069
1780997813.817924,73.972,6.5,0.083,0.009,279.875,244.207,255.883
1780997813.82885,73.972,6.5,0.083,0.009,279.875,244.207,255.883
1780997813.866027,73.972,6.5,0.083,0.009,279.875,244.207,255.883
1780997813.866417,73.972,6.5,0.083,0.009,279.875,244.207,255.883
1780997813.870104,70.93,11.0,0.078,0.015,279.548,245.593,254.472
1780997813.8852859,69.296,12.429,0.075,0.017,279.072,246.135,254.135
1780997813.900434,66.648,13.143,0.072,0.017,277.945,246.763,254.095
1780997813.911561,63.718,13.929,0.068,0.018,276.827,247.46,254.002
1780997813.9266071,60.845,14.357,0.064,0.018,275.701,248.145,253.956
1780997813.941395,57.972,14.5,0.06,0.018,274.581,248.773,253.997
1780997813.952512,56.62,15.071,0.058,0.018,274.219,249.136,253.845
1780997813.967597,54.648,15.857,0.056,0.02,273.648,249.697,253.624
1780997813.982432,52.0,16.643,0.052,0.021,272.807,250.44,253.409
1780997813.997441,48.282,17.5,0.048,0.021,271.817,251.236,253.262
1780997814.0084321,45.915,16.286,0.045,0.019,270.676,251.582,253.711
1780997814.023238,45.915,16.286,0.045,0.019,270.676,251.582,253.711
1780997814.038058,42.085,18.0,0.04,0.022,269.679,252.822,253.169
1780997814.0491881,37.127,18.5,0.033,0.022,268.02,254.186,253.047
1780997814.087548,37.127,18.5,0.033,0.022,268.02,254.186,253.047
1780997814.0879092,29.07,18.929,0.023,0.022,265.735,256.038,253.026
1780997814.0907378,24.958,19.143,0.019,0.022,264.888,256.731,253.049
1780997814.105699,23.268,19.643,0.018,0.023,264.573,257.153,252.908
1780997814.120665,19.944,19.714,0.013,0.023,263.597,258.012,252.912
1780997814.1315699,15.944,20.143,0.008,0.024,262.495,259.154,252.796
1780997814.1464598,13.634,20.5,0.005,0.024,261.988,259.737,252.705
1780997814.161542,7.437,20.071,-0.002,0.023,260.27,261.217,252.896
1780997814.1727612,6.648,19.714,-0.002,0.022,260.166,261.167,253.032
1780997814.18769,1.352,19.286,-0.008,0.022,259.002,262.18,253.202
1780997814.2027168,-0.451,19.0,-0.009,0.021,258.57,262.525,253.302
1780997814.217877,-6.479,18.071,-0.016,0.02,257.117,263.774,253.601
1780997814.2289732,-8.676,18.214,-0.017,0.02,256.832,264.172,253.539
1780997814.24382,-12.62,17.571,-0.022,0.019,255.868,265.056,253.736
1780997814.2587788,-15.38,17.429,-0.025,0.019,255.348,265.648,253.762
1780997814.2735848,-19.662,17.214,-0.03,0.019,254.372,266.792,253.81
1780997814.3133912,-21.69,16.786,-0.031,0.018,254.026,267.082,253.927
1780997814.3138418,-24.451,16.0,-0.035,0.017,253.241,267.773,254.179
1780997814.3151329,-27.606,15.429,-0.037,0.016,252.7,268.31,254.318
1780997814.329897,-30.366,14.5,-0.041,0.015,251.905,269.003,254.611
1780997814.341103,-30.93,13.786,-0.041,0.014,251.783,268.885,254.828
1780997814.355894,-35.718,12.071,-0.047,0.012,250.484,270.039,255.335
1780997814.370861,-36.789,11.786,-0.047,0.012,250.449,270.064,255.354
1780997814.3856819,-39.042,11.071,-0.05,0.011,249.855,270.651,255.561
1780997814.3970292,-40.563,10.286,-0.051,0.01,249.598,270.775,255.751
1780997814.411925,-43.099,8.714,-0.053,0.008,248.933,271.152,256.206
1780997814.427074,-43.38,8.786,-0.053,0.008,248.998,271.154,256.134
1780997814.438387,-45.239,7.214,-0.056,0.006,248.375,271.417,256.637
1780997814.453132,-45.803,6.143,-0.055,0.005,248.416,271.062,256.856
1780997814.467825,-47.042,5.571,-0.056,0.004,248.197,271.258,256.957
1780997814.482968,-47.549,4.786,-0.056,0.004,248.119,271.134,257.141
1780997814.494255,-48.338,3.429,-0.056,0.002,247.932,270.962,257.485
1780997814.5331001,-48.507,2.857,-0.056,0.002,247.934,270.806,257.602
1780997814.533535,-48.563,1.643,-0.055,0.0,247.901,270.455,257.91
1780997814.539147,-48.732,1.0,-0.055,-0.0,247.892,270.332,258.015
1780997814.550653,-48.169,0.071,-0.054,-0.001,248.008,269.878,258.236
1780997814.565734,-48.056,-0.786,-0.053,-0.002,247.985,269.657,258.439
1780997814.580829,-47.042,-1.5,-0.052,-0.003,248.184,269.12,258.635
1780997814.59585,-46.817,-1.714,-0.051,-0.003,248.244,269.063,258.611
1780997814.606991,-45.408,-2.0,-0.049,-0.003,248.586,268.531,258.644
1780997814.6221051,-44.958,-2.214,-0.049,-0.003,248.665,268.375,258.681
1780997814.6370618,-42.873,-2.5,-0.046,-0.003,249.156,267.606,258.746
1780997814.651863,-41.69,-3.286,-0.044,-0.004,249.313,267.098,258.994
1780997814.666781,-39.493,-3.571,-0.041,-0.005,249.844,266.282,259.079
1780997814.67789,-39.042,-3.143,-0.041,-0.004,249.999,266.285,258.898
1780997814.692676,-36.62,-3.571,-0.037,-0.005,250.558,265.386,259.042
1780997814.707616,-33.296,-3.357,-0.033,-0.004,251.394,264.447,258.929
1780997814.7473228,-30.479,-3.071,-0.029,-0.003,252.095,263.721,258.8
1780997814.747821,-29.915,-2.857,-0.029,-0.003,252.208,263.677,258.714
1780997814.748568,-26.366,-2.429,-0.025,-0.002,253.035,262.855,258.556
1780997814.763694,-23.944,-1.929,-0.022,-0.002,253.636,262.339,258.38
1780997814.778571,-21.014,-1.429,-0.019,-0.001,254.292,261.749,258.226
1780997814.79364,-18.141,-1.071,-0.015,-0.0,255.013,261.055,258.115
1780997814.80543,-15.493,-0.429,-0.012,0.0,255.609,260.609,257.916
1780997814.820501,-13.521,-0.071,-0.01,0.001,256.064,260.222,257.814
1780997814.835511,-11.606,0.143,-0.008,0.001,256.479,259.827,257.769
1780997814.846507,-7.38,1.5,-0.003,0.003,257.809,258.91,257.318
1780997814.861563,-5.239,2.0,-0.001,0.004,258.322,258.526,257.186
1780997814.8764942,-1.408,3.571,0.004,0.006,259.555,257.819,256.688
1780997814.8877618,0.901,4.429,0.007,0.007,260.318,257.358,256.421
1780997814.9025228,2.93,5.143,0.009,0.008,260.811,257.071,256.246
1780997814.917679,5.239,5.571,0.012,0.008,261.505,256.54,256.135
1780997814.928596,9.127,6.929,0.018,0.01,262.919,255.708,255.701
1780997814.968916,9.972,7.286,0.018,0.01,263.082,255.641,255.626
1780997814.9693599,14.254,8.857,0.023,0.012,264.486,254.875,255.188
1780997814.969656,18.028,10.714,0.028,0.015,265.8,254.317,254.66
1780997814.9851918,20.113,11.286,0.03,0.015,266.461,253.922,254.524
1780997815.0001578,22.648,12.429,0.032,0.016,266.998,253.717,254.304
1780997815.0112598,25.183,13.0,0.034,0.017,267.5,253.376,254.255
1780997815.026347,28.113,13.643,0.037,0.017,268.41,252.817,254.121
1780997815.041224,29.296,14.5,0.038,0.018,268.702,252.799,253.917
1780997815.052376,31.944,15.786,0.041,0.02,269.866,252.336,253.525
1780997815.06755,34.31,16.214,0.044,0.02,270.542,251.91,253.47
1780997815.082599,36.169,17.143,0.045,0.021,271.137,251.712,253.249
1780997815.0938492,38.366,17.571,0.047,0.021,271.624,251.4,253.228
1780997815.108761,39.042,17.786,0.048,0.022,271.796,251.318,253.192
1780997815.123672,41.239,18.286,0.05,0.022,272.385,250.991,253.123
1780997815.138747,42.648,18.643,0.051,0.022,272.668,250.839,253.089
1780997815.150826,44.225,18.929,0.052,0.022,273.067,250.603,253.063
1780997815.1914182,44.732,19.357,0.052,0.023,273.185,250.628,252.959
1780997815.191798,45.746,19.071,0.053,0.022,273.283,250.428,253.101
1780997815.192138,46.761,19.214,0.054,0.022,273.529,250.286,253.085
1780997815.2067351,47.324,18.714,0.054,0.021,273.459,250.155,253.269
1780997815.221809,47.944,19.071,0.055,0.022,273.671,250.123,253.162
1780997815.233079,47.944,18.571,0.054,0.021,273.46,250.092,253.334
1780997815.248092,48.338,18.429,0.055,0.021,273.503,250.024,253.376
1780997815.262997,48.225,17.857,0.054,0.02,273.243,250.022,253.552
1780997815.274178,48.169,17.286,0.054,0.019,273.053,249.977,253.728
1780997815.289357,47.887,16.929,0.053,0.019,272.839,250.025,253.823
1780997815.304199,47.211,15.786,0.052,0.017,272.3,250.055,254.162
1780997815.316297,45.352,14.429,0.049,0.015,271.217,250.359,254.605
1780997815.331167,44.563,13.143,0.048,0.013,270.726,250.369,254.951
1780997815.346231,43.606,11.429,0.047,0.011,270.089,250.352,255.44
1780997815.3611479,42.366,11.643,0.046,0.012,269.763,250.722,255.287
1780997815.372534,41.239,11.143,0.044,0.012,269.386,250.912,255.369
1780997815.411602,39.831,10.714,0.043,0.011,268.923,251.183,255.433
1780997815.412014,38.197,9.643,0.04,0.01,268.189,251.422,255.749
1780997815.4133708,38.197,9.643,0.04,0.01,268.189,251.422,255.749
1780997815.428472,35.606,7.929,0.037,0.008,267.083,251.787,256.243
1780997815.443595,33.577,5.929,0.035,0.005,266.171,251.944,256.826
1780997815.455364,31.38,5.286,0.032,0.005,265.508,252.362,256.934
1780997815.470199,30.085,4.786,0.031,0.004,265.121,252.58,257.031
1780997815.481318,28.225,3.429,0.029,0.002,264.363,252.816,257.436
1780997815.496334,25.634,2.286,0.025,0.001,263.529,253.243,257.717
1780997815.5113,22.986,1.5,0.022,0.0,262.67,253.786,257.913
1780997815.522632,21.577,0.929,0.02,-0.0,262.19,254.047,258.076
1780997815.537801,19.099,-0.143,0.018,-0.001,261.491,254.421,258.331
1780997815.5528262,16.732,-0.357,0.015,-0.001,260.988,254.911,258.287
1780997815.5678139,14.254,-0.786,0.013,-0.001,260.398,255.392,258.345
1780997815.578976,11.549,-1.214,0.009,-0.002,259.726,255.943,258.42
1780997815.594047,10.254,-2.357,0.008,-0.003,259.287,256.007,258.785
1780997815.632919,7.549,-2.143,0.005,-0.003,258.661,256.735,258.65
1780997815.633369,6.479,-2.143,0.004,-0.003,258.42,256.992,258.627
1780997815.635249,3.437,-2.857,-0.001,-0.004,257.438,257.73,258.867
1780997815.65019,0.789,-3.071,-0.004,-0.004,256.828,258.326,258.89
1780997815.664982,-1.972,-3.714,-0.007,-0.005,256.115,258.881,259.077
1780997815.6759171,-2.704,-3.571,-0.008,-0.004,256.038,259.04,258.998
1780997815.690871,-2.704,-3.571,-0.008,-0.004,256.038,259.04,258.998
1780997815.705764,-8.282,-3.357,-0.015,-0.004,254.665,260.648,258.876
1780997815.720672,-8.282,-3.357,-0.015,-0.004,254.665,260.648,258.876
1780997815.731725,-12.113,-2.286,-0.02,-0.002,253.995,261.837,258.461
1780997815.746769,-13.972,-1.857,-0.022,-0.001,253.657,262.398,258.302
1780997815.761607,-17.746,-0.929,-0.026,0.0,253.114,263.388,257.983
1780997815.776565,-18.423,-0.643,-0.026,0.0,253.084,263.525,257.891
1780997815.787735,-21.296,-0.143,-0.029,0.001,252.567,264.324,257.74
1780997815.802637,-21.408,0.357,-0.029,0.002,252.725,264.315,257.576
1780997815.817425,-24.451,1.429,-0.032,0.003,252.234,265.319,257.235
1780997815.856386,-25.127,1.429,-0.033,0.003,252.138,265.411,257.26
1780997815.8567538,-26.761,2.571,-0.035,0.005,251.953,266.1,256.875
1780997815.858201,-29.014,5.857,-0.037,0.01,252.096,267.182,255.833
1780997815.873149,-29.239,5.714,-0.036,0.009,252.142,266.934,255.985
1780997815.88509,-29.296,5.714,-0.035,0.008,252.237,266.709,256.068
1780997815.900085,-31.718,5.857,-0.038,0.008,251.73,267.324,256.108
1780997815.915112,-32.338,6.0,-0.038,0.008,251.675,267.394,256.111
1780997815.930122,-33.127,6.571,-0.038,0.009,251.671,267.566,255.978
1780997815.9413068,-33.577,6.714,-0.038,0.009,251.667,267.562,255.985
1780997815.956311,-34.141,6.929,-0.039,0.009,251.628,267.649,255.957
1780997815.971144,-34.423,7.429,-0.039,0.01,251.695,267.721,255.829
1780997815.985921,-34.197,7.714,-0.038,0.01,251.82,267.658,255.745
1780997815.9974341,-34.197,7.714,-0.038,0.01,251.82,267.658,255.745
1780997816.0120761,-34.197,8.857,-0.038,0.011,252.023,267.794,255.422
1780997816.027113,-34.423,8.857,-0.038,0.011,251.963,267.849,255.443
1780997816.0383208,-34.254,9.571,-0.038,0.012,252.126,267.888,255.241
1780997816.078559,-33.352,10.0,-0.036,0.013,252.444,267.592,255.14
1780997816.0789812,-32.901,10.429,-0.036,0.013,252.612,267.477,255.057
1780997816.0832589,-31.662,11.0,-0.034,0.014,253.014,267.129,254.916
1780997816.0950882,-30.592,10.643,-0.032,0.013,253.201,266.68,255.083
1780997816.110177,-29.915,11.071,-0.032,0.013,253.419,266.556,254.958
1780997816.125094,-28.563,11.571,-0.03,0.014,253.811,266.227,254.824
1780997816.14017,-26.986,11.5,-0.028,0.014,254.161,265.714,254.886
1780997816.15151,-25.915,11.643,-0.027,0.014,254.393,265.452,254.867
1780997816.166402,-24.394,11.643,-0.025,0.014,254.73,265.019,254.887
1780997816.181362,-22.817,11.786,-0.023,0.014,255.108,264.605,254.855
1780997816.1962812,-21.746,11.5,-0.022,0.013,255.292,264.257,254.963
1780997816.207639,-20.394,11.857,-0.02,0.014,255.674,263.949,254.846
1780997816.222527,-17.915,11.786,-0.017,0.014,256.263,263.234,254.879
1780997816.23763,-15.887,11.643,-0.014,0.014,256.745,262.628,254.935
1780997816.252473,-13.521,11.929,-0.011,0.014,257.338,262.081,254.841
1780997816.2917938,-12.0,11.571,-0.009,0.013,257.679,261.57,254.967
1780997816.292244,-10.197,11.429,-0.008,0.013,258.007,261.171,255.012
1780997816.2935019,-8.0,11.357,-0.005,0.013,258.547,260.578,255.035
1780997816.308442,-5.859,10.929,-0.003,0.013,258.932,260.035,255.171
1780997816.320301,-3.38,10.643,0.0,0.012,259.531,259.34,255.255
1780997816.3351412,-2.366,10.571,0.001,0.012,259.69,259.173,255.263
1780997816.350136,-0.62,10.357,0.003,0.012,260.071,258.741,255.317
1780997816.361451,1.465,10.214,0.006,0.012,260.57,258.226,255.347
1780997816.376283,3.887,9.643,0.009,0.011,261.094,257.545,255.524
1780997816.391037,6.254,9.5,0.012,0.011,261.771,256.879,255.562
1780997816.4020941,7.549,9.0,0.013,0.01,261.919,256.593,255.71
1780997816.4172218,10.648,8.786,0.017,0.01,262.838,255.712,255.769
1780997816.428363,10.704,8.714,0.017,0.01,262.732,255.795,255.779
1780997816.44321,13.634,8.357,0.021,0.009,263.569,254.96,255.887
1780997816.458245,15.944,8.071,0.024,0.009,264.14,254.419,255.945
1780997816.469549,18.085,7.214,0.026,0.008,264.471,253.888,256.209
1780997816.508022,19.606,7.0,0.027,0.008,264.734,253.639,256.242
1780997816.5084212,21.465,6.929,0.029,0.008,265.274,253.197,256.246
1780997816.511038,23.211,6.286,0.031,0.007,265.433,252.91,256.413
1780997816.526154,25.183,5.714,0.032,0.006,265.742,252.534,256.552
1780997816.541111,25.972,5.571,0.033,0.006,265.828,252.455,256.564
1780997816.552145,27.437,5.143,0.034,0.006,266.118,252.121,256.679
1780997816.567126,28.901,4.5,0.035,0.005,266.298,251.821,256.854
1780997816.582308,29.803,4.214,0.036,0.005,266.38,251.711,256.904
1780997816.59344,30.704,4.286,0.037,0.005,266.619,251.582,256.844
1780997816.608358,31.718,4.0,0.038,0.005,266.772,251.405,256.91
1780997816.6234229,32.676,3.929,0.038,0.005,266.979,251.26,256.898
1780997816.634979,33.014,3.571,0.039,0.004,266.946,251.191,257.001
1780997816.6494021,33.014,3.571,0.039,0.004,266.946,251.191,257.001
1780997816.665023,34.479,3.143,0.041,0.004,267.364,250.753,257.138
1780997816.6762948,34.986,3.429,0.041,0.004,267.486,250.789,256.999
1780997816.691204,35.268,3.143,0.041,0.004,267.42,250.768,257.077
1780997816.730813,35.549,3.714,0.041,0.005,267.592,250.837,256.861
1780997816.7311769,35.549,3.786,0.041,0.005,267.525,250.91,256.834
1780997816.732224,35.493,3.929,0.04,0.005,267.482,250.989,256.783
1780997816.7471218,35.493,4.143,0.04,0.006,267.489,251.05,256.71
1780997816.7582562,35.099,4.0,0.039,0.005,267.289,251.147,256.767
1780997816.7731981,34.817,4.143,0.039,0.006,267.205,251.254,256.719
1780997816.788092,34.028,4.286,0.038,0.006,266.947,251.49,256.674
1780997816.799874,33.296,4.5,0.037,0.006,266.729,251.722,256.602
1780997816.814971,32.789,4.357,0.036,0.006,266.54,251.811,256.662
1780997816.829993,31.775,4.357,0.035,0.006,266.226,252.05,256.666
1780997816.8413079,30.31,4.643,0.033,0.006,265.825,252.454,256.568
1780997816.856503,29.352,4.143,0.031,0.005,265.439,252.591,256.747
1780997816.867572,28.676,4.214,0.031,0.006,265.284,252.737,256.724
1780997816.8824441,27.211,4.929,0.029,0.007,265.015,253.18,256.483
1780997816.8973901,25.746,5.071,0.027,0.007,264.639,253.518,256.451
1780997816.908733,24.169,5.571,0.025,0.007,264.302,253.945,256.295
1780997816.94749,23.493,5.286,0.025,0.007,264.092,254.008,256.411
1780997816.947893,22.028,6.0,0.023,0.008,263.849,254.434,256.181
1780997816.950343,20.394,6.429,0.021,0.009,263.495,254.853,256.061
1780997816.965497,18.817,6.643,0.019,0.009,263.122,255.217,256.017
1780997816.980472,17.465,6.571,0.018,0.009,262.735,255.513,256.06
1780997816.991632,15.718,6.857,0.016,0.009,262.341,255.933,255.988
1780997817.006679,13.915,7.214,0.014,0.009,261.953,256.381,255.889
1780997817.0217018,12.507,7.357,0.012,0.009,261.611,256.723,255.859
1780997817.0329459,10.479,7.929,0.009,0.01,261.16,257.323,255.68
1780997817.047779,8.62,8.0,0.007,0.01,260.678,257.781,255.675
1780997817.0627992,6.873,8.214,0.005,0.01,260.334,258.153,255.634
1780997817.073903,6.873,8.214,0.005,0.01,260.334,258.153,255.634
1780997817.088722,3.662,8.857,0.001,0.011,259.612,259.05,255.451
1780997817.103746,1.634,9.214,-0.001,0.012,259.094,259.687,255.34
1780997817.115767,0.451,9.286,-0.002,0.012,258.88,259.9,255.344
1780997817.1305711,-1.69,9.357,-0.005,0.012,258.288,260.524,255.331
1780997817.170202,-2.648,9.643,-0.006,0.012,258.202,260.696,255.255
1780997817.1705332,-5.465,9.857,-0.01,0.012,257.522,261.473,255.206
1780997817.1711638,-6.873,10.0,-0.011,0.013,257.193,261.87,255.168
1780997817.1861792,-8.563,10.286,-0.014,0.013,256.809,262.39,255.081
1780997817.1974158,-10.535,10.286,-0.016,0.013,256.388,262.83,255.107
1780997817.212407,-12.169,10.5,-0.017,0.013,256.181,263.113,255.064
1780997817.227436,-13.465,11.214,-0.018,0.014,256.127,263.42,254.853
1780997817.2421792,-15.268,10.357,-0.019,0.013,255.631,263.619,255.171
1780997817.253641,-15.268,10.357,-0.019,0.013,255.631,263.619,255.171
1780997817.2685592,-17.634,10.571,-0.022,0.013,255.155,264.252,255.105
1780997817.2836301,-18.592,10.643,-0.023,0.013,255.005,264.453,255.085
1780997817.298665,-20.0,10.286,-0.024,0.012,254.71,264.662,255.205
1780997817.310493,-21.127,10.286,-0.025,0.012,254.534,264.874,255.205
1780997817.325484,-22.028,10.286,-0.026,0.012,254.403,265.033,255.205
1780997817.340404,-22.648,10.357,-0.026,0.012,254.274,265.221,255.179
1780997817.355577,-23.437,10.429,-0.027,0.013,254.173,265.372,255.156
1780997817.395336,-24.169,9.857,-0.028,0.012,253.968,265.394,255.347
1780997817.3957388,-24.789,9.714,-0.028,0.012,253.858,265.484,255.384
1780997817.396137,-25.352,10.214,-0.029,0.012,253.837,265.731,255.201
1780997817.411217,-25.352,10.214,-0.029,0.012,253.837,265.731,255.201
1780997817.422241,-25.803,9.143,-0.029,0.011,253.59,265.606,255.559
1780997817.437288,-26.197,8.929,-0.029,0.011,253.502,265.653,255.612
1780997817.452189,-26.197,8.071,-0.029,0.009,253.438,265.415,255.876
1780997817.463352,-26.31,8.0,-0.029,0.009,253.462,265.403,255.861
1780997817.4785411,-26.141,7.786,-0.029,0.009,253.508,265.286,255.91
1780997817.493433,-26.254,7.143,-0.029,0.008,253.408,265.19,256.096
1780997817.508498,-25.746,6.714,-0.028,0.008,253.514,264.932,256.204
1780997817.520323,-25.408,6.429,-0.027,0.008,253.577,264.786,256.262
1780997817.5351129,-24.732,6.286,-0.026,0.008,253.758,264.539,256.286
1780997817.5502179,-24.338,6.286,-0.026,0.008,253.866,264.449,256.251
1780997817.565212,-23.38,6.214,-0.025,0.008,254.116,264.151,256.248
1780997817.60357,-22.366,5.786,-0.023,0.007,254.306,263.779,256.375
1780997817.6039,-21.521,5.571,-0.022,0.007,254.487,263.5,256.432
1780997817.606324,-20.507,5.429,-0.021,0.007,254.723,263.187,256.464
1780997817.6174662,-19.493,5.429,-0.02,0.007,254.961,262.945,256.434
1780997817.6324532,-18.592,4.643,-0.019,0.006,255.022,262.596,256.684
1780997817.64742,-17.127,4.643,-0.017,0.006,255.381,262.221,256.654
1780997817.662435,-15.831,4.071,-0.015,0.005,255.594,261.799,256.821
1780997817.6737761,-14.986,3.786,-0.014,0.005,255.743,261.548,256.899
1780997817.68866,-13.803,3.5,-0.013,0.005,255.961,261.232,256.968
1780997817.703422,-12.282,3.786,-0.011,0.005,256.443,260.828,256.856
1780997817.715232,-11.099,3.214,-0.009,0.004,256.618,260.443,257.04
1780997817.730186,-8.789,3.071,-0.006,0.004,257.261,259.722,257.08
1780997817.744951,-8.169,2.714,-0.006,0.004,257.275,259.597,257.185
1780997817.756334,-6.479,3.214,-0.003,0.004,257.838,259.214,256.994
1780997817.771199,-4.676,3.429,-0.002,0.005,258.248,258.895,256.9
1780997817.786091,-2.873,3.429,0.001,0.005,258.683,258.465,256.893
1780997817.82726,-1.859,3.786,0.001,0.005,258.938,258.346,256.762
1780997817.827748,0.113,4.286,0.004,0.006,259.596,257.881,256.587
1780997817.828089,1.577,3.929,0.005,0.006,259.774,257.569,256.725
1780997817.838086,2.197,4.571,0.006,0.007,260.024,257.557,256.5
1780997817.852872,4.394,4.929,0.008,0.007,260.582,257.133,256.397
1780997817.868166,5.69,5.0,0.01,0.007,260.881,256.867,256.383
1780997817.8792052,7.493,5.143,0.012,0.007,261.286,256.52,256.357
1780997817.8941529,8.394,5.357,0.012,0.007,261.487,256.393,256.299
1780997817.9098182,10.254,5.714,0.015,0.008,261.979,256.051,256.195
1780997817.921102,11.606,5.857,0.016,0.008,262.269,255.813,256.173
1780997817.9361541,13.577,5.786,0.018,0.008,262.741,255.349,256.22
1780997817.947504,14.028,6.214,0.018,0.008,262.858,255.384,256.082
1780997817.962276,15.718,6.5,0.02,0.009,263.322,255.057,256.005
1780997817.9771478,17.408,6.643,0.022,0.009,263.767,254.7,255.98
1780997817.988585,18.085,7.5,0.022,0.01,264.01,254.767,255.702
1780997818.003566,18.93,7.357,0.023,0.01,264.168,254.561,255.776
1780997818.0449579,19.944,7.643,0.024,0.01,264.428,254.411,255.706
1780997818.0453582,20.62,7.857,0.025,0.01,264.614,254.31,255.651
1780997818.045679,21.972,7.786,0.027,0.01,264.928,254.008,255.696
1780997818.0603468,22.31,7.786,0.027,0.01,264.961,253.967,255.71
1780997818.0715048,23.268,8.357,0.028,0.011,265.296,253.86,255.539
1780997818.0865889,23.493,8.643,0.028,0.011,265.357,253.887,255.46
1780997818.1010282,23.493,8.643,0.028,0.011,265.357,253.887,255.46
1780997818.112041,23.493,8.643,0.028,0.011,265.357,253.887,255.46
1780997818.1270442,24.845,9.857,0.03,0.013,266.01,253.743,255.069
1780997818.142134,25.803,10.357,0.031,0.014,266.317,253.611,254.955
1780997818.153166,25.521,10.143,0.03,0.013,266.08,253.698,255.059
1780997818.168415,25.915,10.643,0.03,0.014,266.226,253.713,254.925
1780997818.183342,25.972,10.786,0.03,0.014,266.193,253.749,254.915
1780997818.195442,25.803,10.643,0.029,0.013,266.047,253.793,254.988
1780997818.210371,25.408,10.429,0.029,0.013,265.826,253.882,255.078
1780997818.225116,25.239,10.143,0.028,0.012,265.697,253.886,255.181
1780997818.2651908,24.958,10.143,0.028,0.013,265.6,253.968,255.177
1780997818.265514,24.958,10.143,0.028,0.013,265.6,253.968,255.177
1780997818.265871,23.775,9.0,0.026,0.011,264.941,254.119,255.571
1780997818.2811399,23.324,8.786,0.026,0.011,264.781,254.203,255.62
1780997818.2920818,22.592,8.429,0.025,0.01,264.521,254.332,255.708
1780997818.307091,22.028,7.786,0.024,0.009,264.279,254.358,255.888
1780997818.31852,21.239,7.643,0.023,0.009,264.028,254.55,255.907
1780997818.333436,20.394,7.714,0.022,0.009,263.819,254.777,255.856
1780997818.3485582,19.493,7.571,0.021,0.009,263.578,254.963,255.876
1780997818.360459,18.592,7.0,0.02,0.009,263.256,255.072,256.047
1780997818.375456,17.465,7.143,0.019,0.009,263.004,255.364,255.973
1780997818.3904488,16.732,6.714,0.018,0.008,262.738,255.462,256.109
1780997818.401761,15.831,6.643,0.017,0.008,262.532,255.645,256.107
1780997818.417057,14.423,6.643,0.015,0.008,262.167,255.992,256.085
1780997818.43179,13.127,6.214,0.014,0.008,261.771,256.222,256.211
1780997818.443221,12.845,6.357,0.013,0.008,261.746,256.303,256.153
1780997818.480723,10.761,5.929,0.011,0.008,261.107,256.758,256.283
1780997818.481117,9.69,5.429,0.01,0.007,260.801,256.891,256.434
1780997818.4849448,8.62,6.0,0.008,0.008,260.651,257.253,256.214
1780997818.499939,7.493,5.357,0.007,0.007,260.259,257.412,256.423
1780997818.515111,5.972,5.071,0.005,0.007,259.857,257.719,256.499
1780997818.526359,4.451,5.214,0.004,0.007,259.546,258.1,256.422
1780997818.541228,3.38,4.714,0.003,0.006,259.253,258.224,256.579
1780997818.552459,2.761,4.571,0.002,0.006,259.076,258.356,256.621
1780997818.5677729,0.958,4.0,-0.0,0.005,258.556,258.696,256.793
1780997818.582463,-0.113,4.357,-0.002,0.006,258.388,259.019,256.644
1780997818.593743,-1.803,4.071,-0.003,0.006,257.963,259.369,256.723
1780997818.608562,-2.704,3.857,-0.004,0.005,257.747,259.529,256.783
1780997818.623412,-3.493,3.857,-0.005,0.005,257.551,259.74,256.775
1780997818.6383302,-5.352,3.786,-0.008,0.005,257.13,260.178,256.778
1780997818.650273,-5.972,3.714,-0.008,0.005,257.029,260.269,256.793
1780997818.6651561,-5.972,3.714,-0.008,0.005,257.029,260.269,256.793
1780997818.70265,-8.451,3.643,-0.011,0.005,256.425,260.907,256.801
1780997818.70297,-8.789,3.429,-0.011,0.005,256.337,260.925,256.872
1780997818.705837,-10.085,4.071,-0.013,0.006,256.108,261.428,256.638
1780997818.72107,-11.437,3.643,-0.015,0.005,255.74,261.67,256.789
1780997818.7321012,-12.451,4.357,-0.015,0.006,255.717,261.969,256.54
1780997818.747134,-13.239,4.571,-0.016,0.007,255.606,262.166,256.474
1780997818.761906,-14.366,4.571,-0.017,0.007,255.395,262.393,256.485
1780997818.777132,-14.817,5.0,-0.017,0.007,255.41,262.532,256.345
1780997818.788268,-15.606,4.857,-0.018,0.007,255.216,262.682,256.408
1780997818.803231,-15.887,5.286,-0.018,0.008,255.302,262.743,256.266
1780997818.818377,-16.563,5.357,-0.019,0.008,255.192,262.883,256.254
1780997818.830515,-16.958,5.714,-0.019,0.008,255.202,262.993,256.147
1780997818.845197,-17.521,5.714,-0.02,0.008,255.086,263.1,256.17
1780997818.8603368,-17.577,6.0,-0.019,0.008,255.149,263.126,256.083
1780997818.8753228,-18.028,6.357,-0.02,0.009,255.11,263.282,255.985
1780997818.886336,-18.141,6.5,-0.02,0.009,255.127,263.29,255.961
1780997818.920054,-17.972,6.571,-0.019,0.009,255.211,263.198,255.957
1780997818.920319,-17.972,6.643,-0.019,0.009,255.238,263.176,255.949
1780997818.9276931,-18.028,6.857,-0.019,0.009,255.263,263.221,255.884
1780997818.942772,-17.915,7.429,-0.019,0.01,255.394,263.274,255.705
1780997818.957634,-17.634,7.929,-0.019,0.011,255.552,263.257,255.562
1780997818.972665,-17.408,7.714,-0.018,0.01,255.568,263.127,255.66
1780997818.983592,-17.014,7.929,-0.018,0.011,255.704,263.032,255.607
1780997818.998591,-17.127,8.214,-0.018,0.011,255.711,263.13,255.514
1780997819.013401,-17.127,8.214,-0.018,0.011,255.711,263.13,255.514
1780997819.028204,-15.493,8.571,-0.015,0.012,256.257,262.64,255.401
1780997819.040111,-14.986,8.0,-0.015,0.011,256.266,262.387,255.616
1780997819.055095,-14.648,8.571,-0.015,0.011,256.425,262.42,255.43
1780997819.069149,-13.859,8.714,-0.014,0.012,256.642,262.216,255.398
1780997819.0810921,-13.859,8.714,-0.014,0.012,256.642,262.216,255.398
1780997819.096153,-12.338,8.786,-0.011,0.012,257.059,261.768,255.389
1780997819.1106648,-11.606,8.571,-0.011,0.011,257.176,261.543,255.477
1780997819.150389,-10.986,8.429,-0.01,0.011,257.276,261.372,255.533
1780997819.1508212,-9.577,8.286,-0.008,0.011,257.656,260.91,255.585
1780997819.151506,-8.789,8.357,-0.007,0.011,257.794,260.784,255.566
1780997819.1663628,-7.606,8.071,-0.006,0.01,258.005,260.463,255.658
1780997819.177587,-7.606,8.071,-0.006,0.01,258.005,260.463,255.658
1780997819.192599,-5.577,7.643,-0.003,0.01,258.448,259.854,255.797
1780997819.207592,-4.563,7.571,-0.002,0.01,258.639,259.646,255.809
1780997819.21855,-3.38,7.214,-0.001,0.009,258.84,259.326,255.918
1780997819.233736,-3.38,7.214,-0.001,0.009,258.84,259.326,255.918
1780997819.248789,-1.521,7.286,0.001,0.009,259.325,258.888,255.874
1780997819.260462,0.113,6.786,0.003,0.009,259.631,258.422,256.03
1780997819.275521,1.014,6.857,0.004,0.009,259.813,258.291,255.985
1780997819.29047,1.465,7.071,0.004,0.009,259.92,258.277,255.899
1780997819.301595,3.211,6.286,0.006,0.008,260.228,257.713,256.157
1780997819.3167932,4.282,6.357,0.007,0.008,260.48,257.525,256.107
1780997819.3279202,4.901,5.786,0.008,0.008,260.506,257.315,256.288
1780997819.367523,6.085,6.071,0.009,0.008,260.879,257.081,256.173
1780997819.367867,7.042,6.071,0.01,0.008,261.074,256.915,256.158
1780997819.368993,8.225,5.857,0.011,0.008,261.316,256.632,256.216
1780997819.383899,9.014,5.643,0.012,0.008,261.465,256.432,256.28
1780997819.399025,10.028,5.571,0.013,0.008,261.687,256.227,256.283
1780997819.410767,11.155,5.429,0.015,0.007,261.937,255.968,256.316
1780997819.42577,12.282,5.357,0.016,0.007,262.202,255.72,256.328
1780997819.440824,12.901,5.071,0.017,0.007,262.29,255.553,256.417
1780997819.452008,13.69,5.143,0.017,0.007,262.47,255.433,256.377
1780997819.467361,14.423,5.143,0.018,0.007,262.633,255.305,256.361
1780997819.4823449,15.268,5.071,0.019,0.007,262.821,255.128,256.374
1780997819.49371,15.718,4.929,0.019,0.007,262.89,255.025,256.419
1780997819.508629,16.676,5.143,0.02,0.007,263.184,254.855,256.332
1780997819.523674,17.183,4.929,0.021,0.007,263.234,254.743,256.403
1780997819.5354261,17.746,4.929,0.021,0.007,263.36,254.641,256.395
1780997819.5510862,17.915,4.857,0.021,0.007,263.356,254.62,256.421
1780997819.588806,18.592,5.143,0.022,0.007,263.586,254.522,256.32
1780997819.589236,18.817,4.929,0.022,0.007,263.565,254.474,256.389
1780997819.5917451,19.268,4.929,0.023,0.007,263.673,254.387,256.383
1780997819.603321,19.437,5.0,0.023,0.007,263.715,254.374,256.359
1780997819.617897,19.662,4.714,0.023,0.007,263.7,254.296,256.454
1780997819.633022,19.718,4.786,0.023,0.007,263.705,254.32,256.425
1780997819.6441789,19.549,4.929,0.023,0.007,263.643,254.417,256.379
1780997819.659727,19.606,5.286,0.023,0.008,263.721,254.471,256.254
1780997819.6748621,19.437,5.071,0.022,0.007,263.607,254.491,256.334
1780997819.686083,19.887,5.143,0.023,0.007,263.77,254.373,256.312
1780997819.70128,19.268,5.357,0.022,0.008,263.589,254.596,256.242
1780997819.7160902,19.268,5.286,0.022,0.008,263.579,254.579,256.268
1780997819.727369,18.873,5.429,0.021,0.008,263.479,254.71,256.221
1780997819.7424378,18.704,5.571,0.021,0.008,263.458,254.764,256.183
1780997819.757335,18.028,6.071,0.02,0.009,263.345,255.023,256.019
1780997819.768372,17.859,5.929,0.02,0.008,263.273,255.026,256.079
1780997819.8080928,17.296,5.786,0.019,0.008,263.084,255.133,256.136
1780997819.808547,16.507,5.714,0.018,0.008,262.842,255.314,256.166
1780997819.810273,15.606,5.786,0.017,0.008,262.599,255.546,256.147
1780997819.825322,14.761,5.643,0.016,0.008,262.343,255.723,256.198
1780997819.840364,14.31,5.929,0.016,0.008,262.293,255.867,256.097
1780997819.851475,13.07,6.071,0.014,0.009,261.973,256.201,256.05
1780997819.8664598,12.338,5.786,0.013,0.008,261.747,256.302,256.153
1780997819.881676,11.662,6.143,0.013,0.009,261.672,256.494,256.03
1780997819.892895,11.042,6.286,0.012,0.009,261.54,256.657,255.988
1780997819.907825,10.197,6.643,0.011,0.009,261.403,256.898,255.875
1780997819.92275,9.408,6.357,0.01,0.009,261.157,257.002,255.996
1780997819.934338,8.62,6.643,0.009,0.009,261.002,257.242,255.902
1780997819.949089,7.549,6.714,0.008,0.009,260.743,257.503,255.886
1780997819.9608462,7.099,6.643,0.008,0.009,260.664,257.543,255.919
1780997819.9757252,5.972,6.929,0.006,0.01,260.43,257.863,255.824
1780997819.9906769,4.958,6.5,0.005,0.009,260.073,258.044,255.981
1780997820.0325818,4.056,6.571,0.004,0.009,259.892,258.246,255.955
1780997820.0330088,2.817,6.571,0.003,0.009,259.588,258.54,255.957
1780997820.033324,1.465,6.643,0.001,0.009,259.266,258.881,255.936
1780997820.0428889,1.352,6.571,0.001,0.009,259.285,258.834,255.962
1780997820.057941,0.169,6.857,-0.0,0.009,259.052,259.171,255.863
1780997820.069803,-0.845,6.857,-0.001,0.009,258.825,259.397,255.865
1780997820.084956,-1.803,6.643,-0.002,0.009,258.575,259.572,255.94
1780997820.099827,-2.366,6.786,-0.003,0.009,258.487,259.717,255.887
1780997820.114868,-3.437,6.643,-0.004,0.009,258.217,259.949,255.929
1780997820.1261718,-4.394,6.714,-0.005,0.009,258.026,260.181,255.898
1780997820.141011,-5.296,6.429,-0.006,0.009,257.786,260.325,255.996
1780997820.156062,-6.141,6.857,-0.007,0.01,257.66,260.622,255.844
1780997820.167425,-7.155,6.643,-0.008,0.009,257.391,260.823,255.921
1780997820.182389,-7.606,6.643,-0.009,0.009,257.338,260.881,255.92
1780997820.197439,-8.394,6.714,-0.009,0.009,257.187,261.071,255.893
1780997820.208688,-9.183,6.5,-0.01,0.009,256.982,261.213,255.965
1780997820.248249,-9.408,6.643,-0.011,0.009,256.963,261.29,255.913
1780997820.2486138,-10.028,6.357,-0.011,0.009,256.803,261.365,256.003
1780997820.250288,-10.93,6.286,-0.012,0.009,256.561,261.602,256.027
1780997820.265216,-11.211,6.357,-0.012,0.009,256.56,261.634,256.0
1780997820.280171,-11.662,6.5,-0.013,0.009,256.492,261.766,255.948
1780997820.29525,-12.563,6.429,-0.014,0.009,256.269,261.99,255.967
1780997820.306339,-12.451,6.357,-0.013,0.009,256.353,261.876,255.986
1780997820.321321,-13.07,6.143,-0.014,0.009,256.178,261.995,256.053
1780997820.336243,-13.239,6.0,-0.014,0.008,256.153,261.979,256.093
1780997820.3512928,-13.127,6.143,-0.014,0.009,256.24,261.945,256.037
1780997820.362616,-13.577,6.0,-0.015,0.008,256.109,262.041,256.081
1780997820.377447,-13.746,5.929,-0.015,0.008,256.076,262.056,256.1
1780997820.392441,-13.746,5.929,-0.015,0.008,256.099,262.038,256.093
1780997820.403581,-13.521,5.786,-0.014,0.008,256.16,261.923,256.136
1780997820.418568,-13.577,5.714,-0.014,0.008,256.14,261.924,256.156
1780997820.433613,-13.521,5.429,-0.014,0.008,256.118,261.846,256.247
1780997820.474344,-13.239,5.786,-0.014,0.008,256.265,261.828,256.117
1780997820.4747899,-13.014,5.357,-0.013,0.008,256.252,261.682,256.262
1780997820.475276,-12.901,5.786,-0.013,0.008,256.357,261.739,256.105
1780997820.490324,-12.394,5.5,-0.012,0.008,256.444,261.539,256.201
1780997820.5018072,-11.775,5.429,-0.012,0.008,256.602,261.348,256.217
1780997820.516639,-11.324,5.357,-0.011,0.008,256.699,261.217,256.241
1780997820.531623,-10.592,5.714,-0.01,0.008,256.953,261.08,256.115
1780997820.546759,-10.141,5.786,-0.01,0.008,257.074,260.975,256.092
1780997820.557848,-9.408,6.071,-0.009,0.009,257.301,260.839,255.994
1780997820.57289,-8.451,6.071,-0.007,0.009,257.543,260.577,255.999
1780997820.587986,-7.944,6.071,-0.007,0.009,257.638,260.47,256.006
1780997820.5993102,-7.38,5.929,-0.006,0.009,257.721,260.32,256.063
1780997820.615068,-6.704,6.071,-0.006,0.009,257.914,260.167,256.018
1780997820.629813,-5.803,6.143,-0.004,0.009,258.144,259.955,255.994
1780997820.641224,-5.296,6.357,-0.004,0.009,258.272,259.898,255.924
1780997820.656132,-4.394,6.286,-0.003,0.009,258.473,259.659,255.955
1780997820.695329,-3.38,6.357,-0.002,0.009,258.73,259.42,255.933
1780997820.695782,-2.648,6.643,-0.001,0.01,258.963,259.288,255.838
1780997820.697092,-1.859,6.429,0.0,0.009,259.094,259.073,255.916
1780997820.71215,-0.901,6.5,0.001,0.009,259.329,258.859,255.897
1780997820.7233238,-0.056,6.571,0.002,0.009,259.525,258.684,255.879
1780997820.738453,0.507,6.5,0.003,0.009,259.637,258.546,255.906
1780997820.753414,1.239,6.643,0.003,0.009,259.81,258.422,255.862
1780997820.765283,2.366,6.929,0.005,0.01,260.142,258.196,255.77
1780997820.780364,3.324,6.714,0.006,0.009,260.323,257.937,255.852
1780997820.79547,3.831,7.143,0.006,0.01,260.509,257.909,255.708
1780997820.80674,4.62,7.429,0.007,0.011,260.733,257.792,255.615
1780997820.821774,5.746,7.357,0.009,0.01,260.999,257.501,255.653
1780997820.833264,6.254,7.5,0.009,0.011,261.128,257.421,255.614
1780997820.848325,7.324,7.357,0.01,0.01,261.364,257.142,255.671
1780997820.863392,7.944,7.357,0.011,0.01,261.476,257.029,255.68
1780997820.874953,8.789,7.143,0.012,0.01,261.632,256.805,255.759
1780997820.9139001,9.521,7.357,0.013,0.01,261.866,256.67,255.681
1780997820.914332,10.197,7.357,0.013,0.01,262.036,256.516,255.682
1780997820.9160562,10.873,7.429,0.014,0.01,262.191,256.4,255.658
1780997820.931052,11.493,7.429,0.015,0.01,262.32,256.284,255.658
1780997820.946187,11.831,6.929,0.015,0.01,262.288,256.137,255.832
1780997820.9573429,12.62,7.214,0.016,0.01,262.541,256.018,255.725
1780997820.972339,13.183,7.214,0.016,0.01,262.662,255.912,255.724
1780997820.9873972,13.746,6.929,0.017,0.01,262.737,255.75,255.819
1780997820.998715,13.746,6.857,0.017,0.01,262.686,255.777,255.838
1780997821.01355,14.31,6.786,0.017,0.009,262.818,255.648,255.851
1780997821.025496,14.592,6.5,0.018,0.009,262.812,255.562,255.942
1780997821.04048,14.93,6.643,0.018,0.009,262.919,255.53,255.881
1780997821.0552902,15.268,6.5,0.018,0.009,262.984,255.429,255.924
1780997821.0666702,15.324,6.5,0.018,0.009,262.971,255.452,255.913
1780997821.0815701,15.606,6.5,0.019,0.009,263.044,255.403,255.898
1780997821.096374,15.718,6.214,0.019,0.009,262.999,255.352,255.989
1780997821.1363149,15.775,6.071,0.019,0.009,262.978,255.329,256.032
1780997821.136648,15.718,5.786,0.019,0.008,262.892,255.321,256.115
1780997821.137325,15.718,5.571,0.018,0.008,262.843,255.304,256.175
1780997821.1485782,15.493,5.357,0.018,0.008,262.729,255.35,256.23
1780997821.163726,15.662,5.357,0.018,0.008,262.796,255.305,256.217
1780997821.1786292,15.099,5.143,0.017,0.008,262.573,255.44,256.278
1780997821.19049,14.817,4.929,0.017,0.007,262.466,255.482,256.331
1780997821.2055218,14.197,4.5,0.016,0.007,262.204,255.586,256.461
1780997821.220721,14.085,4.214,0.016,0.006,262.136,255.563,256.546
1780997821.231822,13.803,4.357,0.016,0.007,262.111,255.654,256.475
1780997821.247006,13.127,3.857,0.015,0.006,261.834,255.754,256.626
1780997821.2617788,12.62,3.786,0.014,0.006,261.7,255.874,256.626
1780997821.272939,12.338,3.5,0.014,0.006,261.588,255.891,256.711
1780997821.287593,12.338,3.5,0.014,0.006,261.588,255.891,256.711
1780997821.3026419,11.042,3.286,0.012,0.005,261.135,256.237,256.779
1780997821.313813,10.479,3.714,0.012,0.006,261.12,256.428,256.6
1780997821.351659,9.972,3.429,0.011,0.006,260.949,256.493,256.693
1780997821.352061,9.521,3.571,0.011,0.006,260.9,256.602,256.63
1780997821.355118,9.296,3.786,0.01,0.006,260.89,256.689,256.552
1780997821.370223,9.296,3.786,0.01,0.006,260.89,256.689,256.552
1780997821.381257,7.718,3.929,0.008,0.007,260.453,257.149,256.501
1780997821.3962119,6.873,3.857,0.007,0.006,260.255,257.31,256.527
1780997821.4113111,6.141,4.071,0.007,0.007,260.144,257.492,256.453
1780997821.422373,5.803,4.571,0.006,0.008,260.181,257.631,256.281
1780997821.4373918,4.958,4.143,0.005,0.007,259.877,257.759,256.441
1780997821.4523818,4.451,4.643,0.005,0.008,259.888,257.916,256.277
1780997821.463677,3.775,4.786,0.004,0.008,259.742,258.099,256.237
1780997821.478631,3.268,4.643,0.004,0.007,259.621,258.149,256.304
1780997821.4907131,2.254,4.857,0.002,0.008,259.4,258.426,256.244
1780997821.505749,1.127,5.0,0.001,0.008,259.139,258.726,256.204
1780997821.5206048,0.901,5.214,0.001,0.008,259.154,258.779,256.138
1780997821.531713,0.225,5.357,0.0,0.008,259.029,258.938,256.106
1780997821.569803,-0.845,5.857,-0.001,0.009,258.842,259.292,255.948
1780997821.570134,-1.296,6.0,-0.001,0.009,258.789,259.375,255.92
1780997821.572814,-1.915,6.357,-0.002,0.01,258.698,259.586,255.809
1780997821.5879302,-2.592,6.357,-0.003,0.01,258.543,259.717,255.833
1780997821.6029491,-3.268,6.714,-0.004,0.01,258.451,259.919,255.733
1780997821.614079,-3.887,7.0,-0.004,0.01,258.362,260.093,255.657
1780997821.629646,-4.394,7.143,-0.005,0.011,258.246,260.258,255.615
1780997821.644737,-5.183,7.357,-0.006,0.011,258.097,260.47,255.563
1780997821.655974,-5.69,7.714,-0.006,0.011,258.057,260.619,255.464
1780997821.670951,-6.31,7.643,-0.007,0.011,257.903,260.727,255.513
1780997821.685799,-6.535,7.429,-0.007,0.011,257.812,260.735,255.593
1780997821.700979,-6.986,7.714,-0.008,0.011,257.742,260.914,255.498
1780997821.711916,-7.944,8.214,-0.009,0.012,257.594,261.238,255.347
1780997821.7266948,-8.0,8.286,-0.009,0.012,257.643,261.185,255.348
1780997821.741729,-8.676,8.143,-0.009,0.011,257.454,261.312,255.415
1780997821.753078,-8.62,8.5,-0.009,0.012,257.565,261.318,255.302
1780997821.793408,-8.732,8.429,-0.009,0.012,257.553,261.291,255.339
1780997821.793867,-9.183,8.643,-0.01,0.012,257.479,261.442,255.274
1780997821.7942028,-9.127,8.071,-0.009,0.011,257.415,261.286,255.476
1780997821.808573,-9.127,8.071,-0.009,0.011,257.415,261.286,255.476
1780997821.82328,-9.127,8.071,-0.009,0.011,257.415,261.286,255.476
1780997821.83492,-9.127,8.071,-0.009,0.011,257.415,261.286,255.476
1780997821.849944,-9.127,8.071,-0.009,0.011,257.415,261.286,255.476
1780997821.864741,-10.085,7.857,-0.011,0.011,257.09,261.556,255.549
1780997821.8759801,-9.803,7.571,-0.01,0.01,257.162,261.378,255.639
1780997821.8912342,-9.803,7.429,-0.01,0.01,257.18,261.331,255.664
1780997821.906276,-9.746,6.643,-0.01,0.009,257.089,261.152,255.915
1780997821.921364,-9.352,7.071,-0.009,0.01,257.302,261.105,255.751
1780997821.9326222,-8.845,6.286,-0.008,0.009,257.331,260.801,256.001
1780997821.9474611,-8.732,6.357,-0.008,0.009,257.382,260.804,255.948
1780997821.96245,-8.394,5.929,-0.008,0.009,257.406,260.643,256.072
1780997821.973687,-8.0,5.786,-0.007,0.008,257.5,260.51,256.103
1780997822.013974,-7.662,5.643,-0.007,0.008,257.568,260.413,256.127
1780997822.014338,-7.437,5.5,-0.007,0.008,257.597,260.352,256.156
1780997822.015382,-6.648,5.143,-0.006,0.008,257.764,260.069,256.255
1780997822.030329,-6.085,4.786,-0.005,0.007,257.85,259.866,256.363
1780997822.045354,-5.859,4.929,-0.005,0.008,257.925,259.86,256.295
1780997822.056437,-5.352,4.5,-0.004,0.007,257.972,259.672,256.426
1780997822.071352,-4.507,4.0,-0.003,0.006,258.115,259.371,256.573
1780997822.0860531,-4.451,4.286,-0.003,0.007,258.173,259.43,256.46
1780997822.0973692,-4.451,4.286,-0.003,0.007,258.173,259.43,256.46
1780997822.112376,-3.042,3.357,-0.001,0.005,258.42,258.864,256.762
1780997822.127232,-2.479,2.786,-0.0,0.005,258.457,258.655,256.928
1780997822.141942,-1.746,2.5,0.0,0.004,258.583,258.474,256.981
1780997822.153049,-1.746,2.5,0.0,0.004,258.583,258.474,256.981
1780997822.167831,-1.746,2.5,0.0,0.004,258.583,258.474,256.981
1780997822.179178,0.225,1.929,0.003,0.004,259.088,257.785,257.168
1780997822.1941,0.451,1.929,0.003,0.004,259.101,257.811,257.131
1780997822.234398,1.352,2.214,0.004,0.004,259.36,257.702,256.988
1780997822.234813,2.028,1.714,0.005,0.004,259.405,257.511,257.134
1780997822.235538,2.028,1.714,0.005,0.004,259.405,257.511,257.134
1780997822.2504241,3.324,2.143,0.007,0.005,259.879,257.221,256.97
1780997822.261753,3.775,2.286,0.007,0.005,259.949,257.218,256.907
1780997822.276523,4.394,2.5,0.007,0.005,260.1,257.16,256.821
1780997822.287679,4.732,2.143,0.007,0.005,260.082,257.052,256.946
1780997822.302412,4.732,2.143,0.007,0.005,260.082,257.052,256.946
1780997822.3173819,6.31,3.214,0.01,0.006,260.776,256.784,256.564
1780997822.328665,6.704,3.857,0.011,0.005,260.915,256.428,256.791
1780997822.343325,7.549,4.357,0.012,0.006,261.209,256.387,256.559
1780997822.3582761,7.549,4.357,0.012,0.006,261.209,256.387,256.559
1780997822.370208,8.113,3.857,0.012,0.006,261.258,256.188,256.715
1780997822.384678,8.056,4.071,0.012,0.006,261.204,256.357,256.594
1780997822.396095,8.056,4.071,0.012,0.006,261.204,256.357,256.594
1780997822.410885,9.127,4.071,0.013,0.006,261.485,256.133,256.562
1780997822.450569,9.465,4.071,0.013,0.006,261.524,256.123,256.536
1780997822.4510322,9.915,4.143,0.013,0.007,261.592,256.114,256.482
1780997822.451957,10.535,4.571,0.014,0.007,261.799,256.092,256.316
1780997822.466966,10.704,5.286,0.014,0.009,261.916,256.236,256.066
1780997822.478142,10.817,5.714,0.014,0.009,261.986,256.31,255.93
1780997822.493243,11.155,6.0,0.014,0.009,262.084,256.293,255.859
1780997822.508328,11.099,7.071,0.014,0.011,262.208,256.522,255.522
1780997822.520159,11.268,7.5,0.014,0.012,262.308,256.552,255.405
1780997822.535071,11.155,8.214,0.014,0.012,262.371,256.71,255.194
1780997822.5497549,11.155,8.214,0.014,0.012,262.371,256.71,255.194
1780997822.560916,11.155,8.214,0.014,0.012,262.371,256.71,255.194
1780997822.575899,11.099,10.286,0.014,0.015,262.716,257.077,254.538
1780997822.590827,10.648,11.357,0.013,0.017,262.721,257.373,254.251
1780997822.602149,10.535,11.5,0.013,0.016,262.646,257.378,254.311
1780997822.617228,10.592,11.429,0.013,0.016,262.61,257.305,254.412
1780997822.632224,10.423,11.286,0.013,0.016,262.496,257.301,254.514
1780997822.6730418,10.31,11.357,0.012,0.016,262.459,257.331,254.518
1780997822.6734421,9.803,12.0,0.012,0.016,262.409,257.57,254.334
1780997822.67378,9.296,12.571,0.011,0.017,262.34,257.793,254.183
1780997822.685324,8.62,12.786,0.01,0.017,262.156,257.991,254.156
1780997822.700217,8.451,13.214,0.01,0.018,262.196,258.069,254.049
1780997822.7152371,8.169,13.286,0.01,0.018,262.123,258.137,254.049
1780997822.72633,7.606,13.643,0.009,0.018,262.017,258.328,253.962
1780997822.741272,7.493,13.714,0.009,0.018,262.019,258.323,253.965
1780997822.7563488,6.93,14.214,0.008,0.019,261.948,258.543,253.823
1780997822.7678258,6.704,13.857,0.008,0.018,261.819,258.513,253.963
1780997822.782403,6.535,13.929,0.008,0.018,261.797,258.548,253.949
1780997822.797385,5.577,13.714,0.006,0.018,261.445,258.798,254.026
1780997822.808606,5.127,14.071,0.006,0.018,261.383,258.986,253.908
1780997822.823547,4.338,13.643,0.005,0.018,261.107,259.086,254.061
1780997822.8385558,3.831,13.857,0.004,0.018,261.047,259.221,253.989
1780997822.850483,3.099,13.286,0.004,0.017,260.762,259.29,254.179
1780997822.891177,2.704,13.5,0.003,0.017,260.72,259.417,254.101
1780997822.891626,2.479,13.286,0.003,0.017,260.652,259.408,254.169
1780997822.891971,1.859,13.071,0.002,0.017,260.481,259.508,254.231
1780997822.9066722,1.296,12.857,0.002,0.017,260.327,259.6,254.286
1780997822.918117,0.563,12.429,0.001,0.016,260.069,259.711,254.418
1780997822.933017,0.451,11.929,0.001,0.015,259.988,259.625,254.571
1780997822.947841,-0.394,11.5,-0.0,0.015,259.71,259.781,254.682
1780997822.963012,-1.127,11.5,-0.001,0.015,259.548,259.982,254.647
1780997822.974792,-1.915,11.0,-0.002,0.014,259.279,260.103,254.784
1780997822.989983,-2.254,10.5,-0.002,0.014,259.135,260.091,254.929
1780997823.004853,-2.648,10.429,-0.003,0.014,259.074,260.165,254.919
1780997823.015935,-3.155,10.143,-0.003,0.013,258.934,260.239,254.982
1780997823.030887,-3.155,10.143,-0.003,0.013,258.934,260.239,254.982
1780997823.04543,-3.155,10.143,-0.003,0.013,258.934,260.239,254.982
1780997823.060433,-3.155,10.143,-0.003,0.013,258.934,260.239,254.982
1780997823.07175,-4.845,8.286,-0.005,0.011,258.171,260.396,255.56
1780997823.112494,-5.352,7.929,-0.006,0.011,258.056,260.458,255.613
1780997823.1128771,-5.69,6.929,-0.006,0.009,257.865,260.351,255.895
1780997823.113216,-5.915,6.857,-0.006,0.009,257.842,260.396,255.876
1780997823.127625,-6.197,6.214,-0.006,0.009,257.718,260.348,256.041
1780997823.142572,-6.535,6.0,-0.007,0.009,257.649,260.403,256.057
1780997823.15359,-6.817,6.0,-0.007,0.009,257.625,260.484,256.005
1780997823.168688,-7.324,5.357,-0.008,0.008,257.395,260.517,256.199
1780997823.1836102,-7.38,4.857,-0.008,0.007,257.356,260.421,256.327
1780997823.195631,-7.944,4.786,-0.008,0.007,257.229,260.582,256.303
1780997823.210507,-7.662,4.429,-0.008,0.007,257.303,260.413,256.387
1780997823.225458,-8.113,4.286,-0.008,0.007,257.164,260.534,256.411
1780997823.240482,-7.887,4.071,-0.008,0.007,257.232,260.415,256.455
1780997823.25179,-8.113,3.857,-0.008,0.007,257.158,260.447,256.498
1780997823.266643,-7.718,3.5,-0.007,0.006,257.241,260.252,256.598
1780997823.281718,-8.225,3.571,-0.008,0.006,257.115,260.442,256.545
1780997823.2929769,-8.056,3.357,-0.008,0.006,257.143,260.349,256.605
1780997823.323225,-7.831,2.786,-0.008,0.005,257.127,260.181,256.778
1780997823.323552,-7.831,2.786,-0.008,0.006,257.142,260.196,256.749
1780997823.333659,-7.606,3.071,-0.007,0.006,257.27,260.193,256.625
1780997823.348566,-7.662,2.571,-0.007,0.005,257.164,260.121,256.798
1780997823.363301,-7.662,2.571,-0.007,0.005,257.164,260.121,256.798
1780997823.374977,-7.662,2.571,-0.007,0.005,257.164,260.121,256.798
1780997823.389792,-7.155,4.357,-0.007,0.008,257.641,260.298,256.162
1780997823.404822,-6.873,4.214,-0.006,0.008,257.692,260.179,256.223
1780997823.416089,-6.366,4.357,-0.005,0.008,257.847,260.055,256.188
1780997823.4310641,-5.972,5.214,-0.005,0.009,258.079,260.109,255.914
1780997823.446146,-5.183,5.0,-0.004,0.009,258.23,259.829,256.029
1780997823.460918,-5.127,5.571,-0.004,0.01,258.315,259.936,255.847
1780997823.472349,-4.732,6.286,-0.004,0.01,258.507,259.968,255.634
1780997823.487264,-3.944,6.0,-0.003,0.01,258.643,259.684,255.769
1780997823.502097,-3.775,6.357,-0.002,0.01,258.703,259.723,255.676
1780997823.513319,-3.324,6.929,-0.002,0.011,258.916,259.698,255.497
1780997823.553049,-3.155,6.643,-0.002,0.01,258.86,259.613,255.63
1780997823.553426,-3.042,7.429,-0.002,0.012,258.983,259.746,255.389
1780997823.555085,-1.972,7.857,-0.0,0.012,259.346,259.497,255.281
1780997823.5699022,-1.127,8.357,0.001,0.013,259.651,259.343,255.141
1780997823.584636,-1.408,8.143,0.0,0.012,259.474,259.412,255.241
1780997823.595598,-1.408,8.143,0.0,0.012,259.474,259.412,255.241
1780997823.610535,-1.408,8.143,0.0,0.012,259.474,259.412,255.241
1780997823.62554,0.0,9.357,0.002,0.014,260.137,259.193,254.833
1780997823.636878,0.845,9.929,0.003,0.015,260.404,259.073,254.702
1780997823.651687,1.127,10.286,0.003,0.015,260.462,259.086,254.637
1780997823.667038,1.69,10.857,0.004,0.016,260.666,259.042,254.494
1780997823.678281,1.803,11.143,0.004,0.016,260.699,259.081,254.428
1780997823.693099,2.31,11.214,0.004,0.016,260.798,258.957,254.454
1780997823.7081752,2.592,11.714,0.005,0.016,260.908,258.988,254.327
1780997823.720237,3.324,12.0,0.006,0.017,261.13,258.835,254.271
1780997823.7351098,3.718,12.286,0.006,0.017,261.268,258.782,254.198
1780997823.775137,4.225,12.357,0.007,0.017,261.379,258.665,254.207
1780997823.775575,4.451,12.643,0.007,0.017,261.442,258.677,254.141
1780997823.7759318,4.958,13.071,0.007,0.018,261.63,258.628,254.022
1780997823.787304,5.577,12.571,0.008,0.017,261.703,258.358,254.209
1780997823.8022048,5.634,12.929,0.008,0.017,261.738,258.44,254.101
1780997823.8173351,6.085,12.857,0.008,0.017,261.822,258.317,254.143
1780997823.828385,6.592,13.357,0.009,0.018,262.04,258.28,253.988
1780997823.8433979,6.986,13.286,0.009,0.018,262.126,258.162,254.022
1780997823.858449,7.38,13.143,0.01,0.018,262.185,258.047,254.079
1780997823.870425,7.549,12.929,0.01,0.017,262.155,257.994,254.154
1780997823.885293,8.901,11.857,0.012,0.016,262.367,257.433,254.501
1780997823.900393,9.859,11.214,0.013,0.015,262.538,257.072,254.698
1780997823.9117382,11.042,10.071,0.015,0.013,262.68,256.573,255.057
1780997823.926559,13.859,6.857,0.019,0.009,262.943,255.328,256.063
1780997823.941453,15.042,6.357,0.02,0.008,263.229,254.955,256.19
1780997823.952667,18.535,3.429,0.025,0.004,263.782,253.598,257.113
1780997823.993475,20.056,2.143,0.027,0.002,263.97,253.138,257.437
1780997823.993908,22.761,0.5,0.03,0.0,264.494,252.299,257.882
1780997823.9942489,26.028,-2.429,0.034,-0.003,264.886,251.232,258.719
1780997824.0086138,26.479,-2.286,0.034,-0.003,265.028,251.24,258.585
1780997824.023552,29.408,-4.429,0.038,-0.005,265.515,250.307,259.216
1780997824.0385869,30.873,-5.286,0.039,-0.006,265.752,249.992,259.371
1780997824.050168,33.183,-7.214,0.042,-0.008,266.02,249.378,259.854
1780997824.0652318,34.873,-9.143,0.044,-0.01,266.124,248.827,260.418
1780997824.0802822,36.056,-10.071,0.045,-0.011,266.263,248.564,260.612
1780997824.0914502,37.69,-10.571,0.046,-0.011,266.633,248.319,260.58
1780997824.106493,38.93,-11.786,0.047,-0.012,266.738,247.966,260.916
1780997824.121526,40.056,-12.429,0.048,-0.013,266.888,247.795,260.993
1780997824.136638,41.07,-12.786,0.049,-0.013,267.076,247.664,260.989
1780997824.1477451,41.746,-13.071,0.05,-0.013,267.194,247.551,261.024
1780997824.1628642,42.592,-13.429,0.05,-0.013,267.338,247.419,261.061
1780997824.17783,43.155,-13.643,0.051,-0.013,267.419,247.361,261.063
1780997824.217023,43.887,-13.429,0.051,-0.012,267.663,247.303,260.92
1780997824.217439,44.113,-13.071,0.051,-0.012,267.755,247.379,260.746
1780997824.219489,44.169,-12.857,0.051,-0.011,267.757,247.457,260.649
1780997824.2348921,44.225,-12.571,0.051,-0.011,267.803,247.513,260.539
1780997824.24959,44.056,-11.714,0.051,-0.01,267.881,247.71,260.232
1780997824.260681,43.831,-11.214,0.05,-0.009,267.871,247.848,260.074
1780997824.2755468,43.324,-10.714,0.049,-0.008,267.772,248.051,259.913
1780997824.2904582,42.479,-9.714,0.048,-0.007,267.668,248.421,259.558
1780997824.3057039,41.803,-8.214,0.047,-0.005,267.739,248.792,259.06
1780997824.3169742,40.845,-7.071,0.046,-0.003,267.625,249.139,258.751
1780997824.332143,39.831,-5.786,0.045,-0.002,267.536,249.512,258.394
1780997824.3470001,38.366,-4.429,0.043,-0.0,267.305,250.009,258.02
1780997824.361933,37.859,-4.071,0.042,0.0,267.202,250.16,257.934
1780997824.373312,36.282,-2.571,0.04,0.002,266.952,250.788,257.441
1780997824.388215,33.69,-0.357,0.036,0.005,266.533,251.664,256.827
1780997824.402866,32.113,1.071,0.035,0.007,266.326,252.122,256.506
1780997824.445419,32.113,1.071,0.035,0.007,266.326,252.122,256.506
1780997824.445854,28.563,4.286,0.03,0.011,265.776,253.493,255.519
1780997824.446176,26.648,5.786,0.028,0.012,265.552,253.963,255.221
1780997824.455692,25.014,7.214,0.026,0.014,265.334,254.485,254.872
1780997824.4706821,22.761,9.214,0.023,0.017,264.977,255.397,254.26
1780997824.485505,21.07,10.714,0.021,0.019,264.727,256.045,253.835
1780997824.496743,18.817,12.0,0.019,0.02,264.343,256.573,253.644
1780997824.511604,16.282,13.5,0.015,0.021,263.86,257.367,253.294
1780997824.526751,14.423,14.5,0.013,0.022,263.468,257.996,253.035
1780997824.538047,12.225,16.5,0.011,0.025,263.232,258.766,252.528
1780997824.553063,9.07,17.071,0.007,0.025,262.453,259.459,252.558
1780997824.568042,6.817,18.286,0.005,0.026,262.127,260.012,252.344
1780997824.579796,4.113,19.5,0.002,0.027,261.644,260.746,252.112
1780997824.594899,4.113,19.5,0.002,0.027,261.644,260.746,252.112
1780997824.6098812,0.451,21.643,-0.002,0.029,261.043,261.984,251.571
1780997824.62099,-1.127,22.143,-0.004,0.03,260.747,262.354,251.514
1780997824.6623738,-2.817,22.643,-0.006,0.03,260.353,262.902,251.4
1780997824.662818,-6.254,23.571,-0.01,0.031,259.567,263.994,251.195
1780997824.663153,-8.676,24.143,-0.012,0.032,259.142,264.531,251.14
1780997824.677282,-11.493,24.643,-0.015,0.032,258.569,265.237,251.09
1780997824.69244,-14.085,24.857,-0.018,0.032,258.027,265.838,251.108
1780997824.707541,-16.845,25.143,-0.021,0.032,257.45,266.555,251.078
1780997824.718685,-19.099,25.071,-0.023,0.031,256.964,267.036,251.157
1780997824.733676,-20.507,25.071,-0.025,0.031,256.677,267.351,251.183
1780997824.748839,-22.535,24.857,-0.027,0.031,256.232,267.773,251.279
1780997824.764031,-24.225,24.714,-0.028,0.03,255.898,268.109,251.342
1780997824.7757819,-26.254,24.357,-0.03,0.03,255.418,268.563,251.458
1780997824.790863,-27.944,23.929,-0.032,0.029,255.029,268.89,251.588
1780997824.80573,-29.746,23.286,-0.034,0.028,254.518,269.302,251.778
1780997824.820672,-30.704,22.571,-0.035,0.027,254.247,269.374,251.986
1780997824.832198,-32.338,21.5,-0.037,0.026,253.72,269.647,252.302
1780997824.847069,-33.521,20.643,-0.038,0.025,253.435,269.738,252.517
1780997824.886362,-34.423,19.286,-0.039,0.023,253.133,269.638,252.888
1780997824.886763,-34.986,18.286,-0.039,0.022,252.925,269.556,253.156
1780997824.88786,-36.0,17.5,-0.04,0.021,252.624,269.712,253.345
1780997824.902972,-36.676,16.071,-0.041,0.019,252.364,269.57,253.713
1780997824.917988,-37.408,14.714,-0.041,0.017,252.042,269.515,254.084
1780997824.932919,-37.634,13.5,-0.041,0.016,251.885,269.305,254.405
1780997824.944819,-37.859,11.929,-0.041,0.014,251.716,269.031,254.787
1780997824.959679,-37.746,10.643,-0.041,0.013,251.667,268.72,255.077
1780997824.974595,-37.69,9.786,-0.041,0.012,251.581,268.516,255.324
1780997824.989631,-37.296,7.643,-0.04,0.009,251.384,267.906,256.014
1780997825.00119,-37.296,5.929,-0.04,0.007,251.224,267.626,256.411
1780997825.016059,-36.845,4.5,-0.039,0.006,251.218,267.253,256.719
1780997825.031069,-36.563,3.286,-0.039,0.004,251.178,267.004,256.967
1780997825.046017,-35.831,2.214,-0.038,0.003,251.253,266.584,257.233
1780997825.057347,-34.423,0.357,-0.036,0.001,251.393,265.823,257.722
1780997825.07233,-33.577,-0.714,-0.035,0.0,251.484,265.453,257.941
1780997825.11315,-32.62,-2.071,-0.033,-0.001,251.548,264.99,258.273
1780997825.1136441,-30.873,-3.143,-0.031,-0.002,251.864,264.263,258.567
1780997825.114021,-30.197,-3.714,-0.03,-0.003,251.946,264.057,258.662
1780997825.128405,-28.113,-5.071,-0.028,-0.004,252.287,263.265,259.004
1780997825.143407,-26.592,-5.786,-0.026,-0.005,252.562,262.752,259.174
1780997825.1584342,-24.338,-6.571,-0.023,-0.006,252.995,262.07,259.335
1780997825.17023,-22.704,-6.786,-0.021,-0.006,253.335,261.717,259.295
1780997825.184986,-20.62,-7.5,-0.018,-0.006,253.743,261.043,259.494
1780997825.200188,-20.225,-7.571,-0.018,-0.006,253.804,260.981,259.488
1780997825.2152152,-17.521,-7.429,-0.015,-0.006,254.476,260.366,259.355
1780997825.230038,-15.549,-7.786,-0.012,-0.006,254.895,259.813,259.447
1780997825.241339,-13.577,-8.071,-0.01,-0.006,255.262,259.371,259.493
1780997825.256502,-11.268,-7.429,-0.008,-0.005,255.889,258.983,259.212
1780997825.271308,-9.014,-7.643,-0.005,-0.005,256.346,258.448,259.27
1780997825.286198,-7.662,-7.429,-0.004,-0.005,256.667,258.207,259.178
1780997825.3273568,-5.127,-6.786,-0.001,-0.004,257.417,257.677,258.943
1780997825.327826,-2.648,-6.429,0.002,-0.004,258.018,257.19,258.829
1780997825.328162,-0.507,-5.714,0.004,-0.003,258.578,256.859,258.605
1780997825.342229,0.789,-5.071,0.006,-0.002,258.948,256.707,258.394
1780997825.3534122,3.324,-4.571,0.009,-0.001,259.772,256.085,258.227
1780997825.368347,4.394,-3.786,0.01,0.0,260.068,256.041,257.986
1780997825.383219,7.549,-2.429,0.015,0.002,261.266,255.393,257.52
1780997825.394944,9.465,-0.929,0.016,0.004,261.824,255.3,257.099
1780997825.40992,10.31,-0.643,0.017,0.004,262.046,255.163,257.036
1780997825.424682,12.958,1.071,0.02,0.007,263.047,254.801,256.509
1780997825.436063,14.423,2.0,0.022,0.008,263.481,254.657,256.273
1780997825.4510012,17.07,4.143,0.025,0.01,264.571,254.368,255.63
1780997825.462406,18.648,5.286,0.026,0.012,265.115,254.178,255.365
1780997825.477252,19.606,6.643,0.027,0.014,265.601,254.185,254.954
1780997825.4922729,22.141,8.143,0.031,0.015,266.546,253.809,254.569
1780997825.503603,23.493,9.714,0.031,0.017,266.938,253.838,254.229
1780997825.545229,24.563,10.429,0.033,0.018,267.357,253.691,254.048
1780997825.545651,26.254,12.0,0.034,0.019,267.936,253.594,253.697
1780997825.548552,27.775,12.5,0.035,0.019,268.266,253.352,253.688
1780997825.56034,28.676,13.357,0.036,0.02,268.477,253.342,253.539
1780997825.57518,29.521,15.0,0.036,0.022,268.89,253.456,253.116
1780997825.5901709,29.746,15.5,0.036,0.023,269.0,253.495,252.996
1780997825.601425,30.93,17.357,0.038,0.025,269.703,253.495,252.483
1780997825.6164129,31.606,18.571,0.038,0.026,269.979,253.543,252.237
1780997825.631479,32.169,19.286,0.038,0.027,270.123,253.532,252.145
1780997825.642717,32.507,19.714,0.039,0.027,270.218,253.522,252.087
1780997825.657821,32.62,20.714,0.038,0.028,270.313,253.673,251.873
1780997825.6729028,32.676,21.286,0.038,0.028,270.321,253.76,251.783
1780997825.6845639,32.732,21.929,0.038,0.029,270.374,253.844,251.664
1780997825.699926,32.845,22.5,0.038,0.03,270.488,253.897,251.533
1780997825.7147148,32.113,22.786,0.037,0.03,270.186,254.137,251.514
1780997825.726002,32.0,23.071,0.037,0.03,270.166,254.187,251.48
1780997825.76576,31.437,23.429,0.036,0.03,269.989,254.379,251.421
1780997825.766169,30.648,23.214,0.035,0.03,269.626,254.534,251.529
1780997825.7708669,29.915,23.429,0.034,0.03,269.394,254.77,251.471
1780997825.781964,28.901,22.5,0.032,0.028,268.836,254.853,251.795
1780997825.797034,28.338,22.214,0.032,0.028,268.61,254.931,251.886
1780997825.811923,26.479,21.429,0.029,0.027,267.801,255.302,252.131
1780997825.823052,25.803,20.857,0.028,0.026,267.522,255.351,252.295
1780997825.838142,24.056,19.5,0.026,0.024,266.679,255.592,252.711
1780997825.853288,22.648,19.0,0.025,0.023,266.246,255.837,252.815
1780997825.865222,21.69,18.643,0.024,0.023,266.012,255.972,252.87
1780997825.880519,20.169,17.857,0.022,0.022,265.478,256.212,253.065
1780997825.895447,19.155,17.357,0.021,0.022,265.138,256.371,253.187
1780997825.9067788,17.521,16.5,0.019,0.021,264.569,256.626,253.408
1780997825.9216902,15.718,15.714,0.017,0.02,263.976,256.941,253.598
1780997825.936565,14.085,14.214,0.014,0.018,263.175,257.146,254.078
1780997825.947635,12.507,13.357,0.013,0.017,262.639,257.404,254.292
1780997825.9878578,10.197,12.286,0.01,0.015,261.826,257.851,254.577
1780997825.988228,8.845,11.286,0.008,0.014,261.466,257.96,254.793
1780997825.9885912,7.155,10.643,0.006,0.014,260.962,258.29,254.931
1780997826.0037382,5.239,9.0,0.004,0.011,260.114,258.551,255.457
1780997826.0186849,3.268,7.286,0.002,0.009,259.469,258.718,255.899
1780997826.0304902,1.183,6.5,-0.001,0.009,258.87,259.141,256.064
1780997826.045451,-0.507,5.714,-0.002,0.008,258.491,259.395,256.186
1780997826.060297,-2.141,4.571,-0.004,0.006,257.866,259.66,256.542
1780997826.071451,-2.93,4.0,-0.005,0.006,257.721,259.704,256.642
1780997826.0861928,-5.634,2.714,-0.008,0.004,256.86,260.234,256.995
1780997826.1013498,-5.634,2.714,-0.008,0.004,256.86,260.234,256.995
1780997826.112777,-8.732,0.786,-0.012,0.002,255.808,260.76,257.566
1780997826.12763,-10.817,0.071,-0.014,0.002,255.392,261.13,257.649
1780997826.142278,-12.451,-1.0,-0.016,0.001,255.021,261.294,257.882
1780997826.1571991,-14.141,-1.714,-0.018,-0.0,254.579,261.615,258.046
1780997826.16814,-15.944,-1.714,-0.019,0.0,254.316,262.052,257.918
1780997826.209619,-15.944,-1.714,-0.019,0.0,254.316,262.052,257.918
1780997826.210069,-18.197,-2.357,-0.022,-0.0,253.723,262.569,258.073
1780997826.212855,-20.507,-3.071,-0.025,-0.001,253.022,263.153,258.296
1780997826.227647,-21.352,-3.714,-0.025,-0.002,252.951,263.107,258.415
1780997826.238893,-21.352,-3.714,-0.025,-0.002,252.951,263.107,258.415
1780997826.2537441,-23.324,-4.5,-0.028,-0.003,252.424,263.502,258.634
1780997826.2687008,-24.338,-4.286,-0.029,-0.002,252.336,263.77,258.489
1780997826.2835488,-25.127,-4.571,-0.029,-0.002,252.267,263.817,258.521
1780997826.295598,-26.366,-4.0,-0.03,-0.001,252.07,264.316,258.291
1780997826.310554,-27.155,-3.857,-0.031,-0.001,252.046,264.445,258.203
1780997826.3252869,-27.887,-3.214,-0.031,0.0,252.076,264.682,257.96
1780997826.3401878,-27.887,-3.214,-0.031,0.0,252.076,264.682,257.96
1780997826.354957,-28.62,-2.143,-0.032,0.002,252.083,265.115,257.575
1780997826.366294,-28.62,-2.143,-0.032,0.002,252.083,265.115,257.575
1780997826.3810198,-29.296,-1.5,-0.033,0.003,252.1,265.31,257.387
1780997826.421262,-29.521,-0.857,-0.033,0.003,252.192,265.424,257.189
1780997826.421643,-29.07,-0.429,-0.032,0.004,252.432,265.262,257.07
1780997826.422174,-29.352,0.0,-0.032,0.004,252.454,265.346,256.974
1780997826.437196,-29.014,0.714,-0.031,0.005,252.68,265.286,256.784
1780997826.4522429,-28.507,1.214,-0.03,0.006,252.905,265.167,256.645
1780997826.4634418,-27.887,2.857,-0.029,0.008,253.334,265.254,256.119
1780997826.478379,-27.437,3.286,-0.028,0.009,253.501,265.149,256.034
1780997826.493401,-27.155,4.071,-0.028,0.009,253.648,265.182,255.853
1780997826.508456,-26.085,5.286,-0.027,0.011,254.089,265.031,255.526
1780997826.520282,-25.07,6.143,-0.025,0.012,254.439,264.845,255.326
1780997826.535095,-24.451,6.786,-0.025,0.012,254.628,264.771,255.197
1780997826.550072,-23.606,7.214,-0.023,0.013,254.886,264.572,255.104
1780997826.561316,-23.38,8.143,-0.023,0.014,255.076,264.693,254.813
1780997826.576277,-21.69,9.143,-0.021,0.015,255.656,264.32,254.551
1780997826.591125,-20.225,10.071,-0.019,0.016,256.105,264.051,254.338
1780997826.606169,-19.38,10.5,-0.018,0.017,256.336,263.884,254.255
1780997826.647329,-18.366,11.0,-0.017,0.017,256.62,263.681,254.151
1780997826.647694,-16.338,11.571,-0.014,0.018,257.175,263.175,254.051
1780997826.648017,-15.042,12.429,-0.013,0.019,257.557,262.994,253.844
1780997826.662484,-13.239,12.714,-0.011,0.019,257.995,262.537,253.824
1780997826.6735628,-11.437,14.0,-0.009,0.02,258.609,262.288,253.468
1780997826.688454,-10.479,13.714,-0.008,0.02,258.735,261.99,253.609
1780997826.7033129,-9.465,14.286,-0.006,0.021,259.103,261.801,253.437
1780997826.718574,-7.831,14.571,-0.004,0.021,259.541,261.402,253.386
1780997826.730292,-5.465,15.0,-0.002,0.021,260.171,260.861,253.295
1780997826.745234,-5.465,15.0,-0.002,0.021,260.171,260.861,253.295
1780997826.7600021,-2.873,15.571,0.002,0.022,260.964,260.239,253.145
1780997826.771424,-1.577,15.571,0.003,0.022,261.221,259.944,253.183
1780997826.786546,0.563,15.786,0.006,0.022,261.798,259.428,253.144
1780997826.8014731,0.338,24.714,0.005,0.036,263.284,261.308,250.279
1780997826.8127732,4.338,16.857,0.01,0.023,262.9,258.63,252.929
1780997826.827732,4.732,16.357,0.01,0.022,262.843,258.49,253.106
1780997826.8680499,7.099,15.786,0.013,0.021,263.368,257.8,253.299
1780997826.868465,8.958,14.643,0.015,0.019,263.528,257.26,253.672
1780997826.868791,10.366,14.643,0.017,0.02,263.943,256.906,253.66
1780997826.8834372,10.197,14.571,0.016,0.019,263.786,257.029,253.673
1780997826.895215,12.676,13.714,0.019,0.018,264.33,256.286,253.931
1780997826.9104419,14.366,12.929,0.021,0.017,264.537,255.889,254.142
1780997826.925416,15.549,12.786,0.022,0.017,264.792,255.661,254.153
1780997826.936717,16.958,12.643,0.023,0.017,265.073,255.43,254.148
1780997826.951572,17.859,11.929,0.024,0.016,265.08,255.221,254.348
1780997826.966723,18.93,11.714,0.025,0.016,265.275,255.031,254.375
1780997826.9818408,19.775,11.357,0.025,0.016,265.376,254.866,254.457
1780997826.993056,20.394,11.429,0.026,0.016,265.543,254.78,254.406
1780997827.008041,21.127,11.143,0.026,0.016,265.645,254.635,254.467
1780997827.0230951,21.972,10.714,0.027,0.015,265.767,254.419,254.583
1780997827.034827,22.592,9.786,0.028,0.014,265.719,254.179,254.864
1780997827.049896,22.761,10.286,0.028,0.015,265.843,254.277,254.665
1780997827.091937,23.268,9.571,0.028,0.014,265.815,254.09,254.876
1780997827.092345,23.718,9.5,0.029,0.014,265.933,253.995,254.876
1780997827.092659,23.718,9.5,0.029,0.014,265.933,253.995,254.876
1780997827.105248,23.718,9.5,0.029,0.014,265.933,253.995,254.876
1780997827.1162739,23.718,9.5,0.029,0.014,265.933,253.995,254.876
1780997827.1311948,23.718,9.5,0.029,0.014,265.933,253.995,254.876
1780997827.146235,23.718,9.071,0.029,0.013,265.826,253.949,255.01
1780997827.157433,23.268,8.571,0.028,0.013,265.533,254.062,255.136
1780997827.17234,22.817,8.714,0.027,0.013,265.402,254.256,255.047
1780997827.18365,22.592,8.0,0.026,0.012,265.181,254.217,255.27
1780997827.1987069,21.803,8.0,0.025,0.012,264.924,254.456,255.242
1780997827.21361,21.408,7.429,0.025,0.011,264.707,254.473,255.407
1780997827.225656,20.451,7.214,0.023,0.011,264.374,254.712,255.447
1780997827.240606,19.38,6.429,0.022,0.01,263.924,254.864,255.678
1780997827.255573,18.592,6.214,0.021,0.01,263.671,255.041,255.717
1780997827.266988,17.408,6.929,0.019,0.011,263.508,255.475,255.421
1780997827.307709,16.901,6.071,0.019,0.01,263.261,255.421,255.691
1780997827.3081422,15.831,6.357,0.018,0.011,263.045,255.732,255.567
1780997827.308481,15.155,6.5,0.017,0.011,262.939,255.892,255.501
1780997827.323004,14.31,6.5,0.016,0.011,262.679,256.124,255.499
1780997827.338072,13.014,6.571,0.014,0.011,262.362,256.442,255.465
1780997827.349778,11.831,6.357,0.013,0.011,262.032,256.671,255.532
1780997827.364833,10.592,6.286,0.012,0.011,261.718,256.941,255.548
1780997827.379905,9.803,6.214,0.011,0.011,261.52,257.101,255.571
1780997827.3910642,8.507,6.5,0.009,0.011,261.266,257.444,255.467
1780997827.406025,6.986,5.786,0.008,0.01,260.756,257.669,255.712
1780997827.421039,6.028,7.071,0.006,0.012,260.767,258.13,255.26
1780997827.432464,4.732,7.214,0.005,0.012,260.45,258.475,255.221
1780997827.447541,3.718,7.214,0.004,0.012,260.243,258.655,255.241
1780997827.458583,2.028,7.214,0.002,0.012,259.779,259.101,255.248
1780997827.473405,1.014,7.571,0.001,0.013,259.608,259.392,255.134
1780997827.488224,-0.169,8.286,-0.001,0.014,259.404,259.854,254.897
1780997827.5297432,-1.69,8.5,-0.003,0.014,259.06,260.257,254.848
1780997827.530186,-3.099,9.0,-0.004,0.015,258.849,260.616,254.719
1780997827.530515,-4.338,9.143,-0.006,0.015,258.528,260.989,254.683
1780997827.540939,-5.69,10.5,-0.007,0.017,258.445,261.556,254.256
1780997827.55602,-7.042,11.0,-0.009,0.017,258.244,261.889,254.152
1780997827.570952,-8.507,11.5,-0.01,0.018,258.003,262.27,254.046
1780997827.586038,-8.958,11.357,-0.01,0.017,257.918,262.264,254.131
1780997827.597236,-10.366,11.857,-0.012,0.018,257.681,262.664,254.008
1780997827.612224,-11.493,12.143,-0.013,0.018,257.491,262.936,253.956
1780997827.62713,-12.62,12.5,-0.014,0.019,257.309,263.238,253.87
1780997827.642123,-14.085,12.857,-0.016,0.019,256.952,263.766,253.763
1780997827.653305,-14.986,13.429,-0.017,0.02,256.892,264.017,253.611
1780997827.668106,-15.211,13.071,-0.017,0.019,256.793,263.966,253.747
1780997827.6831932,-16.225,13.571,-0.018,0.02,256.637,264.317,253.605
1780997827.698091,-17.408,13.786,-0.02,0.02,256.384,264.664,253.561
1780997827.738357,-18.197,13.929,-0.02,0.02,256.268,264.811,253.552
1780997827.7387578,-18.761,14.214,-0.021,0.02,256.209,264.973,253.476
1780997827.739108,-18.761,14.214,-0.021,0.02,256.209,264.973,253.476
1780997827.754396,-18.761,14.214,-0.021,0.02,256.209,264.973,253.476
1780997827.765554,-19.944,14.214,-0.022,0.02,255.916,265.293,253.498
1780997827.780628,-20.507,14.214,-0.023,0.02,255.847,265.349,253.519
1780997827.795582,-20.958,14.143,-0.023,0.02,255.781,265.386,253.553
1780997827.810734,-21.07,13.857,-0.023,0.02,255.742,265.305,253.655
1780997827.821954,-21.296,14.0,-0.023,0.02,255.762,265.341,253.607
1780997827.8369422,-21.296,13.643,-0.023,0.019,255.742,265.216,253.727
1780997827.851764,-21.014,13.286,-0.022,0.019,255.798,265.016,253.836
1780997827.8670878,-21.07,13.643,-0.022,0.019,255.868,265.092,253.706
1780997827.878339,-20.789,13.571,-0.021,0.019,255.951,264.965,253.73
1780997827.893274,-20.732,13.071,-0.021,0.018,255.89,264.846,253.887
1780997827.9083111,-20.563,12.643,-0.021,0.018,255.873,264.712,254.014
1780997827.923171,-20.0,11.929,-0.02,0.017,255.927,264.399,254.22
1780997827.9650922,-19.549,11.929,-0.02,0.017,256.061,264.28,254.189
1780997827.9655008,-18.761,12.214,-0.019,0.018,256.333,264.107,254.07
1780997827.9658282,-18.423,12.0,-0.018,0.017,256.379,263.983,254.13
1780997827.9800708,-17.577,11.429,-0.017,0.017,256.5,263.635,254.307
1780997827.991273,-16.507,11.714,-0.016,0.017,256.838,263.391,254.189
1780997828.006295,-15.662,11.357,-0.015,0.017,256.979,263.109,254.293
1780997828.021337,-14.986,11.143,-0.014,0.016,257.092,262.92,254.348
1780997828.036364,-13.521,11.286,-0.012,0.017,257.51,262.537,254.28
1780997828.047662,-13.465,11.643,-0.012,0.017,257.564,262.621,254.156
1780997828.062659,-12.338,10.714,-0.011,0.016,257.675,262.156,254.454
1780997828.077605,-11.38,10.214,-0.01,0.015,257.808,261.846,254.6
1780997828.092739,-10.254,10.286,-0.008,0.015,258.098,261.593,254.55
1780997828.104631,-8.958,9.786,-0.007,0.015,258.332,261.182,254.694
1780997828.118819,-8.113,9.929,-0.006,0.015,258.566,261.006,254.632
1780997828.133632,-8.056,10.286,-0.006,0.016,258.617,261.096,254.504
1780997828.145259,-6.141,9.643,-0.003,0.015,259.04,260.43,254.709
1780997828.20272,-4.732,9.0,-0.001,0.014,259.334,259.899,254.921
1780997828.203043,-4.732,9.0,-0.001,0.014,259.334,259.899,254.921
1780997828.203327,-2.254,9.214,0.002,0.014,260.018,259.334,254.811
1780997828.203598,-1.634,9.071,0.002,0.014,260.089,259.232,254.841
1780997828.216119,0.451,9.071,0.005,0.014,260.665,258.689,254.824
1780997828.227249,1.07,8.786,0.005,0.014,260.702,258.563,254.909
1780997828.242078,1.746,8.214,0.006,0.013,260.713,258.36,255.09
1780997828.257119,3.606,8.786,0.008,0.014,261.338,257.998,254.87
1780997828.268208,4.507,8.357,0.009,0.013,261.4,257.807,254.997
1780997828.2830038,5.014,8.143,0.009,0.013,261.48,257.662,255.064
1780997828.294951,6.704,8.286,0.012,0.013,262.028,257.215,255.006
1780997828.309706,7.718,8.143,0.012,0.013,262.173,257.05,255.039
1780997828.324765,7.718,8.143,0.012,0.013,262.173,257.05,255.039
1780997828.335805,9.577,8.643,0.015,0.014,262.852,256.621,254.861
1780997828.351049,10.479,8.071,0.016,0.013,262.852,256.426,255.051
1780997828.3655722,10.535,8.214,0.015,0.013,262.844,256.488,254.996
1780997828.405303,10.535,8.214,0.015,0.013,262.844,256.488,254.996
1780997828.405714,12.789,8.429,0.019,0.014,263.614,255.891,254.918
1780997828.4064598,13.803,8.5,0.019,0.014,263.784,255.767,254.895
1780997828.41786,13.69,8.5,0.019,0.014,263.684,255.855,254.894
1780997828.432548,14.366,8.286,0.019,0.013,263.722,255.751,254.963
1780997828.4476612,14.366,8.286,0.019,0.013,263.722,255.751,254.963
1780997828.4593039,15.606,8.429,0.021,0.014,264.087,255.488,254.913
1780997828.474345,15.831,8.786,0.021,0.014,264.143,255.56,254.794
1780997828.4894578,16.507,9.0,0.021,0.015,264.337,255.463,254.727
1780997828.500944,16.732,9.143,0.021,0.015,264.333,255.504,254.69
1780997828.51565,16.732,9.786,0.021,0.016,264.366,255.684,254.485
1780997828.530792,17.014,9.357,0.021,0.015,264.326,255.558,254.642
1780997828.5421288,16.789,9.714,0.02,0.015,264.251,255.728,254.539
1780997828.557014,17.014,10.143,0.021,0.016,264.364,255.759,254.414
1780997828.571993,16.958,10.571,0.02,0.017,264.388,255.858,254.297
1780997828.583321,16.901,10.643,0.02,0.017,264.363,255.887,254.289
1780997828.625056,16.338,11.357,0.019,0.018,264.283,256.176,254.076
1780997828.625477,16.394,11.286,0.02,0.017,264.279,256.125,254.128
1780997828.625813,16.0,10.786,0.019,0.016,264.031,256.145,254.316
1780997828.640177,15.606,10.643,0.018,0.016,263.875,256.229,254.365
1780997828.655082,15.493,10.5,0.018,0.016,263.822,256.227,254.413
1780997828.666202,14.873,10.071,0.017,0.015,263.545,256.328,254.55
1780997828.6812649,14.028,10.071,0.016,0.015,263.31,256.558,254.527
1780997828.6964118,13.521,9.5,0.016,0.015,263.085,256.576,254.702
1780997828.707477,12.789,9.714,0.015,0.015,262.922,256.812,254.615
1780997828.722233,12.676,9.286,0.015,0.014,262.822,256.755,254.756
1780997828.737215,12.676,9.286,0.015,0.014,262.822,256.755,254.756
1780997828.74837,10.366,8.929,0.011,0.014,262.037,257.36,254.859
1780997828.763437,10.085,9.0,0.011,0.014,261.999,257.432,254.824
1780997828.7781498,9.296,9.286,0.01,0.015,261.866,257.672,254.712
1780997828.78979,9.296,9.071,0.01,0.014,261.864,257.601,254.781
1780997828.804907,8.169,9.714,0.009,0.015,261.647,258.04,254.556
1780997828.846752,7.268,9.929,0.008,0.016,261.511,258.248,254.481
1780997828.847163,6.254,9.929,0.007,0.016,261.286,258.467,254.475
1780997828.8474822,6.028,10.0,0.007,0.016,261.26,258.514,254.454
1780997828.85702,4.789,9.643,0.005,0.015,260.857,258.768,254.577
1780997828.871874,3.606,9.5,0.004,0.015,260.561,259.007,254.621
1780997828.8867981,3.437,9.429,0.004,0.015,260.531,259.011,254.644
1780997828.8978229,3.437,9.429,0.004,0.015,260.531,259.011,254.644
1780997828.9125068,1.014,8.929,0.0,0.014,259.74,259.61,254.811
1780997828.927418,0.282,8.214,-0.001,0.013,259.425,259.668,255.049
1780997828.9385831,-1.352,8.571,-0.003,0.014,259.027,260.219,254.913
1780997828.95373,-2.028,8.857,-0.004,0.014,258.93,260.435,254.807
1780997828.968449,-3.042,9.429,-0.004,0.015,258.89,260.698,254.606
1780997828.9803379,-3.099,9.429,-0.004,0.015,258.925,260.661,254.607
1780997828.995337,-4.958,10.0,-0.007,0.016,258.537,261.271,254.423
1780997829.010196,-5.577,10.5,-0.007,0.017,258.536,261.448,254.267
1780997829.02157,-6.141,10.143,-0.007,0.016,258.384,261.45,254.407
1780997829.062345,-7.38,10.571,-0.009,0.017,258.199,261.787,254.283
1780997829.062804,-8.394,10.357,-0.01,0.016,257.96,261.944,254.371
1780997829.0662882,-9.183,10.571,-0.01,0.017,257.86,262.127,254.304
1780997829.07763,-9.69,10.643,-0.011,0.017,257.747,262.274,254.283
1780997829.0925682,-10.592,10.857,-0.012,0.017,257.604,262.502,254.221
1780997829.107507,-11.099,11.143,-0.012,0.017,257.583,262.621,254.138
1780997829.122568,-12.113,11.214,-0.013,0.017,257.358,262.883,254.126
1780997829.134485,-12.507,11.357,-0.013,0.017,257.334,262.946,254.095
1780997829.1495738,-13.183,11.429,-0.014,0.018,257.179,263.134,254.082
1780997829.164458,-13.577,11.214,-0.014,0.017,257.091,263.135,254.164
1780997829.17963,-13.859,11.571,-0.015,0.018,257.121,263.234,254.051
1780997829.190978,-14.31,12.0,-0.015,0.018,257.101,263.409,253.922
1780997829.205888,-14.31,12.0,-0.015,0.018,257.138,263.347,253.939
1780997829.220896,-14.761,12.143,-0.015,0.018,257.051,263.485,253.905
1780997829.235965,-14.986,12.5,-0.016,0.019,257.063,263.603,253.795
1780997829.278616,-15.042,12.429,-0.016,0.019,257.052,263.557,253.843
1780997829.279072,-15.437,13.0,-0.016,0.019,257.053,263.77,253.664
1780997829.279405,-15.549,12.857,-0.016,0.019,257.006,263.741,253.733
1780997829.292068,-15.831,12.714,-0.016,0.019,256.908,263.783,253.791
1780997829.303303,-15.268,12.929,-0.015,0.019,257.134,263.609,253.723
1780997829.3183548,-15.38,12.714,-0.016,0.019,257.063,263.601,253.796
1780997829.3332841,-15.324,13.071,-0.016,0.019,257.144,263.645,253.683
1780997829.348306,-14.817,12.929,-0.015,0.019,257.271,263.438,253.736
1780997829.360246,-14.817,12.643,-0.015,0.019,257.212,263.39,253.833
1780997829.375144,-14.592,12.643,-0.014,0.019,257.265,263.329,253.834
1780997829.390133,-14.085,12.857,-0.014,0.019,257.452,263.211,253.758
1780997829.405349,-13.69,12.857,-0.013,0.019,257.547,263.107,253.757
1780997829.4166012,-12.732,12.857,-0.012,0.019,257.811,262.815,253.757
1780997829.431551,-12.282,12.429,-0.011,0.018,257.834,262.629,253.895
1780997829.446817,-11.549,12.571,-0.011,0.019,258.051,262.462,253.836
1780997829.461601,-11.099,12.571,-0.01,0.019,258.145,262.37,253.827
1780997829.501703,-10.535,12.571,-0.009,0.019,258.288,262.22,253.824
1780997829.502124,-9.803,12.286,-0.009,0.018,258.418,261.981,253.909
1780997829.50264,-9.183,11.857,-0.008,0.018,258.492,261.759,254.035
1780997829.517916,-8.451,11.786,-0.007,0.018,258.656,261.575,254.044
1780997829.529532,-7.549,11.5,-0.006,0.017,258.835,261.297,254.123
1780997829.544588,-7.099,11.357,-0.005,0.017,258.915,261.174,254.158
1780997829.5596092,-6.423,11.429,-0.005,0.017,259.087,261.044,254.115
1780997829.570773,-5.577,10.857,-0.004,0.017,259.192,260.738,254.291
1780997829.5857332,-4.676,11.0,-0.003,0.017,259.467,260.53,254.224
1780997829.600944,-3.887,10.429,-0.002,0.016,259.566,260.236,254.4
1780997829.61572,-3.324,10.286,-0.001,0.016,259.697,260.06,254.439
1780997829.6269922,-2.141,10.071,0.0,0.016,259.956,259.756,254.48
1780997829.641734,-1.352,10.071,0.001,0.016,260.129,259.612,254.454
1780997829.656628,-1.352,10.071,0.001,0.016,260.129,259.612,254.454
1780997829.6680582,0.451,9.5,0.004,0.015,260.553,259.016,254.621
1780997829.682728,1.296,9.143,0.004,0.015,260.662,258.817,254.707
1780997829.7240372,1.296,9.143,0.004,0.015,260.662,258.817,254.707
1780997829.724397,1.296,9.143,0.004,0.015,260.662,258.817,254.707
1780997829.724728,3.831,9.0,0.008,0.015,261.395,258.089,254.734
1780997829.73505,4.62,8.643,0.009,0.014,261.456,257.935,254.826
1780997829.749784,4.62,8.643,0.009,0.014,261.456,257.935,254.826
1780997829.764801,4.62,8.643,0.009,0.014,261.456,257.935,254.826
1780997829.77603,6.535,8.071,0.011,0.013,261.851,257.399,254.986
1780997829.791049,7.099,7.786,0.011,0.013,261.862,257.32,255.053
1780997829.80234,7.775,7.857,0.012,0.013,262.038,257.21,255.003
1780997829.8173928,8.225,7.429,0.012,0.013,262.013,257.111,255.121
1780997829.83246,9.014,7.143,0.013,0.012,262.137,256.924,255.192
1780997829.843492,9.465,7.429,0.013,0.013,262.272,256.931,255.066
1780997829.858659,9.239,6.857,0.012,0.012,262.047,256.947,255.25
1780997829.874315,8.62,6.643,0.011,0.012,261.766,257.15,255.302
1780997829.8857129,7.944,6.357,0.01,0.012,261.49,257.344,255.361
1780997829.900675,7.324,5.714,0.009,0.011,261.186,257.433,255.549
1780997829.942531,6.986,5.643,0.009,0.011,261.085,257.527,255.55
1780997829.9429471,6.873,5.643,0.009,0.011,261.082,257.555,255.525
1780997829.943278,6.254,5.5,0.008,0.011,260.897,257.71,255.544
1780997829.9526,4.732,4.786,0.006,0.01,260.315,258.027,255.773
1780997829.967895,3.662,4.571,0.004,0.01,259.977,258.298,255.826
1780997829.982717,0.563,3.929,-0.0,0.009,258.983,259.081,256.014
1780997829.99455,-3.211,3.643,-0.006,0.008,257.867,260.151,256.079
1780997830.009623,-6.197,4.214,-0.01,0.009,257.196,261.103,255.855
1780997830.024609,-10.986,5.214,-0.016,0.011,256.172,262.627,255.497
1780997830.0356412,-15.718,6.571,-0.022,0.013,255.267,264.182,255.053
1780997830.0508769,-17.577,7.071,-0.024,0.014,254.897,264.808,254.895
1780997830.0656168,-24.0,9.429,-0.033,0.017,253.626,267.326,254.137
1780997830.080586,-25.183,10.571,-0.034,0.019,253.594,267.817,253.789
1780997830.0918279,-30.873,12.357,-0.042,0.021,252.367,270.229,253.23
1780997830.1065018,-32.113,12.571,-0.043,0.022,252.188,270.502,253.215
1780997830.121244,-32.113,12.571,-0.043,0.022,252.188,270.502,253.215
1780997830.163126,-42.592,15.929,-0.058,0.027,249.94,275.551,252.148
1780997830.163591,-43.437,15.929,-0.058,0.026,249.894,275.501,252.227
1780997830.164116,-46.254,17.143,-0.062,0.028,249.489,276.729,251.899
1780997830.177263,-52.113,19.214,-0.068,0.03,248.582,279.271,251.385
1780997830.1919959,-53.296,19.643,-0.069,0.03,248.501,279.535,251.324
1780997830.203254,-53.296,19.643,-0.069,0.03,248.501,279.535,251.324
1780997830.218037,-59.493,21.286,-0.076,0.032,247.445,282.408,250.94
1780997830.233151,-59.493,21.286,-0.076,0.032,247.445,282.408,250.94
1780997830.248001,-63.268,22.714,-0.08,0.034,247.0,284.035,250.63
1780997830.259428,-64.338,23.571,-0.079,0.034,247.141,284.003,250.498
1780997830.274462,-64.338,23.571,-0.079,0.034,247.141,284.003,250.498
1780997830.288704,-66.704,23.214,-0.08,0.033,246.848,284.057,250.78
1780997830.3042839,-66.704,23.214,-0.08,0.033,246.848,284.057,250.78
1780997830.3155148,-67.831,22.5,-0.08,0.031,246.763,283.522,251.121
1780997830.33066,-68.282,22.071,-0.079,0.03,246.752,283.156,251.308
1780997830.345425,-68.0,21.571,-0.078,0.029,246.953,282.299,251.513
1780997830.385067,-67.549,20.786,-0.076,0.028,247.008,281.662,251.775
1780997830.385477,-66.93,19.714,-0.075,0.027,247.107,280.8,252.118
1780997830.386539,-65.577,17.714,-0.072,0.024,247.265,279.376,252.721
1780997830.401736,-64.169,16.357,-0.07,0.022,247.496,278.279,253.096
1780997830.4165661,-62.366,15.214,-0.067,0.02,247.816,277.15,253.418
1780997830.427983,-61.972,15.071,-0.067,0.02,247.902,276.976,253.43
1780997830.4430232,-59.155,13.0,-0.063,0.018,248.326,275.321,254.002
1780997830.457846,-57.127,11.429,-0.06,0.016,248.587,274.277,254.399
1780997830.472832,-55.549,10.429,-0.058,0.015,248.818,273.53,254.649
1780997830.48464,-52.901,8.857,-0.054,0.013,249.265,272.113,255.144
1780997830.499786,-48.958,6.0,-0.049,0.009,249.78,270.249,255.943
1780997830.514816,-46.704,5.071,-0.047,0.008,250.162,269.444,256.136
1780997830.5298529,-43.662,3.786,-0.043,0.007,250.648,268.417,256.406
1780997830.54102,-40.282,2.214,-0.039,0.005,251.229,267.085,256.844
1780997830.555958,-36.676,0.857,-0.034,0.003,251.893,265.789,257.204
1780997830.57098,-34.366,0.071,-0.032,0.003,252.269,265.135,257.355
1780997830.613657,-30.93,-1.571,-0.028,0.001,252.754,264.069,257.762
1780997830.614136,-26.93,-2.857,-0.023,-0.0,253.539,262.744,258.11
1780997830.614471,-23.155,-4.214,-0.018,-0.002,254.225,261.559,258.477
1780997830.6268969,-19.268,-5.0,-0.014,-0.002,254.943,260.65,258.577
1780997830.641834,-15.493,-6.214,-0.01,-0.004,255.668,259.517,258.914
1780997830.652917,-12.958,-6.214,-0.006,-0.004,256.324,258.88,258.858
1780997830.66798,-10.31,-6.571,-0.004,-0.004,256.831,258.328,258.886
1780997830.6827252,-5.296,-7.429,0.003,-0.005,257.979,256.957,259.109
1780997830.6978161,-1.183,-7.429,0.007,-0.004,258.858,256.224,258.985
1780997830.709666,2.986,-7.429,0.012,-0.004,259.907,255.3,258.919
1780997830.7244868,5.465,-7.786,0.014,-0.004,260.344,254.824,259.0
1780997830.739593,6.704,-7.429,0.015,-0.004,260.673,254.671,258.844
1780997830.750887,13.183,-7.143,0.023,-0.003,262.406,253.291,258.693
1780997830.76598,15.437,-6.714,0.025,-0.002,262.93,253.008,258.517
1780997830.7810292,20.056,-6.214,0.03,-0.001,264.14,252.187,258.319
1780997830.7921112,22.817,-6.357,0.033,-0.002,264.76,251.642,258.372
1780997830.8334012,25.915,-5.5,0.037,-0.0,265.89,251.04,258.058
1780997830.833786,28.225,-4.929,0.039,0.001,266.489,250.753,257.868
1780997830.836703,32.394,-3.571,0.045,0.003,268.164,249.943,257.389
1780997830.847826,34.479,-2.214,0.046,0.004,268.833,249.849,256.959
1780997830.862647,35.38,-2.143,0.047,0.004,268.984,249.734,256.968
1780997830.877546,39.606,-0.5,0.052,0.007,270.592,249.084,256.457
1780997830.8885021,40.62,-0.214,0.053,0.007,270.841,248.97,256.397
1780997830.903507,40.62,-0.214,0.053,0.007,270.841,248.97,256.397
1780997830.918442,45.803,1.714,0.059,0.009,272.969,248.113,255.814
1780997830.930424,45.803,1.714,0.059,0.009,272.969,248.113,255.814
1780997830.945096,49.859,4.857,0.064,0.014,274.981,247.752,254.851
1780997830.959946,50.31,5.571,0.064,0.015,275.08,247.852,254.677
1780997830.971241,52.338,6.357,0.066,0.016,275.938,247.535,254.475
1780997830.986061,53.915,8.286,0.067,0.018,276.621,247.606,253.969
1780997831.001258,55.042,9.357,0.068,0.019,277.181,247.556,253.682
1780997831.012161,55.38,11.071,0.068,0.022,277.552,247.806,253.188
1780997831.05229,55.944,12.571,0.068,0.023,277.739,248.012,252.856
1780997831.0526521,55.718,13.786,0.066,0.024,277.523,248.352,252.62
1780997831.052945,55.718,13.786,0.066,0.024,277.523,248.352,252.62
1780997831.068023,54.761,16.286,0.064,0.027,277.388,249.043,251.973
1780997831.0829718,54.085,17.143,0.062,0.028,276.876,249.379,251.926
1780997831.094711,53.183,17.714,0.06,0.028,276.311,249.704,251.928
1780997831.109788,51.775,18.5,0.058,0.028,275.744,250.181,251.782
1780997831.1249752,50.704,18.571,0.056,0.028,275.2,250.439,251.855
1780997831.136207,48.845,19.0,0.054,0.028,274.439,250.93,251.834
1780997831.151268,46.873,19.286,0.051,0.028,273.676,251.409,251.839
1780997831.166222,44.901,20.0,0.048,0.029,273.093,251.937,251.69
1780997831.181324,42.761,20.643,0.046,0.03,272.415,252.546,251.536
1780997831.192466,41.352,20.429,0.044,0.029,271.876,252.791,251.656
1780997831.207231,40.845,20.714,0.043,0.029,271.792,252.923,251.584
1780997831.2220318,38.423,20.714,0.04,0.029,270.851,253.561,251.606
1780997831.2332008,35.493,20.786,0.036,0.029,269.768,254.351,251.604
1780997831.275425,32.563,21.143,0.031,0.03,268.8,255.183,251.508
1780997831.275862,29.408,20.714,0.027,0.029,267.617,255.941,251.667
1780997831.2761998,26.423,20.786,0.023,0.029,266.657,256.731,251.658
1780997831.2892742,23.324,20.786,0.019,0.029,265.679,257.54,251.671
1780997831.3040571,19.944,20.357,0.014,0.028,264.55,258.358,251.822
1780997831.315155,16.451,19.786,0.01,0.027,263.399,259.186,252.014
1780997831.329986,12.845,19.214,0.005,0.026,262.256,260.051,252.2
1780997831.344883,12.845,19.214,0.005,0.026,262.256,260.051,252.2
1780997831.356083,6.986,18.071,-0.002,0.025,260.535,261.34,252.557
1780997831.3712058,3.606,17.214,-0.005,0.024,259.726,261.883,252.806
1780997831.3861918,0.338,16.357,-0.007,0.023,259.153,262.229,253.023
1780997831.401131,-3.155,15.357,-0.01,0.021,258.418,262.707,253.286
1780997831.412318,-5.69,14.714,-0.013,0.02,257.844,263.141,253.451
1780997831.4271948,-7.718,14.286,-0.015,0.02,257.299,263.61,253.565
1780997831.442095,-12.225,13.071,-0.02,0.018,256.059,264.625,253.905
1780997831.457246,-14.761,12.429,-0.023,0.018,255.529,265.075,254.05
1780997831.499208,-18.085,11.714,-0.026,0.017,254.748,265.818,254.215
1780997831.499611,-20.338,11.071,-0.028,0.016,254.289,266.203,254.362
1780997831.49996,-24.507,9.929,-0.034,0.015,253.037,267.358,254.711
1780997831.5097878,-27.38,9.286,-0.037,0.014,252.441,267.97,254.847
1780997831.524649,-30.197,8.786,-0.041,0.013,251.728,268.77,254.973
1780997831.539489,-31.099,8.929,-0.041,0.014,251.671,268.969,254.882
1780997831.5545459,-33.183,8.429,-0.044,0.013,251.169,269.494,255.014
1780997831.5656462,-37.521,7.071,-0.048,0.012,250.25,270.355,255.352
1780997831.5806878,-39.887,6.214,-0.05,0.011,249.769,270.776,255.563
1780997831.595606,-42.254,5.214,-0.052,0.01,249.386,271.045,255.784
1780997831.606893,-42.93,4.857,-0.052,0.009,249.273,271.1,255.869
1780997831.621866,-45.746,4.286,-0.055,0.009,248.777,271.738,255.952
1780997831.636884,-47.042,4.0,-0.056,0.009,248.596,271.973,255.983
1780997831.6516821,-48.789,3.214,-0.057,0.008,248.294,272.191,256.164
1780997831.662943,-49.634,3.0,-0.058,0.008,248.205,272.305,256.182
1780997831.6779468,-49.634,3.0,-0.058,0.008,248.205,272.305,256.182
1780997831.718066,-52.169,1.786,-0.06,0.006,247.586,272.818,256.517
1780997831.718486,-52.451,1.643,-0.06,0.006,247.631,272.749,256.515
1780997831.7192929,-53.014,0.786,-0.06,0.005,247.537,272.593,256.734
1780997831.734446,-53.296,0.143,-0.06,0.005,247.468,272.46,256.909
1780997831.749328,-53.69,0.143,-0.06,0.005,247.493,272.524,256.834
1780997831.760397,-53.577,0.071,-0.06,0.005,247.609,272.382,256.805
1780997831.775502,-53.183,-0.357,-0.059,0.005,247.716,272.067,256.911
1780997831.7904582,-53.07,-0.286,-0.058,0.005,247.797,272.018,256.854
1780997831.805568,-52.169,-0.429,-0.057,0.005,248.033,271.609,256.884
1780997831.816854,-51.718,-0.786,-0.056,0.004,248.106,271.37,256.979
1780997831.8319712,-50.817,-0.643,-0.055,0.005,248.353,271.09,256.906
1780997831.8468962,-49.296,-0.571,-0.053,0.005,248.738,270.565,256.866
1780997831.861865,-48.0,-0.143,-0.051,0.006,249.097,270.247,256.702
1780997831.873172,-46.93,-0.214,-0.05,0.005,249.323,269.88,256.73
1780997831.8882291,-45.239,0.143,-0.048,0.006,249.747,269.428,256.606
1780997831.903064,-43.38,0.143,-0.045,0.006,250.146,268.842,256.622
1780997831.946012,-41.746,0.643,-0.044,0.007,250.55,268.479,256.464
1780997831.946507,-40.338,1.0,-0.042,0.007,250.906,268.13,256.353
1780997831.946872,-37.746,1.071,-0.038,0.007,251.535,267.284,256.351
1780997831.9594398,-36.451,1.071,-0.037,0.007,251.778,266.942,256.367
1780997831.970537,-33.183,1.929,-0.032,0.008,252.71,266.075,256.088
1780997831.985448,-31.042,2.357,-0.03,0.009,253.316,265.472,255.955
1780997832.000428,-27.718,3.5,-0.025,0.011,254.285,264.712,255.594
1780997832.015531,-26.085,4.0,-0.023,0.011,254.742,264.338,255.447
1780997832.026647,-23.493,4.786,-0.021,0.012,255.301,263.898,255.26
1780997832.041705,-21.408,5.429,-0.018,0.013,255.928,263.397,255.068
1780997832.056789,-17.634,6.286,-0.014,0.014,256.848,262.592,254.867
1780997832.068013,-14.423,7.0,-0.011,0.015,257.595,261.954,254.707
1780997832.0829709,-12.338,7.214,-0.008,0.015,258.163,261.396,254.663
1780997832.097745,-10.817,7.571,-0.007,0.015,258.447,261.167,254.6
1780997832.1127942,-8.676,8.643,-0.004,0.017,259.2,260.762,254.262
1780997832.124506,-3.493,10.643,0.002,0.019,260.798,259.779,253.703
1780997832.166741,-1.296,11.0,0.005,0.02,261.288,259.349,253.66
1780997832.1671722,1.521,11.429,0.008,0.02,262.007,258.739,253.591
1780997832.16748,4.338,12.286,0.01,0.021,262.683,258.313,253.403
1780997832.180714,7.437,13.0,0.014,0.021,263.475,257.754,253.253
1780997832.19585,9.352,13.071,0.016,0.021,263.888,257.353,253.284
1780997832.206966,10.93,14.357,0.017,0.023,264.442,257.266,252.909
1780997832.222027,13.521,14.929,0.02,0.024,265.214,256.737,252.78
1780997832.237015,16.451,15.5,0.024,0.024,266.115,256.119,252.649
1780997832.2481349,19.718,16.5,0.027,0.026,267.233,255.492,252.381
1780997832.263395,21.521,17.143,0.029,0.026,267.742,255.244,252.232
1780997832.278235,23.718,17.357,0.031,0.026,268.189,254.875,252.25
1780997832.290209,25.972,17.929,0.033,0.027,268.786,254.536,252.136
1780997832.3051798,27.944,18.071,0.035,0.027,269.221,254.191,252.151
1780997832.3202891,29.296,18.357,0.036,0.027,269.595,253.976,252.09
1780997832.331567,31.211,18.571,0.038,0.027,270.088,253.637,252.067
1780997832.346546,32.563,18.643,0.039,0.027,270.354,253.427,252.085
1780997832.3867579,34.254,18.857,0.041,0.027,270.832,253.132,252.039
1780997832.387133,35.662,18.857,0.042,0.027,271.165,252.871,252.064
1780997832.387695,36.282,18.714,0.043,0.027,271.235,252.761,252.125
1780997832.40254,37.408,18.714,0.044,0.027,271.506,252.565,252.132
1780997832.417718,38.197,18.643,0.044,0.027,271.638,252.446,252.16
1780997832.429491,38.761,18.357,0.045,0.026,271.659,252.337,252.254
1780997832.444582,39.155,18.071,0.045,0.026,271.676,252.238,252.341
1780997832.4595919,39.268,17.786,0.045,0.025,271.559,252.241,252.419
1780997832.4708831,39.718,17.714,0.045,0.025,271.663,252.167,252.422
1780997832.485949,39.606,17.143,0.045,0.024,271.429,252.162,252.588
1780997832.501172,39.211,16.571,0.044,0.024,271.114,252.222,252.748
1780997832.5125608,38.873,15.786,0.043,0.023,270.798,252.21,252.982
1780997832.527509,38.535,15.143,0.043,0.022,270.546,252.223,253.148
1780997832.54245,37.352,13.643,0.041,0.02,269.791,252.326,253.589
1780997832.554446,36.056,13.071,0.039,0.019,269.259,252.601,253.702
1780997832.569439,34.817,11.571,0.038,0.017,268.578,252.69,254.124
1780997832.611454,33.577,11.071,0.036,0.017,268.094,252.946,254.232
1780997832.6118898,32.169,11.0,0.034,0.017,267.703,253.294,254.18
1780997832.6122172,31.211,10.286,0.033,0.016,267.358,253.388,254.353
1780997832.62531,29.634,9.929,0.031,0.016,266.819,253.736,254.426
1780997832.6402402,28.507,9.714,0.03,0.016,266.42,254.001,254.476
1780997832.651507,26.817,8.714,0.027,0.014,265.662,254.294,254.795
1780997832.666284,25.07,8.0,0.025,0.013,265.058,254.606,254.98
1780997832.677539,23.155,7.571,0.023,0.013,264.48,255.009,255.058
1780997832.6925702,21.465,6.857,0.021,0.012,263.931,255.291,255.242
1780997832.7075682,19.155,6.214,0.018,0.012,263.281,255.717,255.377
1780997832.719542,17.183,5.357,0.016,0.011,262.626,256.052,255.617
1780997832.73474,14.535,5.071,0.013,0.011,261.969,256.633,255.626
1780997832.74956,13.127,4.571,0.012,0.01,261.592,256.851,255.75
1780997832.7607229,10.366,4.286,0.008,0.01,260.906,257.462,255.776
1780997832.775615,7.775,3.786,0.005,0.009,260.144,258.05,255.909
1780997832.790435,6.873,4.0,0.004,0.01,259.992,258.297,255.812
1780997832.832698,3.831,3.214,0.0,0.009,259.079,258.954,256.044
1780997832.83312,3.831,3.214,0.0,0.009,259.079,258.954,256.044
1780997832.833444,0.394,2.857,-0.005,0.008,258.035,259.905,256.146
1780997832.841826,0.394,2.857,-0.005,0.008,258.035,259.905,256.146
1780997832.856739,-5.408,2.357,-0.013,0.008,256.285,261.61,256.295
1780997832.8714728,-6.028,2.429,-0.013,0.008,256.276,261.676,256.244
1780997832.8827069,-6.028,2.429,-0.013,0.008,256.276,261.676,256.244
1780997832.8974059,-11.831,2.214,-0.021,0.008,254.838,263.275,256.269
1780997832.912402,-11.831,2.214,-0.021,0.008,254.838,263.275,256.269
1780997832.924173,-16.958,2.643,-0.026,0.009,253.922,264.603,256.06
1780997832.939224,-17.859,2.5,-0.027,0.008,253.793,264.715,256.099
1780997832.9534998,-20.958,3.286,-0.03,0.01,253.326,265.639,255.805
1780997832.968461,-21.521,3.071,-0.03,0.009,253.268,265.623,255.878
1780997832.9804428,-25.239,3.714,-0.034,0.01,252.579,266.776,255.652
1780997832.995143,-27.493,4.286,-0.036,0.011,252.397,267.236,255.472
1780997833.010133,-27.493,4.286,-0.036,0.011,252.397,267.236,255.472
1780997833.051695,-30.085,5.143,-0.038,0.012,252.121,267.934,255.21
1780997833.05212,-31.718,5.786,-0.039,0.013,252.031,268.287,255.028
1780997833.052428,-33.352,6.071,-0.04,0.013,251.838,268.62,254.973
1780997833.06632,-34.592,6.5,-0.041,0.014,251.744,268.884,254.869
1780997833.0775092,-35.606,6.643,-0.042,0.014,251.595,269.126,254.842
1780997833.092453,-37.127,7.143,-0.044,0.015,251.356,269.654,254.696
1780997833.107253,-37.296,7.429,-0.043,0.015,251.448,269.614,254.629
1780997833.122278,-38.986,8.429,-0.046,0.016,251.178,270.441,254.301
1780997833.1333299,-39.549,9.214,-0.046,0.017,251.278,270.574,254.1
1780997833.1485949,-39.944,9.571,-0.046,0.018,251.259,270.736,254.003
1780997833.163466,-40.169,9.929,-0.046,0.018,251.343,270.689,253.949
1780997833.1752331,-40.676,9.857,-0.046,0.018,251.256,270.703,254.029
1780997833.190359,-40.845,10.429,-0.046,0.018,251.349,270.769,253.885
1780997833.2053728,-40.789,10.643,-0.045,0.018,251.431,270.688,253.858
1780997833.220417,-40.958,10.786,-0.045,0.019,251.423,270.733,253.835
1780997833.2316532,-40.732,11.0,-0.045,0.019,251.534,270.62,253.801
1780997833.274648,-40.282,11.286,-0.044,0.019,251.706,270.46,253.739
1780997833.2751338,-39.549,11.643,-0.043,0.019,251.951,270.232,253.651
1780997833.276642,-38.761,11.929,-0.042,0.02,252.19,269.989,253.584
1780997833.287723,-38.141,12.0,-0.041,0.02,252.348,269.78,253.576
1780997833.3028631,-37.07,11.857,-0.04,0.02,252.571,269.378,253.644
1780997833.3178082,-35.944,12.214,-0.038,0.02,252.891,269.083,253.539
1780997833.332792,-35.042,11.786,-0.037,0.019,253.03,268.689,253.693
1780997833.344681,-33.803,12.071,-0.036,0.02,253.347,268.379,253.609
1780997833.359751,-32.056,12.0,-0.033,0.02,253.743,267.814,253.643
1780997833.374658,-31.38,11.929,-0.033,0.019,253.86,267.626,253.67
1780997833.389737,-29.521,11.857,-0.03,0.019,254.279,267.053,253.698
1780997833.401056,-27.718,11.5,-0.028,0.019,254.631,266.467,253.811
1780997833.415964,-25.859,11.286,-0.026,0.018,255.017,265.911,253.874
1780997833.4310122,-24.282,11.571,-0.024,0.019,255.4,265.582,253.764
1780997833.445945,-22.761,11.429,-0.022,0.019,255.784,265.062,253.812
1780997833.487606,-20.563,11.0,-0.02,0.018,256.21,264.403,253.943
1780997833.487987,-18.648,11.071,-0.017,0.018,256.689,263.885,253.915
1780997833.48833,-17.296,10.571,-0.016,0.018,256.891,263.469,254.072
1780997833.501802,-14.535,9.643,-0.012,0.016,257.441,262.513,254.366
1780997833.5127838,-12.845,9.929,-0.01,0.017,257.949,262.088,254.255
1780997833.52778,-11.437,9.571,-0.009,0.016,258.172,261.738,254.352
1780997833.5426738,-8.507,9.429,-0.005,0.016,258.909,260.937,254.375
1780997833.554236,-6.254,8.571,-0.002,0.015,259.385,260.138,254.655
1780997833.5693219,-5.69,8.714,-0.001,0.015,259.498,260.098,254.588
1780997833.58341,-2.761,8.429,0.003,0.015,260.301,259.209,254.669
1780997833.59532,-2.141,8.214,0.003,0.015,260.353,259.097,254.726
1780997833.610322,1.634,7.786,0.008,0.014,261.296,258.077,254.833
1780997833.6251829,3.211,7.571,0.01,0.014,261.663,257.676,254.888
1780997833.636503,4.507,7.071,0.01,0.013,261.766,257.441,255.022
1780997833.651433,7.155,6.786,0.013,0.013,262.28,256.924,255.066
1780997833.666559,9.07,6.643,0.014,0.013,262.608,256.622,255.071
1780997833.7072299,10.592,6.571,0.016,0.013,262.94,256.335,255.064
1780997833.7076259,12.056,6.357,0.017,0.013,263.154,256.11,255.098
1780997833.707965,13.915,5.857,0.019,0.012,263.475,255.693,255.233
1780997833.719577,15.437,5.929,0.02,0.013,263.813,255.458,255.176
1780997833.734733,16.507,5.786,0.021,0.012,264.026,255.245,255.207
1780997833.745908,17.915,6.0,0.023,0.013,264.386,255.036,255.111
1780997833.7610428,19.38,6.071,0.024,0.013,264.74,254.777,255.072
1780997833.775948,20.394,5.643,0.025,0.012,264.848,254.555,255.205
1780997833.78719,21.352,5.429,0.026,0.012,265.046,254.326,255.271
1780997833.802187,22.31,5.357,0.027,0.012,265.229,254.169,255.279
1780997833.8175628,23.493,5.214,0.028,0.012,265.493,253.92,255.314
1780997833.8293009,23.944,5.929,0.028,0.013,265.692,254.013,255.055
1780997833.8444202,24.563,5.714,0.029,0.013,265.799,253.853,255.13
1780997833.859313,25.408,5.929,0.03,0.013,266.047,253.728,255.054
1780997833.8706079,25.69,5.857,0.03,0.013,266.036,253.71,255.083
1780997833.885597,25.972,5.643,0.03,0.013,266.009,253.656,255.16
1780997833.927169,26.423,5.857,0.03,0.013,266.153,253.615,255.084
1780997833.9276018,26.423,5.857,0.03,0.013,266.115,253.644,255.085
1780997833.927943,26.479,6.143,0.03,0.013,266.152,253.705,254.993
1780997833.9417431,26.254,6.5,0.029,0.014,266.109,253.845,254.884
1780997833.9529338,25.859,6.929,0.029,0.014,266.032,254.036,254.754
1780997833.968121,25.521,7.214,0.028,0.015,265.962,254.176,254.67
1780997833.982988,25.296,7.571,0.028,0.015,265.95,254.284,254.57
1780997833.994855,24.845,7.571,0.027,0.015,265.789,254.386,254.598
1780997834.009991,23.887,7.714,0.026,0.015,265.481,254.672,254.563
1780997834.024972,23.549,8.429,0.026,0.016,265.535,254.856,254.337
1780997834.036313,22.648,8.571,0.024,0.016,265.28,255.08,254.322
1780997834.051119,21.577,8.357,0.026,0.015,265.475,254.521,254.72
1780997834.06618,20.282,8.357,0.024,0.015,264.974,254.957,254.697
1780997834.0772438,19.324,8.0,0.022,0.014,264.564,255.225,254.773
1780997834.092031,19.324,8.0,0.022,0.014,264.564,255.225,254.773
1780997834.106899,17.296,7.5,0.019,0.014,263.761,255.785,254.897
1780997834.149962,15.887,7.643,0.017,0.014,263.343,256.239,254.809
1780997834.1504252,14.31,8.0,0.015,0.015,262.933,256.76,254.655
1780997834.150769,-0.451,43.643,-0.008,0.071,264.976,268.668,243.542
1780997834.1600928,10.873,9.786,0.011,0.016,262.185,257.732,254.375
1780997834.174892,9.746,9.643,0.011,0.016,262.281,257.641,254.378
1780997834.18616,9.746,9.643,0.011,0.016,262.281,257.641,254.378
1780997834.201169,6.817,9.857,0.007,0.017,261.385,258.593,254.27
1780997834.2160552,5.352,9.929,0.005,0.017,260.947,259.054,254.231
1780997834.227231,3.606,9.857,0.002,0.017,260.405,259.571,254.242
1780997834.242034,1.69,9.643,-0.001,0.017,259.799,260.109,254.302
1780997834.2570188,0.901,10.071,-0.002,0.017,259.694,260.39,254.144
1780997834.2680142,-2.761,9.571,-0.007,0.017,258.589,261.366,254.29
1780997834.2831628,-4.732,9.929,-0.009,0.017,258.12,262.015,254.158
1780997834.298075,-7.437,10.143,-0.013,0.018,257.51,262.776,254.074
1780997834.3129401,-9.014,10.214,-0.014,0.018,257.226,263.126,254.044
1780997834.324949,-10.873,10.857,-0.017,0.019,256.859,263.798,253.825
1780997834.367564,-12.563,11.071,-0.018,0.019,256.572,264.202,253.762
1780997834.368033,-14.254,11.429,-0.019,0.019,256.376,264.547,253.664
1780997834.36962,-16.394,11.5,-0.022,0.019,255.964,265.034,253.661
1780997834.380749,-18.085,11.786,-0.023,0.02,255.714,265.426,253.585
1780997834.3958101,-19.944,11.714,-0.025,0.02,255.274,265.916,253.619
1780997834.410833,-22.254,12.071,-0.028,0.02,254.855,266.566,253.512
1780997834.42591,-23.38,11.857,-0.029,0.02,254.614,266.763,253.594
1780997834.4371278,-25.127,12.286,-0.031,0.02,254.354,267.256,253.466
1780997834.452074,-26.761,12.429,-0.032,0.021,254.067,267.664,253.435
1780997834.4670038,-28.282,12.857,-0.034,0.021,253.846,268.112,253.313
1780997834.482037,-29.803,13.071,-0.035,0.021,253.532,268.604,253.254
1780997834.49334,-30.479,14.071,-0.036,0.023,253.598,268.942,252.937
1780997834.508491,-31.38,13.143,-0.037,0.021,253.311,268.881,253.268
1780997834.5234518,-32.676,13.071,-0.038,0.021,253.048,269.196,253.297
1780997834.5383732,-33.521,13.071,-0.039,0.021,252.924,269.36,253.301
1780997834.581439,-34.479,13.0,-0.04,0.021,252.707,269.624,253.325
1780997834.581846,-35.662,12.929,-0.041,0.021,252.464,269.934,253.346
1780997834.582186,-36.282,13.214,-0.042,0.021,252.401,270.152,253.25
1780997834.595167,-36.563,13.214,-0.042,0.021,252.411,270.139,253.251
1780997834.606219,-37.183,12.929,-0.042,0.021,252.254,270.223,253.349
1780997834.6213279,-37.127,12.786,-0.042,0.021,252.309,270.085,253.393
1780997834.6362581,-37.127,12.714,-0.042,0.021,252.347,270.016,253.404
1780997834.651284,-37.239,12.143,-0.042,0.02,252.259,269.897,253.581
1780997834.662626,-37.408,12.286,-0.042,0.02,252.256,269.984,253.52
1780997834.677652,-37.296,12.071,-0.041,0.02,252.28,269.875,253.576
1780997834.69261,-37.127,12.0,-0.041,0.02,252.333,269.786,253.586
1780997834.7076962,-36.789,11.357,-0.041,0.019,252.331,269.519,253.785
1780997834.719632,-35.831,11.429,-0.039,0.019,252.613,269.192,253.739
1780997834.7344918,-35.437,11.143,-0.039,0.019,252.669,269.006,253.822
1780997834.7496161,-34.704,11.214,-0.038,0.019,252.871,268.799,253.771
1780997834.764748,-33.69,10.714,-0.036,0.018,253.043,268.373,253.92
1780997834.807473,-32.507,10.357,-0.035,0.018,253.277,267.936,254.017
1780997834.80786,-31.493,10.286,-0.034,0.018,253.514,267.612,254.028
1780997834.8082108,-29.746,9.929,-0.031,0.017,253.896,267.0,254.122
1780997834.8169658,-29.634,9.857,-0.031,0.017,253.887,266.993,254.136
1780997834.832135,-28.113,9.5,-0.029,0.017,254.182,266.5,254.231
1780997834.8468878,-26.817,9.143,-0.028,0.016,254.412,266.103,254.319
1780997834.861863,-26.817,9.143,-0.028,0.016,254.412,266.103,254.319
1780997834.8727639,-24.394,8.429,-0.025,0.015,254.93,265.198,254.54
1780997834.887647,-24.394,8.429,-0.025,0.015,254.93,265.198,254.54
1780997834.90248,-20.732,8.286,-0.02,0.015,255.899,264.027,254.559
1780997834.9146,-19.606,7.643,-0.019,0.014,256.003,263.683,254.75
1780997834.9296498,-17.465,7.5,-0.016,0.014,256.446,263.172,254.754
1780997834.944621,-16.169,7.357,-0.015,0.014,256.7,262.863,254.774
1780997834.959591,-14.592,7.571,-0.013,0.015,257.049,262.602,254.664
1780997834.970927,-12.507,7.143,-0.011,0.014,257.449,262.024,254.786
1780997834.98603,-11.042,7.5,-0.01,0.015,257.793,261.817,254.641
1780997835.029089,-8.676,7.643,-0.007,0.015,258.391,261.253,254.576
1780997835.029536,-7.606,7.286,-0.006,0.015,258.542,260.962,254.694
1780997835.029873,-5.746,7.714,-0.004,0.015,259.032,260.626,254.539
1780997835.0420082,-3.887,7.5,-0.002,0.015,259.412,260.16,254.61
1780997835.053138,-1.972,7.643,0.0,0.015,259.88,259.745,254.559
1780997835.068255,-0.845,7.571,0.001,0.015,260.109,259.49,254.584
1780997835.083092,1.07,7.857,0.004,0.016,260.61,259.105,254.486
1780997835.094929,2.986,7.786,0.006,0.016,261.108,258.596,254.513
1780997835.110042,4.507,8.0,0.008,0.016,261.458,258.337,254.445
1780997835.125041,-16.62,48.429,-0.026,0.079,261.937,274.815,242.03
1780997835.1360068,6.817,9.571,0.011,0.017,262.27,257.744,254.289
1780997835.151205,7.775,9.071,0.012,0.016,262.427,257.443,254.439
1780997835.1658938,7.775,9.071,0.012,0.016,262.427,257.443,254.439
1780997835.177001,7.775,9.071,0.012,0.016,262.427,257.443,254.439
1780997835.191741,11.155,8.071,0.016,0.015,263.227,256.428,254.724
1780997835.2067132,13.127,8.0,0.019,0.015,263.814,255.92,254.719
1780997835.249037,14.31,8.357,0.02,0.015,264.11,255.838,254.548
1780997835.2493818,15.887,8.5,0.022,0.016,264.605,255.485,254.482
1780997835.2496839,17.014,9.143,0.023,0.017,264.938,255.449,254.241
1780997835.259139,17.07,9.214,0.022,0.017,264.876,255.531,254.212
1780997835.2741919,18.479,10.357,0.024,0.019,265.531,255.383,253.822
1780997835.2892659,18.704,11.0,0.023,0.02,265.46,255.633,253.635
1780997835.300422,19.211,11.214,0.023,0.02,265.465,255.672,253.594
1780997835.315518,19.493,11.786,0.023,0.021,265.505,255.799,253.439
1780997835.330549,19.606,12.0,0.023,0.021,265.491,255.862,253.39
1780997835.3418188,19.662,12.857,0.023,0.022,265.566,256.054,253.146
1780997835.3568692,19.887,13.571,0.023,0.023,265.692,256.148,252.956
1780997835.37186,19.887,14.143,0.022,0.023,265.724,256.269,252.816
1780997835.383123,19.887,14.571,0.022,0.024,265.738,256.346,252.732
1780997835.398282,19.718,15.429,0.022,0.025,265.813,256.545,252.486
1780997835.413022,19.662,16.214,0.022,0.026,265.899,256.685,252.287
1780997835.425059,19.38,16.714,0.021,0.027,265.868,256.841,252.166
1780997835.466729,18.704,17.0,0.02,0.027,265.652,257.06,252.133
1780997835.467177,18.254,17.571,0.019,0.027,265.601,257.265,251.983
1780997835.469889,17.408,17.643,0.018,0.027,265.308,257.479,252.018
1780997835.481143,16.451,18.143,0.017,0.028,265.09,257.797,251.9
1780997835.496112,15.662,18.357,0.016,0.028,264.889,258.004,251.871
1780997835.51415,14.141,18.5,0.014,0.028,264.433,258.423,251.858
1780997835.522441,13.465,18.786,0.013,0.028,264.3,258.62,251.787
1780997835.53745,12.225,18.786,0.012,0.028,263.944,258.911,251.815
1780997835.5526521,10.648,18.857,0.01,0.028,263.504,259.311,251.817
1780997835.564301,9.465,18.857,0.008,0.028,263.201,259.572,251.835
1780997835.579537,8.563,18.643,0.007,0.028,262.925,259.745,251.911
1780997835.594419,7.099,19.143,0.006,0.029,262.643,260.187,251.758
1780997835.605757,5.972,18.929,0.005,0.028,262.334,260.388,251.84
1780997835.620676,4.901,19.071,0.003,0.028,262.081,260.686,251.795
1780997835.635705,3.549,19.214,0.002,0.029,261.744,261.066,251.752
1780997835.6470568,1.915,18.571,-0.0,0.028,261.217,261.349,251.958
1780997835.690418,0.225,18.429,-0.002,0.027,260.782,261.75,251.992
1780997835.690801,-1.352,18.429,-0.004,0.027,260.424,262.129,251.982
1780997835.691158,-2.93,18.071,-0.006,0.027,260.0,262.447,252.085
1780997835.703129,-4.282,18.071,-0.007,0.027,259.671,262.81,252.071
1780997835.718153,-5.915,17.643,-0.009,0.026,259.231,263.131,252.195
1780997835.7342248,-7.437,17.5,-0.011,0.026,258.884,263.479,252.218
1780997835.745229,-8.789,17.143,-0.012,0.026,258.558,263.73,252.306
1780997835.76033,-10.817,16.5,-0.015,0.025,257.964,264.17,252.487
1780997835.775048,-11.493,16.357,-0.015,0.025,257.844,264.278,252.509
1780997835.78995,-12.0,15.929,-0.016,0.024,257.661,264.324,252.639
1780997835.801204,-14.592,14.357,-0.02,0.022,256.638,264.88,253.143
1780997835.81609,-15.831,15.071,-0.021,0.023,256.534,265.35,252.863
1780997835.8310232,-17.69,14.643,-0.023,0.023,255.966,265.871,252.987
1780997835.847649,-17.972,14.357,-0.023,0.022,255.913,265.84,253.062
1780997835.8569868,-17.972,14.357,-0.023,0.022,255.913,265.84,253.062
1780997835.871518,-21.07,13.0,-0.027,0.021,255.016,266.457,253.44
1780997835.902148,-21.07,13.0,-0.027,0.021,255.016,266.457,253.44
1780997835.9025369,-23.718,12.214,-0.03,0.02,254.37,267.043,253.616
1780997835.9126048,-23.718,12.214,-0.03,0.02,254.37,267.043,253.616
1780997835.927582,-25.239,11.286,-0.031,0.019,254.016,267.201,253.844
1780997835.9425101,-25.859,11.429,-0.032,0.019,253.934,267.403,253.768
1780997835.95761,-27.268,10.786,-0.033,0.018,253.634,267.608,253.91
1780997835.969323,-28.0,10.571,-0.034,0.018,253.569,267.679,253.92
1780997835.984501,-28.394,10.571,-0.034,0.018,253.555,267.743,253.885
1780997835.9993532,-28.958,10.5,-0.034,0.019,253.512,267.827,253.863
1780997836.014411,-29.69,10.286,-0.035,0.018,253.372,267.962,253.901
1780997836.025635,-29.915,10.0,-0.035,0.018,253.359,267.899,253.962
1780997836.0407722,-30.197,9.5,-0.035,0.017,253.272,267.834,254.1
1780997836.0557902,-30.535,9.143,-0.035,0.017,253.185,267.84,254.184
1780997836.067266,-30.535,9.0,-0.035,0.017,253.202,267.788,254.208
1780997836.082151,-30.366,9.214,-0.034,0.017,253.333,267.746,254.107
1780997836.0970519,-30.366,8.929,-0.034,0.017,253.318,267.669,254.181
1780997836.139565,-30.254,8.929,-0.034,0.017,253.371,267.632,254.156
1780997836.139982,-29.915,8.786,-0.033,0.017,253.454,267.482,254.189
1780997836.1403468,-29.577,8.429,-0.033,0.017,253.496,267.288,254.299
1780997836.152598,-29.577,8.429,-0.033,0.017,253.496,267.288,254.299
1780997836.1645272,-29.577,8.429,-0.033,0.017,253.496,267.288,254.299
1780997836.1795561,-27.606,8.357,-0.03,0.016,254.028,266.593,254.312
1780997836.194664,-27.493,8.143,-0.03,0.016,253.997,266.558,254.37
1780997836.2092779,-26.704,8.643,-0.029,0.017,254.269,266.448,254.186
1780997836.220608,-26.479,8.357,-0.029,0.017,254.269,266.327,254.282
1780997836.2356539,-24.789,8.643,-0.026,0.017,254.773,265.829,254.181
1780997836.2507951,-23.775,9.143,-0.025,0.018,255.065,265.667,254.024
1780997836.2620091,-23.211,9.5,-0.025,0.018,255.233,265.602,253.911
1780997836.2769952,-22.028,9.429,-0.023,0.018,255.504,265.231,253.947
1780997836.292004,-21.014,10.0,-0.022,0.019,255.796,265.093,253.775
1780997836.307033,-19.38,10.357,-0.02,0.019,256.241,264.686,253.68
1780997836.318462,-18.479,10.786,-0.019,0.02,256.503,264.535,253.553
1780997836.361225,-17.577,10.643,-0.018,0.02,256.667,264.268,253.617
1780997836.361665,-16.0,11.071,-0.016,0.02,257.138,263.881,253.491
1780997836.363102,-14.592,11.143,-0.015,0.02,257.437,263.541,253.495
1780997836.3749802,-13.408,11.5,-0.013,0.021,257.719,263.338,253.401
1780997836.390075,-11.831,12.0,-0.012,0.021,258.16,263.025,253.255
1780997836.405118,-10.761,12.643,-0.011,0.022,258.459,262.905,253.081
1780997836.420245,-9.69,12.714,-0.009,0.022,258.711,262.629,253.084
1780997836.4312608,-8.113,13.643,-0.007,0.023,259.23,262.391,252.816
1780997836.446326,-6.704,13.857,-0.006,0.024,259.614,262.033,252.776
1780997836.461269,-5.239,14.5,-0.004,0.024,260.028,261.788,252.618
1780997836.4761631,-5.183,14.857,-0.004,0.025,260.055,261.879,252.517
1780997836.487438,-3.549,15.571,-0.002,0.026,260.667,261.505,252.3
1780997836.502441,-1.859,16.286,-0.0,0.027,261.146,261.213,252.135
1780997836.517335,-0.563,16.643,0.001,0.027,261.44,260.982,252.083
1780997836.529172,1.239,16.786,0.003,0.027,261.877,260.543,252.091
1780997836.571245,1.408,16.929,0.003,0.027,261.898,260.559,252.059
1780997836.5716329,3.155,17.5,0.005,0.028,262.412,260.223,251.919
1780997836.5719712,4.62,18.071,0.007,0.028,262.841,259.972,251.781
1780997836.585609,5.521,18.286,0.007,0.029,263.018,259.838,251.753
1780997836.6004632,6.648,18.929,0.009,0.029,263.426,259.667,251.568
1780997836.611594,7.493,18.786,0.009,0.029,263.533,259.471,251.653
1780997836.626647,8.225,18.786,0.01,0.029,263.646,259.334,251.681
1780997836.641715,9.127,18.857,0.011,0.029,263.889,259.121,251.672
1780997836.652926,9.634,19.0,0.012,0.029,264.008,259.051,251.638
1780997836.667905,10.31,19.0,0.012,0.029,264.162,258.894,251.653
1780997836.6829739,11.324,18.929,0.013,0.029,264.388,258.649,251.691
1780997836.694786,11.887,19.286,0.014,0.029,264.552,258.623,251.582
1780997836.709815,12.394,19.214,0.014,0.029,264.619,258.522,251.62
1780997836.724779,12.789,19.071,0.015,0.029,264.673,258.418,251.669
1780997836.736177,12.845,19.214,0.014,0.029,264.649,258.49,251.624
1780997836.7509608,13.296,19.071,0.015,0.029,264.718,258.373,251.674
1780997836.794225,13.408,18.643,0.015,0.028,264.626,258.311,251.803
1780997836.794678,13.746,18.5,0.015,0.028,264.693,258.209,251.842
1780997836.795004,13.69,18.143,0.015,0.028,264.572,258.209,251.939
1780997836.807082,13.521,17.929,0.015,0.027,264.456,258.256,251.989
1780997836.8189828,13.577,17.643,0.015,0.027,264.418,258.213,252.059
1780997836.8341079,13.352,17.143,0.014,0.026,264.246,258.214,252.197
1780997836.8490171,13.07,17.071,0.014,0.026,264.143,258.303,252.2
1780997836.8639061,12.732,16.071,0.013,0.025,263.854,258.236,252.496
1780997836.875063,12.338,15.929,0.013,0.025,263.715,258.344,252.512
1780997836.890089,12.338,15.929,0.013,0.025,263.715,258.344,252.512
1780997836.905181,10.761,14.571,0.01,0.023,262.916,258.597,252.946
1780997836.91639,10.366,13.786,0.01,0.022,262.737,258.562,253.129
1780997836.931516,9.803,13.071,0.009,0.021,262.515,258.596,253.286
1780997836.946452,9.07,12.5,0.008,0.021,262.258,258.707,253.404
1780997836.9577658,8.732,12.786,0.008,0.021,262.267,258.853,253.263
1780997836.972664,7.831,12.071,0.007,0.02,261.921,258.975,253.45
1780997837.016203,6.592,11.857,0.005,0.02,261.563,259.291,253.472
1780997837.016675,6.028,11.5,0.005,0.02,261.414,259.358,253.542
1780997837.017008,5.07,11.143,0.004,0.02,261.095,259.566,253.633
1780997837.029291,4.282,10.929,0.003,0.02,260.905,259.718,253.663
1780997837.04031,3.099,10.214,0.001,0.019,260.496,259.905,253.856
1780997837.055271,3.099,10.214,0.001,0.019,260.496,259.905,253.856
1780997837.070414,1.296,9.5,-0.001,0.018,259.87,260.307,254.058
1780997837.0812302,-0.113,8.929,-0.003,0.017,259.464,260.573,254.189
1780997837.096321,-0.113,8.929,-0.003,0.017,259.464,260.573,254.189
1780997837.111307,-2.254,8.643,-0.005,0.017,258.904,261.113,254.222
1780997837.1223092,-2.648,8.643,-0.006,0.017,258.834,261.204,254.206
1780997837.137459,-2.648,8.643,-0.006,0.017,258.834,261.204,254.206
1780997837.152383,-5.634,8.071,-0.01,0.016,257.98,261.95,254.347
1780997837.164308,-6.873,7.786,-0.011,0.016,257.667,262.211,254.414
1780997837.179353,-7.831,7.643,-0.012,0.016,257.471,262.405,254.432
1780997837.1942542,-9.014,7.214,-0.013,0.015,257.202,262.576,254.539
1780997837.236468,-10.197,6.929,-0.014,0.015,256.948,262.79,254.597
1780997837.236852,-11.38,7.357,-0.015,0.016,256.805,263.158,254.419
1780997837.237199,-12.451,7.429,-0.016,0.016,256.621,263.414,254.378
1780997837.250416,-13.239,7.214,-0.017,0.016,256.424,263.564,254.44
1780997837.2616682,-14.31,7.571,-0.018,0.016,256.278,263.885,254.309
1780997837.276382,-15.324,7.571,-0.019,0.017,256.081,264.117,254.306
1780997837.291332,-15.324,7.571,-0.019,0.017,256.081,264.117,254.306
1780997837.3025,-17.408,7.929,-0.022,0.017,255.633,264.785,254.187
1780997837.317648,-17.746,8.214,-0.022,0.017,255.619,264.915,254.093
1780997837.3322759,-18.986,8.357,-0.024,0.018,255.384,265.239,254.058
1780997837.347274,-18.986,8.357,-0.024,0.018,255.384,265.239,254.058
1780997837.359087,-20.676,9.0,-0.026,0.019,255.064,265.878,253.854
1780997837.37428,-20.901,9.214,-0.026,0.019,255.105,265.892,253.802
1780997837.389109,-21.296,9.786,-0.026,0.02,255.173,266.005,253.646
1780997837.4041972,-21.803,10.286,-0.026,0.02,255.174,266.168,253.515
1780997837.4473789,-22.535,10.286,-0.027,0.02,255.016,266.323,253.547
1780997837.447834,-22.986,10.857,-0.027,0.021,255.032,266.506,253.386
1780997837.4481611,-23.324,10.929,-0.027,0.021,254.977,266.58,253.382
1780997837.460253,-23.718,10.857,-0.028,0.021,254.888,266.623,253.435
1780997837.4714408,-23.775,11.214,-0.028,0.021,254.967,266.643,253.342
1780997837.486511,-24.338,11.571,-0.028,0.021,254.884,266.863,253.251
1780997837.50167,-24.056,12.286,-0.028,0.022,255.107,266.849,253.046
1780997837.516591,-24.394,12.571,-0.028,0.023,255.063,266.989,252.98
1780997837.527843,-24.225,13.071,-0.028,0.023,255.2,267.002,252.837
1780997837.542901,-24.338,13.071,-0.028,0.023,255.162,267.007,252.87
1780997837.5578182,-24.225,13.071,-0.028,0.023,255.19,266.933,252.9
1780997837.572892,-24.056,13.143,-0.027,0.023,255.242,266.869,252.9
1780997837.5848792,-23.775,13.714,-0.027,0.024,255.413,266.881,252.726
1780997837.5996218,-23.268,13.857,-0.026,0.024,255.564,266.729,252.699
1780997837.6144152,-23.268,13.857,-0.026,0.024,255.564,266.729,252.699
1780997837.629266,-23.268,13.857,-0.026,0.024,255.564,266.729,252.699
1780997837.671386,-21.577,14.143,-0.024,0.024,256.088,266.182,252.626
1780997837.671776,-20.958,14.929,-0.023,0.025,256.339,266.165,252.403
1780997837.672121,-20.338,14.357,-0.022,0.024,256.352,265.865,252.626
1780997837.685046,-20.394,14.714,-0.023,0.025,256.376,265.982,252.511
1780997837.6961029,-20.394,14.714,-0.023,0.025,256.376,265.982,252.511
1780997837.711133,-18.873,14.929,-0.02,0.025,256.857,265.49,252.448
1780997837.726083,-17.746,14.643,-0.019,0.025,257.051,265.122,252.561
1780997837.74082,-17.352,14.786,-0.019,0.025,257.134,265.074,252.522
1780997837.752009,-17.352,14.786,-0.019,0.025,257.134,265.074,252.522
1780997837.7670689,-15.437,14.429,-0.016,0.024,257.59,264.398,252.645
1780997837.781908,-14.197,14.286,-0.015,0.024,257.832,264.063,252.694
1780997837.7970932,-13.239,14.071,-0.013,0.024,258.055,263.73,252.763
1780997837.808199,-12.507,13.714,-0.013,0.023,258.14,263.509,252.869
1780997837.823172,-11.324,13.643,-0.011,0.023,258.418,263.188,252.881
1780997837.838071,-10.479,13.071,-0.011,0.022,258.461,262.938,253.052
1780997837.850074,-8.845,13.143,-0.008,0.023,258.923,262.492,253.008
1780997837.894094,-8.169,13.071,-0.008,0.023,259.003,262.406,253.008
1780997837.8945432,-7.38,12.786,-0.007,0.022,259.128,262.178,253.09
1780997837.894881,-6.423,12.786,-0.006,0.022,259.327,261.993,253.069
1780997837.9059908,-5.352,12.643,-0.005,0.022,259.541,261.735,253.098
1780997837.92118,-4.282,12.286,-0.004,0.022,259.719,261.433,253.199
1780997837.936123,-3.042,12.357,-0.003,0.022,260.038,261.156,253.155
1780997837.951087,-2.254,11.857,-0.002,0.021,260.105,260.922,253.301
1780997837.962314,-1.408,11.929,-0.001,0.021,260.33,260.734,253.265
1780997837.977331,0.113,11.786,0.001,0.021,260.713,260.324,253.289
1780997837.992416,0.789,11.714,0.001,0.021,260.822,260.213,253.292
1780997838.004304,1.577,11.429,0.002,0.021,260.939,260.012,253.369
1780997838.0192661,1.972,11.643,0.003,0.021,261.052,259.994,253.285
1780997838.0343869,2.873,11.286,0.003,0.021,261.196,259.737,253.39
1780997838.0457332,3.887,11.214,0.005,0.021,261.444,259.489,253.397
1780997838.0605829,4.394,10.643,0.005,0.02,261.424,259.312,253.574
1780997838.1022851,5.127,10.714,0.006,0.02,261.634,259.151,253.538
1780997838.102643,5.634,10.786,0.006,0.02,261.743,259.09,253.498
1780997838.102935,6.479,10.929,0.007,0.021,261.982,258.93,253.438
1780997838.1129978,7.155,10.571,0.008,0.02,262.076,258.724,253.545
1780997838.128059,7.38,10.714,0.008,0.02,262.136,258.727,253.491
1780997838.143017,7.775,10.786,0.008,0.02,262.222,258.68,253.46
1780997838.15489,8.338,10.786,0.009,0.02,262.358,258.556,253.457
1780997838.169906,8.62,10.786,0.009,0.02,262.404,258.515,253.455
1780997838.185073,9.014,10.786,0.01,0.02,262.509,258.423,253.451
1780997838.1961448,9.296,10.786,0.01,0.021,262.56,258.379,253.448
1780997838.211124,9.465,10.857,0.01,0.021,262.588,258.379,253.423
1780997838.2260532,9.239,10.929,0.01,0.021,262.493,258.493,253.4
1780997838.2374249,9.296,10.786,0.01,0.021,262.47,258.461,253.448
1780997838.252291,9.127,10.929,0.009,0.021,262.426,258.554,253.401
1780997838.267382,9.07,11.429,0.009,0.021,262.493,258.67,253.238
1780997838.279134,9.127,11.071,0.009,0.021,262.431,258.587,253.366
1780997838.316842,8.845,11.429,0.009,0.021,262.402,258.743,253.249
1780997838.317169,8.901,11.429,0.009,0.021,262.418,258.721,253.254
1780997838.320083,8.676,11.714,0.008,0.022,262.399,258.833,253.168
1780997838.335001,8.056,12.071,0.008,0.022,262.269,259.074,253.061
1780997838.350326,7.944,11.786,0.007,0.022,262.185,259.036,253.167
1780997838.3613591,7.324,12.0,0.007,0.022,262.036,259.244,253.106
1780997838.3764281,6.986,12.143,0.006,0.022,261.976,259.343,253.069
1780997838.3913732,6.535,12.357,0.006,0.023,261.897,259.485,253.009
1780997838.4277408,5.972,12.357,0.005,0.023,261.727,259.637,253.019
1780997838.428148,5.521,12.786,0.004,0.023,261.697,259.815,252.885
1780997838.4324281,4.394,12.786,0.003,0.023,261.348,260.141,252.896
1780997838.444169,3.775,12.929,0.002,0.023,261.21,260.318,252.86
1780997838.459285,3.437,12.857,0.002,0.023,261.105,260.389,252.888
1780997838.4743192,2.197,12.786,0.0,0.023,260.759,260.699,252.918
1780997838.4855838,1.183,12.857,-0.001,0.023,260.517,260.954,252.908
1780997838.5005922,0.507,13.143,-0.002,0.023,260.429,261.143,252.82
1780997838.5154939,0.113,13.286,-0.002,0.024,260.353,261.271,252.776
1780997838.526731,-0.958,12.929,-0.003,0.023,260.021,261.464,252.903
1780997838.541795,-1.859,13.286,-0.004,0.024,259.883,261.741,252.787
1780997838.556812,-2.704,12.929,-0.005,0.023,259.628,261.863,252.909
1780997838.56787,-3.718,13.214,-0.006,0.023,259.442,262.17,252.813
1780997838.583148,-4.62,13.429,-0.008,0.024,259.251,262.451,252.746
1780997838.598165,-5.352,13.0,-0.008,0.023,259.028,262.518,252.89
1780997838.6131132,-6.366,13.214,-0.009,0.023,258.835,262.809,252.819
1780997838.655461,-7.437,13.429,-0.011,0.024,258.623,263.124,252.748
1780997838.655839,-8.169,13.071,-0.011,0.023,258.412,263.213,252.866
1780997838.656188,-8.732,13.214,-0.012,0.023,258.318,263.377,252.815
1780997838.666083,-9.746,12.857,-0.013,0.023,258.021,263.566,252.93
1780997838.681049,-10.592,13.286,-0.014,0.024,257.919,263.857,252.784
1780997838.69615,-11.718,12.929,-0.015,0.023,257.59,264.084,252.901
1780997838.710887,-12.338,13.357,-0.016,0.024,257.56,264.296,252.755
1780997838.722114,-12.338,13.357,-0.016,0.024,257.56,264.296,252.755
1780997838.737243,-13.465,13.071,-0.017,0.023,257.247,264.531,252.854
1780997838.752162,-14.704,13.071,-0.019,0.023,256.954,264.878,252.847
1780997838.767488,-15.042,12.929,-0.019,0.023,256.914,264.877,252.885
1780997838.779274,-16.113,12.429,-0.02,0.022,256.577,265.076,253.042
1780997838.794226,-16.732,12.5,-0.021,0.023,256.483,265.238,253.0
1780997838.809181,-17.239,12.571,-0.021,0.023,256.396,265.383,252.967
1780997838.824148,-17.521,12.357,-0.021,0.022,256.345,265.364,253.03
1780997838.866766,-18.197,12.143,-0.022,0.022,256.163,265.502,253.093
1780997838.867219,-18.592,11.929,-0.022,0.022,256.068,265.545,253.149
1780997838.867569,-18.986,11.786,-0.023,0.022,255.977,265.613,253.182
1780997838.880362,-19.549,11.929,-0.024,0.022,255.868,265.819,253.122
1780997838.8915148,-19.662,11.857,-0.023,0.022,255.876,265.798,253.13
1780997838.906711,-20.225,11.571,-0.024,0.022,255.704,265.902,253.213
1780997838.921633,-19.887,11.786,-0.023,0.022,255.882,265.793,253.129
1780997838.936772,-20.056,11.0,-0.024,0.021,255.726,265.675,253.373
1780997838.947938,-20.169,10.5,-0.024,0.02,255.64,265.611,253.508
1780997838.962902,-20.0,10.143,-0.023,0.02,255.648,265.48,253.606
1780997838.977855,-19.831,9.857,-0.023,0.019,255.673,265.372,253.668
1780997838.992548,-20.0,9.643,-0.023,0.019,255.591,265.395,253.729
1780997839.004143,-20.0,9.643,-0.023,0.019,255.591,265.395,253.729
1780997839.0189362,-20.0,9.643,-0.023,0.019,255.591,265.395,253.729
1780997839.033182,-20.0,9.643,-0.023,0.019,255.591,265.395,253.729
1780997839.048138,-18.592,8.429,-0.021,0.017,255.813,264.646,254.126
1780997839.090979,-18.535,7.857,-0.021,0.017,255.743,264.581,254.248
1780997839.0914502,-18.197,7.929,-0.021,0.017,255.858,264.544,254.167
1780997839.0917912,-17.746,7.286,-0.02,0.016,255.878,264.295,254.355
1780997839.1010969,-17.183,7.357,-0.02,0.017,256.051,264.185,254.278
1780997839.116126,-16.676,7.5,-0.019,0.017,256.207,264.106,254.193
1780997839.1309981,-15.944,7.5,-0.018,0.017,256.407,263.897,254.176
1780997839.145971,-15.268,7.214,-0.017,0.017,256.515,263.681,254.253
1780997839.157162,-14.817,7.286,-0.017,0.017,256.639,263.586,254.214
1780997839.172231,-14.141,7.429,-0.016,0.017,256.822,263.45,254.154
1780997839.187149,-13.521,7.143,-0.015,0.017,256.924,263.228,254.245
1780997839.199082,-12.62,7.857,-0.014,0.018,257.279,263.117,254.001
1780997839.214219,-11.662,8.0,-0.013,0.018,257.511,262.905,253.963
1780997839.2291179,-11.493,7.5,-0.013,0.017,257.423,262.799,254.136
1780997839.2440681,-10.761,7.429,-0.012,0.017,257.57,262.619,254.153
1780997839.2553039,-9.859,7.643,-0.011,0.018,257.846,262.409,254.073
1780997839.270256,-9.014,7.5,-0.01,0.017,258.031,262.156,254.119
1780997839.313619,-8.507,7.5,-0.009,0.017,258.132,262.049,254.117
1780997839.3139882,-7.38,7.571,-0.008,0.018,258.421,261.776,254.086
1780997839.314324,-6.535,7.643,-0.007,0.018,258.644,261.573,254.057
1780997839.3263948,-5.859,7.857,-0.006,0.018,258.803,261.484,253.988
1780997839.337471,-5.465,8.071,-0.006,0.018,258.878,261.479,253.924
1780997839.352282,-4.958,8.357,-0.006,0.019,259.065,261.388,253.832
1780997839.367188,-4.958,8.357,-0.006,0.019,259.065,261.388,253.832
1780997839.378967,-3.042,8.5,-0.003,0.019,259.63,260.842,253.798
1780997839.3940969,-1.972,8.714,-0.002,0.019,259.895,260.636,253.741
1780997839.408191,-1.972,8.714,-0.002,0.019,259.854,260.67,253.748
1780997839.422973,-1.465,9.143,-0.001,0.02,260.062,260.615,253.61
1780997839.434706,0.056,9.714,0.001,0.021,260.625,260.254,253.429
1780997839.449858,0.394,10.0,0.001,0.021,260.687,260.272,253.359
1780997839.461072,1.239,10.5,0.002,0.022,260.917,260.184,253.234
1780997839.4760818,1.803,11.0,0.002,0.022,261.07,260.17,253.113
1780997839.49085,2.479,11.357,0.003,0.022,261.242,260.078,253.045
1780997839.5336,2.704,11.786,0.003,0.023,261.324,260.125,252.932
1780997839.534067,3.268,12.071,0.003,0.023,261.467,260.046,252.878
1780997839.534403,3.718,11.857,0.004,0.023,261.489,259.908,252.982
1780997839.5438662,4.113,12.286,0.004,0.023,261.625,259.907,252.865
1780997839.558808,4.563,12.643,0.005,0.024,261.795,259.855,252.765
1780997839.57406,5.014,13.071,0.005,0.024,261.955,259.829,252.652
1780997839.584971,5.239,13.214,0.005,0.024,261.986,259.814,252.638
1780997839.600014,5.465,13.786,0.005,0.025,262.112,259.873,252.479
1780997839.614812,5.521,13.5,0.005,0.025,262.041,259.813,252.593
1780997839.62593,5.408,13.714,0.005,0.025,262.029,259.896,252.529
1780997839.640667,5.408,13.714,0.005,0.025,262.029,259.896,252.529
1780997839.655421,5.408,13.714,0.005,0.025,262.029,259.896,252.529
1780997839.666497,5.408,13.714,0.005,0.025,262.029,259.896,252.529
1780997839.681337,5.408,13.714,0.005,0.025,262.029,259.896,252.529
1780997839.69614,5.408,13.714,0.005,0.025,262.029,259.896,252.529
1780997839.707353,5.408,13.714,0.005,0.025,262.029,259.896,252.529
1780997839.750109,0.0,0.0,0.0,0.0,258.008,258.008,258.008
1780997839.750458,0.0,0.0,0.0,0.0,258.008,258.008,258.008
1780997839.750753,0.0,0.0,0.0,0.0,258.008,258.008,258.008
1780997839.762849,4.789,12.714,0.006,0.014,260.878,258.534,254.777
1780997839.774694,4.958,13.571,0.006,0.016,261.076,258.64,254.501
1780997839.789618,4.563,13.929,0.005,0.016,260.997,258.83,254.394
1780997839.8043258,4.732,14.714,0.005,0.017,261.189,258.915,254.145
1780997839.815647,4.732,14.714,0.005,0.017,261.189,258.915,254.145
1780997839.830642,4.225,16.429,0.005,0.02,261.311,259.367,253.623
1780997839.845588,3.831,17.714,0.004,0.021,261.373,259.67,253.295
1780997839.856842,3.437,17.929,0.003,0.021,261.266,259.814,253.259
1780997839.871712,2.761,18.714,0.003,0.022,261.16,260.099,253.097
1780997839.886801,2.085,19.286,0.002,0.023,261.034,260.368,252.969
1780997839.898093,1.239,20.714,0.001,0.025,261.024,260.81,252.59
1780997839.9130502,0.901,21.5,0.0,0.025,261.059,260.993,252.4
1780997839.928082,0.113,22.786,-0.001,0.027,261.04,261.379,252.085
1780997839.969804,-0.958,23.429,-0.002,0.027,260.809,261.736,251.98
1780997839.970146,-1.465,23.786,-0.003,0.028,260.724,261.849,251.958
1780997839.970496,-2.366,24.786,-0.004,0.029,260.641,262.226,251.713
1780997839.984936,-2.817,25.214,-0.004,0.029,260.59,262.384,251.624
1780997839.995772,-3.775,24.929,-0.005,0.028,260.256,262.544,251.78
1780997840.010887,-4.62,25.357,-0.006,0.029,260.092,262.842,251.675
1780997840.025741,-5.408,26.143,-0.007,0.03,260.037,263.141,251.477
1780997840.03674,-5.577,26.357,-0.007,0.03,260.039,263.203,251.425
1780997840.051648,-6.423,26.786,-0.009,0.031,259.86,263.544,251.304
1780997840.066783,-7.887,27.571,-0.011,0.032,259.574,264.111,251.096
1780997840.0818298,-8.507,28.143,-0.011,0.032,259.544,264.288,250.98
1780997840.093096,-9.014,28.714,-0.011,0.033,259.545,264.441,250.859
1780997840.1082199,-9.577,28.857,-0.012,0.033,259.429,264.583,250.847
1780997840.1232278,-10.366,29.429,-0.013,0.034,259.332,264.857,250.716
1780997840.13886,-11.042,29.429,-0.013,0.033,259.169,264.979,250.764
1780997840.182585,-11.944,29.5,-0.014,0.033,258.955,265.213,250.769
1780997840.1829782,-12.732,29.286,-0.015,0.033,258.727,265.353,250.86
1780997840.183307,-13.296,29.286,-0.016,0.033,258.595,265.496,250.866
1780997840.1950238,-13.972,29.0,-0.017,0.032,258.406,265.592,250.959
1780997840.2061539,-14.873,28.929,-0.018,0.032,258.179,265.828,250.979
1780997840.221281,-14.873,28.571,-0.017,0.032,258.186,265.682,251.085
1780997840.236257,-15.606,28.214,-0.018,0.031,257.954,265.824,251.184
1780997840.2511501,-15.775,28.071,-0.018,0.031,257.94,265.805,251.211
1780997840.262097,-16.113,28.071,-0.019,0.031,257.852,265.915,251.205
1780997840.2772539,-16.113,28.071,-0.019,0.031,257.852,265.915,251.205
1780997840.292238,-17.408,26.786,-0.02,0.029,257.302,266.07,251.584
1780997840.3073332,-17.915,25.929,-0.021,0.028,257.084,266.035,251.812
1780997840.3192902,-18.141,25.143,-0.021,0.027,256.962,265.929,252.007
1780997840.3340921,-18.197,24.929,-0.021,0.027,256.958,265.894,252.036
1780997840.349247,-18.648,24.214,-0.021,0.026,256.769,265.897,252.21
1780997840.364235,-18.592,23.5,-0.021,0.026,256.725,265.727,252.385
1780997840.406086,-18.761,22.714,-0.021,0.025,256.594,265.634,252.581
1780997840.4064682,-18.366,22.5,-0.021,0.025,256.727,265.464,252.59
1780997840.406803,-18.423,21.857,-0.021,0.024,256.637,265.38,252.742
1780997840.420366,-18.479,21.286,-0.021,0.023,256.541,265.306,252.891
1780997840.4316318,-18.535,20.286,-0.021,0.022,256.393,265.157,253.152
1780997840.446655,-18.648,19.214,-0.021,0.021,256.22,265.019,253.429
1780997840.461616,-18.479,18.857,-0.021,0.02,256.254,264.931,253.466
1780997840.476643,-18.254,17.857,-0.02,0.019,256.179,264.7,253.727
1780997840.487846,-17.972,17.714,-0.02,0.019,256.27,264.623,253.704
1780997840.50291,-17.859,17.143,-0.02,0.019,256.217,264.502,253.854
1780997840.5178921,-17.521,16.643,-0.019,0.018,256.251,264.342,253.954
1780997840.532923,-17.127,15.929,-0.019,0.017,256.254,264.12,254.136
1780997840.544491,-16.845,15.786,-0.018,0.017,256.321,264.033,254.144
1780997840.559488,-16.845,15.786,-0.018,0.017,256.321,264.033,254.144
1780997840.574461,-15.493,14.643,-0.016,0.016,256.534,263.355,254.511
1780997840.589427,-15.099,14.071,-0.016,0.015,256.542,263.22,254.62
1780997840.632622,-14.761,13.929,-0.016,0.015,256.605,263.184,254.589
1780997840.6330519,-14.141,13.5,-0.015,0.015,256.7,262.978,254.674
1780997840.6333709,-13.183,13.5,-0.014,0.015,256.978,262.712,254.637
1780997840.6455932,-12.507,13.214,-0.013,0.015,257.108,262.492,254.703
1780997840.6567008,-11.887,13.286,-0.012,0.015,257.262,262.397,254.637
1780997840.671813,-11.211,13.214,-0.012,0.015,257.409,262.243,254.632
1780997840.686717,-10.704,13.214,-0.011,0.015,257.515,262.158,254.604
1780997840.701903,-9.634,13.0,-0.01,0.015,257.756,261.841,254.655
1780997840.713003,-9.127,13.214,-0.009,0.015,257.89,261.796,254.567
1780997840.728183,-8.732,13.643,-0.009,0.016,258.048,261.799,254.415
1780997840.74307,-8.113,13.5,-0.008,0.016,258.152,261.633,254.463
1780997840.754941,-7.437,13.714,-0.008,0.016,258.361,261.494,254.39
1780997840.769857,-6.254,13.714,-0.006,0.016,258.684,261.152,254.391
1780997840.7848089,-6.197,14.071,-0.006,0.017,258.705,261.257,254.278
1780997840.799668,-5.239,14.929,-0.005,0.018,259.078,261.17,254.011
1780997840.810702,-4.901,14.929,-0.005,0.018,259.128,261.096,254.031
1780997840.852295,-4.901,14.929,-0.005,0.018,259.128,261.096,254.031
1780997840.852653,-3.437,15.786,-0.003,0.019,259.728,260.795,253.751
1780997840.852965,-2.817,15.929,-0.002,0.019,259.867,260.676,253.732
1780997840.866542,-2.31,16.5,-0.002,0.02,260.015,260.692,253.584
1780997840.881581,-1.183,16.786,-0.0,0.02,260.324,260.444,253.527
1780997840.896769,-0.958,17.286,-0.0,0.021,260.382,260.529,253.4
1780997840.907728,-0.451,17.929,0.0,0.022,260.573,260.528,253.232
1780997840.922781,0.169,18.429,0.001,0.022,260.84,260.433,253.081
1780997840.937848,0.62,19.0,0.001,0.023,260.988,260.439,252.947
1780997840.949687,1.183,19.571,0.002,0.023,261.18,260.396,252.817
1780997840.964423,1.69,20.5,0.002,0.025,261.428,260.434,252.57
1780997840.9792361,1.69,20.5,0.002,0.025,261.428,260.434,252.57
1780997840.990518,1.69,20.5,0.002,0.025,261.428,260.434,252.57
1780997841.005404,2.479,22.143,0.003,0.027,261.929,260.497,252.087
1780997841.020462,3.099,23.0,0.004,0.028,262.219,260.465,251.87
1780997841.031639,3.155,23.214,0.004,0.028,262.161,260.51,251.88
1780997841.0753438,3.268,23.643,0.004,0.028,262.188,260.565,251.81
1780997841.075716,3.437,24.214,0.004,0.029,262.274,260.621,251.689
1780997841.076052,3.549,24.643,0.004,0.029,262.349,260.662,251.591
1780997841.087685,3.493,25.571,0.004,0.03,262.445,260.849,251.351
1780997841.099516,3.775,25.857,0.004,0.031,262.535,260.796,251.322
1780997841.11468,3.268,26.643,0.003,0.032,262.464,261.094,251.127
1780997841.129539,3.718,26.786,0.004,0.032,262.618,260.957,251.117
1780997841.140757,3.606,27.214,0.004,0.032,262.624,261.052,251.031
1780997841.155942,3.324,27.571,0.003,0.032,262.564,261.188,250.965
1780997841.170777,2.704,28.143,0.002,0.033,262.444,261.474,250.823
1780997841.1820428,2.704,28.143,0.002,0.033,262.444,261.474,250.823
1780997841.197141,2.592,28.571,0.002,0.033,262.483,261.545,250.732
1780997841.2121248,1.859,28.429,0.001,0.033,262.206,261.721,250.813
1780997841.223999,1.521,28.214,0.001,0.033,262.068,261.752,250.902
1780997841.238946,1.465,28.286,0.001,0.033,262.077,261.762,250.886
1780997841.253946,1.183,28.714,0.0,0.033,262.081,261.903,250.765
1780997841.2984629,0.338,28.571,-0.001,0.033,261.799,262.118,250.821
1780997841.298826,0.225,28.643,-0.001,0.033,261.807,262.127,250.806
1780997841.2991638,-0.113,27.929,-0.001,0.032,261.576,262.078,251.041
1780997841.309524,-0.113,27.929,-0.001,0.032,261.576,262.078,251.041
1780997841.320661,-0.113,27.929,-0.001,0.032,261.576,262.078,251.041
1780997841.335593,-1.859,26.786,-0.004,0.03,260.856,262.405,251.379
1780997841.3508348,-2.254,26.214,-0.004,0.03,260.711,262.381,251.522
1780997841.36172,-2.648,25.571,-0.004,0.029,260.519,262.365,251.701
1780997841.3767061,-3.099,25.143,-0.005,0.028,260.383,262.406,251.785
1780997841.391802,-3.549,24.5,-0.005,0.028,260.205,262.407,251.939
1780997841.406825,-4.225,23.929,-0.006,0.027,259.964,262.503,252.07
1780997841.417954,-5.07,23.286,-0.007,0.026,259.658,262.638,252.226
1780997841.433145,-5.408,23.214,-0.007,0.026,259.597,262.721,252.211
1780997841.448865,-6.141,22.714,-0.008,0.026,259.356,262.847,252.319
1780997841.459852,-6.648,22.286,-0.009,0.025,259.204,262.908,252.405
1780997841.474716,-6.648,22.286,-0.009,0.025,259.204,262.908,252.405
1780997841.516661,-7.718,20.643,-0.01,0.023,258.592,262.941,252.929
1780997841.517109,-8.394,19.786,-0.011,0.022,258.349,262.968,253.13
1780997841.517447,-8.901,19.286,-0.011,0.022,258.22,263.013,253.21
1780997841.530758,-9.634,18.714,-0.012,0.021,257.997,263.131,253.316
1780997841.54564,-10.31,17.857,-0.013,0.02,257.734,263.171,253.527
1780997841.5607371,-10.592,17.214,-0.013,0.019,257.599,263.127,253.691
1780997841.571908,-11.155,17.143,-0.014,0.02,257.514,263.287,253.635
1780997841.5869288,-11.662,16.643,-0.014,0.019,257.364,263.336,253.735
1780997841.601876,-12.451,15.857,-0.015,0.018,257.068,263.429,253.936
1780997841.61685,-12.676,15.643,-0.015,0.018,257.042,263.442,253.95
1780997841.627917,-12.789,15.643,-0.015,0.018,257.032,263.474,253.932
1780997841.642839,-12.789,15.643,-0.015,0.018,257.032,263.474,253.932
1780997841.6577122,-13.465,13.929,-0.016,0.016,256.547,263.359,254.495
1780997841.672669,-14.085,13.429,-0.017,0.015,256.346,263.466,254.599
1780997841.68442,-14.197,13.5,-0.017,0.016,256.42,263.505,254.494
1780997841.699583,-14.592,13.0,-0.017,0.015,256.295,263.529,254.595
1780997841.741033,-14.93,12.857,-0.018,0.015,256.217,263.607,254.604
1780997841.741467,-14.817,12.786,-0.017,0.015,256.304,263.538,254.578
1780997841.7418082,-15.268,12.643,-0.018,0.015,256.191,263.658,254.586
1780997841.7557561,-15.268,12.643,-0.018,0.015,256.234,263.647,254.554
1780997841.7707798,-15.324,12.5,-0.018,0.015,256.224,263.628,254.58
1780997841.785835,-15.38,12.714,-0.018,0.016,256.264,263.687,254.492
1780997841.796969,-15.493,12.857,-0.018,0.016,256.276,263.746,254.429
1780997841.811883,-15.549,13.143,-0.018,0.016,256.326,263.811,254.327
1780997841.8269749,-15.493,13.286,-0.018,0.017,256.372,263.81,254.281
1780997841.842031,-15.042,13.143,-0.017,0.016,256.481,263.618,254.34
1780997841.853926,-15.437,14.0,-0.018,0.018,256.501,263.928,254.059
1780997841.8689668,-14.873,14.143,-0.017,0.018,256.689,263.753,254.026
1780997841.8841732,-14.93,14.571,-0.017,0.018,256.722,263.855,253.909
1780997841.8989508,-14.254,14.714,-0.016,0.018,256.926,263.648,253.887
1780997841.910167,-13.859,15.786,-0.016,0.02,257.202,263.732,253.555
1780997841.925228,-13.577,16.357,-0.015,0.021,257.341,263.75,253.409
1780997841.967245,-13.183,16.571,-0.015,0.021,257.467,263.663,253.364
1780997841.9676402,-12.732,16.857,-0.014,0.021,257.6,263.573,253.314
1780997841.967943,-12.338,17.714,-0.014,0.022,257.821,263.621,253.069
1780997841.9813828,-12.113,18.0,-0.014,0.023,257.882,263.614,253.019
1780997841.996505,-11.718,18.714,-0.013,0.023,258.078,263.63,252.826
1780997842.011513,-11.155,19.0,-0.012,0.024,258.244,263.501,252.78
1780997842.022609,-11.155,19.571,-0.013,0.024,258.304,263.626,252.621
1780997842.037359,-10.817,19.857,-0.012,0.025,258.42,263.57,252.561
1780997842.052076,-10.817,19.857,-0.012,0.025,258.42,263.57,252.561
1780997842.0640142,-9.465,21.214,-0.01,0.027,259.075,263.375,252.133
1780997842.078967,-8.958,22.214,-0.01,0.028,259.302,263.424,251.891
1780997842.094143,-8.563,22.714,-0.009,0.028,259.447,263.399,251.783
1780997842.1091032,-8.0,23.286,-0.009,0.029,259.631,263.331,251.677
1780997842.120427,-7.831,23.929,-0.009,0.03,259.707,263.419,251.538
1780997842.1354299,-6.986,24.071,-0.008,0.03,259.918,263.174,251.554
1780997842.150615,-6.704,24.714,-0.007,0.03,260.042,263.231,251.399
1780997842.1926389,-6.423,24.286,-0.007,0.029,259.999,263.066,251.572
1780997842.193092,-5.521,25.143,-0.006,0.031,260.375,262.957,251.336
1780997842.193415,-5.127,25.429,-0.006,0.031,260.477,262.912,251.285
1780997842.2063842,-4.676,25.857,-0.005,0.031,260.634,262.874,251.181
1780997842.217403,-4.732,26.071,-0.005,0.032,260.631,262.946,251.125
1780997842.2321012,-4.732,26.071,-0.005,0.032,260.631,262.946,251.125
1780997842.246905,-4.732,26.071,-0.005,0.032,260.631,262.946,251.125
1780997842.26185,-2.93,26.857,-0.003,0.033,261.314,262.51,250.903
1780997842.272974,-2.366,26.643,-0.002,0.032,261.355,262.341,251.008
1780997842.2880719,-2.254,26.429,-0.002,0.032,261.29,262.301,251.096
1780997842.303713,-1.859,26.214,-0.002,0.031,261.308,262.18,251.181
1780997842.3151,-1.296,25.857,-0.001,0.031,261.367,261.976,251.301
1780997842.330097,-1.408,25.5,-0.002,0.03,261.219,261.996,251.41
1780997842.344953,-0.789,25.143,-0.001,0.03,261.328,261.766,251.511
1780997842.3599,-0.901,24.929,-0.001,0.029,261.229,261.799,251.567
1780997842.371205,-0.338,24.5,-0.001,0.029,261.309,261.581,251.683
1780997842.413794,0.225,24.286,0.0,0.029,261.431,261.414,251.721
1780997842.414237,0.451,23.857,0.0,0.028,261.408,261.309,251.83
1780997842.41456,0.282,23.643,-0.0,0.028,261.301,261.36,251.878
1780997842.427181,0.732,22.929,0.0,0.027,261.306,261.124,252.075
1780997842.442272,0.901,22.643,0.001,0.027,261.307,261.064,252.126
1780997842.453845,0.901,22.071,0.0,0.026,261.202,261.001,252.27
1780997842.468786,0.958,21.714,0.001,0.026,261.155,260.931,252.372
1780997842.483941,0.958,20.714,0.0,0.024,260.975,260.795,252.646
1780997842.4949389,0.901,20.357,0.0,0.024,260.909,260.796,252.702
1780997842.5100129,0.901,19.429,0.0,0.023,260.76,260.67,252.943
1780997842.525058,0.901,18.786,0.0,0.022,260.661,260.578,253.111
1780997842.53641,0.789,18.071,0.0,0.021,260.528,260.521,253.278
1780997842.551082,0.225,17.143,-0.001,0.02,260.208,260.576,253.514
1780997842.5661771,0.113,16.714,-0.001,0.02,260.131,260.553,253.603
1780997842.5773911,0.0,16.143,-0.001,0.019,260.026,260.499,253.745
1780997842.5923579,0.338,15.857,-0.001,0.019,260.14,260.358,253.769
1780997842.6352792,0.0,15.429,-0.001,0.019,259.995,260.414,253.849
1780997842.635678,-0.056,15.357,-0.001,0.019,259.978,260.428,253.852
1780997842.6359959,-0.056,15.357,-0.001,0.019,259.978,260.428,253.852
1780997842.647702,-0.056,15.357,-0.001,0.019,259.978,260.428,253.852
1780997842.662697,-0.901,13.286,-0.002,0.016,259.365,260.33,254.499
1780997842.674461,-1.352,13.0,-0.003,0.016,259.249,260.452,254.496
1780997842.689471,-1.352,12.286,-0.003,0.015,259.187,260.332,254.661
1780997842.7045472,-1.408,12.429,-0.003,0.015,259.244,260.388,254.559
1780997842.7157462,-1.69,12.143,-0.003,0.015,259.16,260.432,254.596
1780997842.7307909,-2.141,12.357,-0.004,0.016,259.105,260.621,254.476
1780997842.7459042,-2.479,12.286,-0.004,0.016,259.029,260.713,254.465
1780997842.7609222,-2.648,11.786,-0.004,0.015,258.925,260.658,254.61
1780997842.772168,-2.93,12.143,-0.005,0.016,258.929,260.81,254.469
1780997842.7871418,-3.549,12.143,-0.005,0.016,258.772,260.997,254.448
1780997842.802146,-3.831,12.0,-0.006,0.016,258.7,261.036,254.48
1780997842.814077,-4.338,12.286,-0.006,0.016,258.626,261.233,254.374
1780997842.858284,-4.676,12.071,-0.007,0.016,258.52,261.273,254.438
1780997842.858762,-4.789,12.357,-0.007,0.016,258.558,261.341,254.341
1780997842.859106,-5.183,12.786,-0.007,0.017,258.538,261.518,254.204
1780997842.870241,-5.634,12.786,-0.008,0.017,258.42,261.63,254.215
1780997842.884917,-5.803,13.214,-0.008,0.018,258.469,261.733,254.08
1780997842.89997,-5.915,13.429,-0.008,0.018,258.486,261.782,254.02
1780997842.9109619,-6.592,13.786,-0.009,0.018,258.352,262.046,253.915
1780997842.925668,-6.423,14.143,-0.009,0.019,258.479,262.039,253.803
1780997842.940688,-6.423,14.143,-0.009,0.019,258.479,262.039,253.803
1780997842.95568,-7.831,16.143,-0.011,0.022,258.409,262.856,253.168
1780997842.9669418,-7.944,15.929,-0.011,0.021,258.348,262.784,253.286
1780997842.981896,-8.282,16.643,-0.011,0.022,258.384,262.977,253.09
1780997842.997012,-8.507,16.786,-0.011,0.022,258.353,262.997,253.101
1780997843.0089421,-8.62,17.643,-0.011,0.023,258.484,263.128,252.871
1780997843.024029,-8.676,18.143,-0.011,0.024,258.556,263.171,252.77
1780997843.039062,-8.958,18.714,-0.011,0.024,258.568,263.34,252.618
1780997843.0807428,-9.183,19.5,-0.011,0.025,258.63,263.505,252.425
1780997843.0811641,-9.352,20.286,-0.012,0.026,258.709,263.656,252.23
1780997843.081485,-9.465,20.714,-0.012,0.027,258.741,263.738,252.134
1780997843.094708,-9.465,20.714,-0.012,0.027,258.741,263.738,252.134
1780997843.109644,-9.577,21.929,-0.012,0.028,258.901,263.951,251.818
1780997843.1209338,-9.915,22.643,-0.012,0.029,258.915,264.192,251.61
1780997843.135947,-9.859,23.286,-0.012,0.03,259.027,264.228,251.483
1780997843.150979,-10.141,23.429,-0.012,0.03,258.94,264.292,251.509
1780997843.162018,-10.254,23.786,-0.013,0.03,258.959,264.365,251.434
1780997843.177269,-10.31,24.071,-0.013,0.03,258.981,264.389,251.395
1780997843.192236,-10.479,24.714,-0.013,0.031,259.033,264.533,251.234
1780997843.207246,-10.479,24.714,-0.013,0.031,259.021,264.482,251.286
1780997843.2191281,-10.592,25.071,-0.013,0.031,259.037,264.563,251.207
1780997843.234037,-10.592,25.214,-0.013,0.031,259.052,264.565,251.192
1780997843.249193,-10.423,25.357,-0.013,0.031,259.124,264.522,251.163
1780997843.264142,-10.423,25.071,-0.013,0.031,259.059,264.453,251.275
1780997843.30672,-10.197,25.143,-0.012,0.031,259.133,264.384,251.265
1780997843.307094,-10.254,25.357,-0.012,0.031,259.144,264.45,251.202
1780997843.307446,-10.197,25.143,-0.012,0.031,259.114,264.392,251.275
1780997843.320148,-10.085,24.929,-0.012,0.031,259.105,264.313,251.346
1780997843.331296,-9.69,24.5,-0.012,0.03,259.147,264.104,251.476
1780997843.346421,-9.634,24.286,-0.012,0.03,259.118,264.064,251.534
1780997843.361377,-9.634,23.857,-0.012,0.029,259.039,264.009,251.648
1780997843.376309,-9.127,23.214,-0.011,0.028,259.084,263.732,251.833
1780997843.3874109,-9.014,23.286,-0.011,0.028,259.134,263.737,251.784
1780997843.402494,-8.958,22.857,-0.011,0.028,259.076,263.673,251.887
1780997843.417567,-8.789,22.429,-0.011,0.027,259.057,263.564,251.993
1780997843.42973,-8.676,22.143,-0.01,0.027,259.048,263.51,252.046
1780997843.4445162,-8.338,21.429,-0.01,0.026,259.031,263.295,252.238
1780997843.4594839,-8.282,20.857,-0.01,0.025,258.95,263.195,252.393
1780997843.474528,-8.113,19.857,-0.01,0.024,258.835,262.994,252.665
1780997843.4857879,-7.606,19.143,-0.009,0.023,258.882,262.736,252.839
1780997843.530453,-7.549,18.643,-0.009,0.023,258.82,262.678,252.943
1780997843.5308301,-7.042,18.071,-0.008,0.022,258.891,262.452,253.071
1780997843.5311658,-7.437,17.5,-0.009,0.022,258.67,262.517,253.217
1780997843.541814,-6.817,17.286,-0.008,0.022,258.842,262.324,253.225
1780997843.556703,-6.592,16.714,-0.008,0.021,258.814,262.195,253.361
1780997843.571805,-6.141,16.214,-0.007,0.02,258.871,262.009,253.469
1780997843.582783,-5.859,15.714,-0.007,0.02,258.866,261.878,253.586
1780997843.597832,-5.972,15.857,-0.007,0.02,258.857,261.982,253.504
1780997843.6129239,-5.577,15.143,-0.007,0.019,258.854,261.766,253.694
1780997843.627855,-5.296,14.571,-0.007,0.019,258.841,261.618,253.835
1780997843.6397781,-5.07,14.0,-0.006,0.018,258.815,261.485,253.976
1780997843.6547232,-4.789,13.786,-0.006,0.018,258.87,261.409,253.992
1780997843.6696582,-4.451,13.286,-0.006,0.017,258.888,261.234,254.13
1780997843.6808,-4.282,13.143,-0.005,0.017,258.92,261.198,254.132
1780997843.6958451,-4.225,13.071,-0.006,0.017,258.921,261.221,254.111
1780997843.7107189,-4.0,12.571,-0.005,0.017,258.899,261.097,254.242
1780997843.745665,-3.775,12.286,-0.005,0.017,258.918,261.008,254.303
1780997843.7461388,-3.549,12.5,-0.005,0.017,259.025,261.002,254.209
1780997843.751952,-3.493,12.0,-0.005,0.016,258.942,260.928,254.353
1780997843.766884,-3.324,11.786,-0.005,0.016,258.953,260.867,254.396
1780997843.77873,-3.38,12.0,-0.005,0.017,258.968,260.957,254.302
1780997843.793781,-2.93,12.0,-0.004,0.017,259.105,260.826,254.293
1780997843.808733,-2.93,12.143,-0.004,0.017,259.12,260.878,254.232
1780997843.8237052,-2.817,12.143,-0.004,0.017,259.138,260.864,254.227
1780997843.834829,-2.761,12.643,-0.004,0.018,259.234,260.958,254.056
1780997843.84999,-2.535,12.571,-0.004,0.018,259.278,260.877,254.088
1780997843.865077,-2.761,12.571,-0.004,0.018,259.195,260.957,254.093
1780997843.8763142,-2.592,12.786,-0.004,0.018,259.274,260.948,254.029
1780997843.891377,-2.479,13.5,-0.004,0.019,259.428,261.048,253.799
1780997843.906262,-2.31,13.857,-0.004,0.019,259.527,261.055,253.703
1780997843.9213068,-2.197,13.786,-0.004,0.019,259.526,260.999,253.754
1780997843.9323819,-2.197,14.429,-0.004,0.02,259.633,261.118,253.551
1780997843.9759219,-2.085,15.0,-0.003,0.021,259.757,261.173,253.392
1780997843.976362,-2.535,15.643,-0.004,0.022,259.7,261.431,253.218
1780997843.9766898,-2.254,15.857,-0.004,0.022,259.805,261.359,253.186
1780997843.9890292,-2.535,16.5,-0.004,0.023,259.812,261.554,253.011
1780997844.004055,-2.423,16.714,-0.004,0.023,259.875,261.538,252.969
1780997844.01908,-2.535,17.071,-0.004,0.023,259.881,261.617,252.895
1780997844.0305521,-2.761,17.429,-0.004,0.023,259.859,261.735,252.813
1780997844.0454102,-2.704,17.786,-0.004,0.024,259.93,261.755,252.733
1780997844.060402,-3.099,18.429,-0.005,0.025,259.906,261.981,252.561
1780997844.075588,-3.099,18.714,-0.005,0.025,259.954,262.013,252.491
1780997844.086849,-3.099,19.429,-0.005,0.026,260.074,262.115,252.299
1780997844.101773,-3.099,19.714,-0.005,0.026,260.111,262.136,252.249
1780997844.1163661,-3.268,20.143,-0.005,0.027,260.122,262.257,252.137
1780997844.127338,-3.268,20.143,-0.005,0.027,260.122,262.257,252.137
1780997844.142299,-3.268,20.143,-0.005,0.027,260.122,262.257,252.137
1780997844.1568582,-3.268,20.143,-0.005,0.027,260.122,262.257,252.137
1780997844.1999302,-3.887,22.357,-0.006,0.03,260.328,262.889,251.433
1780997844.200356,-4.113,22.786,-0.006,0.03,260.307,262.965,251.389
1780997844.2006688,-4.225,23.071,-0.006,0.031,260.315,263.034,251.325
1780997844.212863,-4.507,23.429,-0.007,0.031,260.267,263.127,251.29
1780997844.22477,-4.394,23.214,-0.006,0.03,260.249,262.987,251.42
1780997844.239636,-4.451,23.429,-0.006,0.03,260.26,263.009,251.393
1780997844.2547781,-4.507,23.214,-0.006,0.03,260.196,262.965,251.484
1780997844.269762,-5.07,23.571,-0.007,0.03,260.082,263.195,251.394
1780997844.280735,-5.296,24.071,-0.007,0.031,260.11,263.336,251.255
1780997844.295954,-5.521,23.786,-0.008,0.03,259.995,263.321,251.367
1780997844.310878,-5.634,23.429,-0.008,0.03,259.905,263.262,251.493
1780997844.322175,-5.634,23.429,-0.008,0.03,259.919,263.244,251.496
1780997844.3374138,-5.972,23.286,-0.008,0.03,259.806,263.313,251.538
1780997844.3522592,-6.31,23.143,-0.009,0.029,259.692,263.387,251.578
1780997844.36738,-6.648,22.857,-0.009,0.029,259.558,263.432,251.658
1780997844.378916,-6.761,22.571,-0.009,0.029,259.501,263.399,251.736
1780997844.4234219,-7.211,22.429,-0.01,0.028,259.352,263.517,251.771
1780997844.4238248,-7.38,22.214,-0.01,0.028,259.285,263.523,251.825
1780997844.424146,-7.944,21.571,-0.011,0.027,259.036,263.573,252.005
1780997844.435203,-7.887,21.214,-0.01,0.027,259.039,263.474,252.084
1780997844.44995,-8.169,20.714,-0.011,0.026,258.903,263.469,252.209
1780997844.4650571,-8.394,20.214,-0.011,0.026,258.773,263.447,252.344
1780997844.476161,-8.338,19.714,-0.011,0.025,258.746,263.331,252.465
1780997844.4911768,-8.394,19.429,-0.011,0.025,258.717,263.304,252.513
1780997844.5060968,-8.563,19.0,-0.011,0.024,258.619,263.292,252.612
1780997844.521285,-8.507,18.571,-0.011,0.024,258.595,263.2,252.709
1780997844.532589,-8.789,18.214,-0.011,0.024,258.466,263.238,252.796
1780997844.547651,-8.789,17.786,-0.011,0.023,258.423,263.168,252.894
1780997844.562603,-9.408,17.357,-0.012,0.023,258.186,263.309,252.993
1780997844.574645,-9.127,16.857,-0.012,0.022,258.225,263.122,253.114
1780997844.589504,-9.352,16.429,-0.012,0.022,258.112,263.133,253.209
1780997844.604658,-9.127,16.0,-0.012,0.021,258.13,262.981,253.32
1780997844.648816,-9.239,16.0,-0.012,0.021,258.122,263.04,253.277
1780997844.649198,-9.296,15.714,-0.012,0.021,258.078,263.021,253.334
1780997844.649537,-9.352,15.286,-0.012,0.021,258.004,262.973,253.443
1780997844.660578,-9.465,14.643,-0.012,0.02,257.879,262.904,253.618
1780997844.6717372,-9.408,14.5,-0.012,0.02,257.882,262.863,253.651
1780997844.686672,-9.296,14.214,-0.012,0.019,257.893,262.792,253.701
1780997844.701605,-9.296,13.857,-0.012,0.019,257.854,262.742,253.78
1780997844.716705,-9.296,13.357,-0.012,0.018,257.783,262.673,253.905
1780997844.7278621,-9.07,13.429,-0.011,0.019,257.881,262.638,253.843
1780997844.743744,-9.07,13.5,-0.011,0.019,257.901,262.67,253.797
1780997844.758683,-8.789,13.143,-0.011,0.018,257.931,262.526,253.893
1780997844.7700071,-8.845,12.929,-0.011,0.018,257.88,262.525,253.941
1780997844.7850509,-8.563,13.0,-0.011,0.018,257.987,262.468,253.891
1780997844.799948,-8.451,12.714,-0.011,0.018,257.969,262.396,253.969
1780997844.8148181,-8.451,12.643,-0.011,0.018,257.954,262.397,253.982
1780997844.8261068,-8.225,12.786,-0.01,0.018,258.046,262.373,253.917
1780997844.867278,-8.113,12.714,-0.01,0.018,258.062,262.343,253.928
1780997844.8676338,-8.169,12.5,-0.01,0.018,257.999,262.336,253.993
1780997844.867936,-8.113,13.0,-0.01,0.019,258.103,262.431,253.813
1780997844.882008,-8.113,12.643,-0.01,0.018,258.033,262.369,253.933
1780997844.896994,-7.887,13.071,-0.01,0.019,258.177,262.388,253.782
1780997844.912265,-7.662,13.214,-0.01,0.019,258.26,262.351,253.737
1780997844.923968,-7.606,13.143,-0.01,0.019,258.244,262.331,253.768
1780997844.9386072,-7.606,13.5,-0.01,0.02,258.297,262.409,253.652
1780997844.9527638,-7.606,13.5,-0.01,0.02,258.297,262.409,253.652
1780997844.96755,-7.606,13.5,-0.01,0.02,258.297,262.409,253.652
1780997844.9792151,-7.606,13.5,-0.01,0.02,258.297,262.409,253.652
1780997844.993875,-7.606,13.5,-0.01,0.02,258.297,262.409,253.652
1780997845.008883,-6.479,14.786,-0.008,0.022,258.882,262.278,253.228
1780997845.020164,-6.254,15.214,-0.008,0.022,259.01,262.289,253.102
1780997845.0350678,-5.803,15.571,-0.007,0.022,259.148,262.216,253.038
1780997845.049925,-5.465,16.0,-0.007,0.023,259.268,262.197,252.947
1780997845.094096,-5.352,16.429,-0.007,0.023,259.342,262.253,252.833
1780997845.094551,-5.239,16.643,-0.007,0.024,259.359,262.27,252.803
1780997845.0948732,-4.901,17.071,-0.007,0.024,259.493,262.245,252.704
1780997845.106163,-4.845,17.214,-0.007,0.024,259.491,262.257,252.696
1780997845.117418,-4.789,17.929,-0.007,0.025,259.595,262.386,252.495
1780997845.132386,-4.394,17.714,-0.006,0.025,259.654,262.211,252.589
1780997845.1473541,-4.056,18.071,-0.006,0.025,259.788,262.174,252.502
1780997845.162406,-3.887,18.071,-0.005,0.025,259.805,262.128,252.526
1780997845.1742022,-3.887,18.5,-0.006,0.025,259.844,262.219,252.413
1780997845.189319,-3.718,19.0,-0.005,0.026,259.959,262.261,252.277
1780997845.204406,-3.662,19.286,-0.005,0.026,260.007,262.298,252.204
1780997845.215513,-3.268,19.571,-0.005,0.027,260.15,262.218,252.145
1780997845.230786,-3.099,19.786,-0.005,0.027,260.211,262.211,252.098
1780997845.245655,-3.099,19.714,-0.005,0.027,260.166,262.203,252.145
1780997845.260569,-2.93,20.0,-0.005,0.027,260.25,262.204,252.07
1780997845.2718751,-2.873,20.0,-0.005,0.027,260.252,262.188,252.083
1780997845.3093219,-2.873,20.429,-0.005,0.028,260.312,262.274,251.957
1780997845.309702,-2.873,20.286,-0.005,0.027,260.267,262.248,252.018
1780997845.31275,-2.704,20.214,-0.004,0.027,260.291,262.179,252.056
1780997845.327771,-2.704,20.357,-0.004,0.027,260.308,262.209,252.015
1780997845.3426838,-2.592,20.643,-0.004,0.028,260.384,262.23,251.931
1780997845.357727,-2.479,20.714,-0.004,0.028,260.417,262.21,251.92
1780997845.369687,-2.423,20.714,-0.004,0.028,260.422,262.197,251.926
1780997845.38464,-2.197,20.786,-0.004,0.028,260.497,262.138,251.911
1780997845.399607,-2.479,20.786,-0.004,0.028,260.397,262.236,251.915
1780997845.414701,-2.479,20.571,-0.004,0.027,260.349,262.196,251.99
1780997845.425958,-2.761,20.857,-0.005,0.028,260.307,262.349,251.899
1780997845.4410272,-2.254,20.929,-0.004,0.028,260.487,262.191,251.875
1780997845.4558542,-2.366,20.857,-0.004,0.028,260.431,262.224,251.896
1780997845.4673002,-2.479,20.786,-0.004,0.028,260.378,262.251,251.919
1780997845.482242,-2.592,20.786,-0.005,0.028,260.346,262.292,251.912
1780997845.497417,-2.704,20.714,-0.005,0.028,260.302,262.316,251.931
1780997845.538412,-2.648,20.5,-0.005,0.027,260.287,262.259,251.992
1780997845.538785,-2.873,20.143,-0.005,0.027,260.158,262.266,252.098
1780997845.539124,-2.817,20.143,-0.005,0.027,260.188,262.246,252.089
1780997845.5539598,-3.099,19.857,-0.005,0.027,260.057,262.289,252.167
1780997845.565257,-3.155,19.429,-0.005,0.026,259.98,262.227,252.287
1780997845.5802429,-3.268,19.429,-0.005,0.026,259.964,262.268,252.267
1780997845.5951018,-3.549,18.929,-0.006,0.025,259.803,262.27,252.407
1780997845.6103559,-3.831,18.857,-0.006,0.025,259.721,262.352,252.411
1780997845.6215198,-3.831,18.5,-0.006,0.025,259.686,262.283,252.5
1780997845.6366022,-4.056,18.143,-0.006,0.025,259.578,262.295,252.586
1780997845.6515598,-4.113,17.643,-0.006,0.024,259.503,262.22,252.717
1780997845.663002,-4.394,17.071,-0.007,0.023,259.344,262.208,252.869
1780997845.677871,-4.676,17.143,-0.007,0.023,259.294,262.323,252.816
1780997845.69286,-4.732,17.071,-0.007,0.024,259.299,262.327,252.809
1780997845.707813,-5.127,16.571,-0.008,0.023,259.114,262.363,252.945
1780997845.719806,-5.296,16.429,-0.008,0.023,259.075,262.388,252.958
1780997845.764131,-5.296,16.286,-0.008,0.023,259.083,262.363,252.973
1780997845.764589,-5.69,15.786,-0.008,0.022,258.886,262.4,253.12
1780997845.764918,-5.634,15.5,-0.008,0.022,258.887,262.325,253.182
1780997845.7758799,-5.859,15.214,-0.008,0.021,258.798,262.351,253.242
1780997845.790868,-5.746,14.786,-0.008,0.021,258.788,262.235,253.35
1780997845.805845,-6.028,14.571,-0.009,0.021,258.692,262.295,253.386
1780997845.81707,-6.197,14.571,-0.009,0.021,258.658,262.356,253.365
1780997845.832014,-6.366,13.929,-0.009,0.02,258.518,262.292,253.548
1780997845.847121,-6.423,13.786,-0.009,0.02,258.513,262.284,253.561
1780997845.862133,-6.873,13.571,-0.01,0.02,258.365,262.399,253.598
1780997845.8739462,-6.873,13.357,-0.01,0.02,258.345,262.357,253.653
1780997845.8889978,-7.268,12.571,-0.01,0.018,258.1,262.338,253.896
1780997845.904021,-6.648,13.429,-0.009,0.02,258.48,262.295,253.581
1780997845.9153678,-6.873,13.214,-0.009,0.02,258.389,262.331,253.634
1780997845.930347,-7.211,12.929,-0.01,0.019,258.247,262.391,253.715
1780997845.945342,-7.324,13.071,-0.01,0.02,258.258,262.451,253.652
1780997845.986518,-7.324,13.0,-0.01,0.019,258.255,262.433,253.671
1780997845.986889,-7.437,13.214,-0.01,0.02,258.273,262.512,253.586
1780997845.987233,-7.549,12.929,-0.01,0.019,258.201,262.488,253.674
1780997846.0015721,-7.662,13.0,-0.01,0.02,258.188,262.54,253.642
1780997846.0126011,-7.887,12.643,-0.011,0.019,258.064,262.544,253.753
1780997846.027731,-7.944,12.643,-0.011,0.019,258.058,262.557,253.747
1780997846.042718,-7.549,13.0,-0.01,0.02,258.266,262.486,253.615
1780997846.0576708,-8.0,12.5,-0.011,0.019,258.043,262.537,253.778
1780997846.06965,-8.113,12.929,-0.011,0.02,258.095,262.657,253.628
1780997846.084697,-7.831,13.357,-0.01,0.02,258.262,262.638,253.489
1780997846.099714,-7.944,13.143,-0.011,0.02,258.182,262.63,253.57
1780997846.111032,-7.606,13.714,-0.01,0.021,258.384,262.619,253.393
1780997846.125758,-7.493,13.786,-0.01,0.021,258.42,262.593,253.381
1780997846.140437,-7.493,13.786,-0.01,0.021,258.42,262.593,253.381
1780997846.155134,-7.493,13.786,-0.01,0.021,258.42,262.593,253.381
1780997846.166125,-7.493,13.786,-0.01,0.021,258.42,262.593,253.381
1780997846.208865,-7.493,13.786,-0.01,0.021,258.42,262.593,253.381
1780997846.2093172,-7.493,13.786,-0.01,0.021,258.42,262.593,253.381
1780997846.209672,-7.493,13.786,-0.01,0.021,258.42,262.593,253.381
1780997846.221644,-7.493,13.786,-0.01,0.021,258.42,262.593,253.381
1780997846.236608,-6.817,15.786,-0.007,0.018,258.562,261.637,254.077
1780997846.251363,-6.423,16.5,-0.007,0.019,258.806,261.645,253.844
1780997846.262395,-6.31,16.357,-0.007,0.018,258.804,261.581,253.902
1780997846.277525,-5.915,16.643,-0.006,0.019,258.96,261.509,253.822
1780997846.292533,-5.859,16.643,-0.006,0.019,258.94,261.501,253.847
1780997846.3076138,-6.028,18.0,-0.006,0.021,259.106,261.821,253.417
1780997846.3194618,-6.028,18.357,-0.007,0.021,259.135,261.876,253.343
1780997846.334412,-6.197,18.786,-0.007,0.021,259.126,261.995,253.248
1780997846.349442,-5.972,19.5,-0.007,0.022,259.305,262.046,253.042
1780997846.36079,-5.69,20.357,-0.006,0.023,259.515,262.089,252.818
1780997846.375751,-5.803,21.071,-0.006,0.024,259.567,262.241,252.642
1780997846.390607,-5.746,21.857,-0.006,0.025,259.687,262.349,252.443
1780997846.434693,-5.521,22.643,-0.006,0.026,259.862,262.4,252.246
1780997846.43517,-5.352,22.786,-0.006,0.026,259.912,262.35,252.243
1780997846.43548,-5.859,23.571,-0.007,0.027,259.854,262.654,252.04
1780997846.447003,-5.577,24.357,-0.006,0.028,260.052,262.68,251.845
1780997846.458737,-5.859,24.643,-0.007,0.028,259.971,262.799,251.817
1780997846.4738162,-5.746,24.571,-0.006,0.028,259.966,262.716,251.89
1780997846.488799,-5.577,25.071,-0.006,0.029,260.097,262.74,251.756
1780997846.50387,-5.521,25.929,-0.006,0.03,260.25,262.865,251.52
1780997846.515105,-5.521,26.429,-0.006,0.03,260.311,262.935,251.41
1780997846.53041,-5.634,26.714,-0.006,0.03,260.3,263.004,251.362
1780997846.5452402,-5.859,27.143,-0.007,0.031,260.281,263.138,251.269
1780997846.556544,-5.915,27.643,-0.007,0.032,260.343,263.238,251.134
1780997846.571599,-6.085,27.786,-0.007,0.032,260.298,263.294,251.127
1780997846.586645,-5.859,28.071,-0.007,0.032,260.409,263.253,251.065
1780997846.6016908,-6.141,28.071,-0.007,0.032,260.304,263.33,251.093
1780997846.6128159,-5.859,27.857,-0.007,0.031,260.353,263.175,251.177
1780997846.654494,-5.972,28.071,-0.007,0.032,260.352,263.25,251.116
1780997846.654882,-6.085,27.857,-0.007,0.031,260.275,263.24,251.191
1780997846.65523,-6.028,27.714,-0.007,0.031,260.266,263.188,251.241
1780997846.669302,-6.254,27.643,-0.007,0.031,260.185,263.25,251.261
1780997846.684461,-6.085,27.214,-0.007,0.03,260.171,263.105,251.39
1780997846.699434,-6.197,26.929,-0.007,0.03,260.093,263.094,251.468
1780997846.710638,-6.535,26.5,-0.008,0.029,259.921,263.138,251.581
1780997846.725701,-6.423,25.786,-0.007,0.028,259.851,262.967,251.783
1780997846.740736,-6.873,25.5,-0.008,0.028,259.681,263.082,251.837
1780997846.7558231,-6.986,24.857,-0.008,0.027,259.56,263.006,252.007
1780997846.767309,-7.042,24.643,-0.008,0.027,259.528,262.994,252.045
1780997846.782091,-7.324,24.286,-0.009,0.027,259.407,263.032,252.12
1780997846.797248,-7.155,23.786,-0.008,0.026,259.403,262.891,252.241
1780997846.8090281,-7.268,22.857,-0.008,0.025,259.235,262.765,252.496
1780997846.824089,-7.268,22.714,-0.008,0.025,259.247,262.755,252.494
1780997846.838828,-7.437,22.5,-0.008,0.025,259.177,262.781,252.535
1780997846.88015,-7.606,21.929,-0.009,0.024,259.042,262.738,252.692
1780997846.880576,-7.662,21.0,-0.009,0.023,258.868,262.582,252.982
1780997846.8809202,-7.775,20.929,-0.009,0.023,258.855,262.628,252.954
1780997846.894598,-7.606,19.714,-0.009,0.021,258.703,262.342,253.337
1780997846.9057128,-7.437,19.143,-0.008,0.021,258.709,262.224,253.432
1780997846.920754,-7.549,18.571,-0.009,0.02,258.617,262.193,253.542
1780997846.935712,-7.437,18.214,-0.008,0.02,258.629,262.126,253.589
1780997846.950735,-7.775,17.857,-0.009,0.02,258.493,262.208,253.644
1780997846.961828,-7.831,17.357,-0.009,0.019,258.407,262.152,253.772
1780997846.9771059,-7.831,16.929,-0.009,0.019,258.368,262.094,253.858
1780997846.992301,-8.451,16.429,-0.01,0.018,258.119,262.231,253.972
1780997847.004086,-8.056,16.071,-0.009,0.018,258.218,262.043,254.042
1780997847.0191748,-8.451,15.643,-0.01,0.017,258.052,262.111,254.139
1780997847.034213,-8.225,15.643,-0.009,0.017,258.146,262.048,254.105
1780997847.0490391,-8.394,15.143,-0.01,0.017,258.035,262.023,254.231
1780997847.060194,-8.282,14.929,-0.009,0.017,258.057,261.962,254.264
1780997847.10272,-8.394,15.0,-0.01,0.017,258.054,262.035,254.202
1780997847.103117,-8.282,14.5,-0.009,0.016,258.016,261.918,254.341
1780997847.10346,-8.338,14.714,-0.009,0.017,258.049,261.99,254.247
1780997847.1161878,-8.62,14.357,-0.01,0.016,257.912,262.029,254.341
1780997847.131244,-8.62,13.786,-0.01,0.016,257.826,261.929,254.51
1780997847.146278,-8.563,14.071,-0.01,0.016,257.911,261.98,254.386
1780997847.1574259,-8.507,14.429,-0.01,0.017,258.006,262.035,254.248
1780997847.1724439,-8.62,14.357,-0.01,0.017,257.96,262.064,254.266
1780997847.187499,-8.62,14.286,-0.01,0.017,257.955,262.05,254.283
1780997847.20255,-8.62,14.643,-0.01,0.017,258.02,262.116,254.164
1780997847.2147682,-8.507,14.786,-0.01,0.017,258.077,262.102,254.122
1780997847.229574,-8.507,15.286,-0.01,0.018,258.159,262.192,253.968
1780997847.244786,-8.62,15.429,-0.01,0.018,258.143,262.252,253.931
1780997847.255998,-8.732,16.214,-0.01,0.019,258.241,262.43,253.687
1780997847.2709591,-8.507,16.571,-0.01,0.02,258.355,262.41,253.598
1780997847.2859142,-8.451,16.857,-0.01,0.02,258.405,262.435,253.531
1780997847.328991,-8.0,16.786,-0.009,0.02,258.513,262.258,253.583
1780997847.32943,-8.056,17.214,-0.009,0.02,258.555,262.36,253.456
1780997847.329759,-7.944,17.429,-0.009,0.021,258.606,262.359,253.41
1780997847.341878,-7.606,18.286,-0.008,0.022,258.843,262.411,253.149
1780997847.353875,-7.662,17.857,-0.009,0.021,258.706,262.346,253.33
1780997847.368823,-7.38,18.643,-0.008,0.022,258.913,262.399,253.095
1780997847.384141,-7.324,19.214,-0.008,0.023,259.012,262.49,252.929
1780997847.398612,-7.38,18.786,-0.008,0.022,258.887,262.419,253.103
1780997847.409528,-6.93,19.429,-0.008,0.023,259.142,262.391,252.895
1780997847.424247,-6.93,19.429,-0.008,0.023,259.142,262.391,252.895
1780997847.439023,-6.93,19.429,-0.008,0.023,259.142,262.391,252.895
1780997847.450219,-6.93,19.429,-0.008,0.023,259.142,262.391,252.895
1780997847.464864,-6.93,19.429,-0.008,0.023,259.142,262.391,252.895
1780997847.4800231,-6.93,19.429,-0.008,0.023,259.142,262.391,252.895
1780997847.494963,-6.986,22.286,-0.008,0.028,259.635,262.971,251.969
1780997847.506196,-6.704,23.0,-0.007,0.028,259.78,262.97,251.843
1780997847.549582,-6.535,23.357,-0.007,0.028,259.83,262.95,251.816
1780997847.549978,-6.648,23.429,-0.008,0.028,259.742,262.974,251.873
1780997847.550297,-6.535,23.857,-0.007,0.028,259.81,262.999,251.792
1780997847.562176,-6.197,24.5,-0.007,0.029,260.01,262.996,251.62
1780997847.577187,-6.085,24.5,-0.007,0.029,259.999,262.947,251.67
1780997847.5922902,-6.197,24.786,-0.007,0.029,259.983,263.03,251.616
1780997847.604098,-6.197,25.0,-0.007,0.029,259.992,263.059,251.584
1780997847.618947,-6.254,25.214,-0.007,0.03,259.989,263.108,251.546
1780997847.6341739,-6.592,25.5,-0.008,0.03,259.917,263.272,251.474
1780997847.649102,-6.423,25.429,-0.008,0.03,259.945,263.184,251.522
1780997847.660341,-6.423,25.5,-0.008,0.03,259.95,263.19,251.513
1780997847.675379,-6.366,25.857,-0.007,0.03,260.026,263.235,251.41
1780997847.690367,-6.366,25.643,-0.007,0.03,259.97,263.187,251.498
1780997847.7016351,-6.141,26.071,-0.007,0.03,260.117,263.193,251.366
1780997847.71677,-6.141,25.714,-0.007,0.03,260.042,263.122,251.489
1780997847.731586,-6.028,25.857,-0.007,0.03,260.102,263.116,251.442
1780997847.7736928,-6.085,25.571,-0.007,0.03,260.029,263.082,251.532
1780997847.774139,-6.028,25.071,-0.007,0.029,259.948,262.969,251.696
1780997847.7744992,-6.254,25.286,-0.007,0.029,259.917,263.097,251.618
1780997847.7884579,-5.972,24.929,-0.007,0.029,259.947,262.938,251.723
1780997847.799474,-6.254,24.357,-0.007,0.028,259.765,262.938,251.882
1780997847.814633,-6.028,24.5,-0.007,0.028,259.878,262.907,251.809
1780997847.8296971,-5.803,23.357,-0.007,0.027,259.753,262.624,252.154
1780997847.844796,-6.141,22.714,-0.007,0.026,259.541,262.634,252.334
1780997847.855999,-5.803,20.786,-0.007,0.023,259.324,262.186,252.906
1780997847.871129,-6.141,18.5,-0.007,0.02,258.849,261.92,253.565
1780997847.886202,-5.69,14.571,-0.007,0.015,258.358,261.109,254.735
1780997847.8976371,-4.676,10.857,-0.005,0.01,258.111,260.22,255.779
1780997847.9123042,-4.845,7.429,-0.005,0.005,257.476,259.691,256.896
1780997847.9273422,-4.507,6.357,-0.005,0.004,257.439,259.451,257.163
1780997847.94194,-2.535,0.357,-0.002,-0.005,257.08,257.901,259.06
1780997847.953836,-2.535,0.357,-0.002,-0.005,257.08,257.901,259.06
1780997847.996894,-1.239,-5.214,-0.0,-0.012,256.602,256.733,260.788
1780997847.997371,-1.239,-5.214,-0.0,-0.012,256.602,256.733,260.788
1780997847.9977658,0.676,-11.071,0.002,-0.019,256.267,255.388,262.644
1780997848.009475,1.239,-13.286,0.003,-0.022,256.106,254.974,263.303
1780997848.0244422,3.042,-16.929,0.005,-0.026,256.124,254.104,264.308
1780997848.039416,3.549,-19.286,0.006,-0.028,255.964,253.834,264.822
1780997848.050836,4.282,-21.214,0.006,-0.028,255.975,253.657,265.026
1780997848.065639,4.901,-22.786,0.007,-0.029,255.991,253.515,265.182
1780997848.080626,5.465,-23.786,0.007,-0.029,256.041,253.364,265.31
1780997848.0956721,6.141,-24.714,0.008,-0.03,256.146,253.247,265.331
1780997848.1069288,6.479,-24.429,0.008,-0.028,256.327,253.323,265.022
1780997848.121857,6.817,-24.143,0.008,-0.027,256.505,253.431,264.682
1780997848.136767,7.099,-23.929,0.008,-0.026,256.629,253.466,264.495
1780997848.148742,7.662,-22.714,0.009,-0.024,257.009,253.572,263.931
1780997848.163798,8.225,-21.429,0.01,-0.022,257.382,253.673,263.389
1780997848.1786938,7.944,-19.571,0.009,-0.019,257.559,254.111,262.679
1780997848.220247,8.451,-17.5,0.01,-0.016,258.01,254.322,261.947
1780997848.220591,8.451,-17.0,0.009,-0.016,258.07,254.404,261.788
1780997848.220895,8.563,-13.643,0.01,-0.011,258.688,254.939,260.539
1780997848.2346041,8.338,-11.286,0.009,-0.008,258.953,255.364,259.803
1780997848.245522,8.394,-8.0,0.009,-0.003,259.484,255.853,258.752
1780997848.26047,7.662,-5.071,0.008,0.001,259.684,256.501,257.884
1780997848.275567,7.155,-1.571,0.007,0.005,260.063,257.165,256.852
1780997848.286654,7.268,0.643,0.007,0.007,260.399,257.393,256.311
1780997848.301564,7.211,4.857,0.007,0.013,261.06,258.037,255.083
1780997848.316479,6.761,8.571,0.007,0.017,261.475,258.692,254.099
1780997848.327477,6.254,12.286,0.006,0.023,261.946,259.45,252.998
1780997848.342452,6.254,12.286,0.006,0.023,261.946,259.45,252.998
1780997848.357311,6.028,16.643,0.006,0.029,262.633,260.229,251.73
1780997848.3691761,5.408,20.286,0.005,0.033,263.036,260.998,250.74
1780997848.3841438,4.563,23.643,0.003,0.038,263.302,261.784,249.871
1780997848.3989398,3.775,27.357,0.002,0.041,263.552,262.46,249.123
1780997848.441325,2.873,31.071,0.001,0.045,263.785,263.19,248.362
1780997848.441699,2.085,34.571,0.0,0.05,264.115,264.005,247.479
1780997848.442035,1.803,35.357,-0.0,0.05,264.079,264.095,247.438
1780997848.450877,0.62,39.0,-0.001,0.053,264.158,264.761,246.878
1780997848.465675,-0.282,42.214,-0.002,0.056,264.338,265.446,246.237
1780997848.480694,-0.676,43.286,-0.003,0.057,264.346,265.663,246.074
1780997848.491759,-1.634,45.786,-0.004,0.059,264.383,266.241,245.632
1780997848.506827,-2.028,47.357,-0.004,0.06,264.453,266.445,245.436
1780997848.521601,-2.986,49.214,-0.005,0.062,264.391,266.936,245.137
1780997848.536569,-4.62,51.857,-0.008,0.066,264.299,267.991,244.481
1780997848.547838,-5.352,52.571,-0.009,0.065,264.121,268.137,244.513
1780997848.562888,-6.141,52.857,-0.01,0.065,263.876,268.369,244.537
1780997848.577652,-6.93,53.5,-0.01,0.065,263.687,268.446,244.626
1780997848.589559,-7.944,53.857,-0.011,0.065,263.398,268.811,244.597
1780997848.604398,-8.789,54.214,-0.012,0.064,263.191,268.9,244.693
1780997848.6193228,-9.352,54.071,-0.013,0.064,262.977,268.998,244.788
1780997848.662966,-10.366,53.929,-0.014,0.063,262.654,269.119,244.953
1780997848.6633441,-11.606,53.286,-0.015,0.062,262.176,269.256,245.227
1780997848.663689,-12.62,52.429,-0.016,0.06,261.756,269.301,245.521
1780997848.674828,-12.507,52.429,-0.016,0.06,261.83,269.207,245.527
1780997848.689767,-12.507,52.429,-0.016,0.06,261.83,269.207,245.527
1780997848.70116,-13.915,49.357,-0.018,0.055,260.813,269.036,246.443
1780997848.716084,-14.648,47.143,-0.018,0.052,260.339,268.743,247.025
1780997848.731025,-15.155,45.429,-0.019,0.05,260.033,268.509,247.436
1780997848.746146,-15.831,42.929,-0.019,0.047,259.471,268.21,248.111
1780997848.757338,-16.394,41.429,-0.02,0.045,259.145,268.105,248.459
1780997848.77229,-17.07,38.786,-0.021,0.042,258.635,267.814,249.102
1780997848.7872992,-17.352,36.214,-0.021,0.038,258.218,267.403,249.763
1780997848.802311,-17.521,33.571,-0.021,0.035,257.892,266.976,250.366
1780997848.8142998,-17.859,30.643,-0.021,0.032,257.398,266.546,251.133
1780997848.829022,-18.085,28.0,-0.021,0.029,257.06,266.189,251.714
1780997848.844118,-17.972,25.714,-0.021,0.026,256.756,265.709,252.369
1780997848.88642,-18.254,23.357,-0.021,0.023,256.395,265.43,252.93
1780997848.886792,-18.197,20.071,-0.021,0.019,255.976,264.84,253.809
1780997848.887132,-18.423,18.0,-0.021,0.016,255.62,264.558,254.388
1780997848.899762,-18.254,14.714,-0.021,0.013,255.333,264.026,255.119
1780997848.915075,-18.479,13.429,-0.021,0.011,255.112,263.912,255.437
1780997848.9261801,-18.254,9.643,-0.021,0.007,254.739,263.28,256.366
1780997848.9411771,-18.423,6.714,-0.021,0.004,254.384,262.96,257.019
1780997848.956217,-17.803,4.286,-0.02,0.002,254.323,262.465,257.53
1780997848.9676428,-17.577,1.5,-0.02,-0.001,254.07,262.039,258.193
1780997848.982613,-17.408,0.143,-0.02,-0.002,253.983,261.845,258.467
1780997848.9976242,-17.014,-2.0,-0.019,-0.004,253.861,261.474,258.95
1780997849.0124722,-16.676,-4.429,-0.019,-0.007,253.664,261.066,259.559
1780997849.027436,-16.62,-6.5,-0.019,-0.009,253.436,260.818,260.055
1780997849.039367,-16.113,-7.214,-0.018,-0.009,253.547,260.671,260.077
1780997849.054354,-15.549,-8.857,-0.017,-0.011,253.484,260.271,260.546
1780997849.0691788,-15.099,-9.714,-0.017,-0.011,253.513,260.066,260.72
1780997849.110081,-14.423,-10.786,-0.016,-0.012,253.58,259.791,260.924
1780997849.110466,-14.085,-11.786,-0.016,-0.013,253.546,259.628,261.129
1780997849.110761,-13.352,-12.0,-0.015,-0.013,253.746,259.474,261.06
1780997849.125364,-13.07,-12.071,-0.014,-0.012,253.824,259.484,260.963
1780997849.1403708,-12.225,-12.0,-0.013,-0.012,254.074,259.324,260.845
1780997849.155403,-11.268,-11.786,-0.012,-0.011,254.366,259.143,260.704
1780997849.170228,-11.042,-11.429,-0.012,-0.011,254.464,259.19,260.547
1780997849.181447,-10.31,-11.071,-0.011,-0.01,254.707,259.069,260.402
1780997849.1965928,-9.239,-9.429,-0.01,-0.008,255.252,259.082,259.795
1780997849.21162,-8.282,-7.857,-0.009,-0.005,255.702,259.119,259.274
1780997849.226697,-7.887,-6.429,-0.008,-0.004,255.955,259.296,258.831
1780997849.237752,-7.38,-4.857,-0.008,-0.002,256.264,259.442,258.365
1780997849.252596,-7.38,-4.857,-0.008,-0.002,256.264,259.442,258.365
1780997849.267453,-6.479,-2.286,-0.007,0.002,256.952,259.631,257.477
1780997849.282335,-5.859,-0.214,-0.006,0.005,257.39,259.807,256.871
1780997849.325313,-4.958,2.857,-0.005,0.009,258.085,260.064,255.949
1780997849.325691,-4.732,5.071,-0.005,0.012,258.406,260.375,255.355
1780997849.3260338,-4.056,38.071,-0.004,0.063,264.855,266.661,244.99
1780997849.335157,-4.056,38.071,-0.004,0.063,264.855,266.661,244.99
1780997849.349972,-2.817,14.429,-0.002,0.023,260.218,261.246,252.917
1780997849.36478,-2.254,14.714,-0.002,0.023,260.364,261.086,252.927
1780997849.379734,-2.254,14.714,-0.002,0.023,260.364,261.086,252.927
1780997849.390783,-2.254,14.714,-0.002,0.023,260.364,261.086,252.927
1780997849.405686,-1.296,21.5,-0.001,0.032,261.765,262.0,250.947
1780997849.4206688,-0.789,22.571,0.0,0.033,262.023,261.992,250.739
1780997849.431691,-0.113,24.0,0.001,0.035,262.41,261.999,250.414
1780997849.4467819,0.958,27.071,0.002,0.039,263.132,262.154,249.703
1780997849.461882,1.352,29.5,0.002,0.04,263.388,262.382,249.315
1780997849.4736588,1.521,31.786,0.002,0.042,263.59,262.665,248.93
1780997849.488641,1.746,32.429,0.002,0.043,263.702,262.677,248.833
1780997849.503423,1.915,35.357,0.002,0.046,264.156,263.116,248.134
1780997849.5458822,1.915,36.357,0.002,0.047,264.265,263.271,247.93
1780997849.546356,2.254,37.643,0.003,0.048,264.467,263.324,247.735
1780997849.546709,2.254,37.643,0.003,0.048,264.467,263.324,247.735
1780997849.555232,2.704,40.143,0.003,0.052,265.052,263.622,247.068
1780997849.5701902,3.155,41.214,0.004,0.052,265.173,263.547,247.035
1780997849.585247,2.873,41.643,0.003,0.052,265.009,263.666,247.066
1780997849.596514,3.099,42.214,0.003,0.052,265.084,263.64,247.03
1780997849.611396,3.155,42.857,0.003,0.052,265.08,263.675,247.007
1780997849.626352,3.042,43.0,0.003,0.052,264.95,263.681,247.099
1780997849.638376,2.817,43.143,0.002,0.051,264.815,263.736,247.156
1780997849.6527202,2.704,42.857,0.002,0.051,264.68,263.688,247.294
1780997849.667628,2.366,42.643,0.002,0.05,264.492,263.739,247.397
1780997849.6795452,2.197,42.286,0.001,0.049,264.339,263.701,247.542
1780997849.6945941,1.859,41.643,0.001,0.048,264.096,263.673,247.748
1780997849.709444,1.577,41.214,0.001,0.048,263.926,263.676,247.875
1780997849.720662,1.296,40.143,0.0,0.046,263.657,263.554,248.178
1780997849.763746,0.789,39.571,-0.0,0.046,263.421,263.616,248.313
1780997849.7641401,0.394,37.857,-0.001,0.043,262.99,263.416,248.807
1780997849.76449,-0.113,37.0,-0.002,0.042,262.711,263.435,249.015
1780997849.776621,-0.394,35.5,-0.002,0.04,262.388,263.246,249.423
1780997849.7915032,-0.901,34.0,-0.003,0.038,262.041,263.155,249.777
1780997849.803499,-1.183,32.214,-0.003,0.036,261.644,262.911,250.3
1780997849.818511,-1.521,31.286,-0.003,0.035,261.45,262.878,250.488
1780997849.8336399,-1.972,29.714,-0.004,0.033,261.146,262.777,250.826
1780997849.8485801,-2.423,27.643,-0.004,0.031,260.747,262.574,251.331
1780997849.859763,-2.93,25.5,-0.005,0.028,260.324,262.384,251.855
1780997849.8747141,-3.775,23.786,-0.006,0.026,259.883,262.392,252.234
1780997849.889632,-4.282,22.786,-0.007,0.025,259.639,262.404,252.44
1780997849.900806,-4.789,21.0,-0.007,0.023,259.198,262.242,252.971
1780997849.915915,-5.465,17.857,-0.008,0.019,258.595,261.922,253.797
1780997849.9308548,-5.803,16.714,-0.008,0.018,258.464,261.88,253.956
1780997849.945688,-6.141,14.5,-0.008,0.016,258.124,261.633,254.49
1780997849.987875,-6.366,13.429,-0.009,0.014,257.914,261.525,254.784
1780997849.988256,-7.155,11.214,-0.01,0.012,257.443,261.438,255.313
1780997849.988596,-7.606,10.214,-0.01,0.011,257.239,261.436,255.512
1780997849.998683,-7.887,7.429,-0.01,0.007,256.772,261.039,256.331
1780997850.01356,-8.789,5.786,-0.012,0.006,256.387,261.098,256.662
1780997850.028419,-8.62,5.286,-0.011,0.005,256.409,260.967,256.761
1780997850.0425138,-9.521,2.5,-0.012,0.002,255.815,260.799,257.522
1780997850.05443,-9.521,2.5,-0.012,0.002,255.815,260.799,257.522
1780997850.069358,-10.31,0.429,-0.013,-0.0,255.393,260.731,258.025
1780997850.084438,-10.479,0.214,-0.013,0.0,255.417,260.787,257.946
1780997850.0956001,-10.93,-0.929,-0.014,-0.001,255.231,260.77,258.158
1780997850.1106932,-10.93,-1.786,-0.014,-0.001,255.212,260.643,258.298
1780997850.125773,-11.831,-2.214,-0.015,-0.001,254.975,260.894,258.309
1780997850.140535,-11.831,-2.714,-0.015,-0.002,254.985,260.815,258.374
1780997850.1555772,-12.169,-2.929,-0.015,-0.001,254.928,260.9,258.353
1780997850.2000608,-12.676,-3.286,-0.016,-0.002,254.764,261.004,258.427
1780997850.200534,-12.563,-2.786,-0.015,-0.001,254.945,261.067,258.176
1780997850.200845,-12.563,-2.786,-0.015,-0.001,254.945,261.067,258.176
1780997850.211432,-12.958,-2.214,-0.016,0.0,254.941,261.305,257.956
1780997850.222603,-13.408,-1.5,-0.016,0.001,254.966,261.562,257.689
1780997850.2375839,-13.296,-1.0,-0.016,0.002,255.101,261.595,257.516
1780997850.252649,-13.465,-0.357,-0.016,0.003,255.171,261.735,257.315
1780997850.267565,-13.465,0.571,-0.016,0.004,255.332,261.871,257.023
1780997850.279071,-13.408,0.929,-0.016,0.005,255.404,261.891,256.931
1780997850.2939992,-13.408,0.929,-0.016,0.005,255.404,261.891,256.931
1780997850.309037,-13.183,4.214,-0.016,0.01,256.035,262.443,255.796
1780997850.32395,-13.07,6.0,-0.015,0.012,256.325,262.704,255.278
1780997850.3353229,-12.563,7.357,-0.015,0.013,256.637,262.704,254.974
1780997850.3501282,-12.507,8.929,-0.015,0.016,256.899,262.969,254.491
1780997850.3652039,-12.676,11.429,-0.015,0.019,257.209,263.459,253.778
1780997850.3765628,-12.282,12.714,-0.014,0.02,257.477,263.497,253.493
1780997850.4192698,-12.282,13.857,-0.014,0.021,257.593,263.656,253.252
1780997850.419623,-12.113,16.429,-0.014,0.024,257.977,263.991,252.621
1780997850.421632,-11.944,17.857,-0.014,0.026,258.157,264.113,252.356
1780997850.433429,-11.493,19.429,-0.013,0.027,258.467,264.175,252.025
1780997850.4485319,-11.38,20.357,-0.013,0.028,258.55,264.247,251.892
1780997850.463545,-11.211,21.929,-0.013,0.03,258.815,264.457,251.487
1780997850.4785101,-10.93,23.571,-0.013,0.032,259.167,264.664,251.013
1780997850.489579,-11.099,25.357,-0.013,0.034,259.31,264.994,250.629
1780997850.504561,-10.592,26.643,-0.012,0.036,259.668,265.042,250.281
1780997850.519489,-10.141,28.857,-0.012,0.038,260.117,265.268,249.725
1780997850.534549,-9.972,29.714,-0.012,0.039,260.225,265.316,249.597
1780997850.5458071,-9.465,30.571,-0.011,0.039,260.399,265.231,249.515
1780997850.5607738,-8.901,31.714,-0.01,0.04,260.664,265.198,249.319
1780997850.575897,-8.958,32.429,-0.011,0.041,260.657,265.319,249.232
1780997850.590903,-8.676,33.643,-0.01,0.042,260.874,265.424,248.973
1780997850.633464,-8.169,34.143,-0.01,0.043,261.07,265.317,248.893
1780997850.633875,-7.944,34.857,-0.009,0.043,261.184,265.351,248.773
1780997850.6341782,-7.549,35.286,-0.009,0.043,261.307,265.276,248.729
1780997850.64391,-6.873,35.786,-0.008,0.044,261.544,265.125,248.65
1780997850.6589298,-6.535,36.214,-0.008,0.044,261.654,265.095,248.584
1780997850.6740842,-6.31,36.286,-0.008,0.044,261.694,265.036,248.596
1780997850.6890209,-5.746,36.357,-0.007,0.044,261.833,264.862,248.615
1780997850.700098,-5.408,36.143,-0.006,0.044,261.846,264.727,248.708
1780997850.715359,-5.296,35.786,-0.007,0.043,261.765,264.651,248.832
1780997850.730363,-4.901,35.143,-0.006,0.042,261.741,264.422,249.027
1780997850.741293,-4.451,34.929,-0.005,0.042,261.831,264.254,249.084
1780997850.756515,-4.225,34.571,-0.005,0.041,261.814,264.156,249.173
1780997850.7711291,-4.225,34.571,-0.005,0.041,261.814,264.156,249.173
1780997850.785812,-4.225,34.571,-0.005,0.041,261.814,264.156,249.173
1780997850.7972128,-2.986,32.071,-0.003,0.037,261.745,263.243,249.95
1780997850.812063,-2.93,30.571,-0.004,0.035,261.479,263.045,250.329
1780997850.852642,-2.704,30.071,-0.003,0.035,261.461,262.952,250.419
1780997850.853004,-2.366,28.5,-0.003,0.033,261.292,262.641,250.814
1780997850.853645,-2.141,27.429,-0.003,0.032,261.187,262.464,251.048
1780997850.868715,-2.028,26.143,-0.003,0.03,260.999,262.248,251.387
1780997850.884011,-1.972,25.071,-0.003,0.029,260.859,262.128,251.607
1780997850.894913,-1.634,24.071,-0.003,0.028,260.83,261.924,251.803
1780997850.910016,-2.028,21.786,-0.003,0.025,260.317,261.712,252.429
1780997850.925021,-2.141,20.857,-0.004,0.025,260.174,261.661,252.598
1780997850.94001,-2.31,19.214,-0.004,0.022,259.86,261.465,253.045
1780997850.9511628,-1.915,18.071,-0.003,0.021,259.857,261.203,253.275
1780997850.966154,-1.408,16.857,-0.002,0.02,259.843,260.871,253.58
1780997850.981083,-1.183,16.214,-0.002,0.019,259.84,260.746,253.694
1780997850.9921541,-1.183,16.214,-0.002,0.019,259.84,260.746,253.694
1780997851.007139,-0.62,12.714,-0.001,0.014,259.421,259.988,254.759
1780997851.021856,-0.113,11.571,-0.001,0.013,259.423,259.708,255.014
1780997851.036779,0.0,10.786,-0.001,0.012,259.338,259.577,255.214
1780997851.080588,-0.169,9.429,-0.001,0.011,259.107,259.527,255.478
1780997851.080933,0.113,8.929,-0.001,0.011,259.153,259.43,255.523
1780997851.0812511,0.338,7.357,-0.0,0.009,258.998,259.187,255.899
1780997851.0897338,0.338,6.5,-0.001,0.009,258.906,259.133,256.037
1780997851.104609,0.0,5.143,-0.001,0.007,258.615,259.08,256.367
1780997851.115846,0.0,4.429,-0.001,0.006,258.53,259.001,256.524
1780997851.13069,-0.113,4.286,-0.001,0.007,258.535,259.077,256.446
1780997851.145499,-0.113,4.143,-0.001,0.007,258.527,259.07,256.46
1780997851.160346,-0.113,4.143,-0.001,0.007,258.527,259.07,256.46
1780997851.1713438,-0.113,4.143,-0.001,0.007,258.527,259.07,256.46
1780997851.1862268,-0.113,4.143,-0.001,0.007,258.527,259.07,256.46
1780997851.200904,-0.113,4.143,-0.001,0.007,258.527,259.07,256.46
1780997851.211832,-0.113,4.143,-0.001,0.007,258.527,259.07,256.46
1780997851.22683,-0.113,4.143,-0.001,0.007,258.527,259.07,256.46
1780997851.241581,-1.634,2.5,-0.002,0.001,257.813,258.53,257.685
1780997851.252835,-1.634,2.5,-0.002,0.001,257.813,258.53,257.685
1780997851.2965791,-1.803,2.429,-0.002,0.001,257.763,258.587,257.68
1780997851.296971,-2.085,3.214,-0.002,0.003,257.861,258.848,257.326
1780997851.297271,-2.085,3.857,-0.002,0.004,257.994,258.973,257.074
1780997851.309612,-2.648,4.357,-0.003,0.005,257.923,259.237,256.889
1780997851.324607,-2.873,5.214,-0.004,0.006,258.017,259.44,256.603
1780997851.335876,-3.268,6.357,-0.004,0.008,258.097,259.753,256.228
1780997851.350654,-3.887,7.0,-0.005,0.009,258.019,260.028,256.048
1780997851.365139,-3.887,7.0,-0.005,0.009,258.019,260.028,256.048
1780997851.38021,-3.887,7.0,-0.005,0.009,258.019,260.028,256.048
1780997851.391343,-4.507,11.214,-0.006,0.015,258.574,260.953,254.672
1780997851.4063842,-4.845,13.5,-0.006,0.018,258.855,261.401,254.013
1780997851.421474,-5.296,15.0,-0.007,0.02,258.945,261.731,253.642
1780997851.4328809,-5.859,16.786,-0.007,0.021,259.033,262.097,253.245
1780997851.4483972,-6.085,18.071,-0.007,0.023,259.16,262.318,252.942
1780997851.462698,-6.254,19.571,-0.008,0.024,259.322,262.513,252.631
1780997851.477547,-6.704,21.786,-0.008,0.028,259.565,263.054,251.962
1780997851.519495,-7.099,23.929,-0.009,0.03,259.753,263.431,251.488
1780997851.5198789,-7.718,25.214,-0.009,0.031,259.719,263.735,251.272
1780997851.520225,-7.944,26.786,-0.01,0.033,259.9,264.018,250.887
1780997851.5305972,-8.507,28.286,-0.01,0.034,259.935,264.357,250.588
1780997851.545542,-8.901,29.357,-0.011,0.035,259.954,264.559,250.413
1780997851.560575,-9.183,30.214,-0.011,0.036,259.976,264.691,250.291
1780997851.575655,-9.239,32.143,-0.011,0.038,260.273,264.98,249.814
1780997851.586717,-9.408,32.786,-0.011,0.039,260.306,265.09,249.702
1780997851.601838,-9.634,34.071,-0.011,0.04,260.44,265.357,249.384
1780997851.6171122,-10.254,35.214,-0.012,0.041,260.404,265.692,249.161
1780997851.6319811,-10.761,35.714,-0.013,0.041,260.291,265.858,249.131
1780997851.6437209,-10.986,36.714,-0.013,0.042,260.377,266.039,248.925
1780997851.658806,-11.155,36.857,-0.013,0.042,260.332,266.063,248.944
1780997851.673729,-11.38,37.286,-0.013,0.043,260.32,266.152,248.888
1780997851.688843,-11.437,37.571,-0.013,0.043,260.344,266.159,248.862
1780997851.732091,-11.662,37.857,-0.013,0.043,260.319,266.239,248.825
1780997851.732553,-11.944,38.071,-0.014,0.043,260.262,266.336,248.8
1780997851.732883,-12.169,37.643,-0.014,0.042,260.11,266.29,248.961
1780997851.7450721,-12.338,38.0,-0.014,0.043,260.127,266.402,248.864
1780997851.756167,-12.507,37.714,-0.014,0.042,260.032,266.374,248.964
1780997851.771244,-12.338,37.071,-0.014,0.041,259.988,266.157,249.162
1780997851.786397,-12.732,36.357,-0.015,0.04,259.751,266.15,249.368
1780997851.801449,-12.62,35.5,-0.014,0.039,259.663,265.937,249.602
1780997851.8125231,-12.676,34.714,-0.014,0.038,259.54,265.815,249.8
1780997851.827529,-12.563,34.143,-0.014,0.037,259.497,265.672,249.945
1780997851.842284,-12.789,33.786,-0.014,0.037,259.371,265.692,250.038
1780997851.857516,-12.62,32.357,-0.014,0.035,259.179,265.345,250.47
1780997851.869482,-12.676,30.786,-0.014,0.033,258.94,265.114,250.859
1780997851.884303,-12.845,29.714,-0.015,0.032,258.755,265.023,251.094
1780997851.89955,-12.282,28.786,-0.014,0.031,258.803,264.674,251.326
1780997851.9143622,-12.113,28.214,-0.013,0.03,258.807,264.581,251.396
1780997851.9571142,-12.0,26.286,-0.013,0.028,258.527,264.208,251.945
1780997851.957557,-11.831,24.643,-0.013,0.026,258.353,263.913,252.342
1780997851.957916,-11.718,23.429,-0.013,0.024,258.233,263.73,252.6
1780997851.970561,-11.606,21.714,-0.013,0.022,258.023,263.447,253.027
1780997851.9817789,-11.155,21.0,-0.012,0.022,258.08,263.215,253.17
1780997851.996832,-11.211,19.357,-0.012,0.02,257.826,263.012,253.576
1780997852.011673,-10.704,18.071,-0.012,0.019,257.812,262.692,253.862
1780997852.026612,-10.648,16.857,-0.012,0.017,257.646,262.51,254.175
1780997852.037662,-10.535,16.357,-0.012,0.017,257.611,262.411,254.293
1780997852.0526028,-10.535,16.357,-0.012,0.017,257.611,262.411,254.293
1780997852.067447,-9.69,13.143,-0.01,0.012,257.346,261.595,255.266
1780997852.079541,-9.465,11.571,-0.01,0.011,257.214,261.379,255.588
1780997852.094611,-9.352,11.0,-0.01,0.011,257.204,261.368,255.607
1780997852.109577,-8.845,10.0,-0.009,0.01,257.237,261.13,255.791
1780997852.1244211,-8.789,8.929,-0.01,0.009,257.093,260.982,256.067
1780997852.1358268,-8.62,8.214,-0.009,0.008,257.059,260.901,256.175
1780997852.179662,-8.169,7.286,-0.009,0.007,257.069,260.673,256.375
1780997852.180117,-8.056,6.357,-0.009,0.006,256.966,260.554,256.588
1780997852.1804469,-7.662,6.643,-0.008,0.007,257.157,260.536,256.417
1780997852.191721,-7.493,5.857,-0.008,0.006,257.086,260.412,256.601
1780997852.2067258,-7.324,5.071,-0.008,0.005,257.013,260.284,256.794
1780997852.21839,-6.535,5.5,-0.007,0.006,257.338,260.172,256.577
1780997852.2336771,-6.423,5.714,-0.007,0.007,257.401,260.238,256.454
1780997852.248547,-6.028,5.214,-0.006,0.006,257.423,260.05,256.608
1780997852.259816,-5.746,5.214,-0.006,0.006,257.496,260.015,256.569
1780997852.2748458,-5.014,5.714,-0.005,0.007,257.785,259.914,256.381
1780997852.2898,-5.014,5.857,-0.005,0.007,257.777,259.981,256.326
1780997852.3048599,-4.958,6.286,-0.005,0.008,257.847,260.066,256.177
1780997852.316093,-4.676,6.857,-0.005,0.009,258.016,260.097,255.985
1780997852.330744,-4.225,7.357,-0.005,0.01,258.205,260.063,255.835
1780997852.345494,-4.225,7.357,-0.005,0.01,258.205,260.063,255.835
1780997852.35662,-4.225,7.357,-0.005,0.01,258.205,260.063,255.835
1780997852.3999949,-4.225,7.357,-0.005,0.01,258.205,260.063,255.835
1780997852.400461,-3.493,10.857,-0.004,0.015,259.017,260.482,254.684
1780997852.400807,-3.268,12.857,-0.003,0.017,259.342,260.75,254.142
1780997852.412213,-3.606,12.786,-0.004,0.017,259.183,260.836,254.212
1780997852.427361,-3.042,13.5,-0.003,0.018,259.435,260.763,254.046
1780997852.442296,-2.704,14.714,-0.003,0.019,259.666,260.854,253.755
1780997852.4542668,-2.648,15.286,-0.003,0.019,259.693,260.915,253.677
1780997852.469275,-2.366,16.857,-0.003,0.021,259.986,261.088,253.261
1780997852.48434,-2.254,17.5,-0.003,0.022,260.082,261.149,253.122
1780997852.495497,-1.972,18.857,-0.002,0.024,260.335,261.279,252.786
1780997852.510556,-1.69,19.786,-0.002,0.025,260.516,261.324,252.587
1780997852.525553,-1.746,21.571,-0.002,0.027,260.748,261.641,252.114
1780997852.540542,-1.465,22.571,-0.002,0.028,260.943,261.691,251.904
1780997852.551668,-1.408,23.286,-0.002,0.029,261.041,261.779,251.744
1780997852.566941,-1.408,23.929,-0.002,0.029,261.08,261.852,251.65
1780997852.581538,-1.07,24.857,-0.001,0.03,261.321,261.891,251.411
1780997852.6252449,-1.07,24.857,-0.001,0.03,261.321,261.891,251.411
1780997852.625689,-1.07,24.857,-0.001,0.03,261.321,261.891,251.411
1780997852.6260102,-1.07,24.857,-0.001,0.03,261.321,261.891,251.411
1780997852.63664,-1.07,24.857,-0.001,0.03,261.321,261.891,251.411
1780997852.648347,-1.296,28.0,-0.002,0.035,261.82,262.562,250.438
1780997852.663403,-1.746,29.071,-0.002,0.036,261.797,262.86,250.216
1780997852.678375,-1.296,29.5,-0.002,0.036,261.965,262.72,250.19
1780997852.693473,-1.972,30.357,-0.003,0.037,261.815,263.032,250.062
1780997852.7047,-2.197,30.214,-0.003,0.036,261.647,263.005,250.222
1780997852.7197819,-2.366,30.714,-0.003,0.036,261.652,263.092,250.148
1780997852.734698,-2.873,30.786,-0.004,0.036,261.479,263.238,250.174
1780997852.746046,-2.93,30.786,-0.004,0.036,261.452,263.198,250.228
1780997852.761056,-3.211,31.071,-0.004,0.036,261.413,263.303,250.177
1780997852.776039,-3.662,30.714,-0.005,0.036,261.2,263.344,250.321
1780997852.7910101,-4.113,30.786,-0.005,0.036,261.08,263.471,250.32
1780997852.8023171,-4.394,30.857,-0.006,0.036,261.017,263.557,250.304
1780997852.845162,-4.732,30.286,-0.006,0.035,260.833,263.52,250.488
1780997852.8456142,-5.296,30.071,-0.007,0.034,260.646,263.644,250.548
1780997852.845943,-5.634,29.5,-0.007,0.034,260.471,263.62,250.715
1780997852.8590531,-6.254,29.214,-0.008,0.033,260.27,263.752,250.781
1780997852.874082,-6.085,28.571,-0.008,0.032,260.243,263.549,250.968
1780997852.8888278,-6.592,28.214,-0.008,0.032,260.067,263.639,251.047
1780997852.899766,-6.873,28.143,-0.009,0.032,259.981,263.72,251.056
1780997852.914637,-6.873,28.143,-0.009,0.032,259.981,263.72,251.056
1780997852.929634,-7.606,26.429,-0.01,0.029,259.448,263.628,251.596
1780997852.9407492,-8.282,25.786,-0.011,0.029,259.182,263.732,251.746
1780997852.955768,-8.507,25.071,-0.011,0.028,259.052,263.661,251.919
1780997852.970911,-8.901,23.929,-0.011,0.026,258.825,263.564,252.201
1780997852.985846,-9.183,23.071,-0.011,0.026,258.681,263.495,252.388
1780997852.9969459,-9.69,22.643,-0.012,0.025,258.505,263.592,252.467
1780997853.011774,-9.69,22.071,-0.012,0.025,258.463,263.481,252.596
1780997853.026473,-9.69,22.071,-0.012,0.025,258.463,263.481,252.596
1780997853.069241,-9.69,22.071,-0.012,0.025,258.463,263.481,252.596
1780997853.0695748,-10.366,18.857,-0.013,0.02,257.797,263.096,253.532
1780997853.069938,-10.986,18.214,-0.013,0.02,257.568,263.208,253.651
1780997853.0831811,-11.042,17.214,-0.013,0.019,257.489,263.058,253.853
1780997853.094514,-11.042,16.643,-0.013,0.018,257.487,262.979,253.923
1780997853.109531,-11.831,16.0,-0.014,0.018,257.211,263.152,254.036
1780997853.124542,-11.831,15.143,-0.014,0.017,257.141,263.005,254.228
1780997853.13953,-12.0,14.5,-0.014,0.016,257.027,262.955,254.379
1780997853.1506188,-12.394,13.929,-0.015,0.016,256.875,263.004,254.484
1780997853.1656299,-12.62,13.643,-0.015,0.016,256.803,263.038,254.523
1780997853.1806788,-12.845,12.571,-0.015,0.014,256.617,262.926,254.801
1780997853.195575,-12.732,12.357,-0.015,0.014,256.678,262.864,254.794
1780997853.206922,-12.845,12.0,-0.015,0.014,256.636,262.851,254.846
1780997853.222018,-12.901,11.5,-0.015,0.013,256.561,262.786,254.976
1780997853.236944,-12.507,11.571,-0.014,0.014,256.732,262.687,254.896
1780997853.251859,-12.901,11.286,-0.015,0.014,256.588,262.787,254.949
1780997853.284706,-12.901,11.071,-0.015,0.013,256.574,262.764,254.982
1780997853.2850718,-12.901,11.071,-0.015,0.014,256.595,262.782,254.946
1780997853.2937548,-12.901,11.357,-0.015,0.014,256.657,262.842,254.834
1780997853.308533,-13.014,11.571,-0.015,0.014,256.667,262.928,254.751
1780997853.3197849,-12.789,12.0,-0.015,0.015,256.812,262.933,254.605
1780997853.334904,-12.62,12.143,-0.014,0.015,256.884,262.901,254.564
1780997853.350213,-12.563,12.857,-0.014,0.016,257.01,263.023,254.338
1780997853.364959,-12.169,13.357,-0.014,0.017,257.196,262.979,254.198
1780997853.3946629,-11.944,14.357,-0.014,0.018,257.42,263.097,253.884
1780997853.394934,-12.056,14.286,-0.014,0.018,257.332,263.111,253.956
1780997853.406204,-11.549,15.429,-0.013,0.02,257.656,263.154,253.614
1780997853.421176,-11.437,16.714,-0.013,0.021,257.869,263.357,253.245
1780997853.432331,-11.099,16.714,-0.013,0.021,257.918,263.227,253.309
1780997853.4474099,-11.099,16.929,-0.013,0.021,257.924,263.265,253.272
1780997853.462413,-10.761,18.0,-0.012,0.023,258.173,263.348,252.972
1780997853.477488,-10.535,18.571,-0.012,0.023,258.293,263.373,252.841
1780997853.5138829,-10.423,18.714,-0.012,0.023,258.298,263.354,252.853
1780997853.5142488,-10.197,19.429,-0.012,0.024,258.446,263.412,252.67
1780997853.519351,-9.521,20.571,-0.011,0.026,258.808,263.395,252.356
1780997853.5344,-9.352,20.929,-0.011,0.026,258.885,263.401,252.282
1780997853.5457249,-9.183,22.0,-0.011,0.027,259.066,263.55,251.997
1780997853.5606542,-8.789,22.5,-0.01,0.028,259.213,263.503,251.905
1780997853.575691,-8.394,23.214,-0.01,0.029,259.399,263.504,251.739
1780997853.590713,-8.282,23.929,-0.01,0.029,259.503,263.601,251.569
1780997853.628712,-7.775,24.429,-0.009,0.03,259.714,263.519,251.451
1780997853.62911,-7.493,24.786,-0.009,0.03,259.807,263.491,251.392
1780997853.631885,-7.38,24.929,-0.009,0.03,259.802,263.48,251.405
1780997853.643754,-6.817,25.429,-0.008,0.031,260.025,263.391,251.285
1780997853.65873,-6.592,25.786,-0.008,0.031,260.11,263.395,251.207
1780997853.673843,-6.479,25.643,-0.008,0.031,260.086,263.336,251.276
1780997853.688861,-6.028,26.214,-0.007,0.032,260.292,263.307,251.122
1780997853.700044,-5.69,26.214,-0.007,0.031,260.349,263.208,251.153
1780997853.7331562,-5.127,26.643,-0.006,0.032,260.568,263.118,251.039
1780997853.733524,-4.958,26.714,-0.006,0.032,260.588,263.094,251.041
1780997853.740844,-4.732,26.857,-0.006,0.032,260.66,263.06,251.007
1780997853.755585,-4.789,26.786,-0.006,0.032,260.613,263.073,251.037
1780997853.770358,-4.789,26.786,-0.006,0.032,260.613,263.073,251.037
1780997853.7850251,-4.789,26.786,-0.006,0.032,260.613,263.073,251.037
1780997853.796246,-4.789,26.786,-0.006,0.032,260.613,263.073,251.037
1780997853.811112,-4.789,26.786,-0.006,0.032,260.613,263.073,251.037
1780997853.826108,-3.099,26.286,-0.003,0.031,261.041,262.428,251.202
1780997853.8372731,-2.986,25.5,-0.003,0.03,260.876,262.305,251.444
1780997853.8522198,-2.93,25.071,-0.003,0.029,260.786,262.247,251.57
1780997853.8673348,-3.155,24.857,-0.004,0.029,260.646,262.342,251.611
1780997853.88237,-2.986,24.643,-0.004,0.029,260.649,262.292,251.65
1780997853.8941922,-2.873,23.714,-0.004,0.028,260.513,262.115,251.916
1780997853.9091609,-2.986,23.071,-0.004,0.027,260.367,262.069,252.082
1780997853.9240692,-2.873,23.143,-0.004,0.027,260.428,262.07,252.028
1780997853.973449,-2.93,22.214,-0.004,0.026,260.256,261.95,252.28
1780997853.973851,-2.873,21.357,-0.004,0.025,260.137,261.806,252.507
1780997853.974196,-3.042,20.786,-0.004,0.024,259.999,261.797,252.636
1780997853.980264,-2.817,19.643,-0.004,0.023,259.895,261.541,252.949
1780997853.9914198,-3.155,19.571,-0.004,0.023,259.796,261.672,252.924
1780997854.006407,-3.324,18.857,-0.005,0.022,259.651,261.626,253.094
1780997854.021465,-3.606,18.286,-0.005,0.022,259.494,261.646,253.217
1780997854.036691,-3.775,17.714,-0.005,0.021,259.38,261.619,253.343
1780997854.048438,-3.268,17.214,-0.004,0.021,259.495,261.378,253.448
1780997854.063437,-3.606,16.929,-0.005,0.02,259.357,261.46,253.503
1780997854.0784159,-3.775,16.286,-0.005,0.02,259.226,261.421,253.656
1780997854.089395,-3.831,16.214,-0.005,0.02,259.222,261.441,253.642
1780997854.104067,-3.831,16.214,-0.005,0.02,259.222,261.441,253.642
1780997854.11868,-3.831,16.214,-0.005,0.02,259.222,261.441,253.642
1780997854.133951,-3.831,16.214,-0.005,0.02,259.222,261.441,253.642
1780997854.145269,-4.507,13.714,-0.006,0.016,258.563,261.194,254.467
1780997854.182132,-4.958,12.857,-0.007,0.015,258.331,261.208,254.673
1780997854.182519,-4.958,12.5,-0.007,0.015,258.358,261.172,254.679
1780997854.186025,-4.901,12.571,-0.007,0.015,258.435,261.189,254.592
1780997854.201154,-4.958,12.214,-0.007,0.015,258.407,261.161,254.643
1780997854.2161741,-5.014,12.714,-0.007,0.016,258.521,261.293,254.418
1780997854.233585,-4.789,12.571,-0.006,0.016,258.6,261.2,254.428
1780997854.242353,-4.789,12.929,-0.006,0.017,258.683,261.278,254.281
1780997854.257515,-4.958,12.929,-0.006,0.017,258.639,261.335,254.271
1780997854.294257,-5.127,14.571,-0.007,0.019,258.887,261.696,253.725
1780997854.29461,-5.239,14.714,-0.007,0.019,258.868,261.735,253.709
1780997854.2994392,-5.239,15.357,-0.007,0.02,258.972,261.836,253.526
1780997854.314328,-5.183,16.286,-0.007,0.021,259.142,261.964,253.26
1780997854.329419,-5.239,16.786,-0.007,0.022,259.197,262.059,253.129
1780997854.340499,-5.352,17.5,-0.007,0.023,259.261,262.2,252.951
1780997854.355443,-5.521,18.357,-0.007,0.024,259.333,262.386,252.727
1780997854.3705401,-5.352,18.857,-0.007,0.024,259.45,262.382,252.627
1780997854.40269,-5.746,19.143,-0.008,0.025,259.35,262.535,252.588
1780997854.402952,-5.577,19.5,-0.007,0.025,259.457,262.522,252.502
1780997854.411655,-5.859,20.214,-0.008,0.026,259.474,262.716,252.324
1780997854.426676,-5.803,20.786,-0.007,0.026,259.581,262.768,252.186
1780997854.438612,-6.141,21.429,-0.008,0.027,259.572,262.969,252.026
1780997854.453602,-5.972,22.429,-0.008,0.029,259.79,263.063,251.757
1780997854.468694,-6.085,22.857,-0.008,0.029,259.812,263.157,251.661
1780997854.483658,-6.197,23.143,-0.008,0.029,259.806,263.207,251.625
1780997854.494765,-6.31,23.786,-0.008,0.03,259.865,263.332,251.471
1780997854.509829,-6.761,23.714,-0.009,0.03,259.689,263.437,251.539
1780997854.524862,-7.099,24.143,-0.009,0.03,259.651,263.597,251.442
1780997854.536075,-7.211,24.571,-0.009,0.031,259.694,263.692,251.328
1780997854.5510552,-7.155,24.429,-0.009,0.03,259.688,263.605,251.404
1780997854.5660532,-7.437,25.214,-0.009,0.031,259.738,263.827,251.181
1780997854.581144,-7.493,25.357,-0.01,0.031,259.743,263.841,251.166
1780997854.592232,-7.606,25.357,-0.01,0.031,259.704,263.85,251.192
1780997854.66147,-7.606,25.357,-0.01,0.031,259.704,263.834,251.205
1780997854.661859,-7.718,25.857,-0.01,0.032,259.758,263.95,251.065
1780997854.662163,-7.887,25.929,-0.01,0.032,259.715,264.001,251.061
1780997854.6624599,-7.662,25.786,-0.01,0.032,259.763,263.873,251.122
1780997854.664303,-8.113,25.786,-0.01,0.032,259.621,264.019,251.128
1780997854.679392,-8.056,25.643,-0.01,0.031,259.617,263.962,251.177
1780997854.690528,-7.944,25.571,-0.01,0.031,259.644,263.903,251.201
1780997854.705584,-8.282,25.214,-0.01,0.031,259.48,263.946,251.31
1780997854.7205172,-8.338,25.0,-0.01,0.03,259.438,263.923,251.365
1780997854.731887,-8.338,24.5,-0.01,0.03,259.364,263.825,251.509
1780997854.746979,-8.451,24.357,-0.011,0.03,259.314,263.844,251.538
1780997854.762018,-8.732,24.143,-0.011,0.029,259.204,263.906,251.585
1780997854.7769148,-8.563,23.571,-0.011,0.029,259.18,263.737,251.743
1780997854.7889931,-8.676,22.929,-0.011,0.028,259.055,263.665,251.913
1780997854.8037179,-9.014,22.643,-0.011,0.028,258.927,263.742,251.964
1780997854.818639,-8.676,22.429,-0.011,0.027,259.015,263.593,252.008
1780997854.864337,-8.676,21.643,-0.011,0.026,258.898,263.462,252.219
1780997854.8647292,-8.676,21.071,-0.011,0.026,258.821,263.379,252.357
1780997854.865011,-8.732,20.214,-0.011,0.025,258.677,263.257,252.588
1780997854.8750951,-8.62,19.786,-0.011,0.024,258.666,263.168,252.673
1780997854.8864908,-8.901,19.143,-0.011,0.023,258.48,263.163,252.845
1780997854.9014552,-8.789,18.571,-0.011,0.023,258.448,263.052,252.968
1780997854.916349,-8.845,18.214,-0.011,0.022,258.398,263.034,253.028
1780997854.9313989,-8.338,17.429,-0.01,0.022,258.449,262.744,253.227
1780997854.943166,-8.338,16.857,-0.01,0.021,258.372,262.678,253.354
1780997854.9581592,-8.507,16.714,-0.011,0.021,258.31,262.735,253.362
1780997854.973164,-8.338,16.286,-0.01,0.02,258.311,262.629,253.452
1780997854.9844081,-8.338,15.643,-0.01,0.02,258.213,262.544,253.615
1780997854.999402,-8.0,15.071,-0.01,0.019,258.232,262.343,253.769
1780997855.014316,-8.0,14.429,-0.01,0.018,258.14,262.264,253.923
1780997855.029341,-7.831,14.714,-0.01,0.019,258.262,262.292,253.786
1780997855.0406651,-7.831,14.286,-0.01,0.018,258.194,262.237,253.897
1780997855.0835562,-7.493,13.643,-0.009,0.018,258.201,262.042,254.059
1780997855.0839732,-7.38,13.571,-0.009,0.018,258.236,262.032,254.035
1780997855.084235,-7.38,13.214,-0.009,0.017,258.183,262.001,254.112
1780997855.09669,-6.986,13.214,-0.009,0.018,258.311,261.891,254.088
1780997855.11169,-6.986,13.0,-0.009,0.017,258.275,261.884,254.127
1780997855.126785,-7.042,12.571,-0.009,0.017,258.18,261.852,254.244
1780997855.138507,-6.986,12.5,-0.009,0.017,258.187,261.848,254.241
1780997855.1535769,-6.761,12.429,-0.008,0.017,258.247,261.775,254.25
1780997855.186526,-6.986,12.643,-0.009,0.017,258.214,261.917,254.155
1780997855.1867929,-6.535,12.357,-0.008,0.017,258.3,261.731,254.238
1780997855.1948092,-6.704,12.571,-0.009,0.017,258.281,261.849,254.153
1780997855.209723,-6.479,12.714,-0.008,0.017,258.372,261.815,254.098
1780997855.2248251,-6.423,12.571,-0.008,0.017,258.356,261.781,254.142
1780997855.2360792,-6.197,12.429,-0.008,0.017,258.397,261.692,254.182
1780997855.251282,-5.859,12.5,-0.007,0.017,258.51,261.609,254.15
1780997855.2661078,-6.197,12.429,-0.008,0.017,258.381,261.727,254.167
1780997855.3086069,-5.972,12.643,-0.008,0.018,258.482,261.704,254.092
1780997855.308958,-6.028,12.714,-0.008,0.018,258.467,261.744,254.071
1780997855.309191,-5.803,13.143,-0.008,0.018,258.605,261.757,253.932
1780997855.3222668,-5.69,13.286,-0.007,0.018,258.645,261.749,253.902
1780997855.334144,-5.352,13.929,-0.007,0.019,258.851,261.762,253.702
1780997855.349111,-5.577,14.429,-0.007,0.02,258.84,261.934,253.561
1780997855.364185,-5.296,14.643,-0.007,0.02,258.953,261.875,253.509
1780997855.379245,-5.183,14.929,-0.007,0.021,259.012,261.888,253.444
1780997855.390469,-4.901,15.714,-0.006,0.022,259.216,261.934,253.219
1780997855.4055839,-5.352,16.214,-0.007,0.022,259.131,262.168,253.096
1780997855.4204092,-5.239,16.571,-0.007,0.023,259.202,262.179,253.021
1780997855.431793,-4.958,16.857,-0.007,0.023,259.326,262.128,252.953
1780997855.446701,-4.958,17.429,-0.007,0.024,259.404,262.226,252.8
1780997855.4616928,-5.07,17.857,-0.007,0.024,259.413,262.333,252.701
1780997855.476585,-4.845,18.357,-0.007,0.025,259.551,262.332,252.578
1780997855.488587,-4.845,19.286,-0.007,0.026,259.703,262.5,252.303
1780997855.5375202,-4.901,19.643,-0.007,0.026,259.721,262.569,252.229
1780997855.5379572,-4.845,19.643,-0.007,0.026,259.704,262.523,252.282
1780997855.538354,-4.901,19.786,-0.007,0.026,259.689,262.549,252.273
1780997855.544587,-4.901,19.857,-0.007,0.026,259.686,262.552,252.274
1780997855.559778,-5.239,20.0,-0.007,0.026,259.59,262.682,252.25
1780997855.574572,-5.521,20.357,-0.008,0.027,259.559,262.837,252.148
1780997855.5858188,-5.408,20.643,-0.007,0.027,259.645,262.83,252.078
1780997855.600665,-5.634,21.5,-0.008,0.028,259.722,263.05,251.828
1780997855.6157281,-5.465,21.357,-0.007,0.028,259.736,262.928,251.916
1780997855.6271,-5.803,22.071,-0.008,0.029,259.755,263.159,251.709
1780997855.64206,-5.803,22.143,-0.008,0.029,259.761,263.154,251.708
1780997855.657121,-6.028,22.286,-0.008,0.029,259.708,263.232,251.69
1780997855.672022,-6.197,22.143,-0.008,0.029,259.624,263.236,251.76
1780997855.684116,-6.535,22.643,-0.009,0.029,259.612,263.433,251.61
1780997855.699072,-6.535,22.286,-0.009,0.029,259.55,263.334,251.745
1780997855.714026,-6.817,22.5,-0.009,0.029,259.51,263.462,251.676
1780997855.765543,-6.817,22.929,-0.009,0.03,259.595,263.527,251.548
1780997855.765951,-7.042,22.429,-0.009,0.029,259.439,263.483,251.721
1780997855.76628,-7.099,22.357,-0.009,0.029,259.42,263.476,251.745
1780997855.769999,-7.493,22.214,-0.01,0.028,259.283,263.571,251.787
1780997855.78119,-7.437,22.143,-0.01,0.028,259.3,263.528,251.807
1780997855.796293,-7.549,22.143,-0.01,0.028,259.282,263.556,251.8
1780997855.811167,-7.887,21.714,-0.01,0.028,259.116,263.579,251.929
1780997855.8263738,-8.0,21.714,-0.011,0.028,259.107,263.61,251.912
1780997855.837461,-8.056,21.5,-0.011,0.028,259.076,263.578,251.966
1780997855.85328,-8.0,21.286,-0.01,0.027,259.07,263.513,252.024
1780997855.868302,-8.282,20.786,-0.011,0.027,258.911,263.518,252.162
1780997855.879498,-8.338,20.357,-0.011,0.026,258.842,263.455,252.276
1780997855.894638,-8.507,20.0,-0.011,0.026,258.752,263.451,252.36
1780997855.9095721,-8.563,20.0,-0.011,0.026,258.76,263.479,252.329
1780997855.924552,-8.845,19.571,-0.012,0.025,258.611,263.501,252.447
1780997855.936036,-8.563,19.0,-0.011,0.025,258.627,263.302,252.596
1780997855.98464,-8.507,18.357,-0.011,0.024,258.554,263.174,252.77
1780997855.985111,-8.732,18.5,-0.011,0.024,258.535,263.297,252.683
1780997855.98542,-8.845,18.071,-0.011,0.024,258.442,263.263,252.797
1780997855.9919841,-8.732,17.786,-0.011,0.023,258.444,263.176,252.868
1780997856.006927,-8.958,17.643,-0.012,0.023,258.368,263.242,252.882
1780997856.0218549,-8.676,17.0,-0.011,0.022,258.367,263.035,253.056
1780997856.0335019,-8.451,16.929,-0.011,0.022,258.45,262.966,253.038
1780997856.04879,-8.563,16.5,-0.011,0.022,258.35,262.947,253.146
1780997856.063999,-8.901,16.286,-0.011,0.022,258.212,263.038,253.196
1780997856.075038,-8.845,16.429,-0.011,0.022,258.272,263.068,253.116
1780997856.090135,-8.676,15.786,-0.011,0.021,258.226,262.896,253.303
1780997856.1052868,-8.845,15.429,-0.011,0.021,258.127,262.905,253.387
1780997856.120079,-8.563,15.357,-0.011,0.021,258.216,262.815,253.38
1780997856.131587,-8.789,15.214,-0.011,0.021,258.13,262.876,253.409
1780997856.146494,-9.014,14.714,-0.012,0.02,257.987,262.871,253.545
1780997856.16148,-8.676,14.643,-0.011,0.02,258.099,262.754,253.541
1780997856.205235,-8.676,14.286,-0.011,0.02,258.043,262.706,253.634
1780997856.205508,-8.282,14.143,-0.011,0.02,258.152,262.565,253.652
1780997856.20575,-8.62,14.214,-0.011,0.02,258.062,262.712,253.611
1780997856.218186,-8.338,14.214,-0.011,0.02,258.156,262.637,253.588
1780997856.229405,-8.62,14.0,-0.011,0.02,258.036,262.708,253.638
1780997856.24435,-8.338,14.143,-0.011,0.02,258.157,262.65,253.576
1780997856.2622578,-8.507,14.071,-0.011,0.02,258.088,262.708,253.59
1780997856.29652,-8.338,14.5,-0.011,0.021,258.22,262.742,253.44
1780997856.2968352,-8.169,14.643,-0.011,0.021,258.295,262.719,253.39
1780997856.3004968,-8.0,14.357,-0.01,0.02,258.285,262.607,253.494
1780997856.315742,-8.113,14.714,-0.011,0.021,258.304,262.723,253.378
1780997856.3267899,-8.056,14.857,-0.01,0.021,258.337,262.741,253.333
1780997856.3419,-8.0,14.714,-0.01,0.021,258.325,262.693,253.384
1780997856.356576,-7.775,14.714,-0.01,0.021,258.382,262.619,253.394
1780997856.371417,-7.775,14.714,-0.01,0.021,258.382,262.619,253.394
1780997856.382644,-7.775,14.714,-0.01,0.021,258.382,262.619,253.394
1780997856.39727,-7.775,14.714,-0.01,0.021,258.382,262.619,253.394
1780997856.411979,-7.775,14.714,-0.01,0.021,258.382,262.619,253.394
1780997856.423778,-7.38,15.786,-0.009,0.022,258.697,262.698,253.039
1780997856.438637,-7.042,16.071,-0.009,0.023,258.843,262.64,252.955
1780997856.453602,-6.535,16.214,-0.008,0.023,258.996,262.503,252.932
1780997856.468808,-6.704,16.357,-0.009,0.023,258.92,262.604,252.916
1780997856.480222,-6.141,16.643,-0.008,0.023,259.112,262.481,252.846
1780997856.522187,-6.366,17.071,-0.008,0.024,259.083,262.647,252.732
1780997856.522484,-6.028,17.214,-0.008,0.024,259.185,262.567,252.708
1780997856.52272,-6.423,17.357,-0.009,0.024,259.062,262.733,252.678
1780997856.5360909,-6.31,17.571,-0.009,0.024,259.116,262.735,252.628
1780997856.5511098,-6.141,17.571,-0.008,0.024,259.15,262.673,252.649
1780997856.566261,-6.085,17.929,-0.008,0.025,259.211,262.723,252.553
1780997856.57817,-5.972,18.214,-0.008,0.025,259.278,262.742,252.477
1780997856.593226,-5.803,18.214,-0.008,0.025,259.318,262.684,252.49
1780997856.608206,-5.859,18.357,-0.008,0.025,259.309,262.734,252.456
1780997856.623533,-5.915,18.286,-0.008,0.025,259.261,262.739,252.495
1780997856.634597,-5.746,18.571,-0.008,0.025,259.353,262.735,252.416
1780997856.649538,-5.634,18.857,-0.008,0.026,259.427,262.753,252.336
1780997856.664484,-5.352,18.857,-0.007,0.026,259.505,262.657,252.346
1780997856.675667,-5.352,19.0,-0.007,0.026,259.515,262.688,252.311
1780997856.690615,-5.521,18.929,-0.008,0.026,259.432,262.735,252.345
1780997856.705361,-5.521,19.286,-0.008,0.026,259.484,262.809,252.238
1780997856.739242,-5.352,19.357,-0.008,0.026,259.541,262.763,252.225
1780997856.739543,-5.296,19.714,-0.008,0.027,259.617,262.815,252.115
1780997856.746599,-5.408,19.714,-0.008,0.027,259.57,262.856,252.123
1780997856.7616158,-5.859,19.714,-0.008,0.027,259.412,262.999,252.143
1780997856.7732632,-5.296,19.929,-0.008,0.027,259.629,262.843,252.081
1780997856.788379,-5.296,19.571,-0.008,0.026,259.554,262.771,252.207
1780997856.803325,-5.465,20.0,-0.008,0.027,259.578,262.914,252.067
1780997856.818444,-5.408,20.0,-0.008,0.027,259.589,262.895,252.074
1780997856.829592,-5.408,20.071,-0.008,0.027,259.597,262.905,252.057
1780997856.845026,-5.465,20.143,-0.008,0.027,259.589,262.939,252.037
1780997856.8594508,-5.296,19.929,-0.008,0.027,259.602,262.836,252.111
1780997856.870722,-5.634,20.071,-0.008,0.027,259.52,262.982,252.062
1780997856.885567,-5.408,19.857,-0.008,0.027,259.555,262.861,252.131
1780997856.9005702,-5.352,19.643,-0.008,0.026,259.537,262.808,252.192
1780997856.915505,-5.296,19.714,-0.008,0.027,259.571,262.812,252.158
1780997856.9267719,-5.577,19.571,-0.008,0.026,259.455,262.884,252.201
1780997856.9617941,-5.408,19.571,-0.008,0.026,259.513,262.832,252.193
1780997856.962141,-5.577,19.286,-0.008,0.026,259.409,262.842,252.277
1780997856.9686139,-5.577,19.357,-0.008,0.026,259.431,262.865,252.238
1780997856.983583,-5.634,19.286,-0.008,0.026,259.408,262.876,252.249
1780997856.998634,-5.465,19.071,-0.008,0.026,259.428,262.778,252.313
1780997857.013657,-5.521,18.786,-0.008,0.025,259.367,262.75,252.391
1780997857.024645,-5.746,18.643,-0.008,0.025,259.283,262.806,252.419
1780997857.0398028,-5.577,18.357,-0.008,0.025,259.299,262.7,252.494
1780997857.0549068,-5.859,18.286,-0.008,0.025,259.207,262.79,252.5
1780997857.0698519,-5.972,18.143,-0.009,0.025,259.154,262.805,252.535
1780997857.08126,-5.915,18.071,-0.008,0.025,259.173,262.775,252.544
1780997857.0962281,-5.803,17.929,-0.008,0.025,259.197,262.711,252.576
1780997857.111128,-6.028,17.929,-0.009,0.025,259.137,262.791,252.563
1780997857.122476,-6.028,17.643,-0.009,0.024,259.096,262.742,252.64
1780997857.1374831,-6.254,17.786,-0.009,0.025,259.058,262.851,252.583
1780997857.152417,-6.197,17.429,-0.009,0.024,259.026,262.766,252.683
1780997857.196244,-6.197,17.143,-0.009,0.024,258.991,262.713,252.759
1780997857.196676,-6.366,17.214,-0.009,0.024,258.965,262.79,252.718
1780997857.197001,-6.31,17.0,-0.009,0.024,258.961,262.735,252.768
1780997857.20901,-6.31,16.857,-0.009,0.024,258.942,262.712,252.805
1780997857.220157,-6.592,16.5,-0.009,0.023,258.803,262.747,252.901
1780997857.235265,-6.423,16.357,-0.009,0.023,258.846,262.667,252.929
1780997857.25037,-6.535,16.214,-0.009,0.023,258.798,262.685,252.958
1780997857.265229,-6.592,16.286,-0.009,0.023,258.806,262.721,252.92
1780997857.276387,-6.479,16.286,-0.009,0.023,258.851,262.684,252.911
1780997857.291501,-6.761,16.5,-0.01,0.023,258.809,262.827,252.828
1780997857.306514,-6.761,16.143,-0.009,0.023,258.751,262.76,252.937
1780997857.31817,-6.479,16.071,-0.009,0.023,258.837,262.651,252.951
1780997857.3332832,-6.592,16.286,-0.009,0.023,258.844,262.741,252.869
1780997857.348138,-6.761,16.214,-0.009,0.023,258.781,262.787,252.888
1780997857.363411,-6.761,16.071,-0.009,0.023,258.761,262.76,252.928
1780997857.374542,-6.535,16.0,-0.009,0.023,258.825,262.669,252.946
1780997857.411798,-6.535,15.929,-0.009,0.023,258.819,262.658,252.961
1780997857.412123,-6.93,15.857,-0.01,0.023,258.683,262.785,252.978
1780997857.415637,-6.761,15.714,-0.009,0.023,258.715,262.701,253.02
1780997857.430207,-6.761,15.929,-0.009,0.023,258.758,262.746,252.943
1780997857.4451241,-6.761,15.929,-0.009,0.023,258.758,262.746,252.943
1780997857.4601421,-7.042,15.929,-0.01,0.023,258.67,262.847,252.937
1780997857.471334,-6.704,16.0,-0.009,0.023,258.798,262.743,252.909
1780997857.486361,-6.535,16.071,-0.009,0.023,258.863,262.703,252.884
1780997857.522482,-6.761,16.357,-0.009,0.024,258.842,262.836,252.791
1780997857.522879,-6.704,16.143,-0.009,0.023,258.819,262.775,252.862
1780997857.5279949,-6.704,16.071,-0.009,0.023,258.802,262.765,252.887
1780997857.543371,-6.817,16.357,-0.01,0.024,258.817,262.861,252.793
1780997857.558094,-6.535,16.429,-0.009,0.024,258.918,262.777,252.772
1780997857.569309,-6.648,16.286,-0.009,0.023,258.85,262.789,252.823
1780997857.584306,-6.704,16.286,-0.009,0.023,258.83,262.809,252.824
1780997857.599276,-6.423,16.643,-0.009,0.024,258.982,262.783,252.709
1780997857.614242,-6.479,16.286,-0.009,0.023,258.893,262.737,252.828
1780997857.625373,-6.704,17.0,-0.009,0.025,258.946,262.955,252.597
1780997857.6405299,-6.592,16.714,-0.009,0.024,258.922,262.857,252.701
1780997857.6554298,-6.31,16.929,-0.009,0.024,259.043,262.804,252.636
1780997857.666792,-6.197,17.071,-0.009,0.025,259.098,262.797,252.593
1780997857.681688,-6.366,17.0,-0.009,0.024,259.022,262.848,252.618
1780997857.696478,-6.197,17.143,-0.009,0.025,259.091,262.823,252.577
1780997857.7115011,-6.028,17.071,-0.009,0.024,259.122,262.755,252.606
1780997857.753387,-6.085,17.214,-0.009,0.025,259.121,262.811,252.56
1780997857.753757,-5.915,17.5,-0.008,0.025,259.22,262.81,252.472
1780997857.754106,-5.69,17.643,-0.008,0.025,259.302,262.762,252.439
1780997857.7645981,-5.859,17.714,-0.008,0.025,259.246,262.84,252.424
1780997857.779635,-5.859,17.786,-0.008,0.025,259.249,262.859,252.405
1780997857.79448,-5.803,17.929,-0.008,0.026,259.286,262.868,252.365
1780997857.8094752,-5.803,17.714,-0.008,0.025,259.242,262.826,252.44
1780997857.820571,-5.69,17.929,-0.008,0.026,259.31,262.832,252.373
1780997857.835691,-5.521,18.143,-0.008,0.026,259.392,262.822,252.309
1780997857.850704,-5.634,18.357,-0.008,0.026,259.385,262.904,252.247
1780997857.8621309,-5.803,17.929,-0.009,0.025,259.249,262.875,252.392
1780997857.8771698,-5.859,18.214,-0.009,0.026,259.282,262.948,252.302
1780997857.892164,-5.746,18.286,-0.008,0.026,259.327,262.923,252.282
1780997857.907131,-5.746,18.143,-0.008,0.026,259.299,262.896,252.33
1780997857.9192262,-5.69,18.071,-0.008,0.026,259.301,262.866,252.353
1780997857.934002,-5.577,18.643,-0.008,0.027,259.44,262.942,252.167
1780997857.977685,-5.577,18.0,-0.008,0.026,259.318,262.817,252.379
1780997857.978131,-5.577,18.143,-0.008,0.026,259.344,262.849,252.329
1780997857.978464,-5.465,18.071,-0.008,0.026,259.365,262.802,252.349
1780997857.99022,-5.352,17.643,-0.008,0.025,259.325,262.687,252.481
1780997858.00524,-5.521,17.643,-0.008,0.025,259.272,262.757,252.471
1780997858.016264,-5.296,17.429,-0.008,0.025,259.305,262.644,252.535
1780997858.031378,-5.296,17.643,-0.008,0.025,259.348,262.703,252.448
1780997858.0463,-5.408,17.357,-0.008,0.025,259.262,262.697,252.529
1780997858.06124,-5.296,17.214,-0.008,0.025,259.277,262.643,252.562
1780997858.072431,-5.296,17.286,-0.008,0.025,259.293,262.67,252.524
1780997858.0880399,-5.07,17.071,-0.008,0.025,259.327,262.557,252.59
1780997858.103033,-5.183,17.214,-0.008,0.025,259.317,262.638,252.53
1780997858.114387,-5.014,16.857,-0.008,0.024,259.306,262.521,252.638
1780997858.129208,-5.014,17.0,-0.008,0.025,259.329,262.56,252.584
1780997858.144175,-5.014,17.214,-0.008,0.025,259.366,262.611,252.509
1780997858.159184,-4.901,17.071,-0.007,0.025,259.374,262.551,252.552
1780997858.20359,-5.07,16.929,-0.008,0.025,259.293,262.59,252.592
1780997858.203969,-5.07,17.143,-0.008,0.025,259.335,262.637,252.515
1780997858.204297,-5.014,16.929,-0.008,0.025,259.316,262.577,252.582
1780997858.211278,-5.183,17.214,-0.008,0.025,259.315,262.693,252.485
1780997858.226447,-5.127,17.0,-0.008,0.025,259.293,262.634,252.554
1780997858.2413208,-5.07,17.0,-0.008,0.025,259.313,262.615,252.553
1780997858.256338,-5.239,17.0,-0.008,0.025,259.264,262.675,252.546
1780997858.26803,-5.408,17.357,-0.008,0.025,259.28,262.803,252.424
1780997858.2830951,-5.296,17.0,-0.008,0.025,259.253,262.694,252.54
1780997858.298183,-5.07,17.071,-0.008,0.025,259.344,262.63,252.512
1780997858.3094249,-5.296,17.214,-0.008,0.025,259.299,262.735,252.465
1780997858.324586,-5.127,17.0,-0.008,0.025,259.318,262.632,252.534
1780997858.3395681,-5.577,17.214,-0.009,0.025,259.213,262.829,252.463
1780997858.354465,-5.465,17.071,-0.008,0.025,259.228,262.757,252.51
1780997858.365695,-5.69,17.143,-0.009,0.025,259.175,262.843,252.485
1780997858.380621,-5.69,17.0,-0.009,0.025,259.156,262.812,252.528
1780997858.4240158,-5.634,17.143,-0.009,0.025,259.209,262.819,252.474
1780997858.424393,-5.577,16.857,-0.008,0.025,259.186,262.745,252.558
1780997858.424733,-5.803,16.714,-0.009,0.025,259.09,262.798,252.599
1780997858.4367712,-5.577,16.643,-0.008,0.024,259.157,262.71,252.613
1780997858.451775,-5.239,16.5,-0.008,0.024,259.24,262.572,252.654
1780997858.4635122,-5.465,16.571,-0.008,0.024,259.181,262.673,252.622
1780997858.4784021,-5.296,16.429,-0.008,0.024,259.209,262.598,252.66
1780997858.493384,-5.183,16.643,-0.008,0.025,259.283,262.609,252.584
1780997858.5085042,-5.07,16.786,-0.008,0.025,259.341,262.61,252.531
1780997858.519691,-5.239,16.857,-0.008,0.025,259.293,262.69,252.507
1780997858.534734,-5.127,16.929,-0.008,0.025,259.336,262.672,252.484
1780997858.549825,-5.014,16.429,-0.008,0.024,259.274,262.541,252.649
1780997858.5611079,-5.296,17.071,-0.008,0.025,259.298,262.767,252.438
1780997858.576045,-5.239,17.071,-0.008,0.025,259.313,262.752,252.438
1780997858.59106,-5.239,17.0,-0.008,0.025,259.299,262.735,252.465
1780997858.605991,-5.07,16.857,-0.008,0.025,259.325,262.648,252.514
1780997858.648384,-4.901,17.286,-0.008,0.026,259.455,262.678,252.373
1780997858.648753,-5.07,17.214,-0.008,0.025,259.384,262.723,252.399
1780997858.649091,-5.239,17.071,-0.008,0.025,259.302,262.751,252.448
1780997858.658893,-5.183,17.357,-0.008,0.026,259.371,262.783,252.359
1780997858.673842,-5.183,17.214,-0.008,0.025,259.34,262.754,252.411
1780997858.689002,-5.296,17.214,-0.008,0.025,259.307,262.792,252.409
1780997858.7039301,-5.408,17.0,-0.008,0.025,259.235,262.787,252.478
1780997858.7152011,-5.127,17.214,-0.008,0.025,259.369,262.732,252.404
1780997858.7302442,-5.296,17.429,-0.008,0.026,259.354,262.833,252.334
1780997858.745195,-5.239,17.429,-0.008,0.026,259.371,262.815,252.333
1780997858.7566268,-5.239,17.357,-0.008,0.026,259.354,262.805,252.357
1780997858.7715242,-5.352,17.214,-0.008,0.025,259.293,262.815,252.402
1780997858.78644,-5.07,17.286,-0.008,0.026,259.398,262.738,252.373
1780997858.801534,-5.127,17.429,-0.008,0.026,259.404,262.789,252.325
1780997858.8134038,-5.07,17.071,-0.008,0.025,259.356,262.702,252.442
1780997858.828558,-5.127,17.357,-0.008,0.026,259.388,262.782,252.346
1780997858.869313,-5.239,17.5,-0.008,0.026,259.378,262.851,252.297
1780997858.8697019,-5.183,17.214,-0.008,0.025,259.343,262.772,252.394
1780997858.870047,-5.296,17.5,-0.008,0.026,259.363,262.868,252.296
1780997858.8845508,-5.127,17.143,-0.008,0.025,259.352,262.742,252.411
1780997858.899466,-5.127,17.286,-0.008,0.026,259.377,262.775,252.361
1780997858.910654,-5.296,17.143,-0.008,0.025,259.298,262.807,252.405
1780997858.9257421,-5.352,17.429,-0.008,0.026,259.337,262.885,252.305
1780997858.940744,-5.183,17.357,-0.008,0.026,259.377,262.821,252.323
1780997858.955772,-5.183,17.286,-0.008,0.026,259.361,262.814,252.343
1780997858.967191,-5.239,17.214,-0.008,0.026,259.33,262.821,252.365
1780997858.982133,-5.239,16.929,-0.008,0.025,259.282,262.768,252.452
1780997858.9969978,-5.296,17.0,-0.008,0.025,259.281,262.807,252.42
1780997859.008981,-5.239,17.0,-0.008,0.025,259.303,262.788,252.417
1780997859.023832,-5.183,17.0,-0.008,0.025,259.326,262.766,252.414
1780997859.038788,-5.239,16.786,-0.008,0.025,259.269,262.748,252.48
1780997859.053782,-5.408,16.857,-0.008,0.025,259.237,262.821,252.447
1780997859.098171,-5.352,16.929,-0.008,0.025,259.271,262.821,252.418
1780997859.098573,-5.408,16.857,-0.008,0.025,259.246,262.828,252.434
1780997859.098925,-5.465,16.786,-0.009,0.025,259.217,262.838,252.451
1780997859.1061141,-5.239,16.643,-0.008,0.025,259.265,262.739,252.492
1780997859.121154,-5.521,16.571,-0.009,0.025,259.167,262.826,252.506
1780997859.136287,-5.577,16.571,-0.009,0.025,259.159,262.85,252.493
1780997859.1511412,-5.577,16.429,-0.009,0.025,259.141,262.822,252.533
1780997859.162863,-5.69,16.857,-0.009,0.026,259.193,262.941,252.386
1780997859.177855,-5.577,16.571,-0.009,0.025,259.18,262.843,252.48
1780997859.1921978,-5.577,16.571,-0.009,0.025,259.186,262.845,252.474
1780997859.20409,-5.577,16.5,-0.009,0.025,259.175,262.835,252.492
1780997859.2190359,-5.296,16.214,-0.008,0.025,259.213,262.687,252.581
1780997859.2340229,-5.296,16.643,-0.008,0.025,259.288,262.786,252.432
1780997859.249168,-5.296,16.429,-0.008,0.025,259.248,262.745,252.501
1780997859.2601888,-5.352,16.429,-0.008,0.025,259.228,262.77,252.498
1780997859.2751749,-5.408,16.571,-0.008,0.025,259.236,262.826,252.445
1780997859.317348,-5.239,16.214,-0.008,0.025,259.226,262.7,252.559
1780997859.317832,-5.239,16.286,-0.008,0.025,259.238,262.721,252.53
1780997859.318146,-5.352,16.429,-0.008,0.025,259.228,262.794,252.479
1780997859.33125,-5.296,16.5,-0.008,0.025,259.259,262.79,252.454
1780997859.346373,-5.239,16.286,-0.008,0.025,259.238,262.729,252.524
1780997859.358078,-5.465,16.214,-0.009,0.025,259.157,262.799,252.538
1780997859.3732889,-5.239,16.286,-0.008,0.025,259.245,262.739,252.509
1780997859.388212,-5.239,16.143,-0.008,0.025,259.218,262.716,252.553
1780997859.403232,-5.183,16.143,-0.008,0.025,259.243,262.706,252.538
1780997859.414397,-5.127,15.786,-0.008,0.024,259.195,262.629,252.647
1780997859.429467,-4.901,15.786,-0.008,0.024,259.269,262.564,252.635
1780997859.444533,-5.07,15.571,-0.008,0.024,259.174,262.59,252.698
1780997859.4556532,-5.07,15.357,-0.008,0.024,259.139,262.556,252.758
1780997859.4706979,-5.239,15.357,-0.008,0.024,259.096,262.624,252.741
1780997859.4856908,-5.296,15.357,-0.008,0.024,259.086,262.648,252.728
1780997859.5005922,-5.239,15.071,-0.008,0.024,259.063,262.578,252.809
1780997859.5449128,-5.465,15.143,-0.009,0.024,259.01,262.673,252.776
1780997859.545376,-5.296,15.071,-0.008,0.024,259.059,262.606,252.788
1780997859.5457122,-5.465,14.929,-0.009,0.023,258.985,262.64,252.826
1780997859.553613,-5.296,14.5,-0.008,0.023,258.969,262.499,252.96
1780997859.5684469,-5.521,14.5,-0.009,0.023,258.909,262.584,252.943
1780997859.583766,-5.408,14.643,-0.009,0.023,258.978,262.578,252.885
1780997859.598575,-5.521,14.571,-0.009,0.023,258.936,262.611,252.895
1780997859.609674,-5.352,14.5,-0.008,0.023,258.986,262.544,252.907
1780997859.624833,-5.577,14.286,-0.009,0.023,258.884,262.582,252.967
1780997859.63989,-5.859,14.143,-0.009,0.023,258.78,262.652,253.002
1780997859.6510231,-5.634,14.071,-0.009,0.023,258.845,262.565,253.016
1780997859.666128,-5.634,13.857,-0.009,0.022,258.813,262.529,253.077
1780997859.6811829,-5.634,14.286,-0.009,0.023,258.898,262.619,252.923
1780997859.695914,-5.69,14.143,-0.009,0.023,258.861,262.614,252.961
1780997859.707245,-5.746,14.0,-0.009,0.023,258.824,262.607,253.0
1780997859.722066,-5.746,13.929,-0.009,0.023,258.816,262.595,253.018
1780997859.764868,-5.915,14.0,-0.009,0.023,258.781,262.67,252.986
1780997859.765321,-5.803,14.0,-0.009,0.023,258.818,262.634,252.983
1780997859.76565,-5.859,14.071,-0.009,0.023,258.816,262.667,252.957
1780997859.778645,-5.746,13.786,-0.009,0.022,258.803,262.573,253.049
1780997859.793853,-5.859,13.929,-0.009,0.023,258.797,262.644,252.994
1780997859.804906,-5.859,13.714,-0.009,0.022,258.76,262.606,253.06
1780997859.819988,-5.859,13.929,-0.009,0.023,258.804,262.654,252.979
1780997859.834919,-5.915,13.929,-0.009,0.023,258.787,262.676,252.975
1780997859.8501,-5.803,14.0,-0.009,0.023,258.838,262.651,252.951
1780997859.861357,-5.859,13.786,-0.009,0.023,258.784,262.626,253.02
1780997859.87635,-5.465,13.714,-0.008,0.022,258.902,262.478,253.038
1780997859.891517,-5.803,13.714,-0.009,0.022,258.791,262.598,253.038
1780997859.903413,-5.972,13.857,-0.009,0.023,258.768,262.685,252.985
1780997859.9182332,-6.028,13.786,-0.009,0.023,258.736,262.694,253.007
1780997859.933326,-5.915,13.857,-0.009,0.023,258.784,262.67,252.984
1780997859.948221,-5.803,14.0,-0.009,0.023,258.845,262.661,252.935
1780997859.991432,-6.085,13.786,-0.009,0.023,258.717,262.719,253.003
1780997859.991869,-5.803,13.786,-0.009,0.023,258.808,262.624,253.0
1780997859.992216,-5.803,14.0,-0.009,0.023,258.847,262.669,252.927
1780997860.000428,-5.746,13.929,-0.009,0.023,258.848,262.641,252.949
1780997860.015401,-5.803,13.786,-0.009,0.023,258.803,262.635,252.996
1780997860.030429,-5.746,13.857,-0.009,0.023,258.832,262.633,252.97
1780997860.045461,-5.746,13.929,-0.009,0.023,258.847,262.649,252.944
1780997860.056572,-5.69,14.0,-0.009,0.023,258.876,262.646,252.92
1780997860.071647,-5.577,13.786,-0.009,0.023,258.873,262.567,252.989
1780997860.086577,-5.577,13.786,-0.009,0.023,258.87,262.574,252.986
1780997860.098628,-5.915,14.143,-0.009,0.023,258.827,262.763,252.866
1780997860.1136792,-5.577,13.929,-0.009,0.023,258.896,262.605,252.937
1780997860.128463,-5.803,14.143,-0.009,0.023,258.861,262.728,252.864
1780997860.143559,-5.69,14.071,-0.009,0.023,258.884,262.672,252.891
1780997860.15488,-5.803,14.214,-0.009,0.023,258.872,262.742,252.843
1780997860.169774,-5.634,14.214,-0.009,0.023,258.923,262.687,252.843
1780997860.2120981,-5.746,14.286,-0.009,0.023,258.897,262.736,252.824
1780997860.212515,-5.746,14.0,-0.009,0.023,258.843,262.679,252.922
1780997860.212826,-5.521,14.0,-0.009,0.023,258.915,262.605,252.92
1780997860.225734,-5.521,14.571,-0.009,0.024,259.015,262.722,252.73
1780997860.24083,-5.634,14.429,-0.009,0.024,258.946,262.732,252.784
1780997860.252011,-5.408,14.429,-0.009,0.024,259.011,262.657,252.789
1780997860.267148,-5.577,14.429,-0.009,0.024,258.953,262.719,252.789
1780997860.2819562,-5.408,14.786,-0.009,0.024,259.069,262.73,252.675
1780997860.2970629,-5.803,14.714,-0.009,0.024,258.926,262.85,252.704
1780997860.308866,-5.408,14.571,-0.009,0.024,259.027,262.685,252.75
1780997860.323773,-5.577,14.5,-0.009,0.024,258.962,262.728,252.773
1780997860.338917,-5.746,14.714,-0.009,0.024,258.947,262.83,252.701
1780997860.3503559,-5.465,14.643,-0.009,0.024,259.018,262.717,252.731
1780997860.3651998,-5.521,14.643,-0.009,0.024,258.997,262.737,252.733
1780997860.3800588,-5.465,14.929,-0.009,0.024,259.067,262.776,252.638
1780997860.394953,-5.521,14.857,-0.009,0.024,259.03,262.78,252.668
1780997860.438061,-5.408,14.857,-0.009,0.024,259.06,262.744,252.671
1780997860.4383922,-5.408,14.643,-0.009,0.024,259.02,262.704,252.741
1780997860.438744,-5.521,14.857,-0.009,0.024,259.02,262.79,252.669
1780997860.447189,-5.465,14.714,-0.009,0.024,259.008,262.745,252.717
1780997860.462123,-5.521,14.929,-0.009,0.024,259.03,262.807,252.645
1780997860.4771562,-5.352,14.857,-0.009,0.024,259.068,262.74,252.668
1780997860.492075,-5.408,14.786,-0.009,0.024,259.036,262.748,252.69
1780997860.5037708,-5.465,14.929,-0.009,0.024,259.046,262.797,252.639
1780997860.518782,-5.352,14.857,-0.009,0.024,259.069,262.745,252.662
1780997860.533739,-5.296,14.857,-0.009,0.024,259.086,262.728,252.661
1780997860.5448902,-5.577,15.0,-0.009,0.024,259.021,262.858,252.611
1780997860.559962,-5.127,15.071,-0.008,0.025,259.177,262.718,252.588
1780997860.574734,-5.352,15.143,-0.009,0.025,259.114,262.814,252.564
1780997860.589952,-5.352,14.929,-0.009,0.024,259.07,262.776,252.635
1780997860.6011572,-5.296,14.857,-0.009,0.024,259.076,262.747,252.654
1780997860.616058,-5.352,14.857,-0.009,0.024,259.056,262.765,252.656
1780997860.653258,-5.69,15.0,-0.009,0.024,258.975,262.913,252.606
1780997860.653697,-5.352,15.071,-0.009,0.025,259.099,262.81,252.581
1780997860.65782,-5.521,15.0,-0.009,0.024,259.031,262.854,252.605
1780997860.6729522,-5.352,14.929,-0.009,0.024,259.076,262.781,252.626
1780997860.687872,-5.352,14.786,-0.009,0.024,259.048,262.758,252.671
1780997860.6989849,-5.352,14.786,-0.009,0.024,259.047,262.763,252.667
1780997860.713961,-5.408,14.929,-0.009,0.024,259.059,262.812,252.615
1780997860.7291641,-5.352,14.571,-0.009,0.024,259.014,262.725,252.729
1780997860.744072,-5.296,14.714,-0.009,0.024,259.059,262.742,252.674
1780997860.755261,-5.521,14.714,-0.009,0.024,258.987,262.822,252.671
1780997860.770391,-5.296,15.071,-0.009,0.025,259.128,262.815,252.55
1780997860.785275,-5.465,15.071,-0.009,0.025,259.072,262.873,252.552
1780997860.796431,-5.465,14.714,-0.009,0.024,259.008,262.803,252.669
1780997860.8115761,-5.408,14.929,-0.009,0.025,259.07,262.83,252.589
1780997860.826422,-5.465,14.929,-0.009,0.025,259.052,262.851,252.589
1780997860.841404,-5.465,14.714,-0.009,0.024,259.014,262.81,252.657
1780997860.883281,-5.465,15.143,-0.009,0.025,259.094,262.897,252.512
1780997860.88373,-5.352,15.214,-0.009,0.025,259.144,262.872,252.489
1780997860.884037,-5.521,14.857,-0.009,0.024,259.025,262.861,252.604
1780997860.894238,-5.746,14.643,-0.009,0.024,258.918,262.899,252.668
1780997860.909255,-5.634,14.714,-0.009,0.024,258.971,262.877,252.64
1780997860.924263,-5.577,14.643,-0.009,0.024,258.978,262.848,252.658
1780997860.9392571,-5.577,14.643,-0.009,0.024,258.98,262.848,252.656
1780997860.9505348,-5.239,14.714,-0.009,0.024,259.104,262.749,252.628
1780997860.9655292,-5.465,14.571,-0.009,0.024,259.001,262.807,252.672
1780997860.980532,-5.465,14.714,-0.009,0.024,259.029,262.839,252.62
1780997860.9917922,-5.521,14.643,-0.009,0.024,259.001,262.843,252.641
1780997861.006848,-5.408,14.714,-0.009,0.024,259.051,262.821,252.615
1780997861.021971,-5.577,14.643,-0.009,0.024,258.983,262.866,252.638
1780997861.036893,-5.634,14.571,-0.009,0.024,258.956,262.872,252.657
1780997861.04895,-5.521,14.786,-0.009,0.025,259.034,262.879,252.582
1780997861.063927,-5.521,14.929,-0.009,0.025,259.06,262.906,252.535
1780997861.106747,-5.634,14.714,-0.009,0.024,258.982,262.903,252.607
1780997861.107136,-5.521,14.5,-0.009,0.024,258.983,262.826,252.672
1780997861.107483,-5.577,14.714,-0.009,0.025,259.004,262.89,252.599
1780997861.119582,-5.408,14.571,-0.009,0.024,259.033,262.806,252.644
1780997861.134505,-5.521,14.929,-0.009,0.025,259.06,262.918,252.525
1780997861.1457438,-5.69,14.571,-0.009,0.024,258.941,262.906,252.643
1780997861.160799,-5.465,14.643,-0.009,0.024,259.027,262.847,252.614
1780997861.175793,-5.521,14.714,-0.009,0.025,259.019,262.884,252.59
1780997861.1909251,-5.352,14.5,-0.009,0.024,259.034,262.788,252.658
1780997861.2021482,-5.408,14.571,-0.009,0.024,259.026,262.827,252.632
1780997861.2174342,-5.408,14.5,-0.009,0.024,259.013,262.814,252.655
1780997861.232252,-5.239,14.857,-0.009,0.025,259.136,262.829,252.532
1780997861.2440581,-5.352,14.786,-0.009,0.025,259.081,262.861,252.554
1780997861.2589881,-5.183,14.643,-0.009,0.024,259.108,262.776,252.601
1780997861.274027,-5.69,15.0,-0.009,0.025,259.011,263.024,252.481
1780997861.289071,-5.577,14.571,-0.009,0.024,258.972,262.897,252.622
1780997861.326951,-5.577,14.857,-0.009,0.025,259.027,262.955,252.524
1780997861.3274062,-5.183,14.714,-0.009,0.025,259.126,262.795,252.57
1780997861.330163,-5.521,14.929,-0.009,0.025,259.054,262.958,252.497
1780997861.341229,-5.352,14.5,-0.009,0.024,259.032,262.811,252.64
1780997861.356322,-5.408,14.929,-0.009,0.025,259.092,262.917,252.497
1780997861.371376,-5.408,14.714,-0.009,0.025,259.052,262.876,252.567
1780997861.386364,-5.465,14.857,-0.009,0.025,259.058,262.927,252.52
1780997861.397963,-5.521,14.357,-0.009,0.024,258.95,262.85,252.681
1780997861.413263,-5.408,14.714,-0.009,0.025,259.055,262.886,252.557
1780997861.428194,-5.521,14.571,-0.009,0.024,258.992,262.898,252.603
1780997861.439349,-5.408,14.714,-0.009,0.025,259.056,262.891,252.552
1780997861.454556,-5.465,14.857,-0.009,0.025,259.064,262.94,252.503
1780997861.4694579,-5.408,14.786,-0.009,0.025,259.072,262.909,252.522
1780997861.4843252,-5.408,14.357,-0.009,0.024,258.996,262.825,252.66
1780997861.4957,-5.521,14.929,-0.009,0.025,259.065,262.984,252.466
1780997861.510607,-5.408,14.5,-0.009,0.024,259.021,262.863,252.607
1780997861.551732,-5.408,14.571,-0.009,0.025,259.037,262.878,252.58
1780997861.552097,-5.577,14.857,-0.009,0.025,259.039,262.994,252.481
1780997861.552395,-5.577,14.429,-0.009,0.024,258.964,262.905,252.623
1780997861.5666938,-5.465,14.929,-0.009,0.025,259.095,262.964,252.455
1780997861.58171,-5.521,14.571,-0.009,0.025,259.014,262.912,252.572
1780997861.5935009,-5.521,14.714,-0.009,0.025,259.041,262.945,252.52
1780997861.608563,-5.296,14.714,-0.009,0.025,259.112,262.872,252.517
1780997861.623583,-5.465,14.5,-0.009,0.025,259.019,262.889,252.586
1780997861.638704,-5.746,14.643,-0.01,0.025,258.954,263.02,252.536
1780997861.650021,-5.465,14.429,-0.009,0.024,259.008,262.878,252.606
1780997861.664892,-5.408,14.571,-0.009,0.025,259.052,262.893,252.553
1780997861.679947,-5.408,14.643,-0.009,0.025,259.063,262.913,252.527
1780997861.6912398,-5.521,14.5,-0.009,0.025,258.999,262.926,252.573
1780997861.7062788,-5.521,14.643,-0.009,0.025,259.028,262.958,252.52
1780997861.72121,-5.465,14.643,-0.009,0.025,259.044,262.942,252.519
1780997861.736151,-5.577,14.5,-0.009,0.025,258.983,262.956,252.563
1780997861.7778392,-5.296,14.786,-0.009,0.025,259.126,262.917,252.467
1780997861.778253,-5.577,14.5,-0.009,0.025,258.98,262.958,252.564
1780997861.778559,-5.296,14.643,-0.009,0.025,259.1,262.891,252.512
1780997861.788973,-5.521,14.643,-0.009,0.025,259.028,262.97,252.511
1780997861.8040152,-5.521,14.571,-0.009,0.025,259.022,262.956,252.528
1780997861.818898,-5.465,14.429,-0.009,0.025,259.013,262.907,252.577
1780997861.8342001,-5.408,14.571,-0.009,0.025,259.057,262.919,252.527
1780997861.84511,-5.577,14.786,-0.009,0.025,259.043,263.025,252.452
1780997861.860236,-5.408,14.5,-0.009,0.025,259.046,262.914,252.542
1780997861.875176,-5.408,14.286,-0.009,0.024,259.003,262.877,252.611
1780997861.886441,-5.521,14.214,-0.009,0.024,258.955,262.906,252.63
1780997861.9016151,-5.296,14.286,-0.009,0.025,259.044,262.847,252.599
1780997861.916907,-5.352,14.071,-0.009,0.024,258.986,262.832,252.664
1780997861.93166,-5.577,14.5,-0.009,0.025,258.994,263.001,252.516
1780997861.943511,-5.408,14.429,-0.009,0.025,259.037,262.926,252.539
1780997861.958456,-5.521,14.429,-0.009,0.025,259.001,262.968,252.537
1780997861.996334,-5.521,14.429,-0.009,0.025,259.003,262.966,252.536
1780997861.996712,-5.577,14.786,-0.009,0.025,259.053,263.056,252.417
1780997861.999697,-5.465,14.5,-0.009,0.025,259.037,262.961,252.51
1780997862.014734,-5.577,14.5,-0.009,0.025,259.002,263.0,252.509
1780997862.029643,-5.465,14.5,-0.009,0.025,259.04,262.963,252.505
1780997862.04093,-5.577,14.643,-0.009,0.025,259.03,263.032,252.457
1780997862.055906,-5.634,14.286,-0.01,0.025,258.949,262.982,252.572
1780997862.071156,-5.465,14.643,-0.009,0.025,259.07,262.995,252.452
1780997862.086166,-5.577,14.429,-0.009,0.025,258.994,262.997,252.519
1780997862.097527,-5.521,14.429,-0.009,0.025,259.014,262.98,252.515
1780997862.1130219,-5.521,14.5,-0.009,0.025,259.027,262.996,252.49
1780997862.128035,-5.577,14.286,-0.009,0.025,258.972,262.975,252.557
1780997862.139232,-5.408,14.214,-0.009,0.025,259.015,262.906,252.577
1780997862.1542552,-5.634,14.643,-0.01,0.025,259.019,263.074,252.433
1780997862.169035,-5.521,14.214,-0.009,0.025,258.974,262.951,252.575
1780997862.184097,-5.577,14.286,-0.009,0.025,258.974,262.984,252.548
1780997862.230464,-5.352,14.5,-0.009,0.025,259.086,262.956,252.47
1780997862.230787,-5.352,14.286,-0.009,0.025,259.042,262.917,252.542
1780997862.231062,-5.634,14.286,-0.01,0.025,258.953,263.016,252.539
1780997862.236479,-5.69,14.357,-0.01,0.025,258.953,263.053,252.509
1780997862.2515671,-5.408,14.429,-0.009,0.025,259.058,262.968,252.485
1780997862.266494,-5.634,14.357,-0.01,0.025,258.971,263.035,252.507
1780997862.281588,-5.521,14.5,-0.009,0.025,259.031,263.024,252.463
1780997862.293291,-5.408,14.357,-0.009,0.025,259.044,262.959,252.505
1780997862.3083892,-5.465,14.214,-0.009,0.025,258.998,262.957,252.548
1780997862.323425,-5.352,14.286,-0.009,0.025,259.051,262.936,252.519
1780997862.334514,-5.577,14.429,-0.01,0.025,259.002,263.045,252.471
1780997862.349725,-5.296,14.357,-0.009,0.025,259.079,262.937,252.492
1780997862.364873,-5.352,14.357,-0.009,0.025,259.057,262.963,252.491
1780997862.379915,-5.352,14.286,-0.009,0.025,259.044,262.953,252.51
1780997862.3909152,-5.183,14.286,-0.009,0.025,259.097,262.895,252.511
1780997862.405888,-5.296,14.357,-0.009,0.025,259.076,262.95,252.484
1780997862.450212,-5.183,14.071,-0.009,0.025,259.059,262.857,252.577
1780997862.450645,-5.577,14.214,-0.01,0.025,258.96,263.027,252.524
1780997862.450943,-5.127,14.143,-0.009,0.025,259.093,262.859,252.545
1780997862.462889,-5.465,14.071,-0.009,0.025,258.972,262.966,252.564
1780997862.4777339,-5.521,14.429,-0.01,0.025,259.021,263.057,252.444
1780997862.488962,-5.465,14.071,-0.009,0.025,258.977,262.964,252.561
1780997862.5040698,-5.521,14.071,-0.009,0.025,258.963,262.985,252.557
1780997862.5190458,-5.408,14.286,-0.009,0.025,259.042,262.989,252.483
1780997862.533988,-5.577,13.929,-0.01,0.025,258.924,262.98,252.596
1780997862.5454268,-5.465,14.0,-0.009,0.025,258.975,262.963,252.564
1780997862.560331,-5.521,14.071,-0.009,0.025,258.975,262.995,252.537
1780997862.575336,-5.465,13.929,-0.009,0.025,258.969,262.952,252.579
1780997862.5867991,-5.465,13.786,-0.009,0.024,258.943,262.929,252.621
1780997862.6017861,-5.239,14.143,-0.009,0.025,259.084,262.925,252.498
1780997862.616441,-5.521,13.786,-0.01,0.024,258.928,262.959,252.611
1780997862.631653,-5.577,13.929,-0.01,0.025,258.937,263.01,252.559
1780997862.6791492,-5.465,13.786,-0.009,0.024,258.959,262.938,252.6
1780997862.67954,-5.634,13.714,-0.01,0.024,258.89,262.986,252.621
1780997862.679886,-5.408,14.071,-0.009,0.025,259.03,262.983,252.498
1780997862.6844501,-5.465,13.786,-0.009,0.025,258.963,262.952,252.584
1780997862.699588,-5.634,13.714,-0.01,0.024,258.898,263.003,252.6
1780997862.714556,-5.577,13.929,-0.01,0.025,258.959,263.025,252.527
1780997862.7295098,-5.577,13.714,-0.01,0.024,258.918,262.981,252.601
1780997862.740681,-5.465,13.857,-0.009,0.025,258.976,262.977,252.551
1780997862.7556381,-5.352,13.929,-0.009,0.025,259.023,262.957,252.527
1780997862.7708118,-5.577,14.0,-0.01,0.025,258.958,263.048,252.508
1780997862.782075,-5.239,13.857,-0.009,0.025,259.042,262.903,252.554
1780997862.796792,-5.634,13.786,-0.01,0.025,258.903,263.029,252.574
1780997862.8119512,-5.408,13.929,-0.009,0.025,259.004,262.98,252.524
1780997862.8267672,-5.577,14.286,-0.01,0.025,259.016,263.111,252.404
1780997862.838568,-5.465,14.143,-0.009,0.025,259.023,263.04,252.457
1780997862.853784,-5.465,14.0,-0.009,0.025,258.996,263.011,252.506
1780997862.899057,-5.634,14.214,-0.01,0.025,258.98,263.112,252.435
1780997862.899482,-5.521,14.071,-0.01,0.025,258.988,263.045,252.484
1780997862.899785,-5.352,14.357,-0.009,0.025,259.089,263.046,252.392
1780997862.909687,-5.521,14.143,-0.01,0.025,258.994,263.065,252.462
1780997862.924788,-5.352,14.214,-0.009,0.025,259.057,263.022,252.441
1780997862.936043,-5.577,14.0,-0.01,0.025,258.948,263.061,252.507
1780997862.9511218,-5.296,14.357,-0.009,0.026,259.106,263.037,252.385
1780997862.965996,-5.465,14.071,-0.01,0.025,259.002,263.04,252.475
1780997863.005161,-5.408,14.0,-0.009,0.025,259.009,263.011,252.493
1780997863.005634,-5.577,13.857,-0.01,0.025,258.933,263.046,252.533
1780997863.007743,-5.352,13.929,-0.009,0.025,259.02,262.987,252.503
1780997863.02286,-5.296,13.929,-0.009,0.025,259.04,262.975,252.496
1780997863.034113,-5.408,13.571,-0.009,0.024,258.94,262.946,252.61
1780997863.049046,-5.577,13.929,-0.01,0.025,258.953,263.08,252.486
1780997863.063908,-5.577,13.929,-0.01,0.025,258.958,263.082,252.48
1780997863.07917,-5.465,13.786,-0.01,0.025,258.97,263.015,252.525
1780997863.090355,-5.69,13.786,-0.01,0.025,258.897,263.096,252.523
1780997863.1054049,-5.69,14.0,-0.01,0.025,258.94,263.139,252.45
1780997863.120501,-5.634,14.0,-0.01,0.025,258.962,263.118,252.447
1780997863.131805,-5.521,13.571,-0.01,0.025,258.919,262.99,252.592
1780997863.146674,-5.577,14.143,-0.01,0.025,259.007,263.127,252.399
1780997863.161665,-5.634,14.143,-0.01,0.025,258.986,263.148,252.4
1780997863.176568,-5.69,14.071,-0.01,0.025,258.953,263.153,252.425
1780997863.188443,-5.577,13.714,-0.01,0.025,258.922,263.045,252.543
1780997863.23965,-5.465,14.071,-0.01,0.025,259.025,263.081,252.421
1780997863.240084,-5.577,13.857,-0.01,0.025,258.948,263.079,252.492
1780997863.240434,-5.69,14.0,-0.01,0.025,258.939,263.149,252.442
1780997863.244652,-5.465,14.214,-0.01,0.026,259.048,263.116,252.371
1780997863.259785,-5.408,14.0,-0.01,0.025,259.024,263.059,252.44
1780997863.274425,-5.352,13.714,-0.009,0.025,258.993,262.989,252.526
1780997863.2856581,-5.183,13.786,-0.009,0.025,259.063,262.949,252.496
1780997863.300651,-5.352,13.786,-0.009,0.025,259.004,263.017,252.493
1780997863.315847,-5.408,13.714,-0.01,0.025,258.975,263.025,252.512
1780997863.3307772,-5.465,13.786,-0.01,0.025,258.975,263.062,252.481
1780997863.341954,-5.465,13.857,-0.01,0.025,258.988,263.082,252.453
1780997863.357176,-5.465,13.786,-0.01,0.025,258.975,263.07,252.476
1780997863.371967,-5.634,13.857,-0.01,0.025,258.938,263.143,252.447
1780997863.383936,-5.521,13.714,-0.01,0.025,258.954,263.072,252.492
1780997863.398958,-5.465,14.0,-0.01,0.025,259.024,263.113,252.395
1780997863.413824,-5.577,13.786,-0.01,0.025,258.951,263.107,252.466
1780997863.464158,-5.634,13.714,-0.01,0.025,258.919,263.115,252.488
1780997863.4645782,-5.521,13.571,-0.01,0.025,258.929,263.053,252.531
1780997863.464902,-5.634,13.714,-0.01,0.025,258.922,263.122,252.479
1780997863.469748,-5.352,13.571,-0.009,0.025,258.986,262.998,252.525
1780997863.481003,-5.239,13.571,-0.009,0.025,259.02,262.964,252.523
1780997863.4960482,-5.183,14.0,-0.009,0.026,259.113,263.032,252.382
1780997863.5110269,-5.352,13.786,-0.01,0.025,259.013,263.051,252.457
1780997863.526148,-5.296,14.0,-0.009,0.026,259.073,263.074,252.384
1780997863.5379899,-5.408,13.643,-0.01,0.025,258.969,263.046,252.5
1780997863.553036,-5.408,13.786,-0.01,0.025,258.996,263.077,252.451
1780997863.567988,-5.296,13.857,-0.009,0.025,259.046,263.055,252.424
1780997863.579129,-5.239,13.714,-0.009,0.025,259.037,263.007,252.471
1780997863.5942059,-5.577,13.643,-0.01,0.025,258.918,263.11,252.493
1780997863.609034,-5.408,13.571,-0.01,0.025,258.963,263.04,252.51
1780997863.624115,-5.803,13.429,-0.01,0.025,258.813,263.151,252.553
1780997863.635511,-5.577,13.643,-0.01,0.025,258.933,263.115,252.476
1780997863.6855118,-5.577,13.571,-0.01,0.025,258.922,263.104,252.494
1780997863.6858602,-5.634,13.643,-0.01,0.025,258.92,263.14,252.466
1780997863.686242,-5.577,13.786,-0.01,0.025,258.967,263.15,252.415
1780997863.6912792,-5.521,13.857,-0.01,0.025,258.997,263.145,252.392
1780997863.7063239,-5.352,13.643,-0.01,0.025,259.01,263.048,252.462
1780997863.7212842,-5.577,13.571,-0.01,0.025,258.923,263.117,252.483
1780997863.733016,-5.634,13.929,-0.01,0.026,258.969,263.208,252.366
1780997863.748321,-5.577,13.786,-0.01,0.025,258.955,263.16,252.418
1780997863.763375,-5.408,13.643,-0.01,0.025,258.983,263.072,252.467
1780997863.778281,-5.465,13.714,-0.01,0.025,258.975,263.11,252.441
1780997863.78967,-5.239,13.857,-0.009,0.025,259.074,263.06,252.395
1780997863.804859,-5.465,13.714,-0.01,0.025,258.97,263.119,252.439
1780997863.819534,-5.577,13.643,-0.01,0.025,258.922,263.146,252.459
1780997863.8307788,-5.296,13.857,-0.01,0.026,259.052,263.092,252.388
1780997863.845765,-5.465,13.929,-0.01,0.026,259.005,263.169,252.365
1780997863.8606908,-5.408,13.786,-0.01,0.025,258.997,263.124,252.411
1780997863.911149,-5.577,13.786,-0.01,0.025,258.947,263.181,252.408
1780997863.911635,-5.577,13.857,-0.01,0.026,258.967,263.195,252.378
1780997863.911988,-5.521,13.643,-0.01,0.025,258.949,263.132,252.447
1780997863.917575,-5.634,13.786,-0.01,0.025,258.945,263.201,252.393
1780997863.928728,-5.69,13.643,-0.01,0.025,258.904,263.193,252.437
1780997863.94384,-5.634,13.643,-0.01,0.025,258.925,263.17,252.437
1780997863.958833,-5.746,13.571,-0.01,0.025,258.88,263.197,252.455
1780997863.97398,-5.465,13.643,-0.01,0.025,258.983,263.115,252.43
1780997863.985153,-5.577,13.643,-0.01,0.025,258.947,263.155,252.429
1780997864.000587,-5.577,13.286,-0.01,0.025,258.884,263.087,252.543
1780997864.015234,-5.577,13.714,-0.01,0.025,258.965,263.175,252.397
1780997864.026485,-5.577,13.643,-0.01,0.025,258.952,263.163,252.419
1780997864.0416079,-5.69,13.5,-0.01,0.025,258.891,263.174,252.464
1780997864.056672,-5.634,13.929,-0.01,0.026,258.988,263.245,252.318
1780997864.0714738,-5.803,13.571,-0.01,0.025,258.869,263.233,252.435
1780997864.083221,-5.746,13.643,-0.01,0.025,258.902,263.225,252.412
1780997864.1238348,-5.803,13.714,-0.01,0.026,258.9,263.257,252.387
1780997864.1242812,-5.69,13.714,-0.01,0.026,258.937,263.219,252.385
1780997864.124625,-5.521,13.714,-0.01,0.026,258.991,263.164,252.383
1780997864.139316,-5.746,13.643,-0.01,0.025,258.904,263.232,252.404
1780997864.1544168,-5.803,13.857,-0.01,0.026,258.926,263.295,252.332
1780997864.16942,-5.577,13.714,-0.01,0.026,258.973,263.187,252.38
1780997864.180531,-5.634,13.5,-0.01,0.025,258.915,263.17,252.446
1780997864.195503,-5.69,13.714,-0.01,0.026,258.938,263.235,252.371
1780997864.210612,-5.69,13.786,-0.01,0.026,258.951,263.249,252.348
1780997864.225573,-5.746,13.786,-0.01,0.026,258.933,263.27,252.346
1780997864.2369401,-5.577,13.643,-0.01,0.025,258.961,263.186,252.391
1780997864.251959,-5.577,13.786,-0.01,0.026,258.984,263.22,252.342
1780997864.266934,-5.69,13.643,-0.01,0.026,258.922,263.231,252.389
1780997864.278808,-5.577,13.643,-0.01,0.026,258.956,263.195,252.388
1780997864.293702,-5.634,13.643,-0.01,0.026,258.941,263.219,252.382
1780997864.308662,-5.577,13.714,-0.01,0.026,258.973,263.216,252.356
1780997864.350243,-5.859,13.714,-0.01,0.026,258.882,263.317,252.353
1780997864.3506649,-5.69,13.571,-0.01,0.025,258.911,263.233,252.397
1780997864.350973,-5.746,13.571,-0.01,0.025,258.894,263.254,252.395
1780997864.364873,-5.634,13.929,-0.01,0.026,258.996,263.286,252.277
1780997864.37633,-5.69,13.643,-0.01,0.026,258.925,263.249,252.371
1780997864.3911,-5.634,13.429,-0.01,0.025,258.903,263.192,252.438
1780997864.406261,-5.521,13.786,-0.01,0.026,259.006,263.227,252.317
1780997864.4212742,-5.69,13.714,-0.01,0.026,258.941,263.27,252.34
1780997864.433026,-5.746,13.714,-0.01,0.026,258.919,263.292,252.342
1780997864.448024,-5.634,14.0,-0.01,0.026,259.007,263.308,252.248
1780997864.4630752,-5.803,13.786,-0.01,0.026,258.911,263.323,252.322
1780997864.474357,-5.69,13.714,-0.01,0.026,258.935,263.271,252.344
1780997864.489429,-5.577,13.714,-0.01,0.026,258.975,263.238,252.336
1780997864.5042508,-5.521,13.929,-0.01,0.026,259.03,263.263,252.266
1780997864.519239,-5.577,13.571,-0.01,0.026,258.946,263.215,252.381
1780997864.530354,-5.521,13.786,-0.01,0.026,259.005,263.242,252.305
1780997864.568802,-5.69,13.929,-0.01,0.026,258.978,263.332,252.256
1780997864.5691159,-5.408,13.571,-0.01,0.026,258.997,263.168,252.373
1780997864.571548,-5.296,13.857,-0.01,0.026,259.083,263.192,252.277
1780997864.586643,-5.408,13.714,-0.01,0.026,259.016,263.209,252.323
1780997864.601603,-5.296,13.643,-0.01,0.026,259.04,263.159,252.343
1780997864.616639,-5.07,13.571,-0.009,0.026,259.095,263.074,252.364
1780997864.6284428,-5.352,13.429,-0.01,0.025,258.973,263.16,252.402
1780997864.64339,-5.239,12.929,-0.01,0.025,258.925,263.035,252.549
1780997864.658314,-5.352,12.786,-0.01,0.025,258.867,263.058,252.582
1780997864.673385,-5.352,12.5,-0.01,0.024,258.826,263.017,252.654
1780997864.684532,-5.183,12.929,-0.01,0.025,258.968,263.056,252.493
1780997864.699892,-5.07,12.714,-0.009,0.025,258.962,262.984,252.559
1780997864.7145889,-5.127,13.143,-0.01,0.025,259.016,263.101,252.412
1780997864.725798,-4.676,12.857,-0.009,0.025,259.103,262.894,252.507
1780997864.740927,-4.676,13.143,-0.009,0.025,259.145,262.962,252.413
1780997864.755836,-4.394,13.286,-0.009,0.026,259.248,262.903,252.37
1780997864.798593,-4.338,13.357,-0.009,0.026,259.262,262.914,252.347
1780997864.799038,-4.225,13.0,-0.008,0.025,259.22,262.821,252.462
1780997864.7993479,-3.944,12.786,-0.008,0.025,259.265,262.692,252.531
1780997864.812832,-3.775,13.143,-0.008,0.025,259.376,262.72,252.408
1780997864.8238258,-3.831,12.857,-0.008,0.025,259.291,262.702,252.499
1780997864.838889,-3.437,13.071,-0.007,0.025,259.446,262.624,252.426
1780997864.853782,-3.662,13.0,-0.008,0.025,259.35,262.703,252.446
1780997864.868897,-3.493,12.857,-0.008,0.025,259.371,262.625,252.492
1780997864.8799958,-3.324,13.0,-0.007,0.025,259.443,262.607,252.443
1780997864.895018,-3.268,12.857,-0.007,0.025,259.423,262.58,252.484
1780997864.9100008,-2.93,12.643,-0.007,0.025,259.481,262.44,252.55
1780997864.921236,-2.817,12.929,-0.007,0.025,259.556,262.478,252.451
1780997864.936256,-2.93,12.929,-0.007,0.025,259.513,262.526,252.449
1780997864.951033,-2.761,12.857,-0.007,0.025,259.548,262.468,252.466
1780997864.96611,-2.817,12.571,-0.007,0.025,259.471,262.442,252.556
1780997864.977773,-2.535,12.786,-0.007,0.025,259.595,262.399,252.482
1780997865.007499,-2.535,12.714,-0.007,0.025,259.575,262.396,252.504
1780997865.007832,-2.366,12.643,-0.006,0.025,259.609,262.342,252.519
1780997865.018996,-2.535,12.5,-0.007,0.025,259.52,262.385,252.561
1780997865.034163,-2.479,12.429,-0.007,0.025,259.526,262.367,252.572
1780997865.048973,-2.479,12.429,-0.007,0.025,259.527,262.377,252.562
1780997865.064063,-2.423,12.214,-0.007,0.024,259.506,262.323,252.627
1780997865.0751328,-2.366,12.071,-0.007,0.024,259.5,262.29,252.66
1780997865.090231,-2.254,11.857,-0.006,0.024,259.501,262.222,252.717
1780997865.105263,-2.028,11.429,-0.006,0.023,259.498,262.075,252.844
1780997865.120256,-2.254,11.286,-0.006,0.023,259.403,262.141,252.873
1780997865.13147,-2.254,11.643,-0.006,0.024,259.473,262.218,252.745
1780997865.1465259,-2.141,11.357,-0.006,0.023,259.46,262.134,252.828
1780997865.1616142,-2.31,11.357,-0.007,0.023,259.412,262.199,252.815
1780997865.173485,-2.31,10.929,-0.007,0.023,259.339,262.125,252.945
1780997865.188616,-2.366,11.214,-0.007,0.023,259.38,262.211,252.835
1780997865.2035751,-2.423,10.929,-0.007,0.023,259.314,262.179,252.921
1780997865.24647,-2.423,10.714,-0.007,0.023,259.281,262.147,252.978
1780997865.2468789,-2.423,10.429,-0.007,0.022,259.238,262.096,253.061
1780997865.24721,-2.423,10.5,-0.007,0.023,259.26,262.12,253.02
1780997865.259373,-2.423,10.357,-0.007,0.022,259.242,262.094,253.058
1780997865.270627,-2.423,10.429,-0.007,0.022,259.263,262.111,253.025
1780997865.285632,-2.479,10.214,-0.007,0.022,259.209,262.095,253.087
1780997865.300717,-2.197,10.5,-0.006,0.023,259.357,262.058,252.985
1780997865.315676,-2.535,10.429,-0.007,0.023,259.238,262.161,253.005
1780997865.326838,-2.366,10.357,-0.007,0.023,259.284,262.092,253.023
1780997865.341867,-2.423,10.571,-0.007,0.023,259.31,262.155,252.945
1780997865.356847,-2.648,10.214,-0.007,0.022,259.176,262.164,253.059
1780997865.368742,-2.479,10.0,-0.007,0.022,259.199,262.068,253.119
1780997865.3837729,-2.817,9.786,-0.007,0.022,259.058,262.144,253.182
1780997865.398703,-2.704,9.571,-0.007,0.021,259.063,262.069,253.242
1780997865.413854,-2.535,10.0,-0.007,0.022,259.207,262.1,253.085
1780997865.425017,-2.648,9.857,-0.007,0.022,259.151,262.111,253.126
1780997865.466986,-2.648,9.643,-0.007,0.022,259.115,262.07,253.193
1780997865.467395,-2.648,9.643,-0.007,0.022,259.117,262.077,253.186
1780997865.467713,-2.648,9.714,-0.007,0.022,259.135,262.093,253.156
1780997865.481205,-2.648,9.786,-0.007,0.022,259.146,262.106,253.135
1780997865.499809,-2.535,10.357,-0.007,0.023,259.288,262.181,252.942
1780997865.508697,-2.535,10.071,-0.007,0.022,259.233,262.125,253.04
1780997865.523094,-2.761,10.429,-0.007,0.023,259.223,262.27,252.926
1780997865.537994,-2.592,10.286,-0.007,0.023,259.248,262.179,252.98
1780997865.553143,-2.648,10.571,-0.007,0.023,259.274,262.254,252.893
1780997865.56427,-2.31,10.357,-0.007,0.023,259.338,262.096,252.97
1780997865.579185,-2.592,10.5,-0.007,0.023,259.271,262.22,252.924
1780997865.594173,-2.535,10.357,-0.007,0.023,259.26,262.172,252.975
1780997865.605294,-2.535,10.5,-0.007,0.023,259.287,262.2,252.927
1780997865.620356,-2.423,10.571,-0.007,0.023,259.336,262.177,252.903
1780997865.6353989,-2.479,10.357,-0.007,0.023,259.276,262.157,252.974
1780997865.650379,-2.535,10.714,-0.007,0.023,259.322,262.246,252.857
1780997865.693546,-2.479,10.786,-0.007,0.023,259.35,262.237,252.839
1780997865.6939762,-2.592,11.143,-0.007,0.024,259.375,262.342,252.728
1780997865.694313,-2.592,10.929,-0.007,0.024,259.33,262.293,252.81
1780997865.7031538,-2.423,11.286,-0.007,0.024,259.446,262.3,252.7
1780997865.7180989,-2.535,11.5,-0.007,0.024,259.441,262.376,252.639
1780997865.7331998,-2.817,11.5,-0.007,0.024,259.345,262.465,252.65
1780997865.748266,-2.648,11.286,-0.007,0.024,259.358,262.357,252.729
1780997865.75934,-2.592,11.714,-0.007,0.025,259.455,262.416,252.593
1780997865.774385,-2.648,11.714,-0.007,0.024,259.433,262.424,252.606
1780997865.789387,-2.592,12.0,-0.007,0.025,259.497,262.456,252.522
1780997865.80449,-2.817,12.286,-0.007,0.025,259.474,262.582,252.437
1780997865.815673,-2.761,11.929,-0.007,0.025,259.423,262.484,252.564
1780997865.830543,-3.042,12.071,-0.008,0.025,259.357,262.606,252.521
1780997865.845623,-2.93,12.071,-0.007,0.025,259.397,262.558,252.525
1780997865.856916,-2.93,11.929,-0.007,0.025,259.371,262.524,252.577
1780997865.8720021,-2.873,12.0,-0.007,0.025,259.402,262.517,252.556
1780997865.908926,-2.761,12.286,-0.007,0.025,259.489,262.534,252.464
1780997865.909445,-2.761,12.0,-0.007,0.025,259.438,262.476,252.558
1780997865.913633,-2.761,12.071,-0.007,0.025,259.45,262.494,252.531
1780997865.928738,-2.479,11.929,-0.007,0.025,259.515,262.374,252.575
1780997865.943763,-2.535,12.0,-0.007,0.025,259.511,262.413,252.546
1780997865.954935,-2.873,11.786,-0.007,0.024,259.361,262.49,252.614
1780997865.970023,-2.704,11.643,-0.007,0.024,259.393,262.412,252.652
1780997865.985006,-2.648,11.429,-0.007,0.024,259.374,262.357,252.716
1780997866.0003572,-2.535,11.357,-0.007,0.024,259.401,262.313,252.728
1780997866.011082,-2.704,11.214,-0.007,0.024,259.324,262.347,252.769
1780997866.0262442,-2.535,11.357,-0.007,0.024,259.408,262.329,252.71
1780997866.041136,-2.648,11.071,-0.007,0.024,259.322,262.322,252.792
1780997866.053226,-2.704,10.929,-0.007,0.023,259.286,262.324,252.823
1780997866.068382,-2.423,10.929,-0.007,0.024,259.382,262.238,252.809
1780997866.0834272,-2.704,10.714,-0.007,0.023,259.256,262.296,252.874
1780997866.098314,-2.704,10.643,-0.007,0.023,259.249,262.288,252.886
1780997866.142414,-2.648,10.643,-0.007,0.023,259.273,262.276,252.876
1780997866.142859,-2.704,10.571,-0.007,0.023,259.244,262.288,252.891
1780997866.143182,-2.761,10.429,-0.007,0.023,259.206,262.286,252.927
1780997866.1506371,-2.873,10.571,-0.007,0.023,259.2,262.354,252.874
1780997866.1656709,-2.423,10.714,-0.007,0.023,259.377,262.23,252.821
1780997866.180662,-2.873,10.5,-0.007,0.023,259.192,262.347,252.888
1780997866.195798,-2.535,10.714,-0.007,0.023,259.342,262.274,252.814
1780997866.2067919,-2.704,10.929,-0.007,0.024,259.326,262.374,252.744
1780997866.221824,-2.535,10.5,-0.007,0.023,259.302,262.233,252.886
1780997866.2368672,-2.648,10.786,-0.007,0.024,259.316,262.331,252.79
1780997866.2525399,-2.648,10.929,-0.007,0.024,259.34,262.356,252.747
1780997866.2639549,-2.592,11.357,-0.007,0.024,259.433,262.416,252.613
1780997866.278774,-2.648,11.429,-0.007,0.025,259.42,262.446,252.599
1780997866.293876,-2.873,11.5,-0.007,0.025,259.356,262.532,252.584
1780997866.3051379,-2.366,11.357,-0.007,0.024,259.49,262.326,252.639
1780997866.3200908,-2.704,11.429,-0.007,0.024,259.39,262.453,252.62
1780997866.3657558,-2.592,11.357,-0.007,0.024,259.413,262.397,252.647
1780997866.3660429,-2.648,11.5,-0.007,0.024,259.419,262.441,252.604
1780997866.3662841,-2.704,11.571,-0.007,0.025,259.417,262.474,252.578
1780997866.37622,-3.042,11.5,-0.008,0.024,259.293,262.571,252.607
1780997866.391191,-2.648,11.857,-0.007,0.025,259.485,262.507,252.49
1780997866.402976,-2.761,11.714,-0.007,0.025,259.419,262.519,252.538
1780997866.4181492,-2.648,11.429,-0.007,0.024,259.404,262.42,252.636
1780997866.4329972,-2.648,11.643,-0.007,0.025,259.443,262.465,252.562
1780997866.448096,-2.873,11.5,-0.007,0.024,259.347,262.512,252.609
1780997866.459108,-2.704,11.5,-0.007,0.024,259.399,262.455,252.611
1780997866.4741309,-2.592,12.071,-0.007,0.025,259.54,262.526,252.425
1780997866.489248,-2.873,11.786,-0.007,0.025,259.392,262.564,252.525
1780997866.500442,-2.817,11.857,-0.007,0.025,259.425,262.555,252.503
1780997866.515311,-2.873,11.786,-0.007,0.025,259.396,262.556,252.528
1780997866.53032,-2.704,11.857,-0.007,0.025,259.466,262.514,252.501
1780997866.545454,-2.592,11.5,-0.007,0.024,259.437,262.404,252.62
1780997866.573977,-2.704,12.0,-0.007,0.025,259.492,262.546,252.451
1780997866.574369,-2.93,11.714,-0.008,0.025,259.367,262.566,252.545
1780997866.586451,-2.817,11.714,-0.007,0.025,259.408,262.529,252.54
1780997866.598357,-2.986,11.714,-0.008,0.025,259.356,262.591,252.534
1780997866.6132412,-3.042,11.714,-0.008,0.025,259.342,262.611,252.53
1780997866.6282492,-2.761,11.429,-0.007,0.024,259.382,262.461,252.621
1780997866.6433809,-2.986,11.786,-0.008,0.025,259.38,262.61,252.497
1780997866.6545742,-2.761,11.214,-0.007,0.024,259.347,262.427,252.681
1780997866.669665,-3.042,11.214,-0.008,0.024,259.264,262.528,252.67
1780997866.6845498,-2.873,11.143,-0.007,0.024,259.311,262.458,252.687
1780997866.699827,-2.817,11.643,-0.007,0.025,259.425,262.54,252.516
1780997866.711048,-2.93,11.214,-0.008,0.024,259.312,262.501,252.65
1780997866.72591,-2.761,11.357,-0.007,0.025,259.398,262.473,252.596
1780997866.741036,-2.986,11.357,-0.008,0.025,259.332,262.55,252.59
1780997866.75282,-3.042,10.929,-0.008,0.024,259.234,262.49,252.729
1780997866.767766,-2.986,11.214,-0.008,0.024,259.308,262.526,252.633
1780997866.8166668,-3.042,11.214,-0.008,0.024,259.294,262.543,252.63
1780997866.817066,-2.986,11.714,-0.008,0.025,259.407,262.617,252.467
1780997866.8173518,-3.268,11.357,-0.008,0.025,259.247,262.639,252.592
1780997866.823806,-2.986,11.286,-0.008,0.024,259.331,262.521,252.616
1780997866.838946,-3.155,11.643,-0.008,0.025,259.344,262.648,252.497
1780997866.850325,-3.155,11.5,-0.008,0.025,259.318,262.614,252.549
1780997866.865186,-3.155,11.429,-0.008,0.025,259.303,262.599,252.575
1780997866.880194,-3.155,11.857,-0.008,0.025,259.385,262.679,252.435
1780997866.8952599,-3.211,11.857,-0.008,0.025,259.362,262.692,252.444
1780997866.906222,-3.268,11.786,-0.008,0.025,259.329,262.694,252.472
1780997866.92151,-3.324,11.643,-0.008,0.025,259.285,262.683,252.52
1780997866.9363499,-3.268,11.929,-0.008,0.025,259.355,262.724,252.424
1780997866.948277,-3.155,11.571,-0.008,0.025,259.324,262.613,252.544
1780997866.9632618,-3.268,11.643,-0.008,0.025,259.302,262.668,252.518
1780997866.9783418,-3.099,11.571,-0.008,0.025,259.344,262.598,252.539
1780997866.9932318,-3.155,11.714,-0.008,0.025,259.355,262.65,252.486
1780997867.043745,-3.324,11.429,-0.008,0.025,259.247,262.657,252.576
1780997867.044215,-3.38,11.643,-0.008,0.025,259.273,262.722,252.498
1780997867.044532,-2.986,11.643,-0.008,0.025,259.401,262.586,252.499
1780997867.04559,-2.986,11.429,-0.008,0.025,259.362,262.549,252.565
1780997867.060649,-3.268,11.286,-0.008,0.024,259.246,262.628,252.602
1780997867.075627,-3.211,11.071,-0.008,0.024,259.227,262.572,252.666
1780997867.090683,-2.873,11.357,-0.007,0.025,259.395,262.519,252.56
1780997867.101808,-2.986,10.929,-0.008,0.024,259.281,262.482,252.693
1780997867.1176152,-3.099,11.0,-0.008,0.024,259.259,262.541,252.663
1780997867.132689,-2.93,11.071,-0.007,0.024,259.331,262.503,252.631
1780997867.147541,-3.211,11.0,-0.008,0.024,259.232,262.588,252.648
1780997867.158786,-3.211,11.071,-0.008,0.024,259.247,262.603,252.621
1780997867.1737862,-3.211,11.0,-0.008,0.024,259.237,262.588,252.644
1780997867.18885,-3.099,10.929,-0.008,0.024,259.261,262.536,252.666
1780997867.200234,-3.437,11.0,-0.008,0.024,259.172,262.666,252.636
1780997867.2150779,-3.324,11.214,-0.008,0.025,259.247,262.665,252.57
1780997867.265049,-3.493,11.0,-0.008,0.024,259.157,262.678,252.639
1780997867.265434,-3.268,10.857,-0.008,0.024,259.207,262.57,252.685
1780997867.265732,-3.268,11.286,-0.008,0.025,259.286,262.656,252.542
1780997867.271135,-3.324,11.0,-0.008,0.024,259.213,262.62,252.638
1780997867.2861838,-3.324,10.857,-0.008,0.024,259.192,262.595,252.678
1780997867.298023,-3.324,11.071,-0.008,0.024,259.234,262.638,252.604
1780997867.312822,-3.268,11.0,-0.008,0.024,259.238,262.61,252.625
1780997867.328159,-3.042,11.214,-0.008,0.025,259.352,262.576,252.551
1780997867.343008,-2.986,11.071,-0.008,0.025,259.34,262.538,252.594
1780997867.354199,-3.042,11.143,-0.008,0.025,259.333,262.576,252.567
1780997867.369324,-2.817,10.929,-0.007,0.024,259.359,262.465,252.638
1780997867.384085,-2.93,10.857,-0.008,0.024,259.309,262.496,252.657
1780997867.3954859,-3.211,11.071,-0.008,0.025,259.257,262.639,252.583
1780997867.410479,-3.042,11.071,-0.008,0.025,259.309,262.58,252.586
1780997867.42541,-3.324,10.929,-0.008,0.024,259.192,262.651,252.63
1780997867.440445,-3.099,10.857,-0.008,0.024,259.258,262.56,252.648
1780997867.491094,-3.211,10.571,-0.008,0.024,259.172,262.545,252.738
1780997867.491565,-3.324,10.857,-0.008,0.024,259.193,262.642,252.637
1780997867.491946,-3.155,10.929,-0.008,0.024,259.264,262.595,252.613
1780997867.493514,-3.211,10.643,-0.008,0.024,259.196,262.558,252.705
1780997867.508495,-3.211,11.5,-0.008,0.025,259.358,262.726,252.42
1780997867.5235,-3.211,10.786,-0.008,0.024,259.227,262.585,252.654
1780997867.538466,-3.268,10.929,-0.008,0.024,259.238,262.63,252.607
1780997867.549506,-3.211,11.214,-0.008,0.025,259.307,262.666,252.515
1780997867.5647428,-3.211,11.286,-0.008,0.025,259.32,262.681,252.491
1780997867.579604,-3.099,11.071,-0.008,0.025,259.317,262.604,252.558
1780997867.594767,-2.986,11.286,-0.008,0.025,259.39,262.609,252.488
1780997867.606097,-2.93,10.786,-0.008,0.024,259.309,262.499,252.654
1780997867.621047,-3.099,11.071,-0.008,0.025,259.305,262.617,252.558
1780997867.636012,-3.099,10.786,-0.008,0.024,259.253,262.563,252.65
1780997867.647792,-2.873,11.214,-0.007,0.025,259.405,262.573,252.506
1780997867.663017,-3.155,11.214,-0.008,0.025,259.309,262.669,252.51
1780997867.712511,-2.873,11.071,-0.007,0.025,259.372,262.545,252.559
1780997867.712971,-3.211,11.214,-0.008,0.025,259.288,262.692,252.51
1780997867.713303,-2.873,11.0,-0.007,0.025,259.363,262.528,252.582
1780997867.719028,-3.268,11.286,-0.008,0.025,259.287,262.722,252.486
1780997867.73416,-3.324,11.143,-0.008,0.025,259.246,262.709,252.533
1780997867.745482,-3.099,11.214,-0.008,0.025,259.335,262.647,252.506
1780997867.760621,-3.099,10.786,-0.008,0.024,259.255,262.56,252.651
1780997867.775737,-3.099,11.214,-0.008,0.025,259.337,262.646,252.505
1780997867.790882,-3.155,11.0,-0.008,0.025,259.281,262.62,252.578
1780997867.802767,-3.155,11.071,-0.008,0.025,259.297,262.637,252.549
1780997867.817371,-3.268,11.0,-0.008,0.025,259.249,262.663,252.569
1780997867.831755,-3.606,11.071,-0.009,0.025,259.155,262.794,252.544
1780997867.843432,-3.606,11.071,-0.009,0.025,259.155,262.794,252.544
1780997867.858043,-4.0,10.429,-0.009,0.024,258.916,262.8,252.755
1780997867.872867,-4.0,10.429,-0.009,0.024,258.916,262.8,252.755
