Timestamp,x_parc,y_parc,x_out,y_out,a_pos,b_pos,c_pos
1780890072.8107169,0.0,0.0,0.0,0.0,258.008,258.008,258.008
1780890072.843989,0.0,0.0,0.0,0.0,258.008,258.008,258.008
1780890072.84422,0.0,0.0,0.0,0.0,258.008,258.008,258.008
1780890072.845898,0.0,0.0,0.0,0.0,258.008,258.008,258.008
1780890072.860491,0.0,0.0,0.0,0.0,258.008,258.008,258.008
1780890072.87112,0.0,0.0,0.0,0.0,258.008,258.008,258.008
1780890072.8851972,0.0,0.0,0.0,0.0,258.008,258.008,258.008
1780890072.8957288,0.0,0.0,0.0,0.0,258.008,258.008,258.008
1780890072.910368,0.0,0.0,0.0,0.0,258.008,258.008,258.008
1780890072.920934,0.0,0.0,0.0,0.0,258.008,258.008,258.008
1780890072.977668,0.0,0.0,0.0,0.0,258.008,258.008,258.008
1780890072.97793,0.0,0.0,0.0,0.0,258.008,258.008,258.008
1780890072.9781592,0.0,0.0,0.0,0.0,258.008,258.008,258.008
1780890072.978412,0.0,0.0,0.0,0.0,258.008,258.008,258.008
1780890072.984745,0.0,0.0,0.0,0.0,258.008,258.008,258.008
1780890072.995323,0.0,0.0,0.0,0.0,258.008,258.008,258.008
1780890073.009472,0.0,0.0,0.0,0.0,258.008,258.008,258.008
1780890073.0198731,0.0,0.0,0.0,0.0,258.008,258.008,258.008
1780890073.033547,0.0,0.0,0.0,0.0,258.008,258.008,258.008
1780890073.055264,0.0,0.0,0.0,0.0,258.008,258.008,258.008
1780890073.057971,0.0,0.0,0.0,0.0,258.008,258.008,258.008
1780890073.068351,0.0,0.0,0.0,0.0,258.008,258.008,258.008
1780890073.0817332,0.0,0.0,0.0,0.0,258.008,258.008,258.008
1780890073.092097,0.0,0.0,0.0,0.0,258.008,258.008,258.008
1780890073.105673,0.0,0.0,0.0,0.0,258.008,258.008,258.008
1780890073.116102,0.0,0.0,0.0,0.0,258.008,258.008,258.008
1780890073.130382,0.0,0.0,0.0,0.0,258.008,258.008,258.008
1780890073.140744,0.0,0.0,0.0,0.0,258.008,258.008,258.008
1780890073.1601942,0.0,0.0,0.0,0.0,258.008,258.008,258.008
1780890073.164396,0.0,0.0,0.0,0.0,258.008,258.008,258.008
1780890073.178622,0.0,0.0,0.0,0.0,258.008,258.008,258.008
1780890073.189046,0.0,0.0,0.0,0.0,258.008,258.008,258.008
1780890073.202432,0.0,0.0,0.0,0.0,258.008,258.008,258.008
1780890073.2127612,0.0,0.0,0.0,0.0,258.008,258.008,258.008
1780890073.226398,0.0,0.0,0.0,0.0,258.008,258.008,258.008
1780890073.236694,0.0,0.0,0.0,0.0,258.008,258.008,258.008
1780890073.2507951,0.0,0.0,0.0,0.0,258.008,258.008,258.008
1780890073.284179,0.0,0.0,0.0,0.0,258.008,258.008,258.008
1780890073.284457,0.0,0.0,0.0,0.0,258.008,258.008,258.008
1780890073.285079,0.0,0.0,0.0,0.0,258.008,258.008,258.008
1780890073.299309,0.0,0.0,0.0,0.0,258.008,258.008,258.008
1780890073.309616,0.0,0.0,0.0,0.0,258.008,258.008,258.008
1780890073.323186,0.0,0.0,0.0,0.0,258.008,258.008,258.008
1780890073.333633,0.0,0.0,0.0,0.0,258.008,258.008,258.008
1780890073.3477209,0.0,0.0,0.0,0.0,258.008,258.008,258.008
1780890073.3579788,0.0,0.0,0.0,0.0,258.008,258.008,258.008
1780890073.371499,0.0,0.0,0.0,0.0,258.008,258.008,258.008
1780890073.381936,0.0,0.0,0.0,0.0,258.008,258.008,258.008
1780890073.395392,0.0,0.0,0.0,0.0,258.008,258.008,258.008
1780890073.405854,0.0,0.0,0.0,0.0,258.008,258.008,258.008
1780890073.419945,0.0,0.0,0.0,0.0,258.008,258.008,258.008
1780890073.4305868,0.0,0.0,0.0,0.0,258.008,258.008,258.008
1780890073.4440389,0.0,0.0,0.0,0.0,258.008,258.008,258.008
1780890073.45429,0.0,0.0,0.0,0.0,258.008,258.008,258.008
1780890073.468256,0.0,0.0,0.0,0.0,258.008,258.008,258.008
1780890073.4917219,0.0,0.0,0.0,0.0,258.008,258.008,258.008
1780890073.492179,0.0,0.0,0.0,0.0,258.008,258.008,258.008
1780890073.5025651,0.0,0.0,0.0,0.0,258.008,258.008,258.008
1780890073.516059,0.0,0.0,0.0,0.0,258.008,258.008,258.008
1780890073.5265532,0.0,0.0,0.0,0.0,258.008,258.008,258.008
1780890073.540608,0.0,0.0,0.0,0.0,258.008,258.008,258.008
1780890073.5509582,0.0,0.0,0.0,0.0,258.008,258.008,258.008
1780890073.564471,0.0,0.0,0.0,0.0,258.008,258.008,258.008
1780890073.574925,0.0,0.0,0.0,0.0,258.008,258.008,258.008
1780890073.589052,0.0,0.0,0.0,0.0,258.008,258.008,258.008
1780890073.599542,0.0,0.0,0.0,0.0,258.008,258.008,258.008
1780890073.612948,0.0,0.0,0.0,0.0,258.008,258.008,258.008
1780890073.6234188,0.0,0.0,0.0,0.0,258.008,258.008,258.008
1780890073.637722,0.0,0.0,0.0,0.0,258.008,258.008,258.008
1780890073.648057,0.0,0.0,0.0,0.0,258.008,258.008,258.008
1780890073.661644,0.0,0.0,0.0,0.0,258.008,258.008,258.008
1780890073.67204,0.0,0.0,0.0,0.0,258.008,258.008,258.008
1780890073.6856341,0.0,0.0,0.0,0.0,258.008,258.008,258.008
1780890073.720547,0.0,0.0,0.0,0.0,258.008,258.008,258.008
1780890073.72094,0.0,0.0,0.0,0.0,258.008,258.008,258.008
1780890073.7213,0.0,0.0,0.0,0.0,258.008,258.008,258.008
1780890073.7337432,0.0,0.0,0.0,0.0,258.008,258.008,258.008
1780890073.744125,0.0,0.0,0.0,0.0,258.008,258.008,258.008
1780890073.758195,0.0,0.0,0.0,0.0,258.008,258.008,258.008
1780890073.771914,-15.268,-18.929,0.009,0.011,261.255,257.485,255.437
1780890073.78233,-15.268,-18.929,0.009,0.011,261.255,257.485,255.437
1780890073.796333,-15.268,-18.929,0.009,0.011,261.255,257.485,255.437
1780890073.8067899,-16.507,-22.714,0.01,0.014,261.842,257.634,254.769
1780890073.821024,-15.887,-23.5,0.01,0.015,261.801,257.801,254.647
1780890073.834698,-15.887,-23.5,0.01,0.015,261.801,257.801,254.647
1780890073.845408,-15.099,-26.429,0.009,0.017,261.945,258.19,254.154
1780890073.85971,-15.042,-27.5,0.009,0.018,262.028,258.281,253.996
1780890073.873184,-13.746,-28.929,0.008,0.019,261.932,258.606,253.779
1780890073.883904,-13.296,-29.714,0.008,0.019,261.922,258.728,253.676
1780890073.898099,-12.901,-30.5,0.007,0.02,261.922,258.839,253.572
1780890073.9331672,-12.282,-31.071,0.007,0.02,261.864,258.967,253.506
1780890073.933453,-11.437,-32.357,0.006,0.021,261.834,259.17,253.347
1780890073.936151,-11.211,-32.857,0.006,0.021,261.841,259.226,253.291
1780890073.946827,-10.535,-33.786,0.006,0.022,261.813,259.396,253.161
1780890073.961226,-10.141,-34.5,0.005,0.022,261.813,259.499,253.068
1780890073.974921,-9.07,-35.5,0.005,0.023,261.722,259.71,252.957
1780890073.985444,-8.845,-35.571,0.005,0.023,261.691,259.723,252.972
1780890073.999816,-8.451,-36.286,0.004,0.023,261.696,259.828,252.875
1780890074.0104551,-7.718,-36.571,0.004,0.023,261.603,259.92,252.872
1780890074.0242188,-7.38,-36.571,0.004,0.023,261.549,259.949,252.893
1780890074.0387058,-6.592,-36.786,0.003,0.023,261.44,260.075,252.875
1780890074.049314,-6.085,-36.714,0.003,0.023,261.354,260.126,252.905
1780890074.06303,-4.958,-37.0,0.002,0.023,261.209,260.29,252.885
1780890074.0736818,-4.451,-37.214,0.002,0.023,261.155,260.37,252.862
1780890074.088011,-4.0,-37.286,0.002,0.023,261.098,260.427,252.862
1780890074.101603,-3.549,-37.143,0.001,0.023,261.02,260.463,252.897
1780890074.1317592,-2.254,-37.429,0.0,0.023,260.858,260.66,252.865
1780890074.1321468,-1.972,-37.357,0.0,0.023,260.82,260.676,252.885
1780890074.136296,-0.845,-36.857,-0.0,0.023,260.597,260.794,252.977
1780890074.150754,-1.014,-37.357,-0.0,0.023,260.694,260.789,252.896
1780890074.164462,0.056,-36.429,-0.001,0.022,260.46,260.837,253.061
1780890074.175782,0.676,-36.5,-0.001,0.022,260.382,260.928,253.049
1780890074.1899142,1.239,-36.071,-0.002,0.022,260.267,260.961,253.122
1780890074.2001762,1.69,-35.929,-0.002,0.022,260.2,261.004,253.144
1780890074.213938,2.704,-35.357,-0.003,0.022,260.021,261.083,253.234
1780890074.239887,3.493,-34.857,-0.003,0.021,259.865,261.151,253.315
1780890074.240174,3.944,-34.5,-0.003,0.021,259.781,261.174,253.37
1780890074.252637,4.901,-33.286,-0.004,0.02,259.559,261.185,253.559
1780890074.262775,4.901,-33.286,-0.004,0.02,259.559,261.185,253.559
1780890074.276608,4.901,-33.286,-0.004,0.02,259.559,261.185,253.559
1780890074.2877812,6.535,-31.357,-0.005,0.018,259.135,261.26,253.879
1780890074.301576,7.493,-30.214,-0.006,0.018,258.94,261.282,254.039
1780890074.315382,7.662,-29.786,-0.006,0.018,258.908,261.255,254.093
1780890074.3410099,8.113,-29.143,-0.006,0.017,258.807,261.257,254.184
1780890074.341386,8.732,-28.571,-0.006,0.017,258.686,261.296,254.262
1780890074.350948,9.803,-26.857,-0.007,0.016,258.42,261.289,254.516
1780890074.3647912,10.197,-26.286,-0.007,0.015,258.338,261.292,254.591
1780890074.379135,10.648,-25.357,-0.007,0.015,258.214,261.27,254.728
1780890074.3895712,11.155,-24.071,-0.008,0.014,258.048,261.223,254.926
1780890074.4033978,12.113,-23.071,-0.008,0.013,257.873,261.278,255.043
1780890074.4179862,12.338,-22.429,-0.008,0.013,257.813,261.249,255.127
1780890074.428659,12.845,-21.357,-0.009,0.012,257.668,261.226,255.287
1780890074.4424372,13.465,-19.786,-0.009,0.011,257.494,261.173,255.502
1780890074.452894,14.085,-18.857,-0.009,0.01,257.344,261.186,255.635
1780890074.466846,13.915,-18.071,-0.009,0.01,257.334,261.08,255.742
1780890074.4808152,14.648,-17.357,-0.01,0.01,257.185,261.136,255.835
1780890074.4915159,14.93,-16.5,-0.01,0.009,257.096,261.101,255.955
1780890074.505327,14.93,-16.5,-0.01,0.009,257.096,261.101,255.955
1780890074.519593,15.775,-13.857,-0.01,0.007,256.757,260.987,256.394
1780890074.5548658,16.282,-13.429,-0.011,0.007,256.677,261.036,256.429
1780890074.555361,16.62,-12.214,-0.011,0.006,256.59,260.983,256.565
1780890074.555736,16.845,-11.071,-0.011,0.006,256.485,260.913,256.734
1780890074.568809,17.296,-10.571,-0.011,0.005,256.404,260.946,256.785
1780890074.582499,17.634,-9.5,-0.011,0.005,256.318,260.909,256.906
1780890074.5931242,17.746,-8.714,-0.011,0.004,256.261,260.857,257.014
1780890074.606831,17.915,-7.643,-0.011,0.004,256.168,260.786,257.173
1780890074.61796,18.197,-7.143,-0.012,0.003,256.109,260.793,257.228
1780890074.631648,18.704,-5.714,-0.012,0.003,255.959,260.753,257.419
1780890074.645476,18.761,-5.571,-0.012,0.003,255.965,260.755,257.41
1780890074.655946,18.648,-5.143,-0.012,0.002,255.97,260.701,257.456
1780890074.6704042,18.761,-4.786,-0.012,0.002,255.944,260.693,257.491
1780890074.680974,18.93,-4.0,-0.012,0.002,255.891,260.659,257.577
1780890074.694877,19.38,-3.643,-0.012,0.002,255.81,260.707,257.615
1780890074.709028,19.268,-3.071,-0.012,0.001,255.797,260.638,257.693
1780890074.719632,19.155,-2.357,-0.012,0.001,255.769,260.557,257.799
1780890074.733342,19.324,-1.571,-0.012,0.001,255.709,260.528,257.89
1780890074.768387,19.211,-1.786,-0.012,0.001,255.762,260.538,257.825
1780890074.768783,19.042,-1.5,-0.012,0.001,255.777,260.49,257.856
1780890074.771779,19.211,-0.786,-0.012,0.0,255.7,260.457,257.967
1780890074.7822652,18.817,-0.357,-0.012,0.0,255.747,260.367,258.004
1780890074.795907,18.704,-0.5,-0.011,0.0,255.787,260.372,257.957
1780890074.806613,18.31,-0.143,-0.011,-0.0,255.824,260.281,258.006
1780890074.820975,18.197,0.071,-0.011,-0.0,255.829,260.252,258.029
1780890074.834681,18.085,0.071,-0.011,0.0,255.857,260.254,257.998
1780890074.845473,18.085,-0.071,-0.011,0.0,255.874,260.277,257.958
1780890074.859765,17.746,-0.857,-0.011,0.001,256.0,260.304,257.802
1780890074.870485,17.634,-1.071,-0.011,0.001,256.036,260.313,257.756
1780890074.8840241,17.296,-1.857,-0.01,0.002,256.155,260.345,257.604
1780890074.898269,16.845,-1.929,-0.01,0.002,256.228,260.281,257.59
1780890074.909025,16.507,-2.286,-0.01,0.002,256.307,260.265,257.524
1780890074.9224901,16.225,-2.929,-0.01,0.003,256.393,260.291,257.412
1780890074.9331589,16.225,-2.929,-0.01,0.003,256.393,260.291,257.412
1780890074.946749,16.225,-2.929,-0.01,0.003,256.393,260.291,257.412
1780890074.982093,16.225,-2.929,-0.01,0.003,256.393,260.291,257.412
1780890074.9825,14.141,-3.357,-0.008,0.003,256.736,260.002,257.34
1780890074.985249,13.69,-4.143,-0.008,0.004,256.862,260.013,257.201
1780890074.995741,13.296,-4.5,-0.008,0.004,256.939,259.992,257.144
1780890075.010072,13.296,-4.5,-0.008,0.004,256.939,259.992,257.144
1780890075.020501,12.169,-4.429,-0.007,0.004,257.092,259.808,257.166
1780890075.0342882,11.718,-4.714,-0.006,0.004,257.169,259.774,257.121
1780890075.0485811,11.211,-4.571,-0.006,0.004,257.215,259.69,257.156
1780890075.059264,10.423,-5.0,-0.006,0.004,257.359,259.616,257.084
1780890075.072994,9.859,-6.214,-0.005,0.005,257.516,259.667,256.88
1780890075.083552,9.69,-6.429,-0.005,0.005,257.539,259.672,256.852
1780890075.097884,9.296,-7.214,-0.005,0.006,257.651,259.693,256.721
1780890075.1086478,8.958,-7.071,-0.005,0.005,257.669,259.633,256.76
1780890075.122248,8.0,-7.857,-0.004,0.006,257.848,259.573,256.642
1780890075.1359758,7.549,-8.071,-0.004,0.006,257.917,259.529,256.616
1780890075.146713,6.986,-9.143,-0.004,0.007,258.083,259.55,256.435
1780890075.161015,6.817,-9.214,-0.004,0.007,258.091,259.538,256.438
1780890075.196853,5.69,-10.5,-0.003,0.008,258.341,259.494,256.238
1780890075.197195,5.07,-10.929,-0.002,0.008,258.454,259.441,256.178
1780890075.199457,4.563,-11.286,-0.002,0.008,258.542,259.402,256.13
1780890075.210049,4.394,-11.857,-0.002,0.009,258.596,259.438,256.045
1780890075.2236748,3.718,-12.857,-0.002,0.009,258.746,259.439,255.901
1780890075.234336,3.211,-13.357,-0.001,0.01,258.849,259.41,255.83
1780890075.2486022,2.535,-13.571,-0.001,0.01,258.953,259.327,255.81
1780890075.259109,2.141,-14.357,-0.001,0.01,259.064,259.346,255.687
1780890075.272953,1.352,-15.429,-0.0,0.011,259.236,259.333,255.537
1780890075.2866828,0.789,-16.286,0.0,0.012,259.381,259.329,255.405
1780890075.297886,0.169,-16.857,0.001,0.012,259.508,259.288,255.325
1780890075.311511,0.169,-17.571,0.0,0.012,259.546,259.363,255.22
1780890075.322133,-0.845,-18.357,0.001,0.013,259.729,259.284,255.124
1780890075.336,-1.239,-18.857,0.001,0.013,259.813,259.272,255.057
1780890075.350354,-1.746,-19.357,0.002,0.013,259.916,259.242,254.99
1780890075.361045,-2.028,-19.643,0.002,0.014,259.961,259.23,254.961
1780890075.374476,-2.479,-20.5,0.002,0.014,260.09,259.243,254.83
1780890075.41066,-2.479,-20.5,0.002,0.014,260.09,259.243,254.83
1780890075.411041,-3.718,-22.5,0.003,0.016,260.461,259.234,254.502
1780890075.4129841,-4.62,-22.857,0.003,0.016,260.577,259.132,254.491
1780890075.423636,-4.62,-23.714,0.003,0.016,260.626,259.22,254.366
1780890075.4379141,-5.296,-24.286,0.004,0.017,260.763,259.167,254.291
1780890075.44858,-5.465,-24.0,0.004,0.016,260.731,259.118,254.365
1780890075.4623392,-6.254,-25.214,0.004,0.017,260.923,259.116,254.196
1780890075.472953,-6.423,-25.143,0.004,0.017,260.915,259.087,254.23
1780890075.486746,-6.93,-25.0,0.005,0.017,260.96,258.996,254.273
1780890075.501119,-7.268,-25.429,0.005,0.017,261.033,258.989,254.215
1780890075.511639,-8.113,-25.571,0.005,0.017,261.139,258.879,254.222
1780890075.5254688,-8.225,-26.071,0.005,0.017,261.183,258.917,254.149
1780890075.535986,-8.338,-26.143,0.005,0.017,261.185,258.913,254.15
1780890075.550543,-8.563,-26.357,0.006,0.017,261.223,258.903,254.126
1780890075.5640728,-8.676,-26.714,0.006,0.018,261.256,258.925,254.076
1780890075.5745869,-8.676,-26.714,0.006,0.018,261.256,258.925,254.076
1780890075.5887082,-8.676,-26.714,0.006,0.018,261.256,258.925,254.076
1780890075.624982,-8.676,-26.714,0.006,0.018,261.256,258.925,254.076
1780890075.625408,-10.254,-27.0,0.007,0.018,261.51,258.71,254.051
1780890075.626708,-10.592,-26.857,0.007,0.018,261.531,258.652,254.086
1780890075.637821,-10.592,-26.571,0.007,0.017,261.482,258.636,254.145
1780890075.651584,-10.479,-26.429,0.007,0.017,261.43,258.651,254.176
1780890075.665401,-11.042,-26.5,0.007,0.017,261.502,258.585,254.174
1780890075.676078,-11.042,-26.571,0.007,0.017,261.494,258.601,254.166
1780890075.690389,-10.873,-26.5,0.007,0.017,261.445,258.63,254.182
1780890075.700969,-10.93,-26.0,0.007,0.017,261.385,258.589,254.274
1780890075.714695,-10.986,-25.786,0.007,0.017,261.366,258.567,254.311
1780890075.7291572,-10.873,-25.643,0.007,0.016,261.327,258.579,254.335
1780890075.7396731,-10.986,-25.643,0.007,0.016,261.342,258.567,254.333
1780890075.7534568,-10.986,-25.0,0.007,0.016,261.272,258.52,254.438
1780890075.767912,-10.761,-24.786,0.006,0.016,261.211,258.543,254.471
1780890075.778524,-10.761,-24.286,0.006,0.015,261.162,258.501,254.554
1780890075.792209,-10.704,-24.0,0.006,0.015,261.125,258.49,254.597
1780890075.8274162,-10.648,-23.214,0.006,0.015,261.044,258.437,254.719
1780890075.827851,-10.648,-23.214,0.006,0.015,261.048,258.443,254.709
1780890075.830731,-10.423,-22.429,0.006,0.014,260.937,258.412,254.838
1780890075.841138,-9.915,-21.714,0.006,0.014,260.796,258.439,254.94
1780890075.854816,-9.915,-21.714,0.006,0.014,260.796,258.439,254.94
1780890075.865383,-9.915,-21.714,0.006,0.014,260.796,258.439,254.94
1780890075.879713,-9.915,-21.714,0.006,0.014,260.796,258.439,254.94
1780890075.893425,-8.901,-19.5,0.005,0.012,260.436,258.409,255.296
1780890075.9041579,-8.958,-19.143,0.005,0.012,260.427,258.371,255.34
1780890075.918459,-8.958,-18.357,0.005,0.011,260.367,258.303,255.46
1780890075.9289489,-8.507,-17.929,0.005,0.011,260.266,258.342,255.515
1780890075.942946,-8.113,-16.643,0.004,0.01,260.113,258.297,255.7
1780890075.956392,-8.0,-15.571,0.004,0.009,260.01,258.221,255.869
1780890075.967871,-7.775,-15.5,0.004,0.009,259.985,258.258,255.857
1780890075.98142,-8.0,-15.357,0.004,0.009,260.028,258.213,255.86
1780890075.99211,-8.845,-15.5,0.005,0.01,260.212,258.103,255.795
1780890076.0057821,-9.972,-16.0,0.006,0.01,260.459,257.976,255.689
1780890076.040614,-11.324,-16.357,0.007,0.011,260.725,257.802,255.612
1780890076.041089,-13.352,-16.857,0.009,0.011,261.114,257.538,255.513
1780890076.0444171,-18.141,-18.357,0.012,0.012,262.047,256.96,255.237
1780890076.055017,-20.394,-19.357,0.014,0.013,262.505,256.725,255.061
1780890076.069273,-22.535,-20.071,0.016,0.014,262.911,256.487,254.939
1780890076.083044,-22.535,-20.071,0.016,0.014,262.911,256.487,254.939
1780890076.093657,-28.563,-23.0,0.02,0.016,264.237,255.848,254.432
1780890076.10799,-29.69,-23.714,0.021,0.016,264.436,255.786,254.326
1780890076.121856,-32.225,-24.071,0.022,0.017,264.857,255.474,254.283
1780890076.13231,-35.606,-25.286,0.025,0.017,265.441,255.163,254.11
1780890076.145993,-35.606,-25.286,0.025,0.017,265.441,255.163,254.11
1780890076.156432,-35.606,-25.286,0.025,0.017,265.441,255.163,254.11
1780890076.170784,-35.606,-25.286,0.025,0.017,265.441,255.163,254.11
1780890076.18459,-41.972,-27.929,0.029,0.019,266.838,254.476,253.671
1780890076.195294,-45.577,-28.929,0.032,0.02,267.525,254.082,253.527
1780890076.209588,-45.577,-28.929,0.032,0.02,267.525,254.082,253.527
1780890076.2452009,-50.141,-29.643,0.035,0.02,268.243,253.598,253.46
1780890076.245527,-51.718,-30.357,0.035,0.021,268.51,253.492,253.364
1780890076.2480159,-53.296,-30.286,0.036,0.021,268.692,253.317,253.403
1780890076.258523,-54.197,-30.786,0.037,0.021,268.812,253.29,253.341
1780890076.2723331,-56.225,-31.357,0.038,0.021,269.172,253.098,253.266
1780890076.2860212,-57.07,-31.643,0.038,0.021,269.262,253.056,253.24
1780890076.296701,-57.07,-31.643,0.038,0.021,269.262,253.056,253.24
1780890076.3109398,-58.704,-32.0,0.039,0.022,269.528,252.902,253.2
1780890076.325022,-60.507,-31.571,0.04,0.021,269.642,252.71,253.309
1780890076.335365,-60.958,-31.929,0.04,0.021,269.685,252.725,253.263
1780890076.349679,-61.521,-31.929,0.04,0.021,269.715,252.689,253.278
1780890076.360469,-62.704,-31.714,0.041,0.021,269.852,252.541,253.327
1780890076.374049,-63.155,-31.643,0.041,0.021,269.86,252.513,253.35
1780890076.388442,-63.549,-31.357,0.041,0.021,269.837,252.472,253.408
1780890076.399272,-63.662,-31.143,0.041,0.02,269.772,252.476,253.451
1780890076.412834,-64.0,-30.429,0.041,0.02,269.652,252.434,253.582
1780890076.44678,-64.0,-30.143,0.04,0.02,269.575,252.441,253.632
1780890076.447283,-63.944,-29.929,0.04,0.019,269.5,252.459,253.668
1780890076.4513931,-63.718,-29.357,0.04,0.019,269.356,252.469,253.765
1780890076.4621398,-63.493,-28.929,0.039,0.019,269.213,252.509,253.83
1780890076.475826,-63.38,-28.071,0.039,0.018,269.074,252.472,253.972
1780890076.490077,-62.986,-27.5,0.039,0.018,268.917,252.499,254.062
1780890076.500771,-61.803,-25.929,0.038,0.016,268.495,252.555,254.325
1780890076.514358,-61.07,-25.286,0.037,0.016,268.282,252.62,254.42
1780890076.528898,-60.507,-24.857,0.037,0.016,268.133,252.676,254.478
1780890076.5395021,-59.493,-24.071,0.036,0.015,267.86,252.766,254.597
1780890076.553279,-57.408,-22.429,0.034,0.014,267.315,252.94,254.845
1780890076.5638552,-57.465,-21.643,0.035,0.013,267.269,252.864,254.96
1780890076.578273,-57.465,-21.643,0.035,0.013,267.269,252.864,254.96
1780890076.592012,-54.986,-20.786,0.033,0.013,266.73,253.157,255.087
1780890076.602755,-53.127,-18.643,0.031,0.011,266.228,253.236,255.413
1780890076.616433,-52.0,-18.286,0.031,0.011,266.026,253.364,255.446
1780890076.652262,-51.099,-17.714,0.03,0.011,265.844,253.438,255.519
1780890076.652668,-48.507,-16.429,0.028,0.01,265.327,253.687,255.692
1780890076.654964,-47.493,-15.571,0.028,0.01,265.104,253.748,255.815
1780890076.66555,-45.915,-14.357,0.027,0.009,264.744,253.862,256.003
1780890076.680043,-44.563,-14.143,0.026,0.009,264.537,254.026,256.009
1780890076.693693,-41.521,-12.214,0.024,0.007,263.914,254.271,256.294
1780890076.704245,-40.338,-11.929,0.023,0.007,263.74,254.399,256.312
1780890076.718505,-38.197,-10.929,0.021,0.007,263.323,254.609,256.462
1780890076.732267,-36.507,-10.286,0.02,0.006,263.03,254.779,256.546
1780890076.743005,-34.761,-9.714,0.019,0.006,262.739,254.962,256.618
1780890076.7565289,-31.831,-7.5,0.017,0.004,262.08,255.18,256.988
1780890076.767842,-29.859,-7.214,0.016,0.004,261.796,255.419,257.002
1780890076.781545,-26.817,-6.0,0.014,0.004,261.324,255.696,257.154
1780890076.795296,-24.507,-5.786,0.012,0.004,260.994,255.991,257.158
1780890076.80595,-22.986,-4.929,0.011,0.003,260.739,256.104,257.283
1780890076.820189,-20.732,-4.429,0.01,0.003,260.396,256.364,257.342
1780890076.85692,-17.127,-2.929,0.007,0.002,259.738,256.743,257.586
1780890076.857385,-17.127,-2.929,0.007,0.002,259.738,256.743,257.586
1780890076.858717,-17.127,-2.929,0.007,0.002,259.738,256.743,257.586
1780890076.8691142,-11.099,-1.786,0.003,0.001,258.735,257.536,257.761
1780890076.8827531,-9.183,-0.786,0.002,0.0,258.442,257.677,257.908
1780890076.893316,-5.239,-0.5,-0.001,0.0,257.89,258.212,257.923
1780890076.907629,-3.211,-0.071,-0.002,0.0,257.64,258.421,257.966
1780890076.918217,-3.211,-0.071,-0.002,0.0,257.64,258.421,257.966
1780890076.931836,2.648,0.286,-0.006,0.0,256.907,259.176,257.965
1780890076.945703,4.563,0.214,-0.007,0.0,256.723,259.412,257.922
1780890076.956141,6.535,0.643,-0.008,0.0,256.482,259.611,257.975
1780890076.9706,8.732,0.714,-0.009,0.0,256.236,259.883,257.963
1780890076.9809651,12.732,1.0,-0.011,0.0,255.792,260.353,257.97
1780890076.99488,14.873,1.071,-0.013,0.0,255.553,260.621,257.963
1780890077.005523,16.901,0.714,-0.014,0.001,255.368,260.913,257.878
1780890077.0196831,18.648,0.571,-0.015,0.001,255.205,261.138,257.836
1780890077.0302668,22.592,1.214,-0.017,0.0,254.724,261.577,257.928
1780890077.0441668,24.338,1.214,-0.018,0.0,254.546,261.793,257.915
1780890077.078903,26.085,1.571,-0.019,0.0,254.335,261.975,257.969
1780890077.0793111,28.113,1.429,-0.02,0.0,254.124,262.259,257.929
1780890077.0825448,31.042,1.286,-0.022,0.001,253.855,262.622,257.883
1780890077.093069,33.127,1.143,-0.023,0.001,253.632,262.922,257.848
1780890077.107432,34.535,0.929,-0.024,0.001,253.515,263.111,257.802
1780890077.1180968,36.056,0.786,-0.025,0.001,253.372,263.315,257.77
1780890077.131694,39.549,0.071,-0.027,0.002,253.053,263.854,257.631
1780890077.142296,41.014,0.214,-0.028,0.001,252.891,264.021,257.657
1780890077.156197,42.254,-0.429,-0.028,0.002,252.828,264.232,257.538
1780890077.170517,43.718,-0.571,-0.029,0.002,252.686,264.434,257.514
1780890077.180911,46.592,-1.143,-0.031,0.003,252.431,264.863,257.415
1780890077.194826,48.0,-1.571,-0.031,0.003,252.318,265.09,257.341
1780890077.205437,49.183,-2.0,-0.032,0.003,252.236,265.278,257.268
1780890077.2197409,50.592,-2.643,-0.033,0.004,252.136,265.532,257.158
1780890077.233523,51.437,-3.143,-0.033,0.004,252.106,265.667,257.076
1780890077.244202,54.197,-3.857,-0.035,0.005,251.812,266.187,256.955
1780890077.258222,54.873,-4.571,-0.035,0.005,251.824,266.312,256.838
1780890077.295077,54.873,-4.571,-0.035,0.005,251.824,266.312,256.838
1780890077.295491,57.859,-5.929,-0.037,0.006,251.6,266.865,256.623
1780890077.296154,57.859,-5.929,-0.037,0.006,251.6,266.865,256.623
1780890077.30742,59.831,-6.714,-0.039,0.007,251.424,267.25,256.497
1780890077.3211432,60.62,-7.5,-0.039,0.007,251.42,267.407,256.375
1780890077.331599,61.634,-8.929,-0.039,0.008,251.47,267.608,256.159
1780890077.345581,62.31,-10.0,-0.039,0.009,251.494,267.787,255.99
1780890077.3600378,62.873,-10.357,-0.04,0.009,251.472,267.866,255.951
1780890077.370372,63.549,-11.643,-0.04,0.01,251.509,268.076,255.746
1780890077.3842719,64.225,-13.071,-0.04,0.011,251.575,268.24,255.546
1780890077.3985431,64.282,-13.5,-0.04,0.011,251.621,268.239,255.498
1780890077.40941,64.282,-13.5,-0.04,0.011,251.621,268.239,255.498
1780890077.422831,65.127,-16.071,-0.04,0.013,251.739,268.586,255.104
1780890077.4336798,65.127,-16.071,-0.04,0.013,251.739,268.586,255.104
1780890077.447905,65.07,-17.143,-0.04,0.013,251.846,268.643,254.948
1780890077.4616792,65.07,-17.143,-0.04,0.013,251.852,268.591,254.981
1780890077.498246,64.563,-17.857,-0.039,0.014,251.995,268.486,254.912
1780890077.498553,64.282,-18.143,-0.039,0.014,252.06,268.428,254.889
1780890077.500201,63.944,-18.357,-0.039,0.014,252.126,268.355,254.877
1780890077.510854,63.831,-18.5,-0.039,0.014,252.151,268.322,254.875
1780890077.524309,63.099,-19.571,-0.038,0.014,252.335,268.258,254.733
1780890077.535114,63.099,-19.571,-0.038,0.014,252.335,268.258,254.733
1780890077.549267,61.183,-20.429,-0.037,0.015,252.679,267.963,254.606
1780890077.5631108,60.338,-21.143,-0.036,0.015,252.83,267.865,254.527
1780890077.5735722,60.338,-21.143,-0.036,0.015,252.83,267.865,254.527
1780890077.587965,58.423,-21.786,-0.034,0.016,253.148,267.562,254.438
1780890077.6016572,57.69,-21.786,-0.034,0.016,253.231,267.426,254.46
1780890077.612213,55.606,-22.286,-0.032,0.016,253.531,267.1,254.41
1780890077.626109,54.986,-22.143,-0.032,0.016,253.582,266.982,254.453
1780890077.6367612,54.141,-21.5,-0.031,0.015,253.624,266.768,254.58
1780890077.651076,52.338,-22.143,-0.03,0.016,253.92,266.518,254.48
1780890077.6646998,50.761,-22.429,-0.029,0.016,254.114,266.306,254.454
1780890077.701031,49.69,-22.714,-0.028,0.016,254.266,266.165,254.415
1780890077.701325,48.338,-22.643,-0.028,0.016,254.428,265.934,254.439
1780890077.7033238,45.746,-22.929,-0.026,0.016,254.768,265.552,254.41
1780890077.713908,44.789,-22.857,-0.025,0.016,254.867,265.406,254.431
1780890077.7283149,43.268,-22.714,-0.024,0.016,255.046,265.15,254.463
1780890077.7388968,41.577,-23.214,-0.023,0.016,255.307,264.936,254.382
1780890077.752704,38.648,-23.0,-0.021,0.016,255.646,264.473,254.433
1780890077.7666,37.127,-22.786,-0.02,0.016,255.815,264.225,254.475
1780890077.777768,35.944,-22.786,-0.019,0.016,255.95,264.064,254.478
1780890077.7915058,34.141,-22.429,-0.018,0.015,256.15,263.756,254.543
1780890077.8052092,31.155,-22.429,-0.016,0.015,256.515,263.338,254.544
1780890077.816063,29.239,-22.143,-0.015,0.015,256.738,263.028,254.595
1780890077.830233,27.606,-22.071,-0.014,0.015,256.935,262.795,254.606
1780890077.841002,24.225,-21.5,-0.012,0.015,257.306,262.273,254.704
1780890077.854696,22.366,-22.286,-0.011,0.015,257.618,262.094,254.563
1780890077.868994,20.901,-21.571,-0.01,0.015,257.726,261.835,254.688
1780890077.904879,20.901,-21.571,-0.01,0.015,257.726,261.835,254.688
1780890077.905366,17.183,-20.5,-0.007,0.014,258.165,261.159,254.872
1780890077.907464,14.085,-20.357,-0.005,0.014,258.588,260.697,254.89
1780890077.918117,11.944,-20.143,-0.004,0.014,258.845,260.399,254.919
1780890077.931822,10.254,-19.5,-0.003,0.013,258.988,260.138,255.024
1780890077.9424572,6.761,-19.357,-0.001,0.013,259.406,259.708,255.03
1780890077.95603,5.408,-18.857,-0.0,0.013,259.51,259.518,255.109
1780890077.970486,3.211,-18.929,0.001,0.013,259.812,259.242,255.085
1780890077.98105,-0.113,-18.286,0.003,0.013,260.163,258.798,255.179
1780890077.994883,-1.915,-17.929,0.004,0.012,260.361,258.55,255.231
1780890078.005474,-3.831,-17.429,0.006,0.012,260.565,258.272,255.308
1780890078.0198138,-5.577,-17.429,0.007,0.012,260.791,258.07,255.296
1780890078.0303879,-8.901,-16.643,0.009,0.011,261.139,257.621,255.411
1780890078.0444102,-10.704,-16.214,0.01,0.011,261.336,257.371,255.474
1780890078.058354,-10.704,-16.214,0.01,0.011,261.336,257.371,255.474
1780890078.06924,-13.915,-15.571,0.012,0.011,261.754,256.882,255.574
1780890078.082892,-17.296,-14.643,0.014,0.01,262.172,256.35,255.723
1780890078.1190112,-18.986,-14.429,0.015,0.01,262.366,256.156,255.744
1780890078.1194508,-20.113,-13.643,0.016,0.009,262.405,255.997,255.867
1780890078.121254,-20.113,-13.643,0.016,0.009,262.405,255.997,255.867
1780890078.131757,-24.62,-13.286,0.018,0.009,263.007,255.441,255.893
1780890078.145578,-26.254,-13.286,0.019,0.009,263.219,255.273,255.875
1780890078.159978,-27.549,-12.786,0.02,0.009,263.322,255.112,255.949
1780890078.170378,-30.31,-12.286,0.021,0.009,263.614,254.802,256.008
1780890078.184264,-31.775,-12.0,0.022,0.009,263.778,254.629,256.043
1780890078.1986518,-32.789,-11.5,0.023,0.008,263.84,254.504,256.117
1780890078.209236,-34.254,-12.071,0.024,0.009,264.098,254.402,255.998
1780890078.2228212,-36.507,-10.929,0.025,0.008,264.258,254.096,256.176
1780890078.233662,-36.507,-10.929,0.025,0.008,264.258,254.096,256.176
1780890078.247749,-38.761,-10.571,0.026,0.008,264.57,253.791,256.224
1780890078.261462,-39.493,-10.5,0.027,0.008,264.633,253.741,256.222
1780890078.2723699,-41.634,-9.929,0.028,0.007,264.904,253.436,256.31
1780890078.285963,-42.197,-9.286,0.028,0.007,264.877,253.361,256.41
1780890078.321936,-42.197,-9.286,0.028,0.007,264.877,253.361,256.41
1780890078.322368,-44.0,-9.143,0.029,0.007,265.137,253.143,256.419
1780890078.3245819,-45.521,-7.714,0.03,0.006,265.152,252.918,256.643
1780890078.335201,-46.479,-7.643,0.03,0.006,265.271,252.829,256.637
1780890078.3494568,-46.761,-7.643,0.03,0.006,265.275,252.842,256.62
1780890078.36,-47.831,-7.0,0.031,0.006,265.317,252.729,256.704
1780890078.373813,-48.338,-6.857,0.031,0.006,265.357,252.687,256.714
1780890078.388045,-48.732,-6.571,0.031,0.005,265.364,252.648,256.751
1780890078.3987231,-49.127,-6.714,0.031,0.006,265.419,252.642,256.711
1780890078.412353,-49.521,-6.643,0.031,0.006,265.423,252.648,256.701
1780890078.422931,-49.746,-6.143,0.031,0.005,265.385,252.603,256.781
1780890078.437464,-49.972,-6.0,0.031,0.005,265.388,252.587,256.795
1780890078.4512188,-50.028,-5.857,0.031,0.005,265.363,252.594,256.81
1780890078.46184,-49.972,-5.429,0.031,0.005,265.273,252.613,256.866
1780890078.4754949,-49.803,-5.357,0.031,0.005,265.222,252.652,256.868
1780890078.486086,-49.972,-5.357,0.031,0.005,265.242,252.644,256.858
1780890078.500431,-49.746,-5.357,0.031,0.005,265.191,252.693,256.85
1780890078.5379908,-48.958,-5.357,0.03,0.005,265.035,252.832,256.835
1780890078.538399,-48.62,-5.5,0.03,0.005,264.987,252.902,256.803
1780890078.538969,-48.113,-5.571,0.029,0.005,264.901,252.988,256.785
1780890078.5494359,-47.944,-5.786,0.029,0.005,264.895,253.033,256.741
1780890078.563369,-46.817,-6.143,0.028,0.006,264.736,253.228,256.672
1780890078.577742,-46.028,-6.357,0.028,0.006,264.621,253.359,256.633
1780890078.58831,-45.634,-6.643,0.027,0.006,264.589,253.434,256.581
1780890078.602068,-44.113,-6.357,0.026,0.006,264.306,253.616,256.635
1780890078.612774,-43.211,-6.786,0.026,0.006,264.203,253.774,256.558
1780890078.626553,-42.141,-6.786,0.025,0.006,264.028,253.918,256.56
1780890078.6411,-41.296,-6.643,0.024,0.006,263.882,254.014,256.588
1780890078.651412,-39.268,-6.857,0.023,0.006,263.588,254.297,256.551
1780890078.66489,-38.254,-6.786,0.022,0.006,263.427,254.42,256.565
1780890078.675788,-37.183,-6.857,0.021,0.006,263.274,254.562,256.554
1780890078.690099,-36.113,-6.929,0.021,0.006,263.123,254.703,256.542
1780890078.703833,-34.028,-7.5,0.019,0.007,262.879,255.011,256.443
1780890078.7385101,-33.07,-8.214,0.019,0.007,262.817,255.187,256.318
1780890078.7388842,-32.0,-8.214,0.018,0.007,262.662,255.316,256.324
1780890078.739261,-32.0,-8.214,0.018,0.007,262.662,255.316,256.324
1780890078.7528079,-29.577,-9.071,0.016,0.008,262.361,255.728,256.177
1780890078.763592,-26.873,-9.571,0.014,0.008,261.981,256.147,256.097
1780890078.7778308,-25.803,-9.857,0.014,0.009,261.871,256.288,256.056
1780890078.79147,-24.113,-10.357,0.013,0.009,261.674,256.546,255.977
1780890078.802089,-21.408,-10.5,0.011,0.009,261.319,256.876,255.972
1780890078.8159602,-20.169,-10.571,0.01,0.009,261.164,257.023,255.969
1780890078.830431,-18.93,-10.714,0.009,0.009,261.016,257.178,255.953
1780890078.841055,-15.606,-11.286,0.007,0.009,260.608,257.646,255.871
1780890078.854924,-14.028,-11.786,0.006,0.01,260.443,257.886,255.791
1780890078.865431,-12.676,-11.857,0.005,0.01,260.274,258.05,255.788
1780890078.8799932,-11.155,-12.429,0.004,0.01,260.127,258.288,255.696
1780890078.893415,-8.0,-13.429,0.003,0.011,259.8,258.769,255.541
1780890078.9038131,-8.0,-13.429,0.003,0.011,259.8,258.769,255.541
1780890078.918443,-4.901,-14.0,0.0,0.011,259.393,259.265,255.453
1780890078.955312,-3.662,-14.643,-0.0,0.012,259.308,259.458,255.353
1780890078.955782,-1.69,-14.929,-0.002,0.012,259.066,259.739,255.318
1780890078.9561212,1.577,-16.214,-0.004,0.013,258.711,260.332,255.106
1780890078.966656,2.93,-16.429,-0.005,0.013,258.572,260.497,255.087
1780890078.9808729,5.127,-16.857,-0.006,0.013,258.316,260.827,255.029
1780890078.991522,8.225,-17.5,-0.008,0.014,257.997,261.25,254.951
1780890079.005147,9.408,-17.714,-0.008,0.014,257.887,261.39,254.93
1780890079.0196638,11.099,-18.143,-0.009,0.014,257.714,261.643,254.87
1780890079.0317419,12.451,-18.143,-0.01,0.014,257.555,261.795,254.886
1780890079.044014,15.437,-18.286,-0.012,0.014,257.209,262.171,254.887
1780890079.058413,17.127,-18.357,-0.013,0.014,257.005,262.396,254.886
1780890079.0691252,18.423,-18.5,-0.014,0.014,256.871,262.561,254.872
1780890079.082672,21.296,-18.643,-0.015,0.014,256.545,262.931,254.866
1780890079.093618,23.155,-19.0,-0.017,0.014,256.341,263.223,254.812
1780890079.107771,24.338,-19.0,-0.017,0.014,256.213,263.359,254.821
1780890079.1214359,25.972,-19.357,-0.018,0.014,256.045,263.615,254.766
1780890079.157126,28.563,-19.214,-0.02,0.014,255.739,263.919,254.808
1780890079.157496,29.803,-19.429,-0.02,0.014,255.62,264.095,254.776
1780890079.160272,31.042,-19.071,-0.021,0.014,255.45,264.213,254.845
1780890079.170749,33.521,-19.714,-0.023,0.015,255.229,264.596,254.741
1780890079.1845639,34.986,-19.714,-0.023,0.014,255.054,264.798,254.746
1780890079.195246,36.0,-19.643,-0.024,0.014,254.943,264.911,254.764
1780890079.209485,36.0,-19.643,-0.024,0.014,254.943,264.911,254.764
1780890079.223072,39.268,-20.071,-0.026,0.015,254.588,265.428,254.691
1780890079.2339048,39.268,-20.071,-0.026,0.015,254.588,265.428,254.691
1780890079.248074,41.577,-19.429,-0.028,0.014,254.232,265.722,254.808
1780890079.262042,42.535,-19.5,-0.028,0.014,254.148,265.84,254.797
1780890079.2726579,44.338,-18.857,-0.029,0.014,253.874,266.042,254.91
1780890079.286349,45.239,-18.714,-0.03,0.014,253.781,266.13,254.934
1780890079.297476,45.69,-18.5,-0.03,0.013,253.747,266.128,254.97
1780890079.3115609,47.606,-18.143,-0.031,0.013,253.527,266.337,255.025
1780890079.325134,48.113,-18.0,-0.031,0.013,253.485,266.363,255.046
1780890079.361695,48.732,-17.786,-0.031,0.013,253.418,266.407,255.079
1780890079.3621042,49.352,-17.571,-0.032,0.013,253.35,266.454,255.112
1780890079.363913,51.099,-17.143,-0.033,0.012,253.134,266.651,255.175
1780890079.374357,51.324,-16.714,-0.033,0.012,253.103,266.605,255.244
1780890079.3887029,51.662,-16.571,-0.033,0.012,253.077,266.617,255.261
1780890079.3992288,52.225,-16.0,-0.033,0.012,252.98,266.627,255.354
1780890079.412894,52.62,-15.786,-0.033,0.012,252.967,266.62,255.373
1780890079.427231,52.62,-15.786,-0.033,0.012,252.967,266.62,255.373
1780890079.43757,52.62,-15.786,-0.033,0.012,252.967,266.62,255.373
1780890079.4514759,52.62,-15.786,-0.033,0.012,252.967,266.62,255.373
1780890079.4652731,53.746,-13.929,-0.034,0.01,252.673,266.604,255.693
1780890079.476049,53.915,-13.571,-0.034,0.01,252.652,266.573,255.74
1780890079.49015,53.803,-13.214,-0.033,0.01,252.669,266.493,255.788
1780890079.5008278,53.07,-12.571,-0.033,0.009,252.774,266.258,255.869
1780890079.514462,53.014,-12.214,-0.033,0.009,252.773,266.201,255.917
1780890079.528786,52.507,-12.071,-0.032,0.009,252.855,266.086,255.927
1780890079.564287,52.169,-11.714,-0.032,0.009,252.89,265.982,255.976
1780890079.564764,51.549,-11.286,-0.031,0.009,252.969,265.825,256.023
1780890079.567582,50.817,-11.0,-0.031,0.009,253.062,265.664,256.06
1780890079.5780852,50.592,-10.929,-0.03,0.009,253.095,265.625,256.059
1780890079.591848,49.183,-9.429,-0.029,0.007,253.181,265.227,256.302
1780890079.6023948,49.014,-9.286,-0.029,0.007,253.195,265.2,256.31
1780890079.615977,48.056,-9.286,-0.029,0.007,253.337,265.043,256.294
1780890079.630383,48.056,-9.286,-0.029,0.007,253.337,265.043,256.294
1780890079.641311,45.972,-8.929,-0.027,0.007,253.613,264.646,256.345
1780890079.654604,45.352,-8.429,-0.027,0.007,253.652,264.51,256.42
1780890079.665279,44.394,-8.071,-0.026,0.007,253.754,264.33,256.469
1780890079.679596,44.394,-8.071,-0.026,0.007,253.754,264.33,256.469
1780890079.6933079,41.803,-7.429,-0.024,0.006,254.057,263.869,256.555
1780890079.703976,40.676,-7.143,-0.023,0.006,254.183,263.677,256.591
1780890079.718202,39.775,-7.071,-0.023,0.006,254.292,263.551,256.589
1780890079.729017,38.704,-6.5,-0.022,0.006,254.382,263.344,256.679
1780890079.742744,36.282,-6.071,-0.02,0.006,254.664,262.96,256.727
1780890079.778107,35.662,-5.786,-0.02,0.005,254.706,262.869,256.764
1780890079.778435,33.972,-5.929,-0.019,0.006,254.95,262.633,256.725
1780890079.7812061,32.901,-5.786,-0.018,0.006,255.07,262.48,256.739
1780890079.7918851,30.028,-6.071,-0.016,0.006,255.471,262.106,256.666
1780890079.805521,29.014,-5.786,-0.016,0.006,255.565,261.953,256.71
1780890079.816236,28.0,-5.571,-0.015,0.006,255.665,261.807,256.74
1780890079.8304682,26.873,-5.786,-0.014,0.006,255.822,261.685,256.693
1780890079.8442738,24.225,-5.786,-0.013,0.006,256.156,261.332,256.679
1780890079.8548381,22.93,-5.786,-0.012,0.006,256.317,261.162,256.674
1780890079.8691509,21.296,-5.5,-0.011,0.006,256.504,260.908,256.72
1780890079.879951,20.113,-5.643,-0.01,0.006,256.659,260.775,256.689
1780890079.893589,17.07,-5.357,-0.008,0.006,257.02,260.343,256.732
1780890079.907733,15.606,-5.5,-0.007,0.006,257.217,260.167,256.701
1780890079.918365,14.366,-5.5,-0.007,0.006,257.365,260.016,256.697
1780890079.932109,11.38,-5.643,-0.005,0.006,257.754,259.644,256.666
1780890079.9427898,9.69,-5.643,-0.004,0.006,257.974,259.421,256.663
1780890079.9564009,8.394,-6.0,-0.003,0.006,258.162,259.298,256.597
1780890079.9937851,7.437,-6.0,-0.002,0.006,258.263,259.196,256.596
1780890079.99424,4.338,-6.071,-0.0,0.006,258.665,258.805,256.582
1780890079.994824,2.761,-6.357,0.001,0.006,258.894,258.631,256.53
1780890080.005363,1.352,-6.286,0.001,0.006,259.06,258.451,256.544
1780890080.01986,0.0,-5.857,0.002,0.006,259.185,258.248,256.621
1780890080.030381,-2.817,-6.929,0.004,0.007,259.637,258.004,256.429
1780890080.044062,-4.282,-7.0,0.005,0.007,259.828,257.829,256.419
1780890080.054587,-5.859,-7.214,0.006,0.007,260.052,257.65,256.383
1780890080.0693288,-6.93,-7.143,0.006,0.007,260.164,257.526,256.4
1780890080.079552,-8.225,-7.857,0.007,0.008,260.391,257.438,256.274
1780890080.093226,-10.873,-8.0,0.009,0.008,260.79,257.083,256.254
1780890080.107425,-10.873,-8.0,0.009,0.008,260.79,257.083,256.254
1780890080.118067,-13.803,-8.571,0.011,0.008,261.277,256.728,256.157
1780890080.131962,-16.225,-9.357,0.012,0.009,261.626,256.534,256.032
1780890080.142406,-17.183,-9.857,0.013,0.009,261.769,256.485,255.952
1780890080.1558368,-17.183,-9.857,0.013,0.009,261.769,256.485,255.952
1780890080.170312,-20.113,-10.429,0.015,0.009,262.263,256.131,255.86
1780890080.207126,-22.479,-11.214,0.016,0.01,262.603,255.945,255.743
1780890080.2075799,-23.211,-11.214,0.017,0.01,262.658,255.884,255.756
1780890080.2089589,-24.507,-11.857,0.017,0.01,262.88,255.791,255.653
1780890080.2196531,-25.746,-12.357,0.018,0.011,263.08,255.692,255.577
1780890080.2332659,-27.606,-12.571,0.019,0.011,263.295,255.516,255.565
1780890080.2439911,-28.225,-12.857,0.019,0.011,263.369,255.49,255.526
1780890080.258285,-29.014,-13.0,0.02,0.011,263.463,255.423,255.512
1780890080.271914,-29.972,-13.071,0.02,0.011,263.582,255.322,255.511
1780890080.282822,-31.944,-13.643,0.021,0.011,263.881,255.147,255.429
1780890080.296449,-32.507,-14.071,0.021,0.012,263.97,255.136,255.363
1780890080.3107321,-33.239,-14.0,0.022,0.012,264.041,255.052,255.387
1780890080.321461,-34.93,-14.429,0.023,0.012,264.339,254.866,255.321
1780890080.33512,-35.831,-15.143,0.023,0.012,264.523,254.827,255.205
1780890080.345885,-35.887,-15.214,0.023,0.012,264.485,254.858,255.205
1780890080.360296,-36.225,-16.071,0.023,0.013,264.587,254.912,255.065
1780890080.3738391,-37.746,-16.643,0.024,0.013,264.83,254.783,254.992
1780890080.4096158,-38.028,-16.857,0.024,0.013,264.857,254.784,254.967
1780890080.4101381,-38.141,-16.929,0.024,0.013,264.842,254.796,254.968
1780890080.4124968,-38.423,-17.571,0.024,0.014,264.922,254.83,254.867
1780890080.42303,-39.099,-17.643,0.025,0.014,264.979,254.77,254.88
1780890080.43734,-39.437,-18.214,0.025,0.014,265.068,254.785,254.79
1780890080.4479392,-39.549,-18.286,0.025,0.014,265.064,254.79,254.79
1780890080.461834,-39.718,-18.357,0.025,0.014,265.045,254.796,254.798
1780890080.475441,-39.606,-18.286,0.024,0.014,264.993,254.818,254.82
1780890080.486242,-39.437,-18.857,0.024,0.015,265.001,254.904,254.728
1780890080.500614,-39.324,-19.429,0.024,0.015,265.022,254.977,254.637
1780890080.514157,-39.155,-19.429,0.024,0.015,264.958,255.011,254.657
1780890080.524857,-39.042,-19.357,0.024,0.015,264.916,255.025,254.678
1780890080.539121,-38.817,-19.429,0.024,0.015,264.872,255.067,254.672
1780890080.549957,-38.592,-20.071,0.023,0.015,264.89,255.158,254.567
1780890080.5637262,-37.915,-19.786,0.023,0.015,264.724,255.232,254.632
1780890080.5781188,-37.465,-19.714,0.022,0.015,264.632,255.291,254.65
1780890080.6131399,-37.465,-19.714,0.022,0.015,264.632,255.291,254.65
1780890080.6134279,-36.169,-19.786,0.021,0.015,264.41,255.48,254.649
1780890080.615814,-35.549,-19.714,0.021,0.015,264.297,255.56,254.665
1780890080.626431,-35.099,-19.143,0.021,0.014,264.164,255.569,254.768
1780890080.6407979,-34.197,-19.857,0.02,0.015,264.088,255.761,254.643
1780890080.651401,-32.789,-19.786,0.019,0.015,263.856,255.943,254.661
1780890080.6650822,-32.113,-19.714,0.019,0.015,263.745,256.024,254.676
1780890080.67957,-31.493,-19.357,0.018,0.015,263.616,256.071,254.739
1780890080.690288,-30.423,-19.071,0.017,0.014,263.417,256.194,254.789
1780890080.703935,-28.62,-18.714,0.016,0.014,263.11,256.403,254.849
1780890080.718359,-28.0,-18.786,0.016,0.014,263.037,256.484,254.833
1780890080.729276,-26.986,-18.857,0.015,0.014,262.894,256.627,254.818
1780890080.742781,-25.07,-18.5,0.014,0.014,262.583,256.846,254.876
1780890080.753431,-24.056,-18.429,0.013,0.014,262.432,256.973,254.885
1780890080.7676952,-23.099,-18.214,0.013,0.014,262.278,257.077,254.919
1780890080.7814028,-22.31,-18.143,0.012,0.014,262.17,257.167,254.928
1780890080.8185449,-20.056,-18.357,0.011,0.014,261.876,257.485,254.881
1780890080.818847,-19.099,-17.643,0.01,0.013,261.678,257.54,255.004
1780890080.820241,-17.521,-17.786,0.009,0.013,261.462,257.774,254.973
1780890080.83098,-15.324,-17.357,0.008,0.013,261.13,258.016,255.039
1780890080.844525,-14.254,-16.929,0.007,0.013,260.951,258.113,255.109
1780890080.855071,-13.183,-16.643,0.006,0.013,260.787,258.224,255.152
1780890080.86943,-11.662,-16.429,0.005,0.013,260.556,258.414,255.183
1780890080.883379,-9.746,-16.071,0.004,0.012,260.295,258.615,255.23
1780890080.893866,-8.225,-15.286,0.003,0.012,260.013,258.752,255.361
1780890080.908096,-7.099,-15.5,0.002,0.012,259.897,258.917,255.312
1780890080.918611,-7.099,-15.5,0.002,0.012,259.897,258.917,255.312
1780890080.932489,-4.732,-14.786,0.001,0.011,259.486,259.198,255.429
1780890080.946274,-2.085,-14.429,-0.001,0.011,259.073,259.557,255.481
1780890080.957472,-0.901,-14.071,-0.002,0.011,258.907,259.669,255.532
1780890080.971012,0.789,-13.357,-0.003,0.01,258.626,259.833,255.647
1780890080.9819279,2.873,-12.857,-0.004,0.01,258.366,260.034,255.708
1780890080.995549,4.338,-12.5,-0.005,0.01,258.156,260.198,255.757
1780890081.032297,5.577,-12.143,-0.006,0.01,257.984,260.323,255.806
1780890081.032654,6.986,-11.857,-0.007,0.01,257.791,260.485,255.843
1780890081.0338528,9.465,-11.429,-0.008,0.009,257.474,260.768,255.89
1780890081.0444312,10.592,-11.429,-0.009,0.009,257.353,260.912,255.877
1780890081.058861,11.944,-10.786,-0.01,0.009,257.137,261.031,255.979
1780890081.07248,14.592,-10.143,-0.011,0.009,256.776,261.325,256.066
1780890081.083126,15.324,-10.143,-0.011,0.009,256.719,261.403,256.052
1780890081.097214,16.845,-9.5,-0.012,0.008,256.477,261.555,256.154
1780890081.111168,18.028,-9.857,-0.013,0.008,256.38,261.748,256.075
1780890081.121718,20.169,-8.714,-0.015,0.008,255.999,261.956,256.268
1780890081.135415,21.183,-8.214,-0.015,0.007,255.857,262.033,256.342
1780890081.146053,22.423,-8.0,-0.016,0.007,255.704,262.179,256.364
1780890081.160691,23.662,-7.357,-0.017,0.007,255.513,262.283,256.463
1780890081.1711512,25.859,-6.929,-0.018,0.007,255.25,262.533,256.507
1780890081.184955,26.592,-6.643,-0.018,0.006,255.167,262.588,256.542
1780890081.199187,27.718,-6.214,-0.019,0.006,255.01,262.699,256.604
1780890081.2371268,28.789,-6.0,-0.02,0.006,254.88,262.823,256.626
1780890081.237414,30.535,-5.357,-0.02,0.006,254.66,262.981,256.712
1780890081.237698,31.493,-5.357,-0.021,0.006,254.564,263.111,256.696
1780890081.248184,32.451,-5.143,-0.022,0.006,254.447,263.219,256.721
1780890081.262104,33.465,-4.786,-0.022,0.005,254.309,263.323,256.772
1780890081.2725818,35.38,-4.571,-0.023,0.005,254.091,263.566,256.784
1780890081.286434,35.718,-4.214,-0.023,0.005,254.054,263.551,256.837
1780890081.297485,36.62,-4.429,-0.024,0.005,253.978,263.699,256.785
1780890081.311428,38.31,-3.786,-0.025,0.005,253.748,263.865,256.882
1780890081.3250382,38.423,-2.357,-0.025,0.004,253.647,263.703,257.13
1780890081.335767,38.873,-3.0,-0.025,0.004,253.674,263.823,256.996
1780890081.3500001,39.549,-2.857,-0.025,0.004,253.595,263.902,257.01
1780890081.360759,39.887,-3.214,-0.025,0.005,253.609,263.972,256.933
1780890081.374368,39.887,-3.214,-0.025,0.005,253.609,263.972,256.933
1780890081.388652,41.634,-3.214,-0.027,0.005,253.381,264.259,256.923
1780890081.3992162,41.972,-3.214,-0.027,0.005,253.364,264.289,256.915
1780890081.413064,42.592,-3.143,-0.027,0.005,253.327,264.336,256.913
1780890081.4494138,42.93,-3.357,-0.027,0.005,253.322,264.393,256.868
1780890081.449824,43.549,-3.357,-0.028,0.005,253.256,264.48,256.863
1780890081.451245,43.549,-3.357,-0.028,0.005,253.256,264.48,256.863
1780890081.461864,43.549,-3.357,-0.028,0.005,253.256,264.48,256.863
1780890081.475646,44.225,-3.857,-0.028,0.005,253.223,264.631,256.768
1780890081.486157,44.282,-3.714,-0.028,0.005,253.225,264.599,256.793
1780890081.500608,44.225,-4.0,-0.028,0.005,253.279,264.595,256.739
1780890081.514287,44.113,-4.571,-0.027,0.006,253.378,264.594,256.636
1780890081.5249338,44.282,-4.786,-0.028,0.006,253.384,264.629,256.599
1780890081.539222,44.0,-4.357,-0.027,0.006,253.401,264.516,256.679
1780890081.549921,44.113,-4.643,-0.027,0.006,253.418,264.554,256.628
1780890081.56369,43.324,-5.429,-0.027,0.007,253.616,264.472,256.492
1780890081.574195,43.324,-5.286,-0.027,0.006,253.605,264.449,256.522
1780890081.588653,42.817,-5.643,-0.026,0.007,253.713,264.388,256.462
1780890081.602206,42.085,-6.214,-0.026,0.007,253.868,264.309,256.369
1780890081.613024,41.915,-6.643,-0.025,0.007,253.925,264.322,256.298
1780890081.626622,41.465,-6.786,-0.025,0.008,253.998,264.255,256.28
1780890081.6630359,40.901,-7.0,-0.025,0.008,254.093,264.176,256.249
1780890081.663462,39.775,-7.714,-0.024,0.008,254.303,264.056,256.137
1780890081.665001,39.324,-7.857,-0.023,0.008,254.369,263.996,256.121
1780890081.675479,38.704,-8.5,-0.023,0.009,254.504,263.959,256.015
1780890081.6898959,38.704,-8.5,-0.023,0.009,254.504,263.959,256.015
1780890081.700531,36.225,-10.5,-0.021,0.01,255.014,263.739,255.685
1780890081.714339,36.563,-10.643,-0.022,0.01,254.948,263.827,255.676
1780890081.728671,35.268,-10.429,-0.021,0.01,255.103,263.584,255.73
1780890081.7393322,34.423,-10.857,-0.02,0.01,255.244,263.493,255.667
1780890081.75294,32.958,-10.714,-0.019,0.01,255.4,263.254,255.717
1780890081.767364,32.0,-10.857,-0.018,0.01,255.532,263.12,255.702
1780890081.778016,31.549,-11.286,-0.018,0.01,255.61,263.106,255.636
1780890081.7916422,30.197,-11.357,-0.017,0.01,255.795,262.896,255.634
1780890081.802508,28.394,-12.0,-0.016,0.011,256.069,262.694,255.54
1780890081.816344,27.662,-12.071,-0.016,0.011,256.155,262.6,255.538
1780890081.830379,26.592,-12.214,-0.015,0.011,256.3,262.455,255.522
1780890081.8664582,24.62,-12.643,-0.014,0.011,256.575,262.211,255.467
1780890081.8667672,23.831,-13.143,-0.013,0.012,256.707,262.155,255.388
1780890081.869023,23.099,-13.214,-0.013,0.012,256.791,262.066,255.385
1780890081.879574,21.634,-13.571,-0.012,0.012,257.017,261.878,255.332
1780890081.8932831,19.831,-13.714,-0.011,0.012,257.236,261.647,255.325
1780890081.9038432,19.831,-13.714,-0.011,0.012,257.236,261.647,255.325
1780890081.918169,17.577,-14.429,-0.009,0.012,257.619,261.365,255.208
1780890081.931854,17.577,-14.429,-0.009,0.012,257.619,261.365,255.208
1780890081.94228,14.141,-14.643,-0.007,0.012,258.092,260.885,255.189
1780890081.956036,14.141,-14.643,-0.007,0.012,258.092,260.885,255.189
1780890081.970405,11.718,-15.643,-0.005,0.013,258.524,260.616,255.023
1780890081.9809868,9.521,-16.5,-0.004,0.014,258.845,260.42,254.9
1780890081.994795,8.394,-16.071,-0.003,0.013,258.931,260.235,254.988
1780890082.005423,7.324,-16.571,-0.003,0.014,259.097,260.15,254.911
1780890082.0198,5.803,-16.643,-0.002,0.014,259.297,259.948,254.91
1780890082.033509,3.775,-17.143,-0.0,0.014,259.566,259.75,254.842
1780890082.069856,2.761,-17.071,0.0,0.014,259.672,259.62,254.865
1780890082.070322,1.577,-16.929,0.001,0.014,259.801,259.455,254.899
1780890082.070699,0.451,-17.286,0.002,0.014,259.969,259.348,254.843
1780890082.082531,-1.803,-17.071,0.003,0.014,260.219,259.047,254.894
1780890082.0930939,-2.873,-17.143,0.003,0.014,260.353,258.923,254.887
1780890082.1076028,-4.169,-17.214,0.004,0.014,260.527,258.763,254.88
1780890082.121332,-4.958,-17.786,0.005,0.014,260.663,258.733,254.784
1780890082.131847,-7.099,-17.571,0.006,0.014,260.903,258.451,254.833
1780890082.145678,-8.338,-17.714,0.007,0.014,261.078,258.306,254.812
1780890082.156201,-9.239,-17.643,0.007,0.014,261.174,258.197,254.829
1780890082.170618,-10.479,-17.786,0.008,0.014,261.351,258.053,254.807
1780890082.1845,-12.225,-18.0,0.009,0.014,261.574,257.876,254.776
1780890082.195183,-13.465,-17.571,0.01,0.014,261.697,257.679,254.855
1780890082.209364,-14.254,-17.786,0.01,0.014,261.808,257.615,254.818
1780890082.22298,-16.056,-17.929,0.011,0.014,262.042,257.422,254.796
1780890082.233825,-16.901,-17.857,0.012,0.014,262.136,257.32,254.81
1780890082.247999,-17.746,-17.714,0.012,0.014,262.225,257.212,254.837
1780890082.286242,-18.704,-17.5,0.013,0.014,262.328,257.079,254.875
1780890082.286643,-20.056,-17.571,0.013,0.014,262.488,256.947,254.861
1780890082.286987,-20.901,-17.143,0.014,0.014,262.553,256.811,254.935
1780890082.297366,-21.634,-17.286,0.014,0.014,262.658,256.745,254.908
1780890082.310978,-22.423,-17.286,0.015,0.014,262.759,256.656,254.906
1780890082.3248918,-23.775,-16.786,0.015,0.013,262.875,256.469,254.989
1780890082.335397,-24.789,-16.857,0.016,0.013,263.027,256.35,254.973
1780890082.349789,-25.465,-16.429,0.017,0.013,263.067,256.24,255.045
1780890082.360499,-26.31,-16.357,0.017,0.013,263.146,256.167,255.049
1780890082.3742158,-26.423,-15.929,0.017,0.013,263.092,256.142,255.12
1780890082.3884969,-27.211,-16.714,0.017,0.013,263.286,256.118,254.976
1780890082.3992262,-27.211,-16.714,0.017,0.013,263.286,256.118,254.976
1780890082.4128158,-28.338,-15.5,0.018,0.013,263.304,255.893,255.182
1780890082.4273438,-28.845,-15.643,0.018,0.013,263.385,255.855,255.15
1780890082.4378932,-29.127,-15.214,0.018,0.012,263.366,255.8,255.22
1780890082.45163,-29.183,-15.286,0.018,0.012,263.362,255.824,255.201
1780890082.4890618,-29.915,-15.0,0.019,0.012,263.424,255.731,255.239
1780890082.48952,-29.915,-14.929,0.019,0.012,263.399,255.747,255.245
1780890082.4901319,-30.141,-14.857,0.019,0.012,263.416,255.725,255.252
1780890082.5009768,-30.31,-14.286,0.019,0.012,263.362,255.685,255.339
1780890082.5144289,-30.197,-14.071,0.018,0.012,263.309,255.7,255.37
1780890082.529021,-30.479,-13.786,0.019,0.011,263.321,255.646,255.413
1780890082.53955,-30.479,-13.571,0.019,0.011,263.291,255.642,255.443
1780890082.553239,-30.197,-13.214,0.018,0.011,263.194,255.681,255.488
1780890082.5638988,-30.535,-13.143,0.018,0.011,263.244,255.633,255.492
1780890082.578364,-30.197,-12.786,0.018,0.011,263.145,255.664,255.548
1780890082.592154,-29.972,-12.929,0.018,0.011,263.119,255.72,255.514
1780890082.6025999,-29.521,-12.214,0.018,0.01,262.97,255.74,255.625
1780890082.61655,-29.352,-12.0,0.017,0.01,262.923,255.752,255.655
1780890082.63074,-29.183,-12.0,0.017,0.01,262.898,255.782,255.645
1780890082.641658,-28.451,-11.786,0.017,0.01,262.761,255.881,255.667
1780890082.65517,-28.225,-11.571,0.017,0.01,262.709,255.897,255.698
1780890082.691107,-27.606,-10.929,0.016,0.01,262.545,255.935,255.804
1780890082.691562,-27.324,-11.0,0.016,0.01,262.517,255.984,255.781
1780890082.693873,-26.366,-10.286,0.015,0.009,262.307,256.061,255.89
1780890082.704182,-25.521,-9.857,0.015,0.009,262.134,256.15,255.957
1780890082.718474,-25.521,-9.857,0.015,0.009,262.134,256.15,255.957
1780890082.729158,-25.521,-9.857,0.015,0.009,262.134,256.15,255.957
1780890082.7427258,-23.042,-9.071,0.013,0.008,261.675,256.448,256.073
1780890082.75713,-22.592,-8.571,0.013,0.008,261.576,256.461,256.151
1780890082.7677581,-22.592,-8.571,0.013,0.008,261.576,256.461,256.151
1780890082.7814531,-20.732,-8.0,0.011,0.008,261.23,256.688,256.24
1780890082.792139,-19.324,-8.143,0.01,0.008,261.071,256.887,256.188
1780890082.80578,-19.099,-8.0,0.01,0.008,261.052,256.89,256.203
1780890082.8201559,-17.803,-7.571,0.009,0.008,260.822,257.038,256.269
1780890082.830562,-16.676,-7.143,0.009,0.007,260.659,257.135,256.323
1780890082.8444648,-15.718,-6.857,0.008,0.007,260.504,257.241,256.363
1780890082.855048,-14.986,-6.786,0.008,0.007,260.409,257.329,256.364
1780890082.86939,-14.366,-6.286,0.007,0.007,260.292,257.36,256.443
1780890082.907085,-12.451,-6.357,0.006,0.007,260.051,257.625,256.409
1780890082.907547,-11.155,-6.5,0.005,0.007,259.885,257.82,256.374
1780890082.90792,-10.423,-6.214,0.005,0.007,259.773,257.884,256.417
1780890082.918419,-9.408,-6.143,0.004,0.007,259.636,258.013,256.422
1780890082.9320168,-7.549,-6.071,0.003,0.007,259.399,258.248,256.417
1780890082.9425979,-6.761,-5.786,0.002,0.007,259.28,258.319,256.462
1780890082.956374,-5.746,-5.857,0.002,0.007,259.158,258.46,256.442
1780890082.9707541,-4.62,-5.786,0.001,0.007,259.005,258.605,256.448
1780890082.98116,-2.873,-5.5,-0.0,0.007,258.771,258.798,256.487
1780890082.99491,-2.028,-5.5,-0.001,0.007,258.672,258.903,256.481
1780890083.005507,-0.507,-5.286,-0.002,0.007,258.444,259.099,256.514
1780890083.020139,-0.169,-5.0,-0.002,0.006,258.403,259.092,256.559
1780890083.030275,2.085,-5.0,-0.003,0.006,258.119,259.394,256.548
1780890083.0443351,3.042,-5.143,-0.004,0.007,258.018,259.53,256.516
1780890083.058607,4.056,-5.286,-0.004,0.007,257.907,259.676,256.486
1780890083.069181,5.183,-5.214,-0.005,0.007,257.759,259.82,256.495
1780890083.082913,7.099,-5.214,-0.006,0.007,257.531,260.064,256.488
1780890083.1208682,8.056,-5.643,-0.007,0.007,257.457,260.228,256.408
1780890083.121304,8.732,-5.643,-0.007,0.007,257.388,260.302,256.407
1780890083.121641,9.972,-5.714,-0.008,0.007,257.234,260.478,256.393
1780890083.131917,12.0,-5.143,-0.009,0.007,256.936,260.684,256.496
1780890083.1456451,12.676,-5.929,-0.01,0.007,256.94,260.836,256.352
1780890083.156262,13.69,-5.786,-0.01,0.007,256.803,260.955,256.378
1780890083.170523,14.704,-6.429,-0.011,0.008,256.739,261.151,256.262
1780890083.1810691,16.563,-6.929,-0.012,0.008,256.563,261.436,256.176
1780890083.1950662,17.408,-6.357,-0.012,0.008,256.414,261.482,256.283
1780890083.209453,18.141,-6.286,-0.013,0.007,256.328,261.56,256.297
1780890083.219979,18.873,-7.071,-0.013,0.008,256.318,261.725,256.157
1780890083.233907,20.62,-7.071,-0.014,0.008,256.112,261.946,256.163
1780890083.2443159,21.127,-7.357,-0.015,0.008,256.091,262.023,256.115
1780890083.258615,21.127,-7.357,-0.015,0.008,256.091,262.023,256.115
1780890083.272237,22.817,-7.857,-0.016,0.009,255.903,262.328,256.03
1780890083.282895,23.944,-7.357,-0.016,0.008,255.746,262.393,256.13
1780890083.297601,24.225,-7.357,-0.016,0.008,255.733,262.404,256.133
1780890083.339884,24.845,-7.071,-0.017,0.008,255.641,262.448,256.186
1780890083.340289,26.31,-5.357,-0.018,0.007,255.323,262.468,256.491
1780890083.340661,27.099,-3.786,-0.018,0.005,255.096,262.418,256.768
1780890083.345747,27.718,-1.929,-0.018,0.004,254.874,262.314,257.092
1780890083.36007,29.014,0.0,-0.019,0.003,254.546,262.325,257.424
1780890083.370451,30.479,3.857,-0.02,-0.0,254.077,262.155,258.076
1780890083.384335,31.211,6.071,-0.021,-0.002,253.823,262.048,258.448
1780890083.394925,31.887,6.5,-0.021,-0.002,253.735,262.114,258.483
1780890083.4094982,32.282,7.071,-0.021,-0.002,253.674,262.116,258.546
1780890083.423423,33.183,5.929,-0.022,-0.001,253.724,262.37,258.255
1780890083.4336572,32.845,4.929,-0.021,-0.0,253.898,262.399,258.042
1780890083.447933,32.507,2.929,-0.021,0.002,254.15,262.53,257.653
1780890083.458634,32.225,1.0,-0.02,0.003,254.38,262.662,257.291
1780890083.4721699,31.944,-0.429,-0.02,0.004,254.561,262.741,257.031
1780890083.485826,30.648,-4.714,-0.019,0.008,255.14,262.932,256.264
1780890083.497671,30.141,-6.429,-0.019,0.009,255.361,262.997,255.982
1780890083.511023,29.014,-8.286,-0.018,0.01,255.686,262.967,255.682
1780890083.5454998,27.606,-11.143,-0.017,0.012,256.117,262.97,255.251
1780890083.545876,26.873,-11.643,-0.016,0.012,256.248,262.878,255.202
1780890083.549551,25.577,-12.286,-0.015,0.013,256.478,262.705,255.127
1780890083.560066,23.944,-12.429,-0.014,0.013,256.715,262.429,255.139
1780890083.573885,21.408,-11.857,-0.012,0.012,256.988,261.941,255.303
1780890083.5844,19.437,-11.714,-0.011,0.012,257.249,261.602,255.353
1780890083.598937,17.915,-11.071,-0.01,0.011,257.39,261.299,255.489
1780890083.6124249,14.535,-9.071,-0.007,0.009,257.66,260.592,255.872
1780890083.623086,14.535,-9.071,-0.007,0.009,257.66,260.592,255.872
1780890083.637276,10.817,-7.714,-0.004,0.008,258.087,259.879,256.12
1780890083.6479669,10.817,-7.714,-0.004,0.008,258.087,259.879,256.12
1780890083.661639,5.352,-5.143,-0.001,0.006,258.623,258.857,256.572
1780890083.675338,3.155,-4.5,0.001,0.006,258.863,258.509,256.677
1780890083.6861088,1.577,-4.071,0.002,0.006,259.023,258.286,256.74
1780890083.700337,-0.676,-2.786,0.003,0.005,259.212,257.876,256.959
1780890083.710867,-4.169,-2.286,0.006,0.004,259.682,257.349,257.031
1780890083.724611,-6.085,-1.429,0.007,0.004,259.851,257.05,257.167
1780890083.761138,-7.775,-0.286,0.008,0.003,259.957,256.764,257.355
1780890083.7615921,-9.634,0.643,0.009,0.002,260.114,256.472,257.5
1780890083.761974,-11.099,0.929,0.01,0.002,260.268,256.302,257.526
1780890083.773451,-11.099,0.929,0.01,0.002,260.268,256.302,257.526
1780890083.787786,-16.507,3.0,0.014,0.001,260.915,255.363,257.882
1780890083.798354,-16.507,3.0,0.014,0.001,260.915,255.363,257.882
1780890083.812164,-21.859,4.5,0.017,-0.0,261.524,254.616,258.091
1780890083.822788,-23.324,5.214,0.018,-0.001,261.627,254.432,258.191
1780890083.837069,-25.239,5.714,0.019,-0.001,261.832,254.196,258.251
1780890083.8509068,-26.592,5.714,0.02,-0.001,261.991,254.086,258.22
1780890083.861449,-29.69,6.5,0.021,-0.001,262.305,253.731,258.308
1780890083.8754702,-29.69,6.5,0.021,-0.001,262.305,253.731,258.308
1780890083.8858418,-32.789,7.286,0.023,-0.002,262.696,253.287,258.427
1780890083.900194,-34.31,7.5,0.024,-0.002,262.867,253.132,258.439
1780890083.911154,-36.62,7.571,0.026,-0.002,263.193,252.87,258.426
1780890083.924395,-37.972,8.071,0.026,-0.002,263.305,252.713,258.496
1780890083.938485,-37.972,8.071,0.026,-0.002,263.305,252.713,258.496
1780890083.975852,-37.972,8.071,0.026,-0.002,263.305,252.713,258.496
1780890083.9762602,-42.423,8.714,0.029,-0.002,263.878,252.176,258.568
1780890083.976649,-42.423,8.714,0.029,-0.002,263.878,252.176,258.568
1780890083.987659,-44.901,7.929,0.031,-0.002,264.33,251.962,258.399
1780890084.001468,-45.859,7.786,0.031,-0.002,264.437,251.914,258.356
1780890084.011998,-47.606,7.929,0.032,-0.002,264.66,251.724,258.369
1780890084.025695,-48.338,7.286,0.032,-0.001,264.784,251.744,258.236
1780890084.036222,-48.338,7.286,0.032,-0.001,264.784,251.744,258.236
1780890084.050932,-49.69,6.643,0.033,-0.001,265.025,251.669,258.108
1780890084.064408,-50.761,5.714,0.033,0.0,265.175,251.713,257.928
1780890084.075,-51.437,5.5,0.034,0.0,265.255,251.686,257.889
1780890084.089191,-51.718,5.357,0.034,0.001,265.258,251.706,257.865
1780890084.099902,-52.282,4.786,0.034,0.001,265.364,251.716,257.761
1780890084.113583,-52.338,4.286,0.034,0.001,265.372,251.789,257.674
1780890084.124164,-52.338,4.286,0.034,0.001,265.372,251.789,257.674
1780890084.1384,-53.296,2.5,0.034,0.003,265.689,251.835,257.352
1780890084.152035,-53.408,2.643,0.034,0.003,265.638,251.837,257.392
1780890084.1885812,-53.577,0.571,0.034,0.004,265.794,252.037,257.043
1780890084.189002,-53.521,0.357,0.034,0.004,265.76,252.082,257.023
1780890084.1892638,-53.352,-0.643,0.033,0.005,265.796,252.206,256.859
1780890084.2012658,-52.732,-1.143,0.033,0.005,265.696,252.35,256.789
1780890084.211596,-52.789,-1.643,0.033,0.006,265.727,252.39,256.719
1780890084.225406,-52.789,-1.643,0.033,0.006,265.727,252.39,256.719
1780890084.239816,-52.113,-3.714,0.032,0.007,265.794,252.668,256.366
1780890084.2503328,-51.211,-5.786,0.031,0.009,265.792,252.967,256.053
1780890084.264137,-51.099,-6.643,0.031,0.009,265.839,253.047,255.931
1780890084.274706,-50.423,-7.143,0.031,0.009,265.743,253.178,255.873
1780890084.288974,-50.085,-7.857,0.03,0.01,265.738,253.274,255.776
1780890084.302756,-48.394,-9.786,0.029,0.011,265.614,253.674,255.465
1780890084.3135638,-47.493,-10.929,0.028,0.012,265.557,253.882,255.299
1780890084.327956,-46.986,-11.5,0.028,0.012,265.515,253.979,255.235
1780890084.338666,-46.085,-12.357,0.027,0.013,265.432,254.159,255.12
1780890084.3520992,-44.394,-13.643,0.026,0.013,265.25,254.461,254.966
1780890084.36582,-44.394,-13.643,0.026,0.013,265.25,254.461,254.966
1780890084.403523,-42.085,-15.286,0.024,0.015,265.001,254.919,254.713
1780890084.403928,-41.408,-16.071,0.024,0.015,264.968,255.047,254.613
1780890084.404447,-38.761,-17.786,0.022,0.016,264.685,255.512,254.388
1780890084.41495,-37.69,-18.357,0.021,0.016,264.564,255.678,254.326
1780890084.429418,-36.394,-18.857,0.02,0.017,264.398,255.872,254.274
1780890084.43982,-33.69,-19.357,0.019,0.017,264.003,256.233,254.254
1780890084.453686,-32.282,-19.929,0.018,0.017,263.836,256.451,254.184
1780890084.468014,-32.282,-19.929,0.018,0.017,263.836,256.451,254.184
1780890084.478763,-29.803,-20.857,0.016,0.018,263.517,256.868,254.052
1780890084.492355,-27.155,-21.357,0.014,0.018,263.168,257.209,254.024
1780890084.506072,-26.141,-22.429,0.014,0.019,263.136,257.406,253.864
1780890084.5174,-24.507,-22.857,0.013,0.019,262.928,257.644,253.818
1780890084.5312152,-22.873,-23.357,0.012,0.019,262.73,257.888,253.758
1780890084.541908,-20.113,-24.714,0.01,0.02,262.466,258.327,253.576
1780890084.555486,-18.535,-24.857,0.009,0.02,262.247,258.529,253.577
1780890084.569927,-17.07,-24.929,0.008,0.02,262.044,258.707,253.589
1780890084.608552,-14.254,-25.5,0.006,0.02,261.708,259.087,253.532
1780890084.609013,-14.254,-25.5,0.006,0.02,261.708,259.087,253.532
1780890084.609356,-10.761,-25.786,0.004,0.02,261.185,259.622,253.503
1780890084.618728,-10.761,-25.786,0.004,0.02,261.185,259.622,253.503
1780890084.632968,-7.775,-26.0,0.002,0.02,260.755,260.063,253.484
1780890084.6430259,-4.732,-26.143,-0.0,0.02,260.319,260.506,253.477
1780890084.657248,-4.732,-26.143,-0.0,0.02,260.319,260.506,253.477
1780890084.670847,-1.239,-26.571,-0.003,0.021,259.845,261.051,253.42
1780890084.681342,-1.239,-26.571,-0.003,0.021,259.845,261.051,253.42
1780890084.6951911,4.225,-26.286,-0.007,0.02,258.991,261.864,253.484
1780890084.705591,4.225,-26.286,-0.007,0.02,258.991,261.864,253.484
1780890084.7202911,4.225,-26.286,-0.007,0.02,258.991,261.864,253.484
1780890084.733956,10.423,-25.214,-0.011,0.019,258.073,262.608,253.689
1780890084.74443,12.169,-25.0,-0.012,0.019,257.868,262.782,253.732
1780890084.758912,13.859,-24.643,-0.013,0.019,257.658,262.936,253.798
1780890084.7725341,16.958,-24.429,-0.014,0.019,257.324,263.26,253.837
1780890084.809165,18.761,-23.714,-0.015,0.018,257.058,263.411,253.961
1780890084.809686,20.282,-23.571,-0.016,0.018,256.89,263.575,253.983
1780890084.810074,22.085,-22.929,-0.017,0.018,256.631,263.741,254.09
1780890084.8218,24.901,-22.286,-0.018,0.017,256.295,264.009,254.189
1780890084.8356721,26.817,-21.714,-0.02,0.017,256.024,264.214,254.28
1780890084.8460958,27.831,-21.429,-0.02,0.016,255.919,264.288,254.32
1780890084.860584,29.69,-20.571,-0.021,0.016,255.631,264.46,254.459
1780890084.874358,32.0,-19.214,-0.022,0.015,255.304,264.596,254.667
1780890084.8849669,33.127,-18.357,-0.023,0.014,255.128,264.645,254.801
1780890084.8993542,34.141,-18.0,-0.023,0.014,255.012,264.73,254.845
1780890084.909956,36.563,-16.5,-0.025,0.013,254.648,264.898,255.07
1780890084.92382,37.803,-16.143,-0.025,0.013,254.495,265.033,255.111
1780890084.937935,39.099,-15.5,-0.026,0.012,254.309,265.15,255.203
1780890084.94878,39.718,-14.571,-0.026,0.012,254.199,265.113,255.345
1780890084.962378,41.972,-13.071,-0.028,0.011,253.857,265.275,255.56
1780890084.976087,43.042,-12.286,-0.028,0.01,253.689,265.346,255.673
1780890085.012506,44.225,-11.857,-0.029,0.01,253.535,265.477,255.722
1780890085.012886,45.183,-11.0,-0.029,0.009,253.378,265.522,255.849
1780890085.01315,46.592,-9.929,-0.03,0.009,253.19,265.591,255.987
1780890085.0251231,46.592,-9.929,-0.03,0.009,253.19,265.591,255.987
1780890085.039594,48.113,-7.714,-0.031,0.007,252.831,265.601,256.356
1780890085.050366,48.62,-6.5,-0.031,0.006,252.711,265.533,256.54
1780890085.063863,49.69,-5.214,-0.032,0.006,252.554,265.542,256.7
1780890085.074294,50.197,-4.429,-0.032,0.005,252.464,265.529,256.807
1780890085.089002,50.873,-3.643,-0.032,0.005,252.348,265.549,256.914
1780890085.102628,51.493,-1.786,-0.033,0.004,252.196,265.431,257.179
1780890085.11308,51.831,-0.786,-0.033,0.003,252.107,265.374,257.325
1780890085.127539,52.282,-0.071,-0.033,0.002,252.024,265.371,257.418
1780890085.138158,52.451,0.786,-0.033,0.002,251.969,265.301,257.538
1780890085.151863,52.789,2.0,-0.033,0.001,251.894,265.222,257.689
1780890085.162405,52.789,2.0,-0.033,0.001,251.894,265.222,257.689
1780890085.1758962,52.789,2.0,-0.033,0.001,251.894,265.222,257.689
1780890085.1901891,52.789,2.0,-0.033,0.001,251.894,265.222,257.689
1780890085.227778,52.732,5.786,-0.033,-0.001,251.659,264.813,258.306
1780890085.228208,52.169,6.214,-0.032,-0.002,251.738,264.673,258.342
1780890085.228585,51.718,6.214,-0.032,-0.001,251.833,264.602,258.3
1780890085.239413,51.38,6.786,-0.031,-0.002,251.858,264.493,258.368
1780890085.253273,50.423,7.429,-0.031,-0.002,251.983,264.281,258.418
1780890085.263718,50.028,7.5,-0.03,-0.002,252.049,264.221,258.399
1780890085.2782662,49.408,7.714,-0.03,-0.002,252.133,264.105,258.41
1780890085.288811,48.563,8.286,-0.029,-0.002,252.217,263.914,258.49
1780890085.302639,47.606,8.5,-0.028,-0.002,252.346,263.769,258.478
1780890085.316326,47.606,8.5,-0.028,-0.002,252.346,263.769,258.478
1780890085.32754,46.028,9.0,-0.027,-0.002,252.536,263.46,258.549
1780890085.341215,45.634,9.643,-0.027,-0.003,252.535,263.354,258.647
1780890085.3517282,44.732,8.857,-0.026,-0.002,252.73,263.306,258.477
1780890085.3656561,42.704,9.429,-0.025,-0.002,252.97,262.919,258.567
1780890085.3761852,41.915,9.5,-0.024,-0.002,253.066,262.81,258.563
1780890085.390385,41.915,9.5,-0.024,-0.002,253.066,262.81,258.563
1780890085.404137,39.268,9.714,-0.023,-0.002,253.401,262.406,258.572
1780890085.442369,39.268,9.714,-0.023,-0.002,253.401,262.406,258.572
1780890085.4427252,36.958,8.786,-0.021,-0.002,253.802,262.14,258.386
1780890085.44307,34.93,8.071,-0.02,-0.001,254.106,261.949,258.237
1780890085.453258,33.803,7.786,-0.019,-0.001,254.266,261.827,258.181
1780890085.467768,32.845,7.714,-0.018,-0.001,254.381,261.712,258.166
1780890085.478152,31.944,7.214,-0.018,-0.0,254.524,261.649,258.072
1780890085.492018,29.127,6.286,-0.016,0.0,254.955,261.344,257.904
1780890085.502402,27.718,6.0,-0.015,0.001,255.152,261.175,257.857
1780890085.516259,26.648,5.643,-0.014,0.001,255.302,261.071,257.797
1780890085.5272489,25.296,5.571,-0.013,0.001,255.47,260.892,257.791
1780890085.5409348,24.056,4.643,-0.013,0.002,255.697,260.817,257.628
1780890085.5547452,21.577,2.714,-0.011,0.003,256.204,260.629,257.285
1780890085.565397,20.113,2.714,-0.01,0.003,256.373,260.427,257.303
1780890085.5798662,18.704,1.714,-0.009,0.004,256.625,260.333,257.137
1780890085.590442,16.056,0.571,-0.008,0.005,257.024,260.09,256.966
1780890085.603963,14.873,-0.071,-0.007,0.005,257.208,259.998,256.87
1780890085.6143382,14.873,-0.071,-0.007,0.005,257.208,259.998,256.87
1780890085.6289349,11.606,-1.571,-0.005,0.006,257.803,259.643,256.62
1780890085.666384,8.845,-2.786,-0.003,0.007,258.213,259.399,256.452
1780890085.666678,7.38,-3.786,-0.002,0.008,258.47,259.299,256.298
1780890085.667336,6.31,-5.286,-0.001,0.009,258.709,259.311,256.056
1780890085.677927,4.676,-5.5,-0.0,0.009,258.921,259.106,256.049
1780890085.691553,2.141,-7.0,0.001,0.01,259.403,258.876,255.811
1780890085.702086,2.141,-7.0,0.001,0.01,259.403,258.876,255.811
1780890085.7156842,-0.732,-8.357,0.003,0.011,259.926,258.582,255.602
1780890085.7301629,-0.732,-8.357,0.003,0.011,259.926,258.582,255.602
1780890085.74076,-4.845,-11.214,0.006,0.013,260.704,258.285,255.17
1780890085.7547069,-6.479,-11.571,0.007,0.013,260.919,258.103,255.147
1780890085.765053,-7.775,-12.571,0.008,0.013,261.143,258.037,255.008
1780890085.779603,-7.775,-12.571,0.008,0.013,261.143,258.037,255.008
1780890085.7932549,-11.268,-15.429,0.01,0.015,261.832,257.836,254.586
1780890085.8037078,-13.239,-16.071,0.011,0.016,262.141,257.625,254.515
1780890085.818089,-13.746,-16.5,0.011,0.016,262.175,257.63,254.481
1780890085.828898,-15.549,-17.643,0.012,0.016,262.513,257.491,254.319
1780890085.8424351,-18.254,-18.143,0.014,0.017,262.856,257.191,254.308
1780890085.877574,-18.761,-19.0,0.014,0.017,262.944,257.233,254.193
1780890085.877996,-19.944,-19.643,0.014,0.017,263.135,257.143,254.114
1780890085.881165,-20.789,-20.0,0.015,0.018,263.24,257.081,254.085
1780890085.8948412,-22.986,-21.714,0.016,0.019,263.652,256.963,253.849
1780890085.90533,-22.986,-21.714,0.016,0.019,263.652,256.963,253.849
1780890085.9196448,-25.183,-22.714,0.017,0.019,264.072,256.742,253.707
1780890085.930238,-26.93,-23.429,0.018,0.02,264.302,256.606,253.647
1780890085.944036,-27.944,-23.714,0.019,0.02,264.441,256.507,253.626
1780890085.958575,-28.676,-24.214,0.019,0.02,264.554,256.472,253.567
1780890085.969028,-29.521,-24.571,0.02,0.02,264.675,256.404,253.532
1780890085.9827998,-31.042,-24.786,0.02,0.02,264.842,256.25,253.544
1780890085.9971461,-31.549,-25.5,0.021,0.021,264.949,256.265,253.442
1780890086.007668,-32.451,-25.929,0.021,0.021,265.101,256.19,253.39
1780890086.02126,-33.014,-25.714,0.021,0.02,265.124,256.111,253.447
1780890086.032199,-33.014,-25.714,0.021,0.02,265.124,256.111,253.447
1780890086.0456169,-34.817,-26.643,0.023,0.021,265.502,255.941,253.306
1780890086.079581,-35.099,-26.643,0.023,0.021,265.495,255.926,253.326
1780890086.079995,-36.0,-26.786,0.023,0.021,265.571,255.852,253.335
1780890086.084088,-36.0,-26.786,0.023,0.021,265.571,255.852,253.335
1780890086.0982552,-36.0,-26.786,0.023,0.021,265.571,255.852,253.335
1780890086.108762,-36.0,-26.786,0.023,0.021,265.571,255.852,253.335
1780890086.122474,-36.0,-26.786,0.023,0.021,265.571,255.852,253.335
1780890086.133023,-37.634,-26.857,0.024,0.021,265.835,255.631,253.337
1780890086.147399,-37.972,-26.143,0.024,0.02,265.771,255.544,253.472
1780890086.1617239,-38.141,-25.643,0.024,0.02,265.705,255.501,253.566
1780890086.171948,-38.141,-25.214,0.024,0.02,265.585,255.514,253.65
1780890086.185533,-37.859,-25.286,0.024,0.02,265.511,255.586,253.64
1780890086.200012,-37.803,-25.0,0.023,0.019,265.445,255.588,253.692
1780890086.2108521,-37.408,-24.929,0.023,0.019,265.343,255.66,253.705
1780890086.2243662,-36.845,-24.0,0.022,0.019,265.11,255.689,253.866
1780890086.235156,-36.169,-23.643,0.022,0.018,264.94,255.773,253.923
1780890086.2495449,-36.056,-22.857,0.022,0.018,264.834,255.729,254.053
1780890086.285281,-35.437,-21.929,0.021,0.017,264.626,255.758,254.197
1780890086.28568,-35.042,-21.071,0.021,0.016,264.47,255.749,254.335
1780890086.2880378,-34.592,-20.143,0.021,0.016,264.301,255.742,254.483
1780890086.301721,-34.197,-19.429,0.02,0.015,264.168,255.745,254.591
1780890086.312311,-32.901,-18.857,0.019,0.015,263.91,255.902,254.655
1780890086.3260858,-32.113,-18.357,0.019,0.015,263.737,255.979,254.726
1780890086.337304,-31.662,-17.643,0.018,0.014,263.606,255.984,254.833
1780890086.351064,-30.197,-17.143,0.017,0.014,263.345,256.162,254.883
1780890086.3648782,-29.634,-16.286,0.017,0.013,263.185,256.167,255.015
1780890086.3753421,-28.732,-16.0,0.016,0.013,263.027,256.276,255.046
1780890086.389908,-28.732,-16.0,0.016,0.013,263.027,256.276,255.046
1780890086.40367,-26.366,-14.143,0.015,0.012,262.493,256.457,255.334
1780890086.4140632,-25.521,-13.786,0.014,0.012,262.35,256.546,255.373
1780890086.428601,-24.451,-12.786,0.013,0.011,262.104,256.61,255.528
1780890086.439276,-23.493,-12.357,0.013,0.011,261.939,256.708,255.579
1780890086.452995,-21.634,-11.143,0.012,0.01,261.589,256.859,255.746
1780890086.488854,-20.507,-11.0,0.011,0.01,261.428,257.006,255.746
1780890086.489334,-19.775,-10.286,0.01,0.009,261.279,257.038,255.85
1780890086.49153,-17.014,-9.071,0.008,0.009,260.739,257.346,256.043
1780890086.5018811,-16.451,-8.143,0.008,0.008,260.61,257.325,256.182
1780890086.51566,-16.451,-8.143,0.008,0.008,260.61,257.325,256.182
1780890086.529997,-14.31,-6.929,0.007,0.007,260.188,257.532,256.372
1780890086.5405061,-11.887,-6.143,0.005,0.007,259.83,257.791,256.453
1780890086.5542111,-10.761,-5.643,0.004,0.007,259.656,257.897,256.515
1780890086.564945,-9.803,-4.929,0.004,0.006,259.491,257.955,256.615
1780890086.579364,-8.62,-4.5,0.003,0.006,259.315,258.077,256.664
1780890086.593154,-6.366,-3.214,0.002,0.005,258.944,258.262,256.839
1780890086.603559,-4.958,-2.286,0.001,0.004,258.687,258.373,256.98
1780890086.618036,-3.662,-1.857,-0.0,0.004,258.497,258.512,257.028
1780890086.628744,-2.479,-1.5,-0.001,0.004,258.334,258.639,257.064
1780890086.6423948,-0.282,0.143,-0.002,0.003,257.947,258.777,257.31
1780890086.653023,1.014,0.214,-0.003,0.003,257.794,258.95,257.293
1780890086.6674151,2.31,0.643,-0.004,0.003,257.607,259.089,257.345
1780890086.705329,3.38,0.786,-0.004,0.003,257.482,259.216,257.345
1780890086.705753,5.746,1.571,-0.006,0.002,257.152,259.461,257.44
1780890086.706083,7.099,1.786,-0.007,0.002,256.975,259.628,257.456
1780890086.715837,8.169,1.786,-0.007,0.002,256.863,259.768,257.435
1780890086.730221,9.239,2.0,-0.008,0.002,256.731,259.887,257.455
1780890086.74074,11.718,3.071,-0.009,0.002,256.354,260.118,257.616
1780890086.754414,11.718,3.071,-0.009,0.002,256.354,260.118,257.616
1780890086.7649128,14.141,3.071,-0.011,0.002,256.032,260.486,257.596
1780890086.7792242,15.211,3.429,-0.012,0.002,255.893,260.587,257.644
1780890086.78991,17.521,3.857,-0.013,0.001,255.613,260.846,257.687
1780890086.8033988,18.423,4.071,-0.013,0.001,255.51,260.934,257.71
1780890086.8140469,18.423,4.071,-0.013,0.001,255.51,260.934,257.71
1780890086.828507,20.676,3.786,-0.015,0.002,255.242,261.303,257.642
1780890086.84209,21.352,3.5,-0.015,0.002,255.219,261.398,257.577
1780890086.852756,23.718,3.071,-0.017,0.002,254.947,261.799,257.487
1780890086.866272,24.676,2.786,-0.017,0.003,254.881,261.939,257.428
1780890086.877644,24.676,2.786,-0.017,0.003,254.881,261.939,257.428
1780890086.891157,26.704,2.357,-0.019,0.003,254.662,262.28,257.344
1780890086.929066,27.324,2.071,-0.019,0.003,254.645,262.359,257.289
1780890086.929466,29.408,1.714,-0.02,0.003,254.41,262.704,257.222
1780890086.929835,30.141,1.357,-0.021,0.004,254.381,262.809,257.157
1780890086.940436,31.662,1.071,-0.022,0.004,254.269,262.992,257.109
1780890086.95412,32.563,1.071,-0.022,0.004,254.176,263.098,257.112
1780890086.9646678,33.465,0.143,-0.022,0.005,254.163,263.3,256.945
1780890086.979079,33.859,0.857,-0.023,0.004,254.08,263.244,257.082
1780890086.9894469,35.099,-0.643,-0.023,0.005,254.093,263.523,256.821
1780890087.003381,35.099,-0.643,-0.023,0.005,254.093,263.523,256.821
1780890087.0178912,36.282,-2.0,-0.024,0.006,254.064,263.827,256.583
1780890087.028391,36.732,-2.643,-0.024,0.007,254.082,263.924,256.481
1780890087.042082,37.746,-3.929,-0.025,0.008,254.091,264.143,256.28
1780890087.052584,38.197,-4.357,-0.025,0.008,254.082,264.222,256.221
1780890087.067088,38.648,-4.786,-0.025,0.008,254.072,264.303,256.162
1780890087.080734,39.099,-4.857,-0.025,0.008,254.03,264.349,256.166
1780890087.091419,39.38,-6.286,-0.025,0.009,254.143,264.468,255.947
1780890087.105058,39.887,-6.857,-0.025,0.009,254.129,264.583,255.863
1780890087.140948,40.0,-7.286,-0.025,0.01,254.161,264.611,255.806
1780890087.141233,40.338,-7.5,-0.026,0.01,254.139,264.66,255.788
1780890087.143745,40.394,-9.214,-0.025,0.011,254.295,264.787,255.521
1780890087.154185,40.394,-9.786,-0.025,0.011,254.349,264.816,255.441
1780890087.168592,40.676,-10.286,-0.026,0.012,254.352,264.892,255.375
1780890087.179223,40.563,-10.643,-0.025,0.012,254.402,264.881,255.334
1780890087.192939,40.338,-12.0,-0.025,0.013,254.551,264.933,255.138
1780890087.2073998,40.225,-12.714,-0.025,0.013,254.627,264.966,255.035
1780890087.237736,40.056,-13.0,-0.025,0.013,254.672,264.943,255.008
1780890087.238142,39.493,-14.214,-0.024,0.014,254.848,264.932,254.841
1780890087.242146,39.38,-14.714,-0.024,0.014,254.899,264.949,254.776
1780890087.255958,39.211,-15.286,-0.024,0.015,254.964,264.964,254.698
1780890087.270399,38.761,-15.5,-0.024,0.015,255.04,264.891,254.683
1780890087.280917,38.197,-16.571,-0.023,0.015,255.193,264.882,254.539
1780890087.294819,37.465,-17.214,-0.023,0.016,255.347,264.808,254.449
1780890087.309192,37.239,-17.357,-0.023,0.016,255.376,264.777,254.446
1780890087.319702,36.845,-17.786,-0.022,0.016,255.457,264.747,254.391
1780890087.333521,35.775,-18.429,-0.022,0.016,255.642,264.616,254.318
1780890087.34422,35.324,-18.357,-0.021,0.016,255.685,264.528,254.349
1780890087.3588219,34.479,-18.857,-0.021,0.017,255.839,264.431,254.279
1780890087.372183,33.521,-19.857,-0.02,0.017,256.031,264.376,254.138
1780890087.3828611,33.014,-19.857,-0.02,0.017,256.085,264.292,254.156
1780890087.397106,33.014,-19.857,-0.02,0.017,256.085,264.292,254.156
1780890087.4110332,33.014,-19.857,-0.02,0.017,256.085,264.292,254.156
1780890087.448087,30.197,-20.786,-0.018,0.018,256.551,263.906,254.029
1780890087.4484391,29.296,-21.143,-0.017,0.018,256.693,263.799,253.983
1780890087.448809,29.296,-21.143,-0.017,0.018,256.693,263.799,253.983
1780890087.459906,27.662,-21.643,-0.016,0.018,256.962,263.577,253.912
1780890087.473691,26.141,-21.714,-0.015,0.018,257.135,263.361,253.931
1780890087.4842188,25.07,-22.143,-0.014,0.019,257.307,263.24,253.87
1780890087.4986858,24.282,-22.143,-0.014,0.018,257.394,263.127,253.883
1780890087.5124228,22.704,-22.357,-0.013,0.019,257.59,262.926,253.87
1780890087.522934,21.296,-22.143,-0.012,0.018,257.759,262.686,253.917
1780890087.537408,20.563,-22.143,-0.011,0.018,257.838,262.59,253.925
1780890087.547998,19.775,-22.214,-0.011,0.018,257.933,262.492,253.92
1780890087.562117,18.141,-22.0,-0.01,0.018,258.1,262.253,253.97
1780890087.575448,16.901,-22.0,-0.009,0.018,258.264,262.072,253.974
1780890087.586103,15.775,-22.071,-0.008,0.018,258.416,261.92,253.966
1780890087.600477,14.873,-21.571,-0.008,0.018,258.477,261.752,254.055
1780890087.6140459,12.732,-21.571,-0.006,0.018,258.75,261.46,254.058
1780890087.65169,11.718,-21.071,-0.006,0.017,258.83,261.278,254.145
1780890087.652093,10.761,-20.786,-0.005,0.017,258.922,261.128,254.193
1780890087.6524348,8.282,-20.143,-0.004,0.017,259.23,260.688,254.301
1780890087.663382,7.606,-19.643,-0.003,0.016,259.252,260.575,254.382
1780890087.677804,5.634,-18.929,-0.002,0.016,259.47,260.224,254.499
1780890087.6882482,5.352,-18.929,-0.002,0.016,259.474,260.23,254.489
1780890087.701955,3.099,-18.643,-0.0,0.016,259.741,259.925,254.522
1780890087.712459,2.366,-18.429,-0.0,0.015,259.802,259.832,254.55
1780890087.726989,1.408,-18.0,0.0,0.015,259.882,259.68,254.616
1780890087.740704,0.282,-17.929,0.001,0.015,260.026,259.535,254.618
1780890087.75136,-2.028,-17.0,0.003,0.014,260.247,259.164,254.76
1780890087.7651358,-3.155,-16.714,0.003,0.014,260.37,259.002,254.799
1780890087.7755551,-3.662,-16.5,0.004,0.014,260.397,258.949,254.824
1780890087.789994,-5.127,-15.857,0.004,0.014,260.545,258.697,254.925
1780890087.803636,-7.211,-15.786,0.006,0.014,260.814,258.451,254.913
1780890087.814204,-8.056,-15.357,0.006,0.013,260.878,258.323,254.976
1780890087.828678,-9.127,-13.929,0.007,0.012,260.884,258.065,255.215
1780890087.865003,-9.803,-14.143,0.007,0.013,260.986,258.027,255.16
1780890087.865401,-11.606,-12.857,0.008,0.012,261.099,257.716,255.355
1780890087.867296,-12.62,-12.429,0.009,0.011,261.199,257.562,255.413
1780890087.878033,-13.352,-12.0,0.009,0.011,261.25,257.454,255.471
1780890087.891692,-15.437,-10.571,0.011,0.01,261.406,257.086,255.688
1780890087.902227,-15.887,-10.643,0.011,0.01,261.461,257.069,255.655
1780890087.916079,-16.62,-10.071,0.011,0.01,261.501,256.947,255.738
1780890087.93029,-17.634,-9.571,0.012,0.01,261.599,256.787,255.807
1780890087.940927,-19.211,-8.643,0.013,0.009,261.75,256.5,255.953
1780890087.9546938,-19.887,-8.071,0.013,0.009,261.781,256.392,256.033
1780890087.96542,-20.451,-7.357,0.013,0.008,261.78,256.287,256.139
1780890087.980031,-21.408,-6.714,0.014,0.008,261.856,256.126,256.231
1780890087.9935172,-22.535,-6.357,0.015,0.008,261.965,256.009,256.249
1780890088.0041542,-23.042,-5.786,0.015,0.007,261.972,255.921,256.331
1780890088.018429,-23.662,-5.214,0.015,0.007,262.001,255.816,256.412
1780890088.0289412,-24.056,-4.714,0.015,0.007,261.998,255.751,256.48
1780890088.04268,-25.352,-3.5,0.016,0.006,262.064,255.52,256.655
1780890088.080323,-25.746,-3.643,0.016,0.006,262.129,255.51,256.606
1780890088.080729,-26.197,-3.0,0.016,0.006,262.125,255.42,256.702
1780890088.081228,-26.197,-2.643,0.016,0.006,262.073,255.423,256.745
1780890088.091831,-27.042,-1.786,0.017,0.005,262.108,255.281,256.859
1780890088.105581,-27.38,-1.429,0.017,0.005,262.119,255.228,256.904
1780890088.1198988,-27.775,-0.857,0.017,0.004,262.119,255.146,256.987
1780890088.130552,-28.169,-0.571,0.017,0.004,262.139,255.117,257.0
1780890088.144158,-28.451,-0.286,0.017,0.004,262.15,255.074,257.034
1780890088.176873,-28.507,0.071,0.017,0.004,262.116,255.058,257.081
1780890088.177204,-28.394,0.214,0.017,0.004,262.076,255.085,257.09
1780890088.179901,-28.958,0.714,0.018,0.004,262.114,254.995,257.149
1780890088.193407,-28.789,1.071,0.017,0.004,262.044,255.008,257.199
1780890088.207724,-28.62,1.571,0.017,0.003,261.963,255.007,257.275
1780890088.2182589,-28.676,1.429,0.017,0.003,261.987,255.026,257.233
1780890088.231966,-28.676,1.5,0.017,0.003,261.98,255.046,257.219
1780890088.242513,-28.563,1.5,0.017,0.003,261.96,255.074,257.208
1780890088.256845,-28.732,1.429,0.017,0.004,261.998,255.063,257.184
1780890088.284718,-28.62,1.714,0.017,0.003,261.95,255.064,257.228
1780890088.2850182,-28.225,0.929,0.017,0.004,261.962,255.207,257.068
1780890088.291643,-27.944,0.714,0.016,0.004,261.936,255.272,257.025
1780890088.30544,-28.0,0.643,0.016,0.004,261.955,255.271,257.009
1780890088.319788,-27.268,0.357,0.016,0.005,261.859,255.409,256.956
1780890088.330428,-26.817,-0.357,0.016,0.005,261.86,255.534,256.825
1780890088.3444018,-26.423,-0.643,0.015,0.005,261.824,255.614,256.776
1780890088.3546822,-25.972,-1.429,0.015,0.006,261.829,255.746,256.638
1780890088.369132,-25.69,-1.357,0.015,0.006,261.778,255.773,256.658
1780890088.382776,-24.901,-1.714,0.014,0.006,261.69,255.904,256.605
1780890088.393434,-24.901,-1.714,0.014,0.006,261.69,255.904,256.605
1780890088.4076538,-23.549,-2.571,0.013,0.007,261.55,256.178,256.457
1780890088.4182642,-23.268,-3.429,0.013,0.007,261.596,256.28,256.312
1780890088.432158,-22.028,-3.929,0.012,0.008,261.453,256.477,256.246
1780890088.445933,-21.465,-4.786,0.012,0.008,261.452,256.621,256.104
1780890088.457063,-20.394,-4.071,0.011,0.008,261.209,256.7,256.247
1780890088.470866,-19.831,-4.643,0.011,0.008,261.184,256.816,256.154
1780890088.508608,-18.479,-5.786,0.01,0.009,261.096,257.082,255.973
1780890088.509009,-17.69,-5.786,0.009,0.009,260.977,257.178,255.988
1780890088.5093582,-16.901,-5.857,0.009,0.009,260.868,257.281,255.988
1780890088.519826,-16.451,-6.286,0.009,0.009,260.852,257.362,255.923
1780890088.533699,-14.592,-6.786,0.007,0.009,260.624,257.644,255.858
1780890088.5442429,-14.141,-7.357,0.007,0.01,260.624,257.736,255.769
1780890088.558497,-13.014,-8.429,0.006,0.011,260.557,257.983,255.591
1780890088.5690932,-13.014,-8.429,0.006,0.011,260.557,257.983,255.591
1780890088.582813,-10.254,-9.429,0.004,0.011,260.235,258.443,255.449
1780890088.597211,-9.634,-10.214,0.004,0.012,260.231,258.575,255.327
1780890088.607893,-8.563,-10.643,0.003,0.012,260.116,258.747,255.27
1780890088.621994,-7.099,-11.214,0.002,0.012,259.975,258.954,255.206
1780890088.632193,-6.197,-11.786,0.002,0.013,259.903,259.113,255.122
1780890088.646178,-5.127,-12.0,0.001,0.013,259.77,259.266,255.103
1780890088.660351,-4.282,-12.5,0.001,0.013,259.703,259.409,255.032
1780890088.671052,-2.31,-13.0,-0.001,0.013,259.476,259.693,254.978
1780890088.684712,-1.183,-13.357,-0.001,0.014,259.351,259.869,254.932
1780890088.7231889,-0.394,-13.643,-0.002,0.014,259.277,259.982,254.897
1780890088.723617,-0.394,-13.643,-0.002,0.014,259.277,259.982,254.897
1780890088.723946,2.366,-14.357,-0.004,0.014,258.951,260.417,254.804
1780890088.7337039,2.366,-14.357,-0.004,0.014,258.951,260.417,254.804
1780890088.7478569,4.225,-15.071,-0.005,0.015,258.746,260.751,254.694
1780890088.761792,5.352,-15.714,-0.006,0.015,258.656,260.95,254.598
1780890088.772196,7.38,-16.286,-0.007,0.016,258.414,261.296,254.515
1780890088.785988,7.944,-16.571,-0.007,0.016,258.386,261.362,254.484
1780890088.7970428,8.901,-16.357,-0.008,0.015,258.246,261.448,254.538
1780890088.811072,9.859,-16.571,-0.008,0.016,258.147,261.579,254.516
1780890088.8247209,11.662,-17.357,-0.009,0.016,257.999,261.863,254.405
1780890088.83531,12.507,-17.143,-0.01,0.016,257.877,261.935,254.457
1780890088.849623,13.69,-17.286,-0.011,0.016,257.735,262.104,254.444
1780890088.8605492,15.437,-17.429,-0.012,0.016,257.538,262.323,254.44
1780890088.87412,16.056,-17.5,-0.012,0.016,257.48,262.389,254.437
1780890088.888435,16.958,-17.643,-0.012,0.016,257.382,262.514,254.421
1780890088.925466,18.141,-17.571,-0.013,0.016,257.221,262.668,254.441
1780890088.9259012,19.38,-17.429,-0.014,0.016,257.078,262.783,254.479
1780890088.9271219,20.394,-17.714,-0.014,0.016,256.977,262.948,254.434
1780890088.937611,20.845,-17.643,-0.015,0.016,256.932,262.977,254.452
1780890088.951326,21.69,-17.714,-0.015,0.016,256.836,263.093,254.444
1780890088.961875,23.099,-17.429,-0.016,0.016,256.651,263.235,254.501
1780890088.975638,23.549,-17.071,-0.016,0.015,256.579,263.241,254.565
1780890088.9900181,24.507,-17.571,-0.017,0.016,256.504,263.428,254.478
1780890089.00079,25.634,-17.357,-0.017,0.016,256.368,263.536,254.518
1780890089.014289,26.592,-17.214,-0.018,0.015,256.234,263.659,254.544
1780890089.028805,27.211,-16.857,-0.018,0.015,256.135,263.7,254.606
1780890089.039505,27.606,-16.786,-0.018,0.015,256.096,263.731,254.617
1780890089.053144,28.732,-16.643,-0.019,0.015,255.963,263.86,254.638
1780890089.0638888,29.408,-16.357,-0.019,0.015,255.86,263.923,254.685
1780890089.078153,29.746,-16.143,-0.02,0.015,255.816,263.934,254.719
1780890089.091879,30.31,-16.357,-0.02,0.015,255.774,264.032,254.677
1780890089.129963,31.268,-15.857,-0.02,0.014,255.631,264.104,254.757
1780890089.130343,31.211,-16.0,-0.02,0.015,255.677,264.086,254.728
1780890089.13065,31.211,-16.0,-0.02,0.015,255.677,264.086,254.728
1780890089.140893,32.901,-14.714,-0.022,0.014,255.325,264.236,254.949
1780890089.1545851,32.507,-14.5,-0.021,0.013,255.395,264.12,254.978
1780890089.165201,33.07,-14.357,-0.021,0.013,255.32,264.189,254.993
1780890089.179808,33.127,-13.857,-0.021,0.013,255.292,264.129,255.073
1780890089.1934762,33.127,-13.286,-0.021,0.013,255.286,264.042,255.152
1780890089.203938,33.352,-12.714,-0.021,0.012,255.221,264.013,255.241
1780890089.2185621,33.746,-12.571,-0.022,0.012,255.167,264.061,255.254
1780890089.232384,33.521,-12.286,-0.021,0.012,255.196,263.982,255.293
1780890089.243178,33.634,-11.5,-0.021,0.011,255.143,263.911,255.407
1780890089.257206,33.577,-11.214,-0.021,0.011,255.142,263.869,255.445
1780890089.26804,33.803,-10.5,-0.021,0.011,255.058,263.834,255.558
1780890089.281613,33.746,-10.143,-0.021,0.011,255.063,263.788,255.593
1780890089.2954261,33.521,-9.643,-0.021,0.01,255.066,263.698,255.669
1780890089.33361,33.577,-9.071,-0.021,0.01,255.018,263.653,255.755
1780890089.3340008,33.465,-8.571,-0.021,0.01,255.003,263.586,255.829
1780890089.3343291,32.789,-8.429,-0.02,0.01,255.113,263.466,255.822
1780890089.344645,32.789,-8.071,-0.02,0.009,255.088,263.438,255.871
1780890089.358934,32.225,-7.571,-0.02,0.009,255.136,263.296,255.947
1780890089.3694441,32.169,-7.571,-0.02,0.009,255.149,263.298,255.931
1780890089.3831239,31.211,-6.714,-0.019,0.009,255.225,263.069,256.056
1780890089.3937972,30.817,-6.357,-0.019,0.008,255.255,262.978,256.105
1780890089.4080498,30.31,-6.143,-0.019,0.008,255.314,262.884,256.129
1780890089.4217741,30.085,-6.0,-0.018,0.008,255.334,262.848,256.14
1780890089.432502,29.07,-5.214,-0.018,0.008,255.416,262.628,256.253
1780890089.4462159,28.507,-5.214,-0.017,0.008,255.498,262.55,256.239
1780890089.457267,27.775,-5.143,-0.017,0.008,255.598,262.437,256.24
1780890089.471049,27.437,-4.643,-0.017,0.007,255.598,262.35,256.317
1780890089.4847438,26.31,-4.071,-0.016,0.007,255.705,262.144,256.395
1780890089.495299,25.352,-4.286,-0.015,0.007,255.862,262.025,256.343
1780890089.509467,25.127,-4.214,-0.015,0.007,255.878,262.005,256.346
1780890089.549152,23.606,-3.714,-0.014,0.007,256.041,261.747,256.414
1780890089.5494452,23.606,-3.714,-0.014,0.007,256.041,261.747,256.414
1780890089.5497758,23.606,-3.714,-0.014,0.007,256.041,261.747,256.414
1780890089.5584571,21.07,-3.071,-0.012,0.007,256.363,261.277,256.521
1780890089.5721412,20.563,-2.643,-0.012,0.006,256.382,261.186,256.586
1780890089.582817,20.563,-2.643,-0.012,0.006,256.382,261.186,256.586
1780890089.5971682,18.028,-2.571,-0.01,0.006,256.752,260.785,256.587
1780890089.607625,17.465,-2.214,-0.01,0.006,256.78,260.699,256.639
1780890089.6213481,15.775,-1.929,-0.009,0.006,256.966,260.472,256.665
1780890089.635243,14.817,-1.357,-0.008,0.005,257.037,260.298,256.758
1780890089.6457112,14.254,-1.357,-0.008,0.006,257.098,260.246,256.745
1780890089.660218,13.127,-1.286,-0.007,0.006,257.243,260.092,256.747
1780890089.6708229,11.606,-1.571,-0.006,0.006,257.452,259.947,256.677
1780890089.684577,10.761,-1.357,-0.006,0.006,257.536,259.825,256.708
1780890089.6989639,9.746,-1.286,-0.005,0.006,257.662,259.689,256.714
1780890089.7096498,8.901,-1.286,-0.004,0.006,257.766,259.589,256.707
1780890089.723258,7.155,-1.286,-0.003,0.006,257.983,259.378,256.695
1780890089.761122,6.141,-1.286,-0.003,0.006,258.114,259.25,256.69
1780890089.7615821,5.465,-1.143,-0.002,0.006,258.176,259.164,256.711
1780890089.761929,4.451,-1.214,-0.002,0.006,258.315,259.042,256.693
1780890089.7724302,2.986,-1.643,-0.001,0.006,258.524,258.921,256.607
1780890089.782969,1.465,-1.643,0.0,0.006,258.738,258.708,256.605
1780890089.7973151,1.408,-1.571,-0.0,0.006,258.704,258.729,256.617
1780890089.811081,1.408,-1.571,-0.0,0.006,258.704,258.729,256.617
1780890089.821419,-1.183,-2.143,0.002,0.007,259.11,258.434,256.512
1780890089.835291,-1.183,-2.143,0.002,0.007,259.11,258.434,256.512
1780890089.8457758,-1.183,-2.143,0.002,0.007,259.11,258.434,256.512
1780890089.860193,-3.718,-2.571,0.004,0.007,259.529,258.101,256.436
1780890089.87044,-4.451,-3.071,0.004,0.007,259.653,258.07,256.349
1780890089.884365,-6.479,-2.929,0.005,0.007,259.93,257.771,256.38
1780890089.898541,-7.38,-3.857,0.006,0.008,260.12,257.755,256.217
1780890089.909272,-7.775,-4.0,0.006,0.008,260.15,257.745,256.199
1780890089.9228039,-9.408,-3.786,0.007,0.008,260.356,257.502,256.244
1780890089.933512,-10.085,-4.0,0.007,0.008,260.441,257.455,256.211
1780890089.947624,-10.817,-4.286,0.008,0.008,260.545,257.403,256.166
1780890089.9846358,-11.437,-4.571,0.008,0.008,260.631,257.367,256.121
1780890089.985033,-12.732,-4.786,0.009,0.008,260.782,257.25,256.097
1780890089.985715,-13.296,-5.214,0.009,0.009,260.877,257.232,256.027
1780890089.99691,-14.141,-5.357,0.009,0.009,260.993,257.141,256.009
1780890090.0107121,-14.761,-5.5,0.01,0.009,261.072,257.086,255.991
1780890090.02106,-16.282,-5.857,0.011,0.009,261.287,256.935,255.944
1780890090.0349262,-16.676,-6.0,0.011,0.009,261.33,256.914,255.925
1780890090.04928,-16.789,-6.357,0.011,0.009,261.347,256.956,255.869
1780890090.0598242,-17.915,-6.5,0.011,0.009,261.52,256.815,255.851
1780890090.073524,-18.817,-7.929,0.012,0.011,261.746,256.849,255.614
1780890090.084183,-18.93,-7.571,0.012,0.01,261.694,256.82,255.689
1780890090.098824,-19.831,-7.857,0.012,0.01,261.845,256.723,255.648
1780890090.112293,-20.113,-8.571,0.012,0.011,261.901,256.781,255.541
1780890090.1229749,-20.225,-9.071,0.012,0.011,261.941,256.825,255.463
1780890090.137321,-20.394,-9.429,0.012,0.011,261.978,256.844,255.412
1780890090.147577,-20.789,-10.214,0.013,0.012,262.097,256.865,255.285
1780890090.161793,-21.746,-10.5,0.013,0.012,262.265,256.751,255.248
1780890090.198923,-21.577,-10.571,0.013,0.012,262.213,256.796,255.249
1780890090.199311,-21.352,-10.857,0.013,0.012,262.177,256.868,255.212
1780890090.200214,-22.366,-10.929,0.014,0.012,262.337,256.722,255.212
1780890090.214033,-22.31,-11.071,0.013,0.012,262.295,256.764,255.208
1780890090.224564,-22.535,-11.143,0.014,0.012,262.322,256.743,255.206
1780890090.2389,-22.423,-11.143,0.013,0.012,262.283,256.768,255.215
1780890090.249551,-22.423,-11.143,0.013,0.012,262.267,256.774,255.223
1780890090.2636101,-22.423,-11.429,0.013,0.012,262.268,256.811,255.186
1780890090.27794,-22.761,-11.571,0.013,0.013,262.329,256.775,255.168
1780890090.2883358,-22.761,-11.643,0.013,0.013,262.323,256.785,255.162
1780890090.302117,-22.254,-12.286,0.013,0.013,262.278,256.929,255.062
1780890090.316064,-22.254,-12.786,0.013,0.013,262.32,256.974,254.982
1780890090.327183,-22.197,-12.714,0.013,0.013,262.295,256.975,255.004
1780890090.341024,-22.141,-12.857,0.013,0.013,262.293,256.995,254.986
1780890090.35166,-21.746,-12.643,0.012,0.013,262.194,257.033,255.037
1780890090.365113,-21.859,-12.214,0.013,0.013,262.168,256.973,255.117
1780890090.401189,-21.465,-11.929,0.012,0.013,262.069,257.008,255.17
1780890090.401603,-21.352,-11.714,0.012,0.012,262.031,257.003,255.209
1780890090.403852,-21.465,-11.571,0.012,0.012,262.039,256.97,255.234
1780890090.418377,-21.408,-11.5,0.012,0.012,262.024,256.971,255.246
1780890090.429068,-20.62,-11.929,0.012,0.013,261.933,257.134,255.17
1780890090.442812,-20.056,-11.786,0.011,0.012,261.831,257.199,255.197
1780890090.453266,-19.662,-11.214,0.011,0.012,261.713,257.203,255.298
1780890090.467561,-19.437,-11.143,0.011,0.012,261.677,257.227,255.308
1780890090.481309,-18.873,-11.357,0.01,0.012,261.611,257.329,255.267
1780890090.49194,-18.423,-11.786,0.01,0.012,261.598,257.423,255.188
1780890090.50576,-17.859,-11.714,0.01,0.012,261.504,257.497,255.201
1780890090.520115,-17.634,-11.714,0.01,0.012,261.477,257.522,255.201
1780890090.5308979,-16.789,-12.929,0.009,0.013,261.475,257.745,254.99
1780890090.544479,-16.563,-13.571,0.009,0.014,261.51,257.825,254.882
1780890090.555125,-16.338,-13.571,0.009,0.014,261.48,257.846,254.889
1780890090.569484,-15.38,-12.857,0.008,0.013,261.255,257.919,255.02
1780890090.606655,-14.873,-13.143,0.008,0.013,261.223,257.997,254.974
1780890090.607139,-13.972,-13.071,0.007,0.013,261.076,258.12,254.99
1780890090.607875,-13.577,-12.857,0.007,0.013,261.004,258.146,255.03
1780890090.6217291,-13.014,-12.857,0.007,0.013,260.925,258.221,255.031
1780890090.632322,-11.944,-13.286,0.006,0.014,260.821,258.397,254.958
1780890090.646026,-11.099,-12.857,0.005,0.013,260.654,258.475,255.036
1780890090.657262,-10.479,-12.929,0.005,0.013,260.576,258.562,255.023
1780890090.671058,-9.296,-12.286,0.004,0.013,260.36,258.654,255.134
1780890090.684963,-8.563,-12.571,0.004,0.013,260.288,258.78,255.081
1780890090.695504,-8.113,-12.357,0.003,0.013,260.215,258.812,255.118
1780890090.7097821,-7.324,-12.357,0.003,0.013,260.106,258.92,255.116
1780890090.7205272,-6.085,-12.214,0.002,0.013,259.934,259.066,255.139
1780890090.734269,-5.352,-11.857,0.002,0.012,259.803,259.13,255.199
1780890090.748637,-4.901,-11.714,0.001,0.012,259.741,259.168,255.221
1780890090.759216,-4.394,-11.857,0.001,0.012,259.696,259.244,255.192
1780890090.7729862,-2.648,-11.429,-0.0,0.012,259.42,259.446,255.259
1780890090.809906,-1.859,-11.429,-0.001,0.012,259.318,259.553,255.255
1780890090.810273,-1.239,-11.357,-0.001,0.012,259.238,259.624,255.264
1780890090.811487,-0.338,-11.0,-0.002,0.012,259.084,259.715,255.323
1780890090.821934,0.958,-10.786,-0.002,0.012,258.912,259.861,255.35
1780890090.8357341,1.803,-10.429,-0.003,0.011,258.77,259.943,255.408
1780890090.847012,2.592,-10.214,-0.003,0.011,258.652,260.029,255.44
1780890090.860568,3.155,-10.429,-0.004,0.012,258.612,260.119,255.395
1780890090.874215,4.789,-9.929,-0.005,0.011,258.331,260.319,255.478
1780890090.884917,5.127,-9.571,-0.005,0.011,258.277,260.313,255.535
1780890090.899175,5.859,-9.214,-0.005,0.011,258.159,260.375,255.59
1780890090.909732,5.859,-9.214,-0.005,0.011,258.159,260.375,255.59
1780890090.923371,8.056,-8.857,-0.007,0.01,257.807,260.684,255.645
1780890090.934112,8.845,-8.857,-0.007,0.01,257.72,260.786,255.635
1780890090.948384,8.845,-8.857,-0.007,0.01,257.72,260.786,255.635
1780890090.961994,9.972,-7.5,-0.008,0.009,257.455,260.813,255.868
1780890090.9726348,11.38,-8.0,-0.009,0.01,257.358,261.04,255.755
1780890090.986902,12.282,-7.714,-0.01,0.01,257.227,261.135,255.796
1780890091.02529,12.507,-7.643,-0.01,0.01,257.223,261.136,255.799
1780890091.025737,13.859,-7.286,-0.01,0.01,257.048,261.274,255.845
1780890091.026071,14.592,-7.071,-0.011,0.009,256.948,261.35,255.874
1780890091.03542,15.155,-7.071,-0.011,0.009,256.893,261.42,255.865
1780890091.049796,15.662,-6.429,-0.011,0.009,256.788,261.417,255.971
1780890091.0601962,16.901,-6.286,-0.012,0.009,256.644,261.565,255.978
1780890091.073935,17.972,-6.286,-0.013,0.009,256.508,261.725,255.969
1780890091.084595,18.028,-5.857,-0.013,0.009,256.493,261.666,256.037
1780890091.0989802,18.31,-5.429,-0.013,0.008,256.44,261.649,256.104
1780890091.112813,19.775,-5.571,-0.014,0.009,256.281,261.875,256.059
1780890091.1232681,19.944,-5.357,-0.014,0.008,256.263,261.86,256.09
1780890091.1376488,20.282,-5.071,-0.014,0.008,256.212,261.87,256.133
1780890091.148233,20.901,-4.929,-0.014,0.008,256.128,261.944,256.15
1780890091.162127,21.634,-4.786,-0.015,0.008,256.051,262.019,256.159
1780890091.17591,22.028,-4.571,-0.015,0.008,255.994,262.048,256.19
1780890091.1869571,22.141,-4.714,-0.015,0.008,256.013,262.064,256.157
1780890091.200577,22.873,-4.357,-0.015,0.008,255.888,262.139,256.214
1780890091.2402759,23.606,-4.071,-0.016,0.008,255.793,262.204,256.251
1780890091.2407172,23.662,-4.0,-0.016,0.008,255.799,262.192,256.257
1780890091.24105,24.0,-3.929,-0.016,0.008,255.759,262.229,256.263
1780890091.24975,23.887,-3.714,-0.016,0.008,255.776,262.175,256.295
1780890091.263652,24.113,-3.5,-0.016,0.007,255.755,262.172,256.318
1780890091.273978,24.056,-3.357,-0.016,0.007,255.765,262.139,256.337
1780890091.2884,24.507,-3.429,-0.016,0.007,255.715,262.217,256.318
1780890091.3021681,24.338,-2.929,-0.016,0.007,255.721,262.123,256.397
1780890091.312917,24.394,-1.929,-0.016,0.006,255.634,262.028,256.571
1780890091.3271801,24.451,-1.5,-0.016,0.006,255.6,261.993,256.638
1780890091.3376472,24.394,-1.286,-0.016,0.006,255.601,261.961,256.665
1780890091.351394,24.225,-0.5,-0.015,0.005,255.578,261.856,256.785
1780890091.365154,24.056,-0.071,-0.015,0.005,255.575,261.787,256.85
1780890091.376139,23.887,-0.071,-0.015,0.005,255.61,261.763,256.837
1780890091.39005,23.831,-0.071,-0.015,0.005,255.625,261.758,256.826
1780890091.400739,24.0,-0.071,-0.015,0.005,255.612,261.796,256.805
1780890091.4141681,24.056,0.0,-0.015,0.005,255.602,261.802,256.809
1780890091.4518862,23.944,0.071,-0.015,0.005,255.618,261.779,256.814
1780890091.4523299,23.606,0.214,-0.015,0.005,255.661,261.711,256.833
1780890091.452995,23.606,0.214,-0.015,0.005,255.667,261.719,256.819
1780890091.46364,22.986,0.357,-0.014,0.005,255.751,261.604,256.839
1780890091.477966,23.155,0.571,-0.015,0.005,255.705,261.619,256.872
1780890091.4884,22.817,0.571,-0.014,0.005,255.758,261.568,256.866
1780890091.5021849,21.972,0.5,-0.014,0.005,255.89,261.447,256.842
1780890091.5130382,21.803,0.714,-0.014,0.005,255.893,261.407,256.876
1780890091.527182,21.296,0.5,-0.013,0.005,255.986,261.351,256.833
1780890091.5378401,21.127,0.571,-0.013,0.005,256.0,261.326,256.842
1780890091.551744,20.056,0.929,-0.012,0.005,256.119,261.131,256.902
1780890091.565405,20.113,0.143,-0.012,0.005,256.172,261.232,256.755
1780890091.575922,19.606,0.143,-0.012,0.005,256.241,261.156,256.755
1780890091.590174,19.042,0.071,-0.012,0.006,256.325,261.079,256.742
1780890091.6009338,18.31,-0.286,-0.011,0.006,256.448,261.015,256.678
1780890091.614572,17.521,-0.571,-0.011,0.006,256.583,260.922,256.628
1780890091.629,17.69,-0.857,-0.011,0.006,256.567,260.993,256.579
1780890091.666602,16.789,-0.857,-0.01,0.006,256.694,260.852,256.583
1780890091.666937,16.0,-0.786,-0.01,0.006,256.777,260.74,256.603
1780890091.6672661,15.324,-1.357,-0.009,0.007,256.919,260.696,256.503
1780890091.678046,14.817,-1.714,-0.009,0.007,257.013,260.661,256.443
1780890091.688438,14.31,-1.929,-0.009,0.007,257.093,260.611,256.41
1780890091.70209,13.915,-1.929,-0.008,0.007,257.135,260.56,256.416
1780890091.7158961,13.915,-1.929,-0.008,0.007,257.135,260.56,256.416
1780890091.727063,12.0,-2.929,-0.007,0.008,257.51,260.35,256.242
1780890091.740866,11.944,-3.0,-0.007,0.008,257.497,260.367,256.238
1780890091.7512488,10.479,-3.857,-0.006,0.008,257.757,260.241,256.103
1780890091.76508,10.479,-3.857,-0.006,0.008,257.757,260.241,256.103
1780890091.779755,9.746,-4.357,-0.006,0.009,257.892,260.184,256.024
1780890091.790027,9.014,-4.357,-0.005,0.009,257.98,260.08,256.035
1780890091.8037188,7.887,-4.714,-0.004,0.009,258.136,259.966,255.992
1780890091.814097,7.38,-5.0,-0.004,0.009,258.215,259.928,255.951
1780890091.828724,6.704,-5.429,-0.004,0.009,258.335,259.876,255.885
1780890091.8393679,5.859,-5.214,-0.003,0.009,258.422,259.734,255.934
1780890091.853035,4.958,-6.071,-0.003,0.01,258.587,259.707,255.801
1780890091.891497,4.225,-6.5,-0.002,0.01,258.717,259.645,255.735
1780890091.89194,3.662,-6.214,-0.002,0.01,258.751,259.544,255.797
1780890091.8922749,2.873,-6.571,-0.001,0.01,258.884,259.467,255.743
1780890091.902047,1.746,-7.286,-0.001,0.01,259.074,259.391,255.635
1780890091.915663,1.465,-7.571,-0.001,0.011,259.117,259.391,255.595
1780890091.926063,1.465,-7.571,-0.001,0.011,259.117,259.391,255.595
1780890091.9404118,1.465,-7.571,-0.001,0.011,259.117,259.391,255.595
1780890091.954187,-0.789,-10.0,0.001,0.012,259.652,259.285,255.194
1780890091.964917,-1.239,-10.929,0.001,0.013,259.777,259.317,255.048
1780890091.979336,-1.746,-11.071,0.001,0.013,259.837,259.263,255.044
1780890091.9897459,-2.648,-11.857,0.002,0.014,259.99,259.22,254.943
1780890092.0035489,-3.155,-12.286,0.002,0.014,260.081,259.192,254.886
1780890092.014032,-3.831,-12.929,0.003,0.014,260.221,259.156,254.792
1780890092.0286012,-3.718,-13.143,0.002,0.014,260.187,259.208,254.773
1780890092.042176,-4.732,-14.286,0.003,0.015,260.402,259.174,254.61
1780890092.052692,-4.732,-14.286,0.003,0.015,260.402,259.174,254.61
1780890092.0671942,-4.732,-14.286,0.003,0.015,260.402,259.174,254.61
1780890092.104321,-6.31,-15.714,0.004,0.016,260.774,259.06,254.38
1780890092.104801,-6.986,-16.143,0.004,0.016,260.853,259.014,254.353
1780890092.1051478,-7.549,-16.071,0.005,0.016,260.906,258.927,254.385
1780890092.1155012,-7.549,-17.143,0.005,0.017,260.977,259.041,254.217
1780890092.1300359,-7.944,-17.429,0.005,0.017,261.039,259.013,254.188
1780890092.1404202,-8.451,-18.0,0.005,0.017,261.119,259.002,254.127
1780890092.154207,-9.014,-18.143,0.005,0.017,261.2,258.932,254.12
1780890092.168689,-9.408,-18.214,0.006,0.017,261.245,258.884,254.124
1780890092.1794019,-9.746,-18.5,0.006,0.018,261.304,258.865,254.089
1780890092.1930408,-10.028,-18.929,0.006,0.018,261.342,258.879,254.043
1780890092.2035332,-10.648,-19.071,0.006,0.018,261.438,258.799,254.032
1780890092.2180622,-10.648,-19.214,0.006,0.018,261.428,258.822,254.02
1780890092.231782,-10.817,-19.071,0.006,0.018,261.421,258.789,254.056
1780890092.2423391,-11.437,-19.214,0.007,0.018,261.501,258.719,254.051
1780890092.25597,-11.549,-18.5,0.007,0.017,261.431,258.643,254.183
1780890092.2703629,-11.775,-19.286,0.007,0.018,261.532,258.689,254.051
1780890092.307997,-12.282,-19.143,0.007,0.018,261.574,258.609,254.088
1780890092.308444,-12.338,-19.286,0.007,0.018,261.583,258.622,254.069
1780890092.3087869,-12.62,-19.286,0.007,0.018,261.617,258.584,254.073
1780890092.3194299,-12.451,-19.357,0.007,0.018,261.582,258.626,254.065
1780890092.333096,-12.394,-18.5,0.007,0.017,261.468,258.568,254.22
1780890092.343746,-12.338,-18.357,0.007,0.017,261.437,258.571,254.244
1780890092.358071,-12.338,-18.0,0.007,0.017,261.397,258.544,254.305
1780890092.371795,-12.169,-18.214,0.007,0.017,261.385,258.598,254.265
1780890092.3825228,-12.113,-17.429,0.007,0.016,261.294,258.544,254.396
1780890092.3968441,-11.718,-17.429,0.006,0.016,261.227,258.613,254.391
1780890092.407258,-11.831,-16.929,0.006,0.016,261.199,258.551,254.474
1780890092.420993,-11.493,-16.571,0.006,0.015,261.109,258.577,254.53
1780890092.434974,-11.155,-15.5,0.006,0.015,260.951,258.535,254.71
1780890092.445409,-10.873,-14.357,0.006,0.014,260.8,258.479,254.899
1780890092.459799,-11.099,-14.286,0.006,0.014,260.843,258.441,254.896
1780890092.473444,-10.423,-14.214,0.005,0.014,260.741,258.553,254.883
1780890092.5107598,-10.197,-13.643,0.005,0.013,260.658,258.539,254.971
1780890092.511265,-10.085,-13.0,0.005,0.013,260.589,258.5,255.071
1780890092.5115929,-10.085,-12.214,0.005,0.012,260.526,258.43,255.194
1780890092.5225039,-9.296,-11.571,0.005,0.012,260.36,258.506,255.274
1780890092.536869,-9.183,-11.143,0.004,0.012,260.316,258.486,255.333
1780890092.547267,-8.789,-10.571,0.004,0.011,260.21,258.499,255.417
1780890092.561267,-8.789,-10.571,0.004,0.011,260.21,258.499,255.417
1780890092.571711,-7.944,-8.786,0.004,0.01,259.937,258.473,255.695
1780890092.5856068,-7.775,-8.286,0.003,0.01,259.882,258.456,255.762
1780890092.599952,-7.099,-7.643,0.003,0.009,259.73,258.509,255.855
1780890092.610466,-6.592,-6.5,0.003,0.009,259.584,258.487,256.013
1780890092.624147,-6.648,-6.0,0.003,0.008,259.569,258.432,256.079
1780890092.634767,-6.197,-5.429,0.002,0.008,259.462,258.454,256.158
1780890092.6492019,-5.577,-5.214,0.002,0.008,259.363,258.537,256.173
1780890092.6596842,-5.07,-4.5,0.002,0.008,259.259,258.552,256.257
1780890092.673341,-4.451,-3.571,0.001,0.007,259.093,258.565,256.403
1780890092.6843069,-4.282,-3.214,0.001,0.007,259.056,258.558,256.444
1780890092.698357,-3.662,-2.357,0.001,0.006,258.899,258.577,256.576
1780890092.737211,-2.986,-1.286,0.0,0.006,258.739,258.585,256.723
1780890092.7376409,-2.704,-0.571,0.0,0.005,258.652,258.562,256.828
1780890092.7379808,-2.366,-0.429,0.0,0.005,258.611,258.603,256.829
1780890092.747445,-1.915,-0.143,-0.0,0.005,258.536,258.648,256.858
1780890092.761089,-1.183,0.857,-0.001,0.004,258.375,258.668,256.995
1780890092.77159,-0.732,1.143,-0.001,0.004,258.301,258.712,257.025
1780890092.785304,-0.507,1.286,-0.001,0.004,258.277,258.731,257.03
1780890092.79954,0.0,1.714,-0.001,0.004,258.179,258.77,257.088
1780890092.8100429,0.0,1.714,-0.001,0.004,258.179,258.77,257.088
1780890092.823906,1.803,2.929,-0.003,0.003,257.831,258.937,257.27
1780890092.834389,2.028,3.286,-0.003,0.003,257.791,258.932,257.314
1780890092.848663,2.31,3.5,-0.003,0.003,257.754,258.951,257.332
1780890092.859173,2.535,3.357,-0.003,0.003,257.757,258.994,257.287
1780890092.872769,2.535,3.357,-0.003,0.003,257.757,258.994,257.287
1780890092.8835998,2.535,3.357,-0.003,0.003,257.757,258.994,257.287
1780890092.897713,4.338,4.714,-0.004,0.002,257.37,259.153,257.518
1780890092.908267,4.451,5.143,-0.004,0.002,257.345,259.121,257.576
1780890092.945172,5.521,5.0,-0.005,0.002,257.249,259.288,257.51
1780890092.945626,5.803,5.143,-0.005,0.002,257.219,259.309,257.52
1780890092.946826,6.197,5.0,-0.005,0.002,257.196,259.376,257.478
1780890092.957325,6.817,5.214,-0.006,0.002,257.103,259.445,257.504
1780890092.971128,7.662,5.071,-0.006,0.002,257.032,259.572,257.453
1780890092.981696,8.0,5.714,-0.006,0.002,256.943,259.553,257.562
1780890092.9955041,8.282,4.714,-0.007,0.003,257.013,259.682,257.367
1780890093.009928,8.676,5.071,-0.007,0.003,256.938,259.698,257.426
1780890093.0204191,9.352,5.357,-0.007,0.002,256.846,259.755,257.465
1780890093.034163,9.634,5.071,-0.007,0.003,256.847,259.816,257.406
1780890093.044738,10.254,4.786,-0.008,0.003,256.793,259.932,257.349
1780890093.059237,10.479,4.929,-0.008,0.003,256.762,259.94,257.372
1780890093.069613,10.817,4.786,-0.008,0.003,256.739,259.996,257.342
1780890093.083372,11.38,4.214,-0.008,0.003,256.733,260.114,257.236
1780890093.094238,11.775,3.429,-0.009,0.004,256.756,260.24,257.093
1780890093.1083589,12.0,3.214,-0.009,0.004,256.752,260.281,257.058
1780890093.1218839,12.225,3.143,-0.009,0.004,256.734,260.309,257.05
1780890093.1573172,12.169,2.929,-0.009,0.004,256.773,260.304,257.015
1780890093.157703,12.169,2.929,-0.009,0.004,256.773,260.304,257.015
1780890093.158072,13.127,2.071,-0.009,0.005,256.709,260.533,256.864
1780890093.1707141,13.577,1.786,-0.01,0.005,256.674,260.617,256.821
1780890093.181175,14.141,1.286,-0.01,0.006,256.649,260.722,256.748
1780890093.1951969,14.479,0.857,-0.01,0.006,256.644,260.801,256.679
1780890093.2056398,14.592,0.857,-0.01,0.006,256.634,260.8,256.69
1780890093.219999,14.704,0.071,-0.01,0.006,256.695,260.878,256.557
1780890093.2339048,14.817,-0.786,-0.01,0.007,256.765,260.943,256.427
1780890093.260399,14.704,-0.929,-0.01,0.007,256.798,260.921,256.415
1780890093.2607958,14.873,-0.857,-0.01,0.007,256.767,260.927,256.44
1780890093.269064,15.042,-1.286,-0.01,0.007,256.782,260.983,256.374
1780890093.283059,15.324,-2.643,-0.01,0.008,256.862,261.132,256.157
1780890093.297271,15.155,-3.143,-0.01,0.008,256.933,261.137,256.082
1780890093.308171,14.93,-3.0,-0.01,0.008,256.954,261.07,256.124
1780890093.321646,15.268,-4.5,-0.01,0.009,257.031,261.249,255.885
1780890093.3322098,15.324,-5.143,-0.01,0.01,257.076,261.308,255.787
1780890093.346048,15.38,-5.429,-0.01,0.01,257.087,261.331,255.754
1780890093.375496,15.324,-5.5,-0.01,0.01,257.098,261.315,255.759
1780890093.375901,15.042,-6.786,-0.01,0.011,257.246,261.369,255.566
1780890093.384686,14.986,-7.071,-0.01,0.011,257.273,261.376,255.533
1780890093.395175,14.873,-7.357,-0.01,0.011,257.309,261.374,255.5
1780890093.409468,14.704,-8.071,-0.01,0.012,257.392,261.406,255.39
1780890093.42325,14.648,-9.286,-0.01,0.012,257.493,261.496,255.212
1780890093.4338381,14.592,-9.786,-0.01,0.013,257.536,261.526,255.144
1780890093.448074,14.592,-10.143,-0.01,0.013,257.558,261.551,255.101
1780890093.458751,14.592,-11.0,-0.01,0.013,257.625,261.626,254.969
1780890093.472696,14.197,-12.071,-0.009,0.014,257.761,261.644,254.824
1780890093.4871008,14.197,-12.286,-0.009,0.014,257.767,261.656,254.807
1780890093.497531,13.972,-12.929,-0.009,0.015,257.85,261.672,254.715
1780890093.5115159,13.577,-13.143,-0.009,0.015,257.905,261.611,254.716
1780890093.5250828,13.07,-13.714,-0.009,0.015,258.025,261.575,254.634
1780890093.535764,12.845,-13.571,-0.008,0.015,258.033,261.518,254.677
1780890093.5500002,12.845,-13.571,-0.008,0.015,258.033,261.518,254.677
1780890093.5875468,12.394,-15.0,-0.008,0.016,258.206,261.577,254.463
1780890093.587934,12.169,-15.0,-0.008,0.016,258.226,261.535,254.48
1780890093.5884218,11.718,-15.0,-0.008,0.016,258.283,261.457,254.496
1780890093.599072,11.887,-15.214,-0.008,0.016,258.26,261.507,254.473
1780890093.612812,11.155,-15.429,-0.007,0.016,258.369,261.404,254.462
1780890093.627241,11.211,-15.5,-0.007,0.016,258.352,261.423,254.462
1780890093.6376152,10.761,-15.5,-0.007,0.016,258.412,261.347,254.472
1780890093.651488,10.761,-15.5,-0.007,0.016,258.412,261.347,254.472
1780890093.662084,9.634,-15.857,-0.006,0.016,258.614,261.194,254.42
1780890093.675991,9.465,-16.071,-0.006,0.016,258.643,261.193,254.393
1780890093.6902232,9.07,-15.786,-0.006,0.016,258.664,261.105,254.452
1780890093.7009358,8.451,-15.857,-0.005,0.016,258.739,261.023,254.456
1780890093.714546,8.282,-16.143,-0.005,0.016,258.778,261.032,254.412
1780890093.7253509,8.113,-16.071,-0.005,0.016,258.783,261.005,254.431
1780890093.739447,7.606,-16.0,-0.005,0.016,258.844,260.921,254.449
1780890093.753164,7.606,-16.0,-0.005,0.016,258.829,260.931,254.454
1780890093.792393,7.606,-16.0,-0.005,0.016,258.829,260.931,254.454
1780890093.7928681,6.085,-15.714,-0.004,0.016,259.037,260.656,254.507
1780890093.793225,5.915,-15.5,-0.004,0.015,259.027,260.622,254.547
1780890093.8023198,5.352,-15.214,-0.004,0.015,259.061,260.532,254.597
1780890093.812942,4.789,-15.143,-0.003,0.015,259.132,260.446,254.609
1780890093.827245,4.676,-14.5,-0.003,0.015,259.075,260.381,254.721
1780890093.8408809,4.676,-14.5,-0.003,0.015,259.075,260.381,254.721
1780890093.851393,4.676,-14.5,-0.003,0.015,259.075,260.381,254.721
1780890093.865077,3.099,-13.643,-0.002,0.014,259.24,260.052,254.867
1780890093.875793,2.648,-13.571,-0.002,0.014,259.292,259.993,254.873
1780890093.890125,2.085,-13.214,-0.001,0.014,259.335,259.889,254.929
1780890093.9043121,1.69,-12.714,-0.001,0.013,259.324,259.822,255.001
1780890093.914606,1.352,-12.286,-0.001,0.013,259.326,259.747,255.067
1780890093.928958,0.845,-12.357,-0.001,0.013,259.404,259.693,255.045
1780890093.9396968,0.169,-11.714,-0.0,0.013,259.429,259.563,255.142
1780890093.9534001,-0.113,-11.571,-0.0,0.013,259.45,259.525,255.157
1780890093.9678028,-0.507,-11.071,0.0,0.012,259.457,259.434,255.236
1780890094.006031,-0.958,-10.786,0.0,0.012,259.493,259.355,255.276
1780890094.0064619,-1.408,-10.714,0.001,0.012,259.54,259.318,255.267
1780890094.006801,-1.859,-10.286,0.001,0.012,259.563,259.224,255.333
1780890094.016642,-1.859,-10.286,0.001,0.012,259.563,259.224,255.333
1780890094.030518,-1.859,-10.286,0.001,0.012,259.563,259.224,255.333
1780890094.040917,-3.211,-9.286,0.002,0.011,259.682,258.929,255.5
1780890094.054645,-3.606,-9.143,0.002,0.011,259.721,258.878,255.512
1780890094.065388,-4.056,-8.357,0.002,0.01,259.709,258.756,255.638
1780890094.0796711,-4.113,-7.714,0.002,0.01,259.646,258.714,255.737
1780890094.090187,-4.507,-7.214,0.002,0.01,259.646,258.652,255.796
1780890094.1040199,-4.958,-7.143,0.003,0.01,259.707,258.595,255.793
1780890094.118436,-4.958,-7.0,0.003,0.01,259.686,258.605,255.804
1780890094.128991,-4.958,-7.071,0.003,0.01,259.686,258.633,255.777
1780890094.1426098,-5.915,-6.643,0.003,0.01,259.791,258.475,255.829
1780890094.153131,-6.141,-7.214,0.003,0.01,259.876,258.512,255.715
1780890094.167545,-6.085,-6.929,0.003,0.01,259.83,258.512,255.758
1780890094.1780338,-6.761,-6.786,0.004,0.01,259.921,258.405,255.775
1780890094.191763,-6.93,-6.5,0.004,0.01,259.905,258.386,255.808
1780890094.2182899,-6.93,-6.571,0.004,0.01,259.905,258.408,255.788
1780890094.218613,-7.549,-6.214,0.004,0.01,259.967,258.288,255.844
1780890094.230423,-7.493,-6.143,0.004,0.01,259.943,258.306,255.849
1780890094.241002,-7.831,-6.071,0.004,0.01,259.98,258.27,255.849
1780890094.254557,-7.831,-6.0,0.004,0.009,259.967,258.277,255.855
1780890094.265229,-8.056,-5.857,0.004,0.009,259.986,258.239,255.875
1780890094.279731,-8.394,-5.357,0.004,0.009,259.989,258.149,255.958
1780890094.2900631,-8.394,-5.286,0.004,0.009,259.972,258.168,255.955
1780890094.303776,-8.394,-5.357,0.004,0.009,259.975,258.185,255.936
1780890094.318356,-8.451,-5.429,0.004,0.009,259.988,258.191,255.917
1780890094.328865,-8.451,-5.429,0.004,0.009,259.985,258.2,255.912
1780890094.3427782,-9.014,-5.429,0.005,0.009,260.074,258.124,255.903
1780890094.3531232,-8.732,-5.714,0.005,0.01,260.05,258.204,255.848
1780890094.367527,-9.07,-5.643,0.005,0.009,260.096,258.148,255.859
1780890094.3783412,-8.901,-5.643,0.005,0.009,260.063,258.182,255.857
1780890094.391792,-9.014,-5.571,0.005,0.009,260.069,258.169,255.864
1780890094.402472,-9.07,-5.643,0.005,0.01,260.082,258.171,255.85
1780890094.4168751,-9.127,-5.643,0.005,0.01,260.089,258.166,255.848
1780890094.455734,-9.183,-5.786,0.005,0.01,260.11,258.174,255.821
1780890094.456102,-9.014,-6.071,0.005,0.01,260.104,258.233,255.77
1780890094.4564438,-8.676,-5.857,0.004,0.01,260.025,258.269,255.808
1780890094.465079,-8.958,-6.286,0.005,0.01,260.113,258.264,255.732
1780890094.479558,-8.789,-5.5,0.004,0.009,260.008,258.219,255.873
1780890094.490012,-8.62,-5.929,0.004,0.01,260.021,258.287,255.795
1780890094.5037389,-8.789,-6.0,0.004,0.01,260.057,258.266,255.782
1780890094.518272,-8.507,-5.857,0.004,0.01,259.996,258.298,255.808
1780890094.529027,-8.563,-6.143,0.004,0.01,260.034,258.315,255.756
1780890094.5427132,-8.169,-6.143,0.004,0.01,259.969,258.376,255.758
1780890094.553144,-8.169,-6.214,0.004,0.01,259.978,258.38,255.746
1780890094.567625,-8.282,-6.429,0.004,0.01,260.019,258.38,255.708
1780890094.5781708,-7.718,-6.286,0.004,0.01,259.912,258.455,255.735
1780890094.591894,-7.887,-6.571,0.004,0.01,259.975,258.446,255.686
1780890094.602581,-7.437,-6.571,0.003,0.01,259.901,258.516,255.688
1780890094.6170309,-7.211,-6.357,0.003,0.01,259.846,258.528,255.727
1780890094.6303182,-7.211,-6.643,0.003,0.01,259.878,258.55,255.677
1780890094.6694798,-7.042,-6.5,0.003,0.01,259.844,258.553,255.705
1780890094.669854,-6.592,-6.643,0.003,0.01,259.787,258.636,255.68
1780890094.670193,-6.423,-6.5,0.003,0.01,259.75,258.644,255.707
1780890094.679747,-6.028,-6.571,0.002,0.01,259.697,258.709,255.694
1780890094.6901991,-5.577,-6.571,0.002,0.01,259.635,258.769,255.695
1780890094.703917,-5.239,-6.643,0.002,0.01,259.593,258.823,255.683
1780890094.718451,-5.239,-6.857,0.002,0.01,259.621,258.835,255.645
1780890094.729129,-4.901,-7.0,0.002,0.011,259.586,258.896,255.621
1780890094.742781,-4.394,-6.714,0.001,0.01,259.488,258.934,255.676
1780890094.7533991,-4.225,-6.5,0.001,0.01,259.448,258.933,255.714
1780890094.7677782,-3.831,-6.143,0.001,0.01,259.358,258.956,255.777
1780890094.7782452,-3.718,-6.143,0.001,0.01,259.35,258.967,255.775
1780890094.792256,-3.155,-6.143,0.001,0.01,259.277,259.043,255.771
1780890094.8031769,-2.93,-6.214,0.0,0.01,259.257,259.079,255.757
1780890094.817185,-2.592,-6.0,0.0,0.01,259.191,259.106,255.793
1780890094.830521,-2.423,-6.0,0.0,0.01,259.174,259.125,255.791
1780890094.8414102,-1.634,-5.786,-0.0,0.01,259.046,259.217,255.825
1780890094.855016,-0.901,-6.071,-0.001,0.01,258.965,259.355,255.771
1780890094.893012,-1.127,-5.857,-0.001,0.01,258.995,259.286,255.808
1780890094.893375,-0.62,-5.857,-0.001,0.01,258.924,259.36,255.806
1780890094.893721,0.225,-5.929,-0.002,0.01,258.819,259.484,255.789
1780890094.904041,0.0,-5.857,-0.001,0.01,258.862,259.428,255.8
1780890094.9183621,-0.225,-5.714,-0.001,0.01,258.897,259.368,255.824
1780890094.928894,0.958,-5.143,-0.002,0.009,258.66,259.501,255.924
1780890094.942775,1.577,-5.0,-0.002,0.009,258.574,259.569,255.943
1780890094.953301,1.634,-5.143,-0.002,0.009,258.592,259.582,255.913
1780890094.967668,1.972,-4.857,-0.003,0.009,258.524,259.601,255.961
1780890094.981257,2.423,-5.143,-0.003,0.009,258.491,259.693,255.905
1780890094.99194,3.211,-4.429,-0.003,0.009,258.324,259.734,256.028
1780890095.005631,3.718,-4.857,-0.004,0.009,258.298,259.848,255.946
1780890095.017261,3.831,-4.571,-0.004,0.009,258.268,259.828,255.994
1780890095.0304372,4.0,-4.357,-0.004,0.009,258.235,259.824,256.028
1780890095.0411909,4.62,-4.143,-0.004,0.009,258.146,259.885,256.058
1780890095.0548968,4.789,-4.0,-0.004,0.008,258.12,259.89,256.078
1780890095.0654771,5.014,-3.714,-0.004,0.008,258.071,259.891,256.125
1780890095.080065,5.352,-3.786,-0.005,0.008,258.037,259.946,256.106
1780890095.118068,6.028,-3.429,-0.005,0.008,257.922,260.006,256.162
1780890095.118547,5.972,-3.571,-0.005,0.008,257.958,260.001,256.13
1780890095.11888,6.028,-3.643,-0.005,0.008,257.968,260.01,256.113
1780890095.128712,6.028,-3.643,-0.005,0.008,257.968,260.01,256.113
1780890095.142519,6.028,-3.643,-0.005,0.008,257.968,260.01,256.113
1780890095.152925,7.606,-2.857,-0.006,0.008,257.655,260.189,256.25
1780890095.167288,7.662,-2.786,-0.006,0.008,257.657,260.18,256.256
1780890095.1809092,7.944,-3.0,-0.006,0.008,257.648,260.238,256.211
1780890095.191566,8.056,-3.857,-0.006,0.009,257.738,260.316,256.051
1780890095.2053041,8.507,-3.786,-0.007,0.009,257.67,260.374,256.064
1780890095.215909,8.676,-3.786,-0.007,0.009,257.655,260.39,256.063
1780890095.230301,8.901,-4.214,-0.007,0.009,257.67,260.459,255.985
1780890095.240761,9.183,-4.643,-0.007,0.009,257.684,260.524,255.911
1780890095.254532,9.465,-4.571,-0.007,0.009,257.641,260.553,255.926
1780890095.265455,9.634,-4.786,-0.007,0.009,257.642,260.591,255.89
1780890095.279684,10.085,-4.786,-0.008,0.009,257.578,260.655,255.893
1780890095.293421,10.592,-5.286,-0.008,0.01,257.559,260.766,255.81
1780890095.3315609,10.423,-5.5,-0.008,0.01,257.613,260.745,255.776
1780890095.331958,10.761,-5.571,-0.008,0.01,257.572,260.798,255.768
1780890095.3323362,10.817,-5.786,-0.008,0.01,257.589,260.817,255.734
1780890095.342227,11.099,-5.786,-0.008,0.01,257.555,260.842,255.744
1780890095.3566852,11.324,-6.143,-0.008,0.01,257.557,260.905,255.684
1780890095.367281,11.324,-6.143,-0.008,0.01,257.562,260.895,255.689
1780890095.380855,11.493,-6.429,-0.008,0.01,257.566,260.942,255.643
1780890095.391467,11.662,-6.643,-0.008,0.011,257.565,260.973,255.615
1780890095.4051719,11.662,-6.571,-0.008,0.01,257.562,260.957,255.633
1780890095.4196548,11.944,-6.643,-0.008,0.011,257.527,261.004,255.624
1780890095.4303029,12.056,-7.143,-0.009,0.011,257.561,261.055,255.544
1780890095.443973,12.169,-7.143,-0.009,0.011,257.545,261.066,255.55
1780890095.454776,12.113,-7.429,-0.009,0.011,257.582,261.077,255.504
1780890095.469098,12.056,-7.429,-0.008,0.011,257.593,261.06,255.509
1780890095.4829261,12.338,-7.5,-0.009,0.011,257.557,261.102,255.505
1780890095.493613,11.887,-7.714,-0.008,0.011,257.65,261.041,255.471
1780890095.507803,12.282,-8.0,-0.009,0.011,257.612,261.131,255.425
1780890095.546237,12.225,-8.071,-0.008,0.011,257.628,261.123,255.418
1780890095.546528,12.225,-8.286,-0.008,0.012,257.646,261.134,255.391
1780890095.5468512,12.451,-8.5,-0.009,0.012,257.629,261.189,255.357
1780890095.556858,12.225,-8.643,-0.008,0.012,257.677,261.159,255.337
1780890095.5705159,12.169,-8.714,-0.008,0.012,257.691,261.153,255.33
1780890095.581066,11.775,-8.786,-0.008,0.012,257.758,261.087,255.326
1780890095.5950541,11.831,-8.786,-0.008,0.012,257.745,261.095,255.33
1780890095.605601,11.662,-8.643,-0.008,0.012,257.756,261.051,255.359
1780890095.6199858,12.0,-8.786,-0.008,0.012,257.712,261.123,255.337
1780890095.633834,11.887,-8.357,-0.008,0.011,257.687,261.06,255.418
1780890095.6442728,11.549,-8.071,-0.008,0.011,257.714,260.975,255.469
1780890095.658968,11.437,-8.071,-0.008,0.011,257.731,260.959,255.468
1780890095.669255,11.549,-8.286,-0.008,0.011,257.728,261.003,255.431
1780890095.6829271,11.268,-8.071,-0.008,0.011,257.752,260.936,255.469
1780890095.697294,11.211,-7.786,-0.008,0.011,257.732,260.902,255.518
1780890095.7080462,10.761,-7.929,-0.007,0.011,257.816,260.843,255.491
1780890095.721598,10.93,-7.214,-0.008,0.011,257.718,260.812,255.613
1780890095.761516,10.986,-7.071,-0.008,0.01,257.696,260.813,255.634
1780890095.761887,10.873,-7.071,-0.008,0.01,257.714,260.799,255.63
1780890095.762228,10.817,-6.571,-0.007,0.01,257.676,260.746,255.715
1780890095.77075,10.704,-6.786,-0.007,0.01,257.713,260.761,255.665
1780890095.784637,10.366,-6.5,-0.007,0.01,257.74,260.681,255.712
1780890095.7951202,10.254,-6.714,-0.007,0.01,257.777,260.689,255.669
1780890095.8096378,9.239,-6.786,-0.006,0.01,257.944,260.531,255.653
1780890095.823303,6.704,-7.143,-0.004,0.011,258.369,260.159,255.589
1780890095.8339698,5.521,-8.071,-0.003,0.011,258.631,260.068,255.423
1780890095.848206,2.817,-7.643,-0.001,0.011,259.011,259.597,255.502
1780890095.858871,2.817,-7.643,-0.001,0.011,259.011,259.597,255.502
1780890095.872434,-1.127,-8.786,0.002,0.012,259.739,259.085,255.301
1780890095.883083,-4.732,-9.286,0.004,0.012,260.342,258.583,255.218
1780890095.897184,-6.93,-9.5,0.006,0.012,260.675,258.295,255.187
1780890095.907938,-6.93,-9.5,0.006,0.012,260.675,258.295,255.187
1780890095.921658,-10.648,-10.143,0.008,0.013,261.306,257.808,255.081
1780890095.9355679,-13.803,-10.643,0.011,0.013,261.823,257.409,255.001
1780890095.974516,-15.38,-11.071,0.012,0.014,262.057,257.261,254.936
1780890095.9749749,-17.127,-11.143,0.013,0.014,262.287,257.054,254.935
1780890095.975317,-20.394,-11.286,0.015,0.014,262.71,256.678,254.929
1780890095.984461,-20.394,-11.286,0.015,0.014,262.71,256.678,254.929
1780890095.998775,-23.831,-11.643,0.017,0.014,263.272,256.235,254.874
1780890096.00945,-26.986,-11.714,0.019,0.014,263.667,255.885,254.878
1780890096.0231512,-28.732,-11.786,0.02,0.014,263.902,255.687,254.873
1780890096.037576,-29.859,-12.143,0.02,0.014,264.058,255.61,254.817
1780890096.0481029,-31.662,-12.143,0.021,0.014,264.301,255.395,254.825
1780890096.0619452,-34.366,-12.714,0.023,0.015,264.692,255.153,254.737
1780890096.075862,-35.549,-12.214,0.024,0.014,264.776,254.987,254.833
1780890096.08713,-36.845,-12.429,0.024,0.014,264.961,254.866,254.8
1780890096.100758,-38.197,-13.0,0.025,0.015,265.196,254.766,254.704
1780890096.1114109,-40.732,-12.429,0.027,0.014,265.459,254.441,254.814
1780890096.124974,-41.69,-12.357,0.027,0.014,265.559,254.343,254.83
1780890096.139322,-42.761,-12.5,0.028,0.014,265.707,254.246,254.807
1780890096.177353,-45.014,-12.429,0.029,0.014,265.993,254.0,254.822
1780890096.1778262,-45.746,-12.571,0.029,0.014,266.083,253.95,254.799
1780890096.178184,-47.211,-12.214,0.03,0.014,266.26,253.746,254.863
1780890096.188661,-47.493,-11.857,0.03,0.014,266.215,253.72,254.927
1780890096.202322,-48.901,-11.571,0.031,0.013,266.344,253.569,254.976
1780890096.212791,-49.408,-11.643,0.031,0.013,266.4,253.54,254.961
1780890096.227464,-50.31,-11.429,0.031,0.013,266.502,253.425,254.996
1780890096.241121,-50.761,-11.357,0.032,0.013,266.535,253.389,255.006
1780890096.2518542,-51.549,-11.214,0.032,0.013,266.588,253.329,255.025
1780890096.26543,-52.225,-11.143,0.032,0.013,266.673,253.253,255.034
1780890096.280051,-52.62,-10.786,0.032,0.013,266.674,253.195,255.094
1780890096.2905128,-53.014,-10.071,0.032,0.012,266.61,253.134,255.208
1780890096.304248,-53.183,-10.0,0.032,0.012,266.609,253.129,255.214
1780890096.3151019,-53.69,-9.929,0.033,0.012,266.675,253.071,255.22
1780890096.3294668,-53.915,-8.857,0.033,0.011,266.579,252.97,255.403
1780890096.343019,-53.69,-8.857,0.032,0.012,266.505,253.046,255.384
1780890096.380139,-53.746,-8.286,0.032,0.011,266.44,253.007,255.477
1780890096.380615,-53.521,-8.429,0.032,0.011,266.404,253.069,255.442
1780890096.380932,-53.465,-8.071,0.032,0.011,266.347,253.061,255.497
1780890096.392093,-52.845,-7.286,0.032,0.01,266.138,253.111,255.617
1780890096.406522,-52.169,-7.286,0.031,0.011,266.012,253.22,255.607
1780890096.4172318,-51.944,-6.786,0.031,0.01,265.921,253.216,255.686
1780890096.4307368,-51.549,-6.571,0.03,0.01,265.831,253.261,255.713
1780890096.441391,-50.535,-6.071,0.03,0.01,265.612,253.374,255.778
1780890096.4551392,-49.69,-5.357,0.029,0.009,265.392,253.438,255.895
1780890096.4695969,-49.07,-5.214,0.029,0.009,265.281,253.515,255.908
1780890096.4801211,-47.38,-4.714,0.027,0.009,264.959,253.714,255.973
1780890096.4937222,-47.38,-4.714,0.027,0.009,264.959,253.714,255.973
1780890096.5043461,-45.634,-3.857,0.026,0.008,264.575,253.892,256.115
1780890096.518784,-44.901,-3.071,0.026,0.008,264.392,253.921,256.241
1780890096.532543,-44.113,-2.714,0.025,0.008,264.247,253.996,256.289
1780890096.543311,-42.085,-2.143,0.024,0.007,263.859,254.237,256.376
1780890096.5574,-41.127,-2.143,0.023,0.007,263.731,254.362,256.359
1780890096.596242,-40.169,-1.357,0.022,0.007,263.522,254.417,256.484
1780890096.5966358,-37.803,-0.857,0.021,0.006,263.143,254.686,256.542
1780890096.59694,-37.127,-0.357,0.02,0.006,263.02,254.72,256.615
1780890096.606598,-35.775,-0.071,0.019,0.006,262.801,254.876,256.65
1780890096.620329,-34.423,0.357,0.019,0.006,262.57,255.018,256.711
1780890096.630871,-31.887,1.143,0.017,0.005,262.152,255.278,256.821
1780890096.6448262,-30.366,1.0,0.016,0.005,261.957,255.493,256.779
1780890096.655288,-29.014,1.714,0.015,0.005,261.708,255.604,256.894
1780890096.6697128,-27.944,1.429,0.014,0.005,261.609,255.76,256.826
1780890096.6802838,-24.958,1.571,0.012,0.005,261.197,256.135,256.825
1780890096.694164,-23.606,1.786,0.012,0.005,261.002,256.285,256.853
1780890096.708589,-22.085,2.071,0.011,0.005,260.774,256.456,256.894
1780890096.719032,-20.563,2.071,0.01,0.005,260.576,256.651,256.882
1780890096.73283,-17.352,2.357,0.008,0.005,260.128,257.042,256.913
1780890096.743666,-16.113,2.143,0.007,0.005,260.002,257.209,256.865
1780890096.757617,-14.31,2.714,0.006,0.005,259.707,257.394,256.961
1780890096.7682638,-12.901,2.643,0.005,0.005,259.543,257.575,256.939
1780890096.781943,-9.634,2.571,0.003,0.005,259.135,257.999,256.913
1780890096.821305,-7.549,2.714,0.001,0.005,258.842,258.267,256.933
1780890096.821768,-7.549,2.714,0.001,0.005,258.842,258.267,256.933
1780890096.8220952,-4.507,2.429,-0.001,0.005,258.439,258.729,256.874
1780890096.830912,-1.183,2.429,-0.003,0.005,258.039,259.142,256.866
1780890096.844511,-1.183,2.429,-0.003,0.005,258.039,259.142,256.866
1780890096.855018,1.972,1.857,-0.005,0.005,257.654,259.65,256.758
1780890096.8692212,1.972,1.857,-0.005,0.005,257.654,259.65,256.758
1780890096.8798988,5.465,1.571,-0.007,0.006,257.197,260.184,256.706
1780890096.8936179,8.563,1.429,-0.009,0.006,256.798,260.635,256.68
1780890096.904095,10.197,1.5,-0.01,0.006,256.616,260.816,256.694
1780890096.918546,11.887,0.714,-0.011,0.006,256.5,261.093,256.553
1780890096.929159,15.211,0.143,-0.013,0.007,256.183,261.544,256.457
1780890096.943004,16.845,0.0,-0.014,0.007,256.014,261.753,256.437
1780890096.957168,18.648,-0.143,-0.015,0.007,255.817,261.994,256.417
1780890096.967742,19.887,-0.071,-0.016,0.007,255.688,262.118,256.435
1780890096.981781,22.648,-0.714,-0.017,0.007,255.451,262.501,256.332
1780890096.992013,24.169,-1.5,-0.018,0.008,255.349,262.768,256.197
1780890097.00576,24.169,-1.5,-0.018,0.008,255.349,262.768,256.197
1780890097.044611,26.986,-2.0,-0.02,0.008,255.022,263.235,256.116
1780890097.04494,26.986,-2.0,-0.02,0.008,255.022,263.235,256.116
1780890097.045215,31.099,-3.5,-0.023,0.009,254.591,264.038,255.857
1780890097.054568,32.676,-3.929,-0.024,0.01,254.458,264.267,255.796
1780890097.0689542,32.676,-3.929,-0.024,0.01,254.458,264.267,255.796
1780890097.082779,36.507,-5.929,-0.026,0.011,254.185,264.972,255.477
1780890097.093333,37.577,-6.357,-0.027,0.011,254.124,265.113,255.422
1780890097.1076422,38.817,-7.214,-0.027,0.012,254.07,265.335,255.291
1780890097.118217,40.0,-7.5,-0.028,0.012,253.973,265.489,255.263
1780890097.132087,42.085,-8.071,-0.029,0.012,253.764,265.846,255.183
1780890097.145707,42.704,-9.143,-0.029,0.013,253.817,265.984,255.016
1780890097.1567948,42.704,-9.143,-0.029,0.013,253.817,265.984,255.016
1780890097.1705441,42.704,-9.143,-0.029,0.013,253.817,265.984,255.016
1780890097.181115,46.366,-9.0,-0.032,0.013,253.363,266.473,255.083
1780890097.1948211,46.366,-9.0,-0.032,0.013,253.363,266.473,255.083
1780890097.2092621,48.338,-10.0,-0.033,0.014,253.207,266.868,254.925
1780890097.2478561,49.014,-9.929,-0.033,0.013,253.152,266.897,254.959
1780890097.248168,49.972,-10.714,-0.033,0.014,253.17,267.002,254.856
1780890097.248505,50.704,-11.143,-0.034,0.014,253.139,267.115,254.8
1780890097.258399,50.986,-11.429,-0.033,0.014,253.159,267.128,254.768
1780890097.272296,51.718,-11.929,-0.034,0.015,253.16,267.196,254.713
1780890097.2828841,52.0,-12.143,-0.034,0.015,253.165,267.216,254.692
1780890097.297055,52.394,-12.214,-0.034,0.015,253.139,267.246,254.695
1780890097.3109918,52.563,-12.357,-0.034,0.015,253.15,267.245,254.685
1780890097.321696,52.901,-12.643,-0.034,0.015,253.166,267.255,254.66
1780890097.335375,52.901,-12.857,-0.034,0.015,253.203,267.24,254.635
1780890097.346731,52.845,-13.0,-0.033,0.015,253.238,267.21,254.622
1780890097.360351,52.789,-13.0,-0.033,0.015,253.26,267.169,254.633
1780890097.374198,53.014,-13.071,-0.033,0.015,253.254,267.168,254.639
1780890097.384832,52.732,-13.071,-0.033,0.015,253.305,267.092,254.647
1780890097.399275,52.451,-12.786,-0.033,0.015,253.329,266.988,254.705
1780890097.4130619,52.225,-12.429,-0.032,0.014,253.343,266.879,254.777
1780890097.4518368,51.775,-12.571,-0.032,0.014,253.427,266.801,254.755
1780890097.452254,51.549,-12.071,-0.032,0.014,253.419,266.697,254.845
1780890097.452586,50.873,-12.286,-0.031,0.014,253.539,266.591,254.808
1780890097.462145,50.028,-11.571,-0.031,0.014,253.599,266.359,254.933
1780890097.476854,49.352,-11.571,-0.03,0.014,253.696,266.238,254.931
1780890097.4871821,48.789,-11.214,-0.03,0.013,253.744,266.104,254.992
1780890097.501018,47.268,-10.786,-0.029,0.013,253.919,265.8,255.062
1780890097.514812,46.592,-10.643,-0.028,0.013,253.997,265.678,255.082
1780890097.525463,45.69,-10.714,-0.028,0.013,254.127,265.539,255.065
1780890097.539891,45.014,-10.357,-0.027,0.013,254.183,265.399,255.124
1780890097.5504682,42.93,-9.357,-0.026,0.012,254.378,264.961,255.29
1780890097.564202,42.254,-9.357,-0.025,0.012,254.462,264.869,255.282
1780890097.5786052,42.254,-9.357,-0.025,0.012,254.462,264.869,255.282
1780890097.589205,40.056,-8.357,-0.024,0.011,254.689,264.396,255.451
1780890097.6027699,38.028,-7.214,-0.022,0.01,254.85,263.996,255.63
1780890097.6135218,37.07,-6.929,-0.022,0.01,254.946,263.839,255.667
1780890097.627869,35.887,-6.214,-0.021,0.01,255.039,263.6,255.78
1780890097.666965,34.817,-6.071,-0.02,0.01,255.164,263.443,255.79
1780890097.667319,32.62,-5.143,-0.019,0.009,255.363,263.059,255.925
1780890097.667659,31.042,-5.0,-0.018,0.009,255.564,262.818,255.935
1780890097.677025,29.972,-4.714,-0.017,0.009,255.672,262.654,255.971
1780890097.690641,28.563,-4.571,-0.016,0.009,255.845,262.447,255.982
1780890097.7011561,26.141,-4.0,-0.015,0.009,256.1,262.078,256.056
1780890097.7149088,24.451,-3.286,-0.013,0.008,256.264,261.77,256.171
1780890097.729387,24.451,-3.286,-0.013,0.008,256.264,261.77,256.171
1780890097.739746,20.394,-2.5,-0.011,0.008,256.746,261.123,256.281
1780890097.753641,18.761,-2.071,-0.01,0.007,256.92,260.868,256.342
1780890097.7640681,17.296,-2.071,-0.009,0.007,257.107,260.686,256.326
1780890097.778563,17.296,-2.071,-0.009,0.007,257.107,260.686,256.326
1780890097.792306,13.183,-0.571,-0.006,0.006,257.526,259.988,256.565
1780890097.802848,11.662,-0.286,-0.005,0.006,257.692,259.78,256.598
1780890097.817121,10.028,0.143,-0.004,0.006,257.863,259.54,256.658
1780890097.827927,8.507,0.214,-0.003,0.006,258.05,259.354,256.653
1780890097.841562,5.577,0.5,-0.001,0.006,258.393,258.985,256.672
1780890097.879988,4.056,0.286,-0.001,0.006,258.606,258.826,256.619
1780890097.880425,2.423,0.857,0.0,0.006,258.763,258.574,256.71
1780890097.880783,1.127,0.857,0.001,0.006,258.92,258.432,256.697
1780890097.8905249,-1.972,1.071,0.003,0.006,259.352,257.979,256.724
1780890097.901006,-3.437,1.429,0.004,0.005,259.498,257.783,256.776
1780890097.914816,-4.732,1.429,0.005,0.005,259.651,257.648,256.764
1780890097.92927,-6.423,1.571,0.006,0.005,259.858,257.434,256.779
1780890097.939787,-7.549,1.786,0.007,0.005,259.964,257.304,256.807
1780890097.953474,-10.479,2.071,0.008,0.005,260.306,256.947,256.839
1780890097.963991,-12.0,1.929,0.009,0.005,260.517,256.786,256.803
1780890097.978358,-12.0,1.929,0.009,0.005,260.517,256.786,256.803
1780890097.988738,-12.0,1.929,0.009,0.005,260.517,256.786,256.803
1780890098.002574,-16.056,2.143,0.012,0.005,261.121,256.196,256.833
1780890098.013323,-18.817,2.286,0.014,0.005,261.507,255.828,256.85
1780890098.02765,-19.944,2.143,0.015,0.005,261.639,255.742,256.816
1780890098.041265,-19.944,2.143,0.015,0.005,261.639,255.742,256.816
1780890098.051917,-23.38,1.857,0.017,0.005,262.11,255.385,256.751
1780890098.06547,-23.38,1.857,0.017,0.005,262.11,255.385,256.751
1780890098.106225,-25.915,2.214,0.018,0.005,262.44,255.035,256.811
1780890098.106582,-27.042,1.571,0.019,0.006,262.625,254.991,256.689
1780890098.1068401,-29.07,1.571,0.02,0.006,262.832,254.815,256.685
1780890098.114469,-30.028,1.357,0.02,0.006,262.953,254.75,256.644
1780890098.125098,-30.761,1.0,0.02,0.006,263.052,254.728,256.579
1780890098.139568,-32.169,0.929,0.021,0.006,263.243,254.575,256.567
1780890098.153336,-34.028,0.357,0.022,0.007,263.506,254.447,256.468
1780890098.163826,-34.817,0.429,0.023,0.007,263.578,254.37,256.484
1780890098.17819,-35.718,0.214,0.023,0.007,263.703,254.299,256.448
1780890098.188786,-36.451,-0.5,0.023,0.007,263.851,254.294,256.323
1780890098.20257,-37.746,-0.643,0.024,0.007,263.989,254.193,256.308
1780890098.2168388,-38.366,-1.214,0.024,0.008,264.11,254.186,256.212
1780890098.2275069,-38.761,-0.929,0.024,0.008,264.101,254.136,256.271
1780890098.2412019,-39.437,-1.071,0.025,0.008,264.192,254.079,256.25
1780890098.251935,-40.394,-1.214,0.025,0.008,264.294,254.009,256.235
1780890098.2656262,-41.014,-1.643,0.025,0.008,264.411,253.98,256.164
1780890098.2769861,-41.465,-1.929,0.026,0.008,264.484,253.964,256.119
1780890098.2904499,-41.859,-2.714,0.026,0.009,264.564,254.02,255.993
1780890098.3299332,-42.197,-4.214,0.026,0.01,264.749,254.117,255.735
1780890098.330276,-42.423,-5.071,0.026,0.011,264.845,254.172,255.597
1780890098.330549,-42.535,-5.214,0.026,0.011,264.846,254.18,255.589
1780890098.3392751,-42.423,-6.429,0.026,0.011,264.891,254.32,255.408
1780890098.3530738,-42.254,-7.143,0.025,0.012,264.907,254.413,255.3
1780890098.367512,-42.197,-7.429,0.025,0.012,264.901,254.449,255.269
1780890098.378102,-42.028,-7.929,0.025,0.012,264.9,254.519,255.199
1780890098.391731,-41.746,-8.857,0.025,0.013,264.906,254.639,255.072
1780890098.402239,-41.465,-9.429,0.025,0.013,264.897,254.728,254.991
1780890098.416847,-41.296,-9.643,0.024,0.013,264.873,254.766,254.973
1780890098.430392,-40.901,-10.357,0.024,0.014,264.862,254.882,254.866
1780890098.4410272,-40.225,-11.5,0.024,0.015,264.836,255.064,254.705
1780890098.45484,-39.606,-11.929,0.023,0.015,264.759,255.184,254.651
1780890098.4692311,-39.042,-12.214,0.023,0.015,264.68,255.28,254.621
1780890098.4803,-38.085,-12.786,0.022,0.015,264.562,255.461,254.541
1780890098.493828,-37.69,-13.143,0.022,0.016,264.527,255.516,254.516
1780890098.532313,-36.676,-13.357,0.021,0.016,264.367,255.672,254.496
1780890098.5326731,-35.944,-13.571,0.02,0.016,264.262,255.782,254.475
1780890098.532989,-34.366,-13.929,0.019,0.016,264.033,256.011,254.445
1780890098.542633,-34.366,-13.929,0.019,0.016,264.033,256.011,254.445
1780890098.556915,-32.451,-14.857,0.018,0.017,263.798,256.366,254.298
1780890098.570723,-31.831,-14.571,0.017,0.016,263.676,256.405,254.364
1780890098.581194,-29.465,-15.643,0.016,0.017,263.384,256.841,254.192
1780890098.5949912,-28.732,-15.429,0.015,0.017,263.258,256.897,254.245
1780890098.60554,-28.732,-15.429,0.015,0.017,263.258,256.897,254.245
1780890098.619932,-26.535,-15.214,0.014,0.017,262.875,257.186,254.297
1780890098.633767,-25.352,-15.357,0.013,0.017,262.716,257.343,254.283
1780890098.644393,-23.099,-15.643,0.011,0.017,262.387,257.684,254.245
1780890098.658682,-22.535,-16.286,0.011,0.017,262.394,257.784,254.144
1780890098.672433,-20.056,-16.643,0.009,0.017,262.038,258.166,254.095
1780890098.683201,-18.93,-16.643,0.009,0.017,261.887,258.294,254.108
1780890098.6973429,-17.69,-16.5,0.008,0.017,261.704,258.427,254.144
1780890098.737567,-16.62,-16.5,0.007,0.017,261.565,258.548,254.153
1780890098.7380009,-13.859,-16.429,0.006,0.017,261.178,258.886,254.182
1780890098.7382772,-13.014,-16.0,0.005,0.017,261.04,258.931,254.262
1780890098.7465,-11.324,-16.286,0.004,0.017,260.83,259.184,254.216
1780890098.7602549,-10.423,-15.929,0.003,0.017,260.692,259.245,254.283
1780890098.7709372,-7.549,-15.214,0.001,0.016,260.19,259.601,254.409
1780890098.784489,-6.423,-15.643,0.001,0.016,260.101,259.772,254.333
1780890098.7988858,-6.423,-15.643,0.001,0.016,260.101,259.772,254.333
1780890098.8092842,-3.718,-15.214,-0.001,0.016,259.666,260.125,254.409
1780890098.823266,-0.958,-14.929,-0.003,0.016,259.245,260.499,254.457
1780890098.837365,-0.958,-14.929,-0.003,0.016,259.245,260.499,254.457
1780890098.847968,1.352,-14.143,-0.005,0.015,258.86,260.746,254.591
1780890098.861862,4.0,-13.143,-0.006,0.014,258.477,260.964,254.754
1780890098.8723571,5.634,-13.286,-0.007,0.015,258.295,261.192,254.72
1780890098.8869529,7.268,-13.357,-0.008,0.015,258.107,261.414,254.7
1780890098.900556,8.338,-13.0,-0.009,0.014,257.97,261.498,254.755
1780890098.936275,11.099,-12.214,-0.01,0.014,257.588,261.772,254.875
1780890098.9366689,12.394,-11.857,-0.011,0.014,257.414,261.9,254.928
1780890098.937001,13.408,-11.857,-0.011,0.014,257.317,262.017,254.918
1780890098.949745,14.817,-11.5,-0.012,0.013,257.123,262.169,254.971
1780890098.963477,17.127,-10.786,-0.013,0.013,256.815,262.388,255.077
1780890098.974035,18.141,-10.429,-0.014,0.013,256.683,262.475,255.129
1780890098.9884632,19.211,-10.429,-0.015,0.013,256.573,262.611,255.117
1780890098.999049,21.634,-9.0,-0.016,0.012,256.18,262.792,255.345
1780890099.012864,21.634,-9.0,-0.016,0.012,256.18,262.792,255.345
1780890099.027353,23.944,-7.929,-0.018,0.011,255.783,263.042,255.519
1780890099.0379362,24.62,-7.643,-0.018,0.011,255.715,263.082,255.551
1780890099.051998,26.873,-6.5,-0.019,0.01,255.386,263.27,255.718
1780890099.062338,27.887,-6.286,-0.02,0.01,255.269,263.383,255.737
1780890099.076811,29.014,-6.143,-0.02,0.01,255.139,263.525,255.744
1780890099.090281,30.141,-5.286,-0.021,0.009,254.947,263.594,255.879
1780890099.10095,31.887,-4.714,-0.022,0.009,254.738,263.765,255.943
1780890099.1146991,33.014,-4.643,-0.023,0.009,254.612,263.919,255.938
1780890099.1552482,33.69,-4.0,-0.023,0.009,254.505,263.933,256.036
1780890099.155678,34.31,-3.571,-0.023,0.008,254.423,263.963,256.094
1780890099.156019,36.394,-1.357,-0.025,0.007,254.014,264.036,256.453
1780890099.163965,36.451,-1.5,-0.024,0.007,254.067,264.03,256.403
1780890099.1780858,37.07,-0.929,-0.025,0.007,253.969,264.053,256.485
1780890099.188742,37.972,-0.786,-0.025,0.007,253.865,264.174,256.489
1780890099.2023869,39.211,-0.071,-0.026,0.006,253.701,264.268,256.579
1780890099.216876,39.549,-0.071,-0.026,0.006,253.69,264.304,256.559
1780890099.227444,40.338,0.571,-0.026,0.006,253.553,264.356,256.657
1780890099.24133,40.451,0.786,-0.026,0.006,253.555,264.331,256.678
1780890099.251713,41.859,1.143,-0.027,0.006,253.381,264.509,256.706
1780890099.2654111,42.141,1.714,-0.027,0.005,253.323,264.478,256.794
1780890099.277062,42.254,2.214,-0.027,0.005,253.295,264.428,256.867
1780890099.290452,42.986,2.286,-0.028,0.005,253.21,264.537,256.863
1780890099.3040671,43.155,3.214,-0.028,0.004,253.161,264.441,256.998
1780890099.314852,43.099,3.786,-0.028,0.004,253.146,264.359,257.085
1780890099.329324,43.211,4.357,-0.028,0.004,253.105,264.311,257.172
1780890099.3680398,43.324,4.786,-0.028,0.003,253.074,264.28,257.232
1780890099.368432,43.437,5.0,-0.028,0.003,253.081,264.268,257.235
1780890099.368771,43.549,5.429,-0.028,0.003,253.045,264.24,257.298
1780890099.3780138,43.493,5.071,-0.028,0.003,253.1,264.265,257.217
1780890099.3885849,43.437,5.5,-0.027,0.003,253.086,264.207,257.282
1780890099.402263,43.268,5.857,-0.027,0.003,253.105,264.14,257.322
1780890099.416862,42.817,5.786,-0.027,0.003,253.188,264.068,257.297
1780890099.427297,42.761,6.143,-0.027,0.003,253.173,264.024,257.351
1780890099.441067,42.31,5.857,-0.026,0.003,253.27,263.978,257.288
1780890099.451621,41.803,6.357,-0.026,0.003,253.31,263.848,257.36
1780890099.4653618,41.296,6.643,-0.026,0.003,253.362,263.736,257.404
1780890099.4766998,40.732,6.357,-0.025,0.003,253.47,263.676,257.343
1780890099.490379,40.338,6.429,-0.025,0.003,253.519,263.61,257.349
1780890099.503996,39.437,6.214,-0.024,0.003,253.66,263.498,257.298
1780890099.5147069,38.141,6.286,-0.023,0.003,253.84,263.275,257.308
1780890099.528934,37.972,6.0,-0.023,0.003,253.878,263.293,257.251
1780890099.5395432,37.183,6.143,-0.023,0.003,253.972,263.156,257.275
1780890099.553204,35.831,5.786,-0.022,0.003,254.176,262.993,257.207
1780890099.591854,35.099,6.0,-0.021,0.003,254.251,262.863,257.245
1780890099.5922189,34.197,5.214,-0.021,0.004,254.437,262.807,257.101
1780890099.592563,33.408,5.214,-0.02,0.004,254.535,262.691,257.103
1780890099.6023,31.718,4.857,-0.019,0.004,254.775,262.48,257.043
1780890099.616748,30.873,4.786,-0.018,0.004,254.885,262.366,257.034
1780890099.6272929,29.972,4.643,-0.018,0.004,255.008,262.25,257.011
1780890099.640974,29.127,4.5,-0.017,0.004,255.122,262.145,256.989
1780890099.651623,27.099,4.0,-0.016,0.005,255.416,261.904,256.907
1780890099.665201,26.141,3.571,-0.015,0.005,255.569,261.811,256.835
1780890099.6764538,26.141,3.571,-0.015,0.005,255.569,261.811,256.835
1780890099.690243,24.225,2.714,-0.014,0.006,255.907,261.597,256.687
1780890099.704139,21.915,1.786,-0.013,0.006,256.268,261.36,256.541
1780890099.714488,20.676,1.714,-0.012,0.006,256.424,261.189,256.54
1780890099.728885,19.944,1.0,-0.011,0.007,256.559,261.171,256.422
1780890099.7396202,18.817,1.071,-0.011,0.007,256.685,261.006,256.449
1780890099.753213,16.394,-0.071,-0.009,0.008,257.081,260.777,256.268
1780890099.7636049,15.437,0.071,-0.009,0.007,257.171,260.638,256.308
1780890099.778072,14.535,-0.429,-0.008,0.008,257.313,260.571,256.23
1780890099.818315,14.535,-0.429,-0.008,0.008,257.313,260.571,256.23
1780890099.818614,10.986,-1.786,-0.006,0.009,257.901,260.183,256.017
1780890099.818872,9.352,-2.214,-0.005,0.009,258.149,259.991,255.957
1780890099.826915,8.394,-2.571,-0.004,0.009,258.28,259.906,255.909
1780890099.8406668,8.394,-2.571,-0.004,0.009,258.28,259.906,255.909
1780890099.851219,4.732,-4.286,-0.002,0.01,258.916,259.547,255.639
1780890099.86496,3.549,-4.571,-0.001,0.011,259.073,259.421,255.608
1780890099.879332,2.366,-5.143,-0.0,0.011,259.258,259.322,255.526
1780890099.88991,0.958,-5.571,0.001,0.011,259.468,259.173,255.47
1780890099.903632,-1.183,-6.357,0.002,0.012,259.772,258.98,255.368
1780890099.9143,-2.479,-7.0,0.003,0.012,259.987,258.869,255.274
1780890099.9286048,-3.437,-7.357,0.003,0.012,260.119,258.786,255.231
1780890099.939203,-4.845,-7.786,0.004,0.013,260.334,258.636,255.175
1780890099.952745,-7.155,-8.429,0.006,0.013,260.723,258.361,255.081
1780890099.963286,-7.155,-8.429,0.006,0.013,260.723,258.361,255.081
1780890099.977793,-9.465,-9.5,0.007,0.014,261.151,258.131,254.912
1780890099.991433,-10.479,-10.071,0.008,0.014,261.307,258.066,254.834
1780890100.031071,-12.451,-10.786,0.009,0.015,261.643,257.859,254.732
1780890100.031408,-13.521,-11.5,0.01,0.015,261.823,257.798,254.63
1780890100.031668,-14.648,-11.286,0.01,0.015,261.922,257.642,254.692
1780890100.040542,-16.676,-12.214,0.011,0.015,262.225,257.489,254.572
1780890100.0542452,-17.465,-12.714,0.012,0.016,262.344,257.45,254.505
1780890100.064895,-18.479,-13.143,0.012,0.016,262.498,257.366,254.45
1780890100.0792918,-19.268,-13.429,0.013,0.016,262.601,257.305,254.42
1780890100.093108,-21.239,-13.857,0.014,0.016,262.866,257.103,254.383
1780890100.10353,-22.197,-14.143,0.014,0.016,263.005,257.013,254.35
1780890100.1182542,-22.93,-13.857,0.015,0.016,263.047,256.907,254.416
1780890100.128544,-23.831,-14.429,0.015,0.016,263.21,256.851,254.33
1780890100.142443,-25.296,-15.143,0.016,0.017,263.488,256.719,254.22
1780890100.156626,-26.141,-16.071,0.017,0.018,263.677,256.703,254.075
1780890100.167137,-26.535,-15.214,0.017,0.017,263.602,256.596,254.242
1780890100.1809769,-27.887,-15.857,0.018,0.017,263.859,256.474,254.143
1780890100.194805,-28.563,-16.0,0.018,0.017,263.941,256.413,254.132
1780890100.2324522,-28.845,-16.286,0.018,0.017,263.97,256.426,254.096
1780890100.2328289,-29.521,-16.5,0.018,0.018,264.066,256.368,254.071
1780890100.233183,-30.31,-16.5,0.019,0.017,264.119,256.298,254.094
1780890100.244023,-30.761,-16.571,0.019,0.017,264.167,256.259,254.092
1780890100.258396,-31.437,-16.571,0.019,0.017,264.251,256.177,254.101
1780890100.2688808,-31.549,-16.5,0.019,0.017,264.226,256.178,254.121
1780890100.2828128,-32.338,-16.643,0.02,0.017,264.318,256.112,254.108
1780890100.297159,-32.62,-16.643,0.02,0.017,264.338,256.089,254.114
1780890100.30773,-32.676,-16.571,0.02,0.017,264.312,256.092,254.132
1780890100.321467,-33.239,-16.929,0.02,0.018,264.401,256.07,254.079
1780890100.332108,-33.239,-16.929,0.02,0.018,264.378,256.085,254.084
1780890100.346566,-33.408,-16.857,0.02,0.017,264.381,256.066,254.1
1780890100.360049,-33.239,-16.929,0.02,0.017,264.339,256.111,254.092
1780890100.370506,-33.239,-16.929,0.02,0.017,264.339,256.111,254.092
1780890100.3842702,-33.239,-16.929,0.02,0.017,264.339,256.111,254.092
1780890100.398567,-33.239,-16.929,0.02,0.017,264.339,256.111,254.092
1780890100.438477,-33.239,-16.929,0.02,0.017,264.339,256.111,254.092
1780890100.438907,-32.507,-15.714,0.019,0.017,264.057,256.136,254.303
1780890100.4392462,-32.507,-15.571,0.019,0.016,264.035,256.132,254.325
1780890100.447792,-32.225,-14.929,0.019,0.016,263.913,256.126,254.434
1780890100.46157,-31.549,-14.0,0.018,0.015,263.693,256.162,254.585
1780890100.471989,-31.211,-13.643,0.018,0.015,263.601,256.187,254.639
1780890100.4864252,-30.535,-13.071,0.017,0.015,263.428,256.245,254.73
1780890100.50033,-29.915,-13.214,0.017,0.015,263.343,256.356,254.694
1780890100.5108428,-29.127,-11.857,0.016,0.014,263.09,256.356,254.913
1780890100.524787,-28.845,-11.714,0.016,0.014,263.043,256.385,254.925
1780890100.535295,-28.056,-11.5,0.015,0.014,262.899,256.487,254.95
1780890100.549806,-27.606,-11.214,0.015,0.013,262.81,256.528,254.988
1780890100.563518,-25.972,-10.357,0.014,0.013,262.482,256.694,255.112
1780890100.573803,-25.69,-9.857,0.014,0.012,262.408,256.684,255.187
1780890100.5880802,-25.69,-9.857,0.014,0.012,262.408,256.684,255.187
1780890100.6017869,-25.69,-9.857,0.014,0.012,262.408,256.684,255.187
1780890100.638171,-22.704,-8.214,0.012,0.011,261.79,256.982,255.444
1780890100.638593,-21.746,-7.5,0.011,0.011,261.591,257.055,255.552
1780890100.638929,-21.07,-7.214,0.011,0.011,261.485,257.121,255.583
1780890100.6510699,-19.606,-6.5,0.01,0.01,261.243,257.255,255.671
1780890100.66167,-18.873,-5.929,0.009,0.01,261.1,257.303,255.754
1780890100.6753228,-18.028,-5.429,0.009,0.01,260.947,257.374,255.824
1780890100.689662,-16.901,-4.571,0.008,0.009,260.713,257.458,255.957
1780890100.70014,-16.113,-4.5,0.007,0.009,260.615,257.559,255.949
1780890100.713751,-13.972,-3.5,0.006,0.008,260.201,257.789,256.108
1780890100.7243252,-13.014,-3.286,0.005,0.008,260.069,257.899,256.124
1780890100.7388768,-13.014,-3.286,0.005,0.008,260.069,257.899,256.124
1780890100.752793,-10.254,-1.571,0.003,0.007,259.548,258.133,256.388
1780890100.7633212,-9.296,-0.857,0.003,0.007,259.375,258.194,256.492
1780890100.777481,-8.507,-0.214,0.002,0.006,259.238,258.235,256.583
1780890100.7879958,-7.38,-0.214,0.002,0.006,259.106,258.392,256.558
1780890100.801905,-5.296,0.5,0.0,0.006,258.8,258.607,256.643
1780890100.812478,-4.394,1.071,-0.0,0.006,258.652,258.671,256.724
1780890100.8269482,-3.211,1.643,-0.001,0.005,258.457,258.781,256.806
1780890100.866411,-3.211,1.643,-0.001,0.005,258.457,258.781,256.806
1780890100.8667352,-0.113,2.357,-0.003,0.005,258.0,259.157,256.89
1780890100.867074,-0.113,2.357,-0.003,0.005,258.0,259.157,256.89
1780890100.8751612,2.028,3.714,-0.004,0.004,257.587,259.346,257.116
1780890100.88938,3.155,3.714,-0.005,0.004,257.468,259.496,257.09
1780890100.899911,5.014,4.643,-0.006,0.003,257.147,259.677,257.237
1780890100.913614,5.859,4.571,-0.007,0.004,257.081,259.785,257.199
1780890100.924185,7.042,5.214,-0.007,0.003,256.895,259.881,257.295
1780890100.938516,8.0,5.143,-0.008,0.003,256.809,260.009,257.259
1780890100.949153,9.915,5.571,-0.009,0.003,256.58,260.212,257.297
1780890100.9630048,11.099,6.0,-0.01,0.003,256.409,260.33,257.358
1780890100.977292,12.0,6.214,-0.01,0.003,256.303,260.423,257.379
1780890100.987783,13.014,6.643,-0.011,0.002,256.158,260.514,257.44
1780890101.001652,15.042,7.143,-0.012,0.002,255.899,260.732,257.499
1780890101.012368,15.831,6.714,-0.012,0.003,255.865,260.87,257.404
1780890101.026743,16.901,6.857,-0.013,0.003,255.733,261.0,257.418
1780890101.037214,17.634,6.643,-0.013,0.003,255.685,261.108,257.366
1780890101.051085,19.099,5.786,-0.014,0.004,255.622,261.366,257.191
1780890101.090453,20.113,6.643,-0.015,0.003,255.428,261.416,257.343
1780890101.0908349,20.958,6.286,-0.015,0.003,255.37,261.559,257.271
1780890101.0911648,21.915,5.929,-0.016,0.004,255.293,261.722,257.2
1780890101.100184,23.437,6.429,-0.017,0.003,255.088,261.86,257.285
1780890101.113819,24.282,5.929,-0.017,0.004,255.039,262.019,257.189
1780890101.124361,24.62,6.429,-0.017,0.003,254.978,261.991,257.279
1780890101.1387799,25.577,6.357,-0.018,0.003,254.872,262.13,257.262
1780890101.149347,26.704,5.929,-0.019,0.004,254.803,262.3,257.178
1780890101.163203,27.268,5.929,-0.019,0.004,254.747,262.365,257.178
1780890101.177552,28.0,6.071,-0.019,0.003,254.652,262.445,257.203
1780890101.18809,28.394,5.643,-0.019,0.004,254.658,262.525,257.124
1780890101.201807,29.746,5.143,-0.02,0.004,254.547,262.749,257.037
1780890101.212265,30.028,4.786,-0.02,0.004,254.56,262.803,256.975
1780890101.22677,30.592,4.857,-0.021,0.004,254.491,262.864,256.992
1780890101.2372868,30.873,4.357,-0.021,0.005,254.514,262.935,256.905
1780890101.250998,31.211,4.214,-0.021,0.005,254.495,262.98,256.885
1780890101.261454,31.211,4.214,-0.021,0.005,254.495,262.98,256.885
1780890101.275222,32.563,3.071,-0.022,0.006,254.408,263.308,256.683
1780890101.3147871,32.845,3.0,-0.022,0.006,254.391,263.331,256.68
1780890101.3151438,33.352,2.571,-0.022,0.006,254.385,263.403,256.623
1780890101.315478,33.577,1.429,-0.022,0.007,254.465,263.532,256.426
1780890101.3241448,33.746,1.143,-0.022,0.007,254.476,263.562,256.388
1780890101.338392,33.915,1.071,-0.022,0.007,254.467,263.572,256.389
1780890101.349057,33.69,1.0,-0.022,0.007,254.525,263.492,256.4
1780890101.3628008,33.972,0.857,-0.022,0.007,254.501,263.537,256.384
1780890101.3771431,34.028,0.5,-0.022,0.007,254.53,263.565,256.33
1780890101.387674,34.197,0.5,-0.022,0.007,254.51,263.577,256.341
1780890101.401602,34.254,-0.357,-0.022,0.008,254.583,263.642,256.208
1780890101.4118662,34.254,-0.786,-0.022,0.008,254.623,263.671,256.143
1780890101.426593,34.028,-1.071,-0.022,0.008,254.682,263.646,256.103
1780890101.436886,33.634,-1.714,-0.022,0.009,254.797,263.629,256.001
1780890101.450888,33.69,-2.714,-0.022,0.009,254.868,263.72,255.85
1780890101.464426,33.577,-3.0,-0.021,0.01,254.905,263.718,255.814
1780890101.475117,33.183,-3.857,-0.021,0.01,255.034,263.726,255.677
1780890101.489333,33.239,-4.357,-0.021,0.011,255.06,263.779,255.605
1780890101.5276108,32.563,-4.929,-0.021,0.011,255.194,263.699,255.538
1780890101.5279381,31.775,-5.786,-0.02,0.011,255.378,263.641,255.403
1780890101.528338,31.718,-6.0,-0.02,0.012,255.391,263.649,255.384
1780890101.538608,31.268,-6.429,-0.02,0.012,255.483,263.61,255.326
1780890101.552448,30.366,-7.214,-0.019,0.012,255.658,263.527,255.222
1780890101.563157,30.141,-7.643,-0.019,0.013,255.713,263.532,255.164
1780890101.577088,29.352,-7.929,-0.018,0.013,255.841,263.422,255.132
1780890101.59089,29.352,-7.929,-0.018,0.013,255.841,263.422,255.132
1780890101.6014678,28.056,-9.214,-0.017,0.014,256.136,263.327,254.923
1780890101.615256,27.268,-10.143,-0.017,0.014,256.316,263.288,254.781
1780890101.625817,26.986,-10.071,-0.017,0.014,256.324,263.238,254.816
1780890101.640117,26.141,-10.643,-0.016,0.015,256.48,263.154,254.736
1780890101.65395,24.958,-10.929,-0.015,0.015,256.634,262.993,254.725
1780890101.664556,24.394,-11.357,-0.015,0.015,256.732,262.95,254.668
1780890101.678912,23.718,-12.071,-0.015,0.015,256.873,262.916,254.561
1780890101.692718,22.31,-11.929,-0.014,0.015,257.022,262.682,254.62
1780890101.731555,21.803,-12.071,-0.013,0.015,257.085,262.624,254.61
1780890101.7319198,20.901,-12.214,-0.013,0.015,257.211,262.498,254.599
1780890101.732247,20.113,-12.714,-0.012,0.016,257.351,262.429,254.524
1780890101.7418408,18.704,-13.071,-0.011,0.016,257.544,262.26,254.488
1780890101.7564511,17.859,-13.5,-0.011,0.016,257.686,262.177,254.426
1780890101.766979,17.296,-13.429,-0.01,0.016,257.736,262.093,254.451
1780890101.7806542,15.324,-13.714,-0.009,0.016,258.012,261.827,254.424
1780890101.794503,14.648,-13.857,-0.009,0.016,258.1,261.75,254.409
1780890101.8049421,13.803,-13.786,-0.008,0.016,258.195,261.623,254.431
1780890101.819484,13.803,-13.786,-0.008,0.016,258.195,261.623,254.431
1780890101.829936,10.873,-14.286,-0.006,0.016,258.643,261.23,254.361
1780890101.843772,9.859,-13.714,-0.006,0.016,258.714,261.034,254.469
1780890101.858241,9.183,-14.0,-0.005,0.016,258.813,260.981,254.424
1780890101.868901,8.563,-13.929,-0.005,0.016,258.869,260.903,254.443
1780890101.882633,6.423,-13.857,-0.004,0.016,259.139,260.6,254.464
1780890101.893343,5.803,-13.714,-0.003,0.016,259.189,260.517,254.492
1780890101.907424,5.014,-13.643,-0.003,0.016,259.275,260.412,254.507
1780890101.947305,5.014,-13.643,-0.003,0.016,259.275,260.412,254.507
1780890101.947728,2.197,-13.286,-0.001,0.015,259.631,259.983,254.57
1780890101.948066,1.183,-12.929,-0.0,0.015,259.725,259.819,254.632
1780890101.956334,0.113,-12.571,0.0,0.015,259.83,259.648,254.693
1780890101.970096,-0.563,-12.214,0.001,0.014,259.87,259.544,254.753
1780890101.983819,-2.535,-11.714,0.002,0.014,260.078,259.253,254.832
1780890101.994477,-2.986,-11.786,0.002,0.014,260.124,259.228,254.813
1780890102.008749,-4.282,-10.857,0.003,0.013,260.217,258.967,254.971
1780890102.019289,-5.746,-10.857,0.004,0.014,260.394,258.811,254.955
1780890102.0332491,-6.817,-10.429,0.005,0.013,260.499,258.637,255.023
1780890102.043725,-7.549,-10.429,0.005,0.013,260.589,258.56,255.015
1780890102.058076,-7.549,-10.429,0.005,0.013,260.589,258.56,255.015
1780890102.0717409,-9.915,-9.786,0.006,0.013,260.857,258.202,255.11
1780890102.0823119,-10.648,-9.357,0.007,0.013,260.905,258.086,255.177
1780890102.0967412,-10.648,-9.357,0.007,0.013,260.905,258.086,255.177
1780890102.1070552,-10.648,-9.357,0.007,0.013,260.905,258.086,255.177
1780890102.120885,-13.296,-8.071,0.009,0.012,261.159,257.634,255.379
1780890102.1610932,-14.423,-7.643,0.009,0.011,261.275,257.461,255.442
1780890102.161449,-14.986,-7.071,0.01,0.011,261.281,257.366,255.529
1780890102.161782,-15.831,-6.357,0.01,0.01,261.323,257.212,255.64
1780890102.170065,-17.07,-6.071,0.011,0.01,261.448,257.076,255.66
1780890102.183817,-16.901,-5.714,0.01,0.01,261.355,257.112,255.708
1780890102.198116,-18.197,-5.571,0.011,0.01,261.538,256.933,255.718
1780890102.208703,-18.535,-5.0,0.011,0.01,261.513,256.867,255.806
1780890102.2223449,-19.775,-4.714,0.012,0.01,261.65,256.721,255.827
1780890102.232982,-20.225,-4.571,0.012,0.01,261.689,256.672,255.838
1780890102.2471092,-20.225,-4.571,0.012,0.01,261.689,256.672,255.838
1780890102.260973,-20.225,-4.571,0.012,0.01,261.689,256.672,255.838
1780890102.271599,-22.254,-3.286,0.014,0.009,261.888,256.273,256.054
1780890102.285362,-22.479,-2.857,0.014,0.008,261.859,256.241,256.114
1780890102.29654,-22.817,-2.429,0.014,0.008,261.852,256.188,256.173
1780890102.310726,-22.986,-1.929,0.014,0.008,261.81,256.153,256.245
1780890102.324078,-23.211,-1.571,0.014,0.008,261.778,256.154,256.273
1780890102.364352,-23.831,-1.5,0.014,0.008,261.864,256.081,256.269
1780890102.364712,-24.056,-1.429,0.014,0.008,261.88,256.068,256.267
1780890102.3649762,-24.169,-0.857,0.014,0.007,261.817,256.05,256.342
1780890102.373116,-24.563,-0.571,0.014,0.007,261.846,255.986,256.38
1780890102.383602,-24.901,-0.429,0.015,0.007,261.88,255.944,256.392
1780890102.3978581,-24.845,0.0,0.014,0.007,261.817,255.936,256.456
1780890102.41167,-25.07,0.429,0.014,0.007,261.798,255.903,256.507
1780890102.422106,-25.07,0.643,0.014,0.006,261.771,255.902,256.533
1780890102.436378,-24.901,0.5,0.014,0.007,261.752,255.957,256.495
1780890102.44682,-25.127,0.714,0.014,0.006,261.766,255.916,256.523
1780890102.460774,-24.732,0.929,0.014,0.006,261.673,255.984,256.54
1780890102.471246,-24.901,1.143,0.014,0.006,261.68,255.948,256.57
1780890102.484988,-24.676,1.286,0.014,0.006,261.627,255.979,256.587
1780890102.4993238,-24.563,1.357,0.014,0.006,261.602,255.998,256.59
1780890102.5099468,-24.394,1.357,0.014,0.006,261.577,256.036,256.575
1780890102.523534,-23.831,1.571,0.013,0.006,261.462,256.109,256.607
1780890102.5341141,-23.606,1.5,0.013,0.006,261.436,256.152,256.587
1780890102.548515,-23.493,1.5,0.013,0.006,261.422,256.171,256.581
1780890102.5889668,-23.155,1.857,0.013,0.006,261.335,256.192,256.64
1780890102.589317,-22.592,1.929,0.012,0.006,261.248,256.271,256.64
1780890102.589674,-22.197,1.643,0.012,0.006,261.218,256.355,256.583
1780890102.59757,-21.859,1.786,0.012,0.006,261.155,256.391,256.606
1780890102.611264,-21.352,1.714,0.011,0.006,261.086,256.471,256.589
1780890102.6217759,-20.338,1.786,0.011,0.006,260.932,256.604,256.598
1780890102.6355379,-20.282,1.286,0.011,0.007,260.984,256.649,256.505
1780890102.6467369,-19.493,1.5,0.01,0.006,260.841,256.744,256.543
1780890102.6605859,-19.155,1.5,0.01,0.006,260.797,256.786,256.542
1780890102.671041,-17.915,1.286,0.009,0.007,260.637,256.974,256.503
1780890102.6848562,-17.239,1.5,0.009,0.006,260.519,257.047,256.541
1780890102.699222,-16.732,1.143,0.008,0.007,260.486,257.144,256.476
1780890102.7099679,-15.944,1.071,0.008,0.007,260.378,257.258,256.464
1780890102.723386,-14.479,0.5,0.007,0.007,260.224,257.504,256.365
1780890102.7341702,-14.535,0.714,0.007,0.007,260.233,257.454,256.406
1780890102.748559,-13.352,0.429,0.006,0.007,260.081,257.649,256.357
1780890102.7590458,-13.014,0.143,0.006,0.007,260.073,257.707,256.308
1780890102.772785,-11.437,-0.357,0.005,0.008,259.9,257.959,256.224
1780890102.8126268,-10.93,-0.5,0.004,0.008,259.85,258.028,256.204
1780890102.812932,-10.366,-0.571,0.004,0.008,259.784,258.1,256.197
1780890102.813202,-8.732,-1.0,0.003,0.008,259.597,258.352,256.13
1780890102.821679,-8.169,-1.071,0.003,0.008,259.532,258.422,256.123
1780890102.835397,-7.718,-1.286,0.002,0.008,259.5,258.487,256.091
1780890102.846891,-6.704,-1.571,0.002,0.009,259.382,258.651,256.046
1780890102.860325,-4.901,-1.857,0.0,0.009,259.135,258.942,256.002
1780890102.873961,-4.676,-2.357,0.0,0.009,259.172,258.991,255.92
1780890102.884485,-3.887,-3.0,-0.0,0.01,259.127,259.147,255.814
1780890102.898827,-3.887,-3.0,-0.0,0.01,259.127,259.147,255.814
1780890102.9094841,-1.352,-3.571,-0.002,0.01,258.79,259.584,255.723
1780890102.923323,-0.845,-3.786,-0.002,0.01,258.757,259.645,255.697
1780890102.933857,-0.056,-4.214,-0.003,0.01,258.697,259.775,255.633
1780890102.9481049,1.183,-4.429,-0.003,0.011,258.544,259.959,255.607
1780890102.961804,2.817,-5.0,-0.004,0.011,258.388,260.202,255.531
1780890102.972384,3.211,-5.429,-0.005,0.011,258.393,260.266,255.467
1780890102.986612,3.662,-5.5,-0.005,0.011,258.353,260.307,255.467
1780890103.0270889,4.507,-5.786,-0.005,0.011,258.269,260.438,255.428
1780890103.0275168,6.085,-6.571,-0.006,0.012,258.139,260.698,255.314
1780890103.027851,6.648,-6.857,-0.007,0.012,258.099,260.781,255.276
1780890103.0353742,7.718,-7.429,-0.007,0.012,258.004,260.979,255.187
1780890103.0497909,8.282,-7.143,-0.008,0.012,257.912,261.006,255.251
1780890103.060461,8.901,-7.929,-0.008,0.013,257.91,261.15,255.124
1780890103.074029,10.535,-8.071,-0.009,0.013,257.684,261.403,255.112
1780890103.0846,11.268,-8.571,-0.009,0.013,257.64,261.535,255.036
1780890103.0989,11.887,-8.857,-0.01,0.013,257.593,261.627,254.999
1780890103.1097221,11.887,-8.857,-0.01,0.013,257.593,261.627,254.999
1780890103.1233668,14.141,-9.5,-0.011,0.014,257.318,262.038,254.899
1780890103.137779,14.592,-9.714,-0.012,0.014,257.296,262.088,254.876
1780890103.148195,15.042,-9.857,-0.012,0.014,257.265,262.134,254.865
1780890103.1618009,15.549,-10.214,-0.012,0.014,257.244,262.214,254.815
1780890103.176298,17.183,-10.214,-0.013,0.014,257.01,262.456,254.828
1780890103.186982,17.408,-10.357,-0.013,0.014,257.016,262.464,254.815
1780890103.200724,18.197,-10.357,-0.014,0.014,256.918,262.56,254.826
1780890103.2395551,18.873,-10.857,-0.014,0.014,256.909,262.649,254.758
1780890103.239904,19.606,-10.857,-0.014,0.014,256.816,262.74,254.768
1780890103.240233,20.282,-10.643,-0.015,0.014,256.714,262.801,254.814
1780890103.249803,20.958,-10.714,-0.015,0.014,256.661,262.858,254.816
1780890103.263444,21.69,-11.143,-0.015,0.014,256.606,262.999,254.747
1780890103.27807,22.254,-10.929,-0.016,0.014,256.52,263.045,254.791
1780890103.288687,22.479,-11.071,-0.016,0.014,256.519,263.069,254.772
1780890103.302322,23.324,-11.0,-0.016,0.014,256.42,263.156,254.793
1780890103.312974,23.606,-10.786,-0.016,0.014,256.376,263.158,254.835
1780890103.327363,23.887,-10.786,-0.016,0.014,256.35,263.183,254.837
1780890103.341098,24.225,-10.929,-0.017,0.014,256.328,263.235,254.815
1780890103.3517911,24.62,-10.643,-0.017,0.014,256.275,263.234,254.868
1780890103.3654752,24.789,-10.643,-0.017,0.014,256.264,263.245,254.869
1780890103.37986,24.901,-10.357,-0.017,0.014,256.235,263.219,254.92
1780890103.390501,25.521,-10.286,-0.017,0.014,256.16,263.291,254.931
1780890103.404115,25.634,-10.357,-0.017,0.014,256.162,263.304,254.917
1780890103.443435,25.634,-10.357,-0.017,0.014,256.162,263.304,254.917
1780890103.443826,25.803,-9.857,-0.017,0.013,256.104,263.27,255.004
1780890103.4441652,25.803,-9.857,-0.017,0.013,256.104,263.27,255.004
1780890103.452904,25.803,-9.857,-0.017,0.013,256.104,263.27,255.004
1780890103.467128,25.803,-9.857,-0.017,0.013,256.104,263.27,255.004
1780890103.477681,25.803,-9.857,-0.017,0.013,256.104,263.27,255.004
1780890103.4913049,25.803,-9.857,-0.017,0.013,256.104,263.27,255.004
1780890103.504951,25.803,-9.857,-0.017,0.013,256.104,263.27,255.004
1780890103.51564,25.803,-9.857,-0.017,0.013,256.104,263.27,255.004
1780890103.5299299,25.859,-7.357,-0.017,0.011,255.885,263.014,255.442
1780890103.54053,25.127,-6.929,-0.017,0.011,255.991,262.837,255.491
1780890103.554327,25.07,-6.357,-0.017,0.011,255.961,262.771,255.58
1780890103.56912,25.183,-6.143,-0.017,0.011,255.936,262.772,255.604
1780890103.5794501,24.451,-5.786,-0.016,0.01,256.029,262.61,255.654
1780890103.5932019,24.169,-5.357,-0.016,0.01,256.049,262.532,255.703
1780890103.603761,23.831,-5.0,-0.016,0.01,256.076,262.445,255.753
1780890103.618143,23.606,-4.786,-0.015,0.01,256.096,262.394,255.778
1780890103.657185,23.38,-4.429,-0.015,0.01,256.103,262.33,255.829
1780890103.6576052,22.479,-4.214,-0.015,0.01,256.228,262.175,255.842
1780890103.6579468,22.085,-4.286,-0.014,0.01,256.295,262.128,255.818
1780890103.66715,21.859,-3.714,-0.014,0.009,256.277,262.046,255.909
1780890103.6808052,21.014,-3.071,-0.013,0.009,256.346,261.869,256.0
1780890103.691327,20.732,-2.571,-0.013,0.008,256.342,261.788,256.077
1780890103.70494,20.225,-2.214,-0.013,0.008,256.386,261.684,256.127
1780890103.7192981,20.225,-2.214,-0.013,0.008,256.386,261.684,256.127
1780890103.729961,18.423,-1.857,-0.012,0.008,256.631,261.359,256.178
1780890103.7438269,18.085,-1.214,-0.011,0.008,256.617,261.264,256.28
1780890103.754281,17.239,-1.5,-0.011,0.008,256.766,261.175,256.213
1780890103.768738,16.901,-0.714,-0.011,0.007,256.736,261.067,256.342
1780890103.7825038,15.437,-0.214,-0.01,0.007,256.899,260.824,256.404
1780890103.7932851,15.211,0.071,-0.01,0.007,256.896,260.787,256.441
1780890103.807308,14.535,0.0,-0.009,0.007,256.997,260.708,256.414
1780890103.8180292,14.028,0.214,-0.009,0.007,257.043,260.63,256.441
1780890103.8316128,12.507,0.786,-0.008,0.007,257.203,260.376,256.52
1780890103.869479,12.113,0.929,-0.008,0.006,257.236,260.326,256.533
1780890103.86994,11.268,1.357,-0.007,0.006,257.315,260.173,256.599
1780890103.8702872,10.479,1.286,-0.007,0.006,257.43,260.079,256.574
1780890103.8807979,9.127,1.786,-0.006,0.006,257.563,259.867,256.643
1780890103.8945842,8.563,1.929,-0.005,0.006,257.621,259.791,256.658
1780890103.904911,8.282,2.0,-0.005,0.006,257.64,259.768,256.661
1780890103.919304,8.282,2.0,-0.005,0.006,257.64,259.768,256.661
1780890103.929844,5.803,2.429,-0.004,0.006,257.955,259.38,256.72
1780890103.943475,5.352,2.643,-0.003,0.006,257.985,259.319,256.749
1780890103.954004,4.732,2.643,-0.003,0.006,258.062,259.25,256.74
1780890103.968459,4.732,2.643,-0.003,0.006,258.062,259.25,256.74
1780890103.978884,4.732,2.643,-0.003,0.006,258.062,259.25,256.74
1780890103.992745,1.972,2.786,-0.001,0.005,258.444,258.853,256.75
1780890104.003307,1.634,2.643,-0.001,0.006,258.484,258.848,256.716
1780890104.0175931,1.634,2.643,-0.001,0.006,258.484,258.848,256.716
1780890104.028109,0.113,2.214,0.0,0.006,258.744,258.674,256.632
1780890104.0418172,-1.859,2.357,0.001,0.006,258.988,258.411,256.651
1780890104.052439,-1.972,1.929,0.001,0.006,259.014,258.47,256.57
1780890104.091018,-1.972,1.929,0.001,0.006,259.014,258.47,256.57
1780890104.0914571,-3.437,2.714,0.002,0.006,259.149,258.192,256.71
1780890104.091767,-4.732,1.429,0.003,0.007,259.418,258.172,256.473
1780890104.104584,-5.183,1.214,0.003,0.007,259.478,258.151,256.436
1780890104.115138,-6.028,0.929,0.004,0.007,259.612,258.071,256.387
1780890104.129552,-6.31,0.929,0.004,0.007,259.625,258.055,256.39
1780890104.140019,-7.549,0.286,0.005,0.008,259.826,257.972,256.281
1780890104.153766,-8.338,0.357,0.005,0.007,259.919,257.864,256.299
1780890104.164437,-9.07,0.357,0.005,0.007,260.009,257.773,256.304
1780890104.178804,-9.465,0.571,0.006,0.007,260.022,257.716,256.346
1780890104.189379,-10.592,-0.143,0.006,0.008,260.219,257.652,256.225
1780890104.203027,-11.268,-0.5,0.007,0.008,260.337,257.6,256.166
1780890104.2174358,-11.493,-0.571,0.007,0.008,260.351,257.593,256.159
1780890104.228236,-11.887,-1.286,0.007,0.009,260.458,257.617,256.037
1780890104.241825,-13.07,-1.786,0.008,0.009,260.648,257.512,255.964
1780890104.252364,-13.408,-1.786,0.008,0.009,260.676,257.476,255.973
1780890104.26669,-13.803,-2.429,0.008,0.009,260.777,257.49,255.866
1780890104.30273,-14.535,-2.286,0.009,0.009,260.859,257.377,255.902
1780890104.303029,-14.535,-2.286,0.009,0.009,260.859,257.377,255.902
1780890104.30435,-15.606,-3.143,0.009,0.01,261.097,257.303,255.757
1780890104.314975,-16.169,-3.429,0.01,0.01,261.189,257.257,255.717
1780890104.329456,-16.338,-3.5,0.01,0.01,261.194,257.254,255.716
1780890104.34319,-17.014,-4.0,0.01,0.01,261.3,257.222,255.651
1780890104.353663,-17.183,-4.857,0.01,0.011,261.386,257.288,255.509
1780890104.367997,-17.352,-5.286,0.01,0.011,261.43,257.312,255.446
1780890104.3785548,-17.746,-5.429,0.01,0.011,261.486,257.273,255.434
1780890104.3924851,-18.141,-5.714,0.01,0.011,261.533,257.255,255.409
1780890104.40305,-18.197,-5.929,0.01,0.012,261.541,257.275,255.382
1780890104.417428,-18.817,-6.429,0.011,0.012,261.676,257.23,255.305
1780890104.431147,-18.761,-6.5,0.011,0.012,261.651,257.254,255.304
1780890104.441731,-18.761,-6.857,0.011,0.012,261.648,257.299,255.263
1780890104.455474,-18.986,-7.214,0.011,0.012,261.705,257.301,255.211
1780890104.466749,-18.986,-7.357,0.011,0.012,261.702,257.318,255.196
1780890104.4803898,-19.099,-7.571,0.011,0.013,261.713,257.327,255.178
1780890104.517608,-19.268,-7.786,0.011,0.013,261.75,257.322,255.15
1780890104.518024,-19.155,-8.429,0.011,0.013,261.782,257.401,255.046
1780890104.519011,-19.099,-8.786,0.011,0.013,261.795,257.443,254.994
1780890104.529691,-18.873,-9.286,0.01,0.014,261.783,257.522,254.929
1780890104.543423,-18.761,-9.714,0.01,0.014,261.796,257.576,254.865
1780890104.557804,-18.986,-10.0,0.01,0.014,261.855,257.562,254.827
1780890104.568369,-18.479,-10.571,0.01,0.015,261.815,257.692,254.739
1780890104.58214,-18.254,-10.714,0.01,0.015,261.776,257.728,254.738
1780890104.612291,-17.859,-10.857,0.009,0.015,261.717,257.797,254.724
1780890104.612633,-17.634,-10.786,0.009,0.014,261.668,257.819,254.747
1780890104.620811,-17.521,-10.786,0.009,0.014,261.647,257.829,254.756
1780890104.631349,-16.789,-11.0,0.009,0.015,261.542,257.95,254.735
1780890104.6451159,-16.563,-11.429,0.009,0.015,261.547,258.016,254.667
1780890104.659657,-16.169,-11.071,0.008,0.015,261.447,258.036,254.738
1780890104.6700711,-15.268,-11.0,0.008,0.014,261.296,258.153,254.761
1780890104.6839051,-14.873,-11.214,0.007,0.015,261.257,258.225,254.728
1780890104.698295,-14.873,-11.286,0.007,0.015,261.273,258.219,254.72
1780890104.708765,-14.141,-11.0,0.007,0.014,261.127,258.299,254.775
1780890104.722537,-13.296,-10.929,0.006,0.014,260.999,258.402,254.793
1780890104.73312,-12.901,-11.0,0.006,0.014,260.951,258.459,254.782
1780890104.747369,-12.507,-11.143,0.006,0.014,260.911,258.522,254.759
1780890104.761198,-11.775,-10.929,0.005,0.014,260.779,258.607,254.798
1780890104.771776,-10.873,-10.714,0.005,0.014,260.635,258.703,254.838
1780890104.7854002,-10.423,-10.714,0.004,0.014,260.576,258.761,254.838
1780890104.8243232,-9.972,-10.643,0.004,0.014,260.51,258.811,254.85
1780890104.8247669,-8.732,-10.5,0.003,0.014,260.324,258.967,254.874
1780890104.825103,-8.113,-10.786,0.003,0.014,260.267,259.077,254.822
1780890104.834441,-7.493,-10.071,0.002,0.014,260.114,259.093,254.948
1780890104.8488781,-6.817,-9.929,0.002,0.013,260.009,259.172,254.97
1780890104.8594382,-6.31,-9.786,0.002,0.013,259.934,259.223,254.991
1780890104.873188,-4.901,-9.5,0.001,0.013,259.696,259.41,255.038
1780890104.8874738,-4.225,-9.357,0.0,0.013,259.597,259.486,255.058
1780890104.898071,-3.831,-9.214,0.0,0.013,259.546,259.515,255.078
1780890104.911844,-3.268,-8.857,-0.0,0.013,259.446,259.553,255.136
1780890104.922322,-3.268,-8.857,-0.0,0.013,259.446,259.553,255.136
1780890104.9369721,-1.408,-8.5,-0.002,0.012,259.134,259.807,255.192
1780890104.9471412,-0.901,-8.071,-0.002,0.012,259.043,259.825,255.261
1780890104.961146,0.451,-7.857,-0.003,0.012,258.867,259.984,255.279
1780890104.974755,1.014,-7.357,-0.003,0.012,258.76,260.005,255.36
1780890104.985455,1.577,-7.214,-0.003,0.012,258.687,260.062,255.376
1780890104.999747,2.197,-6.643,-0.004,0.011,258.564,260.088,255.469
1780890105.040444,3.38,-6.143,-0.004,0.011,258.388,260.193,255.539
1780890105.040885,4.338,-6.0,-0.005,0.011,258.252,260.319,255.553
1780890105.0412228,4.62,-5.714,-0.005,0.011,258.212,260.316,255.594
1780890105.0489001,5.296,-6.0,-0.006,0.011,258.161,260.437,255.532
1780890105.062638,6.479,-5.429,-0.006,0.011,257.977,260.538,255.615
1780890105.073204,7.268,-5.357,-0.007,0.011,257.874,260.642,255.618
1780890105.08755,7.887,-5.071,-0.007,0.01,257.779,260.697,255.66
1780890105.098135,8.451,-4.786,-0.007,0.01,257.692,260.743,255.702
1780890105.1118279,9.296,-4.214,-0.008,0.01,257.564,260.79,255.784
1780890105.122326,9.296,-4.214,-0.008,0.01,257.564,260.79,255.784
1780890105.136844,10.366,-3.5,-0.009,0.009,257.357,260.882,255.901
1780890105.1504982,10.986,-3.071,-0.009,0.009,257.251,260.925,255.965
1780890105.16141,12.225,-2.5,-0.01,0.009,257.066,261.04,256.041
1780890105.1746821,12.338,-1.857,-0.01,0.008,257.021,260.977,256.143
1780890105.185409,12.338,-1.857,-0.01,0.008,257.021,260.977,256.143
1780890105.199884,13.803,-1.714,-0.011,0.008,256.807,261.196,256.154
1780890105.210266,14.479,-1.5,-0.011,0.008,256.745,261.25,256.165
1780890105.2240908,15.493,-0.929,-0.012,0.008,256.564,261.348,256.255
1780890105.2624059,15.493,-0.929,-0.012,0.008,256.595,261.329,256.242
1780890105.262769,15.718,-0.786,-0.012,0.008,256.575,261.336,256.256
1780890105.263113,16.789,-0.286,-0.012,0.007,256.414,261.438,256.323
1780890105.273122,17.408,-0.071,-0.013,0.007,256.324,261.507,256.35
1780890105.287479,17.577,0.143,-0.013,0.007,256.305,261.498,256.377
1780890105.3013608,17.915,0.214,-0.013,0.007,256.27,261.534,256.379
1780890105.3118122,18.592,0.5,-0.013,0.007,256.185,261.594,256.409
1780890105.32545,18.93,0.714,-0.013,0.007,256.135,261.617,256.439
1780890105.33661,19.099,0.714,-0.014,0.007,256.13,261.633,256.429
1780890105.350452,19.775,1.0,-0.014,0.007,256.02,261.708,256.472
1780890105.3610702,20.282,1.214,-0.014,0.007,255.962,261.748,256.494
1780890105.374801,20.282,1.643,-0.014,0.006,255.943,261.693,256.563
1780890105.3890471,20.676,1.5,-0.014,0.006,255.912,261.766,256.528
1780890105.399714,20.676,1.5,-0.014,0.007,255.929,261.755,256.52
1780890105.4134452,21.239,1.857,-0.015,0.006,255.841,261.797,256.571
1780890105.423981,21.352,2.0,-0.015,0.006,255.826,261.794,256.59
1780890105.438277,21.521,1.857,-0.015,0.006,255.826,261.829,256.557
1780890105.477323,21.521,1.857,-0.015,0.006,255.839,261.822,256.551
1780890105.477659,21.521,2.071,-0.015,0.006,255.842,261.787,256.58
1780890105.477998,22.028,2.286,-0.015,0.006,255.754,261.848,256.613
1780890105.4873831,21.803,2.143,-0.015,0.006,255.812,261.817,256.582
1780890105.501187,21.915,1.857,-0.015,0.006,255.828,261.861,256.526
1780890105.5116348,21.859,2.0,-0.015,0.006,255.838,261.827,256.547
1780890105.525343,21.746,1.786,-0.015,0.007,255.88,261.826,256.506
1780890105.5366101,21.746,1.714,-0.015,0.007,255.891,261.83,256.491
1780890105.5503502,21.803,1.5,-0.015,0.007,255.904,261.858,256.452
1780890105.5608692,21.577,1.357,-0.014,0.007,255.957,261.828,256.426
1780890105.5747871,21.296,1.0,-0.014,0.007,256.033,261.814,256.362
1780890105.589015,21.634,1.286,-0.014,0.007,255.954,261.843,256.416
1780890105.599766,21.352,1.0,-0.014,0.007,256.023,261.821,256.365
1780890105.613321,20.901,0.357,-0.014,0.008,256.147,261.807,256.254
1780890105.624105,20.62,0.429,-0.014,0.008,256.18,261.751,256.271
1780890105.6383622,20.282,0.357,-0.013,0.008,256.234,261.702,256.262
1780890105.649135,20.282,0.429,-0.013,0.008,256.222,261.697,256.279
1780890105.662735,19.38,0.0,-0.013,0.008,256.387,261.592,256.209
1780890105.7019122,19.268,0.071,-0.013,0.008,256.39,261.571,256.226
1780890105.702286,18.817,0.0,-0.012,0.008,256.458,261.506,256.216
1780890105.702634,18.535,-0.214,-0.012,0.008,256.512,261.486,256.181
1780890105.711801,17.859,-0.214,-0.012,0.008,256.596,261.383,256.191
1780890105.726154,17.634,-0.429,-0.012,0.008,256.64,261.374,256.155
1780890105.73668,17.239,-0.857,-0.011,0.008,256.729,261.357,256.082
1780890105.750468,16.394,-1.429,-0.011,0.009,256.888,261.286,255.991
1780890105.7641652,15.944,-1.286,-0.01,0.009,256.931,261.204,256.023
1780890105.774715,15.099,-1.643,-0.01,0.009,257.082,261.106,255.965
1780890105.789131,14.873,-1.714,-0.01,0.009,257.106,261.086,255.959
1780890105.799694,14.028,-2.357,-0.009,0.009,257.263,261.029,255.858
1780890105.8134432,14.028,-2.357,-0.009,0.009,257.263,261.029,255.858
1780890105.827753,14.028,-2.357,-0.009,0.009,257.263,261.029,255.858
1780890105.838301,12.451,-2.929,-0.008,0.01,257.547,260.829,255.764
1780890105.851893,11.662,-3.286,-0.008,0.01,257.658,260.761,255.719
1780890105.862935,11.042,-3.5,-0.007,0.01,257.753,260.692,255.69
1780890105.877036,10.648,-3.286,-0.007,0.01,257.772,260.621,255.737
1780890105.916898,10.648,-3.286,-0.007,0.01,257.772,260.621,255.737
1780890105.917183,9.183,-3.929,-0.006,0.01,258.017,260.471,255.639
1780890105.917472,8.394,-4.143,-0.005,0.011,258.138,260.377,255.609
1780890105.925592,7.606,-4.214,-0.005,0.011,258.245,260.27,255.605
1780890105.939819,7.155,-4.786,-0.005,0.011,258.344,260.27,255.511
1780890105.9503438,5.972,-5.0,-0.004,0.011,258.501,260.131,255.49
1780890105.964316,5.521,-5.357,-0.004,0.011,258.579,260.109,255.435
1780890105.97548,5.014,-5.286,-0.003,0.011,258.627,260.036,255.457
1780890105.9891908,4.507,-5.643,-0.003,0.012,258.716,260.004,255.402
1780890106.0033002,3.099,-5.929,-0.002,0.012,258.918,259.836,255.368
1780890106.013957,2.592,-5.857,-0.002,0.012,258.966,259.764,255.389
1780890106.027967,2.028,-5.714,-0.002,0.011,259.018,259.677,255.421
1780890106.0384,1.521,-6.071,-0.001,0.012,259.108,259.647,255.364
1780890106.052141,0.225,-5.786,-0.001,0.011,259.241,259.448,255.426
1780890106.062922,0.169,-5.786,-0.001,0.011,259.224,259.46,255.43
1780890106.077497,-0.451,-6.429,-0.0,0.012,259.363,259.438,255.32
1780890106.090851,-1.183,-6.643,0.0,0.012,259.479,259.356,255.288
1780890106.1294742,-2.479,-6.857,0.001,0.012,259.661,259.202,255.263
1780890106.129876,-2.817,-6.857,0.001,0.012,259.69,259.167,255.269
1780890106.130202,-3.662,-7.071,0.002,0.012,259.825,259.068,255.237
1780890106.1398,-3.944,-7.571,0.002,0.013,259.893,259.089,255.154
1780890106.150503,-5.014,-7.786,0.003,0.013,260.039,258.972,255.13
1780890106.164083,-5.577,-7.429,0.003,0.012,260.072,258.865,255.199
1780890106.174776,-6.535,-8.0,0.004,0.013,260.262,258.782,255.103
1780890106.188973,-6.366,-7.857,0.003,0.013,260.193,258.816,255.134
1780890106.2027829,-7.38,-8.0,0.004,0.013,260.329,258.702,255.118
1780890106.2133172,-7.662,-7.786,0.004,0.013,260.332,258.654,255.16
1780890106.227741,-8.507,-7.643,0.005,0.012,260.438,258.521,255.189
1780890106.238199,-8.62,-7.643,0.005,0.012,260.434,258.522,255.191
1780890106.252052,-9.746,-7.929,0.005,0.013,260.61,258.402,255.145
1780890106.26259,-9.972,-7.857,0.005,0.013,260.619,258.377,255.16
1780890106.277055,-10.197,-7.786,0.006,0.013,260.63,258.351,255.175
1780890106.290678,-10.93,-7.786,0.006,0.013,260.734,258.249,255.176
1780890106.301502,-11.493,-7.643,0.006,0.012,260.777,258.18,255.203
1780890106.31499,-12.0,-7.429,0.007,0.012,260.824,258.095,255.241
1780890106.355249,-12.282,-7.5,0.007,0.012,260.86,258.074,255.228
1780890106.355689,-12.507,-7.429,0.007,0.012,260.874,258.048,255.24
1780890106.35602,-13.239,-7.357,0.007,0.012,260.959,257.956,255.251
1780890106.3640692,-13.634,-7.214,0.008,0.012,260.997,257.896,255.275
1780890106.3782778,-13.859,-7.143,0.008,0.012,261.013,257.869,255.286
1780890106.38882,-14.479,-6.929,0.008,0.012,261.069,257.78,255.32
1780890106.402602,-14.535,-6.857,0.008,0.012,261.058,257.779,255.331
1780890106.417019,-14.761,-6.857,0.008,0.012,261.085,257.757,255.328
1780890106.427669,-14.817,-6.714,0.008,0.012,261.068,257.749,255.351
1780890106.441396,-15.268,-6.5,0.008,0.012,261.104,257.682,255.383
1780890106.4519129,-15.268,-6.143,0.008,0.011,261.059,257.661,255.444
1780890106.4663522,-15.437,-5.929,0.008,0.011,261.06,257.626,255.477
1780890106.480208,-15.437,-5.929,0.008,0.011,261.053,257.638,255.472
1780890106.490638,-16.0,-5.429,0.009,0.011,261.089,257.523,255.551
1780890106.504281,-15.606,-5.286,0.008,0.011,261.002,257.584,255.57
1780890106.515102,-15.718,-5.357,0.008,0.011,261.025,257.582,255.552
1780890106.529372,-15.944,-4.857,0.009,0.01,261.011,257.508,255.636
1780890106.5689652,-15.718,-4.5,0.008,0.01,260.933,257.529,255.687
1780890106.569335,-15.887,-4.5,0.008,0.01,260.961,257.509,255.679
1780890106.569676,-15.775,-4.429,0.008,0.01,260.935,257.528,255.686
1780890106.5785038,-15.493,-4.429,0.008,0.01,260.887,257.579,255.68
1780890106.592115,-15.493,-3.929,0.008,0.01,260.841,257.543,255.756
1780890106.602607,-15.437,-3.929,0.008,0.01,260.834,257.557,255.75
1780890106.6168199,-15.662,-3.714,0.008,0.01,260.854,257.505,255.782
1780890106.630399,-15.662,-3.714,0.008,0.01,260.854,257.505,255.782
1780890106.6409018,-15.662,-3.714,0.008,0.01,260.854,257.505,255.782
1780890106.654571,-15.662,-3.714,0.008,0.01,260.854,257.505,255.782
1780890106.665231,-15.662,-3.714,0.008,0.01,260.854,257.505,255.782
1780890106.6797252,-14.31,-3.0,0.007,0.009,260.559,257.659,255.903
1780890106.693435,-13.972,-2.357,0.007,0.009,260.457,257.655,256.002
1780890106.7039301,-13.521,-2.357,0.007,0.009,260.392,257.727,255.992
1780890106.718291,-13.465,-2.357,0.007,0.009,260.394,257.734,255.982
1780890106.728999,-13.127,-2.143,0.006,0.009,260.328,257.767,256.013
1780890106.742589,-12.451,-1.786,0.006,0.009,260.202,257.836,256.061
1780890106.7818592,-12.451,-1.5,0.006,0.008,260.188,257.806,256.104
1780890106.782212,-11.831,-1.5,0.005,0.008,260.097,257.902,256.095
1780890106.782541,-11.211,-1.0,0.005,0.008,259.974,257.946,256.168
1780890106.791609,-10.873,-1.0,0.005,0.008,259.933,257.995,256.159
1780890106.805407,-10.648,-1.357,0.005,0.008,259.944,258.057,256.088
1780890106.8197162,-10.254,-1.0,0.004,0.008,259.858,258.08,256.146
1780890106.83023,-9.239,-0.857,0.004,0.008,259.706,258.214,256.16
1780890106.844077,-8.845,-0.643,0.003,0.008,259.637,258.248,256.193
1780890106.854538,-8.169,-0.357,0.003,0.008,259.515,258.32,256.238
1780890106.8690948,-7.775,-0.5,0.003,0.008,259.482,258.386,256.206
1780890106.879603,-7.099,-0.857,0.002,0.008,259.44,258.504,256.131
1780890106.8934588,-6.479,-0.5,0.002,0.008,259.321,258.558,256.192
1780890106.903786,-6.141,-0.429,0.002,0.008,259.277,258.593,256.201
1780890106.918155,-5.746,-0.286,0.001,0.008,259.217,258.63,256.222
1780890106.9318552,-4.62,-0.429,0.001,0.008,259.083,258.798,256.188
1780890106.9423559,-4.451,-0.357,0.001,0.008,259.067,258.803,256.198
1780890106.956714,-3.944,-0.214,0.0,0.008,258.988,258.858,256.221
1780890106.995479,-3.549,-0.357,0.0,0.008,258.956,258.921,256.192
1780890106.9958742,-2.592,-0.429,-0.001,0.008,258.842,259.054,256.174
1780890106.996225,-2.366,-0.143,-0.001,0.008,258.796,259.047,256.224
1780890107.0049942,-1.577,-0.286,-0.001,0.008,258.699,259.175,256.196
1780890107.019412,-1.127,-0.357,-0.001,0.008,258.651,259.238,256.181
1780890107.0298939,-0.113,-0.5,-0.002,0.008,258.536,259.384,256.154
1780890107.043736,0.282,-0.714,-0.002,0.008,258.51,259.451,256.115
1780890107.054286,0.958,-0.714,-0.003,0.008,258.418,259.543,256.116
1780890107.068722,1.408,-0.643,-0.003,0.008,258.358,259.591,256.129
1780890107.0824242,2.479,-0.857,-0.004,0.008,258.243,259.75,256.091
1780890107.0931761,2.761,-1.357,-0.004,0.009,258.262,259.824,256.003
1780890107.1078131,3.211,-0.857,-0.004,0.008,258.16,259.831,256.095
1780890107.1180348,3.775,-1.071,-0.004,0.009,258.107,259.925,256.057
1780890107.1317492,4.789,-1.071,-0.005,0.009,257.98,260.054,256.06
1780890107.1423712,5.127,-1.571,-0.005,0.009,257.99,260.138,255.972
1780890107.1566951,5.803,-1.286,-0.006,0.009,257.872,260.203,256.026
1780890107.1673841,5.972,-1.571,-0.006,0.009,257.889,260.238,255.977
1780890107.1809769,7.042,-1.357,-0.006,0.009,257.734,260.355,256.018
1780890107.220245,7.662,-1.5,-0.007,0.009,257.666,260.453,255.994
1780890107.220675,8.169,-2.286,-0.007,0.009,257.675,260.594,255.856
1780890107.2209358,8.282,-2.0,-0.007,0.009,257.647,260.563,255.912
1780890107.23004,9.127,-2.643,-0.008,0.01,257.602,260.726,255.804
1780890107.243697,9.127,-2.643,-0.008,0.01,257.602,260.726,255.804
1780890107.2541509,9.127,-2.643,-0.008,0.01,257.602,260.726,255.804
1780890107.268503,9.127,-2.643,-0.008,0.01,257.602,260.726,255.804
1780890107.282339,11.493,-3.071,-0.009,0.01,257.3,261.121,255.738
1780890107.29291,11.775,-2.714,-0.009,0.01,257.241,261.107,255.808
1780890107.30747,12.282,-3.214,-0.01,0.01,257.225,261.217,255.723
1780890107.317806,12.394,-3.0,-0.01,0.01,257.206,261.19,255.767
1780890107.33133,12.394,-3.0,-0.01,0.01,257.206,261.19,255.767
1780890107.3449962,12.394,-3.0,-0.01,0.01,257.206,261.19,255.767
1780890107.3562539,13.803,-3.5,-0.011,0.01,257.045,261.457,255.682
1780890107.370052,14.366,-3.5,-0.011,0.01,256.976,261.526,255.688
1780890107.3804538,14.761,-4.0,-0.011,0.011,256.997,261.59,255.609
1780890107.394412,15.042,-4.214,-0.011,0.011,256.988,261.635,255.577
1780890107.432899,15.324,-4.357,-0.011,0.011,256.972,261.674,255.559
1780890107.433322,15.831,-4.286,-0.012,0.011,256.899,261.731,255.578
1780890107.433656,16.225,-4.643,-0.012,0.011,256.896,261.791,255.527
1780890107.443709,16.282,-5.143,-0.012,0.011,256.945,261.83,255.444
1780890107.458028,16.507,-4.929,-0.012,0.011,256.901,261.828,255.49
1780890107.4685209,17.014,-5.143,-0.012,0.011,256.862,261.899,255.464
1780890107.482293,17.296,-5.429,-0.012,0.011,256.853,261.96,255.419
1780890107.49668,17.239,-5.643,-0.012,0.012,256.89,261.954,255.387
1780890107.5072682,17.408,-5.5,-0.012,0.011,256.858,261.954,255.419
1780890107.520979,17.577,-5.643,-0.012,0.012,256.86,261.97,255.402
1780890107.531689,17.521,-5.571,-0.012,0.011,256.869,261.941,255.42
1780890107.545432,17.577,-5.786,-0.012,0.012,256.885,261.962,255.386
1780890107.559765,17.634,-5.571,-0.012,0.011,256.861,261.94,255.428
1780890107.570431,17.746,-5.857,-0.012,0.012,256.877,261.972,255.384
1780890107.584183,18.028,-5.714,-0.013,0.011,256.824,261.998,255.413
1780890107.594719,17.915,-6.0,-0.012,0.012,256.872,262.0,255.365
1780890107.6091058,17.972,-5.857,-0.012,0.012,256.853,261.988,255.393
1780890107.6480582,17.746,-5.714,-0.012,0.011,256.881,261.924,255.424
1780890107.648413,17.859,-5.643,-0.012,0.011,256.858,261.933,255.437
1780890107.648749,17.577,-5.643,-0.012,0.011,256.905,261.881,255.438
1780890107.6582131,17.69,-5.571,-0.012,0.011,256.882,261.892,255.452
1780890107.672043,17.408,-5.643,-0.012,0.011,256.933,261.849,255.44
1780890107.686487,17.296,-5.429,-0.012,0.011,256.931,261.808,255.478
1780890107.696913,17.239,-5.214,-0.012,0.011,256.92,261.778,255.515
1780890107.710746,17.239,-5.357,-0.012,0.011,256.933,261.794,255.489
1780890107.721359,16.789,-5.357,-0.011,0.011,257.002,261.72,255.487
1780890107.7352908,16.507,-5.286,-0.011,0.011,257.038,261.667,255.499
1780890107.749643,16.225,-5.214,-0.011,0.011,257.073,261.616,255.511
1780890107.760216,15.887,-5.0,-0.011,0.011,257.1,261.548,255.546
1780890107.773781,15.606,-5.214,-0.011,0.011,257.16,261.528,255.506
1780890107.784704,15.155,-4.714,-0.01,0.011,257.18,261.408,255.594
1780890107.7989252,14.761,-4.643,-0.01,0.011,257.231,261.343,255.604
1780890107.809624,14.592,-4.5,-0.01,0.011,257.233,261.32,255.623
1780890107.8233001,14.141,-4.429,-0.01,0.01,257.292,261.246,255.632
1780890107.863529,13.859,-4.5,-0.009,0.011,257.336,261.215,255.617
1780890107.863873,13.746,-4.5,-0.009,0.011,257.347,261.207,255.614
1780890107.864216,12.789,-4.643,-0.009,0.011,257.494,261.08,255.586
1780890107.872278,12.394,-4.643,-0.008,0.011,257.547,261.025,255.585
1780890107.886583,12.113,-4.786,-0.008,0.011,257.595,261.003,255.558
1780890107.900434,11.718,-4.786,-0.008,0.011,257.647,260.949,255.558
1780890107.910947,11.042,-4.643,-0.008,0.011,257.719,260.846,255.582
1780890107.924674,10.592,-4.429,-0.007,0.011,257.76,260.762,255.619
1780890107.935322,10.085,-4.214,-0.007,0.01,257.81,260.67,255.655
1780890107.949754,9.69,-4.143,-0.007,0.01,257.854,260.613,255.665
1780890107.963507,8.676,-4.0,-0.006,0.01,257.979,260.462,255.683
1780890107.9740539,8.338,-3.643,-0.006,0.01,257.986,260.388,255.744
1780890107.98838,8.113,-3.786,-0.006,0.01,258.023,260.382,255.714
1780890107.9990242,7.662,-3.571,-0.005,0.01,258.063,260.303,255.75
1780890108.012605,7.662,-3.571,-0.005,0.01,258.063,260.303,255.75
1780890108.0232708,6.366,-3.643,-0.005,0.01,258.265,260.111,255.733
1780890108.037605,5.915,-2.786,-0.004,0.009,258.241,259.974,255.883
1780890108.076308,5.521,-2.857,-0.004,0.009,258.296,259.938,255.864
1780890108.076682,4.507,-2.429,-0.003,0.009,258.39,259.773,255.928
1780890108.0769548,4.507,-2.429,-0.003,0.009,258.39,259.773,255.928
1780890108.086654,4.507,-2.429,-0.003,0.009,258.39,259.773,255.928
1780890108.100341,3.099,-1.786,-0.002,0.009,258.542,259.501,256.037
1780890108.110816,2.423,-1.643,-0.002,0.009,258.602,259.43,256.047
1780890108.124665,1.972,-1.5,-0.002,0.009,258.645,259.367,256.065
1780890108.1351922,1.803,-1.643,-0.002,0.009,258.669,259.378,256.032
1780890108.149651,1.296,-1.5,-0.001,0.009,258.722,259.304,256.051
1780890108.163425,0.282,-1.5,-0.001,0.009,258.854,259.184,256.039
1780890108.173808,-0.225,-1.429,-0.0,0.009,258.913,259.116,256.047
1780890108.188085,-0.845,-1.143,-0.0,0.008,258.97,259.01,256.093
1780890108.1987882,-1.296,-1.071,0.0,0.008,259.02,258.953,256.1
1780890108.212495,-1.915,-0.571,0.0,0.008,259.041,258.85,256.179
1780890108.223142,-2.366,-1.214,0.001,0.009,259.16,258.859,256.057
1780890108.237269,-2.648,-1.071,0.001,0.008,259.176,258.819,256.08
1780890108.251007,-3.211,-0.429,0.001,0.008,259.191,258.687,256.191
1780890108.290019,-4.113,-0.643,0.002,0.008,259.329,258.603,256.142
1780890108.290414,-4.394,-0.286,0.002,0.008,259.325,258.544,256.202
1780890108.290758,-4.62,-0.286,0.002,0.008,259.347,258.527,256.197
1780890108.300027,-5.352,-0.143,0.003,0.008,259.44,258.414,256.218
1780890108.310644,-5.972,0.214,0.003,0.008,259.479,258.32,256.272
1780890108.324351,-6.423,0.0,0.003,0.008,259.56,258.286,256.228
1780890108.334871,-6.817,0.286,0.003,0.008,259.582,258.215,256.275
1780890108.3492942,-6.873,0.214,0.003,0.008,259.584,258.232,256.258
1780890108.3598459,-7.606,0.214,0.004,0.008,259.677,258.147,256.251
1780890108.373931,-8.0,0.286,0.004,0.008,259.722,258.094,256.261
1780890108.387996,-8.282,0.143,0.004,0.008,259.769,258.078,256.232
1780890108.398588,-8.451,0.286,0.004,0.008,259.769,258.054,256.255
1780890108.41217,-8.958,0.214,0.004,0.008,259.835,258.009,256.237
1780890108.422869,-9.296,0.643,0.005,0.007,259.838,257.929,256.312
1780890108.4372349,-9.577,0.714,0.005,0.007,259.867,257.891,256.322
1780890108.4479449,-9.915,0.286,0.005,0.008,259.953,257.891,256.241
1780890108.4615302,-10.423,0.5,0.005,0.008,259.993,257.816,256.276
1780890108.49983,-10.704,0.5,0.006,0.008,260.028,257.784,256.274
1780890108.500244,-10.761,0.5,0.005,0.008,260.026,257.788,256.273
1780890108.500576,-11.099,0.857,0.006,0.007,260.037,257.713,256.336
1780890108.5105312,-11.268,0.571,0.006,0.008,260.074,257.734,256.281
1780890108.524263,-11.38,0.5,0.006,0.008,260.09,257.733,256.267
1780890108.534945,-11.437,0.286,0.006,0.008,260.111,257.753,256.227
1780890108.549206,-11.718,0.214,0.006,0.008,260.157,257.722,256.215
1780890108.559635,-11.944,0.214,0.006,0.008,260.176,257.702,256.216
1780890108.573409,-12.0,-0.071,0.006,0.008,260.205,257.727,256.165
1780890108.584026,-12.394,-0.071,0.006,0.008,260.263,257.67,256.167
1780890108.598413,-12.113,0.0,0.006,0.008,260.2,257.715,256.181
1780890108.611958,-12.338,-0.357,0.006,0.008,260.259,257.723,256.119
1780890108.622594,-12.451,-0.214,0.006,0.008,260.257,257.696,256.147
1780890108.6368582,-12.563,-0.5,0.006,0.008,260.297,257.708,256.097
1780890108.647619,-12.62,-0.429,0.006,0.008,260.293,257.697,256.112
1780890108.661242,-12.282,-0.786,0.006,0.009,260.26,257.789,256.053
1780890108.674855,-12.394,-1.071,0.006,0.009,260.303,257.798,256.005
1780890108.714978,-12.789,-0.929,0.006,0.009,260.35,257.722,256.035
1780890108.715339,-12.507,-1.214,0.006,0.009,260.325,257.796,255.987
1780890108.715682,-12.507,-1.5,0.006,0.009,260.343,257.822,255.944
1780890108.723934,-12.338,-1.5,0.006,0.009,260.311,257.848,255.949
1780890108.738225,-12.338,-1.571,0.006,0.009,260.315,257.854,255.94
1780890108.748727,-12.056,-1.5,0.006,0.009,260.258,257.891,255.956
1780890108.762343,-12.056,-1.5,0.006,0.009,260.258,257.891,255.956
1780890108.7727768,-12.056,-1.5,0.006,0.009,260.258,257.891,255.956
1780890108.7871628,-12.056,-1.5,0.006,0.009,260.258,257.891,255.956
1780890108.797844,-11.268,-2.214,0.005,0.01,260.194,258.081,255.832
1780890108.8116322,-11.268,-2.071,0.005,0.009,260.181,258.055,255.869
1780890108.825266,-10.817,-2.643,0.005,0.01,260.162,258.175,255.772
1780890108.83678,-10.592,-2.643,0.005,0.01,260.126,258.203,255.778
1780890108.850487,-10.761,-2.857,0.005,0.01,260.178,258.188,255.745
1780890108.86111,-10.197,-3.357,0.004,0.01,260.134,258.309,255.67
1780890108.874731,-10.028,-3.214,0.004,0.01,260.094,258.314,255.702
1780890108.888937,-9.746,-3.714,0.004,0.011,260.098,258.397,255.619
1780890108.9280372,-9.408,-4.143,0.004,0.011,260.089,258.471,255.556
1780890108.928412,-8.676,-4.5,0.003,0.011,260.004,258.613,255.5
1780890108.928749,-8.62,-4.214,0.003,0.011,259.972,258.582,255.559
1780890108.938029,-8.0,-4.429,0.003,0.011,259.895,258.691,255.527
1780890108.948664,-7.606,-4.643,0.003,0.011,259.863,258.748,255.503
1780890108.962307,-7.662,-4.5,0.003,0.011,259.866,258.713,255.534
1780890108.976653,-7.155,-4.571,0.002,0.011,259.794,258.791,255.526
1780890108.987167,-6.761,-4.714,0.002,0.011,259.75,258.856,255.505
1780890109.00106,-6.085,-5.143,0.002,0.011,259.695,258.98,255.439
1780890109.011467,-5.803,-5.286,0.002,0.011,259.671,259.026,255.42
1780890109.025308,-5.296,-5.429,0.001,0.012,259.609,259.108,255.4
1780890109.0364292,-4.958,-5.214,0.001,0.011,259.542,259.128,255.443
1780890109.0501719,-3.831,-5.143,0.0,0.011,259.37,259.276,255.465
1780890109.0612411,-3.887,-5.214,0.0,0.011,259.399,259.257,255.455
1780890109.074548,-3.493,-5.643,0.0,0.012,259.386,259.348,255.382
1780890109.088876,-3.042,-5.929,-0.0,0.012,259.35,259.434,255.336
1780890109.09936,-2.085,-6.0,-0.001,0.012,259.221,259.568,255.332
1780890109.1128068,-1.972,-6.357,-0.001,0.012,259.249,259.603,255.274
1780890109.152759,-1.465,-6.571,-0.001,0.012,259.196,259.69,255.241
1780890109.153203,-1.296,-6.571,-0.001,0.012,259.18,259.7,255.247
1780890109.153547,-0.507,-6.643,-0.002,0.012,259.08,259.804,255.244
1780890109.162066,0.169,-6.429,-0.002,0.012,258.961,259.879,255.286
1780890109.176599,0.451,-6.714,-0.002,0.012,258.956,259.936,255.239
1780890109.18697,0.845,-7.071,-0.003,0.013,258.938,260.018,255.18
1780890109.2008,1.803,-7.071,-0.003,0.012,258.807,260.143,255.189
1780890109.2115068,2.028,-7.071,-0.003,0.012,258.784,260.162,255.193
1780890109.225172,2.592,-7.071,-0.004,0.012,258.706,260.239,255.196
1780890109.2398121,2.93,-7.214,-0.004,0.013,258.679,260.291,255.174
1780890109.2502348,3.662,-6.929,-0.004,0.012,258.561,260.351,255.23
1780890109.263826,4.0,-7.286,-0.005,0.013,258.554,260.425,255.169
1780890109.274687,4.62,-7.214,-0.005,0.013,258.461,260.505,255.184
1780890109.2888992,4.845,-7.214,-0.005,0.013,258.439,260.525,255.186
1780890109.2997508,5.352,-7.143,-0.005,0.012,258.379,260.569,255.204
1780890109.313287,5.859,-7.429,-0.006,0.013,258.337,260.666,255.155
1780890109.3239849,6.141,-7.357,-0.006,0.013,258.299,260.69,255.169
1780890109.338331,6.366,-7.071,-0.006,0.012,258.249,260.685,255.221
1780890109.3766541,7.38,-7.0,-0.007,0.012,258.108,260.82,255.232
1780890109.377047,7.493,-6.929,-0.007,0.012,258.099,260.816,255.245
1780890109.377388,8.0,-7.286,-0.007,0.013,258.064,260.923,255.181
1780890109.387315,8.451,-7.0,-0.007,0.012,257.979,260.956,255.233
1780890109.4011788,8.845,-6.571,-0.007,0.012,257.905,260.952,255.307
1780890109.411673,9.296,-6.5,-0.008,0.012,257.84,261.009,255.317
1780890109.426081,9.521,-6.5,-0.008,0.012,257.819,261.034,255.315
1780890109.439887,9.915,-6.429,-0.008,0.012,257.764,261.081,255.325
1780890109.4505432,10.535,-6.214,-0.008,0.012,257.675,261.141,255.356
1780890109.4641721,10.592,-6.0,-0.008,0.012,257.66,261.117,255.392
1780890109.474833,11.042,-5.857,-0.009,0.011,257.589,261.169,255.414
1780890109.4894521,11.155,-5.786,-0.009,0.011,257.579,261.17,255.423
1780890109.502956,11.887,-5.214,-0.009,0.011,257.439,261.217,255.516
1780890109.5134442,11.887,-5.357,-0.009,0.011,257.466,261.221,255.485
1780890109.527755,12.62,-4.929,-0.01,0.011,257.323,261.295,255.557
1780890109.538356,12.676,-5.071,-0.01,0.011,257.343,261.309,255.526
1780890109.55216,12.901,-5.071,-0.01,0.011,257.333,261.33,255.517
1780890109.591557,13.183,-4.929,-0.01,0.011,257.287,261.355,255.538
1780890109.5919418,13.408,-5.143,-0.01,0.011,257.282,261.407,255.496
1780890109.5923,13.915,-5.0,-0.01,0.011,257.2,261.47,255.519
1780890109.601194,13.746,-4.857,-0.01,0.011,257.237,261.41,255.538
1780890109.614926,13.972,-4.786,-0.01,0.011,257.204,261.434,255.547
1780890109.6261382,14.197,-4.5,-0.01,0.011,257.152,261.438,255.595
1780890109.639791,14.648,-4.214,-0.011,0.01,257.074,261.475,255.637
1780890109.653666,14.592,-4.143,-0.011,0.01,257.087,261.453,255.645
1780890109.664187,14.592,-4.0,-0.011,0.01,257.083,261.434,255.666
1780890109.678685,14.817,-4.286,-0.011,0.011,257.082,261.497,255.61
1780890109.689282,14.761,-4.071,-0.011,0.01,257.086,261.456,255.642
1780890109.703079,14.873,-4.214,-0.011,0.011,257.088,261.487,255.614
1780890109.7175171,14.93,-4.357,-0.011,0.011,257.097,261.507,255.586
1780890109.728218,14.873,-4.071,-0.011,0.01,257.085,261.465,255.635
1780890109.741854,14.873,-4.214,-0.011,0.011,257.108,261.475,255.604
1780890109.752474,14.93,-3.786,-0.011,0.01,257.064,261.441,255.678
1780890109.766724,15.042,-3.929,-0.011,0.01,257.063,261.473,255.65
1780890109.8068821,14.873,-3.643,-0.011,0.01,257.068,261.415,255.698
1780890109.807328,14.873,-3.5,-0.011,0.01,257.061,261.401,255.717
1780890109.807599,14.873,-3.5,-0.011,0.01,257.064,261.402,255.714
1780890109.815232,14.873,-3.5,-0.011,0.01,257.066,261.403,255.711
1780890109.829727,14.986,-3.357,-0.011,0.01,257.037,261.409,255.733
1780890109.84346,14.704,-3.571,-0.01,0.01,257.105,261.383,255.69
1780890109.8539221,14.648,-3.286,-0.01,0.01,257.089,261.347,255.739
1780890109.8683121,14.31,-3.5,-0.01,0.01,257.163,261.313,255.698
1780890109.8788009,14.141,-3.286,-0.01,0.01,257.168,261.27,255.731
1780890109.8926988,14.423,-3.429,-0.01,0.01,257.135,261.336,255.703
1780890109.90691,13.972,-3.286,-0.01,0.01,257.193,261.247,255.727
1780890109.917471,14.028,-3.214,-0.01,0.01,257.176,261.254,255.738
1780890109.931108,14.028,-3.214,-0.01,0.01,257.176,261.254,255.738
1780890109.941899,14.028,-3.214,-0.01,0.01,257.176,261.254,255.738
1780890109.955307,14.028,-3.214,-0.01,0.01,257.176,261.254,255.738
1780890109.96675,14.028,-3.214,-0.01,0.01,257.176,261.254,255.738
1780890109.9801111,12.169,-2.143,-0.008,0.009,257.371,260.837,255.928
1780890110.020821,12.338,-2.357,-0.009,0.009,257.358,260.9,255.883
1780890110.02118,11.549,-2.571,-0.008,0.01,257.497,260.799,255.84
1780890110.021461,11.606,-2.5,-0.008,0.01,257.473,260.815,255.849
1780890110.0293849,10.986,-2.214,-0.008,0.009,257.531,260.705,255.893
1780890110.043193,10.817,-2.143,-0.008,0.009,257.544,260.683,255.901
1780890110.0574489,10.592,-2.286,-0.008,0.009,257.585,260.671,255.872
1780890110.067997,10.592,-2.286,-0.008,0.009,257.585,260.671,255.872
1780890110.0817091,9.634,-2.214,-0.007,0.009,257.723,260.515,255.882
1780890110.09235,9.408,-2.357,-0.007,0.009,257.761,260.506,255.853
1780890110.1067111,8.901,-2.643,-0.006,0.01,257.857,260.462,255.8
1780890110.117307,8.732,-2.571,-0.006,0.01,257.865,260.441,255.812
1780890110.1309152,8.113,-2.429,-0.006,0.01,257.926,260.351,255.836
1780890110.144748,7.718,-2.571,-0.006,0.01,257.991,260.313,255.81
1780890110.155146,7.718,-2.571,-0.006,0.01,257.991,260.313,255.81
1780890110.169358,7.718,-2.571,-0.006,0.01,257.991,260.313,255.81
1780890110.179817,6.085,-3.143,-0.004,0.01,258.294,260.108,255.707
1780890110.193778,5.577,-3.143,-0.004,0.01,258.357,260.042,255.709
1780890110.233112,5.521,-3.0,-0.004,0.01,258.333,260.037,255.736
1780890110.2334862,5.014,-2.929,-0.004,0.01,258.391,259.962,255.75
1780890110.23382,4.563,-3.143,-0.004,0.01,258.449,259.942,255.714
1780890110.2425852,4.563,-3.143,-0.004,0.01,258.449,259.942,255.714
1780890110.2569358,4.563,-3.143,-0.004,0.01,258.449,259.942,255.714
1780890110.2675142,3.211,-3.286,-0.003,0.01,258.665,259.746,255.69
1780890110.281238,2.648,-2.929,-0.002,0.01,258.683,259.656,255.757
1780890110.291764,2.535,-3.357,-0.002,0.01,258.723,259.697,255.681
1780890110.3062851,1.915,-2.929,-0.002,0.01,258.766,259.57,255.758
1780890110.3169122,1.577,-3.357,-0.002,0.01,258.844,259.573,255.682
1780890110.330423,1.183,-3.571,-0.002,0.01,258.911,259.545,255.645
1780890110.34419,1.183,-3.571,-0.002,0.01,258.911,259.545,255.645
1780890110.354759,0.0,-3.5,-0.001,0.01,259.079,259.36,255.66
1780890110.369099,-0.225,-3.929,-0.001,0.011,259.135,259.383,255.585
1780890110.3798242,-0.845,-3.857,-0.0,0.011,259.19,259.31,255.602
1780890110.3936372,-1.352,-4.214,0.0,0.011,259.287,259.277,255.541
1780890110.40383,-1.634,-4.071,0.0,0.011,259.3,259.233,255.57
1780890110.418211,-1.634,-4.071,0.0,0.011,259.3,259.233,255.57
1780890110.4558332,-2.873,-4.214,0.001,0.011,259.499,259.06,255.548
1780890110.456256,-2.873,-4.643,0.001,0.011,259.517,259.119,255.475
1780890110.4567711,-2.93,-4.429,0.001,0.011,259.485,259.106,255.517
1780890110.4675531,-3.606,-4.786,0.001,0.011,259.612,259.044,255.457
1780890110.481138,-4.056,-5.0,0.002,0.011,259.667,259.022,255.427
1780890110.4917572,-4.056,-5.286,0.001,0.012,259.675,259.063,255.381
1780890110.506091,-4.732,-5.643,0.002,0.012,259.804,258.997,255.323
1780890110.519845,-4.62,-5.571,0.002,0.012,259.759,259.021,255.342
1780890110.5303738,-5.465,-5.786,0.002,0.012,259.886,258.925,255.315
1780890110.5442188,-5.634,-5.857,0.002,0.012,259.904,258.916,255.307
1780890110.55485,-5.69,-5.786,0.002,0.012,259.89,258.911,255.325
1780890110.569161,-6.141,-6.0,0.003,0.012,259.97,258.867,255.291
1780890110.579819,-6.704,-6.214,0.003,0.012,260.057,258.815,255.26
1780890110.593708,-6.817,-6.286,0.003,0.012,260.067,258.814,255.252
1780890110.604374,-6.986,-6.357,0.003,0.012,260.088,258.802,255.244
1780890110.618668,-7.211,-6.357,0.003,0.012,260.111,258.775,255.248
1780890110.6322482,-7.549,-6.5,0.003,0.012,260.155,258.751,255.231
1780890110.670233,-7.944,-6.643,0.004,0.012,260.222,258.708,255.209
1780890110.670676,-7.831,-6.857,0.004,0.013,260.211,258.755,255.175
1780890110.671018,-7.944,-7.071,0.004,0.013,260.239,258.764,255.142
1780890110.6813838,-8.338,-7.071,0.004,0.013,260.284,258.711,255.15
1780890110.691906,-8.451,-7.143,0.004,0.013,260.299,258.706,255.141
1780890110.706293,-8.732,-7.143,0.004,0.013,260.336,258.666,255.145
1780890110.720045,-8.676,-7.214,0.004,0.013,260.323,258.689,255.135
1780890110.730549,-8.732,-7.143,0.004,0.013,260.309,258.683,255.153
1780890110.744461,-8.676,-7.143,0.004,0.013,260.292,258.697,255.156
1780890110.754911,-8.789,-6.929,0.004,0.012,260.284,258.663,255.195
1780890110.7692502,-8.732,-7.071,0.004,0.013,260.283,258.69,255.171
1780890110.779893,-8.901,-6.786,0.004,0.012,260.274,258.644,255.223
1780890110.793725,-9.239,-6.5,0.004,0.012,260.299,258.566,255.273
1780890110.804256,-9.07,-6.5,0.004,0.012,260.266,258.599,255.272
1780890110.818601,-9.183,-6.5,0.004,0.012,260.282,258.585,255.27
1780890110.8323698,-9.127,-6.214,0.004,0.012,260.24,258.576,255.318
1780890110.842979,-9.352,-6.357,0.004,0.012,260.29,258.557,255.29
1780890110.857195,-9.239,-6.214,0.004,0.012,260.255,258.566,255.314
1780890110.897077,-9.127,-6.214,0.004,0.012,260.235,258.587,255.312
1780890110.897502,-9.127,-5.786,0.004,0.012,260.193,258.552,255.384
1780890110.897831,-9.07,-5.929,0.004,0.012,260.198,258.578,255.355
1780890110.9063969,-9.014,-5.857,0.004,0.012,260.182,258.582,255.365
1780890110.920105,-8.901,-5.786,0.004,0.012,260.157,258.596,255.375
1780890110.93061,-8.732,-5.786,0.004,0.012,260.132,258.625,255.371
1780890110.944643,-8.563,-5.286,0.004,0.011,260.058,258.606,255.457
1780890110.9549801,-8.394,-5.5,0.003,0.011,260.054,258.655,255.415
1780890110.969301,-8.563,-5.5,0.004,0.011,260.086,258.627,255.412
1780890110.979902,-8.225,-5.357,0.003,0.011,260.022,258.667,255.432
1780890110.993799,-8.0,-5.214,0.003,0.011,259.975,258.69,255.454
1780890111.0042691,-7.887,-5.071,0.003,0.011,259.948,258.693,255.476
1780890111.018584,-7.662,-4.786,0.003,0.011,259.888,258.702,255.523
1780890111.032419,-7.324,-4.571,0.003,0.011,259.823,258.734,255.552
1780890111.043157,-7.493,-4.643,0.003,0.011,259.866,258.711,255.535
1780890111.057367,-7.324,-4.286,0.003,0.011,259.809,258.704,255.595
1780890111.06798,-7.155,-4.214,0.003,0.011,259.781,258.723,255.602
1780890111.08172,-7.211,-4.0,0.003,0.01,259.783,258.691,255.631
1780890111.122782,-6.648,-3.857,0.002,0.01,259.682,258.769,255.652
1780890111.123148,-6.479,-3.786,0.002,0.01,259.655,258.787,255.659
1780890111.123472,-6.197,-3.786,0.002,0.01,259.617,258.83,255.654
1780890111.130966,-6.197,-3.714,0.002,0.01,259.619,258.82,255.662
1780890111.1443589,-6.197,-3.714,0.002,0.01,259.619,258.82,255.662
1780890111.154743,-6.197,-3.714,0.002,0.01,259.619,258.82,255.662
1780890111.1690838,-6.197,-3.714,0.002,0.01,259.619,258.82,255.662
1780890111.1797361,-4.563,-2.5,0.001,0.009,259.256,258.964,255.866
1780890111.193558,-4.507,-2.571,0.001,0.01,259.269,258.974,255.844
1780890111.203987,-4.563,-2.571,0.001,0.01,259.292,258.959,255.837
1780890111.218442,-4.056,-1.643,0.0,0.009,259.134,258.949,255.996
1780890111.232194,-3.831,-2.071,0.0,0.009,259.165,259.017,255.902
1780890111.24283,-3.38,-2.143,0.0,0.009,259.111,259.092,255.882
1780890111.256808,-3.38,-2.143,0.0,0.009,259.111,259.092,255.882
1780890111.267411,-3.38,-2.143,0.0,0.009,259.111,259.092,255.882
1780890111.280836,-3.38,-2.143,0.0,0.009,259.111,259.092,255.882
1780890111.291507,-3.38,-2.143,0.0,0.009,259.111,259.092,255.882
1780890111.305278,-3.38,-2.143,0.0,0.009,259.111,259.092,255.882
1780890111.343796,-1.408,-2.357,-0.001,0.01,258.822,259.428,255.839
1780890111.3440928,-0.789,-2.429,-0.002,0.01,258.764,259.508,255.819
1780890111.344437,-0.62,-2.5,-0.002,0.01,258.761,259.528,255.803
1780890111.354193,-0.394,-1.929,-0.002,0.009,258.687,259.497,255.902
1780890111.36859,-0.113,-2.214,-0.002,0.01,258.685,259.559,255.847
1780890111.3821802,-0.113,-2.214,-0.002,0.01,258.685,259.559,255.847
1780890111.392693,-0.113,-2.214,-0.002,0.01,258.685,259.559,255.847
1780890111.407134,1.239,-1.786,-0.003,0.009,258.441,259.728,255.92
1780890111.4177122,1.521,-2.071,-0.003,0.009,258.443,259.786,255.865
1780890111.431566,2.254,-1.643,-0.004,0.009,258.322,259.836,255.935
1780890111.442095,2.479,-1.857,-0.004,0.009,258.324,259.878,255.893
1780890111.456476,2.423,-2.071,-0.004,0.009,258.371,259.874,255.852
1780890111.47014,2.873,-1.786,-0.004,0.009,258.286,259.908,255.901
1780890111.48059,3.38,-1.357,-0.004,0.009,258.196,259.924,255.973
1780890111.49455,3.606,-1.286,-0.004,0.009,258.169,259.943,255.982
1780890111.5051332,3.944,-1.143,-0.005,0.009,258.116,259.974,256.003
1780890111.51941,4.282,-1.429,-0.005,0.009,258.104,260.046,255.948
1780890111.5585861,4.901,-1.214,-0.005,0.009,258.012,260.105,255.981
1780890111.5590348,4.901,-1.429,-0.005,0.009,258.047,260.114,255.94
1780890111.559365,5.465,-1.214,-0.005,0.009,257.949,260.177,255.976
1780890111.5685399,5.465,-1.214,-0.005,0.009,257.963,260.165,255.973
1780890111.582269,6.085,-0.786,-0.006,0.009,257.849,260.206,256.045
1780890111.5928252,6.141,-1.143,-0.006,0.009,257.886,260.24,255.978
1780890111.60724,6.423,-0.786,-0.006,0.009,257.82,260.242,256.04
1780890111.617781,6.761,-0.929,-0.006,0.009,257.791,260.304,256.011
1780890111.631499,7.324,-0.643,-0.006,0.009,257.699,260.35,256.057
1780890111.642168,7.268,-0.571,-0.006,0.009,257.714,260.325,256.067
1780890111.656566,7.718,-0.714,-0.007,0.009,257.666,260.406,256.038
1780890111.670251,7.718,-0.714,-0.007,0.009,257.677,260.396,256.036
1780890111.680885,8.113,-0.929,-0.007,0.009,257.655,260.465,255.994
1780890111.694614,8.225,-0.929,-0.007,0.009,257.646,260.475,255.993
1780890111.7052732,8.282,-0.643,-0.007,0.009,257.619,260.449,256.043
1780890111.719525,8.789,-0.5,-0.007,0.009,257.534,260.513,256.067
1780890111.7302139,8.958,-0.857,-0.007,0.009,257.558,260.559,256.001
1780890111.743972,9.296,-0.857,-0.008,0.009,257.512,260.608,256.001
1780890111.781506,9.296,-0.714,-0.008,0.009,257.507,260.586,256.026
1780890111.781906,9.408,-0.571,-0.008,0.009,257.484,260.584,256.05
1780890111.7824461,9.634,-0.714,-0.008,0.009,257.476,260.623,256.023
1780890111.79301,9.803,-0.857,-0.008,0.009,257.468,260.659,255.996
1780890111.807283,9.972,-0.643,-0.008,0.009,257.428,260.66,256.035
1780890111.817777,10.141,-0.571,-0.008,0.009,257.402,260.675,256.046
1780890111.831529,10.254,-0.643,-0.008,0.009,257.403,260.69,256.032
1780890111.84207,10.366,-0.786,-0.008,0.009,257.403,260.718,256.006
1780890111.85652,10.479,-0.786,-0.008,0.009,257.391,260.731,256.006
1780890111.8702002,10.31,-1.143,-0.008,0.009,257.455,260.732,255.942
1780890111.880682,10.479,-1.071,-0.008,0.009,257.429,260.743,255.957
1780890111.894482,10.704,-1.214,-0.008,0.009,257.41,260.791,255.932
1780890111.905042,10.761,-1.214,-0.008,0.009,257.404,260.795,255.934
1780890111.919363,10.817,-1.286,-0.008,0.009,257.405,260.807,255.922
1780890111.933153,10.817,-1.357,-0.008,0.009,257.415,260.807,255.913
1780890111.9438999,10.704,-1.643,-0.008,0.009,257.461,260.811,255.863
1780890111.957942,10.873,-1.429,-0.008,0.009,257.416,260.816,255.904
1780890111.998233,10.761,-1.643,-0.008,0.009,257.455,260.814,255.867
1780890111.9985878,10.479,-1.714,-0.008,0.009,257.506,260.769,255.858
1780890111.9989178,10.761,-1.714,-0.008,0.009,257.461,260.815,255.86
1780890112.0069618,10.648,-1.429,-0.008,0.009,257.453,260.766,255.913
1780890112.0206459,10.31,-1.357,-0.008,0.009,257.5,260.7,255.927
1780890112.031141,10.479,-1.5,-0.008,0.009,257.486,260.743,255.902
1780890112.0448909,10.31,-1.571,-0.008,0.009,257.519,260.722,255.89
1780890112.0594392,10.085,-1.286,-0.008,0.009,257.527,260.657,255.942
1780890112.0699039,10.085,-1.429,-0.008,0.009,257.536,260.673,255.917
1780890112.083593,9.69,-1.643,-0.007,0.009,257.617,260.629,255.879
1780890112.094419,10.085,-1.643,-0.008,0.009,257.551,260.698,255.88
1780890112.108653,9.69,-1.571,-0.007,0.009,257.605,260.626,255.893
1780890112.1190479,9.239,-1.5,-0.007,0.009,257.666,260.547,255.907
1780890112.1331,9.239,-1.571,-0.007,0.009,257.668,260.559,255.895
1780890112.1471841,9.352,-1.714,-0.007,0.009,257.659,260.595,255.869
1780890112.158069,9.183,-1.786,-0.007,0.009,257.689,260.577,255.858
1780890112.1716218,8.901,-1.429,-0.007,0.009,257.693,260.502,255.923
1780890112.209493,8.732,-1.214,-0.007,0.009,257.697,260.457,255.96
1780890112.209941,8.958,-1.357,-0.007,0.009,257.671,260.514,255.933
1780890112.210243,8.507,-0.929,-0.007,0.009,257.701,260.4,256.009
1780890112.220665,8.282,-0.857,-0.006,0.009,257.724,260.367,256.017
1780890112.2344818,8.169,-0.643,-0.006,0.009,257.719,260.334,256.053
1780890112.2450051,8.056,-0.429,-0.006,0.008,257.714,260.301,256.088
1780890112.2595599,7.887,-0.214,-0.006,0.008,257.719,260.259,256.123
1780890112.27008,7.493,-0.071,-0.006,0.008,257.763,260.193,256.141
1780890112.28383,7.437,-0.071,-0.006,0.008,257.768,260.192,256.137
1780890112.2946172,7.268,0.214,-0.006,0.008,257.766,260.144,256.184
1780890112.308686,6.986,0.0,-0.006,0.008,257.827,260.126,256.141
1780890112.319128,6.479,0.429,-0.005,0.008,257.861,260.017,256.211
1780890112.33289,6.366,0.429,-0.005,0.008,257.874,260.007,256.206
1780890112.3438988,6.141,0.357,-0.005,0.008,257.912,259.986,256.19
1780890112.3579142,6.31,0.429,-0.005,0.008,257.873,260.016,256.199
1780890112.368493,5.465,0.5,-0.005,0.008,257.992,259.884,256.207
1780890112.3822029,5.465,0.357,-0.005,0.008,257.999,259.908,256.179
1780890112.396744,5.239,0.429,-0.005,0.008,258.022,259.872,256.189
1780890112.435317,5.127,0.357,-0.004,0.008,258.041,259.869,256.174
1780890112.435659,4.901,0.143,-0.004,0.008,258.091,259.86,256.134
1780890112.435981,4.507,-0.071,-0.004,0.008,258.16,259.831,256.095
1780890112.444963,4.169,-0.286,-0.004,0.009,258.226,259.803,256.057
1780890112.456077,3.944,-0.214,-0.004,0.009,258.247,259.766,256.071
1780890112.469867,3.831,-0.429,-0.004,0.009,258.277,259.776,256.034
1780890112.480442,3.324,-0.286,-0.003,0.009,258.328,259.694,256.061
1780890112.494331,2.817,-0.286,-0.003,0.009,258.401,259.619,256.062
1780890112.508682,2.592,-0.643,-0.003,0.009,258.461,259.625,255.999
1780890112.519064,2.873,-0.143,-0.003,0.008,258.358,259.632,256.091
1780890112.5329778,2.085,-0.857,-0.003,0.009,258.537,259.585,255.964
1780890112.543547,1.859,-1.429,-0.002,0.009,258.616,259.609,255.865
1780890112.5577521,1.972,-1.214,-0.003,0.009,258.566,259.614,255.908
1780890112.568458,1.521,-1.286,-0.002,0.009,258.636,259.553,255.899
1780890112.582241,1.07,-1.143,-0.002,0.009,258.674,259.48,255.931
1780890112.592984,0.732,-1.214,-0.002,0.009,258.726,259.439,255.92
1780890112.6068218,0.732,-1.214,-0.002,0.009,258.726,259.439,255.92
1780890112.620557,0.732,-1.214,-0.002,0.009,258.726,259.439,255.92
1780890112.659659,-0.451,-2.357,-0.001,0.01,259.001,259.368,255.726
1780890112.6600451,-0.789,-2.357,-0.001,0.01,259.041,259.321,255.732
1780890112.660409,-0.62,-2.357,-0.001,0.01,258.998,259.358,255.738
1780890112.6696599,-0.958,-2.5,-0.001,0.01,259.053,259.324,255.718
1780890112.683446,-1.127,-2.714,-0.001,0.01,259.074,259.331,255.691
1780890112.693877,-1.465,-3.286,-0.0,0.011,259.171,259.336,255.595
1780890112.708147,-1.521,-3.643,-0.0,0.011,259.201,259.366,255.539
1780890112.718734,-1.69,-3.5,-0.0,0.011,259.202,259.33,255.572
1780890112.732378,-1.69,-3.5,-0.0,0.011,259.202,259.33,255.572
1780890112.7467651,-1.69,-3.5,-0.0,0.011,259.202,259.33,255.572
1780890112.7571042,-2.761,-4.286,0.001,0.011,259.44,259.234,255.439
1780890112.7708118,-2.704,-4.857,0.0,0.012,259.45,259.311,255.357
1780890112.781522,-2.817,-4.786,0.0,0.012,259.447,259.291,255.379
1780890112.794993,-2.817,-5.5,0.0,0.012,259.501,259.363,255.262
1780890112.8064451,-3.493,-5.357,0.001,0.012,259.585,259.24,255.297
1780890112.819963,-3.493,-6.071,0.001,0.012,259.625,259.316,255.19
1780890112.830435,-3.437,-6.357,0.001,0.013,259.629,259.355,255.15
1780890112.844355,-3.718,-6.429,0.001,0.013,259.67,259.317,255.147
1780890112.88223,-3.606,-6.786,0.001,0.013,259.673,259.372,255.094
1780890112.8825111,-3.718,-6.643,0.001,0.013,259.666,259.34,255.129
1780890112.8829498,-4.282,-7.429,0.001,0.013,259.814,259.325,255.007
1780890112.893559,-4.113,-7.143,0.001,0.013,259.746,259.327,255.067
1780890112.907794,-4.338,-7.714,0.001,0.013,259.828,259.346,254.975
1780890112.9183109,-4.338,-8.0,0.001,0.014,259.834,259.375,254.942
1780890112.932056,-4.282,-7.786,0.001,0.013,259.795,259.364,254.988
1780890112.9466612,-4.507,-8.286,0.001,0.014,259.872,259.375,254.907
1780890112.956981,-4.507,-8.143,0.001,0.014,259.849,259.361,254.941
1780890112.970803,-4.282,-8.357,0.001,0.014,259.817,259.419,254.917
1780890112.9812832,-4.394,-8.429,0.001,0.014,259.837,259.406,254.911
1780890112.994999,-4.394,-8.429,0.001,0.014,259.831,259.405,254.917
1780890113.0063841,-4.563,-8.714,0.001,0.014,259.882,259.404,254.872
1780890113.0200472,-4.789,-8.643,0.001,0.014,259.902,259.359,254.895
1780890113.0304399,-4.507,-8.5,0.001,0.014,259.836,259.393,254.924
1780890113.04439,-4.507,-8.643,0.001,0.014,259.846,259.406,254.902
1780890113.058607,-4.507,-8.571,0.001,0.014,259.836,259.399,254.918
1780890113.097551,-4.451,-8.429,0.001,0.014,259.81,259.394,254.946
1780890113.097902,-4.563,-8.5,0.001,0.014,259.831,259.383,254.938
1780890113.0981581,-4.394,-8.214,0.001,0.013,259.774,259.383,254.99
1780890113.1076531,-4.676,-8.5,0.001,0.014,259.847,259.364,254.94
1780890113.11824,-4.282,-8.286,0.001,0.013,259.76,259.409,254.979
1780890113.131994,-4.62,-8.071,0.001,0.013,259.795,259.333,255.017
1780890113.146472,-4.169,-7.929,0.001,0.013,259.706,259.395,255.041
1780890113.1568289,-4.0,-7.571,0.001,0.013,259.646,259.388,255.103
1780890113.1705742,-4.282,-7.929,0.001,0.013,259.73,259.376,255.037
1780890113.180993,-3.831,-7.714,0.001,0.013,259.638,259.431,255.071
1780890113.1948879,-3.944,-7.214,0.001,0.013,259.613,259.364,255.157
1780890113.205987,-3.944,-7.071,0.001,0.013,259.602,259.351,255.179
1780890113.219757,-3.831,-6.786,0.001,0.012,259.56,259.343,255.225
1780890113.230245,-3.662,-6.786,0.0,0.012,259.542,259.372,255.214
1780890113.244051,-3.831,-6.5,0.001,0.012,259.547,259.318,255.261
1780890113.258549,-3.606,-6.429,0.0,0.012,259.507,259.349,255.269
1780890113.269151,-3.38,-6.071,0.0,0.012,259.441,259.353,255.327
1780890113.2826922,-3.099,-5.571,0.0,0.012,259.358,259.354,255.403
1780890113.3216882,-2.873,-5.357,-0.0,0.011,259.308,259.371,255.434
1780890113.322028,-2.592,-5.0,-0.0,0.011,259.236,259.383,255.49
1780890113.322295,-2.817,-4.857,-0.0,0.011,259.276,259.333,255.5
1780890113.3320189,-2.873,-4.786,-0.0,0.011,259.285,259.318,255.505
1780890113.346338,-2.873,-4.857,-0.0,0.011,259.298,259.325,255.486
1780890113.356671,-2.873,-4.857,-0.0,0.011,259.298,259.325,255.486
1780890113.370364,-2.873,-4.857,-0.0,0.011,259.298,259.325,255.486
1780890113.380925,-2.873,-4.857,-0.0,0.011,259.298,259.325,255.486
1780890113.394825,-2.085,-4.071,-0.001,0.011,259.1,259.382,255.619
1780890113.409143,-1.521,-4.071,-0.001,0.011,259.018,259.474,255.61
1780890113.419533,-1.239,-3.786,-0.001,0.01,258.968,259.488,255.644
1780890113.433509,-1.014,-3.429,-0.001,0.01,258.908,259.489,255.7
1780890113.444075,-0.789,-3.143,-0.002,0.01,258.856,259.496,255.743
1780890113.458418,-0.845,-3.286,-0.001,0.01,258.891,259.498,255.708
1780890113.47206,0.0,-2.714,-0.002,0.01,258.719,259.578,255.795
1780890113.482691,-0.507,-2.786,-0.002,0.01,258.821,259.497,255.774
1780890113.4966002,-0.507,-2.786,-0.002,0.01,258.821,259.497,255.774
1780890113.535475,-0.507,-2.786,-0.002,0.01,258.821,259.497,255.774
1780890113.5357661,-0.507,-2.786,-0.002,0.01,258.821,259.497,255.774
1780890113.5360231,-0.507,-2.786,-0.002,0.01,258.821,259.497,255.774
1780890113.544916,-0.507,-2.786,-0.002,0.01,258.821,259.497,255.774
1780890113.5591822,1.07,-1.643,-0.003,0.009,258.468,259.647,255.971
1780890113.569741,1.408,-1.143,-0.003,0.009,258.401,259.645,256.037
1780890113.583543,1.408,-1.071,-0.003,0.009,258.41,259.634,256.038
1780890113.594078,1.634,-1.214,-0.003,0.009,258.402,259.681,256.002
1780890113.608499,1.859,-0.857,-0.003,0.009,258.347,259.68,256.057
1780890113.62253,2.366,-0.071,-0.004,0.008,258.221,259.68,256.178
1780890113.6328561,2.535,0.071,-0.004,0.008,258.195,259.691,256.192
1780890113.647069,2.648,-0.286,-0.004,0.008,258.225,259.74,256.117
1780890113.6579971,2.479,-0.357,-0.004,0.008,258.272,259.714,256.096
1780890113.67149,2.986,0.0,-0.004,0.008,258.177,259.756,256.148
1780890113.682289,3.38,0.143,-0.004,0.008,258.112,259.804,256.166
1780890113.696617,3.549,0.214,-0.004,0.008,258.09,259.821,256.172
1780890113.707083,3.606,0.714,-0.004,0.008,258.047,259.777,256.255
1780890113.720777,4.056,0.786,-0.005,0.008,257.99,259.839,256.252
1780890113.758774,4.0,0.786,-0.004,0.008,258.01,259.825,256.245
1780890113.75919,4.225,0.786,-0.005,0.008,257.984,259.859,256.239
1780890113.7594829,4.338,0.929,-0.005,0.008,257.963,259.86,256.259
1780890113.7699142,4.338,1.0,-0.005,0.008,257.976,259.845,256.26
1780890113.7836149,4.676,1.071,-0.005,0.008,257.923,259.892,256.268
1780890113.794143,4.732,1.714,-0.005,0.007,257.863,259.836,256.378
1780890113.808554,4.845,1.5,-0.005,0.007,257.874,259.873,256.333
1780890113.8191419,5.183,1.357,-0.005,0.007,257.841,259.94,256.302
1780890113.833007,5.183,1.5,-0.005,0.007,257.845,259.918,256.319
1780890113.843651,5.408,1.286,-0.005,0.008,257.835,259.973,256.276
1780890113.857829,5.352,1.571,-0.005,0.007,257.825,259.932,256.325
1780890113.8683178,5.634,1.5,-0.005,0.007,257.793,259.983,256.308
1780890113.882114,5.634,1.643,-0.005,0.007,257.793,259.963,256.327
1780890113.892921,5.746,1.786,-0.005,0.007,257.768,259.965,256.35
1780890113.907218,5.803,1.571,-0.005,0.007,257.784,259.992,256.308
1780890113.917891,5.577,1.714,-0.005,0.007,257.812,259.938,256.332
1780890113.931606,5.803,1.786,-0.005,0.007,257.777,259.964,256.342
1780890113.94221,6.028,1.571,-0.006,0.007,257.765,260.02,256.301
1780890113.981962,5.634,1.643,-0.005,0.007,257.825,259.945,256.313
1780890113.982325,6.085,1.786,-0.006,0.007,257.742,260.005,256.337
1780890113.9826539,5.915,1.714,-0.005,0.007,257.783,259.98,256.321
1780890113.994408,6.085,1.643,-0.006,0.007,257.765,260.014,256.307
1780890114.004853,5.972,1.643,-0.005,0.007,257.785,259.993,256.306
1780890114.019356,5.859,1.357,-0.005,0.008,257.832,260.001,256.254
1780890114.0298948,5.972,1.143,-0.005,0.008,257.834,260.037,256.218
1780890114.043638,6.028,1.071,-0.005,0.008,257.832,260.051,256.207
1780890114.0540211,5.915,1.0,-0.005,0.008,257.857,260.037,256.196
1780890114.068327,5.859,0.929,-0.005,0.008,257.872,260.033,256.185
1780890114.078986,5.915,0.929,-0.005,0.008,257.862,260.039,256.188
1780890114.092841,5.803,0.571,-0.005,0.008,257.913,260.054,256.125
1780890114.10321,5.634,0.571,-0.005,0.008,257.938,260.024,256.128
1780890114.11764,5.634,0.5,-0.005,0.008,257.942,260.031,256.118
1780890114.128333,5.408,0.714,-0.005,0.008,257.956,259.972,256.16
1780890114.142005,5.183,0.357,-0.005,0.008,258.021,259.97,256.099
1780890114.1525671,5.296,0.357,-0.005,0.008,257.999,259.99,256.102
1780890114.1917608,5.127,0.286,-0.005,0.008,258.03,259.969,256.092
1780890114.1921291,5.239,0.143,-0.005,0.009,258.021,260.002,256.069
1780890114.192439,4.901,0.214,-0.005,0.008,258.062,259.939,256.088
1780890114.204691,4.845,-0.143,-0.005,0.009,258.1,259.966,256.026
1780890114.215894,4.732,-0.357,-0.004,0.009,258.134,259.968,255.991
1780890114.229804,4.901,-0.214,-0.005,0.009,258.089,259.984,256.021
1780890114.240221,4.62,-0.643,-0.004,0.009,258.166,259.978,255.952
1780890114.2539132,4.676,-1.0,-0.004,0.009,258.185,260.022,255.892
1780890114.264438,4.338,-1.286,-0.004,0.01,258.261,259.993,255.846
1780890114.278953,4.507,-1.286,-0.004,0.009,258.227,260.021,255.852
1780890114.2928488,4.282,-1.286,-0.004,0.009,258.254,259.983,255.862
1780890114.3033202,4.394,-1.571,-0.004,0.01,258.257,260.03,255.815
1780890114.3175979,3.944,-1.786,-0.004,0.01,258.345,259.975,255.782
1780890114.328131,3.718,-1.643,-0.004,0.01,258.361,259.925,255.813
1780890114.3417559,3.718,-1.643,-0.004,0.01,258.361,259.925,255.813
1780890114.3521972,3.718,-1.643,-0.004,0.01,258.361,259.925,255.813
1780890114.36656,3.718,-1.643,-0.004,0.01,258.361,259.925,255.813
1780890114.4064472,3.718,-1.643,-0.004,0.01,258.361,259.925,255.813
1780890114.4068842,3.099,-2.786,-0.003,0.011,258.561,259.934,255.614
1780890114.40724,3.155,-2.857,-0.003,0.011,258.548,259.952,255.611
1780890114.414654,2.873,-2.929,-0.003,0.011,258.59,259.913,255.606
1780890114.428993,2.873,-3.143,-0.003,0.011,258.6,259.935,255.576
1780890114.439518,2.873,-3.357,-0.003,0.011,258.602,259.959,255.553
1780890114.453411,2.592,-3.357,-0.003,0.011,258.639,259.913,255.56
1780890114.4640262,2.423,-3.571,-0.003,0.011,258.678,259.907,255.528
1780890114.478427,2.592,-3.5,-0.003,0.011,258.635,259.93,255.548
1780890114.4922922,2.085,-3.571,-0.003,0.011,258.709,259.856,255.546
1780890114.502742,2.141,-3.571,-0.003,0.011,258.692,259.868,255.551
1780890114.517408,1.859,-3.429,-0.003,0.011,258.717,259.81,255.581
1780890114.527667,1.915,-3.5,-0.003,0.011,258.708,259.83,255.572
1780890114.541404,1.972,-3.786,-0.003,0.011,258.713,259.872,255.528
1780890114.552093,1.521,-3.786,-0.002,0.011,258.781,259.799,255.532
1780890114.5665321,1.634,-3.571,-0.003,0.011,258.736,259.8,255.573
1780890114.5772932,1.352,-3.857,-0.002,0.011,258.803,259.784,255.524
1780890114.590807,1.352,-3.857,-0.002,0.011,258.79,259.788,255.532
1780890114.628748,1.352,-3.857,-0.002,0.011,258.79,259.788,255.532
1780890114.6291,1.352,-3.857,-0.002,0.011,258.79,259.788,255.532
1780890114.629371,1.352,-3.857,-0.002,0.011,258.79,259.788,255.532
1780890114.639363,1.352,-3.857,-0.002,0.011,258.79,259.788,255.532
1780890114.6530921,0.169,-4.071,-0.002,0.011,258.998,259.616,255.496
1780890114.6636312,0.113,-4.143,-0.001,0.011,259.004,259.62,255.487
1780890114.678186,0.451,-4.071,-0.002,0.011,258.933,259.675,255.502
1780890114.691922,0.113,-4.357,-0.002,0.011,259.002,259.657,255.455
1780890114.7026172,0.282,-4.357,-0.002,0.011,258.966,259.689,255.458
1780890114.717073,0.056,-4.357,-0.002,0.011,258.997,259.654,255.461
1780890114.727653,-0.282,-4.286,-0.001,0.011,259.04,259.595,255.477
1780890114.741238,-0.113,-4.643,-0.002,0.011,259.033,259.666,255.417
1780890114.751797,-0.451,-4.5,-0.001,0.011,259.07,259.599,255.445
1780890114.766196,-0.563,-4.357,-0.001,0.011,259.068,259.57,255.473
1780890114.779915,-0.507,-4.286,-0.001,0.011,259.047,259.577,255.486
1780890114.7906618,-0.901,-4.143,-0.001,0.011,259.088,259.507,255.513
1780890114.8043158,-1.07,-4.429,-0.001,0.011,259.138,259.511,255.463
1780890114.843369,-1.07,-4.429,-0.001,0.011,259.132,259.516,255.464
1780890114.843817,-1.183,-4.429,-0.001,0.011,259.145,259.501,255.465
1780890114.84417,-1.239,-4.357,-0.001,0.011,259.137,259.493,255.48
1780890114.853266,-1.352,-4.5,-0.001,0.011,259.165,259.491,255.455
1780890114.867616,-1.408,-4.357,-0.001,0.011,259.156,259.472,255.482
1780890114.878256,-1.408,-4.5,-0.001,0.011,259.166,259.489,255.456
1780890114.891813,-1.577,-4.071,-0.001,0.011,259.147,259.427,255.533
1780890114.906158,-1.69,-4.429,-0.001,0.011,259.196,259.447,255.468
1780890114.916824,-1.69,-4.0,-0.001,0.011,259.152,259.409,255.545
1780890114.930324,-1.972,-3.929,-0.0,0.011,259.189,259.36,255.556
1780890114.9408262,-1.972,-3.929,-0.0,0.011,259.189,259.36,255.556
1780890114.954398,-1.972,-3.929,-0.0,0.011,259.189,259.36,255.556
1780890114.9687848,-1.972,-3.929,-0.0,0.011,259.189,259.36,255.556
1780890114.979532,-1.803,-4.071,-0.001,0.011,259.172,259.406,255.529
1780890114.9934678,-1.69,-4.286,-0.001,0.011,259.171,259.449,255.49
1780890115.0036411,-1.352,-4.429,-0.001,0.011,259.127,259.52,255.464
1780890115.0179589,-1.521,-4.286,-0.001,0.011,259.141,259.479,255.49
1780890115.057654,-1.408,-4.143,-0.001,0.011,259.107,259.486,255.515
1780890115.0580559,-1.465,-4.429,-0.001,0.011,259.143,259.505,255.464
1780890115.058319,-1.521,-4.357,-0.001,0.011,259.144,259.489,255.477
1780890115.067208,-1.296,-4.857,-0.001,0.012,259.154,259.574,255.389
1780890115.080768,-1.521,-5.143,-0.001,0.012,259.216,259.562,255.342
1780890115.09135,-1.127,-5.214,-0.001,0.012,259.156,259.633,255.332
1780890115.105027,-1.127,-5.143,-0.001,0.012,259.148,259.624,255.348
1780890115.1195781,-1.127,-5.286,-0.001,0.012,259.161,259.635,255.325
1780890115.130183,-1.014,-5.357,-0.001,0.012,259.15,259.656,255.317
1780890115.143929,-1.07,-5.286,-0.001,0.012,259.152,259.637,255.332
1780890115.154447,-1.014,-5.357,-0.001,0.012,259.149,259.652,255.321
1780890115.168714,-0.789,-5.5,-0.001,0.012,259.125,259.701,255.298
1780890115.182675,-0.789,-5.643,-0.001,0.012,259.139,259.709,255.277
1780890115.1932852,-0.451,-5.643,-0.002,0.012,259.084,259.762,255.28
1780890115.207318,-0.676,-5.643,-0.001,0.012,259.122,259.721,255.282
1780890115.2178502,-0.563,-5.786,-0.002,0.012,259.118,259.751,255.259
1780890115.231672,-0.394,-5.786,-0.002,0.012,259.092,259.772,255.263
1780890115.2673888,-0.282,-5.786,-0.002,0.012,259.074,259.788,255.265
1780890115.2676952,-0.225,-5.571,-0.002,0.012,259.046,259.774,255.305
1780890115.270049,-0.169,-5.714,-0.002,0.012,259.052,259.794,255.28
1780890115.280521,-0.225,-5.857,-0.002,0.012,259.08,259.791,255.256
1780890115.2942898,-0.338,-6.214,-0.002,0.012,259.133,259.805,255.195
1780890115.3087308,-0.394,-6.143,-0.002,0.012,259.135,259.786,255.21
1780890115.319296,-0.62,-6.214,-0.001,0.012,259.178,259.752,255.201
1780890115.332962,-0.451,-6.357,-0.002,0.013,259.162,259.793,255.178
1780890115.3435462,-0.676,-6.143,-0.001,0.012,259.178,259.734,255.218
1780890115.358101,-0.563,-6.571,-0.001,0.013,259.199,259.794,255.144
1780890115.37187,-0.507,-6.429,-0.001,0.013,259.172,259.787,255.174
1780890115.3825548,-0.789,-6.5,-0.001,0.013,259.225,259.746,255.163
1780890115.397124,-0.845,-6.357,-0.001,0.012,259.219,259.723,255.19
1780890115.4074821,-1.014,-6.5,-0.001,0.013,259.258,259.709,255.166
1780890115.421151,-0.958,-6.643,-0.001,0.013,259.26,259.733,255.143
1780890115.434828,-1.014,-6.286,-0.001,0.012,259.233,259.69,255.208
1780890115.463216,-1.014,-6.357,-0.001,0.012,259.238,259.698,255.195
1780890115.463536,-1.014,-6.286,-0.001,0.012,259.23,259.692,255.208
1780890115.470231,-1.07,-6.286,-0.001,0.012,259.238,259.685,255.208
1780890115.484009,-1.127,-5.929,-0.001,0.012,259.212,259.643,255.271
1780890115.4945521,-1.07,-6.143,-0.001,0.012,259.223,259.674,255.231
1780890115.5088792,-1.239,-5.786,-0.001,0.012,259.217,259.614,255.293
1780890115.5226712,-1.239,-5.929,-0.001,0.012,259.23,259.632,255.263
1780890115.533261,-1.014,-5.929,-0.001,0.012,259.193,259.672,255.262
1780890115.547616,-1.296,-5.786,-0.001,0.012,259.226,259.612,255.286
1780890115.5583072,-1.127,-5.786,-0.001,0.012,259.198,259.642,255.284
1780890115.5719209,-1.127,-5.571,-0.001,0.012,259.177,259.625,255.319
1780890115.586685,-1.521,-5.714,-0.001,0.012,259.256,259.575,255.292
1780890115.596766,-1.408,-5.5,-0.001,0.012,259.217,259.576,255.328
1780890115.6108851,-1.408,-5.357,-0.001,0.012,259.203,259.566,255.35
1780890115.621554,-1.408,-5.357,-0.001,0.012,259.204,259.569,255.347
1780890115.6350899,-1.352,-5.214,-0.001,0.012,259.181,259.567,255.37
1780890115.649438,-1.239,-5.143,-0.001,0.012,259.157,259.58,255.38
1780890115.681947,-1.465,-4.929,-0.001,0.011,259.176,259.527,255.412
1780890115.682255,-1.239,-5.071,-0.001,0.012,259.153,259.581,255.384
1780890115.684269,-1.634,-4.857,-0.001,0.011,259.199,259.496,255.419
1780890115.698488,-1.746,-4.857,-0.001,0.011,259.218,259.481,255.416
1780890115.71219,-1.521,-4.857,-0.001,0.011,259.181,259.524,255.41
1780890115.722749,-1.69,-4.5,-0.001,0.011,259.176,259.464,255.471
1780890115.737083,-1.69,-4.286,-0.001,0.011,259.156,259.447,255.506
1780890115.7476852,-1.577,-4.5,-0.001,0.011,259.159,259.489,255.463
1780890115.761434,-1.746,-4.357,-0.001,0.011,259.175,259.452,255.483
1780890115.775147,-1.634,-4.214,-0.001,0.011,259.144,259.459,255.505
1780890115.786314,-1.69,-4.357,-0.001,0.011,259.168,259.466,255.477
1780890115.800103,-1.69,-4.429,-0.001,0.011,259.175,259.475,255.461
1780890115.810831,-1.803,-3.929,-0.001,0.011,259.147,259.412,255.546
1780890115.8244438,-1.803,-4.214,-0.001,0.011,259.176,259.442,255.492
1780890115.838544,-1.746,-3.929,-0.001,0.011,259.14,259.426,255.54
1780890115.849421,-1.408,-3.929,-0.001,0.011,259.086,259.484,255.537
1780890115.8630369,-1.352,-3.929,-0.001,0.011,259.08,259.495,255.532
1780890115.903403,-1.352,-3.929,-0.001,0.011,259.083,259.495,255.529
1780890115.903774,-1.127,-3.857,-0.001,0.011,259.041,259.526,255.54
1780890115.9041128,-1.239,-3.714,-0.001,0.011,259.052,259.493,255.56
1780890115.911985,-1.07,-3.714,-0.001,0.011,259.027,259.521,255.558
1780890115.926504,-1.352,-3.929,-0.001,0.011,259.096,259.495,255.517
1780890115.936786,-1.07,-3.714,-0.001,0.011,259.031,259.521,255.554
1780890115.950654,-0.958,-3.214,-0.001,0.01,258.973,259.491,255.637
1780890115.96126,-0.845,-3.5,-0.001,0.011,258.985,259.537,255.583
1780890115.974876,-0.789,-3.143,-0.001,0.01,258.945,259.512,255.644
1780890115.989559,-0.845,-3.143,-0.001,0.01,258.958,259.502,255.641
1780890115.999854,-0.789,-3.0,-0.001,0.01,258.942,259.498,255.659
1780890116.01356,-0.676,-2.857,-0.001,0.01,258.914,259.504,255.681
1780890116.024277,-0.732,-2.786,-0.001,0.01,258.92,259.488,255.69
1780890116.038542,-0.563,-3.0,-0.002,0.01,258.915,259.537,255.648
1780890116.052205,-0.507,-2.857,-0.002,0.01,258.899,259.532,255.669
1780890116.062672,-0.338,-2.643,-0.002,0.01,258.854,259.539,255.705
1780890116.077364,-0.338,-2.643,-0.002,0.01,258.858,259.538,255.701
1780890116.1153312,-0.338,-2.714,-0.002,0.01,258.868,259.544,255.686
1780890116.115704,-0.394,-3.071,-0.002,0.011,258.916,259.567,255.62
1780890116.116045,-0.113,-3.071,-0.002,0.011,258.872,259.612,255.619
1780890116.126091,-0.225,-3.0,-0.002,0.01,258.886,259.585,255.631
1780890116.1397572,-0.056,-2.929,-0.002,0.01,258.853,259.605,255.644
1780890116.150298,-0.056,-2.929,-0.002,0.01,258.853,259.605,255.644
1780890116.163855,-0.056,-2.929,-0.002,0.01,258.853,259.605,255.644
1780890116.178119,-0.056,-2.929,-0.002,0.01,258.853,259.605,255.644
1780890116.188663,-0.056,-2.929,-0.002,0.01,258.853,259.605,255.644
1780890116.202274,-0.056,-2.929,-0.002,0.01,258.853,259.605,255.644
1780890116.2130182,-0.056,-2.929,-0.002,0.01,258.853,259.605,255.644
1780890116.227006,-0.056,-2.929,-0.002,0.01,258.853,259.605,255.644
1780890116.24069,-0.056,-2.929,-0.002,0.01,258.853,259.605,255.644
1780890116.251339,-0.056,-2.929,-0.002,0.01,258.853,259.605,255.644
1780890116.264805,-0.056,-2.929,-0.002,0.01,258.853,259.605,255.644
1780890116.2759402,-0.056,-2.929,-0.002,0.01,258.853,259.605,255.644
1780890116.289566,-0.056,-2.929,-0.002,0.01,258.853,259.605,255.644
1780890116.328723,-0.056,-2.929,-0.002,0.01,258.853,259.605,255.644
1780890116.329105,-0.056,-2.929,-0.002,0.01,258.853,259.605,255.644
1780890116.329451,0.282,-1.929,-0.002,0.01,258.707,259.564,255.82
1780890116.3384461,0.225,-1.786,-0.002,0.01,258.709,259.54,255.841
1780890116.3522859,0.169,-1.571,-0.002,0.009,258.709,259.511,255.868
1780890116.362901,0.169,-1.571,-0.002,0.009,258.713,259.512,255.863
1780890116.37712,-0.169,-1.5,-0.002,0.009,258.766,259.45,255.871
1780890116.387465,0.0,-1.0,-0.002,0.009,258.694,259.433,255.956
1780890116.401202,0.113,-1.0,-0.002,0.009,258.685,259.455,255.945
1780890116.414846,0.113,-0.857,-0.002,0.009,258.675,259.443,255.965
1780890116.4259021,0.0,-0.786,-0.002,0.009,258.69,259.419,255.972
1780890116.4396422,0.0,-0.714,-0.002,0.009,258.687,259.415,255.98
1780890116.450419,-0.225,-0.643,-0.002,0.009,258.723,259.377,255.981
1780890116.4640079,-0.338,-0.071,-0.002,0.008,258.69,259.307,256.079
1780890116.474568,-0.225,0.071,-0.002,0.008,258.66,259.316,256.099
1780890116.488971,-0.338,0.214,-0.002,0.008,258.668,259.288,256.118
1780890116.502733,-0.225,0.429,-0.002,0.008,258.634,259.295,256.144
1780890116.54168,-0.338,0.5,-0.002,0.008,258.649,259.273,256.151
1780890116.5421598,-0.451,0.786,-0.001,0.008,258.643,259.231,256.196
1780890116.5425012,-0.563,0.786,-0.001,0.008,258.663,259.217,256.19
1780890116.551785,-0.62,1.071,-0.001,0.008,258.65,259.189,256.229
1780890116.5624168,-0.563,1.286,-0.001,0.008,258.623,259.182,256.262
1780890116.576834,-0.62,1.429,-0.001,0.008,258.621,259.164,256.281
1780890116.590476,-0.62,1.071,-0.001,0.008,258.656,259.202,256.211
1780890116.601121,-0.563,1.214,-0.001,0.008,258.636,259.204,256.228
1780890116.614731,-0.563,1.429,-0.001,0.008,258.617,259.187,256.263
1780890116.625956,-0.282,1.643,-0.002,0.008,258.553,259.215,256.297
1780890116.6397812,-0.507,1.214,-0.001,0.008,258.633,259.221,256.215
1780890116.650492,-0.563,1.357,-0.001,0.008,258.631,259.202,256.235
1780890116.664087,-0.394,1.429,-0.002,0.008,258.598,259.224,256.246
1780890116.674857,-0.507,1.571,-0.001,0.008,258.604,259.193,256.269
1780890116.6891031,-0.338,1.429,-0.002,0.008,258.591,259.236,256.24
1780890116.702643,-0.282,1.214,-0.002,0.008,258.605,259.267,256.198
1780890116.713142,-0.338,1.214,-0.002,0.008,258.615,259.257,256.197
1780890116.72753,-0.113,1.071,-0.002,0.008,258.593,259.308,256.171
1780890116.768855,-0.113,1.357,-0.002,0.008,258.567,259.279,256.222
1780890116.769323,-0.113,1.286,-0.002,0.008,258.577,259.285,256.208
1780890116.7696588,-0.056,1.214,-0.002,0.008,258.575,259.301,256.194
1780890116.776427,0.0,1.071,-0.002,0.008,258.581,259.323,256.169
1780890116.790076,-0.225,1.071,-0.002,0.008,258.618,259.284,256.169
1780890116.8006861,-0.113,1.286,-0.002,0.008,258.581,259.281,256.207
1780890116.814464,0.113,0.786,-0.002,0.008,258.592,259.365,256.117
1780890116.824936,0.169,0.929,-0.002,0.008,258.57,259.359,256.145
1780890116.839316,0.113,0.929,-0.002,0.008,258.58,259.348,256.146
1780890116.8499599,-0.282,0.714,-0.002,0.008,258.665,259.299,256.11
1780890116.863484,0.394,0.429,-0.002,0.009,258.581,259.437,256.06
1780890116.874246,0.225,0.571,-0.002,0.008,258.595,259.393,256.088
1780890116.888525,0.169,0.429,-0.002,0.009,258.618,259.395,256.065
1780890116.899275,0.394,0.214,-0.002,0.009,258.602,259.447,256.031
1780890116.912927,0.451,0.357,-0.002,0.009,258.579,259.44,256.059
1780890116.923656,0.451,0.0,-0.002,0.009,258.613,259.471,255.997
1780890116.9379652,0.563,0.0,-0.002,0.009,258.595,259.487,256.0
1780890116.9515982,0.62,-0.143,-0.002,0.009,258.599,259.504,255.98
1780890116.990892,0.62,-0.214,-0.002,0.009,258.606,259.508,255.97
1780890116.991319,0.676,-0.286,-0.002,0.009,258.603,259.521,255.961
1780890116.991582,0.62,-0.357,-0.002,0.009,258.619,259.515,255.951
1780890117.0008352,0.563,-0.357,-0.002,0.009,258.627,259.5,255.958
1780890117.0112178,0.507,-0.071,-0.002,0.009,258.608,259.461,256.011
1780890117.024941,0.789,-0.357,-0.002,0.009,258.589,259.534,255.961
1780890117.0360808,0.394,-0.5,-0.002,0.009,258.667,259.48,255.937
1780890117.0499442,0.789,-0.357,-0.002,0.009,258.588,259.53,255.966
1780890117.0634701,0.563,-0.5,-0.002,0.009,258.639,259.504,255.942
1780890117.074066,0.958,-0.357,-0.002,0.009,258.561,259.554,255.969
1780890117.088524,0.789,-0.357,-0.002,0.009,258.589,259.524,255.971
1780890117.099095,0.732,-0.286,-0.002,0.009,258.592,259.507,255.984
1780890117.113245,0.676,-0.143,-0.002,0.009,258.589,259.483,256.01
1780890117.123397,0.676,-0.357,-0.002,0.009,258.609,259.503,255.972
1780890117.13788,0.62,-0.143,-0.002,0.009,258.598,259.472,256.011
1780890117.151554,0.507,-0.071,-0.002,0.009,258.609,259.446,256.024
1780890117.1621618,0.563,0.071,-0.002,0.009,258.587,259.443,256.049
1780890117.1766138,0.62,-0.071,-0.002,0.009,258.591,259.466,256.023
1780890117.2150028,0.507,0.071,-0.002,0.009,258.596,259.434,256.048
1780890117.215329,0.789,0.286,-0.002,0.008,258.531,259.462,256.085
1780890117.215582,0.451,0.143,-0.002,0.009,258.601,259.42,256.058
1780890117.224875,0.282,0.214,-0.002,0.009,258.621,259.387,256.069
1780890117.2360709,0.394,0.357,-0.002,0.008,258.589,259.393,256.094
1780890117.249939,0.394,0.429,-0.002,0.008,258.582,259.388,256.105
1780890117.260492,0.451,0.643,-0.002,0.008,258.554,259.38,256.14
1780890117.274143,0.451,0.571,-0.002,0.008,258.562,259.388,256.124
1780890117.284684,0.338,0.357,-0.002,0.008,258.601,259.392,256.084
1780890117.2991989,0.338,0.643,-0.002,0.008,258.574,259.366,256.135
1780890117.309748,0.394,0.643,-0.002,0.008,258.566,259.377,256.131
1780890117.323431,0.338,0.643,-0.002,0.008,258.575,259.369,256.13
1780890117.3378282,0.282,0.929,-0.002,0.008,258.558,259.334,256.179
1780890117.3484218,0.394,0.786,-0.002,0.008,258.554,259.368,256.151
1780890117.362082,0.394,0.5,-0.002,0.008,258.581,259.397,256.098
1780890117.372782,0.225,0.5,-0.002,0.008,258.609,259.369,256.098
1780890117.387033,0.282,0.5,-0.002,0.008,258.599,259.38,256.098
1780890117.425206,0.169,0.643,-0.002,0.008,258.603,259.348,256.123
1780890117.4256792,0.394,0.5,-0.002,0.008,258.58,259.4,256.097
1780890117.4260108,0.169,0.5,-0.002,0.008,258.616,259.362,256.097
1780890117.4362009,0.507,0.429,-0.002,0.008,258.567,259.426,256.084
1780890117.4467049,0.338,0.643,-0.002,0.008,258.575,259.377,256.123
1780890117.460486,0.282,0.357,-0.002,0.009,258.609,259.395,256.072
1780890117.471064,0.282,0.5,-0.002,0.008,258.596,259.382,256.099
1780890117.484777,0.169,0.143,-0.002,0.009,258.647,259.397,256.035
1780890117.49631,0.282,0.214,-0.002,0.009,258.621,259.409,256.049
1780890117.5098839,0.169,0.214,-0.002,0.009,258.637,259.39,256.051
1780890117.520319,0.113,0.286,-0.002,0.009,258.638,259.374,256.065
1780890117.534005,0.282,0.286,-0.002,0.009,258.61,259.403,256.065
1780890117.5483918,0.169,0.214,-0.002,0.009,258.635,259.391,256.053
1780890117.559169,0.113,-0.214,-0.002,0.009,258.683,259.422,255.977
1780890117.5727859,-0.169,0.071,-0.002,0.009,258.699,259.348,256.031
1780890117.5833752,0.169,0.214,-0.002,0.009,258.629,259.392,256.057
1780890117.5976052,0.113,-0.286,-0.002,0.009,258.685,259.43,255.968
1780890117.633339,-0.113,-0.286,-0.002,0.009,258.72,259.392,255.971
1780890117.633756,0.169,-0.143,-0.002,0.009,258.657,259.424,256.0
1780890117.6340532,0.169,-0.071,-0.002,0.009,258.65,259.417,256.014
1780890117.646527,-0.113,-0.214,-0.002,0.009,258.708,259.383,255.989
1780890117.660259,0.0,-0.357,-0.002,0.009,258.702,259.416,255.965
1780890117.670799,-0.169,-0.357,-0.002,0.009,258.726,259.389,255.967
1780890117.684364,0.225,-0.429,-0.002,0.009,258.667,259.461,255.956
1780890117.6948,0.0,-0.643,-0.002,0.009,258.723,259.443,255.919
1780890117.7092779,-0.056,-0.5,-0.002,0.009,258.717,259.419,255.947
1780890117.722945,-0.169,-0.643,-0.002,0.009,258.746,259.413,255.925
1780890117.733505,0.169,-0.714,-0.002,0.009,258.696,259.476,255.914
1780890117.7477949,0.0,-0.786,-0.002,0.009,258.73,259.453,255.903
1780890117.758413,0.0,-0.714,-0.002,0.009,258.722,259.445,255.918
1780890117.77198,-0.056,-0.857,-0.002,0.009,258.744,259.447,255.896
1780890117.782704,0.056,-0.786,-0.002,0.009,258.717,259.458,255.91
1780890117.7967832,0.113,-1.214,-0.002,0.01,258.748,259.507,255.835
1780890117.81056,-0.056,-0.857,-0.002,0.009,258.741,259.443,255.902
1780890117.8479638,0.169,-1.143,-0.002,0.009,258.73,259.506,255.853
1780890117.848331,-0.056,-0.929,-0.002,0.009,258.746,259.447,255.894
1780890117.84867,0.225,-0.929,-0.002,0.009,258.699,259.493,255.895
1780890117.859801,-0.113,-1.0,-0.002,0.009,258.761,259.443,255.883
1780890117.8702478,0.0,-1.0,-0.002,0.009,258.741,259.461,255.885
1780890117.883929,0.169,-1.143,-0.002,0.009,258.726,259.502,255.86
1780890117.898369,0.0,-1.071,-0.002,0.009,258.747,259.466,255.875
1780890117.9089,-0.225,-0.929,-0.002,0.009,258.769,259.415,255.901
1780890117.922604,0.113,-1.214,-0.002,0.009,258.74,259.498,255.852
1780890117.9332821,-0.113,-1.0,-0.002,0.009,258.756,259.439,255.891
1780890117.947596,0.225,-1.0,-0.002,0.009,258.7,259.495,255.892
1780890117.9582562,-0.169,-0.929,-0.002,0.009,258.758,259.423,255.904
1780890117.97189,-0.282,-0.643,-0.002,0.009,258.749,259.379,255.955
1780890117.986217,0.169,-0.786,-0.002,0.009,258.689,259.468,255.928
1780890117.996726,0.056,-0.786,-0.002,0.009,258.708,259.449,255.927
1780890118.010646,-0.225,-0.714,-0.002,0.009,258.748,259.397,255.939
1780890118.0212119,-0.282,-0.643,-0.002,0.009,258.75,259.382,255.951
1780890118.034801,0.0,-0.5,-0.002,0.009,258.69,259.416,255.976
1780890118.070213,-0.056,-0.857,-0.002,0.009,258.733,259.441,255.91
1780890118.0706959,-0.113,-0.714,-0.002,0.009,258.729,259.418,255.936
1780890118.073175,-0.056,-0.714,-0.002,0.009,258.72,259.428,255.936
1780890118.083833,-0.113,-0.643,-0.002,0.009,258.723,259.412,255.948
1780890118.098141,-0.225,-0.643,-0.002,0.009,258.741,259.395,255.947
1780890118.108751,-0.507,-0.429,-0.001,0.009,258.767,259.33,255.984
1780890118.1223779,0.056,-0.5,-0.002,0.009,258.681,259.432,255.97
1780890118.13675,-0.056,-0.643,-0.002,0.009,258.714,259.427,255.943
1780890118.147282,-0.056,-0.571,-0.002,0.009,258.707,259.42,255.956
1780890118.1612318,-0.056,-0.5,-0.002,0.009,258.701,259.414,255.968
1780890118.171634,0.0,-0.429,-0.002,0.009,258.685,259.416,255.98
1780890118.1862988,0.113,-0.5,-0.002,0.009,258.675,259.442,255.966
1780890118.199711,-0.113,-0.429,-0.002,0.009,258.706,259.398,255.978
1780890118.210575,-0.113,-0.571,-0.002,0.009,258.72,259.413,255.95
1780890118.224023,0.113,-0.214,-0.002,0.009,258.65,259.416,256.014
1780890118.234564,0.056,-0.429,-0.002,0.009,258.68,259.428,255.974
1780890118.249111,0.338,-0.286,-0.002,0.009,258.622,259.46,255.999
1780890118.291921,0.169,-0.071,-0.002,0.009,258.632,259.41,256.036
1780890118.2924092,0.282,-0.143,-0.002,0.009,258.623,259.436,256.022
1780890118.292696,0.169,-0.357,-0.002,0.009,258.663,259.437,255.982
1780890118.297997,0.113,-0.214,-0.002,0.009,258.659,259.414,256.007
1780890118.311865,0.056,-0.143,-0.002,0.009,258.663,259.398,256.019
1780890118.322481,0.338,-0.357,-0.002,0.009,258.638,259.465,255.979
1780890118.336833,-0.056,-0.286,-0.002,0.009,258.696,259.392,255.992
1780890118.347265,0.169,-0.286,-0.002,0.009,258.659,259.43,255.992
1780890118.3610618,0.282,-0.071,-0.002,0.009,258.621,259.429,256.029
1780890118.371667,0.507,-0.571,-0.002,0.009,258.633,259.513,255.939
1780890118.386057,0.225,-0.214,-0.002,0.009,258.646,259.431,256.004
1780890118.399934,0.282,-0.643,-0.002,0.009,258.678,259.481,255.927
1780890118.410887,0.451,-0.214,-0.002,0.009,258.61,259.468,256.004
1780890118.4242299,0.169,-0.5,-0.002,0.009,258.684,259.447,255.952
1780890118.4348722,0.225,-0.357,-0.002,0.009,258.661,259.443,255.978
1780890118.449356,0.394,-0.643,-0.002,0.009,258.66,259.498,255.927
1780890118.460015,0.338,-0.857,-0.002,0.009,258.689,259.507,255.891
1780890118.47355,-0.169,-0.429,-0.002,0.009,258.731,259.381,255.969
1780890118.512208,-0.056,-0.571,-0.002,0.009,258.725,259.415,255.944
1780890118.512584,-0.056,-0.643,-0.002,0.009,258.73,259.423,255.931
1780890118.512932,0.056,-0.429,-0.002,0.009,258.689,259.422,255.971
1780890118.5223439,-0.056,-0.357,-0.002,0.009,258.701,259.397,255.983
1780890118.536679,-0.056,-0.571,-0.002,0.009,258.721,259.418,255.945
1780890118.550522,0.169,-0.571,-0.002,0.009,258.683,259.456,255.945
1780890118.5610619,0.0,-0.357,-0.002,0.009,258.689,259.409,255.984
1780890118.57464,0.0,-0.571,-0.002,0.009,258.709,259.43,255.945
1780890118.585751,-0.056,-0.5,-0.002,0.009,258.711,259.413,255.958
1780890118.599635,-0.056,-0.5,-0.002,0.009,258.711,259.414,255.958
1780890118.6101272,0.0,-0.857,-0.002,0.009,258.733,259.458,255.895
1780890118.6237938,-0.507,-0.5,-0.001,0.009,258.781,259.34,255.96
1780890118.638023,-0.169,-0.571,-0.002,0.009,258.731,259.405,255.947
1780890118.648884,-0.113,-0.857,-0.002,0.009,258.748,259.441,255.896
1780890118.662503,-0.056,-0.643,-0.002,0.009,258.719,259.428,255.937
1780890118.672967,0.0,-0.857,-0.002,0.009,258.729,259.458,255.899
1780890118.687279,-0.282,-0.643,-0.002,0.009,258.755,259.39,255.938
1780890118.7270038,-0.056,-0.571,-0.002,0.009,258.71,259.422,255.951
1780890118.727409,-0.113,-0.571,-0.002,0.009,258.721,259.411,255.951
1780890118.7276769,0.113,-0.857,-0.002,0.009,258.711,259.476,255.9
1780890118.7361689,0.113,-0.857,-0.002,0.009,258.711,259.475,255.901
1780890118.7499719,0.169,-0.643,-0.002,0.009,258.682,259.463,255.94
1780890118.760581,0.0,-0.714,-0.002,0.009,258.717,259.44,255.927
1780890118.774328,-0.113,-0.714,-0.002,0.009,258.735,259.422,255.927
1780890118.788637,0.169,-0.929,-0.002,0.009,258.709,259.489,255.889
1780890118.799221,0.282,-1.0,-0.002,0.009,258.697,259.512,255.879
1780890118.8130538,0.113,-0.786,-0.002,0.009,258.705,259.462,255.918
1780890118.823483,0.113,-0.643,-0.002,0.009,258.692,259.448,255.944
1780890118.837761,0.056,-0.714,-0.002,0.009,258.708,259.446,255.93
1780890118.848487,0.113,-0.5,-0.002,0.009,258.679,259.435,255.969
1780890118.86202,0.113,-0.643,-0.002,0.009,258.692,259.448,255.944
1780890118.872818,-0.282,-0.571,-0.002,0.009,258.75,259.376,255.956
1780890118.887022,0.0,-0.643,-0.002,0.009,258.71,259.431,255.943
1780890118.900718,0.113,-0.714,-0.002,0.009,258.698,259.457,255.929
1780890118.9390159,-0.113,-0.286,-0.002,0.009,258.696,259.379,256.005
1780890118.939467,-0.056,-0.357,-0.002,0.009,258.694,259.397,255.991
1780890118.9398122,-0.113,-0.286,-0.002,0.009,258.696,259.382,256.002
1780890118.9496179,-0.113,-0.214,-0.002,0.009,258.691,259.377,256.011
1780890118.963396,0.056,0.0,-0.002,0.009,258.644,259.386,256.048
1780890118.9737868,0.169,-0.357,-0.002,0.009,258.661,259.44,255.982
1780890118.988161,0.282,-0.214,-0.002,0.009,258.63,259.444,256.007
1780890118.99875,-0.225,-0.214,-0.002,0.009,258.714,259.36,256.006
1780890119.012469,0.282,-0.429,-0.002,0.009,258.653,259.465,255.965
1780890119.022996,0.169,-0.071,-0.002,0.009,258.638,259.412,256.029
1780890119.037421,0.338,-0.143,-0.002,0.009,258.619,259.447,256.015
1780890119.0478961,0.169,-0.071,-0.002,0.009,258.641,259.412,256.026
1780890119.0618088,0.338,-0.214,-0.002,0.009,258.628,259.454,255.999
1780890119.076179,0.113,-0.071,-0.002,0.009,258.652,259.403,256.025
1780890119.086741,0.394,-0.214,-0.002,0.009,258.62,259.463,255.998
1780890119.1004758,0.225,0.0,-0.002,0.009,258.629,259.414,256.035
1780890119.1110551,0.056,-0.143,-0.002,0.009,258.671,259.4,256.009
1780890119.124515,0.394,-0.071,-0.002,0.009,258.609,259.45,256.021
1780890119.1646478,0.113,-0.071,-0.002,0.009,258.656,259.403,256.021
1780890119.1649332,0.225,0.0,-0.002,0.009,258.631,259.415,256.033
1780890119.1652539,0.282,-0.214,-0.002,0.009,258.643,259.446,255.993
1780890119.173323,0.056,-0.214,-0.002,0.009,258.68,259.408,255.993
1780890119.187747,0.0,-0.214,-0.002,0.009,258.688,259.399,255.993
1780890119.1983428,0.056,-0.286,-0.002,0.009,258.685,259.416,255.981
1780890119.212088,-0.056,-0.429,-0.002,0.009,258.716,259.41,255.956
1780890119.222592,0.113,-0.286,-0.002,0.009,258.674,259.425,255.983
1780890119.236862,0.169,-0.429,-0.002,0.009,258.678,259.448,255.957
1780890119.247401,0.169,-0.429,-0.002,0.009,258.678,259.447,255.958
1780890119.261322,0.0,-0.5,-0.002,0.009,258.711,259.425,255.947
1780890119.274894,-0.169,-0.571,-0.002,0.009,258.744,259.404,255.935
1780890119.2860749,-0.056,-0.429,-0.002,0.009,258.711,259.41,255.962
1780890119.299839,0.113,-0.5,-0.002,0.009,258.689,259.445,255.949
1780890119.310674,0.225,-0.714,-0.002,0.009,258.69,259.483,255.913
1780890119.324097,0.0,-0.643,-0.002,0.009,258.719,259.438,255.927
1780890119.334827,-0.225,-0.643,-0.002,0.009,258.755,259.401,255.928
1780890119.34909,0.056,-0.714,-0.002,0.009,258.714,259.454,255.916
1780890119.388116,-0.113,-0.786,-0.002,0.009,258.747,259.432,255.906
1780890119.388552,-0.056,-0.571,-0.002,0.009,258.717,259.421,255.945
1780890119.388818,0.169,-0.714,-0.002,0.009,258.693,259.472,255.92
1780890119.3980732,0.169,-0.786,-0.002,0.009,258.7,259.478,255.908
1780890119.4119859,0.0,-0.857,-0.002,0.009,258.734,259.455,255.897
1780890119.4224021,0.113,-0.714,-0.002,0.009,258.702,259.459,255.924
1780890119.436768,0.169,-0.714,-0.002,0.009,258.693,259.468,255.924
1780890119.450575,-0.113,-0.714,-0.002,0.009,258.739,259.421,255.925
1780890119.46105,-0.056,-0.5,-0.002,0.009,258.708,259.411,255.964
1780890119.474837,-0.169,-0.857,-0.002,0.009,258.76,259.427,255.899
1780890119.485976,-0.113,-0.571,-0.002,0.009,258.723,259.409,255.951
1780890119.499777,-0.169,-0.643,-0.002,0.009,258.738,259.407,255.938
1780890119.513473,-0.169,-0.429,-0.002,0.009,258.718,259.388,255.976
1780890119.523988,-0.113,-0.5,-0.002,0.009,258.715,259.405,255.962
1780890119.538302,-0.056,-0.357,-0.002,0.009,258.693,259.401,255.987
1780890119.5490181,0.169,-0.5,-0.002,0.009,258.671,259.452,255.959
1780890119.562718,-0.113,-0.357,-0.002,0.009,258.705,259.392,255.985
1780890119.600031,-0.113,-0.357,-0.002,0.009,258.705,259.393,255.984
1780890119.600447,0.056,-0.143,-0.002,0.009,258.657,259.401,256.021
1780890119.601036,0.0,-0.286,-0.002,0.009,258.681,259.408,255.992
1780890119.611628,-0.056,-0.429,-0.002,0.009,258.704,259.412,255.966
1780890119.6258829,0.056,-0.286,-0.002,0.009,258.672,259.417,255.991
1780890119.636387,-0.169,-0.357,-0.002,0.009,258.716,259.387,255.978
1780890119.650082,0.0,-0.143,-0.002,0.009,258.67,259.395,256.015
1780890119.66375,0.113,-0.071,-0.002,0.009,258.645,259.408,256.027
1780890119.674623,0.0,-0.643,-0.002,0.009,258.718,259.443,255.923
1780890119.688651,0.113,0.0,-0.002,0.009,258.639,259.4,256.039
1780890119.699281,0.0,-0.357,-0.002,0.009,258.694,259.416,255.973
1780890119.713193,0.225,-0.214,-0.002,0.009,258.643,259.439,255.998
1780890119.723571,0.169,-0.214,-0.002,0.009,258.654,259.43,255.998
1780890119.737897,0.113,-0.071,-0.002,0.009,258.65,259.406,256.023
1780890119.7482471,-0.225,-0.143,-0.002,0.009,258.714,259.357,256.009
1780890119.7621288,0.451,-0.214,-0.002,0.009,258.61,259.476,255.996
1780890119.7765,0.113,-0.214,-0.002,0.009,258.666,259.419,255.996
1780890119.814784,0.113,-0.214,-0.002,0.009,258.666,259.419,255.995
1780890119.815199,0.282,-0.071,-0.002,0.009,258.626,259.433,256.021
1780890119.815477,0.113,-0.357,-0.002,0.009,258.681,259.432,255.969
1780890119.825566,0.338,-0.357,-0.002,0.009,258.644,259.469,255.969
1780890119.8360372,0.113,0.0,-0.002,0.009,258.648,259.397,256.034
1780890119.849725,0.056,-0.214,-0.002,0.009,258.677,259.408,255.995
1780890119.863522,0.0,-0.571,-0.002,0.009,258.72,259.433,255.931
1780890119.8739352,0.225,-0.143,-0.002,0.009,258.642,259.43,256.009
1780890119.888284,0.113,-0.643,-0.002,0.009,258.707,259.458,255.919
1780890119.8990169,0.225,-0.286,-0.002,0.009,258.655,259.442,255.985
1780890119.912694,0.169,-0.571,-0.002,0.009,258.692,259.459,255.934
1780890119.9230561,0.0,-0.571,-0.002,0.009,258.718,259.431,255.935
1780890119.9374158,0.056,-0.714,-0.002,0.009,258.721,259.454,255.91
1780890119.9481149,0.169,-0.714,-0.002,0.009,258.702,259.472,255.912
1780890119.961726,-0.282,-0.714,-0.002,0.009,258.774,259.396,255.914
1780890119.9760919,0.056,-0.786,-0.002,0.009,258.724,259.46,255.902
1780890119.986688,0.0,-0.786,-0.002,0.009,258.732,259.45,255.904
1780890120.000233,0.056,-0.643,-0.002,0.009,258.709,259.445,255.93
1780890120.040392,0.056,-0.643,-0.002,0.009,258.707,259.446,255.931
1780890120.040843,-0.056,-0.786,-0.002,0.009,258.738,259.441,255.906
1780890120.041186,-0.282,-0.786,-0.002,0.009,258.774,259.404,255.907
1780890120.0494049,-0.056,-0.714,-0.002,0.009,258.728,259.437,255.92
1780890120.06318,-0.113,-0.857,-0.002,0.009,258.75,259.441,255.895
1780890120.0735722,0.0,-0.714,-0.002,0.009,258.718,259.446,255.922
1780890120.088017,-0.113,-0.786,-0.002,0.009,258.743,259.433,255.909
1780890120.098469,-0.169,-0.571,-0.002,0.009,258.731,259.404,255.948
1780890120.112192,-0.113,-0.571,-0.002,0.009,258.722,259.414,255.948
1780890120.12677,-0.113,-0.5,-0.002,0.009,258.715,259.407,255.96
1780890120.1372008,-0.056,-0.929,-0.002,0.009,258.746,259.458,255.883
1780890120.150817,0.169,-1.0,-0.002,0.009,258.714,259.5,255.873
1780890120.161528,-0.113,-0.786,-0.002,0.009,258.74,259.432,255.913
1780890120.175773,-0.113,-0.643,-0.002,0.009,258.727,259.418,255.939
1780890120.1894872,-0.056,-0.643,-0.002,0.009,258.717,259.428,255.938
1780890120.200091,-0.113,-0.714,-0.002,0.009,258.734,259.426,255.925
1780890120.2136939,0.169,-0.643,-0.002,0.009,258.681,259.466,255.938
1780890120.2525408,0.056,-0.643,-0.002,0.009,258.7,259.446,255.937
1780890120.252842,0.0,-0.714,-0.002,0.009,258.717,259.444,255.924
1780890120.2530959,0.113,-0.571,-0.002,0.009,258.685,259.45,255.949
1780890120.2626848,0.0,-0.643,-0.002,0.009,258.71,259.438,255.936
1780890120.2772071,0.169,-0.429,-0.002,0.009,258.663,259.445,255.974
1780890120.287782,0.113,-0.357,-0.002,0.009,258.667,259.429,255.986
1780890120.3015301,0.169,-0.429,-0.002,0.009,258.666,259.444,255.973
1780890120.3119512,0.113,-0.286,-0.002,0.009,258.663,259.421,255.997
1780890120.326383,0.0,-0.071,-0.002,0.009,258.662,259.382,256.034
1780890120.336851,0.0,-0.571,-0.002,0.009,258.71,259.431,255.943
1780890120.3505678,0.169,-0.357,-0.002,0.009,258.663,259.439,255.979
1780890120.361113,0.113,-0.214,-0.002,0.009,258.66,259.416,256.004
1780890120.3748312,-0.056,-0.357,-0.002,0.009,258.702,259.402,255.977
1780890120.38918,0.338,-0.286,-0.002,0.009,258.631,259.461,255.99
1780890120.400168,0.282,-0.214,-0.002,0.009,258.635,259.444,256.002
1780890120.413307,0.282,-0.571,-0.002,0.009,258.669,259.478,255.937
1780890120.424177,0.113,-0.214,-0.002,0.009,258.664,259.415,256.002
1780890120.438464,-0.056,-0.571,-0.002,0.009,258.725,259.422,255.937
1780890120.475353,0.113,-0.286,-0.002,0.009,258.671,259.423,255.987
1780890120.475829,-0.056,-0.143,-0.002,0.009,258.686,259.382,256.012
1780890120.477126,0.169,-0.643,-0.002,0.009,258.696,259.468,255.922
1780890120.487457,0.113,-0.357,-0.002,0.009,258.678,259.431,255.974
1780890120.501277,-0.056,-0.357,-0.002,0.009,258.705,259.403,255.974
1780890120.511702,0.056,-0.643,-0.002,0.009,258.712,259.45,255.923
1780890120.52622,0.169,-0.286,-0.002,0.009,258.66,259.434,255.988
1780890120.536745,0.169,-0.357,-0.002,0.009,258.668,259.441,255.974
1780890120.550595,-0.282,-0.357,-0.002,0.009,258.742,259.365,255.975
1780890120.564167,0.0,-0.571,-0.002,0.009,258.714,259.434,255.936
1780890120.574868,0.0,-0.429,-0.002,0.009,258.7,259.42,255.962
1780890120.589083,-0.169,-0.643,-0.002,0.009,258.748,259.413,255.924
1780890120.5996969,0.0,-0.714,-0.002,0.009,258.726,259.448,255.912
1780890120.613288,-0.113,-0.643,-0.002,0.009,258.736,259.422,255.926
1780890120.624104,0.169,-0.786,-0.002,0.009,258.703,259.482,255.901
1780890120.6382048,0.113,-0.714,-0.002,0.009,258.706,259.465,255.915
1780890120.651926,0.113,-0.643,-0.002,0.009,258.699,259.456,255.93
1780890120.690451,0.282,-0.786,-0.002,0.009,258.685,259.497,255.904
1780890120.690884,0.169,-0.857,-0.002,0.009,258.71,259.484,255.893
1780890120.691231,0.169,-0.786,-0.002,0.009,258.703,259.476,255.906
1780890120.701159,-0.113,-0.857,-0.002,0.009,258.755,259.436,255.895
1780890120.711738,0.113,-0.857,-0.002,0.009,258.717,259.474,255.896
1780890120.726193,0.282,-0.571,-0.002,0.009,258.663,259.474,255.947
1780890120.739928,-0.113,-0.786,-0.002,0.009,258.748,259.429,255.909
1780890120.750516,0.113,-0.357,-0.002,0.009,258.671,259.426,255.984
1780890120.764089,-0.225,-0.5,-0.002,0.009,258.74,259.385,255.957
1780890120.774747,-0.056,-0.643,-0.002,0.009,258.725,259.428,255.931
1780890120.7890592,-0.056,-0.571,-0.002,0.009,258.718,259.421,255.944
1780890120.802979,-0.056,-0.429,-0.002,0.009,258.705,259.408,255.969
1780890120.8134232,0.0,-0.5,-0.002,0.009,258.703,259.425,255.955
1780890120.827529,0.0,-0.429,-0.002,0.009,258.696,259.418,255.968
1780890120.838208,0.0,-0.429,-0.002,0.009,258.696,259.419,255.967
1780890120.851532,0.0,-0.571,-0.002,0.009,258.711,259.433,255.94
1780890120.862345,0.056,-0.214,-0.002,0.009,258.668,259.408,256.004
1780890120.876846,-0.113,-0.143,-0.002,0.009,258.689,259.374,256.016
1780890120.9176378,0.0,-0.214,-0.002,0.009,258.678,259.401,256.001
1780890120.918001,0.169,-0.286,-0.002,0.009,258.659,259.436,255.987
1780890120.918356,0.113,-0.429,-0.002,0.009,258.682,259.44,255.96
1780890120.9254808,0.338,-0.214,-0.002,0.009,258.626,259.457,255.999
1780890120.9393542,-0.169,-0.143,-0.002,0.009,258.703,259.366,256.011
1780890120.949861,0.169,-0.286,-0.002,0.009,258.661,259.436,255.984
1780890120.963368,0.113,-0.429,-0.002,0.009,258.685,259.44,255.958
1780890120.974006,0.0,-0.071,-0.002,0.009,258.67,259.387,256.022
1780890120.988384,0.113,-0.286,-0.002,0.009,258.672,259.427,255.983
1780890121.0021272,0.0,-0.357,-0.002,0.009,258.697,259.415,255.97
1780890121.0127811,0.113,-0.214,-0.002,0.009,258.665,259.42,255.996
1780890121.027209,0.113,-0.5,-0.002,0.009,258.692,259.448,255.944
1780890121.037538,0.113,-0.571,-0.002,0.009,258.699,259.454,255.932
1780890121.05136,0.169,-0.357,-0.002,0.009,258.669,259.442,255.971
1780890121.062032,0.282,-0.571,-0.002,0.009,258.671,259.48,255.933
1780890121.076417,0.169,-0.786,-0.002,0.009,258.71,259.481,255.895
1780890121.089843,0.113,-0.214,-0.002,0.009,258.665,259.417,255.999
1780890121.128581,0.113,-0.5,-0.002,0.009,258.691,259.444,255.948
1780890121.1289759,0.169,-0.643,-0.002,0.009,258.695,259.467,255.923
1780890121.129313,0.0,-0.429,-0.002,0.009,258.703,259.418,255.962
1780890121.1387808,0.169,-0.357,-0.002,0.009,258.668,259.44,255.974
1780890121.149419,-0.056,-0.643,-0.002,0.009,258.732,259.429,255.923
1780890121.163105,-0.113,-0.643,-0.002,0.009,258.74,259.42,255.924
1780890121.1776261,0.0,-0.571,-0.002,0.009,258.714,259.433,255.938
1780890121.1879292,-0.113,-0.5,-0.002,0.009,258.725,259.407,255.951
1780890121.20161,-0.056,-0.286,-0.002,0.009,258.694,259.397,255.99
1780890121.212197,0.0,-0.786,-0.002,0.009,258.731,259.455,255.9
1780890121.226597,-0.056,-0.929,-0.002,0.009,258.753,259.459,255.876
1780890121.237029,-0.169,-0.5,-0.002,0.009,258.73,259.399,255.954
1780890121.2508879,0.169,-0.786,-0.002,0.009,258.701,259.483,255.902
1780890121.2644968,-0.113,-0.857,-0.002,0.009,258.754,259.442,255.89
1780890121.275895,-0.113,-0.714,-0.002,0.009,258.74,259.428,255.917
1780890121.2894368,-0.056,-0.714,-0.002,0.009,258.73,259.438,255.917
1780890121.300128,-0.169,-0.5,-0.002,0.009,258.726,259.4,255.956
1780890121.3137531,0.169,-0.5,-0.002,0.009,258.671,259.456,255.956
1780890121.351669,-0.113,-0.571,-0.002,0.009,258.725,259.416,255.942
1780890121.352032,0.113,-0.5,-0.002,0.009,258.681,259.447,255.955
1780890121.352364,0.113,-0.214,-0.002,0.009,258.656,259.419,256.005
1780890121.362793,0.056,-0.643,-0.002,0.009,258.707,259.451,255.927
1780890121.3772302,0.113,-0.714,-0.002,0.009,258.704,259.466,255.915
1780890121.387767,-0.113,-0.429,-0.002,0.009,258.714,259.401,255.966
1780890121.4015439,0.113,-0.643,-0.002,0.009,258.698,259.459,255.927
1780890121.415932,-0.113,-0.5,-0.002,0.009,258.722,259.408,255.953
1780890121.426611,0.169,-0.643,-0.002,0.009,258.689,259.469,255.927
1780890121.440232,0.056,-0.286,-0.002,0.009,258.674,259.416,255.991
1780890121.450785,0.169,-0.357,-0.002,0.009,258.665,259.441,255.977
1780890121.464472,0.169,-0.429,-0.002,0.009,258.672,259.448,255.963
1780890121.475738,0.0,-0.571,-0.002,0.009,258.714,259.433,255.937
1780890121.489485,0.0,-0.5,-0.002,0.009,258.707,259.427,255.95
1780890121.503115,-0.056,-0.071,-0.002,0.009,258.676,259.377,256.027
1780890121.513686,-0.113,0.071,-0.002,0.009,258.672,259.355,256.05
1780890121.5279958,0.056,-0.214,-0.002,0.009,258.672,259.412,255.997
1780890121.566495,0.113,-0.143,-0.002,0.009,258.657,259.415,256.009
1780890121.566863,0.169,-0.429,-0.002,0.009,258.676,259.452,255.956
1780890121.5671868,0.169,-0.143,-0.002,0.009,258.649,259.424,256.007
1780890121.577128,0.0,-0.214,-0.002,0.009,258.684,259.403,255.994
1780890121.587553,0.169,-0.357,-0.002,0.009,258.67,259.445,255.967
1780890121.601321,0.113,-0.071,-0.002,0.009,258.652,259.408,256.019
1780890121.615689,0.282,-0.214,-0.002,0.009,258.639,259.45,255.992
1780890121.626188,0.169,-0.357,-0.002,0.009,258.672,259.444,255.966
1780890121.639748,0.338,-0.357,-0.002,0.009,258.645,259.472,255.967
1780890121.650645,0.169,-0.571,-0.002,0.009,258.693,259.463,255.929
1780890121.664261,0.169,-0.429,-0.002,0.009,258.679,259.449,255.955
1780890121.674788,0.056,-0.286,-0.002,0.009,258.684,259.417,255.981
1780890121.68913,0.169,-0.286,-0.002,0.009,258.665,259.436,255.981
1780890121.7027252,0.113,-0.429,-0.002,0.009,258.687,259.44,255.956
1780890121.7131982,0.056,-0.143,-0.002,0.009,258.669,259.404,256.007
1780890121.7277608,0.0,-0.357,-0.002,0.009,258.699,259.416,255.968
1780890121.738173,0.056,-0.571,-0.002,0.009,258.709,259.446,255.93
1780890121.7519202,0.169,-0.643,-0.002,0.009,258.698,259.471,255.917
1780890121.7901099,0.113,-0.357,-0.002,0.009,258.68,259.433,255.969
1780890121.790571,0.169,-0.5,-0.002,0.009,258.684,259.456,255.944
1780890121.790902,0.169,-0.286,-0.002,0.009,258.664,259.435,255.982
1780890121.801103,0.169,-0.429,-0.002,0.009,258.677,259.449,255.957
1780890121.814719,-0.113,-0.643,-0.002,0.009,258.743,259.423,255.919
1780890121.825849,-0.113,-0.786,-0.002,0.009,258.755,259.437,255.894
1780890121.839583,0.113,-0.786,-0.002,0.009,258.717,259.474,255.896
1780890121.850079,-0.056,-0.643,-0.002,0.009,258.73,259.432,255.923
1780890121.86394,0.113,-0.857,-0.002,0.009,258.722,259.48,255.885
1780890121.8784761,0.113,-0.643,-0.002,0.009,258.701,259.459,255.925
1780890121.888824,0.169,-0.643,-0.002,0.009,258.692,259.468,255.925
1780890121.902623,0.113,-0.714,-0.002,0.009,258.708,259.464,255.914
1780890121.9133592,0.169,-0.643,-0.002,0.009,258.692,259.466,255.927
1780890121.927681,-0.056,-0.571,-0.002,0.009,258.722,259.422,255.94
1780890121.9380128,-0.169,-0.571,-0.002,0.009,258.74,259.404,255.94
1780890121.951839,-0.225,-0.714,-0.002,0.009,258.763,259.408,255.914
1780890121.9661021,0.169,-0.643,-0.002,0.009,258.69,259.467,255.928
1780890122.004676,-0.056,-0.5,-0.002,0.009,258.714,259.416,255.953
1780890122.00502,0.113,-0.5,-0.002,0.009,258.687,259.445,255.951
1780890122.005337,-0.056,-0.286,-0.002,0.009,258.695,259.397,255.989
1780890122.01443,0.113,-0.5,-0.002,0.009,258.687,259.446,255.95
1780890122.025745,0.056,-0.429,-0.002,0.009,258.69,259.43,255.962
1780890122.039409,-0.056,-0.357,-0.002,0.009,258.703,259.406,255.973
1780890122.053129,-0.056,-0.429,-0.002,0.009,258.709,259.414,255.96
1780890122.063599,-0.056,-0.286,-0.002,0.009,258.696,259.401,255.985
1780890122.077997,0.282,-0.357,-0.002,0.009,258.648,259.464,255.971
1780890122.088539,0.0,-0.214,-0.002,0.009,258.682,259.403,255.996
1780890122.10221,-0.056,-0.143,-0.002,0.009,258.685,259.388,256.007
1780890122.112915,0.282,-0.286,-0.002,0.009,258.643,259.458,255.981
1780890122.127316,0.169,-0.143,-0.002,0.009,258.649,259.425,256.006
1780890122.140791,0.113,-0.214,-0.002,0.009,258.667,259.422,255.993
1780890122.1514292,0.0,-0.429,-0.002,0.009,258.705,259.424,255.954
1780890122.165777,0.169,-0.5,-0.002,0.009,258.684,259.459,255.941
1780890122.176457,-0.113,-0.5,-0.002,0.009,258.73,259.412,255.942
1780890122.190122,0.169,-0.429,-0.002,0.009,258.678,259.452,255.954
1780890122.2293482,-0.113,-0.214,-0.002,0.009,258.703,259.385,255.992
1780890122.2297978,0.113,-0.143,-0.002,0.009,258.66,259.416,256.004
1780890122.230137,0.225,-0.429,-0.002,0.009,258.669,259.462,255.952
1780890122.239207,0.056,-0.286,-0.002,0.009,258.683,259.42,255.979
1780890122.2528682,0.169,-0.5,-0.002,0.009,258.685,259.459,255.94
1780890122.263437,0.282,-0.357,-0.002,0.009,258.653,259.463,255.966
1780890122.278042,0.169,-0.571,-0.002,0.009,258.692,259.464,255.928
1780890122.288468,0.225,-0.5,-0.002,0.009,258.677,259.465,255.942
1780890122.302207,0.056,-0.571,-0.002,0.009,258.711,259.443,255.93
1780890122.316656,0.113,-0.571,-0.002,0.009,258.701,259.453,255.931
1780890122.327289,0.056,-0.429,-0.002,0.009,258.696,259.43,255.957
1780890122.340864,0.169,-0.571,-0.002,0.009,258.69,259.462,255.932
1780890122.3513558,0.0,-0.714,-0.002,0.009,258.731,259.448,255.907
1780890122.365879,-0.338,-0.429,-0.001,0.009,258.758,259.365,255.959
1780890122.3766882,-0.113,-0.5,-0.002,0.009,258.727,259.411,255.946
1780890122.3901691,-0.169,-0.571,-0.002,0.009,258.74,259.41,255.933
1780890122.403821,-0.225,-0.571,-0.002,0.009,258.748,259.402,255.934
1780890122.442626,-0.225,-0.5,-0.002,0.009,258.741,259.395,255.947
1780890122.443011,-0.056,-0.571,-0.002,0.009,258.719,259.431,255.934
1780890122.44334,0.113,-0.5,-0.002,0.009,258.684,259.452,255.948
1780890122.452683,-0.056,-0.643,-0.002,0.009,258.726,259.437,255.922
1780890122.467084,-0.113,-0.5,-0.002,0.009,258.721,259.414,255.948
1780890122.477601,-0.225,-0.714,-0.002,0.009,258.759,259.416,255.91
1780890122.491211,-0.113,-0.429,-0.002,0.009,258.713,259.407,255.963
1780890122.501788,0.0,-0.5,-0.002,0.009,258.701,259.433,255.95
1780890122.516103,0.113,-0.429,-0.002,0.009,258.677,259.444,255.962
1780890122.5269709,0.056,-0.714,-0.002,0.009,258.714,259.462,255.91
1780890122.540535,-0.113,-0.714,-0.002,0.009,258.741,259.434,255.911
1780890122.55416,0.282,-0.714,-0.002,0.009,258.676,259.499,255.911
1780890122.5648699,0.282,-0.357,-0.002,0.009,258.644,259.463,255.976
1780890122.579144,0.169,-0.786,-0.002,0.009,258.704,259.484,255.898
1780890122.589799,0.0,-0.643,-0.002,0.009,258.72,259.441,255.924
1780890122.603564,0.113,-0.143,-0.002,0.009,258.654,259.412,256.013
1780890122.6140878,0.113,-0.429,-0.002,0.009,258.682,259.44,255.96
1780890122.628494,0.282,-0.429,-0.002,0.009,258.655,259.468,255.96
1780890122.666314,0.113,-0.429,-0.002,0.009,258.684,259.439,255.96
1780890122.666595,0.169,-0.071,-0.002,0.009,258.642,259.414,256.023
1780890122.667068,0.282,-0.5,-0.002,0.009,258.665,259.474,255.945
1780890122.677641,0.169,-0.357,-0.002,0.009,258.67,259.442,255.971
1780890122.6912909,0.113,-0.214,-0.002,0.009,258.666,259.419,255.995
1780890122.701893,-0.169,-0.143,-0.002,0.009,258.706,259.367,256.007
1780890122.716376,0.0,-0.286,-0.002,0.009,258.691,259.41,255.98
1780890122.729866,-0.113,-0.214,-0.002,0.009,258.703,259.386,255.992
1780890122.7403982,0.169,-0.357,-0.002,0.009,258.67,259.446,255.966
1780890122.754048,0.0,-0.357,-0.002,0.009,258.698,259.418,255.966
1780890122.764692,0.113,-0.357,-0.002,0.009,258.679,259.437,255.966
1780890122.778816,0.0,-0.071,-0.002,0.009,258.671,259.391,256.017
1780890122.789511,0.0,-0.357,-0.002,0.009,258.699,259.42,255.964
1780890122.803169,0.113,-0.5,-0.002,0.009,258.694,259.452,255.939
1780890122.813539,0.169,-0.357,-0.002,0.009,258.671,259.447,255.965
1780890122.82815,-0.056,-0.643,-0.002,0.009,258.735,259.437,255.914
1780890122.8416798,0.0,-0.286,-0.002,0.009,258.691,259.412,255.978
1780890122.8801641,0.169,-0.5,-0.002,0.009,258.684,259.461,255.94
1780890122.8805308,0.338,-0.643,-0.002,0.009,258.67,259.501,255.915
1780890122.880862,-0.169,-0.286,-0.002,0.009,258.719,259.382,255.98
1780890122.890774,0.169,-0.5,-0.002,0.009,258.684,259.459,255.942
1780890122.901322,-0.113,-0.357,-0.002,0.009,258.716,259.398,255.968
1780890122.9157472,0.113,-0.357,-0.002,0.009,258.679,259.436,255.967
1780890122.9294488,0.169,-0.786,-0.002,0.009,258.71,259.486,255.891
1780890122.939986,0.169,-0.429,-0.002,0.009,258.676,259.452,255.955
1780890122.953711,0.113,-0.714,-0.002,0.009,258.712,259.47,255.904
1780890122.964376,0.169,-0.643,-0.002,0.009,258.696,259.471,255.918
1780890122.9788082,0.0,-0.643,-0.002,0.009,258.723,259.443,255.919
1780890122.989297,-0.113,-0.643,-0.002,0.009,258.741,259.424,255.92
1780890123.0030458,0.113,-0.643,-0.002,0.009,258.703,259.461,255.921
1780890123.017534,0.056,-0.357,-0.002,0.009,258.686,259.424,255.972
1780890123.028138,-0.056,-0.429,-0.002,0.009,258.711,259.413,255.958
1780890123.041672,0.0,-0.643,-0.002,0.009,258.721,259.442,255.922
1780890123.052274,-0.056,-0.571,-0.002,0.009,258.723,259.426,255.935
1780890123.066431,-0.113,-0.286,-0.002,0.009,258.705,259.39,255.986
1780890123.1047091,0.0,-0.714,-0.002,0.009,258.727,259.451,255.908
1780890123.105142,0.113,-0.643,-0.002,0.009,258.702,259.463,255.92
1780890123.1054778,0.0,-0.214,-0.002,0.009,258.68,259.403,255.997
1780890123.1154869,-0.056,-0.429,-0.002,0.009,258.71,259.415,255.958
1780890123.129169,0.169,-0.357,-0.002,0.009,258.667,259.446,255.97
1780890123.1397529,-0.113,-0.5,-0.002,0.009,258.726,259.414,255.943
1780890123.153436,-0.056,-0.571,-0.002,0.009,258.723,259.43,255.931
1780890123.167734,0.169,-0.5,-0.002,0.009,258.679,259.461,255.944
1780890123.1783779,-0.338,-0.643,-0.002,0.009,258.776,259.39,255.918
1780890123.1923242,0.0,-0.714,-0.002,0.009,258.727,259.454,255.905
1780890123.202545,0.169,-0.571,-0.002,0.009,258.685,259.467,255.932
1780890123.2169018,-0.113,-0.5,-0.002,0.009,258.725,259.413,255.945
1780890123.227453,0.0,-0.143,-0.002,0.009,258.673,259.399,256.009
1780890123.2412102,-0.169,-0.643,-0.002,0.009,258.747,259.42,255.917
1780890123.255439,-0.056,-0.357,-0.002,0.009,258.701,259.412,255.969
1780890123.266477,0.056,-0.5,-0.002,0.009,258.697,259.444,255.943
1780890123.279814,0.169,-0.357,-0.002,0.009,258.665,259.449,255.969
1780890123.318308,0.113,-0.357,-0.002,0.009,258.676,259.439,255.967
1780890123.3187609,0.169,-0.5,-0.002,0.009,258.681,259.462,255.941
1780890123.31909,-0.056,-0.5,-0.002,0.009,258.718,259.424,255.941
1780890123.328894,0.225,-0.571,-0.002,0.009,258.679,259.477,255.929
1780890123.342686,0.282,-0.5,-0.002,0.009,258.663,259.478,255.943
1780890123.35328,0.169,-0.643,-0.002,0.009,258.696,259.472,255.918
1780890123.36759,0.169,-0.143,-0.002,0.009,258.649,259.424,256.008
1780890123.37813,0.338,-0.5,-0.002,0.009,258.656,259.486,255.942
1780890123.3917062,0.225,-0.643,-0.002,0.009,258.689,259.479,255.918
1780890123.402158,0.169,-0.429,-0.002,0.009,258.678,259.449,255.957
1780890123.416687,0.169,-0.571,-0.002,0.009,258.691,259.462,255.931
1780890123.4271302,0.0,-0.5,-0.002,0.009,258.712,259.427,255.944
1780890123.440931,0.113,-0.5,-0.002,0.009,258.693,259.447,255.944
1780890123.454697,-0.056,-0.5,-0.002,0.009,258.72,259.419,255.944
1780890123.4660969,0.056,-0.643,-0.002,0.009,258.715,259.452,255.918
1780890123.4796438,0.169,-0.786,-0.002,0.009,258.709,259.484,255.893
1780890123.4901,0.0,-0.5,-0.002,0.009,258.709,259.429,255.945
1780890123.503788,-0.338,-0.643,-0.001,0.009,258.777,259.387,255.92
1780890123.542202,-0.113,-0.429,-0.002,0.009,258.719,259.406,255.958
1780890123.5426502,0.113,-0.571,-0.002,0.009,258.695,259.457,255.932
1780890123.5429919,0.056,-0.5,-0.002,0.009,258.698,259.441,255.945
1780890123.552691,-0.113,-0.643,-0.002,0.009,258.739,259.427,255.919
1780890123.567222,-0.113,-0.429,-0.002,0.009,258.718,259.407,255.958
1780890123.5776691,-0.056,-0.5,-0.002,0.009,258.715,259.423,255.945
1780890123.591316,-0.113,-0.643,-0.002,0.009,258.737,259.429,255.919
1780890123.605697,-0.282,-0.643,-0.002,0.009,258.764,259.402,255.919
1780890123.6164212,-0.113,-0.429,-0.002,0.009,258.715,259.41,255.958
1780890123.63043,0.113,-0.429,-0.002,0.009,258.678,259.448,255.957
1780890123.6405902,0.056,-0.286,-0.002,0.009,258.675,259.425,255.982
1780890123.6543202,0.225,-0.571,-0.002,0.009,258.675,259.48,255.93
1780890123.6656342,0.169,-0.286,-0.002,0.009,258.658,259.442,255.981
1780890123.679512,0.169,-0.286,-0.002,0.009,258.66,259.442,255.98
1780890123.693129,0.056,-0.286,-0.002,0.009,258.679,259.423,255.979
1780890123.703625,0.282,-0.071,-0.002,0.009,258.623,259.44,256.017
1780890123.717966,0.113,-0.571,-0.002,0.009,258.699,259.46,255.926
1780890123.7577238,0.169,-0.071,-0.002,0.009,258.645,259.42,256.015
1780890123.758157,0.394,-0.5,-0.002,0.009,258.649,259.498,255.937
1780890123.758485,0.113,-0.357,-0.002,0.009,258.682,259.437,255.963
1780890123.7668722,0.225,-0.429,-0.002,0.009,258.671,259.462,255.95
1780890123.780489,0.0,-0.571,-0.002,0.009,258.721,259.438,255.925
1780890123.791164,0.0,-0.571,-0.002,0.009,258.72,259.438,255.926
1780890123.805291,0.169,-0.643,-0.002,0.009,258.698,259.473,255.914
1780890123.816013,0.169,-0.643,-0.002,0.009,258.698,259.473,255.914
1780890123.829823,0.169,-0.643,-0.002,0.009,258.698,259.473,255.914
1780890123.840385,-1.296,0.714,-0.0,0.008,258.888,259.027,256.155
1780890123.85407,-0.958,1.286,-0.001,0.008,258.769,259.044,256.253
1780890123.864655,-0.676,1.571,-0.001,0.008,258.689,259.078,256.297
