Timestamp,x_err,y_err,x_out,y_out,a_theta,b_theta,c_theta
1781332683.943716,0.0,0.0,0.0,0.0,258.008,258.008,258.008
1781332684.081905,0.0,0.0,0.0,0.0,258.008,258.008,258.008
1781332684.142706,0.0,0.0,0.0,0.0,258.008,258.008,258.008
1781332684.1429582,0.0,0.0,0.0,0.0,258.008,258.008,258.008
1781332684.143183,0.0,0.0,0.0,0.0,258.008,258.008,258.008
1781332684.143408,0.0,0.0,0.0,0.0,258.008,258.008,258.008
1781332684.143629,0.0,0.0,0.0,0.0,258.008,258.008,258.008
1781332684.1438458,0.0,0.0,0.0,0.0,258.008,258.008,258.008
1781332684.144062,0.0,0.0,0.0,0.0,258.008,258.008,258.008
1781332684.14428,0.0,0.0,0.0,0.0,258.008,258.008,258.008
1781332684.1444979,0.0,0.0,0.0,0.0,258.008,258.008,258.008
1781332684.1447191,0.0,0.0,0.0,0.0,258.008,258.008,258.008
1781332684.144942,0.0,0.0,0.0,0.0,258.008,258.008,258.008
1781332684.145164,0.0,0.0,0.0,0.0,258.008,258.008,258.008
1781332684.145385,0.0,0.0,0.0,0.0,258.008,258.008,258.008
1781332684.14993,0.0,0.0,0.0,0.0,258.008,258.008,258.008
1781332684.164704,0.0,0.0,0.0,0.0,258.008,258.008,258.008
1781332684.1788878,0.0,0.0,0.0,0.0,258.008,258.008,258.008
1781332684.190549,0.0,0.0,0.0,0.0,258.008,258.008,258.008
1781332684.222039,0.0,0.0,0.0,0.0,258.008,258.008,258.008
1781332684.222273,0.0,0.0,0.0,0.0,258.008,258.008,258.008
1781332684.231168,0.0,0.0,0.0,0.0,258.008,258.008,258.008
1781332684.2459211,0.0,0.0,0.0,0.0,258.008,258.008,258.008
1781332684.256788,0.0,0.0,0.0,0.0,258.008,258.008,258.008
1781332684.271785,0.0,0.0,0.0,0.0,258.008,258.008,258.008
1781332684.286601,0.0,0.0,0.0,0.0,258.008,258.008,258.008
1781332684.297566,0.0,0.0,0.0,0.0,258.008,258.008,258.008
1781332684.3123462,0.0,0.0,0.0,0.0,258.008,258.008,258.008
1781332684.327162,0.0,0.0,0.0,0.0,258.008,258.008,258.008
1781332684.338166,0.0,0.0,0.0,0.0,258.008,258.008,258.008
1781332684.352896,0.0,0.0,0.0,0.0,258.008,258.008,258.008
1781332684.363976,0.0,0.0,0.0,0.0,258.008,258.008,258.008
1781332684.378762,0.0,0.0,0.0,0.0,258.008,258.008,258.008
1781332684.3936288,0.0,0.0,0.0,0.0,258.008,258.008,258.008
1781332684.40539,0.0,0.0,0.0,0.0,258.008,258.008,258.008
1781332684.437237,0.0,0.0,0.0,0.0,258.008,258.008,258.008
1781332684.437582,0.0,0.0,0.0,0.0,258.008,258.008,258.008
1781332684.445809,0.0,0.0,0.0,0.0,258.008,258.008,258.008
1781332684.460609,0.0,0.0,0.0,0.0,258.008,258.008,258.008
1781332684.4716,0.0,0.0,0.0,0.0,258.008,258.008,258.008
1781332684.486397,0.0,0.0,0.0,0.0,258.008,258.008,258.008
1781332684.50127,0.0,0.0,0.0,0.0,258.008,258.008,258.008
1781332684.512179,0.0,0.0,0.0,0.0,258.008,258.008,258.008
1781332684.527047,0.0,0.0,0.0,0.0,258.008,258.008,258.008
1781332684.541891,0.0,0.0,0.0,0.0,258.008,258.008,258.008
1781332684.552974,0.0,0.0,0.0,0.0,258.008,258.008,258.008
1781332684.567872,0.0,0.0,0.0,0.0,258.008,258.008,258.008
1781332684.578946,0.0,0.0,0.0,0.0,258.008,258.008,258.008
1781332684.593599,0.0,0.0,0.0,0.0,258.008,258.008,258.008
1781332684.608284,0.0,0.0,0.0,0.0,258.008,258.008,258.008
1781332684.620173,0.0,0.0,0.0,0.0,258.008,258.008,258.008
1781332684.663549,0.0,0.0,0.0,0.0,258.008,258.008,258.008
1781332684.6640341,0.0,0.0,0.0,0.0,258.008,258.008,258.008
1781332684.664361,0.0,0.0,0.0,0.0,258.008,258.008,258.008
1781332684.675284,0.0,0.0,0.0,0.0,258.008,258.008,258.008
1781332684.686322,0.0,0.0,0.0,0.0,258.008,258.008,258.008
1781332684.701092,0.0,0.0,0.0,0.0,258.008,258.008,258.008
1781332684.715729,0.0,0.0,0.0,0.0,258.008,258.008,258.008
1781332684.7267358,0.0,0.0,0.0,0.0,258.008,258.008,258.008
1781332684.741694,0.0,0.0,0.0,0.0,258.008,258.008,258.008
1781332684.756418,0.0,0.0,0.0,0.0,258.008,258.008,258.008
1781332684.767699,0.0,0.0,0.0,0.0,258.008,258.008,258.008
1781332684.7824798,0.0,0.0,0.0,0.0,258.008,258.008,258.008
1781332684.793494,0.0,0.0,0.0,0.0,258.008,258.008,258.008
1781332684.808347,0.0,0.0,0.0,0.0,258.008,258.008,258.008
1781332684.822954,0.0,0.0,0.0,0.0,258.008,258.008,258.008
1781332684.8343701,0.0,0.0,0.0,0.0,258.008,258.008,258.008
1781332684.8770728,0.0,0.0,0.0,0.0,258.008,258.008,258.008
1781332684.877474,0.0,0.0,0.0,0.0,258.008,258.008,258.008
1781332684.877846,0.0,0.0,0.0,0.0,258.008,258.008,258.008
1781332684.8898308,0.0,0.0,0.0,0.0,258.008,258.008,258.008
1781332684.900967,0.0,0.0,0.0,0.0,258.008,258.008,258.008
1781332684.915694,0.0,0.0,0.0,0.0,258.008,258.008,258.008
1781332684.930441,0.0,0.0,0.0,0.0,258.008,258.008,258.008
1781332684.941538,0.0,0.0,0.0,0.0,258.008,258.008,258.008
1781332684.95632,0.0,0.0,0.0,0.0,258.008,258.008,258.008
1781332684.9712598,0.0,0.0,0.0,0.0,258.008,258.008,258.008
1781332684.982135,0.0,0.0,0.0,0.0,258.008,258.008,258.008
1781332684.996927,0.0,0.0,0.0,0.0,258.008,258.008,258.008
1781332685.0082428,0.0,0.0,0.0,0.0,258.008,258.008,258.008
1781332685.022634,0.0,0.0,0.0,0.0,258.008,258.008,258.008
1781332685.038024,0.0,0.0,0.0,0.0,258.008,258.008,258.008
1781332685.0486982,0.0,0.0,0.0,0.0,258.008,258.008,258.008
1781332685.091955,0.0,0.0,0.0,0.0,258.008,258.008,258.008
1781332685.0923991,0.0,0.0,0.0,0.0,258.008,258.008,258.008
1781332685.0927281,0.0,0.0,0.0,0.0,258.008,258.008,258.008
1781332685.1037152,0.0,0.0,0.0,0.0,258.008,258.008,258.008
1781332685.1153762,0.0,0.0,0.0,0.0,258.008,258.008,258.008
1781332685.1301801,0.0,0.0,0.0,0.0,258.008,258.008,258.008
1781332685.145025,0.0,0.0,0.0,0.0,258.008,258.008,258.008
1781332685.156033,0.0,0.0,0.0,0.0,258.008,258.008,258.008
1781332685.170895,0.0,0.0,0.0,0.0,258.008,258.008,258.008
1781332685.185659,0.0,0.0,0.0,0.0,258.008,258.008,258.008
1781332685.196812,0.0,0.0,0.0,0.0,258.008,258.008,258.008
1781332685.2116852,0.0,0.0,0.0,0.0,258.008,258.008,258.008
1781332685.222699,0.0,0.0,0.0,0.0,258.008,258.008,258.008
1781332685.237577,0.0,0.0,0.0,0.0,258.008,258.008,258.008
1781332685.2521431,0.0,0.0,0.0,0.0,258.008,258.008,258.008
1781332685.2633228,0.0,0.0,0.0,0.0,258.008,258.008,258.008
1781332685.308367,0.0,0.0,0.0,0.0,258.008,258.008,258.008
1781332685.308804,0.0,0.0,0.0,0.0,258.008,258.008,258.008
1781332685.309111,0.0,0.0,0.0,0.0,258.008,258.008,258.008
1781332685.3184,0.0,0.0,0.0,0.0,258.008,258.008,258.008
1781332685.3299909,0.0,0.0,0.0,0.0,258.008,258.008,258.008
1781332685.344791,0.0,0.0,0.0,0.0,258.008,258.008,258.008
1781332685.358988,0.0,0.0,0.0,0.0,258.008,258.008,258.008
1781332685.370968,0.0,0.0,0.0,0.0,258.008,258.008,258.008
1781332685.38545,0.0,0.0,0.0,0.0,258.008,258.008,258.008
1781332685.4003232,0.0,0.0,0.0,0.0,258.008,258.008,258.008
1781332685.41143,0.0,0.0,0.0,0.0,258.008,258.008,258.008
1781332685.426174,0.0,0.0,0.0,0.0,258.008,258.008,258.008
1781332685.437463,0.0,0.0,0.0,0.0,258.008,258.008,258.008
1781332685.452119,0.0,0.0,0.0,0.0,258.008,258.008,258.008
1781332685.466689,0.0,0.0,0.0,0.0,258.008,258.008,258.008
1781332685.477751,0.0,0.0,0.0,0.0,258.008,258.008,258.008
1781332685.521504,0.0,0.0,0.0,0.0,258.008,258.008,258.008
1781332685.521964,0.0,0.0,0.0,0.0,258.008,258.008,258.008
1781332685.5222888,0.0,0.0,0.0,0.0,258.008,258.008,258.008
1781332685.532897,0.0,0.0,0.0,0.0,258.008,258.008,258.008
1781332685.544044,0.0,0.0,0.0,0.0,258.008,258.008,258.008
1781332685.558828,0.0,0.0,0.0,0.0,258.008,258.008,258.008
1781332685.573538,0.0,0.0,0.0,0.0,258.008,258.008,258.008
1781332685.58532,0.0,0.0,0.0,0.0,258.008,258.008,258.008
1781332685.6002219,0.0,0.0,0.0,0.0,258.008,258.008,258.008
1781332685.614975,0.0,0.0,0.0,0.0,258.008,258.008,258.008
1781332685.626148,0.0,0.0,0.0,0.0,258.008,258.008,258.008
1781332685.640809,0.0,0.0,0.0,0.0,258.008,258.008,258.008
1781332685.6519392,0.0,0.0,0.0,0.0,258.008,258.008,258.008
1781332685.666728,0.0,0.0,0.0,0.0,258.008,258.008,258.008
1781332685.681664,0.0,0.0,0.0,0.0,258.008,258.008,258.008
1781332685.693144,54.986,0.143,0.061,0.0,271.857,246.985,257.915
1781332685.7377238,55.324,1.214,0.061,0.002,272.268,247.046,257.539
1781332685.738065,56.0,3.214,0.062,0.005,273.014,247.157,256.87
1781332685.738373,55.38,5.429,0.061,0.008,273.236,247.613,256.19
1781332685.749974,56.507,6.143,0.063,0.009,273.853,247.387,256.018
1781332685.764933,56.789,7.714,0.063,0.011,274.304,247.528,255.552
1781332685.776056,57.69,8.071,0.065,0.011,274.662,247.31,255.557
1781332685.790805,57.69,8.071,0.065,0.011,274.662,247.31,255.557
1781332685.8059468,57.69,8.071,0.065,0.011,274.662,247.31,255.557
1781332685.8172438,56.169,9.571,0.062,0.013,274.333,247.931,255.082
1781332685.832295,56.113,9.571,0.062,0.012,274.239,247.874,255.209
1781332685.8471391,55.437,9.429,0.061,0.012,273.876,247.99,255.324
1781332685.858542,55.437,9.429,0.061,0.012,273.876,247.99,255.324
1781332685.873625,52.845,8.571,0.057,0.01,272.568,248.496,255.669
1781332685.888573,50.873,7.071,0.055,0.008,271.512,248.696,256.206
1781332685.900459,49.915,6.143,0.054,0.006,271.009,248.745,256.523
1781332685.9157171,47.493,5.786,0.05,0.006,270.082,249.276,256.628
1781332685.9584022,46.423,5.643,0.049,0.006,269.783,249.46,256.651
1781332685.958854,43.887,5.357,0.046,0.005,268.89,250.014,256.73
1781332685.959192,40.732,5.214,0.042,0.005,267.834,250.749,256.761
1781332685.971982,38.366,5.357,0.039,0.006,267.284,251.224,256.687
1781332685.983179,36.789,5.571,0.038,0.006,266.941,251.562,256.601
1781332685.9980228,34.028,6.357,0.034,0.007,266.38,252.26,256.313
1781332686.009898,31.775,4.857,0.032,0.005,265.432,252.509,256.842
1781332686.024885,29.014,5.0,0.028,0.005,264.679,253.176,256.776
1781332686.03966,28.113,4.286,0.027,0.004,264.325,253.233,257.023
1781332686.0510988,24.282,4.0,0.022,0.004,263.176,254.122,257.099
1781332686.066049,21.07,3.643,0.018,0.004,262.275,254.806,257.198
1781332686.081141,18.31,3.571,0.015,0.004,261.603,255.402,257.197
1781332686.092587,15.38,3.5,0.012,0.004,260.886,256.049,257.202
1781332686.107449,12.338,3.857,0.008,0.004,260.227,256.805,257.055
1781332686.122506,9.07,3.714,0.005,0.004,259.416,257.541,257.095
1781332686.133528,5.859,3.929,0.001,0.004,258.705,258.327,257.007
1781332686.174168,5.859,3.929,0.001,0.004,258.705,258.327,257.007
1781332686.174616,0.451,4.0,-0.005,0.004,257.454,259.629,256.977
1781332686.1753979,-2.141,4.5,-0.009,0.005,256.881,260.421,256.798
1781332686.190172,-5.803,4.786,-0.012,0.006,256.242,261.202,256.712
1781332686.20525,-5.803,4.786,-0.012,0.006,256.242,261.202,256.712
1781332686.216297,-9.352,5.357,-0.016,0.006,255.538,262.186,256.526
1781332686.231485,-10.254,5.5,-0.017,0.007,255.423,262.362,256.485
1781332686.246455,-15.211,6.286,-0.023,0.008,254.471,263.729,256.248
1781332686.261687,-16.0,6.429,-0.023,0.008,254.385,263.873,256.211
1781332686.272833,-21.296,7.143,-0.03,0.009,253.223,265.552,255.986
1781332686.287709,-22.31,6.786,-0.031,0.008,253.001,265.66,256.128
1781332686.3028638,-27.268,7.357,-0.038,0.009,251.809,267.436,255.934
1781332686.31406,-28.732,7.286,-0.038,0.009,251.672,267.548,255.991
1781332686.3290508,-28.732,7.286,-0.038,0.009,251.672,267.548,255.991
1781332686.3437572,-33.465,8.214,-0.044,0.01,250.78,269.146,255.694
1781332686.3588102,-34.085,8.214,-0.044,0.01,250.745,269.172,255.712
1781332686.40467,-35.155,8.786,-0.045,0.011,250.783,269.329,255.551
1781332686.4050891,-35.155,8.786,-0.045,0.011,250.783,269.329,255.551
1781332686.405429,-37.69,9.714,-0.047,0.012,250.452,270.176,255.267
1781332686.411232,-38.254,9.357,-0.047,0.011,250.342,270.139,255.414
1781332686.426377,-40.0,10.143,-0.048,0.012,250.258,270.544,255.204
1781332686.441547,-41.014,10.0,-0.049,0.012,250.178,270.521,255.307
1781332686.4565089,-41.577,10.214,-0.048,0.012,250.239,270.479,255.272
1781332686.4678369,-41.915,10.286,-0.048,0.012,250.253,270.464,255.268
1781332686.4828742,-42.479,10.357,-0.049,0.012,250.152,270.634,255.252
1781332686.497955,-42.704,10.143,-0.049,0.012,250.172,270.476,255.347
1781332686.512925,-42.704,10.071,-0.048,0.011,250.252,270.306,255.387
1781332686.5240462,-42.817,10.071,-0.048,0.011,250.283,270.253,255.393
1781332686.539032,-42.648,9.857,-0.047,0.011,250.329,270.087,255.467
1781332686.55381,-42.535,10.214,-0.047,0.012,250.43,270.108,255.343
1781332686.56899,-42.535,10.214,-0.047,0.012,250.43,270.108,255.343
1781332686.612572,-41.69,9.214,-0.046,0.01,250.533,269.522,255.673
1781332686.612996,-41.014,9.071,-0.045,0.01,250.699,269.248,255.703
1781332686.613358,-41.014,9.071,-0.045,0.01,250.699,269.248,255.703
1781332686.625628,-38.817,8.857,-0.041,0.01,251.258,268.393,255.766
1781332686.63698,-37.521,8.286,-0.04,0.009,251.474,267.879,255.939
1781332686.651865,-35.606,7.857,-0.037,0.008,251.871,267.2,256.059
1781332686.667094,-33.972,7.5,-0.035,0.008,252.189,266.672,256.148
1781332686.678354,-32.845,7.286,-0.034,0.008,252.405,266.331,256.199
1781332686.6933749,-30.761,7.0,-0.031,0.008,252.843,265.689,256.27
1781332686.708703,-28.732,6.857,-0.029,0.007,253.276,265.125,256.289
1781332686.723726,-26.479,6.786,-0.026,0.008,253.777,264.512,256.288
1781332686.735994,-24.451,6.357,-0.024,0.007,254.147,263.926,256.411
1781332686.751006,-22.254,5.786,-0.021,0.006,254.533,263.275,256.582
1781332686.765985,-20.394,5.786,-0.019,0.006,254.97,262.793,256.561
1781332686.777323,-17.915,5.429,-0.016,0.006,255.529,262.038,256.668
1781332686.7923882,-15.324,5.357,-0.013,0.006,256.097,261.422,256.656
1781332686.8353589,-12.958,4.786,-0.01,0.005,256.57,260.711,256.837
1781332686.835763,-10.085,4.643,-0.007,0.005,257.202,260.023,256.852
1781332686.836097,-8.225,4.5,-0.005,0.005,257.593,259.58,256.885
1781332686.848547,-5.239,4.714,-0.002,0.005,258.329,258.939,256.779
1781332686.863733,-2.704,4.286,0.001,0.005,258.8,258.331,256.911
1781332686.875504,1.69,4.286,0.007,0.005,259.93,257.252,256.89
1781332686.8905962,2.93,4.429,0.008,0.005,260.166,257.091,256.828
1781332686.901962,4.169,4.214,0.009,0.005,260.351,256.85,256.894
1781332686.917002,6.873,4.643,0.012,0.006,261.062,256.348,256.735
1781332686.932359,9.577,4.571,0.015,0.005,261.774,255.676,256.759
1781332686.943518,12.169,4.857,0.018,0.006,262.418,255.203,256.659
1781332686.958699,13.746,5.143,0.019,0.006,262.821,254.945,256.561
1781332686.973782,16.451,5.143,0.022,0.006,263.465,254.383,256.57
1781332686.985901,18.817,5.071,0.025,0.006,263.994,253.905,256.604
1781332687.000844,21.465,5.929,0.028,0.007,264.821,253.495,256.318
1781332687.016056,23.042,6.143,0.029,0.008,265.24,253.212,256.259
1781332687.059021,25.408,6.714,0.032,0.008,266.029,252.76,256.074
1781332687.059443,27.493,7.0,0.034,0.009,266.548,252.422,256.003
1781332687.059786,29.408,7.143,0.036,0.009,267.0,252.09,255.987
1781332687.068254,30.817,7.357,0.038,0.009,267.389,251.848,255.93
1781332687.0832908,31.831,7.5,0.039,0.009,267.624,251.701,255.898
1781332687.098155,34.366,7.786,0.042,0.01,268.469,251.155,255.815
1781332687.1102731,36.169,8.429,0.044,0.01,269.121,250.873,255.613
1781332687.1252851,36.845,8.714,0.044,0.011,269.251,250.847,255.541
1781332687.140068,37.634,8.929,0.045,0.011,269.428,250.765,255.495
1781332687.1513548,39.437,9.714,0.047,0.012,270.24,250.438,255.235
1781332687.165872,40.225,9.5,0.048,0.012,270.311,250.29,255.341
1781332687.1808279,40.563,9.714,0.048,0.012,270.406,250.28,255.282
1781332687.1921961,40.563,9.714,0.048,0.012,270.406,250.28,255.282
1781332687.207246,42.197,9.643,0.05,0.012,270.783,249.962,255.347
1781332687.2222028,42.592,9.786,0.05,0.012,270.757,250.0,255.325
1781332687.2337012,42.761,9.786,0.049,0.012,270.708,250.016,255.344
1781332687.277406,43.042,9.857,0.049,0.012,270.706,250.026,255.335
1781332687.277836,42.761,9.786,0.049,0.012,270.482,250.148,255.368
1781332687.278166,42.535,9.643,0.048,0.011,270.298,250.221,255.426
1781332687.290155,42.254,9.571,0.048,0.011,270.148,250.302,255.45
1781332687.301342,42.028,9.214,0.047,0.011,269.969,250.314,255.571
1781332687.316581,40.789,8.429,0.045,0.009,269.3,250.534,255.841
1781332687.33156,40.225,8.143,0.044,0.009,269.082,250.626,255.911
1781332687.3428092,39.268,7.786,0.043,0.009,268.683,250.819,256.011
1781332687.357963,38.592,7.071,0.042,0.008,268.326,250.871,256.235
1781332687.373049,36.958,6.929,0.04,0.008,267.801,251.252,256.24
1781332687.384238,36.056,7.0,0.039,0.008,267.613,251.453,256.173
1781332687.4000719,35.38,6.643,0.038,0.007,267.322,251.563,256.29
1781332687.41507,33.634,6.5,0.036,0.007,266.791,251.946,256.311
1781332687.4265769,32.169,6.429,0.034,0.007,266.4,252.249,256.308
1781332687.441398,30.423,6.286,0.032,0.007,265.896,252.619,256.333
1781332687.456645,28.507,6.5,0.03,0.008,265.418,253.085,256.242
1781332687.5016918,27.211,6.357,0.029,0.008,265.042,253.349,256.282
1781332687.502156,25.127,5.571,0.026,0.006,264.265,253.732,256.549
1781332687.502468,23.155,5.714,0.024,0.007,263.821,254.174,256.474
1781332687.5088341,20.901,5.571,0.021,0.007,263.23,254.65,256.502
1781332687.524579,19.549,5.714,0.019,0.007,262.866,255.018,256.446
1781332687.539673,17.521,5.571,0.017,0.007,262.382,255.409,256.481
1781332687.5509398,15.549,5.429,0.015,0.007,261.846,255.847,256.52
1781332687.566045,13.014,5.143,0.012,0.006,261.187,256.362,256.605
1781332687.581054,11.718,5.071,0.011,0.006,260.904,256.608,256.62
1781332687.592757,9.465,5.214,0.008,0.006,260.42,257.118,256.562
1781332687.607796,8.451,5.143,0.008,0.006,260.287,257.231,256.576
1781332687.6192052,6.366,5.071,0.005,0.006,259.791,257.692,256.588
1781332687.634346,4.507,5.143,0.003,0.006,259.272,258.226,256.56
1781332687.650023,1.859,4.929,-0.0,0.006,258.614,258.806,256.631
1781332687.661396,-0.676,5.0,-0.003,0.006,258.057,259.401,256.601
1781332687.6764219,-3.099,5.071,-0.006,0.006,257.545,259.964,256.569
1781332687.720901,-5.577,4.929,-0.009,0.006,256.981,260.511,256.614
1781332687.721324,-7.324,4.714,-0.011,0.006,256.558,260.892,256.68
1781332687.721683,-9.408,4.357,-0.013,0.005,256.083,261.282,256.798
1781332687.7330492,-11.887,4.714,-0.016,0.006,255.614,261.95,256.662
1781332687.748061,-13.972,4.929,-0.018,0.006,255.237,262.47,256.577
1781332687.7598348,-16.056,4.5,-0.02,0.006,254.741,262.869,256.729
1781332687.775083,-17.408,5.071,-0.021,0.006,254.567,263.303,256.523
1781332687.79009,-19.38,4.857,-0.024,0.006,254.079,263.788,256.602
1781332687.801447,-21.014,5.571,-0.025,0.007,253.911,264.273,256.355
1781332687.8165078,-22.761,5.929,-0.027,0.008,253.635,264.743,256.239
1781332687.8316522,-24.338,5.929,-0.029,0.008,253.333,265.092,256.257
1781332687.8469021,-25.521,6.286,-0.03,0.008,253.195,265.388,256.152
1781332687.8582988,-26.817,6.5,-0.031,0.008,252.946,265.777,256.087
1781332687.873425,-28.282,6.643,-0.033,0.009,252.685,266.148,256.054
1781332687.888416,-29.465,6.357,-0.034,0.008,252.422,266.342,256.172
1781332687.903521,-30.592,6.714,-0.035,0.008,252.279,266.662,256.061
1781332687.946354,-31.606,6.857,-0.036,0.009,252.118,266.919,256.023
1781332687.9468338,-31.944,6.929,-0.036,0.009,252.093,266.965,256.012
1781332687.9471738,-32.732,6.929,-0.037,0.009,251.951,267.136,256.024
1781332687.956173,-33.465,7.214,-0.038,0.009,251.867,267.357,255.936
1781332687.971436,-34.028,7.643,-0.038,0.01,251.84,267.56,255.802
1781332687.986217,-34.141,8.143,-0.038,0.01,251.939,267.622,255.648
1781332688.001407,-34.366,7.929,-0.038,0.01,251.864,267.608,255.739
1781332688.0126998,-34.93,8.357,-0.039,0.011,251.806,267.848,255.609
1781332688.027683,-34.535,8.5,-0.038,0.011,251.964,267.672,255.581
1781332688.0431051,-34.592,8.214,-0.038,0.01,251.914,267.599,255.692
1781332688.054092,-34.085,8.214,-0.037,0.01,252.06,267.391,255.703
1781332688.0693362,-33.577,8.143,-0.036,0.01,252.191,267.185,255.73
1781332688.0840168,-33.577,8.143,-0.036,0.01,252.191,267.185,255.73
1781332688.099104,-32.676,8.357,-0.035,0.01,252.459,266.924,255.658
1781332688.110815,-32.169,8.357,-0.034,0.01,252.566,266.779,255.663
1781332688.12594,-31.324,8.071,-0.033,0.01,252.747,266.421,255.765
1781332688.170005,-30.254,8.143,-0.032,0.01,253.025,266.098,255.739
1781332688.17037,-29.07,7.929,-0.03,0.01,253.255,265.719,255.812
1781332688.1706948,-27.38,8.071,-0.028,0.01,253.717,265.212,255.757
1781332688.181891,-26.141,7.786,-0.026,0.009,254.072,264.664,255.853
1781332688.197046,-24.732,7.357,-0.024,0.009,254.305,264.215,255.997
1781332688.208288,-24.958,7.429,-0.025,0.009,254.152,264.441,255.961
1781332688.223338,-24.0,7.357,-0.024,0.009,254.346,264.193,255.974
1781332688.238559,-22.197,7.429,-0.022,0.009,254.764,263.742,255.936
1781332688.250595,-20.0,7.143,-0.019,0.009,255.242,263.092,256.018
1781332688.265713,-18.366,6.929,-0.017,0.008,255.556,262.673,256.071
1781332688.281006,-16.0,6.357,-0.015,0.008,256.017,261.953,256.253
1781332688.296111,-14.479,6.357,-0.013,0.008,256.369,261.586,256.233
1781332688.307392,-12.056,6.071,-0.01,0.007,256.882,260.939,256.314
1781332688.322485,-9.408,6.286,-0.007,0.008,257.554,260.327,256.22
1781332688.337386,-7.268,6.286,-0.004,0.008,258.082,259.784,256.214
1781332688.3490481,-4.901,6.286,-0.002,0.008,258.607,259.258,256.205
1781332688.392394,-3.437,6.286,-0.0,0.008,258.925,258.943,256.201
1781332688.3927748,-0.732,6.0,0.003,0.008,259.517,258.265,256.289
1781332688.3931148,1.577,6.071,0.006,0.008,260.046,257.786,256.256
1781332688.405974,4.113,5.857,0.008,0.007,260.607,257.189,256.319
1781332688.421026,5.746,6.143,0.01,0.008,261.046,256.886,256.212
1781332688.432266,7.887,5.929,0.012,0.008,261.479,256.416,256.283
1781332688.4475179,10.592,6.143,0.016,0.008,262.277,255.775,256.204
1781332688.462582,13.296,6.071,0.019,0.008,262.921,255.185,256.227
1781332688.474077,14.817,6.214,0.021,0.008,263.296,254.908,256.179
1781332688.489849,17.014,6.286,0.023,0.008,263.889,254.428,256.152
1781332688.504902,19.042,6.714,0.025,0.009,264.415,254.131,256.006
1781332688.51624,21.183,6.643,0.027,0.009,264.898,253.703,256.036
1781332688.5314062,22.93,6.571,0.029,0.009,265.26,253.383,256.063
1781332688.546413,24.676,6.714,0.031,0.009,265.762,253.025,256.017
1781332688.557816,26.479,6.857,0.033,0.009,266.207,252.716,255.973
1781332688.572927,28.394,7.0,0.035,0.009,266.708,252.366,255.932
1781332688.6153522,29.915,7.214,0.036,0.009,267.096,252.132,255.865
1781332688.6158369,30.479,7.214,0.037,0.009,267.236,252.022,255.869
1781332688.616172,32.282,7.071,0.039,0.009,267.667,251.641,255.929
1781332688.625998,33.521,7.429,0.04,0.01,268.016,251.49,255.813
1781332688.6410549,34.592,7.357,0.041,0.009,268.226,251.303,255.848
1781332688.656221,35.775,7.786,0.042,0.01,268.61,251.151,255.71
1781332688.6674051,36.113,7.643,0.042,0.01,268.606,251.104,255.764
1781332688.682423,36.732,7.714,0.043,0.01,268.725,251.031,255.75
1781332688.697535,37.521,7.714,0.043,0.01,268.916,250.885,255.758
1781332688.7090409,37.69,7.357,0.043,0.009,268.809,250.845,255.884
1781332688.723906,38.028,7.571,0.044,0.01,268.938,250.826,255.805
1781332688.739028,38.254,7.5,0.044,0.01,268.944,250.802,255.826
1781332688.751308,38.592,7.357,0.044,0.009,268.994,250.727,255.869
1781332688.7659452,38.085,7.429,0.043,0.009,268.776,250.908,255.842
1781332688.780989,38.31,7.5,0.043,0.01,268.871,250.867,255.813
1781332688.792458,37.69,7.286,0.042,0.009,268.58,251.013,255.882
1781332688.837829,37.183,7.143,0.042,0.009,268.369,251.125,255.927
1781332688.838208,36.62,7.143,0.041,0.009,268.184,251.266,255.92
1781332688.838542,36.225,6.786,0.04,0.009,267.988,251.302,256.036
1781332688.848379,34.761,6.429,0.038,0.008,267.423,251.622,256.145
1781332688.86361,33.577,5.929,0.037,0.007,266.972,251.822,256.296
1781332688.875417,32.169,5.357,0.035,0.007,266.449,252.068,256.461
1781332688.890578,30.817,4.643,0.033,0.006,265.901,252.289,256.682
1781332688.905579,29.972,4.929,0.032,0.006,265.759,252.523,256.55
1781332688.9168901,28.789,4.857,0.031,0.006,265.47,252.761,256.541
1781332688.931958,27.268,4.643,0.029,0.006,264.984,253.096,256.599
1781332688.947189,26.141,4.571,0.028,0.006,264.734,253.304,256.593
1781332688.9587069,24.789,4.571,0.026,0.006,264.361,253.619,256.584
1781332688.9735968,23.38,4.429,0.025,0.006,264.006,253.884,256.614
1781332688.988459,21.465,4.429,0.022,0.006,263.455,254.354,256.609
1781332689.000671,20.169,4.5,0.021,0.006,263.146,254.649,256.577
1781332689.015666,18.197,4.071,0.018,0.006,262.518,255.05,256.725
1781332689.059541,16.225,4.643,0.016,0.007,262.169,255.562,256.517
1781332689.059913,13.915,4.643,0.013,0.007,261.525,256.138,256.52
1781332689.060222,11.887,4.857,0.011,0.007,261.111,256.589,256.449
1781332689.067829,10.479,5.071,0.01,0.007,260.827,256.924,256.377
1781332689.083026,9.127,5.429,0.008,0.008,260.585,257.268,256.261
1781332689.098102,6.254,5.357,0.005,0.007,259.848,257.929,256.303
1781332689.110023,4.169,5.643,0.003,0.008,259.442,258.413,256.217
1781332689.1249778,2.93,5.571,0.001,0.008,259.17,258.646,256.251
1781332689.140106,1.634,5.571,-0.0,0.008,258.89,258.919,256.257
1781332689.15155,-1.239,5.714,-0.003,0.008,258.217,259.641,256.219
1781332689.1664221,-3.493,6.071,-0.006,0.008,257.786,260.208,256.105
1781332689.181601,-5.577,6.143,-0.008,0.008,257.352,260.678,256.093
1781332689.193055,-6.986,6.571,-0.01,0.009,257.123,261.072,255.955
1781332689.208148,-9.183,6.929,-0.012,0.01,256.697,261.651,255.848
1781332689.223258,-11.042,7.0,-0.014,0.01,256.325,262.062,255.847
1781332689.235539,-12.958,6.857,-0.016,0.009,255.894,262.469,255.913
1781332689.279698,-14.761,7.0,-0.018,0.009,255.549,262.905,255.874
1781332689.2801468,-16.056,7.143,-0.019,0.01,255.296,263.241,255.833
1781332689.281893,-17.465,7.214,-0.021,0.01,255.049,263.542,255.821
1781332689.2917829,-19.493,7.429,-0.023,0.01,254.637,264.101,255.755
1781332689.3066628,-20.845,7.643,-0.024,0.01,254.419,264.433,255.695
1781332689.321634,-22.535,7.929,-0.026,0.011,254.111,264.906,255.608
1781332689.336687,-23.042,7.857,-0.026,0.01,254.038,264.952,255.645
1781332689.3480582,-24.507,8.0,-0.028,0.011,253.716,265.398,255.601
1781332689.362983,-25.521,8.214,-0.029,0.011,253.588,265.638,255.535
1781332689.378102,-26.028,8.0,-0.029,0.01,253.52,265.619,255.621
1781332689.3898492,-27.549,7.857,-0.031,0.01,253.157,266.012,255.672
1781332689.405028,-28.056,8.214,-0.032,0.011,253.14,266.183,255.549
1781332689.4202082,-29.014,7.857,-0.033,0.01,252.865,266.378,255.676
1781332689.43519,-29.408,7.857,-0.033,0.01,252.841,266.415,255.67
1781332689.446614,-29.408,7.929,-0.032,0.01,252.931,266.333,255.643
1781332689.488894,-30.028,7.929,-0.033,0.01,252.805,266.491,255.647
1781332689.489274,-29.577,7.857,-0.032,0.01,252.966,266.256,255.671
1781332689.489634,-29.746,7.786,-0.032,0.01,252.926,266.278,255.695
1781332689.502762,-29.69,7.786,-0.032,0.01,252.967,266.232,255.689
1781332689.517827,-29.577,7.571,-0.032,0.01,252.979,266.13,255.76
1781332689.532959,-29.521,7.714,-0.032,0.01,253.028,266.138,255.702
1781332689.544951,-29.296,7.214,-0.031,0.009,253.014,265.959,255.865
1781332689.5600052,-28.62,7.429,-0.03,0.01,253.241,265.77,255.785
1781332689.5752661,-28.394,6.857,-0.03,0.009,253.197,265.601,255.971
1781332689.5866199,-27.437,6.643,-0.029,0.009,253.417,265.259,256.029
1781332689.601664,-26.197,6.643,-0.027,0.009,253.737,264.887,256.01
1781332689.616819,-25.352,6.571,-0.026,0.009,253.922,264.654,256.017
1781332689.631655,-24.451,6.5,-0.025,0.009,254.116,264.406,256.028
1781332689.643147,-23.38,6.286,-0.024,0.008,254.348,264.053,256.093
1781332689.658187,-22.028,6.071,-0.022,0.008,254.636,263.645,256.151
1781332689.6732218,-21.352,5.929,-0.021,0.008,254.73,263.499,256.183
1781332689.704051,-19.549,6.071,-0.019,0.008,255.203,263.028,256.115
1781332689.704385,-18.423,5.214,-0.018,0.007,255.292,262.609,256.396
1781332689.7149382,-17.746,5.429,-0.017,0.007,255.5,262.468,256.312
1781332689.7302,-15.775,5.143,-0.015,0.007,255.927,261.902,256.389
1781332689.741492,-14.141,4.643,-0.013,0.006,256.215,261.419,256.539
1781332689.756552,-12.394,4.643,-0.011,0.007,256.621,261.004,256.514
1781332689.771553,-10.366,4.5,-0.008,0.006,257.128,260.422,256.551
1781332689.782816,-9.352,4.571,-0.007,0.007,257.348,260.234,256.509
1781332689.7978969,-7.211,4.5,-0.005,0.007,257.843,259.71,256.516
1781332689.8132422,-5.465,4.571,-0.003,0.007,258.236,259.343,256.482
1781332689.828139,-3.606,4.643,-0.001,0.007,258.669,258.942,256.446
1781332689.839822,-1.352,4.5,0.002,0.007,259.236,258.325,256.498
1781332689.854901,-0.958,4.357,0.003,0.006,259.27,258.243,256.545
1781332689.866861,2.028,3.929,0.006,0.006,260.011,257.377,256.69
1781332689.881406,3.662,4.571,0.008,0.007,260.446,257.207,256.451
1781332689.8963578,5.521,4.429,0.01,0.007,260.813,256.815,256.498
1781332689.936888,6.085,4.786,0.01,0.007,260.999,256.77,256.371
1781332689.937271,8.732,4.786,0.013,0.007,261.658,256.159,256.377
1781332689.937738,10.873,5.143,0.016,0.008,262.226,255.765,256.26
1781332689.949607,12.845,5.071,0.018,0.008,262.729,255.29,256.291
1781332689.964777,13.972,5.786,0.019,0.009,263.097,255.203,256.054
1781332689.979981,15.662,6.143,0.021,0.009,263.524,254.934,255.953
1781332689.991311,17.296,6.571,0.023,0.01,263.956,254.686,255.831
1781332690.006439,18.817,7.0,0.024,0.01,264.363,254.456,255.716
1781332690.021601,20.507,7.357,0.026,0.01,264.83,254.158,255.624
1781332690.032872,21.296,7.5,0.027,0.011,265.01,254.039,255.595
1781332690.047915,22.648,7.429,0.028,0.01,265.299,253.755,255.644
1781332690.063041,24.056,7.5,0.029,0.01,265.647,253.479,255.639
1781332690.075177,25.183,7.429,0.031,0.01,265.877,253.255,255.681
1781332690.090302,26.028,7.643,0.031,0.011,266.129,253.12,255.615
1781332690.105462,26.761,7.857,0.032,0.011,266.291,253.048,255.556
1781332690.1168299,27.493,8.071,0.033,0.011,266.47,252.959,255.503
1781332690.159956,27.831,8.214,0.033,0.011,266.585,252.912,255.458
1781332690.1604218,28.958,8.857,0.035,0.012,267.102,252.721,255.241
1781332690.1607392,29.352,9.214,0.035,0.013,267.176,252.75,255.152
1781332690.172878,29.915,9.286,0.035,0.013,267.276,252.664,255.161
1781332690.184692,30.197,9.643,0.035,0.013,267.359,252.695,255.064
1781332690.1997209,30.085,9.286,0.035,0.012,267.158,252.709,255.208
1781332690.2147021,30.366,9.286,0.035,0.012,267.228,252.652,255.212
1781332690.225954,30.254,9.286,0.035,0.012,267.14,252.713,255.22
1781332690.241143,30.423,9.143,0.035,0.012,267.144,252.659,255.272
1781332690.256313,30.085,9.143,0.034,0.012,267.003,252.769,255.271
1781332690.267456,29.915,9.286,0.034,0.012,266.969,252.843,255.22
1781332690.282431,29.408,9.0,0.033,0.012,266.732,252.937,255.314
1781332690.29739,28.789,8.857,0.032,0.012,266.498,253.076,255.359
1781332690.3088,27.831,8.5,0.031,0.011,266.083,253.285,255.481
1781332690.323704,27.268,8.286,0.03,0.011,265.882,253.386,255.542
1781332690.3387089,26.366,7.643,0.029,0.01,265.504,253.496,255.741
1781332690.383927,25.127,6.786,0.028,0.009,264.985,253.668,255.999
1781332690.384417,24.056,6.643,0.026,0.009,264.703,253.9,255.997
1781332690.384734,23.268,6.357,0.025,0.008,264.449,254.04,256.07
1781332690.391732,22.366,6.143,0.024,0.008,264.218,254.197,256.106
1781332690.406846,21.07,6.286,0.023,0.009,263.913,254.527,256.03
1781332690.4217238,20.056,6.071,0.022,0.008,263.636,254.711,256.082
1781332690.432956,19.662,6.071,0.021,0.008,263.54,254.8,256.075
1781332690.4481611,17.69,5.929,0.019,0.008,262.965,255.266,256.106
1781332690.463252,16.394,5.571,0.017,0.008,262.596,255.486,256.21
1781332690.4752278,14.704,5.429,0.015,0.008,262.143,255.858,256.241
1781332690.49026,13.746,5.5,0.014,0.008,261.936,256.08,256.205
1781332690.505622,12.394,5.214,0.013,0.008,261.538,256.357,256.288
1781332690.517214,10.423,5.286,0.01,0.008,261.066,256.835,256.244
1781332690.531998,8.845,5.429,0.009,0.008,260.738,257.201,256.186
1781332690.5433338,7.099,5.214,0.007,0.008,260.289,257.559,256.251
1781332690.558481,6.141,5.143,0.006,0.008,260.071,257.749,256.269
1781332690.5950022,4.169,5.143,0.003,0.008,259.598,258.217,256.259
1781332690.5953379,2.592,5.0,0.001,0.007,259.182,258.578,256.305
1781332690.600176,0.901,5.0,-0.0,0.008,258.823,258.95,256.291
1781332690.6152818,-0.451,4.786,-0.002,0.007,258.413,259.287,256.363
1781332690.626594,-2.197,4.786,-0.004,0.007,258.047,259.67,256.355
1781332690.641691,-3.662,5.0,-0.005,0.008,257.806,260.009,256.271
1781332690.656737,-5.352,4.929,-0.007,0.008,257.435,260.374,256.293
1781332690.668115,-6.141,4.643,-0.008,0.007,257.249,260.466,256.39
1781332690.6831858,-7.944,5.071,-0.01,0.008,256.928,260.981,256.23
1781332690.698376,-9.352,5.786,-0.011,0.009,256.77,261.422,255.983
1781332690.713273,-10.761,5.0,-0.013,0.008,256.344,261.58,256.263
1781332690.725296,-11.718,5.071,-0.014,0.008,256.158,261.812,256.239
1781332690.7402759,-13.07,5.5,-0.015,0.008,255.916,262.246,256.09
1781332690.755401,-14.197,5.429,-0.017,0.008,255.701,262.452,256.122
1781332690.766523,-15.662,5.786,-0.018,0.009,255.446,262.871,256.007
1781332690.781753,-16.507,5.786,-0.019,0.009,255.31,263.013,256.019
1781332690.8232372,-17.69,5.786,-0.02,0.009,255.066,263.286,256.027
1781332690.823641,-18.648,5.786,-0.021,0.009,254.85,263.532,256.031
1781332690.823959,-19.493,6.071,-0.022,0.009,254.754,263.753,255.937
1781332690.837997,-20.282,6.357,-0.023,0.009,254.657,263.973,255.846
1781332690.8532171,-20.845,6.143,-0.023,0.009,254.531,264.023,255.931
1781332690.8649821,-21.408,6.357,-0.024,0.009,254.467,264.175,255.865
1781332690.880249,-22.197,6.786,-0.025,0.01,254.369,264.453,255.728
1781332690.8952692,-22.423,6.571,-0.025,0.01,254.302,264.435,255.812
1781332690.9105768,-22.873,7.0,-0.025,0.01,254.294,264.606,255.675
1781332690.921779,-23.211,7.071,-0.025,0.01,254.248,264.672,255.666
1781332690.936778,-23.211,7.071,-0.025,0.01,254.281,264.614,255.682
1781332690.951788,-23.155,7.5,-0.025,0.011,254.391,264.642,255.546
1781332690.963274,-23.324,7.286,-0.025,0.01,254.314,264.637,255.628
1781332690.978396,-23.211,7.286,-0.025,0.01,254.358,264.574,255.637
1781332690.993217,-23.155,7.286,-0.025,0.01,254.381,264.544,255.638
1781332691.008312,-22.704,7.214,-0.024,0.01,254.501,264.366,255.668
1781332691.0527859,-22.028,7.071,-0.023,0.01,254.666,264.109,255.72
1781332691.053219,-21.746,7.071,-0.023,0.01,254.737,264.027,255.718
1781332691.053622,-21.07,6.929,-0.022,0.01,254.885,263.8,255.763
1781332691.061346,-20.169,7.143,-0.021,0.01,255.15,263.579,255.686
1781332691.0765178,-19.549,6.786,-0.02,0.01,255.221,263.356,255.808
1781332691.0916219,-18.085,7.0,-0.018,0.01,255.641,262.964,255.729
1781332691.106672,-17.296,6.929,-0.017,0.01,255.799,262.764,255.748
1781332691.117825,-16.901,6.786,-0.017,0.01,255.843,262.66,255.795
1781332691.132969,-15.718,6.714,-0.015,0.01,256.115,262.331,255.815
1781332691.148012,-14.704,6.643,-0.014,0.01,256.331,262.071,255.833
1781332691.1629891,-13.465,6.786,-0.013,0.01,256.652,261.783,255.775
1781332691.175118,-12.394,6.429,-0.011,0.009,256.829,261.461,255.89
1781332691.19012,-11.549,6.143,-0.01,0.009,256.977,261.2,255.981
1781332691.2051158,-10.254,6.143,-0.009,0.009,257.282,260.891,255.966
1781332691.216397,-8.394,5.929,-0.006,0.009,257.752,260.325,256.028
1781332691.231463,-6.986,5.929,-0.005,0.009,258.07,260.014,256.011
1781332691.268245,-5.296,5.929,-0.003,0.009,258.47,259.614,256.0
1781332691.268616,-4.676,6.071,-0.002,0.009,258.602,259.537,255.946
1781332691.272746,-2.648,5.857,0.0,0.009,259.074,258.99,256.013
1781332691.287632,-1.408,5.857,0.001,0.009,259.332,258.741,256.006
1781332691.298794,0.056,6.143,0.003,0.009,259.759,258.43,255.903
1781332691.314542,1.239,6.0,0.005,0.009,260.011,258.131,255.954
1781332691.32971,2.535,6.143,0.006,0.009,260.352,257.857,255.902
1781332691.340964,4.056,5.857,0.008,0.009,260.636,257.488,255.999
1781332691.356004,5.521,5.929,0.009,0.009,260.978,257.2,255.965
1781332691.367564,6.648,5.571,0.01,0.008,261.179,256.889,256.088
1781332691.38253,8.225,5.786,0.012,0.009,261.594,256.592,256.004
1781332691.3976781,9.465,5.786,0.013,0.009,261.857,256.354,256.002
1781332691.4089,10.93,5.786,0.015,0.009,262.203,256.044,256.0
1781332691.4240158,12.0,6.071,0.016,0.009,262.522,255.858,255.902
1781332691.4396732,13.183,6.0,0.017,0.009,262.763,255.612,255.935
1781332691.451147,14.648,5.929,0.019,0.009,263.117,255.282,255.956
1781332691.486229,15.437,6.071,0.02,0.009,263.282,255.189,255.906
1781332691.4866629,16.62,6.143,0.021,0.009,263.58,254.957,255.88
1781332691.492228,17.408,6.143,0.022,0.009,263.774,254.792,255.88
1781332691.5072849,18.31,5.929,0.023,0.009,263.929,254.589,255.953
1781332691.522314,19.437,6.071,0.024,0.009,264.24,254.38,255.899
1781332691.533744,20.338,6.071,0.025,0.009,264.446,254.211,255.897
1781332691.548822,20.789,6.0,0.025,0.009,264.523,254.123,255.92
1781332691.564707,21.465,6.071,0.026,0.009,264.681,254.018,255.895
1781332691.5759518,22.141,5.857,0.027,0.009,264.788,253.86,255.967
1781332691.590977,22.761,6.143,0.027,0.009,264.989,253.795,255.864
1781332691.606078,23.099,5.929,0.028,0.009,265.015,253.704,255.936
1781332691.617664,23.437,5.857,0.028,0.009,265.059,253.649,255.956
1781332691.6325812,23.718,6.214,0.028,0.01,265.174,253.673,255.834
1781332691.647605,23.944,6.071,0.028,0.009,265.174,253.622,255.887
1781332691.658986,24.056,6.357,0.028,0.01,265.245,253.659,255.79
1781332691.674061,24.225,6.214,0.028,0.009,265.244,253.606,255.844
1781332691.71906,24.0,6.071,0.028,0.009,265.112,253.668,255.892
1781332691.719508,23.887,5.571,0.028,0.009,264.958,253.631,256.06
1781332691.7198348,24.113,5.571,0.028,0.009,265.042,253.578,256.044
1781332691.727116,23.718,5.571,0.027,0.009,264.907,253.697,256.035
1781332691.742124,23.042,5.429,0.026,0.008,264.653,253.864,256.077
1781332691.75691,22.704,5.571,0.026,0.009,264.59,253.971,256.02
1781332691.7682528,22.197,5.071,0.025,0.008,264.336,254.018,256.189
1781332691.783395,21.352,5.143,0.024,0.008,264.09,254.257,256.154
1781332691.798471,20.563,5.0,0.023,0.008,263.856,254.42,256.189
1781332691.810327,19.437,4.643,0.022,0.007,263.473,254.643,256.295
1781332691.825511,18.986,4.714,0.021,0.008,263.39,254.752,256.256
1781332691.840702,18.31,4.714,0.02,0.008,263.219,254.906,256.249
1781332691.852063,17.239,5.0,0.019,0.008,263.0,255.201,256.141
1781332691.8671129,16.507,5.0,0.018,0.008,262.836,255.343,256.143
1781332691.882178,15.549,5.286,0.017,0.009,262.645,255.607,256.046
1781332691.893449,14.986,5.143,0.017,0.008,262.482,255.696,256.1
1781332691.935141,14.085,5.286,0.016,0.009,262.296,255.909,256.052
1781332691.9355981,12.958,5.214,0.014,0.008,261.996,256.151,256.079
1781332691.935916,11.437,5.286,0.012,0.009,261.564,256.566,256.057
1781332691.950131,10.31,5.214,0.011,0.008,261.294,256.786,256.085
1781332691.965157,9.183,5.429,0.01,0.009,261.042,257.093,256.012
1781332691.976506,7.944,5.571,0.008,0.009,260.779,257.381,255.971
1781332691.99169,6.479,5.786,0.007,0.009,260.457,257.758,255.901
1781332692.002836,5.577,5.5,0.006,0.009,260.231,257.867,256.005
1781332692.0181131,4.62,5.5,0.005,0.009,259.997,258.087,256.009
1781332692.033472,3.38,5.786,0.003,0.009,259.768,258.412,255.911
1781332692.0451279,2.028,6.0,0.002,0.01,259.49,258.756,255.843
1781332692.060182,0.845,5.929,0.001,0.009,259.217,258.996,255.872
1781332692.0751371,-0.169,6.0,-0.001,0.009,258.985,259.25,255.852
1781332692.086468,-1.352,5.929,-0.002,0.009,258.712,259.492,255.883
1781332692.101588,-2.817,5.929,-0.004,0.009,258.368,259.841,255.886
1781332692.116568,-4.225,6.286,-0.005,0.01,258.109,260.237,255.765
1781332692.153762,-4.789,6.286,-0.006,0.01,258.011,260.328,255.775
1781332692.154138,-6.141,6.357,-0.007,0.01,257.715,260.658,255.758
1781332692.157859,-6.986,6.357,-0.008,0.01,257.526,260.852,255.764
1781332692.1697721,-8.282,6.429,-0.01,0.01,257.25,261.161,255.75
1781332692.1848419,-9.296,6.5,-0.011,0.01,257.058,261.389,255.731
1781332692.200029,-10.085,6.929,-0.011,0.011,256.96,261.656,255.585
1781332692.2151139,-11.099,6.857,-0.012,0.011,256.734,261.863,255.621
1781332692.226511,-12.0,6.929,-0.013,0.011,256.567,262.065,255.605
1781332692.2415411,-12.958,7.071,-0.014,0.011,256.388,262.31,255.564
1781332692.25656,-13.465,6.857,-0.015,0.01,256.279,262.338,255.646
1781332692.2678661,-13.972,7.071,-0.015,0.011,256.214,262.492,255.575
1781332692.283031,-14.479,7.071,-0.016,0.011,256.13,262.58,255.579
1781332692.298193,-15.211,6.929,-0.016,0.01,255.949,262.73,255.628
1781332692.3131788,-15.887,6.857,-0.017,0.01,255.797,262.876,255.651
1781332692.325187,-16.394,7.071,-0.018,0.011,255.741,263.025,255.575
1781332692.339988,-16.676,7.071,-0.018,0.011,255.693,263.078,255.577
1781332692.384228,-17.07,7.071,-0.018,0.011,255.624,263.16,255.575
1781332692.3846972,-17.239,6.786,-0.018,0.01,255.565,263.118,255.67
1781332692.385039,-17.127,6.643,-0.018,0.01,255.613,263.015,255.713
1781332692.396121,-17.465,6.5,-0.018,0.01,255.517,263.081,255.751
1781332692.411176,-17.634,6.357,-0.019,0.01,255.462,263.096,255.793
1781332692.422355,-17.746,6.429,-0.019,0.01,255.464,263.137,255.754
1781332692.4375758,-17.577,6.143,-0.018,0.01,255.488,263.012,255.84
1781332692.452589,-17.69,6.071,-0.018,0.009,255.454,263.034,255.855
1781332692.4677062,-17.296,6.071,-0.018,0.01,255.581,262.901,255.844
1781332692.478957,-17.07,5.571,-0.018,0.009,255.562,262.738,256.008
1781332692.493999,-16.62,5.786,-0.017,0.009,255.734,262.642,255.92
1781332692.5096982,-16.394,5.571,-0.017,0.009,255.754,262.554,255.978
1781332692.5214741,-15.606,5.429,-0.016,0.009,255.951,262.295,256.011
1781332692.536268,-15.099,5.429,-0.015,0.009,256.073,262.175,255.997
1781332692.551372,-14.31,5.357,-0.014,0.009,256.261,261.945,256.016
1781332692.566543,-13.803,5.571,-0.013,0.009,256.421,261.856,255.936
1781332692.607258,-12.958,5.571,-0.012,0.009,256.623,261.638,255.934
1781332692.60773,-12.0,5.571,-0.011,0.009,256.853,261.388,255.932
1781332692.608057,-10.93,5.429,-0.01,0.009,257.089,261.085,255.977
1781332692.618878,-10.366,5.571,-0.009,0.009,257.217,261.005,255.925
1781332692.633771,-9.465,5.786,-0.008,0.01,257.487,260.799,255.85
1781332692.648622,-8.62,5.143,-0.007,0.008,257.582,260.454,256.075
1781332692.663759,-7.662,4.929,-0.006,0.008,257.76,260.202,256.136
1781332692.67578,-6.704,4.786,-0.005,0.008,257.955,259.965,256.168
1781332692.690885,-5.859,4.643,-0.004,0.008,258.108,259.768,256.204
1781332692.706155,-4.732,4.5,-0.003,0.008,258.379,259.446,256.247
1781332692.717189,-3.831,4.429,-0.002,0.008,258.561,259.252,256.255
1781332692.7323258,-2.141,5.143,0.001,0.009,259.167,258.916,255.996
1781332692.7471948,-1.183,4.5,0.002,0.008,259.236,258.612,256.221
1781332692.7585511,-0.62,4.571,0.002,0.008,259.359,258.524,256.189
1781332692.77348,0.338,4.786,0.003,0.008,259.672,258.298,256.111
1781332692.7855968,1.69,4.214,0.005,0.007,259.876,257.901,256.304
1781332692.828585,2.366,4.5,0.005,0.008,260.034,257.862,256.193
1781332692.828941,3.324,4.357,0.006,0.008,260.246,257.613,256.239
1781332692.8292842,4.62,4.429,0.008,0.008,260.566,257.336,256.212
1781332692.841401,5.746,4.429,0.009,0.008,260.824,257.099,256.207
1781332692.856607,6.873,4.714,0.011,0.008,261.176,256.872,256.106
1781332692.867817,7.775,4.786,0.012,0.008,261.404,256.686,256.083
1781332692.8827991,8.958,5.0,0.013,0.009,261.717,256.474,256.01
1781332692.894721,9.803,5.071,0.014,0.009,261.926,256.302,255.992
1781332692.9098141,10.648,5.0,0.014,0.009,262.069,256.141,256.024
1781332692.92467,11.437,4.929,0.015,0.009,262.245,255.954,256.053
1781332692.9361548,12.225,5.357,0.016,0.009,262.484,255.887,255.908
1781332692.951185,13.239,5.214,0.017,0.009,262.692,255.643,255.967
1781332692.966135,13.972,5.143,0.018,0.009,262.827,255.497,255.995
1781332692.977458,14.423,5.143,0.018,0.009,262.92,255.414,255.996
1781332692.992461,14.986,5.5,0.019,0.009,263.098,255.382,255.872
1781332693.007649,15.662,5.429,0.02,0.009,263.233,255.234,255.903
1781332693.052418,16.394,5.286,0.02,0.009,263.378,255.052,255.96
1781332693.052778,16.958,5.571,0.021,0.009,263.581,254.974,255.862
1781332693.053091,17.183,5.786,0.021,0.01,263.625,254.998,255.8
1781332693.060329,17.69,5.857,0.022,0.01,263.751,254.904,255.786
1781332693.0754712,17.915,6.357,0.022,0.01,263.867,254.964,255.625
1781332693.090636,18.085,6.429,0.022,0.011,263.906,254.944,255.613
1781332693.101824,18.704,6.5,0.023,0.011,264.086,254.803,255.6
1781332693.11692,18.535,6.571,0.022,0.011,263.994,254.891,255.59
1781332693.131958,18.93,6.5,0.023,0.01,264.084,254.778,255.628
1781332693.1434162,18.93,6.786,0.023,0.011,264.119,254.841,255.534
1781332693.1584508,18.704,6.571,0.022,0.011,263.975,254.881,255.617
1781332693.1733491,18.873,6.714,0.022,0.011,264.052,254.858,255.574
1781332693.185517,18.592,6.643,0.022,0.011,263.928,254.932,255.605
1781332693.200407,18.366,6.429,0.022,0.01,263.808,254.96,255.68
1781332693.215148,18.254,6.357,0.021,0.01,263.763,254.976,255.703
1781332693.2268002,17.69,6.357,0.021,0.01,263.586,255.135,255.696
1781332693.270347,17.408,6.143,0.02,0.01,263.473,255.164,255.764
1781332693.270756,16.845,5.929,0.019,0.01,263.275,255.274,255.826
1781332693.271071,16.113,5.429,0.018,0.009,262.957,255.388,255.99
1781332693.283042,15.324,5.143,0.017,0.009,262.699,255.542,256.062
1781332693.29816,14.704,4.714,0.017,0.008,262.481,255.613,256.185
1781332693.309957,13.577,4.5,0.015,0.008,262.14,255.872,256.23
1781332693.3249931,13.408,4.786,0.015,0.008,262.195,255.941,256.111
1781332693.336142,12.676,4.857,0.014,0.008,262.012,256.141,256.076
1781332693.351359,12.225,4.857,0.014,0.009,261.936,256.217,256.067
1781332693.366436,11.437,4.929,0.013,0.009,261.759,256.411,256.034
1781332693.3777542,10.817,4.714,0.012,0.008,261.558,256.519,256.109
1781332693.392863,10.085,4.786,0.012,0.008,261.409,256.69,256.074
1781332693.407839,8.901,4.643,0.01,0.008,261.044,256.98,256.121
1781332693.419893,7.775,4.5,0.009,0.008,260.743,257.221,256.161
1781332693.434954,7.211,4.5,0.008,0.008,260.625,257.341,256.153
1781332693.449614,6.423,4.5,0.007,0.008,260.464,257.501,256.145
1781332693.479638,5.352,4.786,0.006,0.009,260.231,257.827,256.044
1781332693.479887,4.282,4.429,0.005,0.008,259.92,258.0,256.166
1781332693.4871612,3.944,4.357,0.004,0.008,259.865,258.032,256.187
1781332693.502269,2.761,4.643,0.003,0.008,259.633,258.363,256.084
1781332693.5175302,1.915,4.214,0.002,0.008,259.377,258.46,256.233
1781332693.5286632,0.789,4.571,0.001,0.008,259.176,258.795,256.103
1781332693.5437179,0.0,4.571,0.0,0.008,258.989,258.98,256.103
1781332693.559595,-1.127,4.643,-0.001,0.008,258.744,259.255,256.076
1781332693.570813,-2.141,4.857,-0.002,0.009,258.56,259.525,255.998
1781332693.586061,-2.817,5.0,-0.003,0.009,258.434,259.703,255.951
1781332693.6011012,-3.775,4.714,-0.004,0.009,258.18,259.855,256.052
1781332693.612192,-4.563,4.786,-0.005,0.009,258.011,260.056,256.029
1781332693.627305,-5.408,5.0,-0.006,0.009,257.878,260.273,255.955
1781332693.642205,-6.085,4.643,-0.007,0.008,257.662,260.363,256.082
1781332693.653578,-7.211,4.571,-0.008,0.008,257.395,260.619,256.105
1781332693.66858,-7.775,4.643,-0.008,0.008,257.295,260.757,256.075
1781332693.70704,-8.394,4.643,-0.009,0.009,257.191,260.872,256.072
1781332693.7074409,-9.408,4.857,-0.01,0.009,256.998,261.164,255.994
1781332693.7104352,-10.141,4.714,-0.011,0.009,256.828,261.292,256.045
1781332693.7254279,-10.761,4.786,-0.012,0.009,256.723,261.433,256.02
1781332693.740479,-11.155,5.0,-0.012,0.009,256.685,261.557,255.945
1781332693.75181,-11.549,5.0,-0.012,0.009,256.622,261.618,255.953
1781332693.766766,-11.775,5.286,-0.012,0.009,256.655,261.687,255.858
1781332693.781949,-12.507,5.286,-0.013,0.009,256.473,261.873,255.869
1781332693.7969532,-13.183,5.643,-0.014,0.01,256.372,262.112,255.756
1781332693.8082309,-13.07,5.429,-0.014,0.01,256.398,261.991,255.839
1781332693.8234298,-13.352,5.429,-0.014,0.01,256.349,262.033,255.848
1781332693.838353,-13.69,5.5,-0.014,0.01,256.293,262.12,255.827
1781332693.850198,-13.859,5.5,-0.014,0.01,256.272,262.142,255.829
1781332693.8651571,-13.634,5.571,-0.014,0.01,256.371,262.054,255.808
1781332693.880342,-13.915,5.786,-0.014,0.01,256.329,262.18,255.738
1781332693.8953679,-13.69,5.786,-0.014,0.01,256.408,262.085,255.744
1781332693.935947,-13.634,6.0,-0.014,0.01,256.47,262.093,255.675
1781332693.9363241,-13.408,5.929,-0.013,0.01,256.521,261.999,255.709
1781332693.936667,-13.07,5.786,-0.013,0.01,256.593,261.863,255.76
1781332693.947715,-13.127,5.786,-0.013,0.01,256.567,261.892,255.759
1781332693.962832,-12.732,6.071,-0.012,0.01,256.721,261.83,255.664
1781332693.977973,-12.056,6.214,-0.011,0.011,256.931,261.649,255.62
1781332693.993098,-11.775,6.286,-0.011,0.011,256.993,261.599,255.604
1781332694.005076,-10.93,6.429,-0.01,0.011,257.238,261.377,255.566
1781332694.020073,-10.31,6.786,-0.009,0.011,257.445,261.278,255.455
1781332694.0352829,-10.028,6.929,-0.009,0.011,257.522,261.238,255.416
1781332694.0467641,-9.408,6.929,-0.008,0.011,257.66,261.074,255.432
1781332694.0617962,-8.789,6.929,-0.008,0.011,257.797,260.919,255.441
1781332694.077006,-8.225,7.071,-0.007,0.012,257.942,260.812,255.399
1781332694.091855,-7.606,6.929,-0.006,0.011,258.051,260.641,255.451
1781332694.103035,-6.93,6.429,-0.005,0.011,258.137,260.363,255.623
1781332694.118565,-6.141,6.357,-0.004,0.01,258.33,260.144,255.64
1781332694.158657,-5.352,6.0,-0.004,0.01,258.449,259.901,255.752
1781332694.159059,-4.394,6.286,-0.002,0.01,258.739,259.724,255.641
1781332694.1597471,-3.887,5.929,-0.002,0.01,258.787,259.549,255.759
1781332694.175105,-3.437,5.929,-0.001,0.01,258.888,259.459,255.747
1781332694.18622,-1.859,5.786,0.001,0.01,259.298,259.021,255.773
1781332694.201441,-1.07,5.714,0.001,0.01,259.46,258.85,255.782
1781332694.2166138,-0.451,5.786,0.002,0.01,259.591,258.759,255.745
1781332694.227822,0.225,5.929,0.003,0.01,259.781,258.627,255.693
1781332694.242956,1.127,6.071,0.004,0.01,260.015,258.456,255.639
1781332694.258282,2.085,5.571,0.005,0.01,260.145,258.15,255.811
1781332694.2700648,2.93,5.929,0.006,0.01,260.403,258.036,255.683
1781332694.285301,3.606,5.786,0.007,0.01,260.542,257.851,255.733
1781332694.296691,4.338,5.429,0.007,0.01,260.634,257.642,255.85
1781332694.311738,5.239,5.357,0.008,0.009,260.836,257.436,255.865
1781332694.326707,6.141,5.286,0.009,0.009,261.042,257.227,255.881
1781332694.338136,6.592,5.5,0.01,0.01,261.177,257.182,255.802
1781332694.3838809,7.662,5.786,0.011,0.01,261.505,256.983,255.699
1781332694.384274,8.338,5.643,0.012,0.01,261.621,256.828,255.747
1781332694.384597,9.127,5.357,0.013,0.009,261.779,256.578,255.851
1781332694.394998,9.577,5.214,0.013,0.009,261.849,256.472,255.892
1781332694.4061189,10.479,5.071,0.014,0.009,262.047,256.25,255.935
1781332694.421206,10.873,5.214,0.014,0.009,262.131,256.231,255.879
1781332694.436265,11.493,5.143,0.015,0.009,262.258,256.098,255.898
1781332694.447552,11.944,5.5,0.016,0.01,262.438,256.067,255.768
1781332694.462655,12.507,5.429,0.016,0.01,262.545,255.946,255.794
1781332694.477908,13.014,5.571,0.017,0.01,262.686,255.872,255.742
1781332694.489714,13.69,5.357,0.017,0.01,262.816,255.682,255.819
1781332694.504782,13.69,5.143,0.017,0.009,262.735,255.679,255.893
1781332694.520032,14.141,5.143,0.018,0.009,262.845,255.594,255.881
1781332694.531229,14.254,5.071,0.018,0.009,262.826,255.59,255.901
1781332694.5462148,14.761,5.143,0.018,0.009,262.98,255.486,255.872
1781332694.5613492,14.592,5.286,0.018,0.01,262.92,255.592,255.817
1781332694.607477,14.817,5.143,0.018,0.009,262.952,255.514,255.867
1781332694.607954,14.873,5.143,0.018,0.009,262.951,255.52,255.863
1781332694.608284,15.268,4.857,0.019,0.009,263.013,255.371,255.957
1781332694.6135051,15.099,4.857,0.018,0.009,262.943,255.438,255.952
1781332694.6285892,14.761,5.0,0.018,0.009,262.854,255.569,255.899
1781332694.643568,14.761,4.714,0.018,0.009,262.801,255.522,255.993
1781332694.6556191,14.93,5.0,0.018,0.009,262.914,255.523,255.892
1781332694.670553,14.535,4.929,0.017,0.009,262.766,255.627,255.918
1781332694.685629,14.366,4.929,0.017,0.009,262.719,255.671,255.915
1781332694.697014,13.859,4.786,0.016,0.009,262.54,255.783,255.962
1781332694.7119098,13.352,4.571,0.016,0.009,262.354,255.883,256.027
1781332694.7270331,13.127,4.714,0.016,0.009,262.34,255.951,255.971
1781332694.7386508,12.507,4.714,0.015,0.009,262.155,256.121,255.966
1781332694.753435,11.887,4.429,0.014,0.009,261.923,256.233,256.064
1781332694.765246,11.38,4.643,0.013,0.009,261.852,256.382,255.979
1781332694.7804859,10.704,4.429,0.013,0.009,261.643,256.507,256.045
1781332694.824866,10.254,4.429,0.012,0.009,261.532,256.613,256.039
1781332694.825289,9.746,4.357,0.011,0.009,261.394,256.721,256.058
1781332694.8256,8.676,4.714,0.01,0.009,261.172,257.051,255.935
1781332694.836576,8.282,4.857,0.01,0.009,261.136,257.13,255.889
1781332694.847789,7.831,4.857,0.009,0.009,261.028,257.229,255.892
1781332694.8628569,7.211,4.929,0.009,0.009,260.898,257.368,255.875
1781332694.877884,6.31,5.214,0.008,0.01,260.72,257.634,255.779
1781332694.8897421,5.521,5.071,0.007,0.01,260.479,257.805,255.835
1781332694.9047601,4.676,4.857,0.005,0.009,260.215,257.98,255.91
1781332694.916203,4.056,4.929,0.005,0.009,260.11,258.109,255.884
1781332694.931201,3.268,5.0,0.004,0.009,259.945,258.288,255.865
1781332694.946301,2.366,5.357,0.003,0.01,259.797,258.561,255.742
1781332694.957563,1.972,5.143,0.003,0.01,259.679,258.594,255.82
1781332694.972609,1.127,5.357,0.002,0.01,259.521,258.821,255.752
1781332694.987493,0.563,5.286,0.001,0.01,259.397,258.913,255.782
1781332694.9990778,-0.563,5.5,-0.0,0.01,259.144,259.238,255.713
1781332695.0428731,-0.789,5.5,-0.0,0.01,259.121,259.256,255.717
1781332695.043333,-1.803,5.5,-0.002,0.01,258.869,259.503,255.724
1781332695.043664,-2.761,5.286,-0.003,0.01,258.609,259.688,255.798
1781332695.055773,-3.437,5.571,-0.003,0.01,258.522,259.882,255.699
1781332695.071021,-3.775,5.571,-0.004,0.01,258.462,259.94,255.703
1781332695.082113,-4.563,5.357,-0.004,0.01,258.243,260.079,255.784
1781332695.097114,-5.07,6.0,-0.005,0.011,258.268,260.29,255.565
1781332695.112298,-5.746,6.071,-0.006,0.011,258.125,260.453,255.552
1781332695.123519,-6.535,6.143,-0.007,0.011,257.947,260.653,255.539
1781332695.138465,-6.648,6.0,-0.007,0.011,257.926,260.616,255.593
1781332695.1535912,-7.38,6.071,-0.007,0.011,257.765,260.808,255.572
1781332695.1654909,-7.831,6.357,-0.008,0.011,257.726,260.948,255.483
1781332695.1804538,-8.282,6.357,-0.008,0.011,257.635,261.039,255.488
1781332695.19544,-8.676,6.357,-0.009,0.011,257.541,261.134,255.492
1781332695.210519,-9.07,6.357,-0.009,0.011,257.463,261.214,255.495
1781332695.221948,-9.69,6.357,-0.01,0.011,257.318,261.371,255.494
1781332695.2658381,-10.085,6.286,-0.01,0.011,257.229,261.438,255.519
1781332695.26631,-10.366,6.286,-0.01,0.011,257.179,261.489,255.522
1781332695.266627,-10.366,6.214,-0.01,0.011,257.192,261.45,255.545
1781332695.277964,-10.704,6.357,-0.011,0.011,257.142,261.559,255.496
1781332695.2929752,-10.648,6.214,-0.011,0.011,257.159,261.483,255.547
1781332695.30806,-10.648,6.143,-0.01,0.011,257.166,261.449,255.571
1781332695.319989,-10.93,6.357,-0.011,0.011,257.133,261.569,255.496
1781332695.334944,-10.986,6.071,-0.011,0.011,257.074,261.523,255.593
1781332695.3500018,-10.704,6.071,-0.01,0.011,257.175,261.419,255.589
1781332695.361312,-10.592,5.929,-0.01,0.01,257.193,261.354,255.631
1781332695.376596,-10.648,5.786,-0.01,0.01,257.156,261.355,255.666
1781332695.3914292,-10.366,5.214,-0.01,0.01,257.146,261.163,255.85
1781332695.406574,-10.31,5.286,-0.01,0.01,257.179,261.171,255.81
1781332695.417928,-10.028,5.357,-0.009,0.01,257.279,261.111,255.767
1781332695.432853,-9.577,5.429,-0.009,0.01,257.42,261.002,255.729
1781332695.4479969,-9.183,5.143,-0.008,0.01,257.47,260.846,255.824
1781332695.491379,-8.676,4.929,-0.008,0.009,257.569,260.675,255.883
1781332695.4918232,-8.282,4.643,-0.007,0.009,257.621,260.521,255.975
1781332695.492138,-7.606,4.571,-0.006,0.009,257.791,260.336,255.982
1781332695.50102,-7.211,4.643,-0.006,0.009,257.893,260.275,255.939
1781332695.5160232,-6.93,4.214,-0.006,0.008,257.87,260.153,256.075
1781332695.5310888,-6.31,4.571,-0.005,0.009,258.118,260.035,255.944
1781332695.542551,-5.69,4.071,-0.004,0.008,258.206,259.761,256.116
1781332695.557639,-4.901,3.714,-0.003,0.008,258.334,259.52,256.219
1781332695.5725849,-4.451,3.786,-0.003,0.008,258.438,259.466,256.17
1781332695.5875788,-3.718,3.714,-0.002,0.008,258.607,259.285,256.179
1781332695.598575,-3.775,3.571,-0.002,0.008,258.545,259.302,256.223
1781332695.6136682,-3.775,3.571,-0.002,0.008,258.545,259.302,256.223
1781332695.628654,-2.085,2.5,0.0,0.006,258.817,258.651,256.583
1781332695.6405802,-1.465,3.214,0.001,0.007,259.08,258.682,256.302
1781332695.655344,-0.958,3.0,0.001,0.007,259.136,258.566,256.36
1781332695.670072,-0.845,3.143,0.001,0.007,259.18,258.581,256.304
1781332695.713769,-0.845,3.143,0.001,0.007,259.18,258.581,256.304
1781332695.7141461,1.239,2.714,0.004,0.007,259.723,257.908,256.441
1781332695.714456,1.521,2.714,0.005,0.007,259.751,257.895,256.427
1781332695.722368,2.085,2.357,0.005,0.006,259.788,257.753,256.531
1781332695.7370582,2.648,2.786,0.006,0.007,260.0,257.715,256.369
1781332695.748366,2.648,2.786,0.006,0.007,260.0,257.715,256.369
1781332695.763408,4.0,2.286,0.007,0.006,260.287,257.27,256.536
1781332695.77865,4.507,2.357,0.008,0.007,260.375,257.226,256.498
1781332695.790219,5.07,2.5,0.008,0.007,260.503,257.162,256.442
1781332695.80516,5.521,2.357,0.009,0.007,260.573,257.049,256.488
1781332695.816142,5.521,2.357,0.009,0.007,260.573,257.049,256.488
1781332695.831381,6.817,3.0,0.011,0.008,261.1,256.789,256.259
1781332695.846551,7.38,3.143,0.011,0.008,261.209,256.73,256.217
1781332695.85788,7.718,3.357,0.011,0.008,261.303,256.714,256.148
1781332695.87257,8.507,3.5,0.012,0.008,261.505,256.562,256.115
1781332695.887636,8.282,3.714,0.012,0.009,261.414,256.709,256.051
1781332695.9322398,8.901,4.357,0.012,0.01,261.672,256.677,255.849
1781332695.9326808,9.239,4.286,0.013,0.009,261.746,256.574,255.884
1781332695.932993,9.746,4.857,0.013,0.01,261.948,256.559,255.718
1781332695.940681,10.085,4.857,0.013,0.01,261.987,256.492,255.749
1781332695.955721,10.423,5.286,0.014,0.011,262.118,256.5,255.624
1781332695.966914,10.817,4.786,0.014,0.01,262.114,256.311,255.814
1781332695.982118,11.042,5.071,0.014,0.01,262.198,256.324,255.726
1781332695.997262,10.93,5.214,0.014,0.01,262.145,256.407,255.691
1781332696.008568,11.155,5.571,0.014,0.011,262.256,256.417,255.583
1781332696.023833,11.155,5.786,0.014,0.011,262.276,256.463,255.52
1781332696.0387478,11.268,5.857,0.014,0.011,262.299,256.447,255.516
1781332696.050935,11.437,6.286,0.014,0.012,262.415,256.475,255.385
1781332696.065867,11.437,6.357,0.014,0.012,262.402,256.491,255.381
1781332696.080839,11.211,6.429,0.014,0.012,262.328,256.572,255.368
1781332696.092175,11.268,6.857,0.014,0.012,262.421,256.622,255.237
1781332696.10721,11.211,6.786,0.014,0.012,262.372,256.617,255.284
1781332696.1514041,10.761,6.786,0.013,0.012,262.217,256.742,255.298
1781332696.1518831,10.592,6.929,0.013,0.012,262.198,256.801,255.258
1781332696.152201,10.704,6.929,0.013,0.012,262.242,256.754,255.265
1781332696.163567,10.028,7.071,0.012,0.012,262.05,256.97,255.224
1781332696.175337,9.803,7.0,0.012,0.012,261.977,257.003,255.257
1781332696.1904309,9.69,7.0,0.012,0.012,261.962,257.012,255.262
1781332696.201779,9.465,7.0,0.012,0.012,261.903,257.064,255.264
1781332696.216789,9.014,6.857,0.011,0.012,261.751,257.149,255.316
1781332696.231765,8.282,7.071,0.01,0.012,261.583,257.378,255.245
1781332696.2432268,7.718,6.857,0.01,0.012,261.394,257.478,255.317
1781332696.2585752,7.437,6.643,0.009,0.012,261.292,257.502,255.386
1781332696.2736268,6.761,6.643,0.008,0.012,261.119,257.674,255.378
1781332696.285599,6.197,6.357,0.008,0.011,260.933,257.756,255.468
1781332696.300426,5.859,6.071,0.007,0.011,260.827,257.767,255.553
1781332696.311737,5.239,6.143,0.007,0.011,260.673,257.949,255.518
1781332696.326754,4.845,6.214,0.006,0.011,260.616,258.042,255.482
1781332696.365719,4.0,6.143,0.005,0.011,260.384,258.247,255.498
1781332696.366053,3.887,6.214,0.005,0.011,260.401,258.262,255.468
1781332696.367837,3.493,5.929,0.005,0.011,260.276,258.288,255.559
1781332696.3829398,2.873,5.857,0.004,0.011,260.116,258.429,255.572
1781332696.3948328,2.254,5.714,0.003,0.011,259.949,258.553,255.608
1781332696.409893,1.915,5.5,0.003,0.01,259.842,258.591,255.671
1781332696.421247,1.183,5.5,0.002,0.01,259.669,258.776,255.657
1781332696.436235,0.507,5.143,0.001,0.01,259.449,258.877,255.767
1781332696.4514391,0.056,5.357,0.001,0.01,259.389,259.026,255.682
1781332696.462684,-0.451,4.929,0.0,0.01,259.192,259.072,255.825
1781332696.477838,-0.901,4.714,-0.0,0.009,259.075,259.126,255.883
1781332696.492938,-1.972,4.786,-0.002,0.01,258.813,259.439,255.838
1781332696.505101,-2.31,4.786,-0.002,0.01,258.773,259.494,255.823
1781332696.519722,-2.648,4.429,-0.002,0.009,258.657,259.486,255.942
1781332696.533916,-2.93,4.143,-0.002,0.009,258.537,259.509,256.035
1781332696.54963,-3.38,4.214,-0.003,0.009,258.452,259.638,255.995
1781332696.593143,-4.056,3.929,-0.004,0.008,258.234,259.768,256.083
1781332696.593502,-4.507,3.643,-0.004,0.008,258.116,259.81,256.157
1781332696.593823,-4.901,3.143,-0.005,0.007,257.948,259.816,256.315
1781332696.601727,-5.183,3.214,-0.005,0.008,257.942,259.883,256.256
1781332696.6165178,-5.465,2.929,-0.005,0.007,257.844,259.898,256.339
1781332696.6312902,-5.465,2.929,-0.005,0.007,257.844,259.898,256.339
1781332696.642408,-5.465,2.929,-0.005,0.007,257.844,259.898,256.339
1781332696.657363,-5.465,2.929,-0.005,0.007,257.844,259.898,256.339
1781332696.672451,-6.648,2.357,-0.007,0.007,257.455,260.129,256.502
1781332696.683839,-7.662,2.071,-0.008,0.006,257.168,260.358,256.571
1781332696.6987782,-7.606,2.0,-0.008,0.006,257.224,260.296,256.573
1781332696.7138171,-7.718,1.786,-0.008,0.006,257.212,260.26,256.62
1781332696.726065,-7.775,1.714,-0.007,0.006,257.231,260.241,256.618
1781332696.740902,-7.775,1.643,-0.007,0.006,257.256,260.209,256.624
1781332696.755893,-7.887,1.714,-0.007,0.006,257.264,260.244,256.582
1781332696.770872,-7.775,1.786,-0.007,0.006,257.327,260.212,256.551
1781332696.8146539,-8.056,1.857,-0.007,0.007,257.272,260.309,256.514
1781332696.815124,-7.944,1.714,-0.007,0.006,257.296,260.236,256.559
1781332696.815435,-8.0,1.571,-0.007,0.006,257.26,260.228,256.601
1781332696.823165,-7.887,1.571,-0.007,0.006,257.302,260.191,256.595
1781332696.838259,-7.606,1.5,-0.007,0.006,257.379,260.089,256.616
1781332696.853301,-7.549,1.857,-0.007,0.007,257.457,260.143,256.488
1781332696.865176,-7.437,1.786,-0.006,0.007,257.473,260.097,256.515
1781332696.880207,-7.155,2.286,-0.006,0.007,257.64,260.106,256.342
1781332696.89502,-7.042,2.071,-0.006,0.007,257.624,260.036,256.424
1781332696.9063292,-6.648,2.0,-0.005,0.007,257.715,259.908,256.455
1781332696.920955,-6.648,2.0,-0.005,0.007,257.715,259.908,256.455
1781332696.935698,-6.648,2.0,-0.005,0.007,257.715,259.908,256.455
1781332696.9473002,-5.69,3.0,-0.004,0.008,258.187,259.791,256.106
1781332696.962352,-5.127,3.286,-0.003,0.009,258.373,259.681,256.03
1781332696.9773781,-4.789,3.786,-0.003,0.009,258.504,259.698,255.888
1781332696.9923651,-4.282,4.071,-0.002,0.01,258.649,259.615,255.828
1781332697.0364401,-4.169,4.357,-0.002,0.01,258.694,259.649,255.753
1781332697.036886,-3.606,4.929,-0.002,0.011,258.912,259.597,255.595
1781332697.037215,-3.099,5.071,-0.001,0.011,259.035,259.48,255.588
1781332697.045457,-2.704,5.429,-0.001,0.011,259.161,259.45,255.498
1781332697.0606878,-2.197,4.786,-0.0,0.01,259.15,259.201,255.741
1781332697.075712,-1.972,5.5,0.0,0.011,259.324,259.283,255.501
1781332697.087035,-1.69,5.286,0.0,0.011,259.319,259.186,255.597
1781332697.101863,-1.296,5.571,0.001,0.011,259.449,259.142,255.517
1781332697.1169028,-0.901,5.643,0.001,0.011,259.553,259.054,255.503
1781332697.128238,-0.451,5.786,0.002,0.011,259.69,258.96,255.464
1781332697.143424,0.113,5.929,0.002,0.011,259.837,258.851,255.429
1781332697.155287,1.014,6.071,0.004,0.012,260.102,258.631,255.392
1781332697.1706429,1.183,6.286,0.004,0.012,260.135,258.658,255.336
1781332697.185506,1.577,6.429,0.004,0.012,260.253,258.586,255.296
1781332697.1969569,2.197,6.643,0.005,0.012,260.441,258.464,255.24
1781332697.211823,2.254,6.429,0.005,0.012,260.362,258.447,255.327
1781332697.25331,3.099,6.571,0.006,0.012,260.615,258.245,255.288
1781332697.253668,3.493,6.714,0.006,0.012,260.736,258.176,255.244
1781332697.2540019,4.113,6.714,0.007,0.012,260.885,258.022,255.256
1781332697.264844,4.451,7.214,0.007,0.013,261.037,258.048,255.094
1781332697.2799091,4.789,6.929,0.008,0.012,261.04,257.93,255.203
1781332697.294901,5.127,6.857,0.008,0.012,261.105,257.839,255.231
1781332697.30606,5.352,6.643,0.008,0.012,261.099,257.767,255.307
1781332697.321217,5.577,6.571,0.008,0.012,261.124,257.723,255.325
1781332697.336309,6.254,6.429,0.009,0.012,261.29,257.524,255.367
1781332697.3475718,6.197,6.5,0.009,0.012,261.261,257.583,255.337
1781332697.3625312,6.535,6.357,0.009,0.012,261.317,257.489,255.377
1781332697.37402,6.648,6.357,0.009,0.012,261.327,257.489,255.368
1781332697.389729,7.437,6.286,0.01,0.012,261.549,257.267,255.384
1781332697.4045818,7.38,6.143,0.01,0.011,261.482,257.282,255.429
1781332697.4158368,7.549,6.071,0.01,0.011,261.504,257.244,255.446
1781332697.431024,7.775,5.929,0.011,0.011,261.533,257.174,255.488
1781332697.4715672,7.944,5.786,0.011,0.011,261.549,257.115,255.53
1781332697.471911,8.169,5.714,0.011,0.011,261.597,257.061,255.54
1781332697.4722261,8.225,5.786,0.011,0.011,261.614,257.082,255.505
1781332697.483299,7.944,5.571,0.011,0.011,261.469,257.148,255.571
1781332697.498497,8.507,5.143,0.011,0.01,261.572,256.909,255.711
1781332697.513637,8.225,5.071,0.011,0.01,261.461,257.007,255.715
1781332697.5254898,8.338,4.643,0.011,0.01,261.423,256.912,255.843
1781332697.540544,7.831,4.357,0.01,0.009,261.211,257.035,255.914
1781332697.555594,8.056,4.143,0.011,0.009,261.258,256.933,255.972
1781332697.567022,8.0,3.714,0.011,0.008,261.181,256.88,256.095
1781332697.582102,7.831,3.143,0.01,0.008,261.039,256.843,256.261
1781332697.593405,7.662,2.786,0.01,0.007,260.945,256.842,256.349
1781332697.608455,7.38,2.571,0.01,0.007,260.836,256.896,256.396
1781332697.623446,7.268,2.286,0.01,0.007,260.779,256.886,256.459
1781332697.635631,7.099,2.071,0.009,0.007,260.717,256.905,256.498
1781332697.650663,6.761,1.571,0.009,0.006,260.546,256.922,256.639
1781332697.694814,6.479,1.357,0.009,0.006,260.427,256.971,256.702
1781332697.6952598,6.085,1.143,0.008,0.006,260.308,257.049,256.736
1781332697.6955872,5.803,0.643,0.008,0.005,260.172,257.036,256.878
1781332697.702759,5.408,1.0,0.007,0.006,260.16,257.207,256.719
1781332697.7179048,5.127,0.571,0.007,0.005,260.019,257.204,256.855
1781332697.732932,4.958,0.5,0.007,0.005,259.994,257.229,256.853
1781332697.744738,4.732,0.5,0.007,0.005,259.961,257.28,256.834
1781332697.7598069,4.338,0.571,0.006,0.005,259.885,257.393,256.794
1781332697.77488,3.944,0.429,0.006,0.005,259.756,257.474,256.837
1781332697.786182,3.493,0.5,0.005,0.005,259.661,257.598,256.803
1781332697.801276,3.268,0.357,0.005,0.005,259.604,257.613,256.843
1781332697.81282,2.873,0.5,0.004,0.005,259.53,257.743,256.786
1781332697.827921,2.704,0.643,0.004,0.006,259.54,257.786,256.733
1781332697.842816,2.085,0.5,0.004,0.005,259.352,257.923,256.779
1781332697.8538072,1.803,0.643,0.003,0.006,259.323,258.003,256.728
1781332697.869631,1.521,0.857,0.003,0.006,259.294,258.106,256.655
1781332697.9133089,1.296,0.786,0.003,0.006,259.241,258.127,256.686
1781332697.913707,0.676,1.0,0.002,0.006,259.116,258.32,256.617
1781332697.914051,0.225,1.429,0.001,0.007,259.086,258.494,256.477
1781332697.9214652,0.0,1.571,0.001,0.007,259.05,258.575,256.433
1781332697.936567,0.0,1.571,0.001,0.007,259.05,258.575,256.433
1781332697.951701,-0.62,1.929,0.0,0.007,258.948,258.776,256.337
1781332697.9630249,-1.183,2.571,-0.0,0.008,258.919,259.009,256.142
1781332697.978195,-1.352,2.857,-0.0,0.009,258.936,259.071,256.068
1781332697.993289,-1.634,3.071,-0.001,0.009,258.904,259.142,256.03
1781332698.0084422,-1.972,3.286,-0.001,0.009,258.865,259.233,255.982
1781332698.020313,-2.648,3.643,-0.002,0.009,258.737,259.465,255.885
1781332698.035584,-2.817,4.214,-0.002,0.01,258.81,259.572,255.716
1781332698.050414,-2.817,4.286,-0.002,0.01,258.828,259.566,255.704
1781332698.0617359,-3.437,4.643,-0.003,0.011,258.709,259.778,255.619
1781332698.076658,-3.493,5.0,-0.003,0.011,258.77,259.808,255.533
1781332698.091789,-3.775,5.429,-0.003,0.011,258.77,259.929,255.421
1781332698.1397069,-4.0,5.286,-0.003,0.011,258.682,259.942,255.492
1781332698.14016,-4.113,5.643,-0.003,0.012,258.725,260.006,255.392
1781332698.140479,-4.563,5.786,-0.004,0.012,258.619,260.138,255.371
1781332698.1446981,-4.732,6.143,-0.004,0.012,258.643,260.223,255.271
1781332698.1596842,-5.07,6.214,-0.004,0.012,258.557,260.307,255.274
1781332698.1746109,-4.901,6.357,-0.004,0.012,258.646,260.252,255.24
1781332698.1858501,-5.127,6.143,-0.004,0.012,258.546,260.258,255.33
1781332698.200889,-5.352,6.143,-0.004,0.012,258.485,260.309,255.34
1781332698.215876,-5.07,6.0,-0.004,0.012,258.56,260.173,255.395
1781332698.231086,-5.352,6.357,-0.004,0.012,258.541,260.328,255.27
1781332698.2424068,-5.296,6.786,-0.004,0.013,258.641,260.374,255.134
1781332698.257463,-5.183,6.929,-0.004,0.013,258.696,260.35,255.104
1781332698.272489,-5.07,7.214,-0.004,0.013,258.773,260.354,255.028
1781332698.283759,-4.901,7.429,-0.004,0.013,258.855,260.327,254.975
1781332698.298665,-4.732,7.786,-0.003,0.014,258.964,260.337,254.864
1781332698.313617,-4.732,7.643,-0.003,0.014,258.918,260.307,254.934
1781332698.359514,-4.563,7.786,-0.003,0.014,258.982,260.277,254.902
1781332698.359963,-4.338,7.929,-0.003,0.014,259.062,260.234,254.866
1781332698.360287,-4.394,8.214,-0.003,0.014,259.084,260.31,254.777
1781332698.3666701,-4.225,8.0,-0.003,0.014,259.08,260.216,254.866
1781332698.3817658,-3.944,8.0,-0.002,0.014,259.154,260.134,254.872
1781332698.396607,-3.831,8.071,-0.002,0.014,259.183,260.122,254.856
1781332698.40767,-3.606,8.0,-0.002,0.014,259.236,260.04,254.882
1781332698.4225862,-3.606,8.0,-0.002,0.014,259.236,260.04,254.882
1781332698.4375129,-2.761,7.929,-0.001,0.014,259.488,259.759,254.907
1781332698.452794,-2.704,7.357,-0.001,0.013,259.376,259.663,255.099
1781332698.464858,-2.31,7.5,-0.0,0.013,259.509,259.594,255.04
1781332698.479873,-1.972,7.357,0.0,0.013,259.568,259.49,255.081
1781332698.494845,-1.803,7.286,0.0,0.013,259.58,259.465,255.093
1781332698.5060039,-1.408,7.0,0.001,0.013,259.631,259.325,255.176
1781332698.5208452,-1.296,6.214,0.001,0.011,259.497,259.191,255.426
1781332698.532289,-1.127,6.143,0.001,0.011,259.529,259.154,255.431
1781332698.57359,-0.789,5.786,0.001,0.011,259.562,259.025,255.522
1781332698.573971,-0.563,5.5,0.002,0.011,259.573,258.942,255.589
1781332698.574285,-0.282,5.214,0.002,0.01,259.603,258.841,255.657
1781332698.588463,-0.056,5.071,0.002,0.01,259.64,258.774,255.686
1781332698.603528,0.507,4.929,0.003,0.01,259.785,258.615,255.701
1781332698.6154711,0.845,4.429,0.003,0.01,259.78,258.467,255.847
1781332698.63058,1.352,4.0,0.004,0.009,259.849,258.282,255.96
1781332698.64576,1.183,3.786,0.003,0.009,259.742,258.33,256.014
1781332698.6571069,1.859,2.857,0.004,0.008,259.777,258.002,256.298
1781332698.672262,1.972,2.714,0.004,0.007,259.775,258.003,256.3
1781332698.68343,1.972,2.786,0.004,0.008,259.785,258.06,256.235
1781332698.698508,1.915,3.071,0.004,0.008,259.815,258.154,256.116
1781332698.713326,2.31,2.5,0.005,0.008,259.831,257.956,256.293
1781332698.725298,2.761,2.071,0.005,0.007,259.892,257.762,256.424
1781332698.7404952,3.324,1.929,0.006,0.007,260.037,257.595,256.451
1781332698.7559412,3.549,1.5,0.006,0.006,260.015,257.484,256.581
1781332698.801976,3.944,1.571,0.007,0.007,260.143,257.421,256.523
1781332698.8024352,4.056,1.643,0.007,0.007,260.172,257.442,256.475
1781332698.8027468,4.113,1.5,0.007,0.007,260.146,257.436,256.505
1781332698.807827,4.282,1.429,0.007,0.007,260.176,257.395,256.518
1781332698.822983,4.62,0.929,0.007,0.006,260.176,257.231,256.679
1781332698.834752,4.563,0.857,0.007,0.006,260.129,257.271,256.684
1781332698.849856,5.07,0.929,0.008,0.006,260.298,257.159,256.636
1781332698.864807,5.07,0.714,0.008,0.006,260.248,257.14,256.702
1781332698.876107,5.127,0.857,0.008,0.006,260.283,257.175,256.635
1781332698.8911529,5.465,0.429,0.008,0.005,260.3,257.014,256.778
1781332698.902567,5.577,0.786,0.008,0.006,260.395,257.058,256.645
1781332698.917382,5.465,0.786,0.008,0.006,260.348,257.108,256.641
1781332698.932585,5.634,0.571,0.008,0.006,260.351,257.029,256.716
1781332698.943916,5.972,0.857,0.009,0.006,260.504,256.994,256.607
1781332698.958868,6.085,1.0,0.009,0.006,260.558,256.995,256.556
1781332698.974495,6.028,0.929,0.009,0.006,260.511,257.009,256.586
1781332699.0196302,6.085,1.071,0.009,0.006,260.541,257.024,256.543
1781332699.0200498,6.197,1.5,0.009,0.007,260.645,257.072,256.399
1781332699.02037,5.972,1.429,0.008,0.007,260.549,257.126,256.435
1781332699.026654,6.085,1.929,0.009,0.008,260.67,257.176,256.273
1781332699.04184,6.085,1.786,0.009,0.007,260.631,257.142,256.342
1781332699.052958,5.803,2.143,0.008,0.008,260.596,257.288,256.231
1781332699.067699,5.803,2.143,0.008,0.008,260.596,257.288,256.231
1781332699.082366,5.803,2.143,0.008,0.008,260.596,257.288,256.231
1781332699.093736,5.803,2.143,0.008,0.008,260.596,257.288,256.231
1781332699.108743,5.577,2.714,0.008,0.009,260.627,257.445,256.049
1781332699.1208682,5.183,3.143,0.007,0.009,260.575,257.615,255.931
1781332699.135654,5.07,3.5,0.007,0.01,260.604,257.683,255.838
1781332699.150869,5.07,3.643,0.007,0.01,260.632,257.684,255.811
1781332699.1620202,4.958,3.929,0.007,0.01,260.65,257.749,255.733
1781332699.1771939,4.845,4.071,0.007,0.01,260.639,257.778,255.714
1781332699.1920052,4.62,4.429,0.007,0.011,260.633,257.882,255.619
1781332699.232743,4.507,4.857,0.007,0.011,260.676,257.974,255.492
1781332699.233118,4.113,4.857,0.006,0.011,260.553,258.06,255.522
1781332699.233502,3.831,4.5,0.006,0.01,260.403,258.051,255.669
1781332699.245213,3.775,5.214,0.006,0.011,260.531,258.167,255.44
1781332699.260288,3.437,5.357,0.005,0.011,260.452,258.276,255.408
1781332699.2714481,3.268,5.714,0.005,0.012,260.474,258.358,255.31
1781332699.2865112,2.986,5.643,0.005,0.012,260.382,258.399,255.356
1781332699.301604,2.648,5.929,0.004,0.012,260.344,258.526,255.27
1781332699.312903,2.423,6.214,0.004,0.013,260.335,258.625,255.184
1781332699.3279612,2.254,6.0,0.004,0.012,260.256,258.604,255.276
1781332699.339762,2.028,6.357,0.004,0.013,260.268,258.707,255.169
1781332699.355117,1.408,6.071,0.003,0.012,260.03,258.817,255.283
1781332699.370201,1.408,6.357,0.003,0.012,260.107,258.844,255.187
1781332699.3815281,0.901,5.857,0.002,0.012,259.874,258.883,255.365
1781332699.396608,0.676,6.214,0.002,0.012,259.899,258.99,255.242
1781332699.411687,0.169,5.786,0.002,0.012,259.685,259.044,255.389
1781332699.472204,-0.169,5.857,0.001,0.012,259.612,259.147,255.36
1781332699.472555,-0.507,5.714,0.001,0.012,259.514,259.196,255.405
1781332699.472834,-0.507,5.786,0.001,0.012,259.568,259.177,255.373
1781332699.473103,-1.014,5.857,0.0,0.012,259.454,259.322,255.344
1781332699.479729,-1.296,5.643,-0.0,0.011,259.346,259.354,255.415
1781332699.49492,-1.521,5.857,-0.0,0.012,259.346,259.438,255.336
1781332699.5061529,-1.803,5.429,-0.001,0.011,259.206,259.424,255.48
1781332699.521305,-2.197,5.5,-0.001,0.011,259.125,259.542,255.445
1781332699.53625,-2.254,5.286,-0.001,0.011,259.093,259.501,255.514
1781332699.547421,-2.254,5.143,-0.001,0.011,259.087,259.464,255.554
1781332699.5625331,-2.479,5.571,-0.001,0.012,259.121,259.6,255.395
1781332699.577535,-2.817,5.429,-0.002,0.011,259.007,259.662,255.445
1781332699.588634,-2.761,5.5,-0.001,0.011,259.06,259.636,255.42
1781332699.604568,-2.648,5.429,-0.001,0.011,259.093,259.578,255.443
1781332699.619329,-2.704,5.214,-0.001,0.011,259.045,259.549,255.515
1781332699.6307268,-2.535,5.429,-0.001,0.011,259.147,259.529,255.437
1781332699.673281,-3.099,5.5,-0.002,0.011,258.986,259.72,255.411
1781332699.673634,-2.93,5.929,-0.001,0.012,259.127,259.733,255.267
1781332699.67604,-2.986,6.143,-0.002,0.012,259.15,259.781,255.201
1781332699.687306,-2.93,6.286,-0.001,0.013,259.194,259.773,255.167
1781332699.70222,-2.986,6.571,-0.001,0.013,259.219,259.831,255.09
1781332699.717518,-2.873,6.786,-0.001,0.013,259.286,259.822,255.036
1781332699.729339,-2.817,7.071,-0.001,0.014,259.347,259.85,254.953
1781332699.744527,-2.592,7.143,-0.001,0.014,259.426,259.785,254.94
1781332699.759733,-2.648,6.929,-0.001,0.013,259.352,259.761,255.031
1781332699.770934,-2.648,7.0,-0.001,0.013,259.359,259.774,255.013
1781332699.785884,-2.592,7.0,-0.001,0.013,259.371,259.753,255.021
1781332699.800988,-2.535,6.786,-0.001,0.013,259.342,259.7,255.096
1781332699.812275,-2.479,7.071,-0.001,0.013,259.41,259.738,254.998
1781332699.827289,-2.423,7.071,-0.001,0.013,259.421,259.724,255.001
1781332699.842243,-2.535,6.5,-0.001,0.012,259.276,259.661,255.194
1781332699.853604,-2.141,6.286,-0.0,0.012,259.363,259.505,255.257
1781332699.896929,-2.085,6.143,-0.0,0.012,259.354,259.471,255.298
1781332699.897311,-1.859,5.929,0.0,0.012,259.388,259.379,255.352
1781332699.8983948,-2.028,5.714,-0.0,0.012,259.293,259.417,255.405
1781332699.9104111,-1.915,5.429,-0.0,0.011,259.28,259.347,255.483
1781332699.9254599,-1.69,5.214,0.0,0.011,259.314,259.258,255.534
1781332699.940536,-1.803,4.786,-0.0,0.01,259.201,259.233,255.664
1781332699.9517481,-1.352,4.714,0.001,0.01,259.339,259.096,255.663
1781332699.966901,-1.408,4.429,0.0,0.01,259.269,259.088,255.736
1781332699.981716,-1.014,4.286,0.001,0.01,259.373,258.964,255.756
1781332699.993241,-1.014,4.071,0.001,0.01,259.334,258.942,255.813
1781332700.00807,-0.901,3.786,0.001,0.009,259.32,258.882,255.884
1781332700.0202692,-0.901,3.714,0.001,0.009,259.306,258.888,255.891
1781332700.034601,-0.901,3.714,0.001,0.009,259.306,258.888,255.891
1781332700.048757,-0.901,3.714,0.001,0.009,259.306,258.888,255.891
1781332700.060273,-0.901,3.714,0.001,0.009,259.306,258.888,255.891
1781332700.0750148,-0.901,3.714,0.001,0.009,259.306,258.888,255.891
1781332700.119288,-0.901,3.714,0.001,0.009,259.306,258.888,255.891
1781332700.1197498,0.338,1.571,0.003,0.006,259.307,258.143,256.607
1781332700.120071,0.676,1.214,0.003,0.006,259.348,258.052,256.656
1781332700.131219,0.845,0.786,0.003,0.006,259.323,257.991,256.74
1781332700.142569,0.732,0.5,0.003,0.005,259.234,258.015,256.802
1781332700.157623,1.239,0.143,0.004,0.005,259.334,257.844,256.874
1781332700.172558,1.577,0.071,0.004,0.005,259.428,257.776,256.851
1781332700.1843488,1.577,0.0,0.004,0.005,259.408,257.809,256.837
1781332700.199292,1.746,-0.071,0.004,0.005,259.446,257.768,256.841
1781332700.2106931,1.634,-0.286,0.004,0.005,259.364,257.799,256.889
1781332700.2257779,1.915,-0.5,0.004,0.005,259.41,257.705,256.938
1781332700.2407439,2.085,-0.714,0.004,0.004,259.421,257.64,256.991
1781332700.252081,2.366,-0.571,0.005,0.005,259.536,257.597,256.925
1781332700.2669199,2.479,-0.714,0.005,0.005,259.536,257.561,256.959
1781332700.282024,2.592,-0.857,0.005,0.004,259.536,257.523,256.997
1781332700.2932632,2.648,-0.714,0.005,0.005,259.572,257.552,256.934
1781332700.339158,2.817,-0.857,0.005,0.004,259.592,257.486,256.98
1781332700.33953,3.155,-0.643,0.006,0.005,259.728,257.437,256.899
1781332700.3398452,3.268,-0.5,0.006,0.005,259.773,257.443,256.85
1781332700.350142,3.493,-0.286,0.006,0.005,259.864,257.427,256.78
1781332700.365012,3.887,0.0,0.007,0.006,260.031,257.363,256.686
1781332700.376218,3.831,0.214,0.006,0.006,260.023,257.43,256.627
1781332700.391447,3.944,0.5,0.006,0.006,260.085,257.453,256.545
1781332700.4063911,4.113,0.929,0.007,0.007,260.195,257.479,256.417
1781332700.417727,4.338,1.286,0.007,0.007,260.314,257.473,256.311
1781332700.432846,4.394,1.286,0.007,0.007,260.299,257.459,256.339
1781332700.444801,4.394,1.571,0.007,0.008,260.327,257.509,256.264
1781332700.459902,4.394,2.214,0.007,0.009,260.427,257.617,256.066
1781332700.4749691,4.394,2.214,0.007,0.008,260.413,257.61,256.086
1781332700.486258,4.282,2.286,0.007,0.008,260.373,257.647,256.087
1781332700.500965,4.056,2.786,0.006,0.009,260.377,257.794,255.94
1781332700.516181,4.169,2.857,0.007,0.009,260.42,257.758,255.935
1781332700.561138,4.282,3.214,0.007,0.01,260.509,257.774,255.838
1781332700.561527,4.394,3.571,0.007,0.01,260.596,257.788,255.745
1781332700.56185,4.338,4.0,0.007,0.011,260.64,257.868,255.627
1781332700.5685902,4.338,3.857,0.007,0.01,260.599,257.834,255.697
1781332700.5842948,4.0,4.714,0.006,0.011,260.638,258.072,255.432
1781332700.5954392,4.0,4.786,0.006,0.011,260.638,258.064,255.441
1781332700.610522,4.113,4.857,0.006,0.011,260.681,258.021,255.443
1781332700.6255438,4.0,5.0,0.006,0.011,260.664,258.072,255.409
1781332700.636724,4.056,5.286,0.006,0.012,260.726,258.086,255.339
1781332700.6518898,3.831,5.286,0.006,0.012,260.64,258.14,255.366
1781332700.6631281,3.831,6.071,0.006,0.013,260.783,258.264,255.118
1781332700.678293,3.775,6.214,0.006,0.013,260.784,258.294,255.089
1781332700.693435,3.944,6.286,0.006,0.013,260.843,258.234,255.092
1781332700.705239,3.831,6.571,0.006,0.013,260.849,258.307,255.018
1781332700.7200158,3.718,6.786,0.006,0.014,260.847,258.368,254.962
1781332700.73503,3.662,6.929,0.006,0.014,260.847,258.393,254.938
1781332700.7795699,3.718,7.0,0.006,0.014,260.874,258.373,254.933
1781332700.7799208,3.38,7.071,0.006,0.014,260.771,258.48,254.924
1781332700.780233,3.549,7.071,0.006,0.014,260.828,258.417,254.933
1781332700.787264,3.268,7.429,0.005,0.014,260.805,258.554,254.824
1781332700.8024142,3.268,7.286,0.005,0.014,260.781,258.516,254.882
1781332700.814206,3.042,7.357,0.005,0.014,260.726,258.585,254.866
1781332700.8294022,3.099,7.357,0.005,0.014,260.749,258.555,254.874
1781332700.844388,2.817,7.357,0.005,0.014,260.665,258.63,254.88
1781332700.855582,2.592,7.643,0.005,0.014,260.656,258.737,254.787
1781332700.870798,2.254,7.429,0.004,0.014,260.513,258.791,254.865
1781332700.8819468,2.31,7.5,0.004,0.014,260.554,258.775,254.844
1781332700.8970351,2.197,7.429,0.004,0.014,260.519,258.779,254.872
1781332700.911951,2.028,7.5,0.004,0.014,260.491,258.832,254.848
1781332700.9233332,1.972,7.429,0.004,0.014,260.469,258.827,254.872
1781332700.9383638,1.803,7.071,0.004,0.013,260.364,258.801,254.992
1781332700.953523,1.69,7.0,0.004,0.013,260.339,258.812,255.005
1781332700.999239,1.127,6.929,0.003,0.013,260.161,258.971,255.018
1781332700.999692,1.239,6.429,0.003,0.013,260.122,258.833,255.184
1781332701.00001,0.845,6.286,0.003,0.012,259.999,258.923,255.212
1781332701.006538,0.845,5.929,0.003,0.012,259.965,258.853,255.309
1781332701.021882,0.338,5.357,0.002,0.011,259.729,258.902,255.482
1781332701.032883,0.338,5.214,0.002,0.011,259.727,258.878,255.506
1781332701.0478752,0.056,4.929,0.002,0.011,259.623,258.914,255.569
1781332701.062718,-0.225,4.786,0.001,0.011,259.531,258.975,255.597
1781332701.074625,-0.338,4.786,0.001,0.011,259.509,259.008,255.587
1781332701.089664,-0.507,4.571,0.001,0.01,259.449,259.015,255.636
1781332701.105102,-0.789,4.214,0.001,0.01,259.337,259.03,255.726
1781332701.1162271,-0.901,4.0,0.001,0.01,259.299,259.02,255.772
1781332701.131049,-1.07,3.643,0.001,0.009,259.217,259.002,255.867
1781332701.142516,-1.239,3.357,0.0,0.009,259.132,259.0,255.949
1781332701.157352,-1.239,3.143,0.0,0.009,259.128,258.96,255.991
1781332701.17235,-1.577,3.071,-0.0,0.009,259.033,259.056,255.989
1781332701.212794,-1.69,2.714,-0.0,0.008,258.964,259.022,256.088
1781332701.2131672,-1.803,2.571,-0.0,0.008,258.924,259.03,256.118
1781332701.2135081,-1.915,2.429,-0.0,0.008,258.892,259.036,256.143
1781332701.228159,-1.972,2.143,-0.0,0.008,258.848,258.999,256.221
1781332701.2399201,-1.972,1.714,-0.0,0.007,258.795,258.922,256.345
1781332701.255035,-2.141,1.643,-0.001,0.007,258.755,258.968,256.339
1781332701.270059,-2.254,1.429,-0.001,0.007,258.696,258.967,256.397
1781332701.281409,-2.423,1.0,-0.001,0.007,258.587,258.951,256.517
1781332701.2965078,-2.479,0.786,-0.001,0.006,258.558,258.933,256.563
1781332701.311571,-2.423,0.786,-0.001,0.006,258.599,258.916,256.539
1781332701.322633,-2.31,0.643,-0.001,0.006,258.62,258.857,256.575
1781332701.337609,-2.366,0.643,-0.001,0.006,258.619,258.877,256.556
1781332701.352868,-2.366,0.286,-0.001,0.006,258.565,258.817,256.667
1781332701.364913,-2.423,0.429,-0.001,0.006,258.581,258.865,256.605
1781332701.379828,-2.366,0.571,-0.001,0.006,258.633,258.879,256.542
1781332701.3949351,-2.479,0.357,-0.001,0.006,258.559,258.879,256.613
1781332701.4415538,-2.535,0.429,-0.001,0.006,258.561,258.913,256.578
1781332701.4420621,-2.254,0.286,-0.0,0.006,258.622,258.805,256.624
1781332701.442396,-2.197,0.429,-0.0,0.006,258.669,258.819,256.565
1781332701.451085,-2.085,0.429,-0.0,0.006,258.704,258.786,256.563
1781332701.462249,-2.197,0.429,-0.0,0.006,258.667,258.826,256.56
1781332701.4773152,-2.141,0.357,-0.0,0.006,258.672,258.798,256.582
1781332701.492533,-2.31,0.286,-0.001,0.006,258.599,258.844,256.608
1781332701.503586,-1.859,0.429,0.0,0.006,258.758,258.737,256.557
1781332701.5186,-1.69,0.5,0.0,0.006,258.819,258.702,256.533
1781332701.5345411,-1.859,0.571,-0.0,0.007,258.767,258.78,256.508
1781332701.545676,-1.465,0.643,0.001,0.007,258.892,258.676,256.488
1781332701.5606441,-1.296,0.857,0.001,0.007,258.969,258.669,256.42
1781332701.5758789,-1.465,0.857,0.0,0.007,258.904,258.726,256.427
1781332701.587017,-1.352,1.357,0.001,0.008,259.023,258.782,256.261
1781332701.601871,-1.465,1.286,0.0,0.007,258.954,258.805,256.304
1781332701.617057,-1.014,1.714,0.001,0.008,259.162,258.74,256.169
1781332701.6609979,-1.07,1.714,0.001,0.008,259.13,258.757,256.182
1781332701.661463,-0.845,2.143,0.001,0.009,259.262,258.763,256.051
1781332701.661779,-0.676,2.571,0.001,0.009,259.38,258.788,255.917
1781332701.669302,-0.676,2.571,0.001,0.009,259.38,258.788,255.917
1781332701.683435,-0.676,2.571,0.001,0.009,259.38,258.788,255.917
1781332701.698138,-0.676,2.571,0.001,0.009,259.38,258.788,255.917
1781332701.709878,-0.676,2.571,0.001,0.009,259.38,258.788,255.917
1781332701.72485,-0.676,2.571,0.001,0.009,259.38,258.788,255.917
1781332701.73608,0.0,4.357,0.002,0.012,259.918,258.899,255.309
1781332701.7513201,0.169,4.929,0.003,0.012,260.006,258.936,255.193
1781332701.7664242,0.338,5.143,0.003,0.013,260.053,258.919,255.166
1781332701.777762,0.394,5.429,0.003,0.013,260.085,258.944,255.112
1781332701.792773,0.225,5.786,0.002,0.013,260.043,259.054,255.049
1781332701.807724,0.62,6.071,0.003,0.013,260.184,258.967,255.001
1781332701.8197289,0.451,6.214,0.003,0.013,260.12,259.039,254.992
1781332701.8347719,0.676,6.214,0.003,0.013,260.172,258.961,255.018
1781332701.874163,0.789,6.571,0.003,0.014,260.245,258.985,254.928
1781332701.874526,0.901,6.929,0.003,0.014,260.317,259.015,254.835
1781332701.8757708,1.014,7.071,0.003,0.014,260.352,258.999,254.818
1781332701.886936,1.127,7.0,0.003,0.014,260.36,258.947,254.86
1781332701.9019399,1.296,7.143,0.004,0.014,260.416,258.922,254.831
1781332701.91695,1.296,7.214,0.004,0.014,260.41,258.939,254.822
1781332701.928144,1.183,7.143,0.003,0.014,260.347,258.963,254.855
1781332701.94316,1.352,7.071,0.004,0.014,260.378,258.902,254.885
1781332701.955043,1.521,7.143,0.004,0.014,260.436,258.868,254.864
1781332701.970172,1.521,7.071,0.004,0.014,260.414,258.861,254.891
1781332701.985292,1.69,6.857,0.004,0.014,260.42,258.776,254.964
1781332701.996635,1.746,6.857,0.004,0.014,260.437,258.766,254.959
1781332702.011711,1.577,6.571,0.004,0.013,260.327,258.776,255.049
1781332702.026736,1.746,6.714,0.004,0.013,260.409,258.754,254.995
1781332702.037876,1.69,6.643,0.004,0.013,260.378,258.764,255.014
1781332702.052939,1.69,6.429,0.004,0.013,260.338,258.737,255.076
1781332702.100383,1.521,6.143,0.004,0.013,260.234,258.747,255.162
1781332702.100867,1.634,5.857,0.004,0.012,260.223,258.668,255.246
1781332702.101179,1.465,5.429,0.004,0.012,260.096,258.653,255.377
1781332702.106102,1.465,5.143,0.004,0.011,260.062,258.61,255.449
1781332702.121274,1.465,5.0,0.004,0.011,260.056,258.594,255.47
1781332702.136203,1.465,4.214,0.004,0.01,259.931,258.464,255.71
1781332702.147501,1.352,4.0,0.003,0.01,259.871,258.471,255.759
1781332702.162653,1.352,4.0,0.003,0.01,259.891,258.485,255.726
1781332702.1746361,1.296,3.714,0.003,0.01,259.842,258.462,255.795
1781332702.189685,1.239,3.357,0.003,0.009,259.779,258.427,255.887
1781332702.204896,1.07,2.857,0.003,0.009,259.646,258.398,256.039
1781332702.2161322,1.127,2.429,0.003,0.008,259.608,258.317,256.152
1781332702.231005,0.958,2.143,0.003,0.008,259.527,258.335,256.211
1781332702.2461388,1.07,1.714,0.003,0.007,259.512,258.236,256.322
1781332702.2573938,0.901,1.571,0.003,0.007,259.45,258.273,256.344
1781332702.272461,0.958,1.0,0.003,0.007,259.392,258.166,256.504
1781332702.316821,0.789,0.714,0.003,0.006,259.307,258.186,256.565
1781332702.31723,0.901,0.5,0.003,0.006,259.324,258.121,256.612
1781332702.317597,0.845,0.429,0.003,0.006,259.313,258.141,256.603
1781332702.325299,0.789,0.143,0.003,0.006,259.261,258.121,256.672
1781332702.340208,0.901,-0.214,0.003,0.005,259.249,258.035,256.768
1781332702.3553221,0.789,-0.214,0.003,0.005,259.221,258.079,256.751
1781332702.366605,0.789,-0.5,0.003,0.005,259.184,258.039,256.826
1781332702.3816042,0.732,-0.571,0.003,0.005,259.167,258.056,256.826
1781332702.39654,1.014,-0.643,0.003,0.005,259.255,257.966,256.83
1781332702.408143,0.845,-0.786,0.003,0.005,259.18,258.0,256.868
1781332702.422879,1.014,-0.786,0.003,0.005,259.244,257.954,256.853
1781332702.438048,0.901,-1.071,0.003,0.005,259.161,257.942,256.943
1781332702.450068,0.901,-0.786,0.003,0.005,259.22,258.0,256.83
1781332702.464949,1.127,-0.857,0.003,0.005,259.283,257.919,256.849
1781332702.4799318,1.014,-0.857,0.003,0.005,259.247,257.962,256.841
1781332702.4914298,1.127,-0.929,0.003,0.005,259.271,257.919,256.86
1781332702.531311,0.901,-0.929,0.003,0.005,259.199,257.997,256.853
1781332702.531654,1.014,-0.929,0.003,0.005,259.237,257.961,256.852
1781332702.532167,1.014,-0.857,0.003,0.005,259.253,257.975,256.822
1781332702.5473049,0.958,-0.714,0.003,0.005,259.26,258.018,256.773
1781332702.559333,0.958,-0.643,0.003,0.005,259.271,258.026,256.755
1781332702.574395,1.127,-0.357,0.003,0.006,259.373,258.021,256.663
1781332702.5894048,1.127,-0.214,0.003,0.006,259.394,258.045,256.62
1781332702.600626,0.901,-0.214,0.003,0.006,259.312,258.111,256.633
1781332702.61577,0.901,0.071,0.003,0.006,259.359,258.158,256.543
1781332702.630809,1.239,0.286,0.003,0.007,259.501,258.08,256.483
1781332702.6421618,0.901,0.5,0.003,0.007,259.423,258.222,256.419
1781332702.657074,0.789,1.0,0.003,0.008,259.473,258.336,256.262
1781332702.672184,1.127,0.857,0.003,0.007,259.543,258.192,256.335
1781332702.68356,1.127,1.214,0.003,0.008,259.599,258.242,256.234
1781332702.698622,0.958,1.5,0.003,0.008,259.586,258.341,256.15
1781332702.710672,1.183,1.929,0.003,0.009,259.726,258.33,256.029
1781332702.7571359,1.07,2.357,0.003,0.009,259.747,258.434,255.91
1781332702.757532,1.352,2.429,0.004,0.009,259.839,258.344,255.91
1781332702.757843,1.408,2.929,0.004,0.01,259.93,258.401,255.771
1781332702.766753,1.239,3.643,0.003,0.011,259.981,258.568,255.564
1781332702.781829,1.352,4.214,0.004,0.011,260.097,258.614,255.414
1781332702.793078,2.028,4.357,0.005,0.012,260.324,258.416,255.392
1781332702.8082209,1.465,4.714,0.004,0.012,260.174,258.647,255.312
1781332702.820012,1.352,4.786,0.004,0.012,260.126,258.679,255.325
1781332702.835266,1.521,5.143,0.004,0.012,260.232,258.678,255.228
1781332702.850132,1.465,5.286,0.004,0.012,260.228,258.712,255.2
1781332702.861415,1.296,5.5,0.003,0.013,260.198,258.792,255.153
1781332702.876648,1.352,5.5,0.004,0.013,260.208,258.756,255.177
1781332702.8915892,1.239,6.0,0.003,0.013,260.256,258.869,255.026
1781332702.902835,1.239,6.071,0.003,0.013,260.262,258.871,255.02
1781332702.917755,1.239,6.214,0.003,0.013,260.278,258.881,254.996
1781332702.929543,1.465,6.357,0.004,0.013,260.371,258.82,254.969
1781332702.9736829,1.07,6.214,0.003,0.013,260.206,258.908,255.036
1781332702.97404,1.239,6.357,0.003,0.013,260.286,258.875,254.994
1781332702.974369,1.183,6.571,0.003,0.014,260.306,258.925,254.928
1781332702.9858391,1.183,6.571,0.003,0.014,260.305,258.915,254.94
1781332703.000868,1.07,6.643,0.003,0.014,260.278,258.959,254.923
1781332703.012213,1.127,6.643,0.003,0.014,260.296,258.935,254.929
1781332703.0273962,1.014,6.5,0.003,0.013,260.228,258.943,254.983
1781332703.038666,0.901,6.929,0.003,0.014,260.276,259.046,254.843
1781332703.0537322,1.07,6.571,0.003,0.013,260.264,258.923,254.969
1781332703.069315,0.732,6.571,0.003,0.013,260.152,259.028,254.974
1781332703.080481,0.901,6.429,0.003,0.013,260.188,258.943,255.02
1781332703.0955331,0.901,6.429,0.003,0.013,260.193,258.942,255.016
1781332703.110645,0.732,6.357,0.003,0.013,260.127,258.986,255.035
1781332703.1220071,0.789,6.143,0.003,0.013,260.115,258.927,255.101
1781332703.136856,0.62,6.0,0.003,0.013,260.043,258.955,255.142
1781332703.1482399,0.563,6.0,0.003,0.013,260.032,258.976,255.132
1781332703.1955972,0.507,5.929,0.002,0.013,260.008,258.98,255.15
1781332703.195991,0.789,5.714,0.003,0.012,260.07,258.855,255.21
1781332703.1963131,0.451,5.214,0.002,0.012,259.878,258.875,255.369
1781332703.205111,0.507,5.071,0.003,0.012,259.89,258.839,255.392
1781332703.219966,0.563,5.0,0.003,0.012,259.906,258.811,255.403
1781332703.2311308,0.62,5.214,0.003,0.012,259.972,258.846,255.309
1781332703.2463,0.563,4.929,0.003,0.012,259.912,258.817,255.393
1781332703.25758,0.507,4.429,0.003,0.011,259.81,258.747,255.553
1781332703.272608,0.451,4.429,0.003,0.011,259.797,258.769,255.544
1781332703.28755,0.394,3.857,0.002,0.01,259.692,258.691,255.716
1781332703.2984152,0.394,3.857,0.002,0.01,259.692,258.691,255.716
1781332703.3133051,0.394,3.857,0.002,0.01,259.692,258.691,255.716
1781332703.3281941,0.394,3.857,0.002,0.01,259.692,258.691,255.716
1781332703.3398771,0.394,3.857,0.002,0.01,259.692,258.691,255.716
1781332703.354347,0.394,3.857,0.002,0.01,259.692,258.691,255.716
1781332703.365979,0.394,3.857,0.002,0.01,259.692,258.691,255.716
1781332703.4100459,0.507,2.5,0.003,0.008,259.484,258.413,256.178
1781332703.4104059,0.507,2.0,0.003,0.008,259.43,258.356,256.283
1781332703.4107258,0.451,1.571,0.003,0.007,259.357,258.319,256.388
1781332703.421942,0.225,1.143,0.002,0.007,259.241,258.343,256.476
1781332703.4370618,0.338,0.786,0.002,0.006,259.247,258.264,256.546
1781332703.4482749,0.282,0.714,0.002,0.007,259.245,258.292,256.521
1781332703.463391,0.451,0.571,0.003,0.006,259.288,258.227,256.543
1781332703.475213,0.451,0.643,0.003,0.007,259.319,258.259,256.483
1781332703.490271,0.676,0.5,0.003,0.007,259.377,258.181,256.504
1781332703.505397,0.676,0.214,0.003,0.006,259.326,258.141,256.59
1781332703.516551,0.958,0.143,0.003,0.006,259.41,258.057,256.592
1781332703.531508,0.732,0.0,0.003,0.006,259.313,258.12,256.624
1781332703.546368,0.732,0.0,0.003,0.006,259.317,258.134,256.606
1781332703.557945,0.845,0.0,0.003,0.006,259.357,258.104,256.597
1781332703.572702,1.014,-0.071,0.003,0.006,259.401,258.051,256.606
1781332703.5879302,1.07,-0.214,0.003,0.006,259.395,258.02,256.643
1781332703.633573,0.845,-0.286,0.003,0.006,259.307,258.091,256.658
1781332703.633941,1.296,-0.5,0.004,0.006,259.413,257.917,256.726
1781332703.634256,1.183,-0.786,0.003,0.005,259.318,257.921,256.813
1781332703.640765,1.408,-0.714,0.004,0.005,259.404,257.878,256.773
1781332703.6557498,1.465,-0.643,0.004,0.006,259.437,257.88,256.739
1781332703.6669729,1.352,-0.571,0.004,0.006,259.413,257.935,256.709
1781332703.682179,1.239,-0.571,0.003,0.006,259.377,257.974,256.705
1781332703.697172,1.296,-0.357,0.004,0.006,259.429,257.995,256.635
1781332703.7084959,1.408,-0.143,0.004,0.006,259.499,257.996,256.567
1781332703.723496,1.352,0.143,0.004,0.007,259.529,258.064,256.473
1781332703.738742,1.465,0.143,0.004,0.007,259.555,258.027,256.484
1781332703.750295,1.521,0.143,0.004,0.007,259.566,258.006,256.494
1781332703.7655182,1.521,0.143,0.004,0.007,259.562,258.003,256.501
1781332703.780492,1.465,0.429,0.004,0.007,259.593,258.07,256.406
1781332703.79199,1.296,0.429,0.003,0.007,259.532,258.118,256.418
1781332703.806719,1.239,0.571,0.003,0.007,259.533,258.156,256.379
1781332703.85184,1.521,0.571,0.004,0.007,259.622,258.06,256.388
1781332703.852184,1.69,0.786,0.004,0.007,259.712,258.044,256.318
1781332703.8524952,1.408,1.071,0.004,0.008,259.663,258.179,256.234
1781332703.859839,1.69,1.357,0.004,0.008,259.795,258.134,256.153
1781332703.874948,1.634,1.857,0.004,0.009,259.856,258.236,255.999
1781332703.8900118,1.746,1.857,0.004,0.009,259.881,258.193,256.016
1781332703.9012659,1.69,2.786,0.004,0.01,260.012,258.364,255.73
1781332703.9162502,1.577,2.857,0.004,0.01,259.963,258.397,255.744
1781332703.9276001,1.915,2.857,0.004,0.01,260.06,258.281,255.764
1781332703.942579,1.577,2.786,0.004,0.01,259.92,258.368,255.812
1781332703.957489,1.746,2.929,0.004,0.01,259.994,258.334,255.776
1781332703.969459,1.746,2.929,0.004,0.01,259.988,258.327,255.787
1781332703.984782,1.746,2.929,0.004,0.01,259.985,258.325,255.792
1781332703.999747,1.634,2.643,0.004,0.009,259.89,258.306,255.899
1781332704.010993,2.028,2.143,0.004,0.009,259.928,258.094,256.068
1781332704.026112,1.746,1.786,0.004,0.008,259.775,258.13,256.176
1781332704.07169,1.521,1.429,0.004,0.008,259.648,258.143,256.284
1781332704.072084,1.521,0.857,0.004,0.007,259.559,258.05,256.457
1781332704.0723982,1.183,0.0,0.003,0.006,259.32,258.012,256.722
1781332704.078296,1.352,-0.214,0.004,0.005,259.368,257.933,256.754
1781332704.0934799,1.296,-0.643,0.003,0.005,259.292,257.886,256.873
1781332704.1083388,1.239,-1.071,0.003,0.005,259.226,257.848,256.973
1781332704.120266,1.183,-1.214,0.003,0.004,259.209,257.856,256.982
1781332704.1352751,1.408,-1.357,0.004,0.004,259.273,257.779,256.996
1781332704.1505642,1.239,-1.143,0.003,0.005,259.269,257.881,256.9
1781332704.1617799,1.577,-1.429,0.004,0.004,259.341,257.731,256.979
1781332704.176748,1.352,-1.429,0.004,0.005,259.273,257.814,256.961
1781332704.1917288,1.127,-1.429,0.003,0.005,259.214,257.885,256.948
1781332704.203011,1.239,-1.5,0.003,0.005,259.243,257.838,256.967
1781332704.218127,1.127,-1.643,0.003,0.004,259.189,257.85,257.007
1781332704.233072,1.07,-1.429,0.003,0.005,259.219,257.908,256.921
1781332704.2453592,1.127,-1.643,0.003,0.004,259.208,257.849,256.99
1781332704.2916899,1.127,-1.643,0.003,0.004,259.212,257.848,256.986
1781332704.2921019,1.07,-1.571,0.003,0.005,259.212,257.878,256.958
1781332704.2924318,0.958,-1.5,0.003,0.005,259.194,257.921,256.932
1781332704.301142,0.901,-1.5,0.003,0.005,259.183,257.933,256.931
1781332704.3124008,1.07,-1.357,0.003,0.005,259.264,257.903,256.882
1781332704.327462,0.901,-1.071,0.003,0.005,259.262,257.999,256.791
1781332704.3426208,0.676,-0.571,0.003,0.006,259.281,258.145,256.629
1781332704.354314,0.62,-0.357,0.003,0.006,259.296,258.189,256.573
1781332704.36935,0.845,0.0,0.003,0.007,259.429,258.168,256.466
1781332704.38449,0.789,0.214,0.003,0.007,259.44,258.217,256.408
1781332704.3957481,0.789,0.0,0.003,0.007,259.388,258.162,256.51
1781332704.4110432,0.789,0.5,0.003,0.007,259.466,258.244,256.357
1781332704.426013,0.958,0.929,0.003,0.008,259.593,258.258,256.224
1781332704.437241,0.845,1.214,0.003,0.008,259.586,258.334,256.156
1781332704.452188,0.958,1.786,0.003,0.009,259.713,258.385,255.989
1781332704.463614,0.732,2.071,0.003,0.009,259.677,258.485,255.926
1781332704.5084312,0.732,2.5,0.003,0.01,259.742,258.55,255.803
1781332704.508904,0.732,2.786,0.003,0.01,259.777,258.58,255.742
1781332704.509214,1.014,3.071,0.003,0.01,259.901,258.525,255.679
1781332704.520616,0.789,3.5,0.003,0.011,259.892,258.656,255.563
1781332704.535618,0.563,3.714,0.003,0.011,259.848,258.752,255.513
1781332704.546963,0.732,3.786,0.003,0.011,259.904,258.69,255.52
1781332704.5619469,0.62,4.286,0.003,0.012,259.948,258.796,255.379
1781332704.573133,0.507,4.643,0.003,0.012,259.957,258.881,255.29
1781332704.588188,0.676,4.643,0.003,0.012,260.003,258.813,255.312
1781332704.603445,0.676,4.929,0.003,0.012,260.039,258.853,255.242
1781332704.615263,0.676,5.0,0.003,0.012,260.039,258.854,255.24
1781332704.630208,0.845,5.143,0.003,0.012,260.108,258.816,255.213
1781332704.645422,0.958,5.429,0.003,0.013,260.189,258.826,255.129
1781332704.656669,0.676,5.286,0.003,0.012,260.057,258.881,255.198
1781332704.671705,0.958,5.786,0.003,0.013,260.234,258.875,255.042
1781332704.683038,0.789,6.0,0.003,0.013,260.206,258.963,254.985
1781332704.72668,0.958,5.929,0.003,0.013,260.241,258.887,255.024
1781332704.727031,0.789,6.143,0.003,0.014,260.216,258.974,254.965
1781332704.727351,0.789,6.214,0.003,0.014,260.22,258.979,254.957
1781332704.7395399,0.732,6.143,0.003,0.013,260.185,258.977,254.99
1781332704.754657,0.732,6.214,0.003,0.013,260.193,258.987,254.974
1781332704.7658439,0.789,5.857,0.003,0.013,260.144,258.896,255.104
1781332704.78093,0.789,6.214,0.003,0.013,260.213,258.958,254.982
1781332704.792199,0.789,6.429,0.003,0.014,260.253,258.993,254.913
1781332704.807252,0.958,6.214,0.003,0.013,260.265,258.896,254.994
1781332704.822335,0.732,6.071,0.003,0.013,260.166,258.939,255.044
1781332704.833605,0.563,6.214,0.003,0.013,260.141,259.018,254.993
1781332704.849308,1.014,6.143,0.003,0.013,260.276,258.857,255.02
1781332704.864624,0.62,6.286,0.003,0.013,260.171,259.011,254.971
1781332704.876052,0.789,6.0,0.003,0.013,260.176,258.909,255.063
1781332704.8908951,0.676,6.0,0.003,0.013,260.141,258.945,255.061
1781332704.902527,0.732,5.929,0.003,0.013,260.15,258.913,255.083
1781332704.948707,0.789,5.929,0.003,0.013,260.171,258.899,255.077
1781332704.949173,0.507,5.786,0.003,0.013,260.058,258.966,255.118
1781332704.9494882,0.676,5.5,0.003,0.012,260.066,258.863,255.207
1781332704.958476,0.676,5.214,0.003,0.012,260.019,258.815,255.295
1781332704.974171,0.563,5.071,0.003,0.012,259.966,258.831,255.329
1781332704.9852421,0.507,5.143,0.003,0.012,259.973,258.868,255.287
1781332705.000577,0.563,5.071,0.003,0.012,259.988,258.843,255.298
1781332705.0117939,0.62,4.929,0.003,0.012,259.983,258.804,255.339
1781332705.0268211,0.732,4.571,0.003,0.011,259.962,258.712,255.445
1781332705.041949,0.789,4.286,0.003,0.011,259.937,258.651,255.526
1781332705.053065,0.901,3.929,0.003,0.011,259.919,258.563,255.626
1781332705.068116,0.845,3.929,0.003,0.011,259.907,258.593,255.609
1781332705.0831842,0.789,3.857,0.003,0.011,259.887,258.614,255.608
1781332705.0951161,0.732,3.357,0.003,0.01,259.784,258.556,255.759
1781332705.109966,1.014,3.357,0.003,0.01,259.884,258.477,255.74
1781332705.121574,0.789,2.786,0.003,0.009,259.716,258.463,255.911
1781332705.167876,0.845,2.286,0.003,0.009,259.654,258.373,256.056
1781332705.168288,1.07,2.071,0.003,0.008,259.705,258.281,256.096
1781332705.1686049,0.732,1.857,0.003,0.008,259.565,258.362,256.149
1781332705.177763,0.901,1.357,0.003,0.008,259.547,258.235,256.29
1781332705.1929228,0.845,0.929,0.003,0.007,259.47,258.196,256.4
1781332705.204617,1.014,0.643,0.003,0.007,259.492,258.11,256.464
1781332705.2197042,0.901,0.643,0.003,0.007,259.465,258.16,256.44
1781332705.230973,0.958,0.429,0.003,0.007,259.459,258.12,256.485
1781332705.2459662,1.014,0.286,0.003,0.007,259.465,258.091,256.506
1781332705.260918,0.901,-0.071,0.003,0.006,259.375,258.077,256.606
1781332705.272228,0.901,-0.143,0.003,0.006,259.371,258.073,256.613
1781332705.2872698,1.07,-0.286,0.003,0.006,259.408,258.011,256.639
1781332705.302539,1.07,-0.714,0.003,0.005,259.338,257.946,256.77
1781332705.3136482,1.183,-0.786,0.004,0.005,259.37,257.913,256.771
1781332705.328768,1.07,-0.571,0.003,0.006,259.381,257.995,256.68
1781332705.344385,1.127,-1.0,0.003,0.005,259.326,257.913,256.813
1781332705.383722,1.07,-1.071,0.003,0.005,259.305,257.926,256.82
1781332705.384059,1.183,-0.929,0.004,0.005,259.375,257.926,256.754
1781332705.385151,0.958,-1.071,0.003,0.005,259.279,257.975,256.798
1781332705.396339,1.07,-1.143,0.003,0.005,259.308,257.93,256.814
1781332705.4114418,1.127,-1.0,0.003,0.005,259.354,257.945,256.755
1781332705.42642,1.07,-1.0,0.003,0.005,259.34,257.964,256.75
1781332705.43756,1.014,-1.071,0.003,0.005,259.31,257.968,256.775
1781332705.452533,1.014,-1.0,0.003,0.006,259.325,257.98,256.749
1781332705.4676611,0.958,-0.786,0.003,0.006,259.347,258.034,256.675
1781332705.479437,0.845,-0.429,0.003,0.006,259.377,258.128,256.554
1781332705.49456,1.07,-0.5,0.003,0.006,259.436,258.037,256.587
1781332705.5097091,1.014,-0.214,0.003,0.007,259.466,258.098,256.499
1781332705.521091,1.014,-0.214,0.003,0.007,259.457,258.088,256.518
1781332705.536018,0.901,0.143,0.003,0.007,259.48,258.182,256.405
1781332705.547576,0.901,0.286,0.003,0.007,259.504,258.198,256.366
1781332705.562412,0.789,0.571,0.003,0.008,259.512,258.274,256.284
1781332705.6085918,0.732,0.786,0.003,0.008,259.527,258.317,256.229
1781332705.6089869,1.07,1.214,0.004,0.008,259.706,258.276,256.1
1781332705.609302,0.845,1.214,0.003,0.008,259.622,258.337,256.12
1781332705.6191459,0.901,1.643,0.003,0.009,259.709,258.38,255.998
1781332705.630358,0.62,1.929,0.003,0.009,259.657,258.508,255.923
1781332705.645365,0.901,1.929,0.003,0.009,259.737,258.403,255.948
1781332705.6566982,0.901,2.357,0.003,0.01,259.809,258.471,255.816
1781332705.671814,0.732,2.643,0.003,0.01,259.793,258.562,255.744
1781332705.6868968,1.127,2.857,0.004,0.01,259.946,258.46,255.699
1781332705.6980832,1.07,3.0,0.004,0.01,259.937,258.488,255.681
1781332705.713207,0.958,3.429,0.003,0.011,259.968,258.596,255.55
1781332705.728259,1.183,3.786,0.004,0.011,260.087,258.576,255.458
1781332705.740264,0.901,4.214,0.003,0.012,260.056,258.731,255.34
1781332705.755187,1.014,4.643,0.003,0.012,260.15,258.755,255.231
1781332705.766261,0.958,4.857,0.003,0.013,260.158,258.801,255.18
1781332705.781538,0.958,4.929,0.003,0.012,260.154,258.796,255.189
1781332705.825388,0.789,4.929,0.003,0.012,260.087,258.835,255.214
1781332705.8257742,1.014,5.071,0.003,0.013,260.182,258.78,255.178
1781332705.82609,0.732,5.286,0.003,0.013,260.122,258.9,255.121
1781332705.837725,0.845,5.071,0.003,0.012,260.111,258.817,255.208
1781332705.849508,1.07,5.357,0.003,0.013,260.23,258.794,255.121
1781332705.864407,0.958,5.286,0.003,0.013,260.176,258.813,255.152
1781332705.875679,1.014,5.357,0.003,0.013,260.204,258.801,255.138
1781332705.8908129,0.563,5.5,0.003,0.013,260.079,258.966,255.098
1781332705.905823,0.789,5.429,0.003,0.013,260.137,258.872,255.133
1781332705.9171898,0.732,5.714,0.003,0.013,260.169,258.939,255.041
1781332705.932076,0.958,5.571,0.003,0.013,260.216,258.837,255.094
1781332705.9470541,0.901,5.571,0.003,0.013,260.196,258.853,255.097
1781332705.958499,0.789,5.571,0.003,0.013,260.16,258.887,255.098
1781332705.973367,0.676,5.357,0.003,0.013,260.087,258.884,255.168
1781332705.985443,0.732,5.429,0.003,0.013,260.123,258.88,255.139
1781332706.0002592,0.732,5.214,0.003,0.012,260.086,258.841,255.209
1781332706.040693,0.732,5.143,0.003,0.012,260.077,258.828,255.23
1781332706.041044,0.507,5.071,0.003,0.012,259.999,258.885,255.248
1781332706.041355,0.563,4.857,0.003,0.012,259.984,258.83,255.313
1781332706.0564659,0.676,4.929,0.003,0.012,260.042,258.812,255.277
1781332706.067709,0.901,5.071,0.003,0.012,260.143,258.767,255.226
1781332706.082915,0.676,4.643,0.003,0.012,259.996,258.762,255.366
1781332706.0947142,0.732,4.571,0.003,0.012,260.005,258.742,255.377
1781332706.1097448,0.732,4.357,0.003,0.011,259.973,258.711,255.436
1781332706.125003,0.789,4.071,0.003,0.011,259.943,258.645,255.526
1781332706.136,0.845,3.857,0.003,0.011,259.932,258.598,255.581
1781332706.151037,0.845,3.5,0.003,0.01,259.878,258.545,255.682
1781332706.166208,1.014,3.143,0.004,0.01,259.877,258.441,255.781
1781332706.177547,0.789,2.714,0.003,0.009,259.734,258.447,255.91
1781332706.192478,0.789,2.857,0.003,0.01,259.776,258.49,255.83
1781332706.204439,0.563,2.357,0.003,0.009,259.623,258.484,255.978
1781332706.21948,0.789,2.214,0.003,0.009,259.683,258.405,255.998
1781332706.253833,0.845,1.786,0.003,0.008,259.63,258.32,256.129
1781332706.254113,1.07,1.714,0.004,0.008,259.704,258.256,256.121
1781332706.260602,1.014,1.643,0.003,0.008,259.684,258.28,256.118
1781332706.275728,1.07,1.429,0.004,0.008,259.669,258.231,256.178
1781332706.286907,1.014,1.214,0.003,0.008,259.622,258.226,256.227
1781332706.301993,1.239,0.714,0.004,0.007,259.613,258.082,256.376
1781332706.3130739,1.07,0.5,0.003,0.007,259.529,258.114,256.424
1781332706.328257,0.958,0.286,0.003,0.007,259.463,258.121,256.48
1781332706.3432598,1.296,0.0,0.004,0.006,259.533,257.979,256.551
1781332706.3550878,1.014,-0.071,0.003,0.006,259.441,258.07,256.549
1781332706.370062,1.127,0.071,0.004,0.007,259.517,258.072,256.476
1781332706.3851242,1.183,-0.071,0.004,0.007,259.512,258.035,256.517
1781332706.396371,1.183,-0.357,0.004,0.006,259.469,257.993,256.599
1781332706.41139,0.958,-0.643,0.003,0.006,259.351,258.021,256.683
1781332706.426312,1.183,-0.571,0.004,0.006,259.442,257.976,256.641
1781332706.4377248,1.07,-0.857,0.003,0.006,259.358,257.965,256.731
1781332706.48155,1.239,-1.0,0.004,0.005,259.395,257.894,256.766
1781332706.481952,1.07,-1.286,0.003,0.005,259.296,257.906,256.849
1781332706.4822679,1.239,-1.143,0.004,0.005,259.388,257.882,256.785
1781332706.4945421,1.07,-1.0,0.003,0.006,259.367,257.966,256.723
1781332706.509705,1.07,-1.143,0.003,0.005,259.345,257.942,256.767
1781332706.520921,0.732,-1.214,0.003,0.005,259.231,258.036,256.784
1781332706.536027,0.901,-1.143,0.003,0.005,259.306,257.995,256.753
1781332706.551036,0.901,-1.071,0.003,0.006,259.323,258.007,256.725
1781332706.56233,0.789,-0.929,0.003,0.006,259.318,258.062,256.676
1781332706.577446,0.789,-0.786,0.003,0.006,259.347,258.079,256.631
1781332706.589422,0.845,-0.714,0.003,0.006,259.379,258.067,256.612
1781332706.604459,0.62,-0.429,0.003,0.007,259.359,258.18,256.521
1781332706.619688,0.338,-0.429,0.002,0.006,259.269,258.26,256.529
1781332706.6308842,0.394,-0.214,0.003,0.007,259.323,258.272,256.467
1781332706.645699,0.676,0.286,0.003,0.007,259.499,258.264,256.307
1781332706.660949,0.676,0.214,0.003,0.007,259.477,258.243,256.348
1781332706.701828,0.507,0.286,0.003,0.007,259.43,258.301,256.336
1781332706.702241,0.394,0.5,0.003,0.008,259.43,258.363,256.276
1781332706.702558,0.901,0.857,0.003,0.008,259.656,258.255,256.168
1781332706.713293,0.563,0.786,0.003,0.008,259.521,258.342,256.211
1781332706.7282822,0.451,1.214,0.003,0.009,259.561,258.447,256.072
1781332706.740111,0.338,1.429,0.003,0.009,259.558,258.507,256.017
1781332706.75504,0.62,1.714,0.003,0.009,259.69,258.456,255.942
1781332706.7700999,0.676,2.0,0.003,0.009,259.751,258.481,255.861
1781332706.781482,0.676,2.571,0.003,0.01,259.841,258.569,255.693
1781332706.796355,0.901,2.643,0.003,0.01,259.909,258.494,255.701
1781332706.8114939,0.507,2.857,0.003,0.01,259.806,258.65,255.649
1781332706.8227892,0.563,3.214,0.003,0.011,259.881,258.685,255.545
1781332706.8379588,0.732,3.643,0.003,0.011,259.994,258.692,255.434
1781332706.849733,0.732,3.929,0.003,0.012,260.029,258.727,255.369
1781332706.864835,0.845,4.429,0.003,0.012,260.138,258.767,255.231
1781332706.8797271,0.451,4.429,0.003,0.012,259.993,258.884,255.254
1781332706.91958,0.676,4.286,0.003,0.012,260.026,258.768,255.333
1781332706.919925,0.676,4.714,0.003,0.012,260.095,258.832,255.21
1781332706.920782,0.676,4.786,0.003,0.012,260.096,258.829,255.211
1781332706.9320982,0.563,5.0,0.003,0.013,260.092,258.897,255.15
1781332706.947074,0.507,4.857,0.003,0.012,260.038,258.881,255.215
1781332706.958345,0.62,4.714,0.003,0.012,260.043,258.811,255.277
1781332706.9733639,0.901,4.929,0.003,0.012,260.171,258.759,255.208
1781332706.9891598,0.789,5.0,0.003,0.012,260.142,258.807,255.19
1781332707.000437,0.732,4.929,0.003,0.012,260.106,258.812,255.217
1781332707.015459,0.789,5.071,0.003,0.013,260.147,258.819,255.174
1781332707.0304692,0.789,5.071,0.003,0.013,260.143,258.819,255.177
1781332707.041934,1.014,5.0,0.004,0.012,260.195,258.736,255.207
1781332707.056929,0.958,5.214,0.003,0.013,260.211,258.795,255.137
1781332707.068289,0.845,5.143,0.003,0.013,260.157,258.819,255.164
1781332707.083325,0.958,5.071,0.003,0.012,260.181,258.77,255.188
1781332707.098271,0.789,5.214,0.003,0.013,260.151,258.853,255.138
1781332707.1358552,1.014,5.214,0.003,0.013,260.224,258.781,255.139
1781332707.1361659,1.127,5.214,0.004,0.013,260.26,258.746,255.139
1781332707.139866,1.127,5.071,0.004,0.012,260.232,258.721,255.188
1781332707.151223,0.845,5.071,0.003,0.013,260.141,258.813,255.185
1781332707.166191,0.901,5.071,0.003,0.013,260.163,258.798,255.18
1781332707.177715,1.014,4.857,0.003,0.012,260.16,258.725,255.25
1781332707.192629,0.901,4.857,0.003,0.012,260.125,258.765,255.245
1781332707.207822,1.014,4.571,0.003,0.012,260.113,258.685,255.332
1781332707.219543,1.07,4.429,0.004,0.012,260.109,258.647,255.37
1781332707.234794,1.127,4.643,0.004,0.012,260.172,258.68,255.281
1781332707.249866,1.239,4.071,0.004,0.011,260.104,258.546,255.472
1781332707.261108,1.183,3.786,0.004,0.011,260.04,258.523,255.552
1781332707.27603,1.183,3.643,0.004,0.011,260.021,258.512,255.58
1781332707.287317,1.183,3.214,0.004,0.01,259.948,258.441,255.716
1781332707.302432,1.07,3.214,0.003,0.01,259.924,258.49,255.691
1781332707.3175948,0.901,3.071,0.003,0.01,259.857,258.529,255.717
1781332707.3647711,1.127,2.714,0.004,0.01,259.875,258.405,255.819
1781332707.36518,1.07,2.5,0.004,0.009,259.826,258.39,255.878
1781332707.365495,1.127,2.429,0.004,0.009,259.849,258.367,255.879
1781332707.370441,0.845,2.0,0.003,0.009,259.694,258.389,256.003
1781332707.385689,0.901,1.571,0.003,0.008,259.65,258.305,256.125
1781332707.39678,0.901,1.286,0.003,0.008,259.61,258.263,256.203
1781332707.4117508,0.676,0.929,0.003,0.008,259.492,258.282,256.296
1781332707.426825,0.901,1.071,0.003,0.008,259.609,258.248,256.218
1781332707.438093,0.901,0.786,0.003,0.008,259.573,258.205,256.293
1781332707.453096,0.732,0.571,0.003,0.007,259.488,258.227,256.353
1781332707.468131,0.676,0.5,0.003,0.007,259.471,258.24,256.356
1781332707.4800608,0.789,0.286,0.003,0.007,259.483,258.173,256.41
1781332707.49525,0.507,0.214,0.003,0.007,259.392,258.257,256.415
1781332707.50655,0.789,0.0,0.003,0.007,259.453,258.133,256.478
1781332707.521512,0.62,-0.071,0.003,0.007,259.395,258.186,256.482
1781332707.536679,0.789,-0.286,0.003,0.006,259.428,258.096,256.537
1781332707.58185,0.732,-0.5,0.003,0.006,259.381,258.085,256.593
1781332707.58226,0.563,-0.571,0.003,0.006,259.32,258.133,256.604
1781332707.582575,0.507,-0.786,0.003,0.006,259.272,258.119,256.663
1781332707.5894961,0.62,-0.857,0.003,0.006,259.307,258.077,256.671
1781332707.604508,0.62,-1.0,0.003,0.006,259.288,258.057,256.709
1781332707.6195421,0.563,-1.0,0.003,0.006,259.276,258.079,256.698
1781332707.630708,0.901,-0.929,0.003,0.006,259.403,257.989,256.666
1781332707.645818,0.563,-0.786,0.003,0.006,259.325,258.126,256.606
1781332707.660876,0.563,-0.929,0.003,0.006,259.302,258.099,256.654
1781332707.6720939,0.732,-0.786,0.003,0.006,259.384,258.074,256.601
1781332707.687099,0.62,-0.857,0.003,0.006,259.333,258.099,256.625
1781332707.7021298,0.789,-1.0,0.003,0.006,259.36,258.019,256.676
1781332707.71352,0.62,-0.643,0.003,0.006,259.369,258.139,256.552
1781332707.728731,0.845,-0.429,0.003,0.007,259.478,258.104,256.482
1781332707.744166,0.732,-0.286,0.003,0.007,259.46,258.162,256.442
1781332707.7555609,0.845,-0.214,0.003,0.007,259.5,258.138,256.428
1781332707.802598,0.789,0.0,0.003,0.007,259.515,258.188,256.365
1781332707.803067,0.845,0.0,0.003,0.007,259.526,258.166,256.376
1781332707.803383,1.014,0.143,0.004,0.007,259.599,258.136,256.337
1781332707.811509,0.732,0.357,0.003,0.008,259.538,258.26,256.274
1781332707.8228061,0.901,0.643,0.003,0.008,259.638,258.253,256.186
1781332707.8377862,0.789,0.714,0.003,0.008,259.606,258.299,256.173
1781332707.853111,0.789,0.857,0.003,0.008,259.624,258.312,256.143
1781332707.864948,1.014,1.214,0.004,0.009,259.754,258.295,256.037
1781332707.879884,1.014,1.643,0.004,0.009,259.817,258.362,255.913
1781332707.895158,0.958,1.643,0.003,0.009,259.789,258.373,255.929
1781332707.906398,0.958,2.429,0.003,0.01,259.918,258.505,255.683
1781332707.9213078,1.127,2.357,0.004,0.01,259.939,258.425,255.74
1781332707.932665,1.296,2.643,0.004,0.01,260.034,258.417,255.659
1781332707.947728,1.352,3.0,0.004,0.011,260.099,258.458,255.559
1781332707.9626691,1.183,3.143,0.004,0.011,260.052,258.527,255.537
1781332707.974592,1.296,3.071,0.004,0.011,260.063,258.465,255.585
1781332708.013791,1.014,3.357,0.003,0.011,260.016,258.601,255.5
1781332708.014155,1.127,3.429,0.004,0.011,260.056,258.565,255.498
1781332708.0156229,1.07,3.643,0.004,0.011,260.068,258.611,255.443
1781332708.030601,0.901,4.071,0.003,0.012,260.085,258.729,255.315
1781332708.0417678,0.901,4.214,0.003,0.012,260.107,258.743,255.282
1781332708.0566962,0.958,4.357,0.003,0.012,260.144,258.735,255.256
1781332708.071779,0.789,4.5,0.003,0.012,260.107,258.8,255.228
1781332708.082895,0.901,4.643,0.003,0.012,260.166,258.777,255.196
1781332708.097964,0.901,4.714,0.003,0.013,260.173,258.78,255.186
1781332708.113129,0.901,4.857,0.003,0.013,260.193,258.795,255.154
1781332708.125115,0.732,4.643,0.003,0.012,260.094,258.801,255.239
1781332708.140086,1.014,5.071,0.004,0.013,260.265,258.786,255.097
1781332708.151509,0.62,5.143,0.003,0.013,260.144,258.917,255.085
1781332708.166357,0.789,4.786,0.003,0.012,260.129,258.789,255.218
1781332708.1813781,0.789,5.0,0.003,0.013,260.169,258.824,255.149
1781332708.1929011,0.62,4.929,0.003,0.013,260.1,258.863,255.176
1781332708.239584,0.732,4.857,0.003,0.012,260.125,258.808,255.204
1781332708.23999,0.62,5.071,0.003,0.013,260.131,258.88,255.131
1781332708.240306,0.676,5.143,0.003,0.013,260.164,258.872,255.109
1781332708.2494578,0.732,5.071,0.003,0.013,260.167,258.84,255.136
1781332708.26058,0.901,5.214,0.003,0.013,260.248,258.813,255.087
1781332708.2756422,0.901,5.071,0.003,0.013,260.218,258.787,255.139
1781332708.290781,0.789,5.0,0.003,0.013,260.165,258.813,255.163
1781332708.3019462,0.789,4.929,0.003,0.012,260.153,258.797,255.189
1781332708.3168828,0.845,5.071,0.003,0.013,260.199,258.806,255.139
1781332708.3318799,0.789,5.071,0.003,0.013,260.182,258.823,255.138
1781332708.343173,0.789,5.143,0.003,0.013,260.196,258.836,255.113
1781332708.3582752,0.789,5.143,0.003,0.013,260.194,258.837,255.114
1781332708.370281,0.789,5.0,0.003,0.013,260.166,258.814,255.16
1781332708.385172,0.732,5.143,0.003,0.013,260.175,258.861,255.109
1781332708.4001138,0.901,4.929,0.003,0.013,260.192,258.767,255.182
1781332708.411498,0.676,4.929,0.003,0.013,260.123,258.839,255.177
1781332708.45195,0.845,5.071,0.003,0.013,260.204,258.811,255.128
1781332708.4522948,0.845,4.786,0.003,0.012,260.151,258.761,255.225
1781332708.4526138,0.563,4.786,0.003,0.012,260.063,258.852,255.22
1781332708.467422,0.789,4.5,0.003,0.012,260.089,258.732,255.309
1781332708.4792252,0.732,4.571,0.003,0.012,260.089,258.772,255.272
1781332708.4942741,0.901,4.214,0.003,0.012,260.084,258.653,255.388
1781332708.509353,0.451,4.143,0.003,0.012,259.931,258.79,255.401
1781332708.5206761,0.732,3.857,0.003,0.011,259.981,258.655,255.482
1781332708.5357141,0.958,3.786,0.004,0.011,260.051,258.581,255.487
1781332708.55069,0.732,3.429,0.003,0.011,259.916,258.595,255.599
1781332708.562007,0.789,3.571,0.003,0.011,259.971,258.61,255.534
1781332708.577108,0.676,3.071,0.003,0.01,259.853,258.567,255.684
1781332708.588325,0.676,3.214,0.003,0.011,259.895,258.604,255.609
1781332708.603306,0.845,3.214,0.003,0.011,259.955,258.556,255.6
1781332708.618294,0.789,2.429,0.003,0.01,259.801,258.442,255.851
1781332708.630504,0.789,2.286,0.003,0.009,259.79,258.427,255.876
1781332708.674295,0.789,1.786,0.003,0.009,259.712,258.356,256.018
1781332708.6746528,0.563,1.429,0.003,0.008,259.583,258.372,256.124
1781332708.674968,0.676,1.5,0.003,0.009,259.649,258.36,256.073
1781332708.686701,0.62,1.214,0.003,0.008,259.597,258.337,256.144
1781332708.6978402,0.563,0.929,0.003,0.008,259.544,258.315,256.215
1781332708.712802,0.338,0.571,0.003,0.007,259.42,258.327,256.32
1781332708.727927,0.563,0.429,0.003,0.007,259.486,258.242,256.34
1781332708.7397919,0.451,0.071,0.003,0.007,259.4,258.225,256.439
1781332708.754804,0.338,0.143,0.003,0.007,259.393,258.288,256.384
1781332708.770029,0.394,0.0,0.003,0.007,259.397,258.247,256.42
1781332708.7811148,0.563,-0.143,0.003,0.007,259.437,258.179,256.448
1781332708.795973,0.62,-0.429,0.003,0.006,259.411,258.122,256.528
1781332708.8075368,0.676,-0.571,0.003,0.006,259.409,258.086,256.565
1781332708.822639,0.507,-0.786,0.003,0.006,259.324,258.111,256.621
1781332708.837522,0.845,-0.857,0.004,0.006,259.429,258.002,256.627
1781332708.849576,0.394,-1.071,0.003,0.006,259.253,258.116,256.685
1781332708.894419,0.563,-0.929,0.003,0.006,259.342,258.096,256.62
1781332708.894759,0.62,-0.929,0.003,0.006,259.364,258.082,256.612
1781332708.895073,0.732,-1.286,0.003,0.006,259.338,257.986,256.73
1781332708.9053419,0.451,-1.071,0.003,0.006,259.288,258.123,256.645
1781332708.920429,0.62,-1.214,0.003,0.006,259.321,258.046,256.688
1781332708.93156,0.62,-1.143,0.003,0.006,259.336,258.064,256.656
1781332708.9466372,0.676,-1.143,0.003,0.006,259.355,258.048,256.653
1781332708.9617028,0.676,-0.857,0.003,0.006,259.404,258.103,256.553
1781332708.973002,0.789,-0.929,0.003,0.006,259.424,258.052,256.584
1781332708.988126,0.845,-0.429,0.003,0.007,259.529,258.125,256.413
1781332709.003052,0.676,-0.5,0.003,0.007,259.452,258.161,256.451
1781332709.014975,0.845,-0.286,0.003,0.007,259.54,258.142,256.387
1781332709.030037,0.789,-0.071,0.003,0.007,259.551,258.195,256.324
1781332709.0450702,0.789,-0.143,0.003,0.007,259.532,258.179,256.358
1781332709.0562298,0.958,0.071,0.004,0.008,259.619,258.158,256.296
1781332709.071417,0.901,0.286,0.003,0.008,259.631,258.208,256.237
1781332709.118093,0.901,0.429,0.003,0.008,259.648,258.228,256.201
1781332709.1185331,1.07,0.714,0.004,0.008,259.749,258.221,256.112
1781332709.1188521,1.127,0.857,0.004,0.008,259.779,258.223,256.083
1781332709.124344,1.07,1.286,0.004,0.009,259.821,258.316,255.953
1781332709.1393971,1.239,1.643,0.004,0.009,259.925,258.316,255.856
1781332709.154413,1.183,2.071,0.004,0.01,259.971,258.403,255.73
1781332709.1656818,1.465,2.643,0.004,0.011,260.145,258.405,255.567
1781332709.180852,1.465,2.857,0.004,0.011,260.164,258.434,255.522
1781332709.195859,1.296,3.0,0.004,0.011,260.116,258.506,255.498
1781332709.207187,1.296,3.214,0.004,0.011,260.136,258.53,255.457
1781332709.222274,1.239,3.429,0.004,0.011,260.145,258.567,255.413
1781332709.2334132,1.127,3.5,0.004,0.011,260.112,258.6,255.412
1781332709.248393,0.901,3.571,0.003,0.012,260.046,258.675,255.403
1781332709.263268,0.845,3.786,0.003,0.012,260.065,258.714,255.348
1781332709.275369,0.901,3.929,0.003,0.012,260.106,258.705,255.32
1781332709.290373,0.676,4.429,0.003,0.013,260.122,258.852,255.167
1781332709.336076,0.676,4.286,0.003,0.012,260.093,258.811,255.231
1781332709.336492,0.451,4.714,0.003,0.013,260.095,258.943,255.105
1781332709.336802,0.451,4.571,0.003,0.013,260.068,258.896,255.174
1781332709.342693,0.451,4.357,0.003,0.012,260.028,258.843,255.261
1781332709.357847,0.225,4.571,0.003,0.012,259.999,258.946,255.191
1781332709.3727942,0.394,4.714,0.003,0.013,260.085,258.906,255.15
1781332709.384823,0.113,4.857,0.002,0.013,260.021,259.009,255.112
1781332709.399669,0.0,4.929,0.002,0.013,260.0,259.049,255.094
1781332709.4146402,0.225,4.786,0.003,0.013,260.046,258.942,255.152
1781332709.426032,-0.225,4.857,0.002,0.013,259.915,259.092,255.131
1781332709.4409149,-0.169,4.857,0.002,0.013,259.942,259.064,255.133
1781332709.452182,-0.282,5.0,0.002,0.013,259.936,259.119,255.087
1781332709.4671519,-0.169,5.0,0.002,0.013,259.978,259.073,255.092
1781332709.4821792,-0.282,5.286,0.002,0.013,260.0,259.154,254.995
1781332709.493557,-0.563,4.857,0.002,0.013,259.837,259.152,255.147
1781332709.509422,-0.676,4.571,0.002,0.012,259.756,259.131,255.242
1781332709.554927,-0.507,4.643,0.002,0.012,259.838,259.082,255.211
1781332709.555281,-0.732,4.714,0.002,0.013,259.786,259.163,255.184
1781332709.55559,-0.676,4.214,0.002,0.012,259.723,259.048,255.35
1781332709.565572,-0.62,4.214,0.002,0.012,259.757,259.033,255.333
1781332709.5767412,-1.07,4.214,0.001,0.012,259.621,259.176,255.324
1781332709.591876,-1.014,3.929,0.001,0.011,259.604,259.102,255.409
1781332709.607004,-1.352,3.643,0.001,0.011,259.463,259.157,255.489
1781332709.618206,-1.183,3.214,0.001,0.011,259.457,259.024,255.62
1781332709.633236,-1.408,3.286,0.001,0.011,259.413,259.11,255.581
1781332709.648253,-1.465,3.143,0.001,0.011,259.389,259.102,255.611
1781332709.6602082,-1.127,3.143,0.001,0.011,259.516,258.993,255.594
1781332709.6753228,-1.634,3.0,0.0,0.01,259.338,259.133,255.63
1781332709.690102,-1.577,2.714,0.001,0.01,259.314,259.063,255.718
1781332709.701478,-1.634,2.643,0.001,0.01,259.299,259.069,255.726
1781332709.7163122,-1.634,2.429,0.001,0.01,259.277,259.034,255.78
1781332709.731476,-1.634,2.143,0.001,0.009,259.242,258.986,255.859
1781332709.7689989,-1.803,2.143,0.0,0.01,259.196,259.045,255.846
1781332709.76932,-1.859,1.786,0.0,0.009,259.125,259.006,255.95
1781332709.772581,-1.859,1.571,0.0,0.009,259.101,258.974,256.003
1781332709.7844381,-1.972,1.214,0.0,0.008,259.015,258.953,256.105
1781332709.799477,-1.972,1.143,0.0,0.008,259.013,258.946,256.113
1781332709.814646,-1.859,0.857,0.0,0.008,259.015,258.864,256.19
1781332709.825973,-2.028,0.286,0.0,0.007,258.87,258.824,256.366
1781332709.840883,-1.972,0.429,0.0,0.008,258.93,258.842,256.293
1781332709.855846,-1.859,0.5,0.0,0.008,258.986,258.827,256.253
1781332709.8670878,-1.803,0.429,0.0,0.008,258.996,258.809,256.26
1781332709.8820732,-1.746,0.357,0.001,0.008,259.004,258.789,256.272
1781332709.893457,-1.577,0.5,0.001,0.008,259.088,258.772,256.209
1781332709.908512,-1.577,0.286,0.001,0.008,259.046,258.741,256.278
1781332709.9234161,-1.521,0.571,0.001,0.008,259.12,258.781,256.168
1781332709.935436,-1.746,0.429,0.0,0.008,259.023,258.832,256.212
1781332709.950437,-1.521,0.143,0.001,0.007,259.045,258.711,256.308
1781332709.997916,-1.521,0.286,0.001,0.008,259.071,258.742,256.253
1781332709.998388,-1.69,0.286,0.001,0.008,259.017,258.798,256.25
1781332709.9987059,-1.69,0.286,0.001,0.008,259.014,258.801,256.251
1781332710.0062919,-1.577,0.143,0.001,0.007,259.026,258.738,256.299
1781332710.017341,-1.69,0.5,0.001,0.008,259.057,258.84,256.173
1781332710.032267,-1.577,0.571,0.001,0.008,259.105,258.816,256.15
1781332710.047497,-1.746,0.571,0.0,0.008,259.05,258.867,256.153
1781332710.0594208,-1.803,0.929,0.0,0.009,259.095,258.948,256.033
1781332710.0745559,-1.746,0.571,0.0,0.008,259.048,258.859,256.163
1781332710.089629,-1.465,0.714,0.001,0.008,259.165,258.792,256.117
1781332710.100808,-1.746,0.929,0.0,0.009,259.108,258.92,256.048
1781332710.116019,-1.69,0.786,0.001,0.008,259.097,258.87,256.105
1781332710.130929,-1.915,1.214,0.0,0.009,259.101,259.017,255.963
1781332710.142339,-1.69,1.214,0.001,0.009,259.172,258.939,255.969
1781332710.1570508,-1.746,1.214,0.0,0.009,259.147,258.953,255.98
1781332710.172138,-1.69,1.214,0.001,0.009,259.155,258.932,255.992
1781332710.2157388,-1.634,1.571,0.001,0.009,259.233,258.976,255.876
1781332710.21612,-1.521,1.714,0.001,0.01,259.288,258.963,255.837
1781332710.216442,-1.408,1.714,0.001,0.01,259.312,258.925,255.85
1781332710.224849,-1.521,1.786,0.001,0.01,259.277,258.974,255.837
1781332710.2398489,-1.239,1.857,0.001,0.01,259.375,258.895,255.82
1781332710.2549582,-1.239,1.857,0.001,0.01,259.367,258.897,255.825
1781332710.266009,-1.408,1.929,0.001,0.01,259.315,258.965,255.809
1781332710.281095,-1.465,2.071,0.001,0.01,259.314,259.01,255.768
1781332710.296032,-1.239,1.929,0.001,0.01,259.355,258.909,255.825
1781332710.307342,-1.127,2.071,0.001,0.01,259.413,258.9,255.779
1781332710.322346,-1.014,2.0,0.001,0.01,259.426,258.856,255.808
1781332710.334207,-0.958,2.071,0.001,0.01,259.448,258.859,255.785
1781332710.34935,-0.789,2.071,0.002,0.01,259.495,258.808,255.789
1781332710.364365,-1.014,2.143,0.001,0.01,259.431,258.895,255.767
1781332710.375752,-1.127,2.143,0.001,0.01,259.391,258.934,255.768
1781332710.390667,-1.07,2.143,0.001,0.01,259.405,258.918,255.769
1781332710.436765,-0.845,2.071,0.002,0.01,259.456,258.834,255.801
1781332710.437123,-0.789,2.143,0.002,0.01,259.487,258.829,255.777
1781332710.4374452,-0.62,2.286,0.002,0.01,259.56,258.807,255.729
1781332710.446746,-0.901,2.214,0.001,0.01,259.452,258.887,255.755
1781332710.4580219,-0.789,1.786,0.002,0.009,259.41,258.769,255.905
1781332710.473082,-0.732,2.286,0.002,0.01,259.521,258.843,255.732
1781332710.4881458,-0.845,2.214,0.001,0.01,259.466,258.869,255.759
1781332710.5002081,-0.732,2.357,0.002,0.01,259.525,258.86,255.712
1781332710.51517,-0.732,2.357,0.002,0.01,259.521,258.863,255.712
1781332710.530543,-0.732,2.143,0.002,0.01,259.479,258.824,255.789
1781332710.541552,-0.676,2.5,0.002,0.01,259.566,258.871,255.663
1781332710.556502,-0.732,2.429,0.002,0.01,259.528,258.876,255.694
1781332710.571566,-0.901,2.286,0.001,0.01,259.444,258.905,255.746
1781332710.582827,-1.014,2.571,0.001,0.01,259.464,258.989,255.647
1781332710.597771,-1.07,2.571,0.001,0.01,259.445,259.002,255.652
1781332710.612607,-0.901,2.5,0.001,0.01,259.488,258.933,255.677
1781332710.657226,-0.901,2.357,0.001,0.01,259.462,258.906,255.727
1781332710.6576252,-0.958,2.429,0.001,0.01,259.459,258.936,255.702
1781332710.657946,-1.07,2.643,0.001,0.011,259.466,259.01,255.625
1781332710.665626,-0.958,2.357,0.001,0.01,259.449,258.922,255.724
1781332710.680562,-1.07,2.143,0.001,0.01,259.375,258.918,255.797
1781332710.695661,-1.127,2.143,0.001,0.01,259.361,258.939,255.791
1781332710.706829,-1.014,2.143,0.001,0.01,259.398,258.905,255.788
1781332710.721925,-1.07,2.143,0.001,0.01,259.387,258.923,255.782
1781332710.736886,-1.127,1.929,0.001,0.009,259.334,258.901,255.852
1781332710.7483861,-1.239,2.071,0.001,0.01,259.33,258.963,255.797
1781332710.763463,-1.07,2.0,0.001,0.01,259.379,258.895,255.815
1781332710.775551,-1.07,1.929,0.001,0.01,259.372,258.883,255.834
1781332710.790323,-1.408,1.714,0.001,0.009,259.229,258.951,255.903
1781332710.805263,-1.521,1.714,0.001,0.009,259.2,258.989,255.895
1781332710.816231,-1.465,1.571,0.001,0.009,259.203,258.944,255.935
1781332710.8314009,-1.408,1.286,0.001,0.009,259.181,258.875,256.022
1781332710.863992,-1.296,1.143,0.001,0.009,259.199,258.819,256.058
1781332710.864355,-1.408,1.143,0.001,0.009,259.167,258.86,256.049
1781332710.872274,-1.408,1.214,0.001,0.009,259.19,258.876,256.012
1781332710.8873641,-1.239,1.071,0.001,0.009,259.222,258.8,256.054
1781332710.899213,-1.239,0.929,0.001,0.008,259.198,258.783,256.093
1781332710.914355,-1.07,1.143,0.001,0.009,259.292,258.773,256.013
1781332710.9295812,-1.183,0.714,0.001,0.008,259.176,258.739,256.156
1781332710.940832,-1.183,0.929,0.001,0.009,259.218,258.784,256.073
1781332710.955961,-1.014,1.0,0.001,0.009,259.281,258.75,256.046
1781332710.971043,-1.014,0.929,0.001,0.009,259.261,258.744,256.071
1781332710.982311,-0.62,0.929,0.002,0.009,259.386,258.622,256.069
1781332710.997223,-0.676,0.714,0.002,0.008,259.321,258.614,256.138
1781332711.0123572,-0.732,0.714,0.002,0.008,259.299,258.642,256.133
1781332711.023469,-0.676,0.857,0.002,0.008,259.34,258.658,256.078
1781332711.0386,-0.901,0.857,0.001,0.008,259.267,258.731,256.077
1781332711.054147,-0.62,0.714,0.002,0.008,259.331,258.619,256.124
1781332711.092269,-0.62,0.857,0.002,0.009,259.355,258.652,256.07
1781332711.092754,-0.676,0.714,0.002,0.008,259.308,258.646,256.12
1781332711.0953212,-0.732,0.857,0.002,0.009,259.316,258.692,256.068
1781332711.1066408,-0.62,0.786,0.002,0.008,259.343,258.647,256.086
1781332711.1216798,-0.845,0.643,0.001,0.008,259.24,258.696,256.136
1781332711.136814,-0.62,0.857,0.002,0.009,259.353,258.664,256.06
1781332711.1479511,-0.451,0.857,0.002,0.009,259.405,258.612,256.061
1781332711.163074,-0.676,0.643,0.002,0.008,259.289,258.647,256.137
1781332711.178061,-0.563,0.643,0.002,0.008,259.325,258.612,256.136
1781332711.190073,-0.62,0.714,0.002,0.008,259.322,258.645,256.108
1781332711.204969,-0.62,0.714,0.002,0.008,259.32,258.648,256.107
1781332711.216085,-0.563,0.643,0.002,0.008,259.326,258.618,256.13
1781332711.231128,-0.676,0.786,0.002,0.008,259.317,258.681,256.078
1781332711.246277,-0.845,0.571,0.001,0.008,259.222,258.697,256.153
1781332711.257431,-0.676,0.5,0.002,0.008,259.265,258.631,256.176
1781332711.275409,-0.676,0.429,0.002,0.008,259.251,258.62,256.199
1781332711.3222358,-0.451,0.5,0.002,0.008,259.34,258.565,256.167
1781332711.322743,-0.62,0.429,0.002,0.008,259.272,258.608,256.19
1781332711.323058,-0.563,0.5,0.002,0.008,259.305,258.604,256.163
1781332711.329176,-0.563,0.357,0.002,0.008,259.277,258.579,256.213
1781332711.340309,-0.789,0.5,0.001,0.008,259.231,258.68,256.16
1781332711.3552341,-0.845,0.357,0.001,0.008,259.19,258.67,256.209
1781332711.3702688,-0.732,0.5,0.001,0.008,259.257,258.659,256.156
1781332711.3814862,-0.676,0.214,0.002,0.008,259.223,258.587,256.257
1781332711.396619,-0.62,0.643,0.002,0.008,259.323,258.644,256.107
1781332711.411699,-0.845,0.5,0.001,0.008,259.225,258.689,256.157
1781332711.422871,-0.563,0.357,0.002,0.008,259.292,258.573,256.205
1781332711.437891,-0.62,0.429,0.002,0.008,259.287,258.606,256.178
1781332711.45313,-0.901,0.429,0.001,0.008,259.199,258.698,256.173
1781332711.465308,-0.789,0.5,0.001,0.008,259.249,258.674,256.149
1781332711.480105,-0.676,0.429,0.002,0.008,259.269,258.625,256.177
1781332711.494907,-0.789,0.643,0.001,0.008,259.272,258.7,256.103
1781332711.541578,-0.732,0.571,0.001,0.008,259.276,258.665,256.132
1781332711.5420108,-0.845,0.643,0.001,0.008,259.254,258.714,256.106
1781332711.542349,-0.732,0.643,0.002,0.008,259.288,258.674,256.113
1781332711.547436,-0.676,0.643,0.002,0.008,259.304,258.655,256.115
1781332711.5622451,-0.732,0.643,0.001,0.008,259.284,258.673,256.117
1781332711.577387,-0.507,0.571,0.002,0.008,259.342,258.588,256.144
1781332711.589122,-0.789,0.643,0.001,0.008,259.262,258.692,256.119
1781332711.604136,-0.901,0.714,0.001,0.008,259.241,258.739,256.095
1781332711.61922,-0.732,0.571,0.001,0.008,259.266,258.656,256.15
1781332711.6305091,-0.676,0.429,0.002,0.008,259.257,258.614,256.199
1781332711.645587,-0.845,0.714,0.001,0.008,259.26,258.722,256.092
1781332711.6572402,-0.789,0.5,0.001,0.008,259.24,258.664,256.167
1781332711.6720169,-0.845,0.5,0.001,0.008,259.226,258.68,256.165
1781332711.68708,-0.789,0.357,0.001,0.008,259.222,258.639,256.208
1781332711.6981602,-0.563,0.5,0.002,0.008,259.32,258.597,256.156
1781332711.7134678,-0.789,0.429,0.001,0.008,259.233,258.657,256.18
1781332711.7620559,-0.732,0.429,0.001,0.008,259.251,258.64,256.18
1781332711.76255,-0.62,0.429,0.002,0.008,259.29,258.606,256.175
1781332711.7628632,-0.676,0.5,0.002,0.008,259.282,258.639,256.151
1781332711.770496,-0.732,0.429,0.001,0.008,259.251,258.644,256.176
1781332711.781387,-0.676,0.5,0.002,0.008,259.284,258.639,256.149
1781332711.7965891,-0.451,0.286,0.002,0.008,259.315,258.528,256.227
1781332711.811718,-0.901,0.286,0.001,0.008,259.172,258.674,256.223
1781332711.8228638,-0.732,0.357,0.001,0.008,259.239,258.634,256.197
1781332711.8377569,-0.845,0.429,0.001,0.008,259.215,258.684,256.172
1781332711.85294,-0.845,0.429,0.001,0.008,259.213,258.681,256.176
1781332711.864786,-0.732,0.429,0.001,0.008,259.251,258.643,256.177
1781332711.879701,-0.845,0.5,0.001,0.008,259.226,258.693,256.153
1781332711.8947861,-0.507,0.286,0.002,0.008,259.298,258.545,256.226
1781332711.905921,-0.789,0.429,0.001,0.008,259.235,258.662,256.173
1781332711.920976,-0.676,0.786,0.002,0.009,259.336,258.691,256.051
1781332711.936131,-0.845,0.5,0.001,0.008,259.223,258.691,256.158
1781332711.982205,-0.789,0.643,0.001,0.008,259.266,258.699,256.109
1781332711.982604,-0.789,0.5,0.001,0.008,259.24,258.672,256.159
1781332711.982931,-0.845,0.5,0.001,0.008,259.224,258.69,256.157
1781332711.988984,-0.901,0.5,0.001,0.008,259.204,258.709,256.158
1781332712.003932,-0.676,0.571,0.002,0.008,259.291,258.649,256.133
1781332712.018948,-0.845,0.5,0.001,0.008,259.225,258.69,256.156
1781332712.03035,-0.732,0.357,0.001,0.008,259.235,258.629,256.206
1781332712.045334,-0.676,0.286,0.002,0.008,259.239,258.602,256.228
1781332712.0604548,-0.451,0.214,0.002,0.008,259.301,258.519,256.248
1781332712.0715451,-0.732,0.357,0.001,0.008,259.236,258.639,256.195
1781332712.086657,-0.563,0.5,0.002,0.008,259.315,258.612,256.145
1781332712.0982442,-0.789,0.5,0.001,0.008,259.244,258.683,256.145
1781332712.113046,-0.901,0.5,0.001,0.008,259.209,258.717,256.146
1781332712.127956,-0.676,0.643,0.002,0.008,259.309,258.667,256.099
1781332712.139938,-0.732,0.571,0.001,0.008,259.275,258.673,256.125
1781332712.155046,-0.789,0.714,0.001,0.008,259.28,258.715,256.081
1781332712.200117,-0.676,0.5,0.002,0.008,259.275,258.64,256.157
1781332712.2004921,-0.732,0.5,0.001,0.008,259.255,258.656,256.16
1781332712.2008052,-0.789,0.571,0.001,0.008,259.253,258.687,256.133
1781332712.2108748,-0.901,0.5,0.001,0.008,259.208,258.704,256.16
1781332712.221877,-0.732,0.571,0.002,0.008,259.276,258.664,256.133
1781332712.2368698,-0.732,0.5,0.001,0.008,259.261,258.652,256.158
1781332712.2519438,-0.732,0.429,0.001,0.008,259.248,258.641,256.182
1781332712.2631161,-0.676,0.429,0.002,0.008,259.267,258.625,256.178
1781332712.2782469,-0.732,0.429,0.001,0.008,259.249,258.645,256.177
1781332712.294125,-0.732,0.571,0.001,0.008,259.274,258.673,256.126
1781332712.305247,-0.732,0.5,0.001,0.008,259.265,258.66,256.147
1781332712.320242,-0.732,0.5,0.001,0.008,259.265,258.66,256.148
1781332712.33548,-0.845,0.286,0.001,0.008,259.189,258.657,256.222
1781332712.346883,-0.62,0.857,0.002,0.009,259.368,258.69,256.022
1781332712.361674,-0.62,0.5,0.002,0.008,259.297,258.627,256.149
1781332712.376766,-0.732,0.143,0.001,0.008,259.196,258.599,256.271
1781332712.4230778,-0.676,0.286,0.002,0.008,259.242,258.61,256.217
1781332712.423446,-0.958,0.286,0.001,0.008,259.151,258.699,256.217
1781332712.4237592,-0.789,0.357,0.001,0.008,259.22,258.659,256.191
1781332712.4296021,-0.62,0.643,0.002,0.008,259.327,258.659,256.09
1781332712.444671,-0.732,0.5,0.001,0.008,259.263,258.668,256.142
1781332712.459757,-0.732,0.5,0.001,0.008,259.257,258.668,256.147
1781332712.471058,-0.958,0.714,0.001,0.008,259.222,258.775,256.078
1781332712.48617,-0.789,0.714,0.001,0.008,259.279,258.717,256.08
1781332712.501249,-0.676,0.429,0.002,0.008,259.258,258.63,256.183
1781332712.5124638,-0.676,0.429,0.002,0.008,259.258,258.633,256.18
1781332712.527605,-0.676,0.286,0.002,0.008,259.231,258.606,256.231
1781332712.539443,-0.901,0.5,0.001,0.008,259.201,258.718,256.153
1781332712.554765,-0.732,0.5,0.001,0.008,259.258,258.664,256.15
1781332712.5695949,-0.845,0.429,0.001,0.008,259.211,258.686,256.173
1781332712.58086,-0.845,0.429,0.001,0.008,259.215,258.684,256.172
1781332712.59594,-0.507,0.357,0.002,0.008,259.31,258.563,256.197
1781332712.643172,-0.845,0.143,0.001,0.008,259.161,258.635,256.27
1781332712.643575,-0.845,0.357,0.001,0.008,259.203,258.675,256.191
1781332712.643892,-0.62,0.429,0.002,0.008,259.29,258.616,256.166
1781332712.652124,-0.62,0.5,0.002,0.008,259.302,258.631,256.14
1781332712.663114,-0.732,0.571,0.001,0.008,259.278,258.681,256.115
1781332712.6781492,-0.676,0.429,0.002,0.008,259.267,258.637,256.167
1781332712.6939762,-0.563,0.571,0.002,0.008,259.325,258.628,256.121
1781332712.705118,-0.451,0.143,0.002,0.008,259.281,258.516,256.27
1781332712.7202098,-0.563,0.357,0.002,0.008,259.286,258.592,256.192
1781332712.735434,-0.563,0.357,0.002,0.008,259.283,258.595,256.193
1781332712.7464478,-0.676,0.5,0.002,0.008,259.273,258.658,256.142
1781332712.761515,-0.62,0.5,0.002,0.008,259.289,258.639,256.145
1781332712.776526,-0.507,0.5,0.002,0.008,259.322,258.604,256.146
1781332712.787919,-0.789,0.357,0.001,0.008,259.203,258.668,256.198
1781332712.803021,-0.845,0.571,0.001,0.008,259.224,258.727,256.122
1781332712.8182762,-0.563,0.357,0.002,0.008,259.279,258.596,256.195
1781332712.865189,-0.732,0.357,0.001,0.008,259.225,258.651,256.193
1781332712.865577,-0.845,0.357,0.001,0.008,259.192,258.685,256.192
1781332712.865891,-0.732,0.5,0.001,0.008,259.255,258.675,256.142
1781332712.8712451,-0.901,0.429,0.001,0.008,259.19,258.714,256.166
1781332712.8863192,-0.958,0.357,0.001,0.008,259.162,258.716,256.191
1781332712.901282,-0.901,0.357,0.001,0.008,259.181,258.698,256.191
1781332712.912533,-0.789,0.357,0.001,0.008,259.216,258.662,256.192
1781332712.927721,-0.676,0.429,0.002,0.008,259.269,258.639,256.164
1781332712.94281,-0.732,0.286,0.001,0.008,259.221,258.632,256.216
1781332712.954748,-0.789,0.286,0.001,0.008,259.202,258.651,256.216
1781332712.9697878,-0.789,0.571,0.001,0.008,259.257,258.703,256.113
1781332712.9811132,-0.676,0.571,0.002,0.008,259.289,258.666,256.118
1781332712.996161,-0.789,0.429,0.001,0.008,259.223,258.68,256.169
1781332713.011261,-0.62,0.643,0.002,0.008,259.314,258.666,256.096
1781332713.022607,-0.507,0.357,0.002,0.008,259.295,258.576,256.199
1781332713.037996,-0.62,0.571,0.002,0.008,259.296,258.651,256.126
1781332713.084733,-0.676,0.5,0.001,0.008,259.258,258.658,256.156
1781332713.085103,-0.62,0.786,0.002,0.009,259.327,258.693,256.058
1781332713.085418,-0.62,0.714,0.002,0.008,259.314,258.677,256.085
1781332713.094292,-0.62,0.786,0.002,0.009,259.325,258.691,256.061
1781332713.105582,-0.789,0.429,0.001,0.008,259.206,258.679,256.185
1781332713.120534,-0.845,0.357,0.001,0.008,259.178,258.684,256.206
1781332713.135581,-0.676,0.214,0.001,0.008,259.211,258.607,256.249
1781332713.146781,-0.732,0.214,0.001,0.008,259.196,258.628,256.243
1781332713.16174,-0.789,0.214,0.001,0.008,259.183,258.648,256.237
1781332713.176834,-0.62,0.214,0.002,0.008,259.239,258.594,256.235
1781332713.188106,-0.789,0.214,0.001,0.008,259.189,258.649,256.23
1781332713.2031639,-0.789,0.214,0.001,0.008,259.191,258.65,256.227
1781332713.218196,-0.62,0.5,0.002,0.008,259.302,258.647,256.124
1781332713.2302,-0.789,0.143,0.001,0.008,259.183,258.634,256.249
1781332713.245207,-0.958,0.071,0.001,0.008,259.121,258.674,256.271
1781332713.260111,-1.07,0.0,0.001,0.008,259.077,258.696,256.292
1781332713.3057559,-1.014,0.214,0.001,0.008,259.136,258.716,256.216
1781332713.306124,-0.901,0.286,0.001,0.008,259.187,258.694,256.189
1781332713.306438,-0.845,0.143,0.001,0.008,259.177,258.653,256.238
1781332713.312309,-0.845,0.0,0.001,0.008,259.148,258.629,256.288
1781332713.327337,-0.789,0.214,0.001,0.008,259.206,258.654,256.21
1781332713.342488,-1.07,0.286,0.001,0.008,259.124,258.758,256.187
1781332713.35422,-0.789,0.357,0.001,0.008,259.226,258.678,256.167
1781332713.369278,-0.732,0.214,0.001,0.008,259.216,258.634,256.219
1781332713.384328,-0.507,0.357,0.002,0.008,259.309,258.59,256.173
1781332713.395527,-0.676,0.214,0.001,0.008,259.224,258.62,256.225
1781332713.410839,-0.507,0.5,0.002,0.008,259.327,258.621,256.126
1781332713.422236,-0.451,0.714,0.002,0.009,259.38,258.643,256.054
1781332713.436935,-0.62,0.5,0.002,0.008,259.279,258.659,256.135
1781332713.451777,-0.507,0.643,0.002,0.008,259.341,258.648,256.088
1781332713.4630342,-0.676,0.714,0.001,0.009,259.296,258.713,256.067
1781332713.478009,-0.62,0.786,0.002,0.009,259.324,258.706,256.047
1781332713.5228958,-0.62,0.786,0.001,0.009,259.318,258.709,256.05
1781332713.523267,-0.507,0.643,0.002,0.008,259.328,258.643,256.104
1781332713.523579,-0.507,0.714,0.002,0.008,259.339,258.654,256.083
1781332713.534889,-0.563,0.643,0.002,0.008,259.305,258.66,256.109
1781332713.5459468,-0.789,0.571,0.001,0.008,259.221,258.719,256.133
1781332713.561066,-0.62,0.643,0.002,0.008,259.291,258.676,256.108
1781332713.5761302,-0.676,0.714,0.001,0.008,259.287,258.706,256.083
1781332713.587352,-0.676,0.5,0.001,0.008,259.247,258.665,256.159
1781332713.602344,-0.676,0.5,0.001,0.008,259.251,258.668,256.153
1781332713.617606,-0.507,0.286,0.002,0.008,259.269,258.578,256.222
1781332713.6295161,-0.789,0.357,0.001,0.008,259.193,258.685,256.192
1781332713.644417,-0.845,0.214,0.001,0.008,259.153,258.676,256.237
1781332713.659574,-0.732,0.143,0.001,0.008,259.179,258.628,256.26
1781332713.670725,-0.732,0.143,0.001,0.008,259.183,258.629,256.255
1781332713.685587,-0.789,0.214,0.001,0.008,259.185,258.659,256.225
1781332713.700831,-0.62,0.143,0.002,0.008,259.228,258.592,256.248
1781332713.7477162,-0.845,0.071,0.001,0.008,259.144,258.655,256.266
1781332713.748053,-0.789,-0.071,0.001,0.007,259.142,258.61,256.313
1781332713.7483652,-0.845,0.214,0.001,0.008,259.182,258.68,256.207
1781332713.7530859,-1.183,0.143,0.001,0.008,259.063,258.774,256.23
1781332713.768115,-0.958,0.071,0.001,0.008,259.125,258.688,256.253
1781332713.782954,-0.901,0.0,0.001,0.008,259.132,258.657,256.276
1781332713.794843,-1.014,0.0,0.001,0.008,259.098,258.695,256.272
1781332713.810092,-0.676,-0.143,0.002,0.007,259.182,258.559,256.323
1781332713.825152,-1.07,-0.143,0.001,0.007,259.057,258.685,256.321
1781332713.836323,-1.014,-0.143,0.001,0.007,259.079,258.665,256.32
1781332713.8515399,-0.789,-0.143,0.001,0.007,259.15,258.596,256.319
1781332713.8667462,-0.789,-0.143,0.001,0.007,259.15,258.597,256.317
1781332713.877855,-0.845,-0.143,0.001,0.007,259.132,258.62,256.312
1781332713.893038,-0.845,0.071,0.001,0.008,259.173,258.661,256.233
1781332713.907702,-0.845,-0.071,0.001,0.008,259.147,258.636,256.282
1781332713.9198341,-0.845,0.0,0.001,0.008,259.161,258.65,256.256
1781332713.9652429,-0.732,0.214,0.001,0.008,259.233,258.651,256.186
1781332713.965591,-0.845,0.214,0.001,0.008,259.193,258.688,256.189
1781332713.9659,-0.563,0.143,0.002,0.008,259.264,258.585,256.22
1781332713.975667,-0.62,0.071,0.002,0.008,259.226,258.594,256.248
1781332713.9907079,-0.732,0.214,0.001,0.008,259.212,258.658,256.199
1781332714.0018508,-0.845,0.286,0.001,0.008,259.19,258.704,256.176
1781332714.017062,-0.676,0.286,0.001,0.008,259.24,258.646,256.184
1781332714.0320482,-0.845,0.643,0.001,0.009,259.246,258.758,256.072
1781332714.043169,-0.845,0.786,0.001,0.009,259.266,258.779,256.033
1781332714.059114,-0.732,0.786,0.001,0.009,259.298,258.741,256.038
1781332714.074115,-0.676,0.714,0.001,0.009,259.296,258.707,256.073
1781332714.085516,-0.563,0.571,0.002,0.008,259.301,258.644,256.129
1781332714.1002061,-0.62,0.857,0.002,0.009,259.331,258.716,256.032
1781332714.1153579,-0.732,0.857,0.001,0.009,259.292,258.75,256.036
1781332714.126473,-0.676,1.214,0.001,0.009,259.371,258.793,255.92
1781332714.14163,-0.563,1.286,0.002,0.009,259.414,258.763,255.908
1781332714.1796548,-0.394,1.357,0.002,0.009,259.472,258.72,255.895
1781332714.1799839,-0.62,1.214,0.001,0.009,259.364,258.765,255.954
1781332714.1828039,-0.394,1.571,0.002,0.01,259.496,258.756,255.838
1781332714.19462,-0.394,1.5,0.002,0.009,259.472,258.743,255.873
1781332714.209582,-0.225,1.571,0.002,0.009,259.532,258.701,255.857
1781332714.224424,-0.507,1.929,0.002,0.01,259.504,258.854,255.737
1781332714.235512,-0.507,1.929,0.002,0.01,259.504,258.854,255.737
1781332714.250145,-0.507,1.929,0.002,0.01,259.504,258.854,255.737
1781332714.2650712,-0.507,1.929,0.002,0.01,259.504,258.854,255.737
1781332714.276354,-0.282,1.786,0.002,0.01,259.547,258.754,255.792
1781332714.2914,-0.169,1.929,0.002,0.01,259.599,258.744,255.752
1781332714.3061042,-0.169,1.643,0.002,0.009,259.539,258.694,255.856
1781332714.317387,-0.169,1.643,0.002,0.009,259.539,258.694,255.856
1781332714.332098,0.282,2.143,0.003,0.01,259.775,258.645,255.682
1781332714.347111,0.338,2.0,0.003,0.01,259.751,258.608,255.74
1781332714.359288,0.282,1.643,0.003,0.009,259.646,258.574,255.871
1781332714.403967,0.507,1.786,0.003,0.01,259.74,258.536,255.819
1781332714.404314,0.563,1.786,0.003,0.01,259.747,258.53,255.819
1781332714.404629,0.676,1.929,0.003,0.01,259.802,258.529,255.768
1781332714.41523,0.789,1.714,0.003,0.01,259.79,258.467,255.839
1781332714.426482,0.676,1.643,0.003,0.009,259.733,258.497,255.862
1781332714.441526,0.789,1.429,0.003,0.009,259.723,258.436,255.931
1781332714.456724,0.901,1.286,0.003,0.009,259.731,258.387,255.97
1781332714.467912,0.901,1.143,0.003,0.009,259.705,258.375,256.005
1781332714.483103,0.789,0.929,0.003,0.009,259.628,258.381,256.072
1781332714.498256,0.901,1.0,0.003,0.009,259.678,258.372,256.034
1781332714.510257,1.239,0.786,0.004,0.008,259.745,258.242,256.097
1781332714.5251231,1.296,0.643,0.004,0.008,259.735,258.207,256.14
1781332714.536639,1.183,0.643,0.004,0.008,259.695,258.251,256.135
1781332714.551527,1.352,0.786,0.004,0.009,259.779,258.233,256.073
1781332714.566442,1.239,0.571,0.004,0.008,259.701,258.242,256.138
1781332714.577981,1.296,0.5,0.004,0.008,259.707,258.215,256.158
1781332714.62399,1.408,0.143,0.004,0.008,259.679,258.127,256.269
1781332714.624374,1.465,0.214,0.004,0.008,259.715,258.131,256.232
1781332714.624678,1.521,0.214,0.004,0.008,259.735,258.119,256.224
1781332714.634917,1.521,0.357,0.004,0.008,259.763,258.15,256.168
1781332714.645874,1.408,0.071,0.004,0.008,259.673,258.139,256.264
1781332714.660914,1.521,0.143,0.004,0.008,259.72,258.122,256.236
1781332714.6759748,1.634,0.214,0.004,0.008,259.768,258.106,256.207
1781332714.6872041,1.69,0.357,0.004,0.008,259.81,258.117,256.156
1781332714.71561,1.803,0.214,0.004,0.008,259.817,258.056,256.208
1781332714.717246,1.69,0.429,0.004,0.008,259.813,258.137,256.134
1781332714.72904,1.634,0.5,0.004,0.008,259.801,258.167,256.117
1781332714.7440598,1.69,0.571,0.004,0.008,259.832,258.159,256.095
1781332714.7552571,1.746,0.5,0.004,0.008,259.832,258.127,256.126
1781332714.7705212,1.915,0.643,0.004,0.008,259.909,258.098,256.081
1781332714.785493,1.577,0.929,0.004,0.009,259.847,258.254,255.989
1781332714.7967439,1.521,0.929,0.004,0.009,259.827,258.265,255.997
1781332714.8317,1.69,1.214,0.004,0.009,259.931,258.255,255.91
1781332714.832027,1.465,1.286,0.004,0.009,259.866,258.333,255.896
1781332714.838033,1.296,1.571,0.003,0.01,259.863,258.432,255.803
1781332714.853057,1.296,1.286,0.004,0.009,259.811,258.364,255.916
1781332714.864827,1.408,1.714,0.004,0.01,259.924,258.397,255.78
1781332714.8798878,1.127,1.929,0.003,0.01,259.87,258.514,255.719
1781332714.895085,1.239,1.929,0.003,0.01,259.904,258.471,255.727
1781332714.906262,1.408,1.857,0.004,0.01,259.946,258.393,255.763
1781332714.9213052,1.07,2.071,0.003,0.01,259.875,258.53,255.699
1781332714.936386,1.07,2.0,0.003,0.01,259.864,258.505,255.732
1781332714.947714,1.014,2.143,0.003,0.01,259.873,258.543,255.688
1781332714.962948,1.127,2.143,0.003,0.01,259.91,258.497,255.697
1781332714.974804,1.634,3.071,0.004,0.012,260.242,258.499,255.389
1781332714.989829,2.028,4.857,0.005,0.014,260.666,258.688,254.824
1781332715.005117,2.704,6.357,0.006,0.016,261.125,258.732,254.371
1781332715.016255,5.296,8.286,0.01,0.019,262.245,258.261,253.827
1781332715.061582,7.662,10.5,0.013,0.022,263.374,257.935,253.17
1781332715.0619452,11.887,12.357,0.019,0.024,264.951,257.038,252.71
1781332715.062263,14.761,13.143,0.022,0.025,265.923,256.376,252.558
1781332715.072483,15.211,14.571,0.026,0.024,266.615,255.651,252.704
1781332715.087585,15.211,14.571,0.026,0.024,266.615,255.651,252.704
1781332715.0993652,19.775,16.5,0.031,0.027,268.378,254.897,252.089
1781332715.1143832,19.268,16.786,0.03,0.027,268.055,255.226,252.015
1781332715.129455,22.028,18.143,0.033,0.029,269.068,254.861,251.618
1781332715.140637,23.775,18.929,0.034,0.03,269.435,254.767,251.444
1781332715.1557949,24.732,19.786,0.035,0.031,269.857,254.716,251.193
1781332715.170613,25.859,21.143,0.035,0.033,270.178,254.84,250.85
1781332715.181982,25.859,21.143,0.035,0.033,270.178,254.84,250.85
1781332715.196939,27.324,22.143,0.037,0.034,270.731,254.696,250.604
1781332715.212088,28.901,22.714,0.038,0.034,271.123,254.495,250.526
1781332715.2271092,29.746,23.357,0.038,0.035,271.291,254.502,250.406
1781332715.239216,30.141,23.143,0.038,0.034,271.144,254.464,250.541
1781332715.283919,30.873,23.0,0.039,0.034,271.275,254.291,250.616
1781332715.284278,31.155,22.5,0.039,0.033,271.154,254.184,250.8
1781332715.2846038,31.155,21.714,0.038,0.032,270.875,254.113,251.058
1781332715.295226,30.986,20.143,0.038,0.03,270.356,253.988,251.538
1781332715.310459,30.817,19.786,0.037,0.029,270.178,254.028,251.624
1781332715.3216472,30.479,18.357,0.037,0.027,269.722,253.951,252.023
1781332715.336701,29.915,17.0,0.036,0.025,269.231,253.94,252.389
1781332715.351777,29.408,15.857,0.035,0.024,268.826,253.923,252.702
1781332715.3629131,28.845,14.0,0.034,0.022,268.302,253.82,253.195
1781332715.3781781,28.507,13.0,0.034,0.02,268.032,253.778,253.44
1781332715.393024,27.775,11.5,0.033,0.019,267.553,253.774,253.812
1781332715.404611,27.493,11.143,0.032,0.019,267.462,253.813,253.844
1781332715.420158,26.254,8.857,0.031,0.015,266.549,253.799,254.577
1781332715.4349551,25.972,7.643,0.03,0.014,266.314,253.695,254.872
1781332715.4461582,24.451,6.214,0.028,0.012,265.623,253.94,255.186
1781332715.46124,24.169,5.5,0.028,0.012,265.444,253.9,255.375
1781332715.508477,23.324,2.714,0.027,0.008,264.723,253.678,256.211
1781332715.50887,22.873,1.214,0.026,0.006,264.399,253.585,256.586
1781332715.509184,20.845,0.0,0.024,0.005,263.61,253.977,256.866
1781332715.5171509,19.099,-2.286,0.021,0.002,262.755,254.08,257.523
1781332715.5290072,18.197,-3.857,0.02,-0.0,262.239,254.07,258.006
1781332715.5440938,15.211,-5.929,0.016,-0.002,261.071,254.569,258.571
1781332715.5594099,14.254,-6.857,0.015,-0.003,260.822,254.649,258.725
1781332715.574305,12.62,-8.357,0.014,-0.004,260.329,254.812,259.028
1781332715.585501,10.535,-9.643,0.011,-0.006,259.516,255.189,259.425
1781332715.600683,9.521,-10.857,0.01,-0.007,259.308,255.193,259.63
1781332715.615703,5.577,-11.714,0.005,-0.007,258.204,256.14,259.737
1781332715.630635,4.62,-12.286,0.005,-0.008,258.015,256.236,259.83
1781332715.642267,2.704,-13.0,0.002,-0.008,257.493,256.6,259.985
1781332715.657266,1.803,-13.643,0.002,-0.009,257.364,256.641,260.077
1781332715.672161,-0.62,-14.5,-0.001,-0.01,256.646,257.139,260.309
1781332715.6871738,-1.352,-14.786,-0.002,-0.01,256.462,257.264,260.373
1781332715.731462,-4.056,-15.714,-0.005,-0.011,255.757,257.772,260.599
1781332715.7318132,-5.465,-16.143,-0.007,-0.011,255.35,258.08,260.72
1781332715.732141,-6.817,-15.714,-0.008,-0.01,255.278,258.415,260.45
1781332715.7438211,-8.113,-16.357,-0.01,-0.011,254.86,258.648,260.667
1781332715.754923,-9.69,-15.857,-0.011,-0.01,254.718,259.056,260.403
1781332715.770123,-11.606,-16.143,-0.014,-0.011,254.176,259.556,260.494
1781332715.7851179,-12.563,-15.357,-0.014,-0.009,254.245,259.808,260.162
1781332715.80012,-12.901,-15.0,-0.014,-0.009,254.269,259.92,260.023
1781332715.815264,-14.873,-14.214,-0.016,-0.007,253.995,260.504,259.745
1781332715.8266618,-16.113,-12.857,-0.018,-0.005,254.008,260.967,259.277
1781332715.841663,-18.028,-12.0,-0.02,-0.004,253.721,261.561,259.021
1781332715.856703,-19.155,-11.0,-0.021,-0.003,253.642,261.993,258.698
1781332715.871706,-19.887,-10.643,-0.022,-0.003,253.562,262.166,258.622
1781332715.886826,-21.465,-8.857,-0.024,0.0,253.436,262.988,257.999
1781332715.898026,-22.31,-7.571,-0.024,0.001,253.499,263.283,257.664
1781332715.913252,-23.099,-6.857,-0.025,0.002,253.438,263.544,257.494
1781332715.95823,-23.268,-5.714,-0.025,0.004,253.622,263.689,257.17
1781332715.9586189,-24.62,-3.714,-0.027,0.006,253.593,264.425,256.555
1781332715.9589398,-25.352,-1.429,-0.027,0.009,253.785,264.988,255.875
1781332715.9699352,-25.296,-0.071,-0.027,0.011,254.04,265.009,255.595
1781332715.9851131,-24.507,1.5,-0.025,0.012,254.507,264.874,255.232
1781332716.0003278,-23.606,2.429,-0.024,0.013,254.889,264.657,255.03
1781332716.0116239,-24.958,4.214,-0.026,0.015,254.728,265.381,254.59
1781332716.026687,-24.958,5.5,-0.025,0.016,254.895,265.504,254.323
1781332716.041667,-24.789,6.857,-0.025,0.018,255.122,265.604,254.019
1781332716.0527942,-25.577,7.786,-0.026,0.019,254.997,265.963,253.852
1781332716.0680919,-23.099,8.071,-0.022,0.019,255.773,265.087,253.803
1781332716.083201,-24.282,9.571,-0.024,0.021,255.607,265.794,253.393
1781332716.098235,-22.704,11.0,-0.022,0.022,256.226,265.463,253.064
1781332716.110285,-23.38,11.857,-0.023,0.023,256.07,265.836,252.916
1781332716.125472,-29.69,57.429,-0.033,0.094,262.124,279.56,239.458
1781332716.140295,-17.915,14.643,-0.015,0.025,257.908,264.109,252.587
1781332716.187184,-15.38,15.214,-0.011,0.025,258.687,263.447,252.422
1781332716.1875389,-11.606,14.429,-0.006,0.024,259.676,262.066,252.693
1781332716.1878579,-11.606,14.429,-0.006,0.024,259.676,262.066,252.693
1781332716.1958458,-15.042,13.929,-0.012,0.023,258.298,263.349,252.857
1781332716.210963,-15.042,13.929,-0.012,0.023,258.298,263.349,252.857
1781332716.222005,-16.0,14.5,-0.014,0.024,258.022,263.883,252.668
1781332716.237122,-15.662,14.286,-0.013,0.024,258.059,263.753,252.741
1781332716.252202,-16.113,14.357,-0.014,0.024,257.883,263.981,252.715
1781332716.2674189,-15.268,14.0,-0.013,0.023,258.022,263.686,252.831
1781332716.279382,-13.859,13.5,-0.012,0.023,258.309,263.181,252.987
1781332716.29459,-12.958,14.286,-0.011,0.024,258.656,263.125,252.717
1781332716.309726,-11.887,14.0,-0.009,0.024,258.884,262.769,252.809
1781332716.324838,-10.197,13.929,-0.007,0.023,259.312,262.296,252.823
1781332716.336254,-8.901,13.5,-0.006,0.023,259.538,261.899,252.96
1781332716.35111,-7.38,13.5,-0.004,0.023,259.921,261.523,252.941
1781332716.366273,-6.254,12.5,-0.002,0.021,260.019,261.061,253.255
1781332716.412161,-4.056,12.214,0.0,0.021,260.572,260.436,253.314
1781332716.412499,-3.268,11.429,0.001,0.02,260.593,260.151,253.549
1781332716.412817,-1.521,10.786,0.003,0.019,260.917,259.653,253.71
1781332716.422396,-1.521,10.786,0.003,0.019,260.917,259.653,253.71
1781332716.434289,0.845,8.5,0.006,0.016,261.149,258.681,254.397
1781332716.4495301,1.465,7.357,0.006,0.015,261.059,258.424,254.717
1781332716.460835,4.113,6.714,0.01,0.014,261.727,257.678,254.83
1781332716.4760299,5.915,5.857,0.012,0.013,262.032,257.194,255.024
1781332716.490975,4.563,5.429,0.009,0.013,261.426,257.665,255.11
1781332716.5023842,5.577,4.143,0.01,0.011,261.474,257.233,255.483
1781332716.5172422,8.169,2.786,0.014,0.01,262.006,256.387,255.836
1781332716.5324109,8.62,2.214,0.014,0.009,262.017,256.216,255.995
1781332716.544458,8.282,0.286,0.013,0.006,261.485,256.158,256.536
1781332716.559253,8.958,-0.5,0.014,0.006,261.544,255.928,256.714
1781332716.574344,9.972,-1.071,0.015,0.005,261.748,255.634,256.826
1781332716.5858061,11.437,-2.5,0.017,0.003,261.931,255.072,257.236
1781332716.631689,12.0,-3.429,0.017,0.003,261.891,254.926,257.425
1781332716.632077,12.113,-3.786,0.017,0.002,261.849,254.884,257.508
1781332716.632389,13.239,-4.643,0.019,0.001,262.041,254.51,257.723
1781332716.641713,13.915,-4.929,0.019,0.001,262.169,254.414,257.706
1781332716.6568892,15.042,-5.071,0.021,0.001,262.477,254.184,257.666
1781332716.6680021,15.38,-5.5,0.021,0.001,262.465,254.128,257.737
1781332716.6831648,15.944,-5.857,0.021,0.001,262.555,253.974,257.818
1781332716.698793,16.394,-6.429,0.022,0.0,262.55,253.849,257.956
1781332716.71009,16.901,-6.714,0.022,0.0,262.633,253.738,257.998
1781332716.7251909,17.972,-6.571,0.023,0.0,262.979,253.535,257.899
1781332716.740096,17.69,-6.643,0.023,0.0,262.825,253.673,257.892
1781332716.7516181,17.859,-6.929,0.023,0.0,262.809,253.609,257.975
1781332716.766458,17.746,-7.0,0.023,0.0,262.735,253.675,257.972
1781332716.781516,17.859,-7.071,0.023,0.0,262.744,253.662,257.978
1781332716.796406,17.803,-6.929,0.022,0.0,262.747,253.721,257.913
1781332716.807979,17.69,-7.0,0.022,0.0,262.69,253.751,257.932
1781332716.854317,17.69,-6.643,0.022,0.001,262.759,253.815,257.8
1781332716.854718,17.634,-6.357,0.022,0.001,262.789,253.883,257.701
1781332716.855041,17.859,-6.357,0.022,0.001,262.86,253.814,257.709
1781332716.864634,17.408,-5.643,0.022,0.002,262.842,254.056,257.469
1781332716.879652,17.127,-5.143,0.021,0.003,262.84,254.206,257.313
1781332716.8909519,16.732,-4.714,0.021,0.004,262.789,254.359,257.197
1781332716.906058,16.507,-4.143,0.021,0.004,262.825,254.486,257.034
1781332716.920726,16.282,-3.643,0.02,0.005,262.85,254.591,256.901
1781332716.931941,16.282,-3.643,0.02,0.005,262.85,254.591,256.901
1781332716.9471328,14.986,-2.071,0.018,0.007,262.717,255.228,256.365
1781332716.962195,14.479,-1.214,0.018,0.008,262.721,255.458,256.128
1781332716.974137,13.803,-0.571,0.017,0.009,262.631,255.665,255.999
1781332716.9892428,12.732,0.214,0.016,0.01,262.438,256.021,255.814
1781332717.004171,12.394,0.857,0.015,0.01,262.465,256.161,255.651
1781332717.0155451,11.155,1.929,0.014,0.012,262.284,256.608,255.371
1781332717.0303612,10.254,2.714,0.013,0.012,262.166,256.896,255.193
1781332717.074643,10.254,2.714,0.013,0.012,262.166,256.896,255.193
1781332717.0749729,8.451,4.214,0.01,0.015,261.863,257.677,254.71
1781332717.0752819,7.493,5.214,0.009,0.016,261.794,257.972,254.491
1781332717.0866718,7.268,5.429,0.009,0.015,261.803,257.924,254.529
1781332717.097861,6.31,6.357,0.008,0.017,261.692,258.298,254.274
1781332717.112861,5.69,7.0,0.008,0.017,261.645,258.506,254.122
1781332717.124563,6.31,7.357,0.009,0.018,261.974,258.23,254.091
1781332717.139549,6.31,7.357,0.009,0.018,261.974,258.23,254.091
1781332717.154763,5.183,8.429,0.007,0.019,261.811,258.711,253.787
1781332717.1660092,4.451,9.286,0.007,0.02,261.754,258.976,253.593
1781332717.1810062,4.451,10.143,0.007,0.021,261.929,259.058,253.367
1781332717.196169,1.239,10.786,0.002,0.021,261.024,260.058,253.253
1781332717.20738,0.056,11.143,0.001,0.022,260.753,260.394,253.192
1781332717.222483,-1.07,11.214,-0.0,0.022,260.455,260.66,253.22
1781332717.237577,-3.211,12.0,-0.003,0.023,260.011,261.335,253.023
1781332717.249561,-4.282,11.786,-0.004,0.022,259.748,261.457,253.153
1781332717.295032,-5.014,11.857,-0.005,0.022,259.63,261.558,253.171
1781332717.295428,-5.69,12.0,-0.005,0.022,259.507,261.719,253.142
1781332717.295746,-6.704,11.786,-0.006,0.022,259.243,261.886,253.236
1781332717.305873,-7.831,12.143,-0.008,0.022,259.048,262.213,253.132
1781332717.3208928,-9.014,12.429,-0.009,0.022,258.824,262.549,253.05
1781332717.336013,-10.141,11.857,-0.01,0.021,258.462,262.703,253.249
1781332717.351072,-10.817,11.571,-0.011,0.021,258.299,262.769,253.344
1781332717.362286,-11.606,11.5,-0.012,0.021,258.101,262.96,253.365
1781332717.377374,-12.338,11.286,-0.012,0.021,257.929,263.076,253.426
1781332717.392524,-12.789,11.071,-0.013,0.02,257.839,263.109,253.482
1781332717.407327,-13.746,10.429,-0.014,0.019,257.514,263.238,253.676
1781332717.41914,-14.592,9.786,-0.015,0.018,257.168,263.381,253.882
1781332717.434485,-14.873,9.5,-0.015,0.018,257.104,263.376,253.947
1781332717.449321,-15.549,9.0,-0.016,0.018,256.91,263.454,254.067
1781332717.460534,-15.718,8.286,-0.016,0.017,256.827,263.32,254.259
1781332717.505919,-16.338,7.714,-0.016,0.016,256.594,263.398,254.417
1781332717.506301,-17.183,7.143,-0.017,0.015,256.329,263.539,254.554
1781332717.506616,-17.183,6.643,-0.017,0.015,256.3,263.419,254.684
1781332717.5167308,-17.634,6.071,-0.018,0.014,256.144,263.442,254.817
1781332717.531873,-17.859,5.929,-0.018,0.014,256.123,263.475,254.808
1781332717.546954,-17.915,5.071,-0.018,0.013,256.019,263.314,255.049
1781332717.5588648,-17.972,4.357,-0.018,0.012,255.936,263.2,255.23
1781332717.573982,-18.141,3.5,-0.018,0.011,255.786,263.106,255.46
1781332717.589067,-18.141,3.214,-0.018,0.011,255.769,263.065,255.513
1781332717.604337,-17.972,2.0,-0.017,0.009,255.657,262.799,255.858
1781332717.615626,-18.31,1.357,-0.018,0.009,255.492,262.824,256.003
1781332717.63073,-18.028,0.571,-0.017,0.008,255.487,262.607,256.201
1781332717.645617,-17.972,0.071,-0.017,0.007,255.442,262.52,256.324
1781332717.660779,-17.859,-0.357,-0.017,0.007,255.427,262.427,256.422
1781332717.672197,-17.352,-0.929,-0.016,0.006,255.502,262.178,256.569
1781332717.6873548,-16.845,-1.286,-0.016,0.006,255.607,262.001,256.623
1781332717.7342799,-15.606,-1.571,-0.014,0.006,255.928,261.604,256.66
1781332717.734657,-14.704,-2.214,-0.013,0.005,256.065,261.269,256.83
1781332717.7349792,-14.028,-2.357,-0.012,0.005,256.235,261.049,256.861
1781332717.74393,-13.239,-2.929,-0.011,0.004,256.36,260.716,257.044
1781332717.7589629,-12.845,-3.286,-0.011,0.004,256.377,260.636,257.103
1781332717.773772,-12.563,-3.786,-0.01,0.003,256.324,260.562,257.225
1781332717.785001,-11.549,-3.786,-0.009,0.003,256.623,260.263,257.206
1781332717.800077,-10.535,-4.143,-0.008,0.003,256.812,259.982,257.282
1781332717.8150668,-10.197,-4.071,-0.008,0.003,256.89,259.959,257.226
1781332717.830104,-9.408,-4.571,-0.007,0.003,256.987,259.711,257.365
1781332717.841434,-8.169,-4.571,-0.005,0.003,257.308,259.413,257.329
1781332717.856367,-7.437,-4.571,-0.004,0.003,257.485,259.25,257.31
1781332717.871388,-5.972,-4.357,-0.003,0.003,257.89,258.933,257.215
1781332717.8827531,-4.62,-4.5,-0.001,0.003,258.255,258.515,257.262
1781332717.897587,-3.549,-4.071,0.0,0.004,258.549,258.383,257.103
1781332717.912438,-2.817,-4.071,0.001,0.004,258.703,258.231,257.103
1781332717.9564748,-2.817,-4.071,0.001,0.004,258.703,258.231,257.103
1781332717.956822,-0.394,-3.0,0.004,0.006,259.571,257.759,256.731
1781332717.957142,0.394,-2.929,0.005,0.006,259.72,257.619,256.727
1781332717.9649549,0.62,-2.643,0.005,0.006,259.79,257.644,256.636
1781332717.979915,2.479,-1.714,0.008,0.007,260.451,257.317,256.337
1781332717.9950101,3.155,-1.143,0.008,0.008,260.599,257.327,256.19
1781332718.006201,4.0,-1.0,0.009,0.008,260.79,257.159,256.179
1781332718.0212722,4.563,-0.071,0.009,0.009,260.992,257.244,255.91
1781332718.0364668,5.746,0.429,0.01,0.01,261.329,257.051,255.792
1781332718.047591,6.761,1.0,0.011,0.01,261.63,256.914,255.655
1781332718.062849,7.549,1.571,0.012,0.011,261.906,256.821,255.497
1781332718.077848,8.563,2.214,0.013,0.012,262.228,256.692,255.338
1781332718.089844,9.296,2.714,0.014,0.012,262.434,256.621,255.225
1781332718.1044312,9.746,3.071,0.014,0.013,262.566,256.583,255.147
1781332718.115808,9.746,3.071,0.014,0.013,262.566,256.583,255.147
1781332718.1308422,11.155,4.071,0.017,0.014,263.205,256.346,254.823
1781332718.179614,11.775,4.5,0.017,0.014,263.339,256.296,254.757
1781332718.179991,12.113,5.0,0.017,0.015,263.456,256.317,254.636
1781332718.180311,12.451,5.143,0.017,0.015,263.473,256.285,254.652
1781332718.187208,12.958,5.786,0.018,0.016,263.668,256.282,254.49
1781332718.1988878,13.521,6.571,0.018,0.017,263.92,256.278,254.28
1781332718.2141051,13.746,6.714,0.018,0.017,263.962,256.252,254.27
1781332718.229113,14.31,6.571,0.019,0.016,264.049,256.08,254.364
1781332718.240354,14.479,7.143,0.019,0.017,264.144,256.156,254.21
1781332718.2554722,14.535,7.429,0.019,0.017,264.154,256.204,254.155
1781332718.270865,14.423,7.643,0.019,0.017,264.107,256.286,254.116
1781332718.281895,14.873,7.571,0.019,0.017,264.224,256.14,254.159
1781332718.2969,15.099,7.643,0.02,0.017,264.277,256.099,254.155
1781332718.3120792,15.042,7.5,0.019,0.017,264.197,256.102,254.219
1781332718.3233888,15.324,7.357,0.02,0.017,264.247,256.002,254.274
1781332718.339055,15.099,7.357,0.019,0.017,264.156,256.079,254.275
1781332718.354353,15.099,7.071,0.019,0.016,264.094,256.038,254.368
1781332718.3998358,14.761,7.0,0.019,0.016,263.963,256.133,254.385
1781332718.4002008,14.254,6.786,0.018,0.016,263.757,256.243,254.452
1781332718.4005141,14.31,6.571,0.018,0.016,263.751,256.181,254.517
1781332718.406533,13.915,6.714,0.018,0.016,263.671,256.314,254.456
1781332718.421558,13.352,6.0,0.017,0.015,263.361,256.346,254.689
1781332718.4367151,12.901,5.357,0.016,0.014,263.13,256.358,254.876
1781332718.4479659,12.169,4.643,0.015,0.013,262.799,256.44,255.083
1781332718.4629672,11.887,4.286,0.015,0.012,262.657,256.457,255.19
1781332718.477812,11.38,3.643,0.014,0.012,262.444,256.481,255.355
1781332718.489394,11.324,3.643,0.014,0.012,262.452,256.492,255.336
1781332718.504499,11.324,3.643,0.014,0.012,262.452,256.492,255.336
1781332718.5158138,9.465,2.429,0.012,0.01,261.661,256.827,255.711
1781332718.5310268,8.845,2.071,0.011,0.01,261.474,256.923,255.786
1781332718.54619,8.338,1.5,0.011,0.009,261.316,256.932,255.92
1781332718.557448,7.944,1.214,0.01,0.009,261.204,256.977,255.978
1781332718.5725188,7.099,0.929,0.009,0.009,260.982,257.147,256.014
1781332718.612333,6.31,0.429,0.009,0.008,260.734,257.26,256.131
1781332718.612669,5.408,-0.214,0.007,0.007,260.425,257.379,256.3
1781332718.614472,4.62,-0.429,0.006,0.007,260.2,257.553,256.34
1781332718.6294882,3.606,-0.786,0.005,0.007,259.917,257.748,256.415
1781332718.640747,2.648,-1.214,0.004,0.007,259.642,257.908,256.518
1781332718.655877,1.803,-1.5,0.003,0.006,259.43,258.061,256.569
1781332718.670739,0.958,-1.571,0.002,0.006,259.25,258.253,256.554
1781332718.6819892,0.958,-1.571,0.002,0.006,259.25,258.253,256.554
1781332718.69713,-0.394,-2.357,0.001,0.005,258.787,258.465,256.793
1781332718.712058,-1.127,-2.786,0.0,0.005,258.591,258.546,256.904
1781332718.723029,-1.634,-2.357,-0.001,0.006,258.546,258.764,256.737
1781332718.738131,-1.634,-2.357,-0.001,0.006,258.546,258.764,256.737
1781332718.753021,-3.549,-2.643,-0.003,0.005,258.019,259.225,256.806
1781332718.7647622,-3.831,-2.643,-0.003,0.005,257.973,259.282,256.797
1781332718.7796302,-3.831,-2.643,-0.003,0.005,257.973,259.282,256.797
1781332718.794601,-6.085,-2.357,-0.007,0.006,257.362,260.029,256.688
1781332718.834857,-6.197,-2.071,-0.006,0.006,257.481,260.017,256.582
1781332718.8352041,-7.437,-2.0,-0.008,0.006,257.244,260.297,256.553
1781332718.835528,-7.718,-1.571,-0.008,0.007,257.274,260.426,256.403
1781332718.8505862,-8.901,-1.357,-0.009,0.007,257.061,260.723,256.338
1781332718.861869,-9.408,-1.357,-0.009,0.007,256.972,260.804,256.35
1781332718.8769379,-10.254,-0.857,-0.01,0.008,256.892,261.059,256.194
1781332718.891948,-10.704,-0.571,-0.01,0.008,256.877,261.157,256.12
1781332718.906967,-11.099,-0.357,-0.011,0.009,256.857,261.234,256.069
1781332718.918953,-11.606,-0.071,-0.011,0.009,256.807,261.37,255.994
1781332718.933989,-12.0,0.286,-0.011,0.009,256.797,261.488,255.898
1781332718.948948,-12.338,0.571,-0.012,0.01,256.768,261.606,255.819
1781332718.9640162,-12.732,0.643,-0.012,0.01,256.692,261.687,255.82
1781332718.9754822,-13.07,1.143,-0.012,0.01,256.708,261.835,255.673
1781332718.9904351,-13.183,1.357,-0.012,0.011,256.736,261.856,255.625
1781332719.005494,-13.577,2.0,-0.013,0.011,256.744,262.06,255.436
1781332719.017007,-13.577,1.929,-0.013,0.011,256.74,262.01,255.484
1781332719.0617359,-13.746,1.929,-0.013,0.011,256.698,262.025,255.512
1781332719.062072,-13.746,1.929,-0.013,0.011,256.707,261.991,255.534
1781332719.062397,-13.634,2.429,-0.013,0.012,256.832,262.03,255.376
1781332719.072649,-13.183,2.857,-0.012,0.012,257.033,261.945,255.256
1781332719.087744,-13.183,3.143,-0.012,0.013,257.069,261.994,255.178
1781332719.10286,-12.845,3.571,-0.011,0.013,257.222,261.955,255.065
1781332719.117724,-12.282,3.857,-0.011,0.013,257.412,261.819,255.002
1781332719.129639,-11.662,4.786,-0.01,0.015,257.74,261.794,254.711
1781332719.144753,-11.211,5.0,-0.009,0.015,257.855,261.701,254.683
1781332719.160085,-10.873,5.214,-0.009,0.015,257.957,261.64,254.64
1781332719.1712809,-10.197,5.357,-0.008,0.015,258.134,261.463,254.631
1781332719.1863208,-9.915,6.071,-0.008,0.016,258.287,261.534,254.424
1781332719.201325,-9.408,5.571,-0.007,0.015,258.295,261.296,254.627
1781332719.212478,-8.676,5.786,-0.006,0.015,258.512,261.13,254.572
1781332719.227947,-8.732,5.429,-0.007,0.015,258.388,261.11,254.706
1781332719.2723892,-7.831,5.5,-0.005,0.015,258.64,260.868,254.687
1781332719.2727559,-7.211,5.5,-0.005,0.015,258.782,260.712,254.694
1781332719.2730722,-6.479,5.857,-0.004,0.015,259.024,260.59,254.579
1781332719.284491,-6.254,5.786,-0.004,0.015,259.04,260.54,254.61
1781332719.299395,-5.127,6.071,-0.002,0.016,259.389,260.28,254.523
1781332719.310675,-4.451,6.0,-0.001,0.015,259.521,260.11,254.556
1781332719.32573,-3.887,6.143,-0.001,0.016,259.663,260.014,254.512
1781332719.340815,-2.873,5.929,0.0,0.015,259.882,259.708,254.592
1781332719.351943,-2.761,5.929,0.0,0.015,259.872,259.72,254.59
1781332719.3671548,-1.859,5.429,0.001,0.014,260.003,259.408,254.756
1781332719.382207,-0.845,5.357,0.003,0.014,260.26,259.142,254.769
1781332719.3941991,-0.451,5.429,0.003,0.015,260.34,259.103,254.733
1781332719.409245,0.338,5.071,0.004,0.014,260.485,258.838,254.848
1781332719.420511,0.901,5.286,0.005,0.014,260.651,258.772,254.759
1781332719.435593,1.746,4.857,0.005,0.014,260.778,258.506,254.894
1781332719.4507132,1.972,4.357,0.006,0.013,260.694,258.42,255.051
1781332719.4971142,2.535,4.429,0.006,0.013,260.859,258.303,255.011
1781332719.4974751,2.986,4.5,0.007,0.013,260.965,258.248,254.969
1781332719.4977899,2.986,4.5,0.007,0.013,260.965,258.248,254.969
1781332719.502639,4.62,4.286,0.009,0.013,261.45,257.719,255.037
1781332719.517598,5.183,3.571,0.009,0.012,261.418,257.515,255.26
1781332719.529578,5.915,3.429,0.01,0.012,261.565,257.359,255.28
1781332719.544218,6.197,3.0,0.01,0.012,261.516,257.287,255.393
1781332719.5591319,6.197,3.0,0.01,0.012,261.516,257.287,255.393
1781332719.57036,6.197,3.0,0.01,0.012,261.516,257.287,255.393
1781332719.5854888,7.775,2.643,0.012,0.011,261.916,256.837,255.474
1781332719.600645,8.338,2.357,0.013,0.011,261.986,256.715,255.531
1781332719.611986,8.563,1.857,0.013,0.01,261.925,256.612,255.686
1781332719.627079,9.014,1.643,0.013,0.01,261.988,256.516,255.724
1781332719.639222,9.352,1.214,0.014,0.01,261.982,256.408,255.836
1781332719.6539981,9.521,1.0,0.014,0.009,261.967,256.382,255.876
1781332719.668992,9.465,0.714,0.013,0.009,261.875,256.384,255.956
1781332719.701238,9.746,0.429,0.014,0.009,261.898,256.296,256.023
1781332719.701531,10.254,0.286,0.014,0.009,262.024,256.163,256.042
1781332719.710408,10.366,0.357,0.014,0.009,262.059,256.185,255.989
1781332719.721524,10.479,0.071,0.014,0.008,262.03,256.126,256.074
1781332719.73656,10.648,-0.071,0.015,0.008,262.047,256.081,256.103
1781332719.752484,10.535,-0.143,0.014,0.008,261.986,256.131,256.108
1781332719.7628732,10.31,-0.286,0.014,0.008,261.884,256.194,256.137
1781332719.778053,10.423,-0.429,0.014,0.008,261.898,256.144,256.175
1781332719.793107,10.366,-0.786,0.014,0.008,261.819,256.107,256.284
1781332719.80497,10.366,-0.714,0.014,0.008,261.846,256.126,256.24
1781332719.820095,10.141,-0.929,0.014,0.007,261.743,256.159,256.3
1781332719.835331,9.803,-1.0,0.013,0.007,261.638,256.246,256.309
1781332719.84669,9.69,-1.071,0.013,0.007,261.6,256.264,256.324
1781332719.861702,9.014,-0.857,0.012,0.008,261.44,256.498,256.237
1781332719.87669,8.901,-0.714,0.012,0.008,261.456,256.531,256.19
1781332719.8880231,8.394,-1.214,0.011,0.007,261.215,256.574,256.367
1781332719.932265,8.338,-1.214,0.011,0.007,261.221,256.578,256.358
1781332719.932656,7.944,-1.429,0.011,0.007,261.082,256.644,256.42
1781332719.932978,7.718,-1.286,0.011,0.007,261.071,256.712,256.362
1781332719.944889,6.93,-1.357,0.01,0.007,260.838,256.91,256.38
1781332719.959897,6.592,-1.643,0.009,0.007,260.705,256.938,256.476
1781332719.9710872,5.915,-1.786,0.008,0.007,260.506,257.086,256.514
1781332719.986212,5.634,-1.429,0.008,0.007,260.54,257.196,256.373
1781332720.001261,4.845,-2.214,0.007,0.006,260.18,257.258,256.648
1781332720.012599,4.789,-1.429,0.007,0.007,260.349,257.386,256.364
1781332720.027562,4.507,-1.214,0.007,0.008,260.329,257.48,256.292
1781332720.042745,3.831,-1.0,0.006,0.008,260.161,257.713,256.22
1781332720.0545468,3.099,-0.643,0.005,0.008,260.038,257.94,256.114
1781332720.0696661,2.479,-0.571,0.004,0.008,259.899,258.081,256.108
1781332720.084706,2.085,-0.071,0.004,0.009,259.897,258.25,255.946
1781332720.096073,1.239,-0.214,0.003,0.009,259.644,258.418,256.022
1781332720.1112618,0.732,-0.429,0.003,0.008,259.499,258.469,256.109
1781332720.158153,0.282,0.286,0.002,0.009,259.536,258.675,255.878
1781332720.158562,-0.282,0.5,0.001,0.01,259.423,258.848,255.819
1781332720.158876,-0.789,0.929,0.001,0.01,259.386,259.016,255.695
1781332720.167579,-1.296,1.214,0.0,0.011,259.313,259.159,255.628
1781332720.1792371,-1.915,1.857,-0.0,0.011,259.268,259.404,255.44
1781332720.194079,-1.577,2.0,0.0,0.012,259.415,259.296,255.404
1781332720.209077,-1.577,2.0,0.0,0.012,259.415,259.296,255.404
1781332720.220282,-2.986,2.857,-0.002,0.013,259.129,259.888,255.122
1781332720.2352571,-3.718,3.286,-0.003,0.013,259.023,260.09,255.035
1781332720.250371,-4.056,3.0,-0.003,0.013,258.891,260.081,255.167
1781332720.261405,-4.507,3.643,-0.003,0.013,258.895,260.29,254.972
1781332720.2765079,-4.958,4.143,-0.004,0.014,258.871,260.47,254.831
1781332720.291407,-5.521,4.5,-0.005,0.015,258.782,260.657,254.744
1781332720.3027499,-5.127,5.071,-0.004,0.015,259.031,260.577,254.585
1781332720.317738,-5.803,5.5,-0.005,0.016,258.909,260.801,254.496
1781332720.333007,-6.31,5.786,-0.005,0.016,258.82,260.942,254.452
1781332720.3799858,-6.648,6.143,-0.005,0.016,258.798,261.048,254.378
1781332720.380359,-6.648,6.357,-0.005,0.016,258.857,261.024,254.346
1781332720.380682,-6.93,6.214,-0.006,0.016,258.753,261.053,254.416
1781332720.385996,-7.38,6.214,-0.006,0.016,258.632,261.156,254.437
1781332720.401045,-7.831,6.5,-0.007,0.016,258.572,261.309,254.357
1781332720.4160872,-8.0,6.429,-0.007,0.016,258.527,261.312,254.397
1781332720.431107,-8.563,6.357,-0.007,0.016,258.359,261.449,254.431
1781332720.442501,-8.62,6.357,-0.007,0.016,258.363,261.441,254.435
1781332720.45771,-9.183,6.357,-0.008,0.016,258.21,261.597,254.44
1781332720.4728708,-9.521,6.214,-0.009,0.016,258.11,261.644,254.493
1781332720.48477,-9.634,5.857,-0.009,0.015,258.043,261.583,254.61
1781332720.499975,-9.408,5.714,-0.008,0.015,258.119,261.461,254.647
1781332720.514893,-9.746,5.714,-0.009,0.015,258.028,261.564,254.641
1781332720.526339,-9.634,5.714,-0.008,0.015,258.083,261.514,254.633
1781332720.5412428,-9.577,6.0,-0.008,0.015,258.162,261.548,254.529
1781332720.556195,-9.465,5.5,-0.008,0.015,258.117,261.408,254.696
1781332720.603988,-9.352,5.143,-0.008,0.014,258.093,261.308,254.807
1781332720.604471,-9.014,5.143,-0.007,0.014,258.201,261.21,254.793
1781332720.6047869,-9.014,4.786,-0.007,0.014,258.136,261.162,254.898
1781332720.6093261,-8.62,5.071,-0.007,0.014,258.309,261.108,254.782
1781332720.624448,-8.0,4.857,-0.006,0.014,258.452,260.888,254.845
1781332720.639443,-8.225,4.429,-0.006,0.013,258.293,260.902,254.983
1781332720.654424,-8.113,4.714,-0.006,0.014,258.371,260.949,254.867
1781332720.665608,-7.662,4.571,-0.006,0.014,258.472,260.802,254.905
1781332720.6806898,-6.873,3.857,-0.005,0.013,258.571,260.444,255.136
1781332720.69602,-6.817,3.143,-0.005,0.012,258.443,260.347,255.345
1781332720.707275,-6.704,2.929,-0.005,0.012,258.437,260.303,255.391
1781332720.722493,-6.028,2.571,-0.004,0.011,258.575,260.07,255.475
1781332720.737757,-5.915,1.857,-0.004,0.01,258.466,259.955,255.685
1781332720.7498,-5.239,1.714,-0.003,0.01,258.642,259.766,255.693
1781332720.7646878,-4.732,1.5,-0.002,0.01,258.745,259.622,255.73
1781332720.779784,-4.225,2.0,-0.001,0.011,258.977,259.592,255.539
1781332720.821577,-3.887,1.714,-0.001,0.011,258.995,259.485,255.621
1781332720.8219361,-3.099,1.857,-0.0,0.011,259.234,259.31,255.56
1781332720.8222551,-2.704,1.286,0.0,0.01,259.206,259.142,255.744
1781332720.832116,-2.704,1.286,0.0,0.01,259.206,259.142,255.744
1781332720.847311,-1.915,1.571,0.001,0.011,259.468,259.008,255.625
1781332720.862294,-1.408,1.143,0.002,0.01,259.504,258.832,255.758
1781332720.874239,-1.014,0.929,0.002,0.01,259.548,258.729,255.814
1781332720.889272,-0.451,0.786,0.003,0.01,259.665,258.579,255.848
1781332720.904455,-0.056,0.643,0.003,0.009,259.742,258.466,255.884
1781332720.915644,0.451,0.286,0.004,0.009,259.799,258.3,255.989
1781332720.9307709,1.014,0.357,0.004,0.009,259.958,258.194,255.943
1781332720.945824,1.521,0.143,0.005,0.009,260.038,258.058,256.0
1781332720.957081,2.141,0.0,0.006,0.009,260.185,257.875,256.04
1781332720.9719858,2.535,0.429,0.006,0.009,260.349,257.884,255.879
1781332720.984311,2.817,0.286,0.006,0.009,260.367,257.822,255.922
1781332720.99923,3.38,0.143,0.007,0.009,260.48,257.672,255.963
1781332721.0453088,3.718,0.0,0.007,0.009,260.535,257.574,256.007
1781332721.045671,4.056,0.0,0.008,0.009,260.608,257.515,255.998
1781332721.045983,4.563,-0.143,0.008,0.009,260.709,257.379,256.038
1781332721.055066,4.732,-0.214,0.008,0.009,260.726,257.344,256.057
1781332721.066209,5.07,-0.143,0.009,0.009,260.812,257.295,256.025
1781332721.081193,5.577,-0.214,0.009,0.009,260.93,257.164,256.046
1781332721.096216,5.803,0.071,0.009,0.009,261.021,257.183,255.944
1781332721.107496,6.085,-0.143,0.01,0.009,261.049,257.079,256.019
1781332721.122491,6.423,0.0,0.01,0.009,261.156,257.033,255.967
1781332721.1342988,6.535,-0.071,0.01,0.009,261.145,257.014,255.995
1781332721.149497,6.592,0.214,0.01,0.009,261.188,257.071,255.901
1781332721.16447,6.986,0.357,0.011,0.009,261.326,256.989,255.855
1781332721.175724,7.155,0.5,0.011,0.01,261.376,256.985,255.814
1781332721.190835,7.549,0.786,0.011,0.01,261.531,256.93,255.727
1781332721.2058408,7.493,0.929,0.011,0.01,261.502,256.989,255.696
1781332721.217076,7.775,0.929,0.011,0.01,261.578,256.908,255.707
1781332721.264488,7.775,1.214,0.011,0.011,261.607,256.965,255.625
1781332721.26491,7.944,1.786,0.012,0.011,261.752,257.016,255.444
1781332721.265223,7.775,1.929,0.011,0.011,261.697,257.091,255.421
1781332721.273996,7.775,2.0,0.011,0.011,261.695,257.1,255.414
1781332721.285184,7.775,2.5,0.011,0.012,261.772,257.184,255.264
1781332721.300124,7.718,2.429,0.011,0.012,261.723,257.177,255.315
1781332721.3151438,7.775,2.857,0.011,0.013,261.815,257.226,255.185
1781332721.326217,7.662,2.786,0.011,0.012,261.756,257.24,255.224
1781332721.3409889,7.662,2.786,0.011,0.012,261.756,257.24,255.224
1781332721.351968,7.662,2.786,0.011,0.012,261.756,257.24,255.224
1781332721.366806,7.662,2.786,0.011,0.012,261.756,257.24,255.224
1781332721.381597,7.662,2.786,0.011,0.012,261.756,257.24,255.224
1781332721.392859,7.662,2.786,0.011,0.012,261.756,257.24,255.224
1781332721.407984,6.648,3.857,0.009,0.014,261.621,257.741,254.863
1781332721.423672,6.028,3.929,0.009,0.014,261.438,257.891,254.884
1781332721.435393,5.746,4.071,0.008,0.014,261.389,257.949,254.872
1781332721.480268,5.352,4.143,0.008,0.014,261.293,258.036,254.875
1781332721.4806242,5.352,4.214,0.008,0.014,261.322,258.016,254.868
1781332721.4809432,4.676,4.429,0.007,0.014,261.165,258.223,254.813
1781332721.4910588,4.169,4.429,0.007,0.014,261.028,258.336,254.829
1781332721.5022578,3.606,4.5,0.006,0.014,260.867,258.51,254.81
1781332721.517571,3.042,4.571,0.005,0.014,260.728,258.658,254.796
1781332721.53264,2.592,4.143,0.005,0.014,260.548,258.664,254.954
1781332721.5445828,2.31,4.286,0.004,0.014,260.537,258.727,254.905
1781332721.559517,1.69,4.071,0.004,0.013,260.344,258.836,254.978
1781332721.5709481,1.634,4.143,0.004,0.014,260.372,258.834,254.953
1781332721.585678,1.239,4.143,0.003,0.014,260.272,258.934,254.951
1781332721.600905,1.239,4.143,0.003,0.014,260.272,258.934,254.951
1781332721.6120682,0.056,3.929,0.001,0.013,259.863,259.258,255.024
1781332721.627158,-0.282,4.357,0.001,0.014,259.908,259.382,254.868
1781332721.6422231,-1.014,4.286,0.0,0.014,259.722,259.535,254.897
1781332721.654088,-1.183,4.143,0.0,0.014,259.694,259.505,254.951
1781332721.6997828,-1.69,4.071,-0.0,0.013,259.553,259.62,254.975
1781332721.7001522,-1.69,4.714,0.0,0.014,259.716,259.692,254.758
1781332721.700472,-2.197,4.643,-0.001,0.014,259.576,259.791,254.795
1781332721.710233,-2.423,4.5,-0.001,0.014,259.517,259.791,254.851
1781332721.725367,-3.155,4.5,-0.002,0.014,259.322,259.984,254.854
1781332721.7364612,-3.606,4.429,-0.002,0.014,259.197,260.087,254.876
1781332721.75171,-3.831,4.286,-0.002,0.014,259.147,260.09,254.919
1781332721.7665558,-4.563,3.929,-0.003,0.013,258.894,260.228,255.03
1781332721.7778041,-4.563,3.714,-0.003,0.013,258.905,260.149,255.091
1781332721.792767,-4.845,3.857,-0.003,0.013,258.866,260.251,255.034
1781332721.807632,-5.127,3.857,-0.004,0.013,258.8,260.323,255.031
1781332721.8221598,-5.127,3.857,-0.004,0.013,258.8,260.323,255.031
1781332721.834126,-5.127,3.857,-0.004,0.013,258.8,260.323,255.031
1781332721.848966,-5.127,3.857,-0.004,0.013,258.8,260.323,255.031
1781332721.8639889,-6.254,3.571,-0.005,0.013,258.45,260.59,255.117
1781332721.875406,-6.704,3.357,-0.006,0.013,258.333,260.646,255.177
1781332721.9212139,-7.042,3.0,-0.006,0.012,258.214,260.653,255.284
1781332721.921589,-7.268,3.0,-0.006,0.012,258.176,260.706,255.272
1781332721.921912,-7.042,3.143,-0.006,0.012,258.316,260.631,255.206
1781332721.931294,-7.155,2.929,-0.006,0.012,258.27,260.613,255.267
1781332721.946265,-7.324,2.786,-0.006,0.012,258.214,260.63,255.304
1781332721.957535,-7.606,2.214,-0.006,0.011,258.045,260.609,255.485
1781332721.97264,-7.549,2.286,-0.006,0.011,258.096,260.6,255.444
1781332721.9875321,-7.718,1.714,-0.006,0.011,257.966,260.548,255.617
1781332721.999359,-7.662,1.5,-0.006,0.01,257.975,260.49,255.662
1781332722.01439,-7.662,1.5,-0.006,0.01,257.996,260.494,255.637
1781332722.029622,-7.718,1.214,-0.006,0.01,257.94,260.463,255.72
1781332722.044649,-7.662,1.071,-0.006,0.01,257.949,260.428,255.744
1781332722.055871,-7.606,0.786,-0.006,0.01,257.931,260.365,255.819
1781332722.070833,-7.324,0.5,-0.006,0.009,257.976,260.232,255.898
1781332722.0859258,-7.324,0.571,-0.006,0.009,257.995,260.263,255.852
1781332722.09725,-7.211,0.429,-0.005,0.009,258.007,260.209,255.89
1781332722.1453178,-6.986,0.071,-0.005,0.009,258.008,260.091,255.999
1781332722.145728,-6.873,0.0,-0.005,0.009,258.026,260.068,256.003
1781332722.146105,-6.366,0.0,-0.004,0.009,258.178,259.931,255.984
1781332722.1539211,-6.028,-0.143,-0.004,0.009,258.245,259.816,256.027
1781332722.168891,-5.859,0.0,-0.004,0.009,258.309,259.817,255.965
1781332722.180096,-5.352,0.5,-0.003,0.01,258.533,259.773,255.791
1781332722.195293,-5.07,0.643,-0.003,0.01,258.613,259.735,255.75
1781332722.210319,-4.507,0.857,-0.002,0.01,258.789,259.62,255.69
1781332722.2253811,-4.338,1.286,-0.002,0.011,258.893,259.663,255.552
1781332722.236641,-3.775,1.357,-0.001,0.011,259.04,259.519,255.548
1781332722.251702,-3.268,1.286,-0.001,0.011,259.14,259.374,255.589
1781332722.2669451,-2.93,1.286,-0.0,0.011,259.202,259.299,255.6
1781332722.2790132,-2.592,1.5,0.0,0.011,259.306,259.266,255.534
1781332722.294056,-2.423,1.5,0.0,0.011,259.346,259.222,255.537
1781332722.309054,-1.803,1.714,0.001,0.011,259.536,259.099,255.475
1781332722.320431,-1.521,1.929,0.001,0.011,259.619,259.081,255.415
1781332722.365542,-1.183,2.071,0.002,0.012,259.706,259.028,255.385
1781332722.365909,-0.732,2.071,0.002,0.012,259.822,258.905,255.393
1781332722.366233,-0.451,2.429,0.002,0.012,259.933,258.911,255.285
1781332722.3763762,-0.169,3.071,0.003,0.013,260.095,258.966,255.083
1781332722.387337,-0.169,3.071,0.003,0.013,260.06,258.98,255.102
1781332722.402005,-0.169,3.071,0.003,0.013,260.06,258.98,255.102
1781332722.416926,-0.169,3.071,0.003,0.013,260.06,258.98,255.102
1781332722.428832,1.296,2.929,0.005,0.013,260.498,258.495,255.159
1781332722.443926,1.577,3.071,0.005,0.013,260.538,258.489,255.127
1781332722.4589581,2.366,3.0,0.006,0.013,260.74,258.26,255.161
1781332722.47024,2.254,3.571,0.006,0.013,260.745,258.452,254.974
1781332722.4855418,2.704,3.143,0.006,0.013,260.757,258.269,255.137
1781332722.500124,2.817,3.143,0.006,0.013,260.764,258.26,255.139
1781332722.511415,3.155,3.143,0.007,0.013,260.862,258.165,255.141
1781332722.525892,3.155,3.143,0.007,0.013,260.862,258.165,255.141
1781332722.537215,3.155,3.143,0.007,0.013,260.862,258.165,255.141
1781332722.583141,3.155,3.143,0.007,0.013,260.862,258.165,255.141
1781332722.58351,4.676,3.5,0.009,0.013,261.367,257.808,255.026
1781332722.583829,4.845,3.071,0.009,0.013,261.274,257.737,255.177
1781332722.593666,4.958,3.143,0.009,0.013,261.29,257.747,255.154
1781332722.608743,5.239,3.0,0.009,0.012,261.312,257.675,255.202
1781332722.619988,5.352,3.071,0.009,0.013,261.333,257.683,255.175
1781332722.6351511,5.521,2.857,0.009,0.012,261.323,257.618,255.247
1781332722.646409,5.408,2.929,0.009,0.012,261.283,257.687,255.216
1781332722.661398,5.634,2.786,0.009,0.012,261.309,257.616,255.262
1781332722.676529,5.746,2.429,0.009,0.012,261.259,257.541,255.378
1781332722.6876092,5.859,2.5,0.009,0.012,261.3,257.541,255.342
1781332722.702723,5.915,2.429,0.009,0.012,261.299,257.523,255.36
1781332722.718146,5.915,2.357,0.009,0.012,261.281,257.526,255.374
1781332722.729888,5.859,2.071,0.009,0.011,261.203,257.507,255.463
1781332722.7448719,5.972,2.071,0.009,0.011,261.245,257.483,255.448
1781332722.756236,5.746,1.929,0.009,0.011,261.144,257.535,255.488
1781332722.793398,5.521,1.714,0.008,0.011,261.033,257.576,255.549
1781332722.793736,5.746,1.357,0.009,0.01,261.055,257.448,255.655
1781332722.797359,5.577,1.357,0.009,0.01,261.008,257.511,255.636
1781332722.812427,5.465,1.071,0.008,0.01,260.927,257.497,255.723
1781332722.82753,5.352,0.786,0.008,0.01,260.856,257.484,255.801
1781332722.839453,5.296,0.571,0.008,0.009,260.817,257.465,255.855
1781332722.854499,5.07,0.643,0.008,0.01,260.77,257.548,255.817
1781332722.865633,4.789,0.429,0.007,0.009,260.659,257.593,255.875
1781332722.880859,4.62,0.143,0.007,0.009,260.573,257.592,255.956
1781332722.8958879,4.338,0.143,0.007,0.009,260.511,257.671,255.936
1781332722.907038,4.169,0.286,0.007,0.009,260.505,257.738,255.876
1781332722.922133,3.662,0.071,0.006,0.009,260.329,257.843,255.937
1781332722.937294,3.38,0.0,0.006,0.009,260.256,257.901,255.949
1781332722.94888,3.155,-0.214,0.006,0.009,260.175,257.91,256.015
1781332722.963867,3.155,-0.071,0.006,0.009,260.226,257.921,255.957
1781332722.97502,2.761,0.0,0.005,0.009,260.142,258.035,255.925
1781332723.004437,2.479,0.143,0.005,0.009,260.103,258.127,255.873
1781332723.00513,2.254,0.071,0.005,0.009,260.042,258.161,255.898
1781332723.0164149,1.803,0.0,0.004,0.009,259.901,258.271,255.923
1781332723.0314171,1.803,0.143,0.004,0.009,259.951,258.271,255.876
1781332723.04651,1.352,0.286,0.004,0.01,259.857,258.411,255.829
1781332723.057791,1.014,0.643,0.003,0.01,259.844,258.549,255.71
1781332723.0728269,0.732,0.429,0.003,0.01,259.73,258.576,255.791
1781332723.084758,0.563,0.429,0.003,0.01,259.703,258.597,255.796
1781332723.0999548,0.169,0.786,0.002,0.01,259.667,258.752,255.681
1781332723.115009,-0.113,0.643,0.002,0.01,259.574,258.782,255.74
1781332723.12641,-0.507,0.714,0.001,0.01,259.479,258.896,255.721
1781332723.141464,-0.845,0.929,0.001,0.01,259.441,259.005,255.654
1781332723.156364,-1.07,0.786,0.001,0.01,259.37,259.014,255.712
1781332723.1676002,-1.296,1.071,0.001,0.011,259.376,259.105,255.62
1781332723.182843,-1.69,1.071,0.0,0.011,259.263,259.208,255.628
1781332723.197727,-1.803,1.214,0.0,0.011,259.283,259.234,255.586
1781332723.242338,-2.366,1.357,-0.001,0.011,259.155,259.402,255.548
1781332723.242709,-2.535,1.643,-0.001,0.011,259.17,259.485,255.457
1781332723.2430232,-2.761,1.857,-0.001,0.012,259.156,259.569,255.392
1781332723.250554,-2.986,2.071,-0.001,0.012,259.144,259.635,255.341
1781332723.26571,-3.38,2.5,-0.002,0.012,259.117,259.802,255.212
1781332723.2807481,-3.775,2.357,-0.002,0.012,258.984,259.861,255.283
1781332723.295858,-4.056,2.643,-0.002,0.012,258.965,259.964,255.205
1781332723.307029,-4.338,2.929,-0.003,0.013,258.939,260.082,255.121
1781332723.3220859,-4.282,2.929,-0.003,0.013,258.974,260.027,255.139
1781332723.337402,-4.507,3.0,-0.003,0.013,258.931,260.08,255.13
1781332723.349122,-4.901,3.286,-0.003,0.013,258.868,260.228,255.054
1781332723.36405,-4.789,3.643,-0.003,0.014,258.978,260.236,254.943
1781332723.378746,-4.958,3.643,-0.003,0.014,258.926,260.282,254.95
1781332723.389879,-4.958,3.643,-0.003,0.014,258.926,260.282,254.95
1781332723.404394,-4.958,3.643,-0.003,0.014,258.926,260.282,254.95
1781332723.419431,-4.958,3.643,-0.003,0.014,258.926,260.282,254.95
1781332723.4649448,-4.958,3.643,-0.003,0.014,258.926,260.282,254.95
1781332723.465346,-4.958,3.643,-0.003,0.014,258.926,260.282,254.95
1781332723.465674,-4.958,3.643,-0.003,0.014,258.926,260.282,254.95
1781332723.471102,-5.69,4.357,-0.004,0.015,258.831,260.628,254.725
1781332723.486101,-5.803,4.429,-0.004,0.015,258.816,260.644,254.724
1781332723.50093,-5.915,4.286,-0.004,0.014,258.762,260.623,254.793
1781332723.5159528,-5.746,4.429,-0.004,0.014,258.853,260.562,254.764
1781332723.527292,-5.746,4.5,-0.004,0.014,258.87,260.559,254.75
1781332723.542256,-5.577,4.429,-0.004,0.014,258.914,260.472,254.789
1781332723.557375,-5.521,4.5,-0.004,0.014,258.947,260.456,254.773
1781332723.56917,-5.521,4.429,-0.004,0.014,258.929,260.436,254.806
1781332723.5843751,-5.634,4.214,-0.004,0.014,258.852,260.431,254.883
1781332723.599267,-5.239,3.929,-0.003,0.013,258.924,260.255,254.976
1781332723.610682,-5.183,4.143,-0.003,0.014,258.979,260.289,254.894
1781332723.6258209,-4.958,3.786,-0.003,0.013,258.979,260.158,255.013
1781332723.640795,-4.732,3.857,-0.003,0.013,259.056,260.117,254.979
1781332723.6852522,-4.732,3.714,-0.003,0.013,259.023,260.104,255.022
1781332723.685626,-4.62,3.286,-0.003,0.013,258.973,260.01,255.155
1781332723.685941,-4.507,3.429,-0.002,0.013,259.031,260.022,255.089
1781332723.6937542,-4.169,3.214,-0.002,0.013,259.091,259.894,255.151
1781332723.708904,-4.0,3.143,-0.002,0.013,259.123,259.849,255.163
1781332723.7238998,-3.887,3.071,-0.002,0.013,259.14,259.816,255.178
1781332723.73899,-3.437,2.714,-0.001,0.012,259.206,259.631,255.288
1781332723.7501109,-3.324,2.5,-0.001,0.012,259.191,259.584,255.345
1781332723.765057,-2.761,2.429,-0.0,0.012,259.355,259.4,255.363
1781332723.780076,-2.648,2.214,-0.0,0.011,259.338,259.353,255.422
1781332723.791299,-2.648,2.214,-0.0,0.011,259.338,259.353,255.422
1781332723.806258,-1.803,1.857,0.001,0.011,259.517,259.07,255.521
1781332723.821388,-1.352,1.643,0.002,0.011,259.593,258.943,255.57
1781332723.83268,-1.408,1.714,0.001,0.011,259.571,259.009,255.528
1781332723.8476539,-0.958,1.714,0.002,0.011,259.689,258.911,255.51
1781332723.862685,-0.676,1.786,0.002,0.011,259.768,258.875,255.47
1781332723.9089,-0.282,1.286,0.003,0.01,259.775,258.697,255.633
1781332723.909266,-0.113,1.429,0.003,0.011,259.842,258.7,255.567
1781332723.9095721,0.113,0.643,0.003,0.01,259.742,258.531,255.822
1781332723.915818,0.451,0.429,0.003,0.009,259.795,258.428,255.871
1781332723.930985,1.07,0.357,0.004,0.009,259.966,258.259,255.874
1781332723.9421859,1.183,0.214,0.004,0.009,259.956,258.239,255.902
1781332723.957302,1.183,0.214,0.004,0.009,259.942,258.264,255.891
1781332723.972453,1.352,0.214,0.004,0.009,259.978,258.246,255.875
1781332723.98414,1.859,-0.214,0.005,0.009,260.044,258.043,256.009
1781332723.999357,1.972,0.071,0.005,0.009,260.121,258.084,255.897
1781332724.0143309,2.141,-0.357,0.005,0.009,260.077,257.985,256.034
1781332724.02576,2.31,-0.571,0.005,0.008,260.081,257.926,256.088
1781332724.0408142,2.479,-0.714,0.005,0.008,260.096,257.879,256.119
1781332724.05587,2.648,-0.571,0.006,0.009,260.164,257.882,256.053
1781332724.0672388,3.042,-0.571,0.006,0.009,260.283,257.773,256.048
1781332724.082161,3.211,-0.571,0.006,0.009,260.318,257.745,256.043
1781332724.1277702,3.324,-0.571,0.006,0.009,260.34,257.733,256.034
1781332724.128116,3.718,-0.5,0.007,0.009,260.462,257.641,256.009
1781332724.1284359,3.718,-0.5,0.007,0.009,260.449,257.655,256.008
1781332724.135052,3.606,-0.5,0.007,0.009,260.393,257.705,256.012
1781332724.1499379,4.169,-0.5,0.007,0.009,260.562,257.545,256.01
1781332724.1649191,4.056,-0.5,0.007,0.009,260.506,257.597,256.012
1781332724.1761348,4.169,-0.429,0.007,0.009,260.545,257.586,255.987
1781332724.191168,4.225,-0.357,0.007,0.009,260.567,257.59,255.963
1781332724.2062101,4.282,-0.286,0.007,0.009,260.582,257.593,255.946
1781332724.21746,4.507,0.214,0.008,0.01,260.735,257.618,255.781
1781332724.232579,4.394,0.071,0.007,0.01,260.659,257.63,255.839
1781332724.247616,4.394,0.357,0.007,0.01,260.699,257.683,255.751
1781332724.2595782,4.282,0.714,0.007,0.01,260.718,257.775,255.645
1781332724.2746089,4.394,0.786,0.007,0.01,260.76,257.743,255.637
1781332724.286062,4.225,0.857,0.007,0.011,260.713,257.803,255.622
1781332724.301122,4.338,0.857,0.007,0.01,260.741,257.757,255.641
1781332724.347954,4.169,1.071,0.007,0.011,260.717,257.839,255.584
1781332724.348284,4.282,1.357,0.007,0.011,260.804,257.85,255.494
1781332724.348599,4.225,1.643,0.007,0.011,260.834,257.906,255.413
1781332724.3572211,4.169,1.714,0.007,0.012,260.821,257.925,255.406
1781332724.3690612,4.282,2.071,0.007,0.012,260.917,257.943,255.302
1781332724.383604,4.338,2.214,0.007,0.012,260.953,257.941,255.271
1781332724.394801,4.338,2.571,0.007,0.013,261.011,257.999,255.163
1781332724.4097002,4.056,2.571,0.007,0.013,260.912,258.083,255.173
1781332724.4243011,4.056,2.571,0.007,0.013,260.912,258.083,255.173
1781332724.43537,4.056,2.571,0.007,0.013,260.912,258.083,255.173
1781332724.450093,4.056,2.571,0.007,0.013,260.912,258.083,255.173
1781332724.464861,4.056,2.571,0.007,0.013,260.912,258.083,255.173
1781332724.475899,4.056,2.571,0.007,0.013,260.912,258.083,255.173
1781332724.490499,4.056,2.571,0.007,0.013,260.912,258.083,255.173
1781332724.501754,0.0,0.0,0.0,0.0,258.008,258.008,258.008
1781332724.5167449,0.0,0.0,0.0,0.0,258.008,258.008,258.008
1781332724.5616572,3.831,3.071,0.004,0.004,259.315,257.587,257.145
1781332724.562019,3.268,3.429,0.003,0.004,259.196,257.823,257.027
1781332724.562331,3.268,3.429,0.003,0.004,259.196,257.823,257.027
1781332724.572416,3.493,3.0,0.004,0.004,259.189,257.66,257.195
1781332724.5841541,3.155,2.857,0.003,0.003,259.054,257.727,257.259
1781332724.599276,3.211,2.929,0.003,0.003,259.089,257.717,257.236
1781332724.610532,3.099,3.929,0.003,0.005,259.236,257.914,256.898
1781332724.6255412,3.042,4.643,0.003,0.006,259.343,258.03,256.683
1781332724.640655,2.817,6.214,0.003,0.008,259.545,258.348,256.182
1781332724.651979,2.761,6.214,0.003,0.008,259.506,258.332,256.234
1781332724.667028,2.873,7.357,0.003,0.009,259.729,258.465,255.897
1781332724.6821592,2.817,8.286,0.003,0.01,259.849,258.605,255.651
1781332724.694083,2.761,9.071,0.003,0.011,259.939,258.716,255.462
1781332724.709255,3.099,9.929,0.004,0.012,260.182,258.734,255.221
1781332724.724301,2.761,10.714,0.003,0.013,260.177,258.938,255.035
1781332724.735856,2.479,11.143,0.003,0.013,260.131,259.052,254.97
1781332724.7829409,2.366,11.786,0.002,0.014,260.182,259.157,254.826
1781332724.783339,2.31,12.143,0.002,0.014,260.212,259.209,254.75
1781332724.783654,2.085,12.929,0.002,0.015,260.264,259.381,254.544
1781332724.791565,1.972,13.071,0.002,0.016,260.246,259.427,254.518
1781332724.8025641,2.592,14.214,0.003,0.017,260.645,259.403,254.181
1781332724.817322,2.592,14.214,0.003,0.017,260.645,259.403,254.181
1781332724.832051,2.592,14.214,0.003,0.017,260.645,259.403,254.181
1781332724.843931,2.592,14.214,0.003,0.017,260.645,259.403,254.181
1781332724.859029,1.465,15.357,0.001,0.019,260.473,259.965,253.824
1781332724.874027,1.577,15.929,0.001,0.019,260.596,259.977,253.703
1781332724.8853602,1.915,16.714,0.002,0.02,260.823,259.969,253.509
1781332724.90032,2.592,16.857,0.003,0.02,261.014,259.736,253.55
1781332724.915475,1.634,17.286,0.002,0.02,260.742,260.077,253.483
1781332724.9269671,1.465,17.429,0.001,0.02,260.701,260.119,253.482
1781332724.94191,1.014,17.429,0.001,0.02,260.543,260.218,253.534
1781332724.956744,1.07,17.5,0.001,0.02,260.574,260.171,253.549
1781332724.9989471,1.014,17.5,0.001,0.02,260.557,260.154,253.579
1781332724.999296,0.789,17.357,0.001,0.02,260.46,260.183,253.64
1781332724.999608,0.451,17.357,0.0,0.02,260.367,260.266,253.649
1781332725.0095732,0.507,17.5,0.0,0.02,260.426,260.253,253.608
1781332725.024717,0.282,17.571,0.0,0.02,260.376,260.325,253.587
1781332725.0397491,0.0,17.714,-0.0,0.02,260.318,260.431,253.544
1781332725.051129,-0.113,17.357,-0.0,0.019,260.229,260.384,253.666
1781332725.0660632,0.0,17.0,-0.0,0.019,260.219,260.268,253.778
1781332725.081003,-0.282,17.143,-0.0,0.019,260.175,260.378,253.719
1781332725.092345,-0.394,16.786,-0.001,0.019,260.09,260.339,253.83
1781332725.107601,-0.563,16.714,-0.001,0.019,260.036,260.378,253.844
1781332725.1227179,-0.676,16.571,-0.001,0.019,259.999,260.378,253.878
1781332725.1379352,-0.958,15.929,-0.001,0.018,259.813,260.348,254.072
1781332725.149871,-0.845,15.5,-0.001,0.017,259.799,260.236,254.188
1781332725.165102,-0.958,15.0,-0.001,0.016,259.698,260.19,254.32
1781332725.1799748,-1.07,14.5,-0.001,0.016,259.594,260.139,254.462
1781332725.224318,-1.014,14.357,-0.001,0.016,259.619,260.108,254.466
1781332725.224706,-1.014,13.5,-0.001,0.015,259.483,259.958,254.729
1781332725.225058,-1.127,13.286,-0.001,0.015,259.443,259.978,254.747
1781332725.2360451,-1.014,13.071,-0.001,0.014,259.472,259.917,254.776
1781332725.2474298,-1.07,13.0,-0.001,0.014,259.461,259.94,254.765
1781332725.262617,-1.127,12.357,-0.001,0.014,259.34,259.852,254.958
1781332725.277652,-1.07,11.714,-0.001,0.013,259.266,259.742,255.129
1781332725.292774,-0.958,11.429,-0.001,0.013,259.276,259.678,255.178
1781332725.304714,-1.07,10.786,-0.001,0.012,259.147,259.623,255.349
1781332725.319901,-0.845,10.571,-0.001,0.012,259.213,259.54,255.365
1781332725.334908,-1.296,9.929,-0.001,0.011,258.967,259.581,255.558
1781332725.3460639,-1.127,9.286,-0.001,0.01,258.926,259.422,255.746
1781332725.361023,-1.239,8.643,-0.001,0.009,258.807,259.373,255.905
1781332725.376298,-1.239,8.5,-0.001,0.009,258.793,259.357,255.933
1781332725.387342,-0.958,7.857,-0.001,0.008,258.799,259.183,256.092
1781332725.4028459,-0.845,7.643,-0.001,0.008,258.816,259.132,256.125
1781332725.4412491,-0.732,6.786,-0.001,0.007,258.72,258.974,256.366
1781332725.4415889,-0.845,6.786,-0.001,0.007,258.71,259.049,256.305
1781332725.44408,-0.789,6.571,-0.001,0.007,258.709,259.017,256.336
1781332725.459046,-0.845,6.357,-0.001,0.007,258.665,259.013,256.383
1781332725.474176,-0.845,6.071,-0.001,0.007,258.629,258.986,256.443
1781332725.485417,-0.225,5.714,0.0,0.006,258.776,258.747,256.531
1781332725.500303,-0.282,5.5,-0.0,0.006,258.725,258.764,256.564
1781332725.5153658,-0.113,5.286,0.0,0.006,258.743,258.693,256.615
1781332725.526633,-0.056,5.429,0.0,0.006,258.792,258.725,256.536
1781332725.541545,0.0,5.429,0.0,0.007,258.814,258.726,256.514
1781332725.5565739,-0.225,5.357,-0.0,0.006,258.732,258.797,256.525
1781332725.5687182,-0.507,5.429,-0.001,0.007,258.657,258.909,256.49
1781332725.5836182,-0.113,5.714,-0.0,0.007,258.838,258.839,256.383
1781332725.598617,-0.169,5.357,-0.0,0.007,258.755,258.792,256.508
1781332725.6098912,0.0,5.5,0.0,0.007,258.832,258.773,256.452
1781332725.624892,0.225,5.857,0.0,0.007,258.956,258.776,256.33
1781332725.663779,0.451,6.0,0.001,0.008,259.042,258.737,256.285
1781332725.6641622,0.732,6.714,0.001,0.009,259.243,258.784,256.05
1781332725.66634,0.958,7.214,0.001,0.009,259.374,258.809,255.901
1781332725.6775281,1.408,7.786,0.002,0.01,259.582,258.776,255.738
1781332725.6925251,1.465,8.286,0.002,0.011,259.667,258.85,255.588
1781332725.707262,1.915,8.571,0.003,0.011,259.817,258.757,255.537
1781332725.718905,1.915,8.571,0.003,0.011,259.817,258.757,255.537
1781332725.733839,1.915,8.571,0.003,0.011,259.817,258.757,255.537
1781332725.7451332,2.141,10.357,0.003,0.014,260.208,259.014,254.936
1781332725.760154,2.366,10.786,0.003,0.014,260.289,259.001,254.874
1781332725.775218,2.423,11.214,0.003,0.014,260.321,259.048,254.8
1781332725.78646,2.366,11.286,0.003,0.014,260.279,259.072,254.817
1781332725.8017228,2.592,11.5,0.003,0.014,260.348,259.025,254.798
1781332725.816798,2.592,12.214,0.003,0.015,260.443,259.147,254.598
1781332725.827895,2.704,11.929,0.003,0.015,260.387,259.05,254.738
1781332725.8430579,2.873,12.429,0.003,0.015,260.517,259.082,254.591
1781332725.8891299,2.93,13.071,0.003,0.016,260.618,259.174,254.416
1781332725.8895009,3.549,13.357,0.004,0.016,260.836,259.024,254.358
1781332725.889815,3.718,13.571,0.005,0.016,260.892,259.01,254.321
1781332725.899637,3.549,13.643,0.004,0.016,260.829,259.076,254.317
1781332725.910759,3.268,13.786,0.004,0.017,260.737,259.19,254.294
1781332725.925838,3.606,14.143,0.004,0.017,260.896,259.142,254.196
1781332725.9408908,3.493,14.214,0.004,0.017,260.85,259.19,254.193
1781332725.952217,3.718,14.143,0.004,0.017,260.901,259.1,254.23
1781332725.967256,3.887,14.357,0.005,0.017,260.977,259.087,254.174
1781332725.982434,4.0,14.214,0.005,0.017,260.971,259.026,254.236
1781332725.994308,4.056,14.429,0.005,0.017,261.017,259.052,254.171
1781332726.009421,4.056,14.429,0.005,0.017,261.006,259.055,254.178
1781332726.024391,3.887,14.571,0.004,0.017,260.972,259.138,254.131
1781332726.035535,3.944,14.286,0.004,0.017,260.933,259.071,254.229
1781332726.050554,4.056,14.286,0.005,0.017,260.968,259.036,254.229
1781332726.065587,4.056,14.5,0.005,0.017,261.007,259.081,254.153
1781332726.11101,4.056,14.071,0.005,0.017,260.925,259.003,254.298
1781332726.111357,4.732,14.286,0.006,0.017,261.192,258.833,254.218
1781332726.111677,4.169,14.0,0.005,0.017,260.941,258.974,254.311
1781332726.118707,3.831,14.143,0.004,0.017,260.864,259.115,254.25
1781332726.133724,4.169,14.0,0.005,0.017,260.957,258.978,254.293
1781332726.1487858,3.775,13.571,0.004,0.016,260.756,259.029,254.425
1781332726.160052,3.775,13.357,0.004,0.016,260.728,258.996,254.482
1781332726.175027,3.549,13.214,0.004,0.016,260.647,259.042,254.511
1781332726.186269,3.493,12.929,0.004,0.015,260.589,259.008,254.595
1781332726.201474,3.718,13.786,0.004,0.017,260.843,259.093,254.288
1781332726.2165,3.155,14.857,0.003,0.018,260.855,259.457,253.944
1781332726.227804,3.493,16.143,0.004,0.02,261.195,259.551,253.559
1781332726.243176,3.493,16.714,0.004,0.021,261.286,259.632,253.406
1781332726.2587001,4.0,16.571,0.005,0.02,261.403,259.41,253.504
1781332726.269975,4.282,15.643,0.005,0.019,261.296,259.146,253.838
1781332726.285156,4.451,14.143,0.005,0.016,261.056,258.839,254.333
1781332726.330494,4.676,13.0,0.006,0.015,260.925,258.599,254.674
1781332726.3308349,4.845,12.429,0.006,0.014,260.887,258.473,254.826
1781332726.331155,4.563,11.5,0.005,0.013,260.643,258.444,255.074
1781332726.341221,4.62,10.786,0.005,0.012,260.559,258.341,255.249
1781332726.352432,4.732,11.071,0.006,0.013,260.682,258.396,255.084
1781332726.367487,4.732,10.286,0.006,0.012,260.552,258.274,255.319
1781332726.382674,4.507,9.571,0.005,0.011,260.373,258.245,255.51
1781332726.3944268,4.507,8.286,0.005,0.009,260.156,258.039,255.908
1781332726.409437,4.507,6.714,0.005,0.007,259.916,257.812,256.353
1781332726.424432,4.507,5.786,0.005,0.006,259.784,257.683,256.604
1781332726.435859,4.451,4.571,0.005,0.005,259.602,257.544,256.913
1781332726.451155,4.451,2.857,0.005,0.003,259.358,257.298,257.392
1781332726.462344,4.507,2.0,0.005,0.002,259.29,257.195,257.561
1781332726.477375,4.394,1.286,0.005,0.001,259.168,257.142,257.734
1781332726.492291,4.338,1.214,0.005,0.002,259.197,257.198,257.649
1781332726.504252,4.225,1.071,0.005,0.002,259.182,257.247,257.614
1781332726.548081,4.169,1.429,0.005,0.002,259.257,257.345,257.443
1781332726.548474,4.0,1.643,0.005,0.003,259.271,257.447,257.328
1781332726.548782,4.0,1.929,0.005,0.003,259.345,257.498,257.205
1781332726.5603771,3.775,1.857,0.004,0.003,259.275,257.551,257.221
1781332726.571603,3.944,1.643,0.005,0.003,259.3,257.458,257.288
1781332726.586786,4.169,1.357,0.005,0.003,259.331,257.343,257.373
1781332726.601792,2.817,1.071,0.003,0.002,258.848,257.729,257.457
1781332726.612802,2.761,0.786,0.003,0.002,258.811,257.678,257.545
1781332726.627553,2.761,0.786,0.003,0.002,258.811,257.678,257.545
