Timestamp,x_err,y_err,x_out,y_out,a_theta,b_theta,c_theta
1780991377.918143,0.0,0.0,0.0,0.0,258.008,258.008,258.008
1780991377.988152,0.0,0.0,0.0,0.0,258.008,258.008,258.008
1780991377.988597,0.0,0.0,0.0,0.0,258.008,258.008,258.008
1780991377.988988,0.0,0.0,0.0,0.0,258.008,258.008,258.008
1780991377.989363,0.0,0.0,0.0,0.0,258.008,258.008,258.008
1780991377.9897358,0.0,0.0,0.0,0.0,258.008,258.008,258.008
1780991377.997683,0.0,0.0,0.0,0.0,258.008,258.008,258.008
1780991378.0127208,0.0,0.0,0.0,0.0,258.008,258.008,258.008
1780991378.027924,0.0,0.0,0.0,0.0,258.008,258.008,258.008
1780991378.117179,0.0,0.0,0.0,0.0,258.008,258.008,258.008
1780991378.11758,0.0,0.0,0.0,0.0,258.008,258.008,258.008
1780991378.1179452,0.0,0.0,0.0,0.0,258.008,258.008,258.008
1780991378.118311,0.0,0.0,0.0,0.0,258.008,258.008,258.008
1780991378.1186712,0.0,0.0,0.0,0.0,258.008,258.008,258.008
1780991378.119034,0.0,0.0,0.0,0.0,258.008,258.008,258.008
1780991378.122112,0.0,0.0,0.0,0.0,258.008,258.008,258.008
1780991378.136946,0.0,0.0,0.0,0.0,258.008,258.008,258.008
1780991378.163083,0.0,0.0,0.0,0.0,258.008,258.008,258.008
1780991378.163491,0.0,0.0,0.0,0.0,258.008,258.008,258.008
1780991378.1772401,0.0,0.0,0.0,0.0,258.008,258.008,258.008
1780991378.1883268,0.0,0.0,0.0,0.0,258.008,258.008,258.008
1780991378.2031229,0.0,0.0,0.0,0.0,258.008,258.008,258.008
1780991378.214798,0.0,0.0,0.0,0.0,258.008,258.008,258.008
1780991378.229604,0.0,0.0,0.0,0.0,258.008,258.008,258.008
1780991378.2442062,0.0,0.0,0.0,0.0,258.008,258.008,258.008
1780991378.280216,0.0,0.0,0.0,0.0,258.008,258.008,258.008
1780991378.280631,0.0,0.0,0.0,0.0,258.008,258.008,258.008
1780991378.2846029,0.0,0.0,0.0,0.0,258.008,258.008,258.008
1780991378.29543,0.0,0.0,0.0,0.0,258.008,258.008,258.008
1780991378.310288,0.0,0.0,0.0,0.0,258.008,258.008,258.008
1780991378.321255,0.0,0.0,0.0,0.0,258.008,258.008,258.008
1780991378.336086,0.0,0.0,0.0,0.0,258.008,258.008,258.008
1780991378.350948,0.0,0.0,0.0,0.0,258.008,258.008,258.008
1780991378.3903239,0.0,0.0,0.0,0.0,258.008,258.008,258.008
1780991378.39075,0.0,0.0,0.0,0.0,258.008,258.008,258.008
1780991378.3912692,0.0,0.0,0.0,0.0,258.008,258.008,258.008
1780991378.402303,0.0,0.0,0.0,0.0,258.008,258.008,258.008
1780991378.4169338,0.0,0.0,0.0,0.0,258.008,258.008,258.008
1780991378.427839,0.0,0.0,0.0,0.0,258.008,258.008,258.008
1780991378.4424691,0.0,0.0,0.0,0.0,258.008,258.008,258.008
1780991378.4572139,0.0,0.0,0.0,0.0,258.008,258.008,258.008
1780991378.4926069,0.0,0.0,0.0,0.0,258.008,258.008,258.008
1780991378.493147,0.0,0.0,0.0,0.0,258.008,258.008,258.008
1780991378.497761,0.0,0.0,0.0,0.0,258.008,258.008,258.008
1780991378.5091572,0.0,0.0,0.0,0.0,258.008,258.008,258.008
1780991378.523294,0.0,0.0,0.0,0.0,258.008,258.008,258.008
1780991378.535062,0.0,0.0,0.0,0.0,258.008,258.008,258.008
1780991378.5496728,0.0,0.0,0.0,0.0,258.008,258.008,258.008
1780991378.564236,0.0,0.0,0.0,0.0,258.008,258.008,258.008
1780991378.5752041,0.0,0.0,0.0,0.0,258.008,258.008,258.008
1780991378.59004,0.0,0.0,0.0,0.0,258.008,258.008,258.008
1780991378.604716,0.0,0.0,0.0,0.0,258.008,258.008,258.008
1780991378.615786,0.0,0.0,0.0,0.0,258.008,258.008,258.008
1780991378.630395,0.0,0.0,0.0,0.0,258.008,258.008,258.008
1780991378.641284,0.0,0.0,0.0,0.0,258.008,258.008,258.008
1780991378.656149,0.0,0.0,0.0,0.0,258.008,258.008,258.008
1780991378.670897,0.0,0.0,0.0,0.0,258.008,258.008,258.008
1780991378.70825,0.0,0.0,0.0,0.0,258.008,258.008,258.008
1780991378.7087,0.0,0.0,0.0,0.0,258.008,258.008,258.008
1780991378.711452,0.0,0.0,0.0,0.0,258.008,258.008,258.008
1780991378.722273,0.0,0.0,0.0,0.0,258.008,258.008,258.008
1780991378.73716,0.0,0.0,0.0,0.0,258.008,258.008,258.008
1780991378.748111,0.0,0.0,0.0,0.0,258.008,258.008,258.008
1780991378.762841,0.0,0.0,0.0,0.0,258.008,258.008,258.008
1780991378.777526,0.0,0.0,0.0,0.0,258.008,258.008,258.008
1780991378.7884328,0.0,0.0,0.0,0.0,258.008,258.008,258.008
1780991378.803257,0.0,0.0,0.0,0.0,258.008,258.008,258.008
1780991378.8181078,0.0,0.0,0.0,0.0,258.008,258.008,258.008
1780991378.829653,0.0,0.0,0.0,0.0,258.008,258.008,258.008
1780991378.844386,0.0,0.0,0.0,0.0,258.008,258.008,258.008
1780991378.855696,0.0,0.0,0.0,0.0,258.008,258.008,258.008
1780991378.870296,0.0,0.0,0.0,0.0,258.008,258.008,258.008
1780991378.884865,0.0,0.0,0.0,0.0,258.008,258.008,258.008
1780991378.926225,0.0,0.0,0.0,0.0,258.008,258.008,258.008
1780991378.926731,0.0,0.0,0.0,0.0,258.008,258.008,258.008
1780991378.9271,0.0,0.0,0.0,0.0,258.008,258.008,258.008
1780991378.936127,0.0,0.0,0.0,0.0,258.008,258.008,258.008
1780991378.950767,0.0,0.0,0.0,0.0,258.008,258.008,258.008
1780991378.9616451,0.0,0.0,0.0,0.0,258.008,258.008,258.008
1780991378.9764988,0.0,0.0,0.0,0.0,258.008,258.008,258.008
1780991378.99156,44.0,-3.857,0.04,-0.003,266.128,250.21,258.792
1780991379.0065348,44.732,-4.571,0.041,-0.004,266.224,249.96,258.996
1780991379.0178099,44.676,-4.5,0.04,-0.004,266.221,249.984,258.97
1780991379.0327559,44.563,-5.214,0.04,-0.005,266.07,249.923,259.172
1780991379.047629,44.563,-5.214,0.04,-0.005,266.07,249.923,259.172
1780991379.058474,45.915,-4.714,0.042,-0.004,266.547,249.7,259.017
1780991379.0736551,45.577,-4.643,0.042,-0.004,266.454,249.789,258.993
1780991379.08866,45.352,-4.0,0.041,-0.004,266.485,249.929,258.805
1780991379.104256,45.352,-3.571,0.041,-0.003,266.551,249.983,258.687
1780991379.146785,45.127,-3.571,0.041,-0.003,266.482,250.025,258.698
1780991379.1472661,44.958,-2.929,0.041,-0.002,266.541,250.131,258.526
1780991379.147655,44.958,-2.929,0.041,-0.002,266.541,250.131,258.526
1780991379.1561332,44.958,-2.929,0.041,-0.002,266.541,250.131,258.526
1780991379.171092,43.549,-1.0,0.039,-0.0,266.459,250.634,258.027
1780991379.1861,42.592,-0.429,0.038,0.0,266.293,250.859,257.915
1780991379.2011662,41.859,0.143,0.037,0.001,266.196,251.032,257.805
1780991379.21231,40.958,0.357,0.036,0.001,265.992,251.213,257.778
1780991379.227329,40.169,0.357,0.036,0.001,265.797,251.337,257.806
1780991379.2385972,38.704,0.929,0.034,0.001,265.531,251.651,257.688
1780991379.254383,37.296,1.929,0.033,0.002,265.34,252.034,257.434
1780991379.268567,36.056,2.714,0.032,0.003,265.164,252.343,257.249
1780991379.28048,35.662,3.143,0.031,0.004,265.169,252.415,257.167
1780991379.295455,33.803,4.286,0.029,0.005,264.856,252.944,256.87
1780991379.310244,32.394,5.214,0.028,0.006,264.67,253.288,256.666
1780991379.321682,32.056,5.929,0.028,0.006,264.763,253.33,256.542
1780991379.361587,30.479,6.357,0.027,0.007,264.459,253.627,256.491
1780991379.362123,28.901,7.286,0.025,0.007,264.249,253.986,256.298
1780991379.3625941,27.606,8.0,0.024,0.008,264.059,254.295,256.143
1780991379.377444,25.296,8.857,0.022,0.009,263.65,254.807,255.973
1780991379.392419,22.93,10.0,0.019,0.01,263.252,255.415,255.703
1780991379.4041002,21.127,10.857,0.017,0.011,262.976,255.838,255.522
1780991379.419243,19.38,11.357,0.016,0.011,262.669,256.197,255.435
1780991379.434091,17.915,11.857,0.015,0.012,262.47,256.443,255.369
1780991379.445405,15.606,12.643,0.013,0.012,262.096,256.938,255.215
1780991379.4606578,14.085,13.0,0.011,0.013,261.833,257.233,255.162
1780991379.475468,12.056,13.214,0.009,0.013,261.461,257.585,255.156
1780991379.490259,9.014,13.857,0.006,0.013,260.808,258.366,254.998
1780991379.5013509,6.197,14.286,0.003,0.014,260.204,259.056,254.9
1780991379.516136,4.732,14.357,0.002,0.014,259.969,259.271,254.915
1780991379.5311549,2.704,14.786,-0.0,0.014,259.581,259.765,254.815
1780991379.542421,1.07,15.143,-0.002,0.015,259.289,260.146,254.736
1780991379.587692,-1.239,15.357,-0.004,0.015,258.881,260.591,254.711
1780991379.5881112,-3.606,15.643,-0.006,0.015,258.477,261.064,254.664
1780991379.5884988,-6.028,15.643,-0.009,0.015,257.95,261.607,254.677
1780991379.598277,-7.606,15.714,-0.01,0.015,257.721,261.846,254.683
1780991379.613236,-9.859,15.929,-0.012,0.015,257.276,262.384,254.636
1780991379.628221,-12.056,15.929,-0.014,0.015,256.957,262.702,254.666
1780991379.6400378,-14.141,15.5,-0.016,0.014,256.534,263.026,254.794
1780991379.6550121,-15.042,15.786,-0.016,0.015,256.496,263.153,254.722
1780991379.669833,-17.014,16.071,-0.018,0.015,256.191,263.582,254.651
1780991379.685063,-18.366,15.714,-0.019,0.014,255.942,263.751,254.751
1780991379.696165,-20.451,15.071,-0.021,0.014,255.485,264.08,254.922
1780991379.711117,-21.127,15.214,-0.021,0.014,255.405,264.222,254.881
1780991379.72595,-23.944,14.643,-0.024,0.013,254.846,264.712,255.026
1780991379.741141,-24.0,14.214,-0.024,0.013,254.834,264.596,255.136
1780991379.752349,-25.803,13.429,-0.025,0.012,254.426,264.859,255.327
1780991379.767343,-26.423,13.357,-0.025,0.012,254.381,264.916,255.325
1780991379.811496,-27.775,12.5,-0.026,0.011,254.103,265.022,255.519
1780991379.812039,-28.958,11.643,-0.027,0.01,253.849,265.107,255.709
1780991379.812431,-29.972,11.286,-0.028,0.01,253.687,265.243,255.762
1780991379.823287,-30.085,11.5,-0.028,0.01,253.756,265.257,255.679
1780991379.8383281,-30.704,11.071,-0.028,0.01,253.643,265.291,255.767
1780991379.853199,-31.211,10.429,-0.029,0.009,253.515,265.28,255.909
1780991379.8650858,-31.268,10.143,-0.029,0.009,253.488,265.235,255.975
1780991379.879563,-31.268,10.143,-0.029,0.009,253.488,265.235,255.975
1780991379.8944662,-31.268,10.143,-0.029,0.009,253.488,265.235,255.975
1780991379.909566,-32.0,7.357,-0.029,0.006,253.015,264.968,256.698
1780991379.920855,-32.113,7.0,-0.029,0.006,253.026,264.934,256.716
1780991379.936013,-31.887,5.929,-0.029,0.005,252.999,264.704,256.942
1780991379.951178,-31.887,5.643,-0.029,0.005,253.011,264.675,256.955
1780991379.962545,-31.38,5.214,-0.028,0.004,253.094,264.481,257.035
1780991379.9775329,-30.479,4.286,-0.027,0.003,253.2,264.123,257.235
1780991379.992516,-29.915,3.214,-0.026,0.002,253.198,263.846,257.481
1780991380.0328698,-29.408,3.786,-0.026,0.003,253.391,263.838,257.283
1780991380.033309,-29.07,3.071,-0.025,0.002,253.373,263.652,257.468
1780991380.0336971,-27.775,2.0,-0.024,0.001,253.519,263.188,257.728
1780991380.04834,-26.648,1.5,-0.023,0.001,253.688,262.901,257.807
1780991380.060191,-25.634,0.571,-0.022,-0.0,253.771,262.582,258.01
1780991380.0753112,-24.451,0.429,-0.021,0.0,253.989,262.348,257.992
1780991380.090235,-23.437,-0.214,-0.02,-0.001,254.095,262.086,258.122
1780991380.105491,-21.859,-0.643,-0.018,-0.001,254.372,261.672,258.212
1780991380.120429,-20.62,-0.5,-0.017,-0.001,254.619,261.478,258.132
1780991380.131798,-18.93,-1.0,-0.015,-0.001,254.878,261.07,258.244
1780991380.146817,-17.577,-1.143,-0.014,-0.001,255.102,260.811,258.255
1780991380.161726,-15.775,-1.357,-0.013,-0.001,255.417,260.422,258.296
1780991380.1768079,-14.028,-0.929,-0.011,-0.001,255.798,260.156,258.153
1780991380.188237,-13.07,-1.214,-0.01,-0.001,255.922,259.944,258.229
1780991380.203211,-10.93,-1.357,-0.008,-0.001,256.314,259.498,258.257
1780991380.218129,-8.958,-1.5,-0.006,-0.001,256.66,259.104,258.288
1780991380.259674,-6.817,-1.0,-0.004,-0.001,257.133,258.771,258.134
1780991380.2602088,-2.479,-1.071,0.001,-0.001,258.036,257.834,258.156
1780991380.260608,-1.239,-1.0,0.001,-0.001,258.202,257.689,258.135
1780991380.274791,-0.507,-0.643,0.002,-0.0,258.341,257.652,258.034
1780991380.289912,1.239,-0.571,0.003,-0.0,258.652,257.359,258.021
1780991380.3011048,3.493,-0.357,0.005,0.0,259.111,256.963,257.971
1780991380.3159838,5.014,0.071,0.007,0.001,259.419,256.777,257.86
1780991380.327274,6.479,0.714,0.008,0.001,259.787,256.59,257.694
1780991380.342172,8.451,1.357,0.01,0.002,260.241,256.319,257.535
1780991380.357161,10.592,1.571,0.012,0.002,260.678,255.95,257.498
1780991380.368027,11.155,2.286,0.012,0.003,260.88,255.949,257.309
1780991380.383026,11.155,2.286,0.012,0.003,260.88,255.949,257.309
1780991380.3979661,14.873,3.643,0.016,0.005,261.929,255.338,256.964
1780991380.409688,16.845,4.214,0.018,0.005,262.466,254.997,256.826
1780991380.424814,18.761,5.357,0.02,0.006,262.989,254.801,256.561
1780991380.439626,20.958,5.357,0.022,0.006,263.418,254.384,256.61
1780991380.484297,22.254,6.143,0.023,0.007,263.66,254.326,256.458
1780991380.484788,24.056,7.071,0.024,0.008,264.093,254.151,256.262
1780991380.485178,25.465,7.5,0.025,0.008,264.359,253.986,256.203
1780991380.492091,26.535,8.0,0.026,0.008,264.677,253.839,256.083
1780991380.506634,27.831,8.929,0.027,0.009,265.004,253.758,255.889
1780991380.521607,27.831,8.929,0.027,0.009,265.004,253.758,255.889
1780991380.532814,30.085,10.714,0.03,0.011,265.805,253.54,255.446
1780991380.5478039,30.986,11.0,0.03,0.011,265.915,253.454,255.444
1780991380.562932,32.0,10.714,0.031,0.011,266.1,253.213,255.541
1780991380.574785,32.845,11.5,0.032,0.012,266.303,253.201,255.388
1780991380.58992,34.197,11.929,0.033,0.012,266.616,253.019,255.322
1780991380.605056,34.197,12.286,0.032,0.012,266.585,253.105,255.258
1780991380.616422,34.986,12.571,0.033,0.012,266.752,253.016,255.215
1780991380.631372,36.0,13.357,0.034,0.013,267.079,252.934,255.039
1780991380.646156,36.451,13.357,0.034,0.013,267.117,252.87,255.074
1780991380.6575959,36.732,13.714,0.034,0.013,267.205,252.875,254.999
1780991380.701819,37.296,14.143,0.035,0.014,267.369,252.83,254.916
1780991380.702312,37.296,14.143,0.035,0.014,267.308,252.854,254.939
1780991380.702699,37.465,14.143,0.035,0.013,267.317,252.833,254.954
1780991380.7140732,37.408,13.929,0.035,0.013,267.237,252.828,255.023
1780991380.729095,37.408,14.143,0.035,0.013,267.261,252.861,254.969
1780991380.744152,37.239,14.0,0.034,0.013,267.175,252.884,255.014
1780991380.75531,37.127,14.143,0.034,0.013,267.162,252.926,254.981
1780991380.7704551,36.789,14.0,0.034,0.013,267.046,252.98,255.018
1780991380.7855098,36.507,13.357,0.033,0.012,266.865,252.955,255.188
1780991380.796758,35.944,13.214,0.033,0.012,266.703,253.056,255.214
1780991380.81186,35.099,12.571,0.032,0.012,266.39,253.148,255.372
1780991380.826661,34.254,12.286,0.031,0.011,266.156,253.276,255.431
1780991380.838021,33.239,11.571,0.03,0.011,265.818,253.385,255.595
1780991380.853379,32.563,11.571,0.029,0.011,265.65,253.529,255.586
1780991380.868098,30.761,10.929,0.027,0.01,265.127,253.816,255.726
1780991380.880141,30.761,10.5,0.028,0.01,265.159,253.713,255.805
1780991380.9224288,29.803,10.143,0.027,0.009,264.89,253.859,255.881
1780991380.922932,28.563,9.5,0.025,0.009,264.472,254.043,256.047
1780991380.923306,27.493,8.857,0.025,0.008,264.187,254.151,256.181
1780991380.935887,26.761,9.214,0.024,0.009,264.116,254.331,256.057
1780991380.950614,24.845,8.071,0.022,0.007,263.532,254.558,256.331
1780991380.961975,24.282,7.143,0.021,0.006,263.275,254.543,256.572
1780991380.976964,22.141,6.357,0.019,0.006,262.717,254.866,256.736
1780991380.991951,20.563,5.714,0.018,0.005,262.343,255.076,256.857
1780991381.0032792,18.366,5.5,0.016,0.005,261.832,255.505,256.882
1780991381.018118,17.239,4.929,0.015,0.004,261.558,255.63,257.005
1780991381.0331478,15.042,5.0,0.012,0.005,261.106,256.092,256.952
1780991381.044694,13.127,3.929,0.011,0.004,260.624,256.29,257.201
1780991381.059901,11.662,3.5,0.009,0.003,260.306,256.506,257.283
1780991381.074635,10.254,3.143,0.008,0.003,260.004,256.721,257.353
1780991381.085802,8.563,2.571,0.007,0.002,259.607,256.971,257.481
1780991381.100676,7.324,2.214,0.005,0.002,259.356,257.143,257.549
1780991381.141394,5.69,1.786,0.004,0.002,258.998,257.402,257.638
1780991381.14187,3.493,1.5,0.002,0.001,258.577,257.78,257.672
1780991381.142261,1.972,1.214,0.001,0.001,258.274,258.03,257.723
1780991381.152962,0.113,0.929,-0.001,0.001,257.933,258.325,257.768
1780991381.167789,-1.183,0.429,-0.002,0.001,257.649,258.494,257.885
1780991381.182867,-2.592,0.714,-0.003,0.001,257.443,258.807,257.783
1780991381.19797,-5.521,-0.214,-0.006,-0.0,256.759,259.277,258.017
1780991381.209762,-9.127,-0.286,-0.01,0.0,256.054,260.035,258.004
1780991381.224855,-12.62,0.286,-0.013,0.001,255.491,260.845,257.814
1780991381.239943,-16.225,1.071,-0.017,0.002,254.88,261.767,257.588
1780991381.2512598,-20.845,3.357,-0.022,0.004,254.313,263.095,256.971
1780991381.2663271,-25.803,5.929,-0.026,0.007,253.711,264.549,256.326
1780991381.281332,-29.521,8.071,-0.03,0.01,253.333,265.598,255.832
1780991381.2963111,-30.479,9.857,-0.03,0.011,253.47,265.926,255.419
1780991381.3074381,-34.704,11.714,-0.035,0.013,252.855,267.229,255.002
1780991381.3224971,-37.183,13.0,-0.037,0.014,252.574,267.922,254.747
1780991381.365962,-43.944,15.929,-0.044,0.018,251.576,270.197,254.064
1780991381.366569,-47.718,17.071,-0.048,0.018,251.037,271.253,253.865
1780991381.366956,-52.338,19.0,-0.053,0.021,250.349,272.953,253.405
1780991381.377961,-53.465,19.286,-0.053,0.021,250.227,273.171,253.386
1780991381.3926558,-53.465,19.286,-0.053,0.021,250.227,273.171,253.386
1780991381.407867,-53.465,19.286,-0.053,0.021,250.227,273.171,253.386
1780991381.419341,-63.211,23.786,-0.064,0.026,248.895,277.026,252.341
1780991381.43414,-63.211,23.786,-0.064,0.026,248.895,277.026,252.341
1780991381.4491572,-63.211,23.786,-0.064,0.026,248.895,277.026,252.341
1780991381.463274,-70.254,27.357,-0.071,0.029,248.065,279.908,251.578
1780991381.474988,-70.254,27.357,-0.071,0.029,248.065,279.908,251.578
1780991381.4897301,-74.93,28.429,-0.076,0.03,247.331,281.768,251.379
1780991381.5045152,-75.606,28.357,-0.076,0.03,247.297,281.655,251.472
1780991381.51964,-75.606,28.357,-0.076,0.03,247.297,281.655,251.472
1780991381.5307782,-77.296,28.786,-0.076,0.03,247.207,281.798,251.495
1780991381.546012,-78.197,28.571,-0.075,0.029,247.248,281.309,251.701
1780991381.593269,-78.366,28.357,-0.074,0.028,247.382,280.727,251.863
1780991381.5937989,-78.31,27.714,-0.073,0.027,247.419,280.253,252.076
1780991381.594205,-78.366,26.571,-0.072,0.025,247.393,279.693,252.408
1780991381.602017,-77.746,25.5,-0.071,0.024,247.487,278.998,252.694
1780991381.616957,-77.465,24.5,-0.07,0.023,247.49,278.569,252.935
1780991381.632052,-76.394,24.0,-0.069,0.022,247.681,278.021,253.047
1780991381.643075,-74.648,22.0,-0.067,0.02,247.83,276.955,253.52
1780991381.6581151,-73.803,20.571,-0.066,0.018,247.839,276.361,253.875
1780991381.6731079,-72.732,18.643,-0.065,0.016,247.839,275.693,254.296
1780991381.688195,-70.423,17.071,-0.062,0.015,248.128,274.658,254.648
1780991381.707047,-68.62,15.571,-0.06,0.013,248.307,273.875,254.974
1780991381.714944,-65.352,12.286,-0.057,0.01,248.557,272.39,255.727
1780991381.729847,-63.775,11.071,-0.055,0.009,248.726,271.738,256.008
1780991381.744642,-62.085,9.929,-0.054,0.008,248.904,271.186,256.214
1780991381.756075,-58.93,7.357,-0.05,0.005,249.213,269.935,256.811
1780991381.7710662,-54.141,4.214,-0.045,0.002,249.753,268.29,257.501
1780991381.8108459,-51.437,3.071,-0.043,0.001,250.117,267.544,257.7
1780991381.81142,-47.944,0.643,-0.039,-0.001,250.528,266.245,258.329
1780991381.811937,-45.183,-1.786,-0.037,-0.004,250.726,265.361,258.872
1780991381.8266098,-42.704,-3.143,-0.034,-0.005,250.997,264.741,259.116
1780991381.8414211,-38.93,-5.5,-0.03,-0.007,251.476,263.47,259.73
1780991381.856226,-33.183,-8.214,-0.024,-0.01,252.274,261.844,260.366
1780991381.8675442,-30.085,-9.214,-0.021,-0.011,252.765,261.059,260.575
1780991381.882643,-25.972,-11.214,-0.017,-0.013,253.27,260.069,260.993
1780991381.897751,-21.634,-12.857,-0.014,-0.014,253.801,259.238,261.242
1780991381.912655,-17.127,-14.5,-0.01,-0.015,254.459,258.192,261.595
1780991381.927839,-14.592,-15.214,-0.008,-0.015,254.779,257.783,261.671
1780991381.939829,-8.225,-16.643,-0.002,-0.016,255.809,256.5,261.911
1780991381.954953,-3.493,-18.071,0.003,-0.018,256.553,255.47,262.232
1780991381.96974,-0.676,-18.5,0.005,-0.018,256.974,255.042,262.253
1780991381.9847229,4.169,-19.429,0.009,-0.018,257.729,254.196,262.395
1780991382.02672,8.563,-19.929,0.013,-0.018,258.446,253.498,262.429
1780991382.027267,13.296,-20.643,0.018,-0.019,259.327,252.567,262.583
1780991382.027659,17.69,-20.571,0.021,-0.019,260.131,251.948,262.473
1780991382.0404422,12.62,-20.357,0.014,-0.018,258.79,253.216,262.389
1780991382.051645,12.62,-20.357,0.014,-0.018,258.79,253.216,262.389
1780991382.066585,29.07,-20.286,0.033,-0.018,262.673,249.957,262.296
1780991382.081467,30.254,-20.5,0.034,-0.018,262.813,249.801,262.348
1780991382.09664,36.338,-20.0,0.04,-0.017,264.402,248.694,262.172
1780991382.1076338,40.451,-19.5,0.044,-0.017,265.277,248.166,262.003
1780991382.1227689,42.197,-19.357,0.045,-0.017,265.62,247.949,261.955
1780991382.137695,49.127,-18.071,0.051,-0.015,267.286,247.051,261.567
1780991382.1524758,51.549,-17.286,0.053,-0.014,267.784,246.876,261.347
1780991382.1643982,51.549,-17.286,0.053,-0.014,267.784,246.876,261.347
1780991382.1792471,60.225,-13.857,0.061,-0.01,270.451,245.847,260.388
1780991382.194127,60.225,-13.857,0.061,-0.01,270.451,245.847,260.388
1780991382.209198,64.225,-11.714,0.065,-0.008,271.924,245.397,259.784
1780991382.248051,67.775,-9.857,0.068,-0.006,272.762,245.207,259.382
1780991382.248479,67.775,-9.857,0.068,-0.006,272.762,245.207,259.382
1780991382.249835,72.169,-6.071,0.072,-0.002,274.804,244.856,258.335
1780991382.264679,73.521,-4.357,0.073,-0.0,275.134,244.955,257.986
1780991382.2758331,73.521,-4.357,0.073,-0.0,275.134,244.955,257.986
1780991382.290823,78.028,0.929,0.077,0.006,277.395,244.813,256.665
1780991382.3057,79.38,2.571,0.077,0.007,277.761,244.86,256.381
1780991382.31678,79.38,2.571,0.077,0.007,277.761,244.86,256.381
1780991382.3318138,81.183,6.714,0.078,0.011,278.682,245.116,255.521
1780991382.3467362,82.028,7.143,0.078,0.011,278.9,245.034,255.488
1780991382.357856,82.366,10.0,0.078,0.014,279.497,245.329,254.801
1780991382.372916,82.648,12.071,0.078,0.015,279.526,245.573,254.507
1780991382.387893,82.761,13.571,0.077,0.016,279.617,245.745,254.261
1780991382.399596,82.592,15.5,0.077,0.018,279.623,246.01,253.96
1780991382.414706,82.197,17.214,0.076,0.02,279.761,246.285,253.577
1780991382.429646,81.69,18.143,0.075,0.02,279.503,246.464,253.523
1780991382.471689,81.183,19.143,0.074,0.021,279.398,246.655,253.373
1780991382.4721448,79.493,21.071,0.072,0.022,279.033,247.158,253.03
1780991382.472539,79.042,21.643,0.072,0.023,278.952,247.291,252.932
1780991382.481747,76.901,22.357,0.069,0.023,278.252,247.787,252.799
1780991382.496635,74.028,22.571,0.066,0.023,277.21,248.282,252.881
1780991382.5115578,72.225,23.429,0.064,0.024,276.785,248.631,252.764
1780991382.5228019,70.423,23.429,0.062,0.023,276.19,248.92,252.821
1780991382.5379,67.944,23.929,0.06,0.024,275.491,249.402,252.746
1780991382.55305,65.746,24.214,0.058,0.024,274.881,249.799,252.716
1780991382.568167,62.761,24.357,0.055,0.024,274.0,250.339,252.721
1780991382.580023,58.592,24.357,0.05,0.024,272.832,251.041,252.77
1780991382.595005,55.324,24.071,0.048,0.023,271.959,251.517,252.876
1780991382.609886,52.901,23.643,0.045,0.023,271.274,251.862,253.0
1780991382.621061,50.592,23.5,0.043,0.022,270.696,252.222,253.043
1780991382.635893,46.93,23.357,0.039,0.022,269.617,252.953,253.083
1780991382.650647,44.338,22.929,0.036,0.022,268.859,253.399,253.196
1780991382.693735,38.592,21.857,0.03,0.02,267.083,254.481,253.475
1780991382.6942961,34.648,20.857,0.026,0.019,265.932,255.149,253.728
1780991382.694674,30.479,19.929,0.022,0.018,264.939,255.757,253.94
1780991382.702691,26.535,19.214,0.019,0.018,264.214,256.243,254.068
1780991382.717561,9.577,18.643,-0.001,0.017,259.799,260.217,254.204
1780991382.7323241,19.38,17.929,0.013,0.016,262.62,257.365,254.345
1780991382.744172,14.93,16.786,0.008,0.015,261.419,258.179,254.628
1780991382.758902,10.141,15.786,0.003,0.014,260.355,258.973,254.839
1780991382.773901,10.141,15.786,0.003,0.014,260.355,258.973,254.839
1780991382.78894,3.099,13.143,-0.004,0.011,258.554,260.085,255.48
1780991382.80029,-1.577,12.786,-0.008,0.011,257.718,260.945,255.493
1780991382.8153129,-5.972,10.929,-0.012,0.009,256.751,261.518,255.915
1780991382.830339,-9.07,10.071,-0.014,0.009,256.224,261.925,256.071
1780991382.841682,-11.549,9.929,-0.016,0.009,255.775,262.428,256.069
1780991382.8566341,-17.352,8.357,-0.021,0.007,254.681,263.337,256.376
1780991382.871721,-21.465,6.643,-0.025,0.005,253.808,263.922,256.769
1780991382.914874,-25.183,5.5,-0.027,0.004,253.23,264.391,256.969
1780991382.915412,-27.662,4.786,-0.029,0.004,252.831,264.736,257.094
1780991382.915794,-30.479,3.929,-0.032,0.003,252.326,265.174,257.26
1780991382.9276018,-30.479,3.929,-0.032,0.003,252.326,265.174,257.26
1780991382.939117,-38.704,1.214,-0.04,0.0,250.569,266.717,257.881
1780991382.9541,-38.704,1.214,-0.04,0.0,250.569,266.717,257.881
1780991382.9688818,-43.155,0.071,-0.045,-0.001,249.6,267.704,258.153
1780991382.983135,-45.239,-0.786,-0.047,-0.002,249.193,268.037,258.345
1780991382.9947011,-50.31,-2.643,-0.052,-0.004,248.046,269.098,258.815
1780991383.0094762,-50.31,-2.643,-0.052,-0.004,248.046,269.098,258.815
1780991383.024278,-50.31,-2.643,-0.052,-0.004,248.046,269.098,258.815
1780991383.0392902,-50.31,-2.643,-0.052,-0.004,248.046,269.098,258.815
1780991383.054302,-59.662,-5.929,-0.061,-0.007,246.258,270.871,259.545
1780991383.065803,-60.225,-6.286,-0.061,-0.007,246.262,270.815,259.585
1780991383.0806231,-63.437,-7.286,-0.063,-0.007,245.922,271.2,259.699
1780991383.095655,-64.225,-7.643,-0.063,-0.008,245.845,271.255,259.751
1780991383.137846,-66.423,-8.286,-0.064,-0.008,245.557,271.592,259.844
1780991383.138377,-67.324,-8.571,-0.064,-0.008,245.545,271.614,259.841
1780991383.138768,-68.225,-8.857,-0.065,-0.008,245.506,271.665,259.849
1780991383.15119,-68.62,-8.714,-0.064,-0.008,245.589,271.663,259.749
1780991383.165953,-69.07,-8.571,-0.064,-0.007,245.638,271.7,259.659
1780991383.180675,-69.07,-8.571,-0.064,-0.007,245.638,271.7,259.659
1780991383.191595,-69.07,-8.571,-0.064,-0.007,245.638,271.7,259.659
1780991383.206439,-69.07,-8.571,-0.064,-0.007,245.638,271.7,259.659
1780991383.2214248,-69.07,-8.571,-0.064,-0.007,245.638,271.7,259.659
1780991383.2365801,-68.113,-8.929,-0.062,-0.008,245.929,271.174,259.71
1780991383.251509,-67.493,-8.714,-0.061,-0.007,246.168,270.928,259.611
1780991383.26275,-66.704,-8.357,-0.06,-0.007,246.405,270.713,259.491
1780991383.277817,-65.296,-8.0,-0.058,-0.006,246.745,270.327,259.383
1780991383.292613,-63.437,-7.571,-0.056,-0.006,247.164,269.85,259.259
1780991383.30785,-61.859,-7.0,-0.054,-0.005,247.514,269.52,259.106
1780991383.349463,-59.887,-6.357,-0.052,-0.004,247.935,269.102,258.943
1780991383.34993,-57.859,-5.357,-0.05,-0.003,248.417,268.728,258.681
1780991383.350326,-56.282,-5.357,-0.049,-0.003,248.675,268.324,258.71
1780991383.364348,-54.761,-4.857,-0.047,-0.003,248.981,268.032,258.596
1780991383.379242,-51.38,-4.143,-0.043,-0.002,249.694,267.245,258.429
1780991383.390313,-49.127,-3.143,-0.041,-0.001,250.246,266.814,258.164
1780991383.4050791,-45.352,-1.429,-0.037,0.001,251.138,266.14,257.734
1780991383.420146,-42.479,-0.429,-0.034,0.002,251.814,265.558,257.486
1780991383.4353821,-40.113,0.429,-0.031,0.003,252.354,265.112,257.283
1780991383.446466,-36.845,1.5,-0.029,0.004,252.927,264.626,257.088
1780991383.4613178,-34.423,2.429,-0.027,0.005,253.403,264.259,256.899
1780991383.4762812,-29.915,4.071,-0.022,0.006,254.448,263.446,256.52
1780991383.4876978,-27.493,4.857,-0.02,0.007,254.894,263.083,256.382
1780991383.502785,-23.099,5.929,-0.016,0.008,255.84,262.253,256.161
1780991383.517357,-20.169,7.071,-0.013,0.009,256.455,261.833,255.923
1780991383.532416,-17.408,7.857,-0.011,0.01,256.99,261.404,255.784
1780991383.574095,-12.225,10.0,-0.005,0.012,258.31,260.558,255.279
1780991383.574559,-9.634,10.786,-0.003,0.013,258.929,260.104,255.11
1780991383.5749462,-5.408,12.071,0.002,0.014,260.035,259.32,254.808
1780991383.585021,-1.521,13.286,0.005,0.015,260.736,258.839,254.619
1780991383.599759,-0.113,13.571,0.006,0.015,260.995,258.628,254.585
1780991383.614687,-0.113,13.571,0.006,0.015,260.995,258.628,254.585
1780991383.625918,7.662,15.286,0.014,0.017,262.973,257.183,254.215
1780991383.641044,13.07,17.0,0.018,0.018,264.173,256.463,253.891
1780991383.6563551,16.451,17.786,0.021,0.019,264.74,256.072,253.798
1780991383.6713011,20.732,18.5,0.024,0.019,265.611,255.435,253.706
1780991383.6824589,23.155,18.929,0.027,0.02,266.229,255.016,253.621
1780991383.697034,24.394,19.143,0.028,0.02,266.471,254.849,253.593
1780991383.7120051,29.296,20.429,0.033,0.021,267.979,253.98,253.281
1780991383.723053,31.606,21.143,0.035,0.022,268.616,253.651,253.127
1780991383.737928,31.606,21.143,0.035,0.022,268.616,253.651,253.127
1780991383.752768,38.93,22.5,0.043,0.023,270.709,252.408,252.845
1780991383.7974432,38.93,22.5,0.043,0.023,270.709,252.408,252.845
1780991383.797963,38.93,22.5,0.043,0.023,270.709,252.408,252.845
1780991383.79835,46.986,22.286,0.051,0.023,272.806,250.871,252.962
1780991383.805036,48.0,22.429,0.051,0.023,272.926,250.803,252.952
1780991383.819954,48.0,22.429,0.051,0.023,272.926,250.803,252.952
1780991383.834879,53.859,21.643,0.058,0.022,274.535,249.575,253.173
1780991383.845886,54.704,21.643,0.058,0.022,274.564,249.541,253.189
1780991383.8609228,54.704,21.643,0.058,0.022,274.564,249.541,253.189
1780991383.875673,60.732,20.357,0.063,0.02,275.68,248.537,253.546
1780991383.890683,61.352,19.929,0.063,0.019,275.589,248.484,253.661
1780991383.902081,61.352,19.929,0.063,0.019,275.589,248.484,253.661
1780991383.9169998,64.732,18.5,0.065,0.018,275.917,247.965,254.016
1780991383.9319239,65.465,17.857,0.065,0.017,275.657,247.893,254.259
1780991383.943224,66.93,16.357,0.065,0.015,275.616,247.6,254.608
1780991383.9580412,66.986,16.071,0.065,0.015,275.37,247.719,254.635
1780991383.972973,67.268,14.286,0.065,0.013,275.015,247.521,255.086
1780991384.01865,67.437,12.714,0.064,0.011,274.576,247.498,255.403
1780991384.019147,67.155,11.429,0.063,0.01,274.115,247.558,255.646
1780991384.0195358,66.761,10.571,0.062,0.009,273.778,247.62,255.806
1780991384.02609,66.479,8.643,0.061,0.008,273.294,247.546,256.226
1780991384.041246,66.028,7.286,0.061,0.006,272.907,247.552,256.492
1780991384.056063,65.239,6.286,0.06,0.006,272.509,247.651,256.665
1780991384.067382,64.507,5.357,0.059,0.005,272.114,247.705,256.889
1780991384.0823302,63.831,3.786,0.058,0.003,271.698,247.689,257.214
1780991384.097473,62.648,2.357,0.057,0.002,271.171,247.783,257.499
1780991384.109319,61.014,0.929,0.055,0.001,270.531,247.96,257.782
1780991384.124306,60.0,-0.071,0.054,-0.0,270.133,248.045,257.992
1780991384.139137,58.648,-0.714,0.053,-0.001,269.704,248.238,258.105
1780991384.150455,56.056,-3.286,0.05,-0.003,268.647,248.437,258.724
1780991384.165691,54.085,-4.429,0.048,-0.004,268.002,248.682,258.969
1780991384.1804821,51.606,-6.0,0.046,-0.006,267.229,248.956,259.3
1780991384.195285,50.197,-6.714,0.044,-0.006,266.851,249.121,259.43
1780991384.236043,48.056,-7.929,0.042,-0.007,266.19,249.372,259.711
1780991384.2365599,45.127,-9.143,0.039,-0.009,265.241,249.818,260.031
1780991384.237459,42.648,-10.071,0.036,-0.01,264.5,250.197,260.262
1780991384.251272,39.944,-11.071,0.034,-0.01,263.912,250.521,260.426
1780991384.262559,38.085,-11.643,0.032,-0.011,263.515,250.763,260.515
1780991384.277489,35.099,-12.071,0.03,-0.011,262.928,251.218,260.54
1780991384.292449,31.887,-12.571,0.027,-0.011,262.266,251.711,260.603
1780991384.3075242,28.789,-12.714,0.024,-0.011,261.687,252.224,260.576
1780991384.319453,25.634,-13.143,0.021,-0.011,261.05,252.707,260.649
1780991384.3360589,23.437,-13.214,0.019,-0.011,260.555,253.135,260.656
1780991384.349431,20.169,-13.286,0.016,-0.011,259.967,253.673,260.641
1780991384.364768,16.901,-13.214,0.013,-0.011,259.395,254.235,260.592
1780991384.37584,13.239,-13.143,0.01,-0.011,258.728,254.889,260.553
1780991384.390901,10.141,-12.5,0.007,-0.01,258.281,255.489,260.36
1780991384.405925,6.648,-12.071,0.004,-0.009,257.705,256.152,260.242
1780991384.417228,4.282,-11.357,0.002,-0.009,257.371,256.668,260.04
1780991384.459934,0.958,-11.0,-0.002,-0.008,256.763,257.356,259.956
1780991384.46051,-1.634,-10.071,-0.004,-0.007,256.418,257.948,259.706
1780991384.461688,-5.127,-9.071,-0.007,-0.006,255.88,258.768,259.439
1780991384.476712,-9.69,-7.357,-0.012,-0.004,255.188,259.958,258.989
1780991384.4880269,-11.775,-6.643,-0.014,-0.003,254.879,260.479,258.81
1780991384.50315,-15.155,-5.214,-0.017,-0.002,254.521,261.207,258.493
1780991384.5181718,-18.366,-4.071,-0.019,-0.001,254.146,261.879,258.261
1780991384.53297,-20.789,-2.5,-0.022,0.001,253.865,262.652,257.845
1780991384.545084,-24.676,-0.5,-0.025,0.003,253.446,263.632,257.407
1780991384.559791,-27.493,1.5,-0.027,0.004,253.25,264.358,256.976
1780991384.574879,-27.493,1.5,-0.027,0.004,253.25,264.358,256.976
1780991384.5898151,-32.394,5.286,-0.032,0.008,252.805,265.968,256.077
1780991384.601012,-34.141,6.857,-0.033,0.01,252.72,266.468,255.755
1780991384.616253,-37.465,9.714,-0.037,0.013,252.436,267.662,255.093
1780991384.631167,-39.437,11.429,-0.038,0.014,252.349,268.138,254.811
1780991384.673568,-41.183,12.214,-0.039,0.015,252.139,268.558,254.706
1780991384.6741178,-42.535,13.143,-0.04,0.015,252.031,268.902,254.557
1780991384.6745222,-45.408,15.0,-0.043,0.017,251.667,270.008,254.108
1780991384.687021,-46.817,16.786,-0.044,0.019,251.693,270.405,253.792
1780991384.698257,-48.338,17.786,-0.045,0.02,251.549,270.837,253.629
1780991384.713078,-49.408,18.5,-0.046,0.02,251.463,271.099,253.531
1780991384.728139,-50.648,19.357,-0.047,0.021,251.327,271.558,253.349
1780991384.742971,-52.0,21.286,-0.048,0.023,251.353,272.053,252.979
1780991384.754858,-52.225,22.571,-0.048,0.024,251.506,272.186,252.731
1780991384.7700212,-53.352,23.786,-0.049,0.025,251.454,272.547,252.54
1780991384.78511,-53.803,23.786,-0.049,0.024,251.389,272.492,252.643
1780991384.800233,-54.028,23.929,-0.049,0.024,251.376,272.486,252.66
1780991384.811564,-54.197,24.357,-0.049,0.024,251.416,272.491,252.616
1780991384.826379,-54.31,24.5,-0.049,0.024,251.425,272.457,252.63
1780991384.841343,-54.197,24.714,-0.048,0.024,251.483,272.391,252.616
1780991384.859342,-53.634,24.786,-0.048,0.024,251.615,272.178,252.626
1780991384.903719,-53.183,24.571,-0.047,0.024,251.681,271.979,252.695
1780991384.904203,-52.451,24.857,-0.046,0.024,251.861,271.803,252.634
1780991384.904602,-51.493,24.5,-0.045,0.024,251.998,271.451,252.738
1780991384.91263,-49.972,24.286,-0.044,0.023,252.271,270.975,252.796
1780991384.924481,-48.676,23.357,-0.042,0.022,252.393,270.471,253.03
1780991384.939414,-47.324,23.143,-0.041,0.022,252.616,270.108,253.066
1780991384.954248,-46.31,22.429,-0.04,0.021,252.732,269.7,253.245
1780991384.96924,-45.239,21.786,-0.039,0.021,252.847,269.343,253.391
1780991384.980601,-42.761,20.286,-0.036,0.019,253.162,268.437,253.751
1780991384.995788,-40.845,19.0,-0.034,0.018,253.374,267.777,254.042
1780991385.010628,-38.535,18.071,-0.032,0.017,253.684,267.15,254.217
1780991385.0256069,-37.014,17.571,-0.031,0.016,253.903,266.762,254.302
1780991385.03694,-34.648,16.429,-0.028,0.015,254.231,266.032,254.558
1780991385.051807,-32.901,15.143,-0.027,0.014,254.39,265.483,254.845
1780991385.066711,-29.521,13.0,-0.023,0.012,254.808,264.369,255.354
1780991385.0817542,-26.817,11.929,-0.021,0.011,255.164,263.737,255.535
1780991385.1241758,-23.775,10.929,-0.018,0.01,255.615,263.022,255.704
1780991385.1247308,-23.042,11.357,-0.017,0.011,255.801,262.98,255.555
1780991385.125132,-18.873,8.571,-0.013,0.008,256.312,261.627,256.253
1780991385.1377668,-15.944,6.929,-0.011,0.006,256.629,260.921,256.583
1780991385.1496582,-12.845,5.929,-0.008,0.006,257.082,260.265,256.744
1780991385.164686,-9.577,4.429,-0.005,0.004,257.51,259.496,257.048
1780991385.179685,-8.563,4.071,-0.004,0.004,257.655,259.281,257.111
1780991385.190814,-5.408,2.571,-0.001,0.002,258.105,258.474,257.451
1780991385.205958,-2.028,0.929,0.002,0.001,258.588,257.615,257.826
1780991385.220856,2.592,-0.643,0.007,-0.001,259.32,256.601,258.137
1780991385.232289,4.62,-1.429,0.008,-0.001,259.584,256.215,258.276
1780991385.247458,7.775,-2.571,0.011,-0.002,260.082,255.516,258.521
1780991385.2620218,11.042,-3.643,0.015,-0.003,260.618,254.816,258.743
1780991385.277108,14.141,-4.714,0.018,-0.004,261.185,254.061,259.01
1780991385.288265,17.296,-5.5,0.02,-0.005,261.645,253.563,259.113
1780991385.303319,19.493,-5.786,0.022,-0.005,262.028,253.225,259.121
1780991385.346525,22.366,-6.5,0.024,-0.005,262.459,252.757,259.232
1780991385.347072,25.69,-7.429,0.027,-0.006,262.992,252.145,259.418
1780991385.347463,28.507,-7.643,0.03,-0.006,263.511,251.724,259.411
1780991385.359669,29.352,-7.929,0.03,-0.006,263.627,251.575,259.471
1780991385.374558,32.901,-8.5,0.034,-0.007,264.361,250.883,259.59
1780991385.3857841,34.93,-8.143,0.036,-0.006,264.905,250.565,259.463
1780991385.4006872,38.197,-8.643,0.039,-0.007,265.563,249.964,259.572
1780991385.415437,38.986,-8.214,0.04,-0.006,265.768,249.929,259.43
1780991385.426708,38.986,-8.214,0.04,-0.006,265.768,249.929,259.43
1780991385.441678,44.676,-8.714,0.045,-0.007,267.022,248.912,259.53
1780991385.456504,44.676,-8.714,0.045,-0.007,267.022,248.912,259.53
1780991385.471383,48.394,-8.286,0.049,-0.006,267.973,248.356,259.378
1780991385.482613,48.789,-8.357,0.049,-0.006,267.967,248.348,259.392
1780991385.4976351,51.549,-8.357,0.052,-0.006,268.691,247.851,259.381
1780991385.5124118,52.901,-7.214,0.052,-0.005,268.979,247.931,259.049
1780991385.527563,54.254,-7.0,0.053,-0.004,269.332,247.74,258.989
1780991385.5704162,55.606,-6.0,0.054,-0.003,269.643,247.755,258.72
1780991385.570941,56.113,-5.714,0.054,-0.003,269.765,247.733,258.648
1780991385.5713222,57.408,-4.929,0.055,-0.002,270.072,247.688,258.459
1780991385.580193,57.972,-4.5,0.055,-0.002,270.188,247.692,258.362
1780991385.5950441,58.535,-3.714,0.056,-0.001,270.444,247.699,258.154
1780991385.609983,59.324,-1.571,0.056,0.002,271.024,247.819,257.569
1780991385.621397,59.493,-1.0,0.056,0.002,271.037,247.894,257.473
1780991385.6362822,59.775,0.643,0.056,0.004,271.245,248.073,257.11
1780991385.651171,59.662,1.786,0.056,0.005,271.319,248.247,256.856
1780991385.662174,59.437,1.714,0.055,0.005,271.184,248.287,256.91
1780991385.677304,59.437,1.714,0.055,0.005,271.184,248.287,256.91
1780991385.6923258,57.803,5.0,0.053,0.008,271.162,248.998,256.128
1780991385.704355,57.127,5.714,0.052,0.008,271.001,249.173,256.051
1780991385.719508,56.056,7.0,0.051,0.01,270.854,249.495,255.805
1780991385.7343092,55.155,7.5,0.05,0.01,270.644,249.7,255.736
1780991385.7453241,53.69,8.929,0.049,0.011,270.442,250.104,255.445
1780991385.7887628,51.775,10.071,0.046,0.012,270.054,250.627,255.171
1780991385.789291,50.197,10.571,0.045,0.013,269.686,250.944,255.108
1780991385.78967,48.62,10.929,0.043,0.013,269.286,251.286,255.046
1780991385.801277,46.817,11.429,0.041,0.013,268.886,251.641,254.977
1780991385.816421,44.789,12.143,0.039,0.014,268.509,252.019,254.869
1780991385.831539,43.099,13.429,0.038,0.015,268.346,252.397,254.601
1780991385.8426392,41.352,13.857,0.036,0.015,267.975,252.736,254.538
1780991385.8575969,39.324,14.929,0.034,0.016,267.634,253.225,254.304
1780991385.872394,38.423,15.357,0.033,0.017,267.484,253.425,254.217
1780991385.8843882,34.31,17.0,0.029,0.019,266.658,254.444,253.845
1780991385.899467,32.676,16.643,0.028,0.018,266.246,254.618,253.999
1780991385.9151318,29.803,17.143,0.025,0.018,265.692,255.135,253.933
1780991385.925824,27.155,17.214,0.023,0.018,265.146,255.556,253.965
1780991385.940916,23.887,17.714,0.02,0.019,264.505,256.195,253.873
1780991385.955904,21.014,17.286,0.017,0.018,263.843,256.617,254.018
1780991385.967374,19.042,17.429,0.016,0.018,263.464,256.975,253.996
1780991386.009967,16.282,17.929,0.013,0.018,262.99,257.51,253.89
1780991386.010515,13.014,18.0,0.01,0.018,262.326,258.116,253.892
1780991386.010902,10.028,17.643,0.007,0.018,261.682,258.596,254.006
1780991386.0239859,7.099,18.071,0.005,0.018,261.182,259.187,253.901
1780991386.03901,5.014,18.214,0.003,0.019,260.73,259.664,253.867
1780991386.050167,1.746,18.0,-0.0,0.018,260.082,260.241,253.926
1780991386.065439,-1.183,17.5,-0.003,0.018,259.488,260.7,254.054
1780991386.080278,-4.394,17.5,-0.006,0.018,258.834,261.384,254.047
1780991386.0955641,-6.423,16.714,-0.008,0.017,258.374,261.643,254.247
1780991386.106646,-9.521,16.286,-0.011,0.016,257.78,262.17,254.343
1780991386.121751,-11.606,16.286,-0.012,0.016,257.419,262.579,254.329
1780991386.136344,-15.268,15.5,-0.016,0.016,256.65,263.217,254.517
1780991386.151349,-15.268,15.5,-0.016,0.016,256.65,263.217,254.517
1780991386.162533,-19.718,14.714,-0.02,0.015,255.654,264.144,254.701
1780991386.177452,-19.718,14.714,-0.02,0.015,255.654,264.144,254.701
1780991386.19214,-24.056,13.857,-0.025,0.014,254.716,265.021,254.898
1780991386.235384,-25.972,13.214,-0.027,0.013,254.286,265.36,255.052
1780991386.235905,-29.859,12.214,-0.03,0.012,253.572,265.998,255.255
1780991386.236295,-30.761,12.071,-0.031,0.012,253.443,266.14,255.271
1780991386.248397,-33.746,11.357,-0.033,0.011,252.863,266.695,255.42
1780991386.263062,-34.986,10.714,-0.034,0.011,252.678,266.771,255.552
1780991386.2747672,-37.69,10.0,-0.036,0.01,252.226,267.2,255.681
1780991386.289631,-38.592,9.357,-0.037,0.01,252.092,267.214,255.812
1780991386.304584,-40.62,8.214,-0.038,0.008,251.636,267.491,256.075
1780991386.315802,-42.028,7.143,-0.04,0.007,251.26,267.664,256.341
1780991386.3309572,-43.38,6.357,-0.041,0.007,251.069,267.76,256.471
1780991386.345887,-44.563,5.571,-0.041,0.006,250.885,267.839,256.608
1780991386.360914,-46.085,4.786,-0.042,0.005,250.61,268.039,256.748
1780991386.371949,-46.535,4.214,-0.043,0.005,250.533,268.011,256.856
1780991386.386775,-47.042,3.643,-0.043,0.004,250.434,268.009,256.967
1780991386.401531,-47.042,3.643,-0.043,0.004,250.434,268.009,256.967
1780991386.416488,-48.056,1.429,-0.044,0.002,250.027,267.881,257.524
1780991386.4598038,-48.225,0.929,-0.044,0.002,250.01,267.813,257.599
1780991386.460317,-48.394,-0.071,-0.044,0.001,249.954,267.665,257.785
1780991386.4607081,-48.225,-0.714,-0.043,0.0,249.99,267.496,257.882
1780991386.469323,-48.113,-1.0,-0.043,0.0,250.037,267.419,257.894
1780991386.484123,-47.944,-1.929,-0.043,-0.001,249.988,267.224,258.112
1780991386.4990468,-47.042,-1.929,-0.041,-0.0,250.194,266.97,258.091
1780991386.514066,-46.31,-3.071,-0.041,-0.002,250.224,266.597,258.372
1780991386.528617,-45.296,-3.643,-0.039,-0.002,250.382,266.282,258.462
1780991386.5397491,-45.296,-3.643,-0.039,-0.002,250.382,266.282,258.462
1780991386.554972,-43.549,-4.571,-0.037,-0.003,250.642,265.657,258.708
1780991386.569912,-42.31,-5.071,-0.036,-0.003,250.822,265.346,258.776
1780991386.584987,-41.465,-5.571,-0.035,-0.004,250.919,265.108,258.877
1780991386.600084,-39.887,-5.714,-0.034,-0.004,251.198,264.767,258.863
1780991386.6113658,-38.085,-5.5,-0.032,-0.003,251.562,264.423,258.761
1780991386.626421,-36.394,-5.5,-0.031,-0.003,251.861,264.085,258.732
1780991386.641275,-34.761,-5.429,-0.029,-0.003,252.173,263.739,258.698
1780991386.6846101,-32.394,-5.143,-0.027,-0.003,252.632,263.282,258.606
1780991386.6851451,-30.873,-5.214,-0.025,-0.003,252.889,262.952,258.626
1780991386.685536,-29.239,-5.071,-0.024,-0.003,253.161,262.676,258.584
1780991386.697081,-27.211,-4.786,-0.022,-0.002,253.618,262.226,258.504
1780991386.711941,-24.282,-3.857,-0.018,-0.001,254.303,261.712,258.249
1780991386.7268832,-21.577,-3.714,-0.016,-0.001,254.83,261.144,258.225
1780991386.738081,-20.113,-3.357,-0.015,-0.001,255.091,260.943,258.14
1780991386.7531378,-17.07,-2.357,-0.012,0.001,255.806,260.432,257.88
1780991386.768148,-14.704,-1.929,-0.009,0.001,256.276,260.023,257.788
1780991386.7838368,-12.0,-1.214,-0.007,0.002,256.801,259.633,257.628
1780991386.7950761,-9.465,-0.286,-0.005,0.003,257.326,259.305,257.415
1780991386.8099651,-6.704,0.714,-0.002,0.004,257.989,258.877,257.172
1780991386.824724,-4.901,0.5,-0.001,0.003,258.244,258.517,257.272
1780991386.836034,-2.704,1.357,0.001,0.004,258.761,258.211,257.066
1780991386.850709,0.789,2.643,0.005,0.005,259.659,257.655,256.749
1780991386.8656352,3.831,4.0,0.008,0.007,260.452,257.231,256.421
1780991386.9045901,5.296,4.286,0.009,0.007,260.771,256.982,256.371
1780991386.905111,8.338,5.786,0.012,0.009,261.485,256.651,256.045
1780991386.905495,11.099,6.929,0.014,0.01,262.096,256.325,255.817
1780991386.918036,12.845,7.357,0.016,0.01,262.44,256.079,255.754
1780991386.932967,15.775,8.643,0.018,0.011,263.245,255.666,255.459
1780991386.944743,17.127,9.071,0.019,0.012,263.484,255.514,255.403
1780991386.959917,20.676,10.429,0.023,0.013,264.481,254.977,255.09
1780991386.974987,23.38,11.0,0.025,0.013,265.018,254.596,255.022
1780991386.9900138,25.239,11.643,0.027,0.014,265.455,254.357,254.901
1780991387.0013871,27.549,12.214,0.029,0.014,265.933,254.049,254.821
1780991387.016326,29.634,13.429,0.03,0.015,266.475,253.869,254.565
1780991387.030907,32.056,14.429,0.032,0.016,267.105,253.576,254.36
1780991387.0423,32.056,14.429,0.032,0.016,267.105,253.576,254.36
1780991387.056951,35.549,16.214,0.036,0.018,268.264,253.104,253.94
1780991387.071955,35.549,16.214,0.036,0.018,268.264,253.104,253.94
1780991387.083402,39.268,17.286,0.04,0.019,269.366,252.511,253.714
1780991387.1280189,40.676,17.786,0.041,0.02,269.669,252.365,253.64
1780991387.128593,41.803,17.857,0.042,0.019,269.927,252.172,253.647
1780991387.12897,43.718,18.357,0.043,0.02,270.32,251.951,253.588
1780991387.139565,44.901,18.357,0.044,0.02,270.514,251.775,253.628
1780991387.154583,45.803,18.643,0.045,0.02,270.692,251.691,253.587
1780991387.165754,47.042,19.071,0.045,0.02,270.954,251.576,253.518
1780991387.1812239,48.0,18.857,0.046,0.02,271.039,251.43,253.608
1780991387.196021,48.845,19.857,0.047,0.021,271.338,251.445,253.381
1780991387.211002,49.577,19.214,0.047,0.02,271.323,251.271,253.572
1780991387.22226,49.972,19.714,0.047,0.02,271.472,251.288,253.45
1780991387.2373152,50.31,18.857,0.047,0.019,271.331,251.16,253.681
1780991387.252473,50.141,18.429,0.047,0.019,271.143,251.184,253.79
1780991387.264703,50.141,18.5,0.047,0.019,271.126,251.226,253.758
1780991387.2794821,50.254,18.357,0.047,0.019,271.123,251.197,253.79
1780991387.294388,50.197,17.571,0.047,0.018,270.95,251.132,253.981
1780991387.305533,49.859,17.071,0.046,0.017,270.761,251.16,254.088
1780991387.346903,49.465,16.786,0.046,0.017,270.598,251.215,254.148
1780991387.347424,48.676,16.143,0.045,0.016,270.244,251.308,254.309
1780991387.3478131,47.718,14.571,0.044,0.015,269.732,251.318,254.677
1780991387.361421,46.648,13.357,0.043,0.014,269.277,251.394,254.939
1780991387.376433,45.465,12.357,0.042,0.013,268.851,251.514,255.137
1780991387.3876858,44.282,11.0,0.04,0.011,268.377,251.582,255.431
1780991387.402946,43.38,10.857,0.04,0.011,268.167,251.745,255.423
1780991387.4177458,42.197,9.929,0.038,0.01,267.788,251.849,255.611
1780991387.429856,40.958,8.714,0.037,0.009,267.3,251.945,255.898
1780991387.444799,39.099,7.643,0.035,0.008,266.731,252.182,256.108
1780991387.4597619,37.915,7.071,0.034,0.008,266.398,252.337,256.217
1780991387.4712,36.282,5.929,0.033,0.007,265.899,252.5,256.457
1780991387.4862819,34.704,5.214,0.031,0.006,265.503,252.7,256.578
1780991387.5011299,32.394,3.929,0.029,0.005,264.814,252.98,256.868
1780991387.512458,31.775,3.786,0.028,0.005,264.678,253.078,256.882
1780991387.5275788,28.845,1.714,0.026,0.003,263.741,253.386,257.374
1780991387.571276,26.592,1.357,0.024,0.003,263.277,253.766,257.384
1780991387.571796,23.887,0.286,0.021,0.002,262.521,254.179,257.63
1780991387.572175,21.746,-0.5,0.019,0.001,262.05,254.456,257.771
1780991387.584289,20.338,-1.143,0.018,0.0,261.722,254.621,257.902
1780991387.595365,18.704,-1.571,0.016,0.0,261.366,254.868,257.974
1780991387.6102982,16.563,-2.714,0.014,-0.001,260.782,255.133,258.249
1780991387.625128,13.183,-3.5,0.011,-0.002,259.959,255.729,258.416
1780991387.640332,13.183,-3.5,0.011,-0.002,259.959,255.729,258.416
1780991387.65128,9.014,-5.071,0.007,-0.003,258.945,256.34,258.777
1780991387.666684,6.479,-5.429,0.004,-0.003,258.438,256.787,258.821
1780991387.681516,3.662,-6.071,0.002,-0.004,257.905,257.202,258.931
1780991387.6926851,1.183,-6.571,-0.0,-0.004,257.465,257.567,259.007
1780991387.707763,-0.394,-6.857,-0.002,-0.004,257.188,257.801,259.051
1780991387.72265,-2.197,-6.857,-0.003,-0.004,256.892,258.138,259.015
1780991387.7377338,-5.408,-7.357,-0.006,-0.005,256.201,258.741,259.127
1780991387.749832,-7.831,-7.214,-0.008,-0.004,255.857,259.18,259.048
1780991387.792442,-10.254,-6.929,-0.01,-0.004,255.517,259.651,258.942
1780991387.79298,-12.113,-6.786,-0.012,-0.004,255.219,260.025,258.89
1780991387.794451,-13.915,-6.143,-0.013,-0.003,255.055,260.403,258.696
1780991387.805534,-16.451,-6.0,-0.016,-0.003,254.638,260.904,258.658
1780991387.82068,-18.704,-5.643,-0.018,-0.002,254.309,261.368,258.566
1780991387.835819,-20.732,-5.571,-0.019,-0.002,253.995,261.737,258.556
1780991387.8508,-22.873,-5.143,-0.021,-0.002,253.694,262.198,258.448
1780991387.865943,-24.732,-4.429,-0.023,-0.001,253.485,262.638,258.266
1780991387.876964,-24.958,-4.0,-0.023,-0.001,253.527,262.711,258.154
1780991387.892127,-27.606,-2.786,-0.025,0.001,253.193,263.443,257.847
1780991387.9071941,-29.408,-1.357,-0.027,0.002,253.038,264.041,257.481
1780991387.922198,-30.817,-1.071,-0.028,0.002,252.853,264.285,257.464
1780991387.934148,-32.451,-0.143,-0.03,0.003,252.691,264.715,257.263
1780991387.949325,-33.127,0.571,-0.03,0.004,252.684,264.907,257.104
1780991387.9638479,-34.592,1.143,-0.031,0.004,252.5,265.255,257.002
1780991388.0053701,-35.718,2.286,-0.032,0.006,252.437,265.661,256.725
1780991388.005839,-36.451,3.429,-0.033,0.007,252.476,265.903,256.48
1780991388.006218,-37.296,4.429,-0.033,0.008,252.459,266.168,256.277
1780991388.019966,-38.197,4.929,-0.034,0.008,252.342,266.424,256.189
1780991388.0311859,-38.479,6.071,-0.034,0.009,252.455,266.571,255.949
1780991388.046162,-38.93,7.0,-0.035,0.01,252.494,266.748,255.763
1780991388.061215,-39.549,7.286,-0.035,0.01,252.404,266.876,255.755
1780991388.076204,-39.662,9.143,-0.035,0.012,252.619,267.14,255.317
1780991388.087235,-39.549,9.5,-0.035,0.012,252.683,267.116,255.269
1780991388.1024709,-39.606,10.286,-0.035,0.013,252.758,267.198,255.126
1780991388.117455,-39.437,10.857,-0.034,0.013,252.849,267.194,255.036
1780991388.13261,-38.704,12.0,-0.034,0.014,253.134,267.134,254.789
1780991388.14434,-38.592,12.714,-0.033,0.015,253.215,267.194,254.658
1780991388.1592379,-38.028,13.143,-0.033,0.015,253.385,267.094,254.563
1780991388.17417,-37.239,13.929,-0.032,0.016,253.628,266.992,254.398
1780991388.189288,-36.563,14.643,-0.031,0.017,253.834,266.916,254.25
1780991388.233827,-35.437,15.857,-0.03,0.018,254.178,266.8,253.997
1780991388.234354,-34.366,16.5,-0.029,0.018,254.45,266.615,253.872
1780991388.234737,-33.408,16.5,-0.028,0.018,254.58,266.375,253.934
1780991388.245208,-32.62,16.714,-0.027,0.018,254.735,266.214,253.909
1780991388.2563798,-31.324,17.5,-0.026,0.019,255.056,266.025,253.744
1780991388.2714171,-29.972,17.5,-0.025,0.019,255.282,265.702,253.782
1780991388.28653,-28.394,17.786,-0.023,0.019,255.599,265.373,253.739
1780991388.301583,-26.704,18.143,-0.022,0.019,255.946,265.043,253.671
1780991388.312726,-25.408,18.571,-0.02,0.02,256.241,264.812,253.576
1780991388.3280509,-23.549,18.214,-0.019,0.019,256.524,264.341,253.693
1780991388.342981,-21.521,18.5,-0.017,0.02,256.937,263.941,253.632
1780991388.357944,-19.944,18.214,-0.015,0.019,257.159,263.581,253.722
1780991388.3700411,-17.521,18.214,-0.013,0.019,257.629,263.054,253.724
1780991388.385065,-15.493,17.929,-0.011,0.019,258.004,262.553,253.801
1780991388.399759,-14.197,17.643,-0.01,0.019,258.191,262.266,253.874
1780991388.4146712,-11.887,17.357,-0.008,0.018,258.584,261.769,253.941
1780991388.456625,-9.69,16.929,-0.005,0.018,258.975,261.243,254.042
1780991388.457039,-8.225,17.286,-0.004,0.018,259.294,261.033,253.935
1780991388.457424,-4.901,15.929,-0.001,0.017,259.778,260.161,254.273
1780991388.4666398,-2.704,16.071,0.001,0.017,260.307,259.687,254.224
1780991388.481455,-2.704,16.071,0.001,0.017,260.307,259.687,254.224
1780991388.496387,0.789,14.286,0.005,0.015,260.809,258.711,254.673
1780991388.5075939,3.831,13.143,0.008,0.014,261.289,257.975,254.937
1780991388.522551,5.352,13.214,0.009,0.014,261.563,257.785,254.873
1780991388.5376582,7.549,12.429,0.011,0.013,261.888,257.308,255.041
1780991388.5497239,10.197,11.714,0.013,0.013,262.293,256.805,255.17
1780991388.564646,12.169,11.071,0.015,0.012,262.544,256.462,255.284
1780991388.579604,13.915,10.714,0.016,0.012,262.848,256.131,255.343
1780991388.5905972,16.169,9.571,0.018,0.011,263.117,255.636,255.6
1780991388.605775,16.169,9.571,0.018,0.011,263.117,255.636,255.6
1780991388.620827,19.662,8.429,0.022,0.009,263.774,254.81,255.862
1780991388.6319702,21.915,7.214,0.024,0.008,264.079,254.28,256.141
1780991388.675172,23.775,6.429,0.025,0.008,264.299,253.966,256.275
1780991388.6756852,26.141,5.429,0.027,0.007,264.648,253.49,256.472
1780991388.676054,27.549,5.0,0.028,0.006,264.834,253.291,256.521
1780991388.687875,28.789,4.143,0.029,0.006,264.954,253.011,256.714
1780991388.702914,29.69,3.5,0.03,0.005,265.026,252.831,256.843
1780991388.7145631,32.169,2.286,0.032,0.004,265.446,252.232,257.127
1780991388.729759,33.239,1.857,0.033,0.003,265.598,252.051,257.193
1780991388.744831,34.704,1.143,0.035,0.003,265.817,251.748,257.338
1780991388.755753,35.887,0.643,0.035,0.003,265.962,251.574,257.405
1780991388.7709498,37.296,-0.286,0.037,0.002,266.113,251.28,257.6
1780991388.7859788,38.197,-1.214,0.037,0.001,266.134,251.089,257.794
1780991388.797099,38.93,-1.286,0.038,0.001,266.286,250.995,257.769
1780991388.812315,39.549,-1.429,0.038,0.001,266.395,250.909,257.773
1780991388.82707,40.958,-2.714,0.04,-0.001,266.564,250.475,258.117
1780991388.838294,41.746,-3.357,0.04,-0.001,266.615,250.336,258.23
1780991388.853318,42.085,-3.571,0.041,-0.001,266.657,250.27,258.269
1780991388.896799,42.479,-3.786,0.041,-0.001,266.681,250.251,258.271
1780991388.897265,42.704,-4.0,0.041,-0.001,266.695,250.202,258.314
1780991388.8976488,43.549,-4.643,0.042,-0.002,266.79,250.013,258.448
1780991388.909606,43.324,-4.571,0.041,-0.002,266.705,250.131,258.387
1780991388.9245272,43.38,-4.357,0.041,-0.001,266.745,250.176,258.302
1780991388.939691,43.268,-4.357,0.041,-0.001,266.697,250.233,258.277
1780991388.9508722,43.042,-4.357,0.04,-0.001,266.623,250.302,258.261
1780991388.965971,42.93,-4.571,0.04,-0.001,266.561,250.308,258.308
1780991388.9809852,42.085,-4.214,0.039,-0.001,266.385,250.533,258.203
1780991388.992374,41.859,-3.857,0.039,-0.001,266.393,250.615,258.103
1780991389.007318,41.296,-3.786,0.038,-0.0,266.265,250.727,258.086
1780991389.02208,40.845,-3.857,0.038,-0.001,266.145,250.797,258.111
1780991389.037162,39.324,-4.0,0.036,-0.001,265.699,251.1,258.155
1780991389.048922,38.366,-3.357,0.035,0.0,265.594,251.333,257.987
1780991389.0631292,37.859,-3.286,0.035,0.0,265.484,251.432,257.971
1780991389.078003,36.056,-3.071,0.033,0.0,265.035,251.834,257.917
1780991389.1160882,34.761,-2.5,0.031,0.001,264.833,252.129,257.77
1780991389.116551,33.014,-1.714,0.029,0.002,264.508,252.583,257.56
1780991389.119585,32.451,-1.571,0.029,0.002,264.415,252.683,257.533
1780991389.1308491,30.704,-0.929,0.027,0.003,264.153,253.025,257.396
1780991389.1458309,29.127,0.286,0.026,0.004,264.023,253.407,257.102
1780991389.16078,27.606,0.571,0.025,0.004,263.753,253.662,257.07
1780991389.171906,26.31,1.357,0.024,0.005,263.59,253.975,256.885
1780991389.186751,24.901,1.786,0.022,0.005,263.343,254.263,256.802
1780991389.201835,23.268,2.0,0.021,0.005,262.971,254.622,256.762
1780991389.2128582,22.592,2.714,0.02,0.006,262.942,254.82,256.582
1780991389.2278981,20.225,3.857,0.017,0.008,262.525,255.47,256.29
1780991389.243037,17.69,5.357,0.015,0.009,262.223,256.059,255.967
1780991389.255035,15.718,5.929,0.013,0.009,261.922,256.406,255.892
1780991389.270298,13.69,6.786,0.012,0.01,261.606,256.882,255.707
1780991389.285097,12.394,7.357,0.01,0.011,261.441,257.138,255.605
1780991389.296449,9.915,8.357,0.008,0.012,261.078,257.685,255.404
1780991389.332454,7.831,8.929,0.006,0.012,260.71,258.147,255.295
1780991389.332864,6.535,9.429,0.005,0.012,260.542,258.402,255.206
1780991389.337018,4.901,9.714,0.003,0.013,260.209,258.782,255.151
1780991389.352124,1.972,11.429,0.001,0.014,259.861,259.543,254.761
1780991389.364002,0.169,11.286,-0.001,0.014,259.524,259.764,254.869
1780991389.37907,-2.028,11.786,-0.002,0.014,259.179,260.198,254.791
1780991389.39414,-3.268,12.571,-0.003,0.015,259.066,260.504,254.618
1780991389.4093142,-5.577,13.0,-0.006,0.015,258.679,260.977,254.553
1780991389.4204931,-7.831,13.714,-0.008,0.016,258.345,261.493,254.406
1780991389.435585,-9.465,13.429,-0.009,0.016,258.023,261.701,254.524
1780991389.450306,-11.38,14.357,-0.011,0.017,257.768,262.231,254.301
1780991389.465431,-12.169,14.643,-0.011,0.017,257.656,262.426,254.238
1780991389.4766982,-14.704,15.143,-0.014,0.017,257.195,263.052,254.137
1780991389.491606,-15.718,15.5,-0.015,0.018,257.089,263.25,254.068
1780991389.506565,-18.085,16.071,-0.017,0.018,256.688,263.848,253.946
1780991389.521527,-19.099,16.214,-0.018,0.018,256.554,264.015,253.935
1780991389.566794,-20.789,16.357,-0.019,0.018,256.255,264.376,253.921
1780991389.5673091,-21.521,16.714,-0.02,0.019,256.213,264.515,253.847
1780991389.5677052,-23.718,16.643,-0.022,0.018,255.766,264.997,253.883
1780991389.5773282,-24.394,16.429,-0.022,0.018,255.661,265.036,253.953
1780991389.589105,-26.254,16.357,-0.024,0.018,255.331,265.388,253.988
1780991389.60431,-26.986,16.357,-0.024,0.018,255.236,265.497,253.992
1780991389.619197,-27.887,15.929,-0.025,0.017,255.071,265.559,254.104
1780991389.634263,-29.014,15.714,-0.026,0.017,254.844,265.772,254.157
1780991389.645361,-29.972,15.429,-0.027,0.017,254.678,265.894,254.223
1780991389.660688,-30.704,15.5,-0.027,0.017,254.6,266.029,254.191
1780991389.675342,-31.042,14.5,-0.027,0.016,254.441,265.909,254.446
1780991389.690397,-31.042,14.5,-0.027,0.016,254.441,265.909,254.446
1780991389.701694,-31.718,13.286,-0.028,0.015,254.207,265.844,254.733
1780991389.716944,-32.282,12.429,-0.028,0.014,254.04,265.823,254.92
1780991389.731592,-32.563,12.214,-0.028,0.014,254.011,265.844,254.933
1780991389.746752,-32.732,11.643,-0.029,0.013,253.951,265.781,255.046
1780991389.790102,-32.563,11.286,-0.028,0.013,253.972,265.67,255.115
1780991389.7905438,-32.507,10.5,-0.028,0.012,253.918,265.531,255.284
1780991389.790935,-32.282,9.571,-0.028,0.011,253.881,265.332,255.487
1780991389.799188,-32.225,9.5,-0.028,0.011,253.893,265.314,255.49
1780991389.814241,-31.549,7.786,-0.027,0.009,253.831,264.856,255.939
1780991389.8292422,-31.099,7.071,-0.026,0.008,253.856,264.659,256.081
1780991389.844233,-30.31,6.5,-0.025,0.008,253.977,264.42,256.16
1780991389.8553832,-29.915,5.643,-0.025,0.007,253.96,264.246,256.327
1780991389.8704991,-28.958,4.857,-0.024,0.007,254.077,263.934,256.476
1780991389.885675,-27.606,4.357,-0.023,0.006,254.309,263.575,256.55
1780991389.896875,-27.38,3.357,-0.023,0.005,254.217,263.42,256.782
1780991389.911582,-26.254,2.857,-0.021,0.005,254.396,263.103,256.878
1780991389.926552,-24.282,1.643,-0.019,0.004,254.681,262.421,257.195
1780991389.941427,-23.662,0.929,-0.019,0.003,254.685,262.287,257.313
1780991389.95282,-22.423,0.357,-0.018,0.003,254.868,261.959,257.423
1780991389.967807,-21.183,-0.286,-0.016,0.002,255.036,261.627,257.554
1780991390.007992,-20.113,-0.643,-0.015,0.002,255.2,261.387,257.608
1780991390.0084019,-18.085,-1.571,-0.013,0.001,255.502,260.824,257.822
1780991390.0089972,-17.465,-1.571,-0.013,0.001,255.623,260.717,257.798
1780991390.024016,-14.592,-2.857,-0.01,-0.0,256.035,259.967,258.09
1780991390.0390248,-14.592,-2.857,-0.01,-0.0,256.035,259.967,258.09
1780991390.0539362,-11.606,-3.857,-0.007,-0.001,256.535,259.198,258.324
1780991390.064946,-9.69,-4.5,-0.005,-0.002,256.79,258.822,258.433
1780991390.0800278,-7.944,-5.0,-0.003,-0.002,257.064,258.443,258.53
1780991390.119734,-6.141,-5.143,-0.002,-0.002,257.4,258.102,258.529
1780991390.120196,-4.676,-4.714,-0.0,-0.002,257.728,257.926,258.373
1780991390.120996,-2.254,-4.786,0.002,-0.001,258.177,257.497,258.354
1780991390.136,-1.296,-5.357,0.002,-0.002,258.24,257.293,258.499
1780991390.151074,1.69,-4.786,0.006,-0.001,258.966,256.764,258.317
1780991390.166024,3.493,-4.857,0.007,-0.001,259.248,256.491,258.32
1780991390.1773188,4.845,-4.857,0.008,-0.001,259.485,256.274,258.311
1780991390.19189,6.704,-4.5,0.01,-0.001,259.86,256.029,258.199
1780991390.206906,7.211,-4.429,0.01,-0.001,259.95,255.965,258.179
1780991390.2186172,10.197,-3.786,0.013,0.0,260.644,255.493,258.003
1780991390.233823,10.704,-3.429,0.013,0.0,260.773,255.467,257.907
1780991390.248924,13.465,-2.929,0.016,0.001,261.445,254.983,257.779
1780991390.260017,14.704,-2.071,0.017,0.002,261.774,254.901,257.559
1780991390.275024,16.901,-1.5,0.019,0.002,262.248,254.596,257.441
1780991390.290179,18.197,-0.929,0.02,0.003,262.558,254.453,257.309
1780991390.301319,19.549,-0.429,0.021,0.003,262.82,254.318,257.213
1780991390.346262,21.408,0.071,0.023,0.004,263.23,254.057,257.12
1780991390.346752,23.042,1.071,0.024,0.005,263.665,253.903,256.894
1780991390.347132,24.056,1.071,0.025,0.005,263.841,253.728,256.922
1780991390.357242,25.521,2.429,0.026,0.006,264.356,253.632,256.575
1780991390.372113,26.704,3.714,0.027,0.008,264.733,253.61,256.273
1780991390.3840299,28.169,4.071,0.029,0.008,265.148,253.346,256.197
1780991390.3990662,28.901,4.286,0.029,0.008,265.271,253.259,256.183
1780991390.414027,30.028,5.143,0.03,0.009,265.571,253.184,256.01
1780991390.4252532,31.155,6.0,0.031,0.01,265.884,253.101,255.835
1780991390.440514,32.056,6.643,0.032,0.01,266.113,253.034,255.716
1780991390.455504,32.901,7.143,0.032,0.01,266.315,252.953,255.636
1780991390.466435,33.352,7.786,0.033,0.011,266.478,252.96,255.495
1780991390.4817011,33.69,7.857,0.033,0.011,266.552,252.905,255.493
1780991390.49667,34.93,9.214,0.034,0.012,267.026,252.838,255.18
1780991390.507778,34.986,10.357,0.034,0.014,267.123,252.997,254.939
1780991390.522938,35.38,10.429,0.034,0.013,267.189,252.928,254.957
1780991390.5672598,35.831,11.071,0.035,0.014,267.349,252.922,254.837
1780991390.567747,35.831,11.429,0.034,0.014,267.339,252.976,254.789
1780991390.568179,36.0,12.071,0.035,0.015,267.441,253.022,254.661
1780991390.579798,36.0,12.357,0.034,0.015,267.456,253.056,254.615
1780991390.590863,35.944,12.5,0.034,0.015,267.425,253.081,254.613
1780991390.605859,35.662,13.071,0.034,0.016,267.414,253.209,254.491
1780991390.620768,35.718,13.214,0.034,0.016,267.438,253.203,254.479
1780991390.6323469,35.099,13.357,0.033,0.016,267.273,253.342,254.467
1780991390.647095,34.648,13.429,0.033,0.016,267.154,253.437,254.464
1780991390.662112,34.366,13.857,0.033,0.016,267.158,253.53,254.366
1780991390.6770802,33.352,13.571,0.031,0.016,266.831,253.7,254.453
1780991390.688957,32.225,14.071,0.03,0.016,266.628,253.978,254.333
1780991390.703979,32.0,13.571,0.03,0.016,266.514,253.932,254.471
1780991390.719028,31.324,13.429,0.029,0.016,266.311,254.053,254.511
1780991390.730179,29.239,13.286,0.027,0.015,265.767,254.451,254.551
1780991390.7453818,27.944,12.857,0.026,0.015,265.419,254.627,254.66
1780991390.790095,27.211,12.786,0.025,0.015,265.265,254.742,254.671
1780991390.790623,25.915,12.286,0.024,0.014,264.92,254.904,254.795
1780991390.791019,24.563,12.286,0.023,0.014,264.644,255.15,254.78
1780991390.801445,23.211,11.929,0.022,0.014,264.317,255.343,254.863
1780991390.812499,21.69,11.929,0.02,0.014,264.006,255.626,254.846
1780991390.827612,20.958,11.5,0.02,0.014,263.81,255.688,254.95
1780991390.842541,19.38,10.786,0.018,0.013,263.382,255.887,255.121
1780991390.85443,18.085,10.929,0.017,0.013,263.133,256.163,255.064
1780991390.869292,16.056,9.714,0.015,0.012,262.535,256.391,255.362
1780991390.884604,16.056,9.714,0.015,0.012,262.535,256.391,255.362
1780991390.8956878,13.07,8.857,0.012,0.011,261.772,256.885,255.555
1780991390.910481,13.07,8.857,0.012,0.011,261.772,256.885,255.555
1780991390.926699,9.521,7.857,0.008,0.01,260.884,257.483,255.776
1780991390.93647,9.521,7.857,0.008,0.01,260.884,257.483,255.776
1780991390.9512691,6.648,6.786,0.006,0.009,260.187,257.9,256.015
1780991390.969397,5.296,6.714,0.004,0.009,259.958,258.138,255.998
1780991391.007426,3.549,6.071,0.003,0.008,259.548,258.39,256.139
1780991391.007957,1.859,5.714,0.001,0.008,259.194,258.671,256.204
1780991391.008327,0.563,5.143,0.0,0.007,258.917,258.825,256.321
1780991391.018999,-2.31,4.071,-0.002,0.006,258.245,259.257,256.555
1780991391.034107,-2.592,3.857,-0.003,0.006,258.208,259.253,256.595
1780991391.048876,-5.465,3.143,-0.005,0.006,257.585,259.741,256.741
1780991391.060161,-5.803,3.571,-0.005,0.006,257.624,259.845,256.603
1780991391.0750022,-8.394,2.857,-0.008,0.005,257.02,260.306,256.767
1780991391.0901802,-9.577,2.5,-0.009,0.005,256.748,260.508,256.849
1780991391.101402,-11.155,1.643,-0.011,0.004,256.382,260.686,257.05
1780991391.116506,-11.887,1.571,-0.011,0.004,256.32,260.771,257.033
1780991391.131266,-14.028,1.143,-0.013,0.004,255.926,261.129,257.1
1780991391.1426828,-15.493,0.857,-0.014,0.004,255.692,261.347,257.136
1780991391.157702,-16.113,1.0,-0.014,0.004,255.658,261.455,257.072
1780991391.17262,-17.69,1.143,-0.016,0.004,255.432,261.781,257.002
1780991391.1877692,-18.817,0.214,-0.017,0.003,255.154,261.833,257.242
1780991391.233332,-20.394,0.5,-0.018,0.004,254.928,262.2,257.14
1780991391.233908,-21.239,0.286,-0.019,0.004,254.798,262.299,257.184
1780991391.2343192,-22.085,0.286,-0.019,0.004,254.662,262.469,257.172
1780991391.240593,-23.099,0.286,-0.02,0.004,254.51,262.66,257.157
1780991391.255622,-23.944,0.571,-0.021,0.004,254.428,262.854,257.067
1780991391.270516,-24.676,0.5,-0.021,0.004,254.316,262.968,257.082
1780991391.2856162,-24.958,0.571,-0.021,0.004,254.318,262.988,257.062
1780991391.2968562,-25.915,0.571,-0.022,0.004,254.132,263.209,257.059
1780991391.311813,-26.479,0.357,-0.023,0.004,254.025,263.27,257.117
1780991391.326685,-26.761,0.643,-0.023,0.004,254.038,263.34,257.04
1780991391.34177,-27.268,1.143,-0.023,0.005,254.022,263.513,256.903
1780991391.353036,-27.042,1.143,-0.023,0.005,254.098,263.414,256.912
1780991391.367986,-27.493,1.0,-0.023,0.005,253.989,263.493,256.956
1780991391.3829849,-27.324,1.214,-0.023,0.005,254.074,263.455,256.901
1780991391.3950238,-27.493,1.143,-0.023,0.005,254.036,263.471,256.926
1780991391.409961,-27.38,1.357,-0.023,0.005,254.1,263.458,256.871
1780991391.4538019,-27.549,1.214,-0.023,0.005,254.043,263.477,256.914
1780991391.454323,-27.211,1.286,-0.023,0.005,254.13,263.39,256.9
1780991391.454724,-26.535,1.571,-0.022,0.005,254.313,263.257,256.826
1780991391.465726,-26.479,1.929,-0.022,0.006,254.355,263.308,256.738
1780991391.480447,-26.479,1.929,-0.022,0.006,254.355,263.308,256.738
1780991391.491563,-26.479,1.929,-0.022,0.006,254.355,263.308,256.738
1780991391.506675,-24.451,2.714,-0.02,0.006,254.902,262.899,256.536
1780991391.5214489,-24.0,3.286,-0.019,0.007,255.027,262.902,256.406
1780991391.536404,-23.437,3.643,-0.019,0.007,255.187,262.816,256.318
1780991391.547613,-21.408,4.0,-0.017,0.008,255.631,262.382,256.255
1780991391.562827,-20.958,4.357,-0.016,0.008,255.731,262.356,256.178
1780991391.577643,-19.831,4.571,-0.015,0.008,255.943,262.15,256.149
1780991391.589783,-18.423,5.286,-0.014,0.009,256.289,261.949,255.984
1780991391.604851,-17.577,5.5,-0.013,0.009,256.433,261.823,255.954
1780991391.619766,-16.732,6.0,-0.012,0.01,256.647,261.715,255.84
1780991391.634741,-15.662,6.214,-0.011,0.01,256.846,261.528,255.813
1780991391.677291,-14.141,6.429,-0.01,0.01,257.152,261.226,255.786
1780991391.6777651,-12.338,7.143,-0.008,0.011,257.593,260.936,255.621
1780991391.6781518,-11.099,7.5,-0.007,0.011,257.845,260.749,255.549
1780991391.687093,-9.408,7.643,-0.005,0.011,258.179,260.415,255.534
1780991391.701995,-8.394,8.071,-0.005,0.011,258.415,260.276,255.437
1780991391.7168682,-7.831,8.071,-0.004,0.011,258.517,260.16,255.447
1780991391.7319272,-5.408,8.857,-0.002,0.012,259.106,259.756,255.265
1780991391.74387,-4.676,8.929,-0.001,0.012,259.256,259.613,255.257
1780991391.7586958,-2.704,9.071,0.001,0.012,259.678,259.212,255.238
1780991391.773891,-1.803,9.786,0.002,0.013,259.912,259.164,255.067
1780991391.7853131,0.507,10.429,0.004,0.014,260.491,258.757,254.918
1780991391.80015,2.479,10.643,0.006,0.014,260.867,258.415,254.899
1780991391.811689,3.437,11.0,0.007,0.014,261.061,258.305,254.828
1780991391.82654,5.183,11.143,0.008,0.014,261.387,258.003,254.822
1780991391.8414028,6.873,11.357,0.01,0.014,261.717,257.724,254.794
1780991391.8529322,8.394,11.786,0.011,0.015,262.043,257.518,254.703
1780991391.8961349,9.521,11.571,0.012,0.014,262.222,257.282,254.771
1780991391.896681,11.268,11.643,0.014,0.014,262.569,256.973,254.765
1780991391.897065,12.676,11.857,0.015,0.015,262.855,256.764,254.719
1780991391.9094322,14.028,12.071,0.016,0.015,263.133,256.568,254.669
1780991391.924453,15.718,12.143,0.017,0.015,263.485,256.265,254.662
1780991391.9395268,16.676,11.929,0.018,0.015,263.636,256.07,254.723
1780991391.9508522,17.972,11.857,0.019,0.015,263.875,255.845,254.74
1780991391.9658298,19.211,11.857,0.02,0.015,264.115,255.641,254.738
1780991391.981023,20.282,11.5,0.021,0.014,264.257,255.428,254.829
1780991391.9926348,21.465,11.5,0.022,0.014,264.521,255.207,254.826
1780991392.007273,22.423,11.286,0.023,0.014,264.66,255.042,254.874
1780991392.02251,23.549,11.0,0.024,0.014,264.842,254.82,254.943
1780991392.034406,24.62,11.143,0.025,0.014,265.089,254.669,254.89
1780991392.049379,25.352,10.714,0.026,0.013,265.153,254.516,254.99
1780991392.064608,26.31,10.357,0.027,0.013,265.319,254.294,255.077
1780991392.075691,26.873,10.357,0.027,0.013,265.414,254.23,255.063
1780991392.114971,27.606,10.286,0.028,0.013,265.571,254.092,255.073
1780991392.115381,28.451,9.643,0.028,0.012,265.644,253.879,255.231
1780991392.1166441,28.845,9.714,0.029,0.012,265.736,253.839,255.196
1780991392.131711,29.239,8.571,0.029,0.011,265.618,253.657,255.479
1780991392.146761,29.69,8.214,0.029,0.011,265.658,253.563,255.543
1780991392.157813,29.972,7.857,0.029,0.011,265.655,253.501,255.611
1780991392.173585,30.254,7.714,0.03,0.01,265.7,253.446,255.63
1780991392.188599,30.535,7.286,0.03,0.01,265.698,253.364,255.717
1780991392.199907,30.648,6.786,0.03,0.01,265.637,253.308,255.826
1780991392.214762,30.592,6.714,0.03,0.01,265.608,253.34,255.816
1780991392.229897,30.535,6.429,0.03,0.009,265.55,253.33,255.875
1780991392.241104,30.423,6.071,0.03,0.009,265.466,253.329,255.946
1780991392.256211,30.479,5.643,0.03,0.009,265.424,253.276,256.037
1780991392.271221,30.141,5.357,0.029,0.008,265.304,253.322,256.09
1780991392.282341,29.803,5.0,0.029,0.008,265.168,253.355,256.17
1780991392.2977521,29.183,4.786,0.028,0.008,264.997,253.467,256.198
1780991392.3409002,28.563,4.357,0.027,0.007,264.798,253.542,256.289
1780991392.341446,28.169,3.571,0.027,0.007,264.595,253.521,256.484
1780991392.341829,28.169,3.571,0.027,0.007,264.595,253.521,256.484
1780991392.353935,26.648,2.643,0.025,0.006,264.076,253.733,256.712
1780991392.365282,25.239,2.0,0.024,0.005,263.685,253.938,256.841
1780991392.3801758,24.169,1.286,0.023,0.004,263.384,254.051,256.987
1780991392.395249,23.493,1.571,0.022,0.005,263.311,254.218,256.878
1780991392.406487,22.592,1.0,0.022,0.004,263.068,254.306,257.002
1780991392.421537,21.915,1.214,0.021,0.005,263.007,254.443,256.915
1780991392.436704,20.62,0.571,0.02,0.004,262.643,254.608,257.07
1780991392.44802,19.831,0.214,0.019,0.004,262.438,254.71,257.149
1780991392.463029,18.93,-0.214,0.018,0.003,262.222,254.812,257.24
1780991392.477935,17.69,-0.143,0.017,0.003,261.966,255.075,257.201
1780991392.4899468,16.394,-0.5,0.016,0.003,261.675,255.265,257.273
1780991392.504684,14.761,-1.071,0.014,0.003,261.267,255.503,257.405
1780991392.5197718,14.141,-1.143,0.014,0.003,261.165,255.59,257.41
1780991392.5637472,12.507,-1.0,0.012,0.003,260.865,255.923,257.349
1780991392.564269,11.042,-1.429,0.011,0.002,260.531,256.131,257.451
1780991392.56466,9.577,-1.357,0.01,0.003,260.273,256.409,257.414
1780991392.572151,8.507,-1.357,0.009,0.003,260.067,256.609,257.406
1780991392.587183,7.099,-1.5,0.007,0.002,259.788,256.843,257.437
1780991392.6022882,5.634,-1.214,0.006,0.003,259.557,257.151,257.349
1780991392.6140852,4.507,-1.5,0.005,0.003,259.331,257.291,257.426
1780991392.6289458,3.099,-1.286,0.004,0.003,259.072,257.605,257.363
1780991392.644095,2.028,-1.0,0.003,0.003,258.911,257.842,257.284
1780991392.655143,0.169,-1.286,0.001,0.003,258.516,258.152,257.363
1780991392.6700768,-1.577,-1.214,-0.001,0.003,258.164,258.526,257.341
1780991392.685345,-2.761,-1.143,-0.002,0.003,257.96,258.751,257.323
1780991392.696707,-3.944,-0.571,-0.003,0.004,257.856,259.01,257.174
1780991392.711513,-5.296,-0.214,-0.004,0.004,257.674,259.285,257.088
1780991392.726496,-6.479,0.143,-0.005,0.004,257.523,259.525,257.007
1780991392.737791,-8.0,0.714,-0.006,0.005,257.317,259.885,256.869
1780991392.781798,-8.901,1.143,-0.007,0.005,257.213,260.104,256.765
1780991392.782223,-10.31,1.357,-0.008,0.006,256.979,260.388,256.731
1780991392.782609,-11.775,1.643,-0.01,0.006,256.74,260.697,256.68
1780991392.793973,-12.732,2.357,-0.01,0.007,256.679,260.946,256.511
1780991392.809094,-14.141,2.929,-0.012,0.007,256.443,261.362,256.363
1780991392.824287,-14.704,3.5,-0.012,0.008,256.439,261.507,256.234
1780991392.835582,-15.775,4.286,-0.013,0.009,256.356,261.79,256.061
1780991392.8506508,-16.676,4.929,-0.014,0.009,256.286,262.01,255.932
1780991392.865678,-17.634,5.357,-0.015,0.009,256.169,262.221,255.86
1780991392.88065,-18.31,6.071,-0.015,0.01,256.152,262.413,255.706
1780991392.891923,-18.873,5.786,-0.016,0.01,256.008,262.459,255.808
1780991392.90703,-19.662,6.643,-0.016,0.011,255.977,262.717,255.61
1780991392.9219918,-20.901,6.929,-0.018,0.011,255.758,263.016,255.568
1780991392.937278,-21.014,7.5,-0.018,0.011,255.844,263.057,255.446
1780991392.948771,-21.408,8.143,-0.018,0.012,255.865,263.193,255.307
1780991392.963731,-21.69,8.071,-0.018,0.012,255.795,263.236,255.338
1780991393.008533,-21.69,8.071,-0.018,0.012,255.795,263.236,255.338
1780991393.0090082,-21.69,8.071,-0.018,0.012,255.795,263.236,255.338
1780991393.0094001,-21.69,8.071,-0.018,0.012,255.795,263.236,255.338
1780991393.019163,-21.69,8.071,-0.018,0.012,255.795,263.236,255.338
1780991393.034,-22.986,10.357,-0.019,0.014,255.82,263.856,254.781
1780991393.045408,-22.93,10.929,-0.019,0.015,255.919,263.873,254.67
1780991393.0602932,-22.873,11.0,-0.019,0.015,255.946,263.8,254.706
1780991393.075376,-22.479,11.071,-0.018,0.015,256.046,263.655,254.73
1780991393.090368,-21.859,11.571,-0.018,0.015,256.255,263.544,254.621
1780991393.101612,-21.521,11.571,-0.017,0.015,256.316,263.438,254.652
1780991393.116819,-21.183,11.429,-0.017,0.015,256.355,263.327,254.71
1780991393.13188,-20.62,11.786,-0.016,0.015,256.511,263.239,254.634
1780991393.146869,-20.0,11.643,-0.016,0.015,256.608,263.068,254.687
1780991393.1582038,-19.718,11.786,-0.015,0.015,256.664,263.039,254.657
1780991393.1736598,-18.873,11.929,-0.014,0.015,256.862,262.853,254.626
1780991393.1886148,-18.197,11.929,-0.014,0.015,256.984,262.706,254.636
1780991393.230762,-17.183,12.0,-0.013,0.015,257.192,262.489,254.625
1780991393.231308,-16.282,11.857,-0.012,0.015,257.345,262.274,254.666
1780991393.2317052,-15.155,11.714,-0.011,0.015,257.548,262.012,254.702
1780991393.2448509,-14.592,11.429,-0.01,0.014,257.593,261.883,254.772
1780991393.259964,-13.803,11.286,-0.01,0.014,257.732,261.695,254.806
1780991393.2711282,-12.451,11.214,-0.008,0.014,257.999,261.401,254.813
1780991393.2861261,-11.493,10.857,-0.007,0.014,258.124,261.175,254.897
1780991393.301204,-10.592,10.643,-0.007,0.014,258.274,260.965,254.944
1780991393.347059,-8.789,10.143,-0.005,0.013,258.58,260.518,255.06
1780991393.347469,-7.944,9.5,-0.004,0.012,258.654,260.27,255.217
1780991393.3478458,-7.944,9.5,-0.004,0.012,258.654,260.27,255.217
1780991393.3570821,-5.239,8.929,-0.001,0.012,259.164,259.619,255.337
1780991393.3688161,-4.62,8.071,-0.001,0.011,259.138,259.421,255.547
1780991393.3841128,-3.099,7.786,0.001,0.011,259.453,259.04,255.609
1780991393.398954,-1.577,7.357,0.002,0.01,259.683,258.737,255.68
1780991393.409935,-0.282,7.071,0.004,0.01,259.91,258.463,255.73
1780991393.448051,1.127,6.5,0.005,0.01,260.087,258.17,255.846
1780991393.448457,2.028,6.143,0.005,0.009,260.207,257.985,255.913
1780991393.451183,3.493,5.643,0.007,0.009,260.424,257.679,256.008
1780991393.466272,4.732,4.929,0.008,0.008,260.556,257.395,256.163
1780991393.47731,6.423,4.714,0.009,0.008,260.877,257.072,256.185
1780991393.492349,7.211,4.5,0.01,0.008,260.996,256.927,256.218
1780991393.507318,7.775,4.071,0.01,0.007,261.026,256.804,256.313
1780991393.518935,9.859,3.0,0.013,0.006,261.352,256.239,256.577
1780991393.533856,10.535,3.071,0.013,0.006,261.484,256.171,256.524
1780991393.548744,10.535,3.071,0.013,0.006,261.484,256.171,256.524
1780991393.5599842,13.127,1.714,0.016,0.005,261.862,255.509,256.849
1780991393.574968,14.31,1.214,0.017,0.005,262.035,255.256,256.951
1780991393.590176,15.155,0.786,0.017,0.004,262.132,255.089,257.035
1780991393.601491,16.338,0.214,0.018,0.004,262.266,254.856,257.154
1780991393.616616,17.296,0.357,0.019,0.004,262.469,254.764,257.065
1780991393.631839,18.592,-0.214,0.02,0.004,262.66,254.488,257.18
1780991393.676814,18.986,-1.071,0.02,0.003,262.588,254.344,257.396
1780991393.677353,20.113,-1.571,0.021,0.002,262.755,254.108,257.492
1780991393.6777449,20.507,-1.5,0.022,0.002,262.822,254.109,257.431
1780991393.683923,20.507,-1.5,0.022,0.002,262.822,254.109,257.431
1780991393.699053,21.746,-2.429,0.023,0.001,262.994,253.728,257.68
1780991393.713873,22.592,-2.786,0.024,0.001,263.108,253.58,257.734
1780991393.7248042,22.761,-3.143,0.024,0.001,263.049,253.575,257.794
1780991393.739709,23.437,-3.143,0.024,0.001,263.204,253.467,257.769
1780991393.7543511,23.437,-3.143,0.024,0.001,263.204,253.467,257.769
1780991393.765632,23.437,-3.143,0.024,0.001,263.204,253.467,257.769
1780991393.780535,23.437,-3.143,0.024,0.001,263.204,253.467,257.769
1780991393.79559,25.296,-3.0,0.026,0.001,263.67,253.143,257.698
1780991393.806873,25.803,-2.5,0.026,0.002,263.849,253.137,257.545
1780991393.821919,25.803,-2.786,0.026,0.002,263.75,253.153,257.616
1780991393.836776,25.577,-2.357,0.026,0.002,263.712,253.299,257.493
1780991393.851864,25.521,-2.143,0.026,0.002,263.705,253.358,257.436
1780991393.892489,25.465,-1.929,0.025,0.003,263.701,253.412,257.382
1780991393.892885,25.183,-1.429,0.025,0.003,263.692,253.541,257.253
1780991393.8933709,25.239,-1.429,0.025,0.003,263.695,253.521,257.272
1780991393.9046972,25.07,-0.643,0.025,0.004,263.763,253.655,257.069
1780991393.9196548,24.789,-0.357,0.025,0.004,263.724,253.742,257.012
1780991393.934598,24.451,0.071,0.024,0.005,263.698,253.861,256.909
1780991393.945801,23.944,0.571,0.024,0.005,263.639,254.013,256.802
1780991393.9608052,23.324,1.5,0.023,0.006,263.624,254.244,256.574
1780991394.000757,22.873,1.643,0.023,0.006,263.53,254.324,256.574
1780991394.0012171,22.535,1.643,0.022,0.006,263.447,254.372,256.597
1780991394.001656,21.972,2.286,0.022,0.007,263.414,254.543,256.449
1780991394.016204,21.972,2.286,0.022,0.007,263.414,254.543,256.449
1780991394.027379,20.338,3.357,0.02,0.008,263.146,255.049,256.167
1780991394.0424352,19.662,4.0,0.019,0.009,263.099,255.21,256.045
1780991394.057495,19.042,5.071,0.019,0.01,263.132,255.42,255.804
1780991394.0694249,17.577,5.214,0.017,0.01,262.795,255.702,255.817
1780991394.0844412,16.451,5.929,0.016,0.01,262.653,255.98,255.665
1780991394.099446,15.775,6.143,0.016,0.01,262.538,256.111,255.636
1780991394.110625,14.704,6.429,0.015,0.011,262.348,256.318,255.599
1780991394.125692,13.408,6.714,0.013,0.011,262.102,256.582,255.557
1780991394.136982,12.901,7.357,0.013,0.011,262.123,256.701,255.422
1780991394.1520798,12.169,7.357,0.012,0.011,261.946,256.851,255.432
1780991394.166841,10.423,8.286,0.011,0.012,261.673,257.336,255.206
1780991394.178018,10.028,8.143,0.01,0.012,261.595,257.342,255.269
1780991394.2226508,10.028,8.143,0.01,0.012,261.595,257.342,255.269
1780991394.2231839,7.718,9.286,0.008,0.013,261.187,258.033,254.973
1780991394.223586,6.254,10.0,0.006,0.014,261.005,258.351,254.835
1780991394.234494,5.014,10.786,0.005,0.015,260.86,258.678,254.659
1780991394.2496378,4.056,10.5,0.004,0.014,260.632,258.784,254.765
1780991394.2606761,2.761,11.357,0.003,0.015,260.514,259.101,254.577
1780991394.275879,1.465,11.214,0.002,0.015,260.246,259.284,254.65
1780991394.2908852,0.282,11.143,0.001,0.015,260.019,259.458,254.695
1780991394.302005,-0.789,11.857,0.0,0.016,259.904,259.763,254.521
1780991394.3171682,-1.577,11.429,-0.0,0.015,259.697,259.827,254.652
1780991394.332082,-2.986,12.143,-0.002,0.016,259.532,260.184,254.478
1780991394.347284,-4.169,11.571,-0.003,0.015,259.23,260.303,254.648
1780991394.359089,-5.577,11.714,-0.004,0.015,258.981,260.593,254.616
1780991394.37408,-6.31,11.571,-0.004,0.015,258.835,260.699,254.657
1780991394.389224,-7.099,11.5,-0.005,0.015,258.707,260.805,254.68
1780991394.400272,-8.563,11.357,-0.006,0.015,258.404,261.077,254.721
1780991394.445083,-9.746,11.214,-0.008,0.014,258.17,261.285,254.755
1780991394.445641,-10.648,11.357,-0.008,0.015,258.045,261.465,254.712
1780991394.446023,-11.38,11.071,-0.009,0.014,257.875,261.566,254.784
1780991394.456245,-12.113,11.143,-0.009,0.014,257.779,261.7,254.757
1780991394.471206,-12.789,10.786,-0.01,0.014,257.63,261.761,254.845
1780991394.486319,-13.803,10.786,-0.011,0.014,257.448,261.973,254.832
1780991394.501615,-14.535,10.143,-0.012,0.013,257.246,262.013,254.99
1780991394.512565,-15.211,9.5,-0.012,0.013,257.059,262.045,255.142
1780991394.527256,-15.831,9.643,-0.013,0.013,256.971,262.204,255.087
1780991394.542078,-15.775,9.5,-0.013,0.013,256.984,262.153,255.119
1780991394.554081,-17.127,8.5,-0.014,0.012,256.541,262.346,255.381
1780991394.569241,-17.859,8.0,-0.015,0.011,256.378,262.422,255.474
1780991394.584306,-17.746,7.5,-0.014,0.011,256.386,262.29,255.583
1780991394.599246,-18.197,7.429,-0.015,0.011,256.334,262.371,255.563
1780991394.6103628,-18.366,6.643,-0.015,0.01,256.24,262.278,255.738
1780991394.652221,-18.423,6.143,-0.015,0.01,256.205,262.211,255.834
1780991394.652663,-18.704,5.786,-0.015,0.009,256.127,262.227,255.896
1780991394.6551821,-18.93,5.5,-0.015,0.009,256.059,262.241,255.952
1780991394.66649,-18.817,4.857,-0.015,0.008,256.034,262.114,256.091
1780991394.681379,-18.986,4.429,-0.015,0.008,255.964,262.098,256.174
1780991394.69639,-18.986,4.143,-0.015,0.008,255.954,262.064,256.216
1780991394.7075121,-18.817,3.143,-0.015,0.007,255.881,261.879,256.456
1780991394.722624,-18.535,3.0,-0.014,0.007,255.941,261.8,256.468
1780991394.737535,-18.479,2.357,-0.014,0.006,255.884,261.713,256.605
1780991394.752757,-18.197,1.643,-0.014,0.005,255.865,261.563,256.761
1780991394.764699,-17.972,0.786,-0.014,0.005,255.816,261.412,256.95
1780991394.779812,-17.014,0.929,-0.013,0.005,256.063,261.225,256.872
1780991394.794678,-16.451,0.357,-0.012,0.004,256.113,261.022,257.009
1780991394.805904,-16.282,0.286,-0.012,0.004,256.135,261.016,256.992
1780991394.8206542,-15.662,0.214,-0.011,0.004,256.254,260.898,256.982
1780991394.835854,-14.873,0.0,-0.011,0.004,256.391,260.713,257.016
1780991394.880151,-13.859,-0.5,-0.01,0.004,256.537,260.43,257.135
1780991394.880666,-13.352,-0.429,-0.009,0.004,256.648,260.347,257.101
1780991394.8811069,-12.394,-0.857,-0.008,0.003,256.781,260.098,257.203
1780991394.891959,-11.38,-1.214,-0.007,0.003,256.934,259.853,257.282
1780991394.907068,-10.479,-1.143,-0.006,0.003,257.115,259.704,257.243
1780991394.9188778,-9.408,-1.071,-0.005,0.003,257.331,259.514,257.21
1780991394.934092,-8.338,-1.429,-0.004,0.003,257.486,259.262,257.297
1780991394.9490502,-7.831,-1.0,-0.004,0.004,257.634,259.243,257.168
1780991394.9602711,-6.648,-1.071,-0.003,0.004,257.851,259.003,257.186
1780991394.9752069,-5.69,-1.0,-0.002,0.004,258.053,258.819,257.164
1780991394.990517,-4.732,-1.0,-0.001,0.004,258.219,258.653,257.163
1780991395.0054588,-3.437,-1.0,0.0,0.004,258.464,258.407,257.164
1780991395.0166678,-2.592,-0.714,0.001,0.004,258.663,258.288,257.085
1780991395.031435,-1.577,-0.5,0.002,0.004,258.871,258.138,257.031
1780991395.0466502,-0.338,-0.357,0.003,0.004,259.122,257.922,257.001
1780991395.057775,0.901,0.214,0.004,0.005,259.434,257.767,256.854
1780991395.102268,1.634,0.429,0.005,0.005,259.594,257.663,256.804
1780991395.102894,2.873,0.5,0.006,0.005,259.83,257.434,256.805
1780991395.103275,4.113,0.786,0.007,0.006,260.099,257.24,256.743
1780991395.114347,4.901,1.143,0.008,0.006,260.296,257.142,256.655
1780991395.125493,5.803,1.214,0.009,0.006,260.452,256.996,256.654
1780991395.140534,7.099,2.143,0.01,0.007,260.835,256.875,256.417
1780991395.1553721,7.944,2.643,0.01,0.007,261.035,256.8,256.309
1780991395.166659,7.944,2.643,0.01,0.007,261.035,256.8,256.309
1780991395.181728,10.028,3.571,0.013,0.008,261.611,256.49,256.089
1780991395.1968598,10.761,4.0,0.013,0.009,261.756,256.437,256.011
1780991395.2086558,12.113,4.786,0.014,0.01,262.128,256.274,255.839
1780991395.223846,12.732,5.071,0.015,0.01,262.265,256.2,255.789
1780991395.238858,13.859,5.214,0.016,0.01,262.487,256.0,255.791
1780991395.250178,14.648,6.357,0.016,0.011,262.778,256.017,255.518
1780991395.264936,15.606,6.786,0.017,0.011,263.007,255.893,255.44
1780991395.280014,16.282,7.0,0.018,0.011,263.163,255.788,255.409
1780991395.320011,16.958,7.571,0.018,0.012,263.349,255.744,255.291
1780991395.3205068,17.803,7.643,0.019,0.012,263.512,255.589,255.304
1780991395.3209002,18.31,8.571,0.02,0.013,263.746,255.622,255.071
1780991395.332313,18.817,8.429,0.02,0.013,263.807,255.507,255.132
1780991395.347212,19.38,8.857,0.021,0.013,263.953,255.467,255.048
1780991395.359004,20.056,9.214,0.021,0.013,264.128,255.386,254.98
1780991395.3739378,20.394,9.857,0.021,0.014,264.256,255.415,254.842
1780991395.389046,20.62,10.429,0.022,0.015,264.389,255.446,254.7
1780991395.404119,21.296,10.786,0.022,0.015,264.589,255.348,254.63
1780991395.4156318,21.69,11.143,0.023,0.015,264.688,255.323,254.572
1780991395.430353,21.972,10.857,0.023,0.015,264.665,255.236,254.677
1780991395.44546,22.197,11.143,0.023,0.015,264.726,255.241,254.621
1780991395.456969,22.366,11.143,0.023,0.015,264.749,255.211,254.631
1780991395.4715068,22.254,11.214,0.023,0.015,264.703,255.26,254.622
1780991395.486613,22.197,11.286,0.023,0.015,264.679,255.289,254.614
1780991395.4984121,22.31,11.643,0.023,0.015,264.754,255.313,254.527
1780991395.542994,22.254,11.0,0.023,0.015,264.629,255.24,254.703
1780991395.543521,21.803,10.929,0.022,0.015,264.49,255.335,254.725
1780991395.54392,21.577,11.071,0.022,0.015,264.46,255.401,254.684
1780991395.55439,21.521,10.5,0.022,0.014,264.363,255.332,254.835
1780991395.5694652,20.789,10.714,0.021,0.014,264.211,255.527,254.77
1780991395.5806139,20.056,10.0,0.02,0.014,263.93,255.586,254.949
1780991395.595603,19.606,9.643,0.02,0.013,263.797,255.625,255.024
1780991395.610256,18.761,9.143,0.019,0.013,263.536,255.735,255.139
1780991395.62159,18.761,9.143,0.019,0.013,263.536,255.735,255.139
1780991395.636731,17.239,7.929,0.017,0.011,262.984,255.911,255.443
1780991395.651856,16.563,7.714,0.017,0.011,262.855,256.007,255.46
1780991395.663796,15.831,6.786,0.016,0.01,262.597,256.022,255.672
1780991395.678936,15.437,7.214,0.016,0.011,262.612,256.154,255.528
1780991395.693761,14.535,6.357,0.015,0.01,262.314,256.22,255.726
1780991395.705185,13.521,5.714,0.014,0.009,262.024,256.339,255.867
1780991395.720288,12.789,5.214,0.013,0.009,261.831,256.41,255.97
1780991395.7650821,11.944,4.929,0.012,0.009,261.648,256.536,256.01
1780991395.765604,11.493,4.643,0.012,0.009,261.541,256.579,256.064
1780991395.765974,10.085,3.857,0.011,0.008,261.137,256.769,256.245
1780991395.775709,9.577,3.5,0.01,0.007,261.01,256.814,256.317
1780991395.7870662,9.577,3.5,0.01,0.007,261.01,256.814,256.317
1780991395.801995,7.437,2.571,0.008,0.006,260.396,257.165,256.539
1780991395.813854,6.141,1.714,0.007,0.006,260.024,257.317,256.738
1780991395.828914,5.296,1.643,0.006,0.006,259.842,257.491,256.738
1780991395.843839,4.225,0.929,0.005,0.005,259.556,257.602,256.899
1780991395.854987,3.493,0.929,0.004,0.005,259.498,257.713,256.846
1780991395.870153,2.254,0.214,0.003,0.004,259.196,257.852,256.999
1780991395.885362,1.127,0.071,0.002,0.004,259.002,258.043,256.997
1780991395.896586,0.338,-0.286,0.002,0.004,258.822,258.144,257.073
1780991395.911474,-0.676,-0.5,0.001,0.004,258.605,258.322,257.109
1780991395.9262679,-1.803,-0.857,-0.0,0.004,258.378,258.48,257.176
1780991395.9375832,-2.704,-1.214,-0.001,0.003,258.203,258.588,257.242
1780991395.9805598,-3.549,-1.643,-0.002,0.003,257.993,258.698,257.342
1780991395.981112,-4.732,-1.429,-0.003,0.003,257.821,258.965,257.252
1780991395.9821188,-5.408,-1.5,-0.003,0.003,257.704,259.081,257.255
1780991395.993684,-6.085,-1.5,-0.004,0.003,257.621,259.187,257.235
1780991396.008745,-6.761,-1.429,-0.005,0.003,257.49,259.347,257.212
1780991396.023838,-8.338,-1.429,-0.006,0.003,257.162,259.695,257.204
1780991396.0350552,-8.732,-1.643,-0.006,0.003,257.118,259.688,257.255
1780991396.050102,-9.577,-1.357,-0.007,0.004,257.022,259.878,257.17
1780991396.06514,-10.028,-1.143,-0.007,0.004,257.004,259.96,257.11
1780991396.080257,-10.761,-1.0,-0.008,0.004,256.883,260.125,257.075
1780991396.091418,-11.718,-0.786,-0.009,0.004,256.735,260.34,257.02
1780991396.106528,-12.056,-0.857,-0.009,0.004,256.693,260.354,257.049
1780991396.121611,-12.789,-0.214,-0.01,0.005,256.649,260.577,256.883
1780991396.1365728,-13.972,0.0,-0.011,0.005,256.435,260.857,256.836
1780991396.1478488,-14.479,0.143,-0.011,0.005,256.372,260.95,256.814
1780991396.162845,-14.592,0.714,-0.011,0.006,256.447,261.026,256.669
1780991396.207534,-14.592,1.357,-0.011,0.007,256.561,261.069,256.515
1780991396.208003,-15.099,1.786,-0.012,0.007,256.518,261.216,256.422
1780991396.2083771,-15.437,2.357,-0.012,0.008,256.525,261.348,256.294
1780991396.219441,-15.324,2.786,-0.012,0.008,256.617,261.342,256.208
1780991396.234334,-15.437,2.786,-0.012,0.008,256.589,261.347,256.232
1780991396.2455091,-15.775,3.786,-0.012,0.009,256.644,261.553,255.99
1780991396.260554,-16.113,4.214,-0.012,0.009,256.617,261.668,255.912
1780991396.275476,-16.169,4.857,-0.012,0.01,256.687,261.744,255.774
1780991396.290525,-16.056,5.143,-0.012,0.01,256.747,261.729,255.729
1780991396.301858,-15.944,5.5,-0.012,0.01,256.815,261.738,255.655
1780991396.316833,-15.718,5.786,-0.012,0.011,256.891,261.7,255.614
1780991396.331981,-15.38,6.143,-0.011,0.011,257.004,261.653,255.546
1780991396.3439481,-15.211,7.143,-0.011,0.012,257.157,261.754,255.307
1780991396.358845,-15.042,7.357,-0.011,0.012,257.206,261.735,255.275
1780991396.373843,-14.592,7.5,-0.011,0.012,257.305,261.632,255.272
1780991396.388494,-14.197,8.0,-0.01,0.013,257.436,261.613,255.163
1780991396.4346151,-14.31,7.857,-0.01,0.012,257.377,261.622,255.211
1780991396.435093,-14.31,7.857,-0.01,0.012,257.377,261.622,255.211
1780991396.435484,-12.789,8.429,-0.008,0.013,257.817,261.312,255.066
1780991396.44063,-12.113,8.929,-0.008,0.014,258.008,261.232,254.956
1780991396.4555159,-11.38,9.0,-0.007,0.013,258.135,261.086,254.967
1780991396.470478,-11.099,9.0,-0.007,0.013,258.147,261.046,254.991
1780991396.4851909,-11.099,9.0,-0.007,0.013,258.147,261.046,254.991
1780991396.496356,-9.521,9.357,-0.005,0.014,258.569,260.702,254.902
1780991396.511059,-8.958,8.929,-0.005,0.013,258.597,260.534,255.03
1780991396.526015,-8.282,9.5,-0.004,0.014,258.795,260.484,254.889
1780991396.537181,-8.282,9.5,-0.004,0.014,258.795,260.484,254.889
1780991396.552303,-6.479,9.214,-0.002,0.013,259.178,260.001,254.972
1780991396.567316,-5.634,9.286,-0.001,0.014,259.3,259.884,254.966
1780991396.579084,-4.845,9.214,-0.001,0.013,259.404,259.751,254.992
1780991396.59373,-4.676,9.857,-0.001,0.014,259.513,259.826,254.822
1780991396.608629,-3.099,9.286,0.001,0.013,259.801,259.367,254.981
1780991396.652761,-2.197,9.357,0.002,0.013,259.946,259.238,254.967
1780991396.6533031,-1.521,9.214,0.002,0.013,260.039,259.104,255.006
1780991396.653693,-1.521,9.214,0.002,0.013,260.039,259.104,255.006
1780991396.6605692,0.507,8.429,0.004,0.012,260.347,258.588,255.209
1780991396.6753721,1.408,8.429,0.005,0.012,260.492,258.461,255.195
1780991396.690454,1.408,8.429,0.005,0.012,260.492,258.461,255.195
1780991396.701727,3.211,7.857,0.007,0.012,260.81,258.007,255.338
1780991396.71656,4.225,7.714,0.008,0.012,260.961,257.84,255.36
1780991396.7284968,5.296,7.5,0.008,0.012,261.127,257.644,255.399
1780991396.743528,6.31,7.214,0.009,0.011,261.274,257.446,255.457
1780991396.758569,6.817,7.214,0.01,0.011,261.358,257.381,255.445
1780991396.7698061,7.718,6.929,0.01,0.011,261.484,257.204,255.503
1780991396.784894,8.676,6.357,0.011,0.01,261.585,256.97,255.64
1780991396.800001,9.577,6.143,0.012,0.01,261.751,256.775,255.682
1780991396.811359,10.366,6.429,0.013,0.011,261.943,256.699,255.584
1780991396.8261492,11.042,5.643,0.013,0.01,261.945,256.497,255.782
1780991396.8712692,11.831,5.357,0.014,0.01,262.063,256.337,255.835
1780991396.8717508,12.394,5.0,0.014,0.009,262.127,256.199,255.915
1780991396.8721259,13.296,4.714,0.015,0.009,262.278,256.012,255.965
1780991396.882271,13.69,4.286,0.016,0.009,262.278,255.92,256.057
1780991396.89393,14.197,4.214,0.016,0.009,262.379,255.832,256.056
1780991396.909,14.197,4.214,0.016,0.009,262.379,255.832,256.056
1780991396.920238,15.775,3.5,0.018,0.008,262.644,255.433,256.222
1780991396.935245,16.338,3.071,0.018,0.007,262.683,255.313,256.309
1780991396.950216,16.789,2.929,0.018,0.007,262.742,255.249,256.321
1780991396.961521,16.901,2.786,0.018,0.007,262.73,255.239,256.343
1780991396.9765508,17.408,2.357,0.019,0.007,262.774,255.111,256.433
1780991396.991657,17.634,1.857,0.019,0.006,262.738,255.035,256.543
1780991397.003619,17.915,1.357,0.019,0.006,262.716,254.948,256.652
1780991397.018626,18.648,1.143,0.02,0.006,262.871,254.776,256.691
1780991397.033609,18.648,1.0,0.02,0.006,262.832,254.797,256.704
1780991397.044854,18.817,0.714,0.02,0.005,262.82,254.748,256.765
1780991397.089904,19.099,0.714,0.02,0.005,262.89,254.707,256.745
1780991397.09044,18.93,0.571,0.02,0.005,262.818,254.741,256.774
1780991397.0908082,19.042,0.429,0.02,0.005,262.827,254.714,256.795
1780991397.100775,19.155,0.286,0.02,0.005,262.836,254.685,256.817
1780991397.115741,18.93,0.286,0.02,0.005,262.78,254.747,256.803
1780991397.126743,18.761,0.0,0.02,0.005,262.692,254.753,256.875
1780991397.1417348,18.704,-0.071,0.02,0.005,262.679,254.758,256.882
1780991397.156805,18.479,0.214,0.019,0.005,262.677,254.847,256.792
1780991397.1684978,18.141,-0.429,0.019,0.005,262.503,254.835,256.96
1780991397.1837509,17.634,-0.429,0.018,0.005,262.381,254.95,256.952
1780991397.198878,17.577,-0.143,0.018,0.005,262.432,254.989,256.866
1780991397.209973,17.014,-0.286,0.018,0.005,262.283,255.082,256.905
1780991397.224989,16.507,-0.429,0.017,0.005,262.154,255.162,256.94
1780991397.239973,15.944,-0.286,0.017,0.005,262.054,255.289,256.9
1780991397.2512121,15.606,0.071,0.016,0.005,262.04,255.397,256.802
1780991397.266294,15.268,-0.429,0.016,0.005,261.904,255.38,256.943
1780991397.312553,14.31,-0.214,0.015,0.005,261.723,255.603,256.881
1780991397.312963,13.521,-0.286,0.014,0.005,261.548,255.741,256.9
1780991397.313338,13.014,-0.714,0.014,0.004,261.383,255.775,257.018
1780991397.322133,12.394,-0.357,0.013,0.005,261.324,255.933,256.912
1780991397.3371708,10.873,-0.214,0.012,0.005,261.001,256.269,256.871
1780991397.348983,10.592,-0.214,0.012,0.005,260.982,256.287,256.87
1780991397.364107,9.972,0.214,0.011,0.005,260.935,256.442,256.757
1780991397.3791602,9.746,0.143,0.011,0.005,260.897,256.453,256.782
1780991397.39041,8.225,0.786,0.009,0.006,260.643,256.854,256.617
1780991397.405374,8.282,0.571,0.01,0.006,260.671,256.754,256.69
1780991397.416532,7.662,1.143,0.009,0.006,260.623,256.951,256.539
1780991397.431494,7.042,1.643,0.008,0.007,260.564,257.133,256.414
1780991397.446151,6.197,1.5,0.008,0.007,260.367,257.254,256.477
1780991397.45745,6.028,1.714,0.008,0.007,260.37,257.306,256.424
1780991397.4725068,4.282,2.571,0.006,0.008,260.081,257.804,256.205
1780991397.4874182,3.662,3.071,0.005,0.008,260.046,257.945,256.102
1780991397.534463,3.099,3.071,0.005,0.008,259.938,258.03,256.12
1780991397.5349839,3.099,3.071,0.005,0.008,259.938,258.03,256.12
1780991397.535363,1.296,4.214,0.003,0.01,259.704,258.541,255.847
1780991397.540204,0.789,4.857,0.003,0.01,259.723,258.665,255.712
1780991397.5551941,-0.338,5.214,0.002,0.01,259.537,258.911,255.653
1780991397.566464,-1.183,4.786,0.001,0.01,259.278,259.031,255.781
1780991397.581748,-1.521,5.929,0.001,0.011,259.414,259.197,255.498
1780991397.59646,-2.423,6.286,-0.0,0.011,259.268,259.415,255.43
1780991397.6075761,-3.324,6.643,-0.001,0.012,259.137,259.607,255.374
1780991397.622657,-3.775,6.929,-0.001,0.012,259.097,259.706,255.32
1780991397.63772,-4.451,7.429,-0.002,0.012,259.028,259.897,255.208
1780991397.650691,-5.352,8.5,-0.003,0.014,258.996,260.198,254.962
1780991397.664374,-6.197,8.857,-0.004,0.014,258.871,260.384,254.908
1780991397.679157,-6.197,8.857,-0.004,0.014,258.871,260.384,254.908
1780991397.690698,-6.535,9.429,-0.004,0.014,258.882,260.527,254.769
1780991397.705576,-7.887,10.0,-0.005,0.015,258.667,260.867,254.663
1780991397.7494478,-8.225,10.286,-0.005,0.015,258.661,260.913,254.626
1780991397.749975,-8.62,10.786,-0.006,0.015,258.668,261.014,254.529
1780991397.7503612,-9.014,10.857,-0.006,0.015,258.6,261.081,254.533
1780991397.761549,-9.465,11.429,-0.006,0.016,258.598,261.221,254.411
1780991397.776455,-10.028,11.429,-0.007,0.016,258.483,261.31,254.439
1780991397.7916229,-10.93,11.5,-0.008,0.016,258.297,261.505,254.44
1780991397.803391,-11.268,11.429,-0.008,0.016,258.233,261.533,254.475
1780991397.818472,-11.437,11.5,-0.008,0.016,258.219,261.56,254.465
1780991397.833451,-11.493,11.714,-0.008,0.016,258.261,261.569,254.418
1780991397.848469,-11.831,11.5,-0.008,0.016,258.169,261.595,254.48
1780991397.859616,-11.887,11.5,-0.008,0.016,258.176,261.584,254.484
1780991397.874743,-11.887,11.357,-0.008,0.016,258.172,261.543,254.524
1780991397.889833,-12.282,10.929,-0.009,0.015,258.03,261.57,254.634
1780991397.904831,-12.282,10.714,-0.009,0.015,258.011,261.534,254.684
1780991397.916033,-12.338,10.286,-0.009,0.014,257.95,261.485,254.785
1780991397.931613,-12.169,9.714,-0.008,0.014,257.929,261.358,254.918
1780991397.975508,-12.169,9.214,-0.008,0.013,257.875,261.294,255.027
1780991397.976043,-12.113,8.929,-0.008,0.013,257.865,261.255,255.072
1780991397.976425,-11.606,8.286,-0.008,0.012,257.906,261.04,255.226
1780991397.986996,-11.831,7.857,-0.008,0.012,257.805,261.059,255.305
1780991398.001973,-11.606,7.143,-0.008,0.011,257.77,260.921,255.464
1780991398.013797,-11.155,6.714,-0.007,0.011,257.833,260.771,255.541
1780991398.0288372,-10.93,6.429,-0.007,0.011,257.853,260.704,255.583
1780991398.043822,-10.986,6.071,-0.007,0.01,257.789,260.689,255.657
1780991398.058738,-10.31,5.214,-0.006,0.009,257.835,260.428,255.853
1780991398.070227,-9.352,4.5,-0.005,0.009,257.967,260.126,256.006
1780991398.085102,-9.127,3.857,-0.005,0.008,257.924,260.028,256.139
1780991398.1003149,-8.845,3.857,-0.005,0.008,257.989,259.99,256.112
1780991398.111764,-8.563,3.143,-0.005,0.008,257.95,259.865,256.266
1780991398.1263008,-7.887,2.357,-0.004,0.007,258.0,259.629,256.44
1780991398.141218,-6.93,1.286,-0.003,0.006,258.081,259.252,256.72
1780991398.152561,-6.535,1.357,-0.003,0.006,258.173,259.236,256.645
1780991398.192852,-6.197,0.714,-0.002,0.005,258.154,259.105,256.79
1780991398.193314,-5.408,0.0,-0.002,0.005,258.23,258.873,256.938
1780991398.193964,-4.732,-0.357,-0.001,0.004,258.329,258.721,256.989
1780991398.208895,-3.887,-1.214,-0.0,0.004,258.393,258.458,257.183
1780991398.2238631,-3.268,-1.071,0.0,0.004,258.549,258.372,257.115
1780991398.238881,-2.761,-1.286,0.001,0.004,258.623,258.263,257.149
1780991398.250023,-1.915,-1.714,0.002,0.003,258.738,258.064,257.233
1780991398.2648342,-1.014,-1.571,0.003,0.004,258.96,257.908,257.171
1780991398.2800581,-0.394,-2.214,0.003,0.003,259.007,257.689,257.342
1780991398.291187,0.451,-2.286,0.004,0.003,259.162,257.551,257.329
1780991398.3062139,1.014,-2.929,0.004,0.002,259.168,257.399,257.476
1780991398.320926,1.465,-3.286,0.005,0.002,259.203,257.286,257.555
1780991398.332284,1.465,-3.286,0.005,0.002,259.203,257.286,257.555
1780991398.3471549,3.211,-3.571,0.007,0.002,259.588,256.848,257.624
1780991398.361939,4.056,-3.714,0.007,0.002,259.717,256.717,257.632
1780991398.373832,4.563,-4.0,0.008,0.001,259.748,256.637,257.684
1780991398.418328,4.958,-4.071,0.008,0.001,259.82,256.557,257.695
1780991398.418794,5.915,-4.143,0.009,0.001,260.035,256.344,257.707
1780991398.419168,6.761,-3.857,0.01,0.002,260.227,256.261,257.608
1780991398.429613,7.493,-3.571,0.01,0.002,260.391,256.195,257.519
1780991398.4406002,7.775,-3.5,0.011,0.002,260.437,256.175,257.496
1780991398.455379,7.887,-3.5,0.011,0.002,260.446,256.167,257.496
1780991398.47047,9.014,-2.857,0.012,0.003,260.812,256.005,257.316
1780991398.4816818,9.746,-2.786,0.013,0.003,260.985,255.862,257.3
1780991398.4966211,10.197,-2.214,0.013,0.004,261.104,255.894,257.156
1780991398.511677,10.479,-1.786,0.013,0.004,261.167,255.931,257.059
1780991398.5227342,11.268,-1.071,0.014,0.005,261.413,255.877,256.886
1780991398.537778,11.437,-0.929,0.014,0.005,261.455,255.868,256.857
1780991398.5529442,12.0,-0.786,0.014,0.005,261.555,255.785,256.849
1780991398.5676758,12.732,-0.214,0.015,0.006,261.772,255.719,256.718
1780991398.5796201,13.07,0.357,0.015,0.006,261.888,255.741,256.59
1780991398.594605,13.352,0.643,0.015,0.006,261.95,255.731,256.544
1780991398.6399949,13.521,0.5,0.015,0.006,261.94,255.682,256.602
1780991398.640453,13.803,1.214,0.016,0.007,262.082,255.725,256.43
1780991398.6408288,14.028,1.857,0.016,0.008,262.195,255.769,256.284
1780991398.64668,14.31,2.5,0.016,0.008,262.324,255.793,256.143
1780991398.661345,14.31,2.5,0.016,0.008,262.324,255.793,256.143
1780991398.6761441,14.31,2.5,0.016,0.008,262.324,255.793,256.143
1780991398.687414,14.817,4.357,0.017,0.01,262.731,255.926,255.65
1780991398.7024682,14.873,4.571,0.017,0.01,262.733,255.934,255.639
1780991398.718015,14.761,5.071,0.016,0.011,262.721,256.015,255.57
1780991398.729207,14.761,5.786,0.016,0.011,262.786,256.095,255.433
1780991398.744263,14.592,6.571,0.016,0.012,262.828,256.223,255.27
1780991398.7592452,14.366,7.0,0.016,0.012,262.815,256.321,255.186
1780991398.770357,14.141,7.286,0.015,0.013,262.776,256.389,255.153
1780991398.785548,14.31,7.643,0.016,0.013,262.859,256.372,255.097
1780991398.800429,14.028,8.286,0.015,0.014,262.868,256.501,254.964
1780991398.81504,13.859,8.714,0.015,0.014,262.878,256.582,254.875
1780991398.87017,13.803,9.143,0.015,0.014,262.921,256.623,254.798
1780991398.870683,13.408,9.714,0.015,0.015,262.894,256.766,254.684
1780991398.87108,12.845,9.714,0.014,0.015,262.74,256.869,254.717
1780991398.8714612,12.789,9.929,0.014,0.015,262.761,256.892,254.677
1780991398.8833861,12.507,10.143,0.014,0.015,262.72,256.979,254.629
1780991398.894572,11.831,10.786,0.013,0.016,262.651,257.191,254.485
1780991398.909699,11.493,10.429,0.013,0.015,262.52,257.18,254.609
1780991398.9247448,10.535,10.786,0.012,0.015,262.342,257.42,254.534
1780991398.935895,10.31,11.357,0.012,0.016,262.388,257.523,254.397
1780991398.9509408,9.577,10.643,0.011,0.015,262.113,257.558,254.603
1780991398.965974,8.958,11.5,0.01,0.016,262.117,257.783,254.387
1780991398.977152,8.0,11.071,0.009,0.016,261.836,257.913,254.509
1780991398.9923232,7.549,10.857,0.009,0.015,261.716,257.963,254.568
1780991399.007352,6.817,10.429,0.008,0.015,261.508,258.04,254.679
1780991399.019412,6.141,10.286,0.008,0.015,261.362,258.146,254.709
1780991399.034256,5.296,10.214,0.007,0.015,261.186,258.305,254.717
1780991399.077348,4.62,9.929,0.006,0.014,261.009,258.4,254.785
1780991399.077878,3.944,9.643,0.006,0.014,260.852,258.485,254.847
1780991399.078254,3.493,9.357,0.005,0.014,260.752,258.516,254.908
1780991399.089765,3.042,9.286,0.005,0.014,260.664,258.596,254.912
1780991399.1010718,3.042,9.286,0.005,0.014,260.664,258.596,254.912
1780991399.11608,1.465,8.357,0.003,0.013,260.172,258.827,255.144
1780991399.1272478,0.732,7.571,0.003,0.012,259.955,258.849,255.322
1780991399.1424341,0.338,7.286,0.002,0.012,259.865,258.881,255.375
1780991399.1573179,-0.901,7.0,0.001,0.011,259.586,259.11,255.419
1780991399.16923,-1.408,6.143,0.001,0.011,259.41,259.073,255.618
1780991399.1842859,-2.197,6.071,0.0,0.011,259.274,259.225,255.602
1780991399.199245,-2.479,5.5,-0.0,0.01,259.168,259.19,255.736
1780991399.210644,-3.268,5.5,-0.001,0.01,259.038,259.354,255.703
1780991399.225606,-4.056,4.929,-0.002,0.01,258.823,259.438,255.828
1780991399.2406101,-4.563,4.214,-0.002,0.009,258.659,259.433,255.989
1780991399.251677,-4.901,3.5,-0.002,0.008,258.517,259.397,256.16
1780991399.2980428,-5.746,3.357,-0.003,0.008,258.353,259.567,256.157
1780991399.29858,-5.803,2.571,-0.003,0.007,258.271,259.449,256.347
1780991399.29896,-6.197,2.429,-0.003,0.007,258.195,259.517,256.357
1780991399.307071,-6.197,2.429,-0.003,0.007,258.195,259.517,256.357
1780991399.321988,-7.549,1.429,-0.005,0.006,257.742,259.707,256.618
1780991399.337209,-7.944,1.5,-0.005,0.006,257.714,259.795,256.562
1780991399.348803,-8.563,0.643,-0.006,0.005,257.518,259.798,256.752
1780991399.363892,-8.676,0.857,-0.006,0.006,257.569,259.84,256.663
1780991399.37889,-9.127,0.5,-0.006,0.006,257.469,259.882,256.722
1780991399.3901079,-9.296,0.143,-0.006,0.005,257.428,259.856,256.786
1780991399.404903,-9.746,-0.5,-0.006,0.005,257.274,259.863,256.933
1780991399.41998,-10.085,-0.786,-0.007,0.004,257.198,259.895,256.978
1780991399.434915,-10.254,-0.714,-0.007,0.005,257.194,259.941,256.938
1780991399.4463732,-10.761,-1.143,-0.007,0.004,257.051,259.993,257.031
1780991399.461206,-10.93,-1.143,-0.007,0.004,257.046,260.022,257.009
1780991399.4759839,-11.155,-1.286,-0.008,0.004,257.003,260.046,257.03
1780991399.5228631,-10.986,-1.357,-0.007,0.004,257.056,259.985,257.034
1780991399.523369,-11.38,-1.429,-0.008,0.004,256.964,260.071,257.045
1780991399.523765,-11.324,-1.643,-0.008,0.004,256.966,260.018,257.093
1780991399.532219,-11.268,-1.714,-0.007,0.004,256.981,259.992,257.102
1780991399.547134,-11.211,-1.643,-0.007,0.004,257.014,259.986,257.075
1780991399.558896,-10.93,-1.286,-0.007,0.005,257.135,259.967,256.972
1780991399.573761,-11.099,-1.286,-0.007,0.005,257.094,260.01,256.973
1780991399.588758,-11.211,-1.071,-0.007,0.005,257.092,260.068,256.919
1780991399.603809,-10.873,-1.071,-0.007,0.005,257.167,259.985,256.923
1780991399.6149492,-10.592,-0.857,-0.007,0.005,257.256,259.948,256.869
1780991399.6301172,-10.085,-0.5,-0.006,0.005,257.413,259.876,256.782
1780991399.645209,-9.803,-0.286,-0.006,0.006,257.49,259.847,256.734
1780991399.656182,-9.352,-0.071,-0.005,0.006,257.615,259.771,256.682
1780991399.671272,-9.127,0.357,-0.005,0.006,257.7,259.79,256.581
1780991399.6862562,-8.62,0.714,-0.005,0.007,257.841,259.727,256.503
1780991399.7010329,-8.113,1.429,-0.004,0.007,258.028,259.717,256.33
1780991399.7473228,-7.944,1.714,-0.004,0.008,258.084,259.723,256.269
1780991399.747892,-7.831,1.714,-0.004,0.008,258.098,259.698,256.279
1780991399.748276,-7.831,1.714,-0.004,0.008,258.098,259.698,256.279
1780991399.7532759,-6.31,2.786,-0.002,0.009,258.612,259.474,255.996
1780991399.76859,-5.972,3.143,-0.002,0.009,258.695,259.46,255.929
1780991399.783464,-5.352,3.786,-0.001,0.01,258.87,259.421,255.8
1780991399.7944782,-4.901,4.071,-0.001,0.01,258.955,259.377,255.76
1780991399.809618,-4.169,4.571,-0.0,0.01,259.167,259.28,255.651
1780991399.824487,-3.662,5.214,0.0,0.011,259.342,259.261,255.505
1780991399.835632,-3.155,5.786,0.001,0.012,259.484,259.24,255.392
1780991399.8507981,-2.423,5.714,0.001,0.011,259.59,259.07,255.452
1780991399.866004,-2.085,6.143,0.001,0.012,259.675,259.074,255.37
1780991399.876999,-1.69,6.643,0.002,0.012,259.808,259.064,255.256
1780991399.8920808,-0.845,6.571,0.003,0.012,259.953,258.87,255.304
1780991399.906878,0.0,6.929,0.003,0.012,260.164,258.74,255.233
1780991399.918734,0.62,7.714,0.004,0.013,260.377,258.73,255.047
1780991399.964721,1.296,7.857,0.005,0.013,260.527,258.6,255.032
1780991399.965197,1.239,7.929,0.005,0.013,260.502,258.636,255.022
1780991399.965566,1.239,7.929,0.005,0.013,260.502,258.636,255.022
1780991399.974229,3.155,9.143,0.007,0.015,261.156,258.345,254.706
1780991399.985448,3.718,9.429,0.007,0.015,261.276,258.28,254.66
1780991400.000643,4.225,9.357,0.008,0.015,261.303,258.189,254.721
1780991400.015384,4.732,9.5,0.008,0.015,261.379,258.127,254.712
1780991400.026277,5.127,10.0,0.008,0.015,261.534,258.114,254.587
1780991400.041404,5.915,10.071,0.009,0.015,261.726,257.944,254.578
1780991400.0565708,6.535,10.143,0.01,0.015,261.819,257.85,254.585
1780991400.068479,7.211,10.5,0.01,0.016,261.977,257.78,254.512
1780991400.083461,7.437,10.786,0.01,0.016,262.036,257.79,254.45
1780991400.09858,8.394,10.5,0.011,0.015,262.185,257.555,254.543
1780991400.109864,9.014,10.643,0.012,0.016,262.314,257.465,254.516
1780991400.124786,9.465,10.0,0.012,0.015,262.283,257.308,254.693
1780991400.136291,9.746,9.857,0.012,0.015,262.31,257.248,254.728
1780991400.181907,10.254,9.786,0.013,0.015,262.393,257.153,254.745
1780991400.182386,10.761,9.714,0.013,0.014,262.484,257.061,254.754
1780991400.182764,10.761,9.5,0.013,0.014,262.44,257.045,254.809
1780991400.191404,10.761,9.5,0.013,0.014,262.44,257.045,254.809
1780991400.206281,10.761,9.5,0.013,0.014,262.44,257.045,254.809
1780991400.21723,10.761,9.5,0.013,0.014,262.44,257.045,254.809
1780991400.23227,10.761,9.5,0.013,0.014,262.44,257.045,254.809
1780991400.247238,12.901,7.643,0.015,0.012,262.701,256.319,255.286
1780991400.2589371,12.732,7.643,0.015,0.012,262.62,256.434,255.246
1780991400.2739031,12.901,7.286,0.015,0.012,262.591,256.382,255.322
1780991400.2891781,13.07,7.5,0.015,0.012,262.655,256.403,255.245
1780991400.300452,12.732,7.5,0.015,0.012,262.547,256.522,255.223
1780991400.315475,12.901,7.643,0.015,0.013,262.604,256.529,255.166
1780991400.330461,12.789,7.571,0.015,0.013,262.558,256.563,255.173
1780991400.341791,12.958,7.643,0.015,0.013,262.611,256.541,255.148
1780991400.3567371,13.239,6.571,0.015,0.011,262.518,256.345,255.421
1780991400.402693,13.465,5.929,0.015,0.011,262.482,256.23,255.567
1780991400.403158,13.296,5.714,0.015,0.011,262.409,256.264,255.599
1780991400.403538,13.352,5.357,0.015,0.01,262.38,256.213,255.675
1780991400.413578,13.183,4.429,0.015,0.009,262.207,256.143,255.898
1780991400.424852,13.183,4.0,0.015,0.009,262.167,256.102,255.975
1780991400.4395351,13.014,3.5,0.015,0.008,262.071,256.088,256.075
1780991400.454598,12.789,3.286,0.014,0.008,261.997,256.12,256.109
1780991400.465577,12.62,2.5,0.014,0.008,261.86,256.063,256.29
1780991400.48052,12.62,2.357,0.014,0.007,261.849,256.048,256.315
1780991400.495465,12.113,1.357,0.014,0.006,261.592,256.039,256.559
1780991400.506579,11.549,1.357,0.013,0.006,261.46,256.176,256.541
1780991400.521538,11.38,0.429,0.013,0.006,261.329,256.092,256.746
1780991400.536489,10.93,-0.071,0.012,0.005,261.187,256.133,256.836
1780991400.548505,10.93,-0.071,0.013,0.005,261.235,256.134,256.79
1780991400.562686,10.535,-0.357,0.012,0.005,261.117,256.187,256.846
1780991400.578312,10.028,-0.714,0.012,0.005,260.977,256.252,256.91
1780991400.618887,9.465,-1.214,0.011,0.004,260.8,256.313,257.013
1780991400.619367,9.521,-1.643,0.011,0.004,260.798,256.231,257.098
1780991400.6197708,9.127,-1.643,0.011,0.004,260.724,256.319,257.079
1780991400.6304011,8.451,-1.5,0.01,0.004,260.584,256.496,257.031
1780991400.6452742,7.606,-2.143,0.009,0.004,260.328,256.585,257.182
1780991400.6602721,7.549,-2.5,0.009,0.003,260.314,256.522,257.259
1780991400.6714969,6.873,-2.571,0.009,0.003,260.162,256.661,257.262
1780991400.686462,6.535,-2.786,0.008,0.003,260.09,256.69,257.302
1780991400.697622,6.197,-2.5,0.008,0.003,260.077,256.793,257.21
1780991400.712567,6.197,-2.5,0.008,0.003,260.077,256.793,257.21
1780991400.727454,5.239,-3.071,0.007,0.003,259.764,256.935,257.366
1780991400.7393851,4.225,-3.071,0.006,0.003,259.55,257.15,257.355
1780991400.7540832,3.549,-3.071,0.005,0.003,259.444,257.269,257.339
1780991400.768995,2.986,-3.071,0.005,0.003,259.343,257.375,257.33
1780991400.780087,2.873,-2.857,0.005,0.003,259.366,257.416,257.267
1780991400.794863,2.873,-2.857,0.005,0.003,259.366,257.416,257.267
1780991400.837857,1.296,-2.714,0.003,0.003,259.057,257.76,257.223
1780991400.838329,0.62,-2.286,0.003,0.004,258.994,257.942,257.104
1780991400.838712,0.338,-2.357,0.003,0.004,258.966,257.944,257.13
1780991400.8507001,-0.113,-2.0,0.002,0.004,258.952,258.053,257.036
1780991400.8618171,-0.394,-2.071,0.002,0.004,258.885,258.094,257.06
1780991400.8768342,-1.183,-1.5,0.001,0.005,258.8,258.33,256.911
1780991400.891775,-1.915,-1.357,0.001,0.005,258.679,258.472,256.891
1780991400.90359,-2.31,-0.643,0.0,0.006,258.722,258.611,256.714
1780991400.918669,-2.817,-0.429,-0.0,0.006,258.661,258.712,256.675
1780991400.933613,-3.606,0.0,-0.001,0.006,258.544,258.935,256.573
1780991400.948687,-3.887,0.286,-0.001,0.007,258.544,258.995,256.517
1780991400.959714,-4.451,0.429,-0.002,0.007,258.451,259.1,256.505
1780991400.974923,-5.183,1.786,-0.002,0.008,258.487,259.425,256.162
1780991400.9899158,-5.07,1.357,-0.002,0.007,258.465,259.3,256.302
1780991401.001035,-5.465,2.214,-0.002,0.008,258.507,259.474,256.096
1780991401.016271,-5.859,2.429,-0.003,0.009,258.451,259.557,256.072
1780991401.062062,-5.803,2.286,-0.003,0.008,258.454,259.484,256.138
1780991401.062539,-6.366,3.429,-0.003,0.01,258.487,259.756,255.851
1780991401.0629199,-6.366,3.429,-0.003,0.01,258.487,259.756,255.851
1780991401.0715919,-6.93,4.071,-0.004,0.01,258.441,259.978,255.688
1780991401.083392,-7.549,4.571,-0.004,0.011,258.37,260.15,255.597
1780991401.098558,-7.775,4.857,-0.004,0.011,258.366,260.195,255.559
1780991401.113538,-8.0,5.143,-0.005,0.011,258.356,260.263,255.505
1780991401.1285288,-8.225,5.643,-0.005,0.012,258.377,260.35,255.405
1780991401.1397388,-8.169,5.643,-0.005,0.011,258.395,260.295,255.439
1780991401.1547909,-8.507,5.857,-0.005,0.011,258.343,260.382,255.408
1780991401.169888,-8.507,6.357,-0.005,0.012,258.418,260.437,255.287
1780991401.181377,-8.732,6.929,-0.005,0.013,258.444,260.547,255.161
1780991401.196173,-9.127,6.929,-0.006,0.012,258.347,260.619,255.188
1780991401.2111402,-8.958,7.286,-0.005,0.013,258.439,260.603,255.115
1780991401.222315,-8.958,7.714,-0.005,0.013,258.495,260.648,255.022
1780991401.237348,-8.901,7.786,-0.005,0.013,258.513,260.632,255.019
1780991401.284398,-9.014,8.071,-0.005,0.014,258.517,260.691,254.962
1780991401.284961,-8.901,8.357,-0.005,0.014,258.578,260.691,254.904
1780991401.285346,-8.845,8.071,-0.005,0.013,258.544,260.626,254.995
1780991401.29375,-8.732,8.286,-0.005,0.014,258.596,260.626,254.947
1780991401.304898,-8.563,8.571,-0.005,0.014,258.666,260.623,254.884
1780991401.3198452,-8.225,8.857,-0.004,0.014,258.78,260.578,254.818
1780991401.33485,-8.113,8.714,-0.004,0.014,258.774,260.53,254.866
1780991401.349938,-8.056,8.571,-0.004,0.014,258.758,260.5,254.909
1780991401.3610282,-7.775,8.286,-0.004,0.013,258.776,260.397,254.986
1780991401.375776,-7.437,7.929,-0.004,0.013,258.797,260.272,255.081
1780991401.3909109,-7.437,7.929,-0.004,0.013,258.797,260.272,255.081
1780991401.4020019,-6.93,8.0,-0.003,0.013,258.926,260.17,255.052
1780991401.4170802,-6.197,7.5,-0.002,0.013,259.023,259.93,255.182
1780991401.432124,-6.085,7.286,-0.002,0.012,258.999,259.906,255.227
1780991401.4438121,-5.521,7.429,-0.002,0.013,259.141,259.819,255.174
1780991401.458977,-5.183,6.786,-0.001,0.012,259.111,259.677,255.333
1780991401.5063832,-4.845,6.5,-0.001,0.012,259.144,259.577,255.396
1780991401.506934,-4.507,6.357,-0.001,0.011,259.19,259.511,255.414
1780991401.507315,-3.718,5.714,0.0,0.011,259.28,259.263,255.562
1780991401.515095,-3.324,5.5,0.0,0.011,259.328,259.179,255.596
1780991401.525991,-2.93,5.357,0.001,0.011,259.39,259.089,255.621
1780991401.5409799,-2.254,5.429,0.001,0.011,259.549,258.974,255.581
1780991401.556044,-1.577,4.143,0.002,0.009,259.516,258.652,255.918
1780991401.567123,-1.07,4.071,0.003,0.009,259.609,258.575,255.904
1780991401.582168,-1.127,4.286,0.002,0.01,259.612,258.653,255.828
1780991401.597385,-0.225,4.571,0.003,0.01,259.856,258.511,255.735
1780991401.609154,0.113,4.5,0.004,0.01,259.898,258.462,255.742
1780991401.6241221,1.07,4.643,0.004,0.01,260.128,258.286,255.697
1780991401.6389408,0.901,4.429,0.004,0.01,260.029,258.325,255.751
1780991401.650274,1.746,4.143,0.005,0.01,260.173,258.115,255.82
1780991401.665035,2.366,4.214,0.006,0.01,260.331,257.987,255.796
1780991401.6763961,2.93,3.786,0.006,0.009,260.384,257.823,255.906
1780991401.7225611,3.38,3.857,0.007,0.009,260.468,257.775,255.875
1780991401.723098,3.831,3.857,0.007,0.009,260.542,257.715,255.864
1780991401.7234719,4.282,3.5,0.007,0.009,260.572,257.6,255.949
1780991401.73184,4.901,3.5,0.008,0.009,260.712,257.476,255.94
1780991401.746625,4.901,3.5,0.008,0.009,260.712,257.476,255.94
1780991401.75842,6.197,3.429,0.009,0.009,261.024,257.167,255.956
1780991401.773498,6.592,3.786,0.01,0.009,261.143,257.161,255.854
1780991401.78468,6.761,3.786,0.01,0.01,261.136,257.175,255.846
1780991401.7994921,7.493,2.786,0.01,0.008,261.138,256.905,256.109
1780991401.8149629,7.662,3.286,0.01,0.009,261.245,256.951,255.966
1780991401.82592,7.887,3.071,0.011,0.009,261.232,256.911,256.017
1780991401.84065,8.113,3.143,0.014,0.007,261.766,255.998,256.441
1780991401.8555012,8.113,3.143,0.014,0.007,261.766,255.998,256.441
1780991401.867108,8.113,3.143,0.014,0.007,261.766,255.998,256.441
1780991401.881349,10.197,1.286,0.016,0.005,261.972,255.357,256.904
1780991401.8928692,10.085,0.5,0.015,0.004,261.714,255.485,257.01
1780991401.938617,10.197,0.286,0.015,0.005,261.624,255.602,256.973
1780991401.939151,10.31,0.071,0.014,0.005,261.554,255.688,256.949
1780991401.93953,10.366,0.357,0.014,0.005,261.53,255.883,256.773
1780991401.949287,10.648,0.786,0.014,0.006,261.622,255.958,256.613
1780991401.964409,10.423,1.214,0.013,0.007,261.587,256.136,256.465
1780991401.975487,10.31,1.071,0.013,0.007,261.489,256.216,256.474
1780991401.990529,10.535,1.5,0.013,0.007,261.577,256.273,256.337
1780991402.005599,10.535,1.5,0.013,0.007,261.549,256.31,256.326
1780991402.016789,10.423,2.0,0.013,0.008,261.581,256.421,256.186
1780991402.032059,10.366,1.714,0.012,0.008,261.506,256.411,256.263
1780991402.046953,10.423,2.357,0.013,0.008,261.608,256.496,256.087
1780991402.058692,10.141,2.286,0.012,0.008,261.513,256.555,256.114
1780991402.073696,10.141,2.643,0.012,0.009,261.562,256.602,256.023
1780991402.088566,9.915,2.786,0.012,0.009,261.52,256.666,255.998
1780991402.099691,9.746,3.214,0.012,0.009,261.539,256.753,255.894
1780991402.115058,9.577,3.429,0.012,0.009,261.527,256.808,255.851
1780991402.1551769,9.465,3.643,0.011,0.01,261.529,256.852,255.807
1780991402.155575,9.127,3.857,0.011,0.01,261.473,256.95,255.761
1780991402.155961,8.507,4.357,0.01,0.01,261.391,257.15,255.639
1780991402.166909,8.113,4.786,0.01,0.011,261.362,257.271,255.547
1780991402.182091,8.0,4.571,0.01,0.011,261.307,257.246,255.621
1780991402.1968582,7.437,5.071,0.009,0.011,261.249,257.421,255.505
1780991402.208631,7.099,5.143,0.009,0.011,261.188,257.477,255.505
1780991402.223825,7.099,5.214,0.009,0.011,261.211,257.464,255.497
1780991402.263756,6.592,5.286,0.009,0.011,261.11,257.569,255.487
1780991402.2641869,5.859,5.286,0.008,0.011,260.942,257.716,255.497
1780991402.2650251,5.577,5.714,0.008,0.012,260.96,257.809,255.391
1780991402.276178,5.07,5.357,0.007,0.011,260.792,257.858,255.498
1780991402.29108,4.901,5.857,0.007,0.012,260.852,257.936,255.368
1780991402.306091,3.944,5.857,0.006,0.012,260.631,258.135,255.379
1780991402.3173592,3.718,6.0,0.006,0.012,260.624,258.175,255.347
1780991402.332314,3.493,6.286,0.006,0.012,260.624,258.251,255.274
1780991402.344008,2.873,6.357,0.005,0.012,260.501,258.375,255.269
1780991402.3589199,2.254,6.357,0.005,0.012,260.369,258.491,255.279
1780991402.3740969,1.69,6.5,0.004,0.012,260.266,258.625,255.247
1780991402.3854249,1.296,6.357,0.004,0.012,260.183,258.665,255.286
1780991402.400573,0.507,6.714,0.003,0.012,260.07,258.875,255.191
1780991402.415581,-0.056,6.357,0.002,0.012,259.909,258.924,255.294
1780991402.426666,-0.056,6.214,0.003,0.012,259.912,258.879,255.334
1780991402.441685,-0.676,6.5,0.002,0.012,259.826,259.043,255.259
1780991402.4862452,-1.127,6.5,0.002,0.012,259.748,259.12,255.26
1780991402.486872,-1.69,6.214,0.001,0.012,259.6,259.186,255.335
1780991402.487264,-2.085,6.286,0.001,0.012,259.535,259.273,255.314
1780991402.498521,-2.366,6.643,0.0,0.012,259.551,259.361,255.217
1780991402.509461,-3.155,6.214,-0.0,0.012,259.32,259.467,255.333
1780991402.5244448,-3.211,6.5,-0.0,0.012,259.382,259.49,255.254
1780991402.5396092,-3.718,6.214,-0.001,0.012,259.234,259.558,255.329
1780991402.5507588,-4.056,5.929,-0.001,0.012,259.143,259.572,255.402
1780991402.5658581,-4.563,6.071,-0.002,0.012,259.07,259.694,255.356
1780991402.5806851,-4.901,5.786,-0.002,0.011,258.977,259.711,255.428
1780991402.591855,-5.577,6.0,-0.002,0.012,258.869,259.893,255.36
1780991402.607008,-5.408,5.786,-0.002,0.011,258.902,259.801,255.415
1780991402.622066,-6.028,5.5,-0.003,0.011,258.738,259.897,255.481
1780991402.633985,-6.366,5.071,-0.003,0.011,258.623,259.901,255.586
1780991402.649044,-6.93,4.857,-0.004,0.011,258.486,259.997,255.627
1780991402.664137,-7.099,4.714,-0.004,0.01,258.445,260.007,255.657
1780991402.7074182,-6.986,4.5,-0.004,0.01,258.473,259.933,255.698
1780991402.7078662,-7.38,4.286,-0.004,0.01,258.373,259.992,255.74
1780991402.70825,-7.437,3.643,-0.004,0.009,258.294,259.904,255.898
1780991402.719769,-7.549,3.786,-0.004,0.01,258.303,259.948,255.848
1780991402.7309482,-8.0,3.143,-0.005,0.009,258.124,259.966,256.003
1780991402.745874,-8.056,3.0,-0.004,0.009,258.12,259.957,256.015
1780991402.760951,-8.056,2.786,-0.004,0.009,258.113,259.926,256.052
1780991402.7722461,-8.169,2.5,-0.005,0.008,258.063,259.913,256.112
1780991402.7872052,-8.451,2.786,-0.005,0.009,258.045,260.029,256.02
1780991402.802219,-8.225,2.714,-0.005,0.009,258.103,259.959,256.03
1780991402.814101,-8.62,4.0,-0.005,0.01,258.191,260.24,255.684
1780991402.829082,-8.282,3.929,-0.005,0.01,258.26,260.132,255.718
1780991402.844186,-8.0,4.214,-0.004,0.01,258.366,260.097,255.65
1780991402.8554728,-8.056,4.357,-0.004,0.01,258.361,260.124,255.629
1780991402.870681,-7.831,4.786,-0.004,0.011,258.47,260.124,255.525
1780991402.885355,-7.662,4.929,-0.004,0.011,258.517,260.1,255.502
1780991402.931125,-7.775,5.429,-0.004,0.012,258.551,260.202,255.376
1780991402.9316878,-7.437,5.143,-0.004,0.011,258.577,260.073,255.471
1780991402.9320698,-7.211,5.714,-0.003,0.012,258.7,260.102,255.328
1780991402.941134,-7.042,5.429,-0.003,0.011,258.678,260.023,255.421
1780991402.9522932,-6.141,5.857,-0.002,0.012,258.942,259.863,255.32
1780991402.9674501,-6.254,5.929,-0.002,0.012,258.905,259.91,255.311
1780991402.982313,-5.859,6.5,-0.002,0.013,259.058,259.905,255.172
1780991402.994077,-5.69,6.429,-0.002,0.012,259.061,259.863,255.208
1780991403.009237,-5.296,6.429,-0.002,0.012,259.132,259.775,255.223
1780991403.0243368,-5.07,6.643,-0.001,0.013,259.202,259.761,255.17
1780991403.035445,-4.62,6.857,-0.001,0.013,259.318,259.697,255.122
1780991403.050594,-4.507,6.857,-0.001,0.013,259.319,259.686,255.131
1780991403.065581,-3.493,6.929,0.0,0.013,259.558,259.46,255.119
1780991403.0766861,-3.606,7.0,-0.0,0.013,259.516,259.517,255.103
1780991403.091403,-2.986,7.286,0.001,0.013,259.68,259.429,255.034
1780991403.10658,-2.592,7.286,0.001,0.013,259.747,259.355,255.04
1780991403.15029,-2.028,7.143,0.001,0.013,259.838,259.222,255.081
1780991403.150761,-1.972,7.0,0.001,0.013,259.811,259.205,255.121
1780991403.151145,-1.296,6.929,0.002,0.013,259.942,259.053,255.142
1780991403.159622,-0.845,6.5,0.003,0.012,259.968,258.91,255.253
1780991403.174746,-0.169,6.929,0.003,0.013,260.172,258.839,255.133
1780991403.189666,0.394,6.929,0.004,0.013,260.282,258.734,255.13
1780991403.200852,0.62,6.929,0.004,0.013,260.315,258.702,255.13
1780991403.2158442,1.352,6.643,0.005,0.012,260.428,258.514,255.204
1780991403.230745,1.296,6.571,0.004,0.012,260.376,258.554,255.214
1780991403.242133,1.915,6.429,0.005,0.012,260.498,258.401,255.247
1780991403.2570822,2.423,5.929,0.006,0.012,260.526,258.241,255.373
1780991403.268987,2.93,6.071,0.006,0.012,260.65,258.175,255.323
1780991403.2841642,3.775,6.143,0.007,0.012,260.85,258.017,255.292
1780991403.29903,3.718,5.571,0.007,0.011,260.728,257.978,255.44
1780991403.310407,4.225,5.286,0.007,0.011,260.791,257.854,255.502
1780991403.3253162,4.62,5.429,0.007,0.011,260.896,257.813,255.447
1780991403.370817,5.014,5.143,0.008,0.011,260.931,257.709,255.514
1780991403.371302,5.296,5.357,0.008,0.011,261.019,257.689,255.453
1780991403.3716748,5.746,5.286,0.009,0.011,261.102,257.603,255.461
1780991403.378151,6.31,4.929,0.009,0.011,261.169,257.45,255.548
1780991403.3931038,6.423,5.286,0.009,0.011,261.234,257.497,255.445
1780991403.408104,7.155,4.929,0.01,0.011,261.342,257.3,255.537
1780991403.4193668,7.38,4.929,0.01,0.011,261.373,257.277,255.531
1780991403.434429,7.775,4.786,0.01,0.011,261.429,257.189,255.566
1780991403.449319,8.0,4.714,0.011,0.011,261.463,257.144,255.58
1780991403.4605792,8.056,4.5,0.01,0.011,261.428,257.128,255.627
1780991403.4753,8.394,4.571,0.011,0.011,261.511,257.078,255.6
1780991403.486845,8.563,4.643,0.011,0.011,261.557,257.063,255.575
1780991403.501786,9.127,4.071,0.012,0.01,261.607,256.866,255.721
1780991403.5169332,9.465,3.929,0.012,0.01,261.658,256.796,255.745
1780991403.5286138,9.746,3.286,0.012,0.009,261.621,256.668,255.904
1780991403.5437162,9.803,3.286,0.012,0.009,261.63,256.675,255.89
1780991403.5879092,9.972,3.143,0.012,0.009,261.643,256.641,255.911
1780991403.588476,10.141,3.071,0.012,0.009,261.674,256.61,255.913
1780991403.5888891,10.254,2.786,0.012,0.009,261.657,256.562,255.977
1780991403.595909,10.254,2.929,0.012,0.009,261.675,256.594,255.928
1780991403.610816,10.028,2.429,0.012,0.009,261.536,256.594,256.054
1780991403.6258051,10.535,2.429,0.013,0.009,261.671,256.484,256.041
1780991403.637044,10.535,2.286,0.013,0.009,261.651,256.477,256.066
1780991403.65219,10.366,2.429,0.012,0.009,261.627,256.545,256.021
1780991403.667058,10.423,2.286,0.012,0.009,261.622,256.52,256.05
1780991403.6789749,10.366,2.429,0.012,0.009,261.632,256.557,256.004
1780991403.694093,10.366,2.071,0.012,0.008,261.584,256.51,256.094
1780991403.709186,10.028,2.0,0.012,0.008,261.489,256.583,256.108
1780991403.7202282,9.859,1.786,0.012,0.008,261.423,256.594,256.157
1780991403.7353148,9.915,1.571,0.012,0.008,261.418,256.55,256.206
1780991403.750358,9.859,1.429,0.012,0.008,261.393,256.542,256.236
1780991403.761733,9.465,1.143,0.011,0.007,261.257,256.596,256.307
1780991403.805919,9.521,1.286,0.012,0.008,261.313,256.597,256.255
1780991403.8063622,8.845,0.929,0.011,0.007,261.102,256.705,256.34
1780991403.806744,8.451,0.786,0.01,0.007,261.009,256.766,256.365
1780991403.818252,8.451,0.571,0.01,0.007,260.994,256.73,256.415
1780991403.82938,8.789,0.5,0.011,0.007,261.094,256.628,256.424
1780991403.8444211,8.282,0.786,0.01,0.007,261.021,256.782,256.338
1780991403.8594549,7.606,0.429,0.01,0.007,260.806,256.886,256.434
1780991403.870708,7.606,0.643,0.01,0.007,260.864,256.901,256.365
1780991403.88564,7.211,0.857,0.009,0.007,260.818,257.01,256.3
1780991403.8972118,6.817,0.643,0.009,0.007,260.704,257.056,256.36
1780991403.911936,6.592,0.643,0.009,0.007,260.661,257.094,256.361
1780991403.926971,6.197,1.0,0.008,0.008,260.637,257.216,256.264
1780991403.938734,5.746,0.643,0.008,0.007,260.494,257.248,256.365
1780991403.953862,5.352,0.786,0.008,0.007,260.44,257.339,256.326
1780991403.968888,4.732,0.786,0.007,0.007,260.302,257.471,256.325
1780991403.9800398,4.563,0.786,0.007,0.007,260.288,257.484,256.325
1780991404.025449,3.662,0.643,0.006,0.007,260.064,257.653,256.369
1780991404.026036,3.493,1.071,0.006,0.008,260.108,257.733,256.25
1780991404.0264251,3.38,0.714,0.006,0.007,260.052,257.681,256.353
1780991404.035981,2.93,1.214,0.005,0.008,260.033,257.835,256.22
1780991404.047033,2.704,1.357,0.005,0.008,260.019,257.884,256.187
1780991404.062264,2.085,1.5,0.005,0.008,259.901,258.036,256.149
1780991404.077039,1.746,2.0,0.004,0.009,259.911,258.154,256.025
1780991404.088856,1.014,2.071,0.004,0.009,259.759,258.308,256.02
1780991404.10396,0.845,2.214,0.004,0.009,259.764,258.33,255.994
1780991404.1151848,0.62,2.5,0.003,0.009,259.762,258.402,255.927
1780991404.129784,0.394,2.5,0.003,0.009,259.725,258.422,255.942
1780991404.144772,0.169,2.857,0.003,0.01,259.726,258.519,255.848
1780991404.155904,0.169,2.857,0.003,0.01,259.726,258.519,255.848
1780991404.170828,-1.07,4.214,0.001,0.011,259.616,259.009,255.486
1780991404.1858401,-1.183,4.214,0.002,0.011,259.611,258.971,255.526
1780991404.1972558,-1.634,4.357,0.001,0.011,259.539,259.057,255.513
1780991404.2428632,-1.465,4.0,0.001,0.011,259.543,258.934,255.625
1780991404.243326,-2.254,2.786,0.001,0.009,259.198,258.926,255.957
1780991404.243721,-2.423,2.643,0.001,0.009,259.172,258.923,255.984
1780991404.253571,-2.704,2.357,0.0,0.009,259.096,258.934,256.046
1780991404.268422,-3.268,2.286,-0.0,0.009,258.966,259.052,256.057
1780991404.2793221,-3.38,1.929,-0.0,0.008,258.908,259.018,256.145
1780991404.2941608,-3.38,1.929,-0.0,0.008,258.908,259.018,256.145
1780991404.3092248,-4.0,1.786,-0.001,0.008,258.745,259.147,256.178
1780991404.3203351,-4.563,1.5,-0.002,0.008,258.609,259.22,256.239
1780991404.335413,-4.789,1.5,-0.002,0.008,258.591,259.252,256.226
1780991404.350341,-4.62,1.643,-0.001,0.008,258.685,259.212,256.174
1780991404.361554,-5.127,1.214,-0.002,0.008,258.513,259.271,256.282
1780991404.376549,-5.352,1.071,-0.002,0.007,258.465,259.292,256.308
1780991404.391415,-5.07,1.071,-0.002,0.008,258.558,259.21,256.297
1780991404.4064589,-5.408,0.857,-0.002,0.007,258.463,259.256,256.345
1780991404.418217,-5.69,1.214,-0.002,0.008,258.464,259.369,256.236
1780991404.4649842,-5.803,1.214,-0.002,0.008,258.449,259.389,256.233
1780991404.465535,-5.803,0.714,-0.002,0.007,258.395,259.305,256.364
1780991404.465924,-6.028,0.929,-0.002,0.008,258.385,259.385,256.298
1780991404.4741042,-6.085,0.857,-0.002,0.007,258.372,259.383,256.312
1780991404.4891222,-6.028,1.0,-0.002,0.008,258.413,259.386,256.27
1780991404.500184,-6.366,0.571,-0.003,0.007,258.277,259.406,256.382
1780991404.515392,-6.141,0.714,-0.002,0.007,258.361,259.366,256.339
1780991404.530281,-6.028,0.929,-0.002,0.008,258.426,259.365,256.277
1780991404.541431,-6.423,0.714,-0.003,0.007,258.296,259.434,256.337
1780991404.556284,-6.141,0.643,-0.002,0.007,258.356,259.352,256.356
1780991404.57134,-6.085,0.857,-0.002,0.008,258.402,259.37,256.296
1780991404.582657,-6.141,0.786,-0.002,0.007,258.377,259.374,256.316
1780991404.5983858,-5.859,0.786,-0.002,0.007,258.446,259.303,256.317
1780991404.613303,-5.972,0.929,-0.002,0.008,258.439,259.353,256.277
1780991404.628216,-5.634,1.071,-0.002,0.008,258.537,259.291,256.24
1780991404.639551,-5.521,0.643,-0.002,0.007,258.495,259.208,256.36
1780991404.6846468,-5.465,0.857,-0.002,0.007,258.529,259.233,256.303
1780991404.68513,-5.577,1.357,-0.002,0.008,258.567,259.34,256.166
1780991404.685513,-5.239,1.286,-0.002,0.008,258.633,259.249,256.189
1780991404.695315,-5.014,1.071,-0.001,0.008,258.644,259.171,256.252
1780991404.710256,-4.676,1.214,-0.001,0.008,258.732,259.118,256.218
1780991404.721372,-4.507,1.429,-0.001,0.008,258.795,259.115,256.16
1780991404.736309,-4.169,1.286,-0.0,0.008,258.842,259.023,256.203
1780991404.751363,-3.718,1.286,0.0,0.008,258.934,258.927,256.208
1780991404.762558,-3.437,2.0,0.0,0.009,259.083,258.975,256.019
1780991404.778226,-2.761,1.571,0.001,0.008,259.174,258.756,256.142
1780991404.793201,-2.704,2.214,0.001,0.009,259.249,258.854,255.977
1780991404.8043861,-2.31,2.5,0.001,0.009,259.359,258.814,255.912
1780991404.819384,-1.69,3.857,0.002,0.011,259.679,258.87,255.558
1780991404.834323,-1.352,4.143,0.002,0.011,259.789,258.829,255.494
1780991404.845734,-1.352,4.429,0.002,0.011,259.779,258.88,255.456
1780991404.860506,-1.352,4.071,0.002,0.011,259.69,258.834,255.582
1780991404.906815,-1.352,4.286,0.002,0.011,259.712,258.867,255.53
1780991404.907358,-1.352,4.286,0.002,0.011,259.712,258.867,255.53
1780991404.907736,-0.113,2.786,0.003,0.009,259.787,258.362,255.941
1780991404.916376,0.563,2.5,0.004,0.009,259.886,258.2,256.005
1780991404.928206,0.958,2.286,0.004,0.009,259.929,258.115,256.046
1780991404.9431071,1.014,2.071,0.004,0.008,259.895,258.099,256.094
1780991404.954239,1.465,1.714,0.005,0.008,259.935,257.976,256.176
1780991404.969194,2.141,1.857,0.005,0.008,260.106,257.864,256.124
1780991404.984206,2.141,1.929,0.005,0.008,260.1,257.896,256.098
1780991404.9953542,2.761,1.357,0.006,0.008,260.157,257.687,256.249
1780991405.010546,3.493,1.714,0.007,0.008,260.367,257.596,256.143
1780991405.025557,3.775,1.214,0.007,0.008,260.336,257.493,256.272
1780991405.036785,3.887,1.5,0.007,0.008,260.39,257.531,256.185
1780991405.051538,4.282,1.786,0.007,0.008,260.515,257.497,256.102
1780991405.0634828,4.676,1.143,0.008,0.008,260.498,257.343,256.268
1780991405.078659,4.789,0.929,0.008,0.007,260.474,257.315,256.318
1780991405.126389,5.127,0.786,0.008,0.007,260.528,257.232,256.349
1780991405.126963,5.465,0.786,0.008,0.007,260.596,257.18,256.337
1780991405.127352,6.085,1.0,0.009,0.008,260.764,257.088,256.273
1780991405.13449,6.254,0.786,0.009,0.007,260.762,257.034,256.329
1780991405.145738,6.423,0.643,0.009,0.007,260.762,256.999,256.362
1780991405.1606882,6.761,0.857,0.01,0.008,260.862,256.972,256.296
1780991405.171663,6.93,0.643,0.01,0.007,260.854,256.921,256.355
1780991405.186822,7.155,1.0,0.01,0.008,260.954,256.929,256.255
1780991405.201704,7.38,1.0,0.01,0.008,260.993,256.893,256.254
1780991405.213598,7.606,1.071,0.01,0.008,261.045,256.867,256.232
1780991405.22868,7.662,1.357,0.01,0.008,261.091,256.902,256.155
1780991405.2435122,8.282,0.786,0.011,0.007,261.148,256.691,256.312
1780991405.254844,8.169,0.929,0.011,0.008,261.122,256.757,256.27
1780991405.269797,8.056,1.357,0.011,0.008,261.145,256.855,256.152
1780991405.281039,8.056,1.5,0.01,0.008,261.161,256.874,256.119
1780991405.2962072,7.887,2.071,0.01,0.009,261.192,256.989,255.978
1780991405.341145,7.887,2.5,0.01,0.009,261.244,257.041,255.879
1780991405.341665,7.718,2.643,0.01,0.009,261.211,257.087,255.865
1780991405.342033,7.775,3.143,0.01,0.01,261.296,257.132,255.743
1780991405.352135,7.831,3.786,0.01,0.011,261.4,257.191,255.592
1780991405.363889,7.775,4.071,0.01,0.011,261.416,257.229,255.54
1780991405.3789718,7.718,4.286,0.01,0.011,261.424,257.262,255.501
1780991405.3900568,7.662,4.714,0.01,0.011,261.462,257.322,255.409
1780991405.405107,7.662,4.643,0.01,0.011,261.439,257.296,255.453
1780991405.4201112,7.437,5.214,0.01,0.012,261.457,257.415,255.322
1780991405.431325,7.268,5.357,0.01,0.012,261.429,257.465,255.3
1780991405.4464169,7.211,5.786,0.01,0.012,261.474,257.52,255.206
1780991405.4614432,7.042,5.929,0.009,0.012,261.445,257.561,255.192
1780991405.473398,6.873,6.214,0.009,0.013,261.442,257.621,255.138
1780991405.488443,6.817,6.5,0.009,0.013,261.47,257.66,255.075
1780991405.4998488,6.479,6.786,0.009,0.013,261.428,257.76,255.017
1780991405.514772,6.423,6.643,0.009,0.013,261.393,257.734,255.073
1780991405.561501,6.254,6.5,0.009,0.013,261.332,257.744,255.118
1780991405.561964,5.915,7.0,0.008,0.013,261.327,257.878,254.995
1780991405.562347,5.239,7.143,0.008,0.013,261.184,258.042,254.967
1780991405.570575,5.352,6.857,0.008,0.013,261.186,257.951,255.052
1780991405.581832,4.958,6.929,0.007,0.013,261.102,258.044,255.039
1780991405.596701,4.676,6.857,0.007,0.013,261.038,258.081,255.061
1780991405.608649,4.225,7.286,0.007,0.014,261.005,258.23,254.949
1780991405.6238542,3.775,7.071,0.006,0.013,260.878,258.285,255.012
1780991405.638725,3.718,6.357,0.006,0.012,260.777,258.181,255.202
1780991405.649913,3.155,6.857,0.006,0.013,260.729,258.368,255.068
1780991405.664917,2.873,6.786,0.006,0.013,260.676,258.406,255.08
1780991405.68008,2.479,7.0,0.005,0.013,260.635,258.512,255.017
1780991405.691274,2.085,6.571,0.005,0.013,260.49,258.532,255.131
1780991405.706392,1.577,6.571,0.004,0.013,260.391,258.636,255.122
1780991405.717462,1.296,6.5,0.004,0.013,260.341,258.672,255.134
1780991405.7326348,1.014,6.071,0.004,0.012,260.226,258.666,255.245
1780991405.779742,0.563,6.143,0.003,0.012,260.156,258.766,255.215
1780991405.780204,0.0,6.071,0.003,0.012,260.035,258.871,255.228
1780991405.78059,-0.394,6.071,0.002,0.012,259.97,258.944,255.22
1780991405.7890959,-0.62,5.786,0.002,0.012,259.894,258.943,255.291
1780991405.800281,-1.239,4.571,0.002,0.011,259.599,258.9,255.605
1780991405.815347,-1.352,4.286,0.002,0.01,259.557,258.88,255.663
1780991405.830275,-1.746,5.429,0.001,0.012,259.66,259.125,255.336
1780991405.841494,-1.972,5.714,0.001,0.012,259.662,259.205,255.26
1780991405.856353,-2.141,5.5,0.001,0.012,259.613,259.189,255.32
1780991405.871486,-2.479,5.643,0.001,0.012,259.569,259.272,255.283
1780991405.883471,-2.873,6.143,0.0,0.013,259.56,259.42,255.153
1780991405.898261,-3.042,6.071,0.0,0.013,259.521,259.436,255.174
1780991405.9093602,-3.211,6.214,0.0,0.013,259.517,259.476,255.141
1780991405.9244952,-3.775,6.5,-0.0,0.013,259.434,259.638,255.068
1780991405.93932,-4.113,6.143,-0.001,0.013,259.317,259.646,255.169
1780991405.9543848,-4.225,6.429,-0.001,0.013,259.343,259.701,255.094
1780991406.0028522,-4.507,6.214,-0.001,0.013,259.261,259.72,255.154
1780991406.003371,-4.901,6.071,-0.001,0.012,259.16,259.777,255.195
1780991406.0037491,-4.845,6.286,-0.001,0.013,259.222,259.773,255.14
1780991406.006643,-5.07,6.143,-0.002,0.013,259.155,259.8,255.178
1780991406.021543,-5.408,5.929,-0.002,0.012,259.057,259.838,255.235
1780991406.036524,-5.521,5.786,-0.002,0.012,259.025,259.834,255.269
1780991406.048331,-5.577,5.929,-0.002,0.012,259.049,259.858,255.224
1780991406.0632498,-5.803,5.571,-0.002,0.012,258.95,259.857,255.318
1780991406.078252,-6.028,5.429,-0.002,0.012,258.891,259.89,255.343
1780991406.089474,-6.028,5.071,-0.002,0.011,258.857,259.833,255.427
1780991406.104652,-6.085,4.571,-0.002,0.011,258.788,259.773,255.549
1780991406.1195269,-6.366,4.5,-0.003,0.011,258.724,259.839,255.548
1780991406.131078,-6.254,4.143,-0.003,0.01,258.714,259.759,255.632
1780991406.145719,-6.254,4.0,-0.003,0.01,258.711,259.743,255.65
1780991406.160695,-6.366,3.714,-0.003,0.01,258.655,259.733,255.712
1780991406.175703,-5.972,3.5,-0.002,0.01,258.734,259.611,255.751
1780991406.2220101,-6.028,3.643,-0.002,0.01,258.747,259.652,255.7
1780991406.222448,-6.423,3.214,-0.003,0.01,258.594,259.701,255.8
1780991406.2228742,-5.972,2.714,-0.002,0.009,258.647,259.524,255.915
1780991406.228338,-5.859,2.357,-0.002,0.009,258.633,259.461,255.988
1780991406.243416,-5.634,2.357,-0.002,0.009,258.689,259.416,255.976
1780991406.2583091,-5.521,2.214,-0.002,0.009,258.697,259.386,255.997
1780991406.269469,-5.577,1.643,-0.002,0.008,258.602,259.335,256.136
1780991406.2844002,-5.634,2.286,-0.002,0.009,258.685,259.454,255.945
1780991406.299479,-5.69,2.071,-0.002,0.009,258.641,259.446,255.994
1780991406.3107278,-5.408,1.643,-0.002,0.008,258.651,259.319,256.105
1780991406.325614,-4.958,1.643,-0.001,0.008,258.769,259.216,256.089
1780991406.34078,-4.845,1.429,-0.001,0.008,258.758,259.179,256.135
1780991406.3520372,-4.394,1.214,-0.001,0.008,258.833,259.056,256.18
1780991406.367197,-4.338,0.429,-0.001,0.007,258.729,258.946,256.385
1780991406.3818681,-4.225,0.714,-0.0,0.008,258.794,258.984,256.287
1780991406.396905,-4.0,0.571,-0.0,0.007,258.82,258.929,256.314
1780991406.4426072,-3.38,0.429,0.0,0.007,258.943,258.776,256.342
1780991406.4431412,-3.38,0.286,0.0,0.007,258.914,258.773,256.374
1780991406.443538,-2.93,0.5,0.001,0.007,259.043,258.717,256.304
1780991406.449613,-2.31,0.5,0.001,0.008,259.18,258.587,256.297
1780991406.464423,-2.085,0.071,0.002,0.007,259.155,258.496,256.41
1780991406.479404,-1.803,-0.071,0.002,0.007,259.193,258.424,256.443
1780991406.4905112,-1.465,0.071,0.002,0.007,259.28,258.389,256.393
1780991406.505431,-1.352,0.0,0.002,0.007,259.279,258.376,256.407
1780991406.516418,-1.014,0.143,0.003,0.007,259.365,258.338,256.363
1780991406.531698,-0.563,-0.286,0.003,0.007,259.402,258.182,256.479
1780991406.5466292,-0.394,0.286,0.003,0.007,259.508,258.245,256.317
1780991406.558445,0.451,0.214,0.004,0.007,259.692,258.042,256.34
1780991406.573458,0.789,0.143,0.004,0.007,259.734,257.976,256.364
1780991406.588469,0.845,0.857,0.004,0.008,259.831,258.082,256.17
1780991406.5995169,1.127,0.786,0.004,0.008,259.859,258.026,256.199
1780991406.614954,1.803,1.143,0.005,0.008,260.051,257.932,256.11
1780991406.661543,1.972,1.214,0.005,0.008,260.083,257.915,256.096
1780991406.662059,2.254,0.786,0.006,0.008,260.061,257.804,256.224
1780991406.662431,2.761,1.214,0.006,0.008,260.226,257.763,256.11
1780991406.666709,3.211,1.214,0.006,0.008,260.314,257.673,256.116
1780991406.6816819,3.493,1.143,0.007,0.008,260.354,257.61,256.14
1780991406.696573,3.549,1.5,0.007,0.009,260.391,257.668,256.05
1780991406.708278,4.169,1.5,0.007,0.009,260.519,257.535,256.06
1780991406.723402,4.282,1.643,0.007,0.009,260.539,257.549,256.028
1780991406.738404,4.451,1.571,0.007,0.009,260.558,257.508,256.052
1780991406.749705,4.732,1.643,0.008,0.009,260.619,257.463,256.039
1780991406.76449,5.07,1.643,0.008,0.009,260.684,257.396,256.045
1780991406.7756329,5.239,1.857,0.008,0.009,260.745,257.396,255.987
1780991406.79041,5.239,1.857,0.008,0.009,260.745,257.396,255.987
1780991406.8054242,6.085,1.786,0.009,0.009,260.945,257.187,256.009
1780991406.816662,6.31,2.071,0.009,0.009,261.022,257.191,255.934
1780991406.831994,6.31,2.214,0.009,0.009,261.009,257.233,255.904
1780991406.876728,6.592,2.071,0.009,0.009,261.032,257.165,255.95
1780991406.8771882,6.817,2.071,0.01,0.009,261.069,257.125,255.956
1780991406.877559,6.761,2.286,0.01,0.009,261.073,257.177,255.901
1780991406.884187,6.817,2.429,0.01,0.009,261.088,257.192,255.873
1780991406.899169,7.324,2.5,0.01,0.009,261.215,257.085,255.862
1780991406.914282,7.38,2.786,0.01,0.01,261.254,257.122,255.79
1780991406.925298,7.155,2.857,0.01,0.01,261.196,257.191,255.776
1780991406.9404118,7.493,2.929,0.01,0.01,261.282,257.125,255.763
1780991406.9552598,7.437,3.071,0.01,0.01,261.277,257.164,255.729
1780991406.9665742,7.268,3.143,0.01,0.01,261.236,257.218,255.714
1780991406.981534,7.549,3.5,0.01,0.011,261.352,257.199,255.627
1780991406.993571,7.831,3.5,0.01,0.01,261.412,257.131,255.639
1780991407.0084102,7.662,3.714,0.01,0.011,261.389,257.199,255.593
1780991407.023471,7.549,3.929,0.01,0.011,261.385,257.255,255.543
1780991407.034822,7.493,4.5,0.01,0.012,261.445,257.34,255.406
1780991407.049644,7.437,4.5,0.01,0.011,261.422,257.345,255.422
1780991407.094653,7.324,4.429,0.01,0.011,261.378,257.357,255.45
1780991407.09511,7.606,4.5,0.01,0.011,261.461,257.29,255.44
1780991407.0954938,7.099,4.214,0.01,0.011,261.284,257.369,255.522
1780991407.1018019,7.099,4.286,0.01,0.011,261.299,257.374,255.505
1780991407.1169019,7.155,4.357,0.01,0.011,261.329,257.364,255.487
1780991407.131948,6.704,4.429,0.009,0.011,261.229,257.479,255.466
1780991407.143445,6.986,4.0,0.01,0.011,261.249,257.341,255.581
1780991407.1586392,6.648,3.857,0.009,0.011,261.148,257.4,255.615
1780991407.173666,6.704,3.643,0.009,0.01,261.141,257.354,255.668
1780991407.1850271,6.141,3.5,0.009,0.01,260.988,257.463,255.7
1780991407.1996071,6.197,3.0,0.009,0.01,260.941,257.376,255.828
1780991407.210882,6.197,3.0,0.009,0.01,260.941,257.376,255.828
1780991407.225206,6.197,3.0,0.009,0.01,260.941,257.376,255.828
1780991407.2399669,6.197,3.0,0.009,0.01,260.941,257.376,255.828
1780991407.251242,6.197,3.0,0.009,0.01,260.941,257.376,255.828
1780991407.266189,4.845,2.643,0.007,0.009,260.582,257.64,255.9
1780991407.311636,4.394,2.5,0.007,0.009,260.492,257.707,255.918
1780991407.312159,4.507,2.571,0.007,0.009,260.569,257.669,255.884
1780991407.312532,3.775,1.929,0.006,0.009,260.308,257.748,256.048
1780991407.31889,3.493,1.714,0.006,0.008,260.241,257.774,256.086
1780991407.3338199,3.211,1.5,0.006,0.008,260.175,257.797,256.124
1780991407.348683,3.268,1.071,0.006,0.008,260.149,257.715,256.229
1780991407.359762,2.704,0.857,0.005,0.008,260.009,257.813,256.265
1780991407.374922,2.366,0.714,0.005,0.008,259.935,257.865,256.283
1780991407.389854,2.028,0.5,0.005,0.007,259.855,257.901,256.324
1780991407.4010901,1.746,0.5,0.005,0.007,259.806,257.959,256.313
1780991407.416072,1.296,0.357,0.004,0.007,259.705,258.035,256.335
1780991407.427315,1.183,0.357,0.004,0.007,259.706,258.046,256.323
1780991407.4422169,0.958,0.071,0.004,0.007,259.625,258.051,256.394
1780991407.4573581,0.732,-0.214,0.004,0.007,259.552,258.052,256.463
1780991407.4690828,0.676,-0.071,0.004,0.007,259.587,258.073,256.409
1780991407.4841821,0.0,-0.071,0.003,0.007,259.441,258.222,256.402
1780991407.532008,-0.169,-0.143,0.003,0.007,259.406,258.242,256.416
1780991407.532546,-0.451,-0.357,0.003,0.007,259.331,258.262,256.469
1780991407.5329332,-0.958,-0.214,0.002,0.007,259.252,258.388,256.422
1780991407.539928,-1.014,-0.286,0.002,0.007,259.249,258.374,256.438
1780991407.551069,-1.239,0.0,0.002,0.007,259.247,258.461,256.355
1780991407.566188,-1.69,-0.071,0.001,0.007,259.141,258.543,256.377
1780991407.5812109,-2.085,0.0,0.001,0.007,259.073,258.63,256.358
1780991407.592333,-2.085,0.286,0.001,0.008,259.128,258.651,256.286
1780991407.6071591,-2.31,0.5,0.001,0.008,259.112,258.726,256.23
1780991407.622251,-2.592,0.786,0.001,0.008,259.095,258.816,256.159
1780991407.634162,-2.648,0.5,0.001,0.008,259.051,258.769,256.246
1780991407.648973,-2.986,0.5,0.0,0.008,258.978,258.838,256.25
1780991407.663915,-2.93,0.714,0.0,0.008,259.031,258.843,256.194
1780991407.675091,-3.099,0.786,0.0,0.008,259.01,258.879,256.18
1780991407.690068,-3.155,1.071,0.0,0.008,259.045,258.917,256.111
1780991407.704906,-3.606,1.357,-0.0,0.009,258.981,259.053,256.042
1780991407.7486238,-3.775,1.214,-0.0,0.008,258.923,259.062,256.088
1780991407.749047,-3.606,1.357,-0.0,0.009,258.993,259.022,256.06
1780991407.749423,-3.887,2.0,-0.0,0.009,259.02,259.17,255.894
1780991407.7567732,-4.225,2.0,-0.001,0.009,258.936,259.247,255.9
1780991407.771838,-4.225,2.071,-0.001,0.009,258.949,259.249,255.887
1780991407.7863219,-4.225,2.071,-0.001,0.009,258.954,259.233,255.897
1780991407.8012109,-4.225,2.071,-0.001,0.009,258.954,259.233,255.897
1780991407.8122492,-4.225,2.071,-0.001,0.009,258.954,259.233,255.897
1780991407.827222,-4.225,2.071,-0.001,0.009,258.954,259.233,255.897
1780991407.843085,-4.563,2.929,-0.001,0.01,258.993,259.417,255.688
1780991407.8540852,-4.732,3.286,-0.001,0.011,259.001,259.487,255.614
1780991407.8693,-4.789,3.429,-0.001,0.011,259.005,259.494,255.603
1780991407.884366,-4.62,4.214,-0.001,0.012,259.157,259.554,255.405
1780991407.895752,-4.789,4.0,-0.001,0.011,259.077,259.547,255.486
1780991407.910315,-4.62,3.571,-0.001,0.011,259.054,259.431,255.616
1780991407.925468,-4.676,3.571,-0.001,0.011,259.036,259.441,255.624
1780991407.965631,-4.676,3.786,-0.001,0.011,259.064,259.467,255.573
1780991407.966055,-4.394,3.929,-0.001,0.011,259.151,259.416,255.54
1780991407.9664488,-4.394,4.071,-0.001,0.011,259.164,259.434,255.51
1780991407.978315,-4.113,3.857,-0.0,0.011,259.197,259.337,255.569
1780991407.99331,-3.493,4.643,0.0,0.012,259.456,259.295,255.367
1780991408.008229,-3.775,4.357,0.0,0.011,259.336,259.327,255.449
1780991408.019397,-3.324,4.214,0.001,0.011,259.413,259.202,255.494
1780991408.034407,-3.38,4.357,0.0,0.011,259.404,259.251,255.457
1780991408.049332,-3.437,4.214,0.0,0.011,259.354,259.257,255.497
1780991408.0604138,-3.324,4.429,0.0,0.011,259.407,259.265,255.44
1780991408.0756009,-3.155,4.286,0.001,0.011,259.421,259.21,255.48
1780991408.090532,-2.817,3.786,0.001,0.011,259.426,259.063,255.613
1780991408.101758,-2.704,4.071,0.001,0.011,259.483,259.087,255.536
1780991408.116885,-2.423,4.357,0.001,0.011,259.587,259.064,255.461
1780991408.131741,-2.085,4.429,0.002,0.011,259.67,259.002,255.442
1780991408.143741,-1.408,4.143,0.002,0.011,259.781,258.811,255.519
1780991408.1906161,-1.183,4.071,0.003,0.011,259.803,258.771,255.537
1780991408.1911528,-1.127,4.357,0.003,0.011,259.846,258.811,255.459
1780991408.191545,-1.183,4.286,0.002,0.011,259.806,258.83,255.478
1780991408.199741,-1.07,4.429,0.002,0.011,259.846,258.832,255.439
1780991408.214593,-1.408,5.571,0.002,0.013,259.914,259.084,255.14
1780991408.225694,-1.634,5.786,0.002,0.013,259.88,259.163,255.097
1780991408.240702,-1.915,6.286,0.001,0.013,259.872,259.293,254.983
1780991408.2558331,-1.69,6.571,0.002,0.014,259.962,259.26,254.931
1780991408.267009,-1.577,7.143,0.002,0.014,260.062,259.298,254.805
1780991408.2822762,-1.465,7.357,0.002,0.014,260.11,259.292,254.766
1780991408.297218,-1.634,7.5,0.002,0.014,260.074,259.341,254.754
1780991408.308838,-1.521,7.857,0.002,0.015,260.141,259.352,254.683
1780991408.3240352,-1.521,8.0,0.002,0.015,260.148,259.361,254.668
1780991408.338987,-1.352,8.286,0.002,0.015,260.226,259.353,254.604
1780991408.3502238,-1.521,8.357,0.002,0.015,260.18,259.4,254.602
1780991408.365045,-1.521,8.643,0.002,0.015,260.214,259.436,254.539
1780991408.409495,-1.577,8.929,0.002,0.016,260.233,259.483,254.478
1780991408.409931,-1.239,9.071,0.002,0.016,260.334,259.414,254.451
1780991408.4103239,-1.408,9.071,0.002,0.016,260.277,259.45,254.469
1780991408.417191,-1.465,9.143,0.002,0.016,260.264,259.47,254.462
1780991408.432121,-1.408,9.357,0.002,0.016,260.302,259.485,254.414
1780991408.44705,-1.239,9.214,0.002,0.016,260.318,259.421,254.458
1780991408.458529,-1.296,9.0,0.002,0.016,260.269,259.404,254.518
1780991408.473283,-1.296,9.0,0.002,0.016,260.269,259.404,254.518
1780991408.4878771,-1.296,9.0,0.002,0.016,260.269,259.404,254.518
1780991408.4992409,-1.296,9.0,0.002,0.016,260.269,259.404,254.518
1780991408.514219,-1.07,8.286,0.002,0.015,260.22,259.251,254.704
1780991408.529494,-0.958,8.0,0.002,0.014,260.212,259.194,254.764
1780991408.5406568,-1.07,7.929,0.002,0.014,260.176,259.222,254.772
1780991408.555598,-0.901,7.214,0.003,0.014,260.123,259.088,254.944
1780991408.570539,-1.07,6.857,0.002,0.013,260.036,259.094,255.018
1780991408.581939,-1.183,6.429,0.002,0.013,259.952,259.071,255.117
1780991408.627394,-1.183,6.357,0.002,0.013,259.956,259.073,255.111
1780991408.627927,-1.183,5.786,0.002,0.012,259.889,259.004,255.238
1780991408.628312,-1.127,4.286,0.002,0.011,259.696,258.786,255.622
1780991408.638038,-1.127,4.5,0.002,0.011,259.745,258.834,255.531
1780991408.65311,-1.239,4.357,0.002,0.011,259.715,258.864,255.53
1780991408.664316,-1.127,4.429,0.002,0.011,259.764,258.859,255.49
1780991408.679328,-1.183,4.143,0.002,0.011,259.72,258.845,255.545
1780991408.694315,-1.127,4.643,0.002,0.012,259.813,258.908,255.398
1780991408.7054348,-1.07,5.643,0.002,0.013,259.98,259.044,255.115
1780991408.720665,-1.183,6.286,0.002,0.014,260.033,259.16,254.96
1780991408.735708,-0.789,6.357,0.003,0.014,260.129,259.064,254.96
1780991408.747018,-0.676,6.714,0.003,0.014,260.198,259.084,254.879
1780991408.761908,-0.282,6.857,0.003,0.014,260.301,259.0,254.863
1780991408.77686,-0.394,7.357,0.003,0.014,260.323,259.101,254.749
1780991408.7885911,-0.394,7.357,0.003,0.014,260.305,259.099,254.768
1780991408.803735,-0.169,7.714,0.003,0.015,260.404,259.092,254.684
1780991408.8504162,-0.056,8.071,0.003,0.015,260.465,259.113,254.609
1780991408.850871,0.225,8.357,0.004,0.015,260.56,259.083,254.552
1780991408.851254,0.225,8.429,0.004,0.015,260.55,259.094,254.55
1780991408.855954,0.563,8.429,0.004,0.015,260.625,259.009,254.561
1780991408.87083,0.507,8.429,0.004,0.015,260.597,259.028,254.569
1780991408.885814,0.563,8.643,0.004,0.016,260.631,259.047,254.521
1780991408.8970199,0.62,8.571,0.004,0.015,260.622,259.027,254.548
1780991408.912066,0.789,8.786,0.004,0.016,260.691,259.017,254.495
1780991408.926785,0.901,8.571,0.004,0.015,260.677,258.962,254.558
1780991408.9387488,0.789,8.5,0.004,0.015,260.629,258.988,254.578
1780991408.953813,1.014,8.429,0.004,0.015,260.674,258.925,254.596
1780991408.965031,1.07,8.071,0.004,0.015,260.632,258.867,254.687
1780991408.980107,0.958,7.857,0.004,0.015,260.57,258.876,254.736
1780991408.9952,1.239,7.786,0.004,0.015,260.631,258.804,254.746
1780991409.0063019,1.239,7.429,0.004,0.014,260.58,258.761,254.833
1780991409.02087,1.521,7.357,0.005,0.014,260.645,258.694,254.837
1780991409.067534,1.408,6.714,0.005,0.013,260.524,258.644,254.994
1780991409.06804,1.408,6.286,0.005,0.013,260.473,258.597,255.085
1780991409.0684092,1.239,6.071,0.004,0.013,260.405,258.619,255.126
1780991409.073793,1.577,6.071,0.005,0.013,260.501,258.55,255.103
1780991409.088876,1.69,5.214,0.005,0.012,260.415,258.417,255.308
1780991409.1038332,1.352,5.143,0.004,0.012,260.325,258.505,255.307
1780991409.1150389,1.803,4.714,0.005,0.012,260.386,258.352,255.396
1780991409.129937,1.859,4.571,0.005,0.011,260.387,258.338,255.409
1780991409.1446688,1.803,4.286,0.005,0.011,260.335,258.323,255.47
1780991409.1557178,1.803,4.286,0.005,0.011,260.335,258.323,255.47
1780991409.170599,1.803,4.286,0.005,0.011,260.335,258.323,255.47
1780991409.1814988,1.803,4.286,0.005,0.011,260.335,258.323,255.47
1780991409.19638,1.803,4.286,0.005,0.011,260.335,258.323,255.47
1780991409.211125,1.803,4.286,0.005,0.011,260.335,258.323,255.47
1780991409.222015,1.803,4.286,0.005,0.011,260.335,258.323,255.47
1780991409.237042,1.803,4.286,0.005,0.011,260.335,258.323,255.47
1780991409.283088,2.31,1.357,0.005,0.008,260.056,257.824,256.21
1780991409.283504,2.423,0.786,0.006,0.008,260.027,257.762,256.298
1780991409.283881,2.31,0.357,0.005,0.007,259.943,257.742,256.395
1780991409.289642,2.31,-0.214,0.005,0.007,259.887,257.7,256.49
1780991409.3046558,2.254,-0.643,0.005,0.006,259.833,257.687,256.554
1780991409.319602,2.254,-0.714,0.005,0.006,259.846,257.702,256.525
1780991409.3309839,2.479,-1.0,0.006,0.006,259.875,257.62,256.58
1780991409.3456562,2.366,-1.071,0.005,0.006,259.852,257.657,256.565
1780991409.360628,2.535,-1.429,0.006,0.006,259.856,257.582,256.634
1780991409.3718169,2.479,-1.714,0.006,0.006,259.811,257.573,256.686
1780991409.386925,2.366,-1.643,0.005,0.006,259.798,257.621,256.651
1780991409.401887,2.592,-1.714,0.006,0.006,259.855,257.564,256.654
1780991409.4136078,2.535,-1.857,0.006,0.006,259.825,257.569,256.677
1780991409.428261,2.704,-1.357,0.006,0.006,259.942,257.601,256.535
1780991409.443052,2.704,-1.357,0.006,0.006,259.942,257.601,256.535
1780991409.454323,2.648,-1.786,0.006,0.006,259.864,257.556,256.653
1780991409.499495,2.648,-1.929,0.006,0.006,259.843,257.545,256.683
1780991409.499934,2.817,-1.643,0.006,0.006,259.929,257.549,256.599
1780991409.500354,2.93,-2.143,0.006,0.006,259.886,257.457,256.729
1780991409.51011,2.986,-1.786,0.006,0.006,259.951,257.499,256.627
1780991409.524958,2.704,-1.643,0.006,0.006,259.895,257.594,256.586
1780991409.536115,3.099,-1.571,0.006,0.006,260.006,257.508,256.566
1780991409.551044,3.268,-1.643,0.006,0.006,260.03,257.461,256.589
1780991409.566067,3.437,-1.5,0.006,0.006,260.085,257.444,256.555
1780991409.5777888,3.099,-1.357,0.006,0.007,260.012,257.548,256.521
1780991409.5921621,3.268,-1.286,0.006,0.007,260.061,257.516,256.506
1780991409.607027,3.437,-1.071,0.006,0.007,260.13,257.503,256.454
1780991409.619115,3.324,-0.786,0.006,0.007,260.135,257.566,256.387
1780991409.634055,3.324,-0.286,0.006,0.008,260.197,257.631,256.266
1780991409.645469,3.324,0.143,0.006,0.008,260.254,257.687,256.158
1780991409.660266,3.493,0.429,0.006,0.008,260.327,257.675,256.103
1780991409.675062,3.493,0.571,0.006,0.008,260.332,257.685,256.087
1780991409.7191029,3.38,0.857,0.006,0.009,260.338,257.747,256.022
1780991409.719585,3.718,1.0,0.007,0.009,260.435,257.678,255.999
1780991409.7199612,3.718,1.214,0.007,0.009,260.453,257.704,255.957
1780991409.727129,3.662,1.929,0.007,0.01,260.529,257.811,255.783
1780991409.742025,4.0,1.786,0.007,0.01,260.585,257.704,255.836
1780991409.7538838,3.831,2.214,0.007,0.01,260.589,257.799,255.74
1780991409.7690492,4.056,2.429,0.007,0.01,260.659,257.768,255.706
1780991409.7841432,4.338,2.929,0.007,0.011,260.796,257.765,255.583
1780991409.795326,3.944,3.214,0.007,0.011,260.721,257.895,255.526
1780991409.810338,3.831,3.714,0.007,0.011,260.753,257.979,255.417
1780991409.8253498,3.718,4.286,0.007,0.012,260.795,258.069,255.292
1780991409.836601,3.887,4.214,0.007,0.012,260.821,258.007,255.329
1780991409.851413,3.606,4.571,0.007,0.012,260.791,258.112,255.255
1780991409.863282,3.775,4.571,0.007,0.012,260.822,258.057,255.279
1780991409.878359,3.718,4.786,0.007,0.012,260.835,258.088,255.238
1780991409.893232,3.606,4.786,0.007,0.012,260.803,258.107,255.249
1780991409.940175,3.324,4.786,0.006,0.012,260.728,258.165,255.262
1780991409.9407182,3.042,4.857,0.006,0.012,260.668,258.233,255.251
1780991409.941086,3.099,4.857,0.006,0.012,260.687,258.21,255.256
1780991409.9452422,2.873,5.071,0.006,0.012,260.667,258.284,255.205
1780991409.960112,2.817,5.0,0.006,0.012,260.651,258.27,255.232
1780991409.971305,2.254,5.286,0.005,0.013,260.559,258.436,255.159
1780991409.986311,2.085,4.643,0.005,0.012,260.428,258.376,255.335
1780991410.001295,1.803,4.929,0.005,0.012,260.418,258.472,255.253
1780991410.0130749,1.859,4.357,0.005,0.012,260.365,258.365,255.403
1780991410.0279748,1.408,4.214,0.004,0.011,260.238,258.453,255.436
1780991410.042987,1.296,4.143,0.004,0.011,260.22,258.46,255.446
1780991410.0542772,0.958,3.643,0.004,0.011,260.081,258.469,255.565
1780991410.069466,0.845,3.214,0.004,0.01,260.014,258.427,255.668
1780991410.081378,0.789,3.5,0.004,0.011,260.056,258.476,255.583
1780991410.095745,0.563,3.429,0.004,0.011,260.009,258.514,255.589
1780991410.1107001,0.507,3.286,0.004,0.011,259.993,258.501,255.616
1780991410.15461,0.225,2.929,0.003,0.01,259.888,258.516,255.7
1780991410.155066,-0.113,2.786,0.003,0.01,259.795,258.576,255.729
1780991410.155444,0.282,2.714,0.003,0.01,259.898,258.465,255.739
1780991410.162791,0.282,2.714,0.003,0.01,259.898,258.465,255.739
1780991410.176928,0.282,2.714,0.003,0.01,259.898,258.465,255.739
1780991410.1887832,0.282,2.714,0.003,0.01,259.898,258.465,255.739
1780991410.2037702,-0.507,1.5,0.003,0.009,259.552,258.486,256.043
1780991410.218826,-0.62,1.357,0.003,0.009,259.525,258.493,256.061
1780991410.229989,-0.958,0.929,0.002,0.008,259.409,258.515,256.15
1780991410.2449641,-1.408,1.071,0.002,0.008,259.347,258.644,256.085
1780991410.259949,-1.408,0.429,0.002,0.008,259.284,258.543,256.241
1780991410.2710881,-1.296,0.786,0.002,0.008,259.384,258.562,256.128
1780991410.286193,-1.634,0.643,0.002,0.008,259.299,258.623,256.15
1780991410.3010828,-1.634,0.571,0.002,0.008,259.307,258.605,256.16
1780991410.312326,-1.634,0.286,0.002,0.008,259.279,258.562,256.228
1780991410.327329,-1.634,0.143,0.002,0.008,259.266,258.542,256.259
1780991410.373038,-1.915,0.214,0.001,0.008,259.217,258.625,256.226
1780991410.3735738,-2.085,0.143,0.001,0.008,259.178,258.652,256.237
1780991410.373955,-1.859,0.071,0.002,0.008,259.235,258.583,256.25
1780991410.383817,-1.803,0.286,0.002,0.008,259.286,258.599,256.185
1780991410.395025,-1.915,0.286,0.002,0.008,259.265,258.626,256.18
1780991410.4099798,-1.972,-0.143,0.002,0.008,259.191,258.578,256.296
1780991410.42503,-1.915,0.214,0.002,0.008,259.263,258.616,256.191
1780991410.436144,-1.972,-0.143,0.002,0.008,259.199,258.578,256.289
1780991410.451103,-2.028,0.071,0.001,0.008,259.219,258.625,256.224
1780991410.4663,-1.859,-0.071,0.002,0.008,259.24,258.565,256.262
1780991410.477237,-1.803,0.214,0.002,0.008,259.296,258.591,256.184
1780991410.492086,-1.746,0.071,0.002,0.008,259.289,258.556,256.224
1780991410.50739,-1.577,0.214,0.002,0.008,259.348,258.538,256.186
1780991410.5191412,-1.577,-0.214,0.002,0.007,259.28,258.486,256.3
1780991410.534008,-1.634,0.0,0.002,0.008,259.294,258.534,256.241
1780991410.5487292,-1.577,0.0,0.002,0.008,259.306,258.521,256.241
1780991410.5970528,-1.352,0.071,0.002,0.008,259.371,258.481,256.218
1780991410.5975308,-1.408,0.143,0.002,0.008,259.363,258.509,256.2
1780991410.5979059,-1.465,0.429,0.002,0.008,259.387,258.564,256.124
1780991410.6009989,-1.465,0.714,0.002,0.009,259.424,258.605,256.05
1780991410.615826,-1.127,0.786,0.002,0.009,259.515,258.529,256.037
1780991410.6308649,-1.296,0.786,0.002,0.009,259.461,258.572,256.046
1780991410.642038,-1.239,1.143,0.002,0.009,259.52,258.609,255.956
1780991410.6576982,-0.958,1.214,0.003,0.009,259.597,258.547,255.943
1780991410.672717,-0.958,1.5,0.003,0.009,259.628,258.588,255.874
1780991410.6838899,-0.845,1.357,0.003,0.009,259.622,258.54,255.926
1780991410.698896,-0.62,1.429,0.003,0.009,259.677,258.496,255.917
1780991410.713804,-0.62,1.214,0.003,0.009,259.638,258.468,255.98
1780991410.7251358,-0.113,1.714,0.003,0.01,259.829,258.417,255.849
1780991410.73984,-0.451,1.786,0.003,0.01,259.736,258.517,255.841
1780991410.7511392,0.113,1.571,0.004,0.009,259.834,258.35,255.909
1780991410.766165,-0.113,2.071,0.003,0.01,259.838,258.481,255.78
1780991410.810028,0.225,2.5,0.004,0.01,259.97,258.458,255.679
1780991410.810461,0.451,2.786,0.004,0.011,260.049,258.448,255.615
1780991410.810828,0.0,3.071,0.003,0.011,259.964,258.601,255.548
1780991410.822695,0.394,3.286,0.004,0.011,260.08,258.529,255.509
1780991410.833938,0.62,3.357,0.004,0.011,260.128,258.486,255.506
1780991410.84897,0.901,3.5,0.004,0.011,260.202,258.438,255.483
1780991410.863982,0.901,3.714,0.004,0.011,260.222,258.473,255.432
1780991410.875154,1.014,3.643,0.004,0.011,260.227,258.435,255.463
1780991410.890135,1.014,4.071,0.004,0.012,260.277,258.498,255.357
1780991410.9013948,1.07,4.357,0.004,0.012,260.317,258.523,255.297
1780991410.916339,1.239,4.643,0.005,0.012,260.393,258.52,255.231
1780991410.931436,1.465,4.429,0.005,0.012,260.404,258.434,255.301
1780991410.943172,1.577,4.286,0.005,0.012,260.397,258.388,255.352
1780991410.957991,1.577,4.429,0.005,0.012,260.41,258.412,255.317
1780991410.972917,1.69,4.429,0.005,0.012,260.429,258.39,255.321
1780991410.98435,1.746,4.857,0.005,0.012,260.496,258.441,255.211
1780991411.034236,1.859,4.714,0.005,0.012,260.494,258.394,255.257
1780991411.0347788,1.69,4.929,0.005,0.012,260.476,258.469,255.203
1780991411.035158,1.746,5.071,0.005,0.013,260.504,258.474,255.173
1780991411.040212,2.028,5.071,0.005,0.013,260.571,258.404,255.178
1780991411.051483,1.746,5.143,0.005,0.013,260.505,258.484,255.162
1780991411.066497,1.972,4.786,0.005,0.012,260.503,258.379,255.263
1780991411.081912,2.028,5.0,0.005,0.012,260.544,258.397,255.209
1780991411.093327,2.254,5.143,0.005,0.013,260.621,258.363,255.171
1780991411.1083362,2.085,4.857,0.005,0.012,260.532,258.364,255.251
1780991411.11962,2.141,5.214,0.005,0.013,260.598,258.401,255.156
1780991411.1346219,2.085,5.357,0.005,0.013,260.597,258.437,255.122
1780991411.149645,2.141,5.429,0.005,0.013,260.617,258.435,255.107
1780991411.161001,2.366,5.357,0.006,0.013,260.662,258.368,255.129
1780991411.175841,2.254,5.5,0.005,0.013,260.651,258.42,255.09
1780991411.190946,2.141,5.357,0.005,0.013,260.597,258.426,255.133
1780991411.202026,2.141,5.357,0.005,0.013,260.598,258.424,255.134
1780991411.2447,1.972,5.429,0.005,0.013,260.567,258.477,255.113
1780991411.245131,2.141,5.214,0.005,0.013,260.583,258.402,255.168
1780991411.2454998,1.972,5.143,0.005,0.013,260.533,258.432,255.186
1780991411.2587452,1.915,5.0,0.005,0.012,260.501,258.424,255.223
1780991411.269876,1.915,5.429,0.005,0.013,260.57,258.484,255.103
1780991411.284838,1.803,5.143,0.005,0.013,260.502,258.466,255.181
1780991411.299958,1.746,5.286,0.005,0.013,260.513,258.497,255.143
1780991411.311061,1.521,5.214,0.005,0.013,260.448,258.54,255.161
1780991411.326015,1.577,5.429,0.005,0.013,260.5,258.552,255.103
1780991411.337238,1.746,5.643,0.005,0.013,260.578,258.54,255.043
1780991411.352184,1.746,5.071,0.005,0.012,260.493,258.457,255.198
1780991411.367075,1.746,5.143,0.005,0.013,260.507,258.467,255.176
1780991411.37904,1.69,5.143,0.005,0.013,260.498,258.479,255.173
1780991411.393949,1.465,5.143,0.005,0.013,260.446,258.535,255.168
1780991411.4088361,1.465,5.214,0.005,0.013,260.46,258.544,255.147
1780991411.420147,1.352,4.786,0.005,0.012,260.375,258.51,255.256
1780991411.463855,1.239,4.5,0.004,0.012,260.312,258.497,255.326
1780991411.464308,1.183,4.929,0.004,0.012,260.364,258.574,255.206
1780991411.464685,1.183,4.714,0.004,0.012,260.34,258.543,255.257
1780991411.476114,1.183,4.714,0.004,0.012,260.349,258.542,255.251
1780991411.487998,1.127,4.429,0.004,0.012,260.296,258.514,255.325
1780991411.502882,1.127,4.429,0.004,0.012,260.304,258.513,255.319
1780991411.517974,1.014,3.929,0.004,0.011,260.211,258.47,255.445
1780991411.529142,1.127,3.929,0.004,0.011,260.248,258.444,255.436
1780991411.5441191,1.014,3.786,0.004,0.011,260.207,258.453,255.465
1780991411.55536,1.183,3.643,0.004,0.011,260.234,258.394,255.496
1780991411.5703979,0.901,3.571,0.004,0.011,260.157,258.46,255.504
1780991411.585355,1.014,3.5,0.004,0.011,260.185,258.423,255.513
1780991411.5968199,0.789,3.429,0.004,0.011,260.124,258.472,255.523
1780991411.6116889,0.845,2.929,0.004,0.01,260.076,258.391,255.644
1780991411.626497,0.676,2.857,0.004,0.01,260.035,258.425,255.65
1780991411.638606,0.451,2.714,0.004,0.01,259.968,258.463,255.676
1780991411.685905,0.451,2.571,0.004,0.01,259.956,258.443,255.706
1780991411.686458,0.563,2.571,0.004,0.01,259.992,258.418,255.697
1780991411.686836,0.62,2.357,0.004,0.01,259.984,258.377,255.744
1780991411.694252,0.507,2.214,0.004,0.01,259.942,258.386,255.774
1780991411.7053409,0.169,2.071,0.003,0.01,259.842,258.451,255.805
1780991411.72036,0.282,2.071,0.004,0.01,259.881,258.427,255.791
1780991411.7354088,0.169,1.714,0.003,0.009,259.809,258.406,255.879
1780991411.746638,0.169,1.643,0.003,0.009,259.807,258.398,255.888
1780991411.761514,0.394,1.571,0.004,0.009,259.864,258.336,255.894
1780991411.773291,0.338,1.5,0.004,0.009,259.845,258.345,255.904
1780991411.788235,0.451,1.357,0.004,0.009,259.857,258.301,255.934
1780991411.8032792,0.563,1.214,0.004,0.009,259.868,258.257,255.966
1780991411.814601,0.338,1.143,0.004,0.009,259.807,258.308,255.975
1780991411.829528,0.563,1.214,0.004,0.009,259.878,258.267,255.947
1780991411.84407,0.563,1.0,0.004,0.009,259.849,258.239,256.002
1780991411.855362,0.789,1.071,0.004,0.009,259.919,258.2,255.974
1780991411.901213,0.507,1.071,0.004,0.009,259.849,258.275,255.967
1780991411.901692,0.732,1.0,0.004,0.009,259.897,258.211,255.984
1780991411.902067,0.676,0.643,0.004,0.008,259.83,258.178,256.078
1780991411.91116,0.789,0.714,0.004,0.009,259.87,258.164,256.054
1780991411.92299,0.901,1.143,0.004,0.009,259.958,258.202,255.935
1780991411.9378188,1.127,0.786,0.005,0.009,259.959,258.101,256.032
1780991411.9529102,0.901,0.786,0.004,0.009,259.897,258.161,256.031
1780991411.9638,1.183,1.0,0.005,0.009,259.999,258.125,255.971
1780991411.978901,1.127,1.143,0.004,0.009,260.003,258.164,255.931
1780991411.9900138,0.958,0.929,0.004,0.009,259.926,258.176,255.991
1780991412.005217,1.352,1.0,0.005,0.009,260.035,258.091,255.971
1780991412.020109,1.239,1.143,0.005,0.009,260.021,258.143,255.933
1780991412.03151,1.127,1.214,0.004,0.009,260.0,258.182,255.915
1780991412.046222,1.239,1.143,0.005,0.009,260.012,258.147,255.937
1780991412.0612102,1.296,1.071,0.005,0.009,260.013,258.126,255.958
1780991412.072983,1.465,1.214,0.005,0.009,260.07,258.108,255.921
1780991412.117942,1.296,1.429,0.005,0.009,260.055,258.182,255.865
1780991412.118437,1.408,1.5,0.005,0.01,260.088,258.166,255.849
1780991412.118848,1.521,1.286,0.005,0.009,260.079,258.11,255.912
1780991412.12899,1.634,1.5,0.005,0.009,260.137,258.114,255.854
1780991412.14017,1.577,1.571,0.005,0.01,260.132,258.138,255.835
1780991412.155195,1.634,1.429,0.005,0.009,260.121,258.105,255.878
1780991412.170145,1.69,1.786,0.005,0.01,260.184,258.141,255.784
1780991412.181399,1.577,1.643,0.005,0.01,260.133,258.148,255.825
1780991412.196277,1.577,1.571,0.005,0.01,260.122,258.136,255.846
1780991412.2081568,1.521,1.357,0.005,0.009,260.074,258.119,255.907
1780991412.223092,1.465,1.571,0.005,0.01,260.092,258.162,255.849
1780991412.237996,1.577,1.643,0.005,0.01,260.132,258.143,255.83
1780991412.249171,1.408,1.429,0.005,0.009,260.058,258.154,255.888
1780991412.264122,1.69,1.571,0.005,0.01,260.152,258.107,255.846
1780991412.2790048,1.803,1.357,0.005,0.009,260.15,258.049,255.905
1780991412.290302,1.577,1.5,0.005,0.009,260.114,258.128,255.861
1780991412.336052,1.352,1.643,0.005,0.01,260.077,258.203,255.824
1780991412.336586,1.465,1.857,0.005,0.01,260.14,258.2,255.768
1780991412.336968,1.577,1.571,0.005,0.01,260.127,258.13,255.847
1780991412.345949,1.408,1.5,0.005,0.009,260.075,258.163,255.864
1780991412.357126,1.634,1.214,0.005,0.009,260.093,258.068,255.939
1780991412.371999,1.408,1.429,0.005,0.009,260.068,258.157,255.877
1780991412.386936,1.408,1.286,0.005,0.009,260.047,258.138,255.914
1780991412.398816,1.352,1.357,0.005,0.009,260.046,258.162,255.892
1780991412.4138,1.352,1.286,0.005,0.009,260.037,258.149,255.913
1780991412.424889,1.408,1.214,0.005,0.009,260.048,258.122,255.928
1780991412.4399402,1.408,1.214,0.005,0.009,260.049,258.125,255.925
1780991412.4549592,1.352,1.143,0.005,0.009,260.025,258.127,255.946
1780991412.466229,1.634,1.214,0.005,0.009,260.109,258.068,255.924
1780991412.4811661,1.239,1.0,0.005,0.009,259.981,258.135,255.979
1780991412.4960482,1.239,1.0,0.005,0.009,259.985,258.134,255.975
1780991412.507197,1.239,1.143,0.005,0.009,260.008,258.154,255.935
1780991412.5512588,1.296,1.286,0.005,0.009,260.046,258.158,255.896
1780991412.551798,1.127,1.0,0.004,0.009,259.961,258.156,255.976
1780991412.552177,1.521,1.429,0.005,0.009,260.125,258.12,255.858
1780991412.5635982,1.352,1.071,0.005,0.009,260.028,258.112,255.957
1780991412.574543,1.239,1.214,0.005,0.009,260.02,258.159,255.919
1780991412.589511,1.296,1.143,0.005,0.009,260.024,258.135,255.938
1780991412.604518,1.239,1.286,0.005,0.009,260.031,258.172,255.896
1780991412.6156669,1.352,0.929,0.005,0.009,260.009,258.093,255.993
1780991412.6307359,1.127,1.429,0.004,0.009,260.026,258.216,255.859
1780991412.6420312,1.239,1.0,0.005,0.009,259.993,258.124,255.978
1780991412.6569989,1.183,1.143,0.005,0.009,260.002,258.159,255.936
1780991412.671922,1.183,1.214,0.005,0.009,260.013,258.168,255.917
1780991412.683761,1.127,1.143,0.004,0.009,259.991,258.172,255.933
1780991412.6989162,1.127,0.929,0.004,0.009,259.962,258.142,255.989
1780991412.713676,1.07,0.929,0.004,0.009,259.951,258.156,255.987
1780991412.724946,1.014,1.0,0.004,0.009,259.95,258.178,255.966
1780991412.76966,0.958,0.929,0.004,0.009,259.929,258.182,255.982
1780991412.7701309,1.07,1.143,0.004,0.009,259.991,258.184,255.922
1780991412.770508,1.127,1.143,0.004,0.009,260.006,258.168,255.924
1780991412.7807019,1.183,1.214,0.005,0.009,260.031,258.164,255.904
1780991412.791689,1.014,1.214,0.004,0.009,259.986,258.205,255.906
1780991412.806746,1.352,1.286,0.005,0.009,260.081,258.131,255.889
1780991412.8217568,1.127,1.286,0.004,0.009,260.017,258.188,255.893
1780991412.83357,1.465,1.357,0.005,0.009,260.11,258.114,255.879
1780991412.84864,1.239,1.214,0.005,0.009,260.029,258.15,255.919
1780991412.85976,1.183,1.429,0.005,0.009,260.045,258.195,255.861
1780991412.874864,1.239,1.5,0.005,0.01,260.071,258.189,255.843
1780991412.889715,1.352,1.214,0.005,0.009,260.057,258.122,255.92
1780991412.9016268,1.296,1.286,0.005,0.009,260.05,258.147,255.902
1780991412.9163048,1.296,0.929,0.005,0.009,259.998,258.099,255.998
1780991412.93095,1.239,1.071,0.005,0.009,260.006,258.135,255.955
1780991412.94209,1.352,1.286,0.005,0.009,260.067,258.139,255.895
1780991412.988482,1.408,1.286,0.005,0.009,260.082,258.127,255.893
1780991412.9890182,1.239,1.214,0.005,0.009,260.027,258.162,255.91
1780991412.9893959,1.239,1.143,0.005,0.009,260.019,258.15,255.929
1780991412.998752,1.521,1.214,0.005,0.009,260.101,258.093,255.907
1780991413.009534,1.352,0.857,0.005,0.009,260.005,258.087,256.003
1780991413.024461,1.521,1.071,0.005,0.009,260.081,258.076,255.943
1780991413.0397272,1.408,1.286,0.005,0.009,260.08,258.137,255.884
1780991413.050774,1.352,1.571,0.005,0.01,260.106,258.192,255.808
1780991413.0657852,1.352,1.071,0.005,0.009,260.032,258.122,255.944
1780991413.076719,1.465,1.429,0.005,0.01,260.114,258.143,255.847
1780991413.091836,1.465,1.357,0.005,0.009,260.102,258.131,255.87
1780991413.106737,1.352,1.571,0.005,0.01,260.104,258.186,255.815
1780991413.118639,1.521,1.214,0.005,0.009,260.094,258.091,255.916
1780991413.133645,1.465,1.214,0.005,0.009,260.079,258.104,255.917
1780991413.14868,1.408,1.429,0.005,0.009,260.097,258.148,255.858
1780991413.159853,1.352,1.571,0.005,0.01,260.103,258.181,255.82
1780991413.2057128,1.239,1.5,0.005,0.01,260.066,258.195,255.841
1780991413.206264,1.465,1.286,0.005,0.009,260.092,258.108,255.901
1780991413.206641,1.352,1.429,0.005,0.009,260.087,258.156,255.86
1780991413.215523,1.352,1.5,0.005,0.01,260.094,258.169,255.84
1780991413.226733,1.465,1.286,0.005,0.009,260.091,258.11,255.9
1780991413.241749,1.408,1.286,0.005,0.009,260.077,258.124,255.899
1780991413.2567239,1.577,1.0,0.005,0.009,260.082,258.044,255.972
1780991413.268508,1.577,1.214,0.005,0.009,260.112,258.077,255.912
1780991413.283561,1.521,1.214,0.005,0.009,260.099,258.093,255.91
1780991413.294734,1.408,1.0,0.005,0.009,260.039,258.091,255.967
1780991413.3097658,1.408,1.5,0.005,0.01,260.115,258.161,255.83
1780991413.3247979,1.408,1.286,0.005,0.009,260.084,258.131,255.886
1780991413.335715,1.69,1.0,0.005,0.009,260.114,258.021,255.965
1780991413.350924,1.127,1.286,0.004,0.009,260.014,258.201,255.885
1780991413.3655949,1.352,1.214,0.005,0.009,260.064,258.131,255.905
1780991413.3769689,1.239,1.214,0.005,0.009,260.035,258.157,255.907
1780991413.422797,1.352,1.571,0.005,0.01,260.116,258.179,255.81
1780991413.423237,1.577,1.357,0.005,0.009,260.141,258.095,255.869
1780991413.423614,1.352,1.0,0.005,0.009,260.03,258.1,255.966
1780991413.4331589,1.296,1.214,0.005,0.009,260.049,258.145,255.905
1780991413.4442759,1.577,1.0,0.005,0.009,260.09,258.045,255.964
1780991413.459278,2.197,0.429,0.006,0.008,260.166,257.821,256.11
1780991413.4743512,2.028,0.071,0.006,0.008,260.069,257.825,256.197
1780991413.4854028,3.437,-0.857,0.007,0.007,260.292,257.375,256.428
