Timestamp,x_parc,y_parc,x_out,y_out,a_pos,b_pos,c_pos
1780889907.090585,0.0,0.0,0.0,0.0,258.008,258.008,258.008
1780889907.129036,-6.479,-29.571,0.004,0.018,260.915,259.293,254.041
1780889907.129314,-6.479,-29.571,0.004,0.018,260.915,259.293,254.041
1780889907.129886,-6.479,-29.571,0.004,0.018,260.915,259.293,254.041
1780889907.140427,-6.479,-29.571,0.004,0.018,260.915,259.293,254.041
1780889907.154497,-6.479,-29.571,0.004,0.018,260.915,259.293,254.041
1780889907.1691031,-6.479,-29.571,0.004,0.018,260.915,259.293,254.041
1780889907.179859,-6.479,-29.571,0.004,0.018,260.915,259.293,254.041
1780889907.1936371,-6.479,-29.571,0.004,0.018,260.915,259.293,254.041
1780889907.246447,-6.479,-29.571,0.004,0.018,260.915,259.293,254.041
1780889907.246745,-6.479,-29.571,0.004,0.018,260.915,259.293,254.041
1780889907.246987,-6.479,-29.571,0.004,0.018,260.915,259.293,254.041
1780889907.247217,-6.479,-29.571,0.004,0.018,260.915,259.293,254.041
1780889907.257997,-6.479,-29.571,0.004,0.018,260.915,259.293,254.041
1780889907.2684429,-6.479,-29.571,0.004,0.018,260.915,259.293,254.041
1780889907.282273,-6.479,-29.571,0.004,0.018,260.915,259.293,254.041
1780889907.2925801,-6.479,-29.571,0.004,0.018,260.915,259.293,254.041
1780889907.306101,0.0,0.0,0.0,0.0,258.008,258.008,258.008
1780889907.33375,0.0,0.0,0.0,0.0,258.008,258.008,258.008
1780889907.333992,0.0,0.0,0.0,0.0,258.008,258.008,258.008
1780889907.341034,0.0,0.0,0.0,0.0,258.008,258.008,258.008
1780889907.354677,0.0,0.0,0.0,0.0,258.008,258.008,258.008
1780889907.3650281,0.0,0.0,0.0,0.0,258.008,258.008,258.008
1780889907.379264,0.0,0.0,0.0,0.0,258.008,258.008,258.008
1780889907.389472,0.0,0.0,0.0,0.0,258.008,258.008,258.008
1780889907.403167,0.0,0.0,0.0,0.0,258.008,258.008,258.008
1780889907.4135349,0.0,0.0,0.0,0.0,258.008,258.008,258.008
1780889907.427597,0.0,0.0,0.0,0.0,258.008,258.008,258.008
1780889907.43797,0.0,0.0,0.0,0.0,258.008,258.008,258.008
1780889907.451581,0.0,0.0,0.0,0.0,258.008,258.008,258.008
1780889907.462015,0.0,0.0,0.0,0.0,258.008,258.008,258.008
1780889907.475452,0.0,0.0,0.0,0.0,258.008,258.008,258.008
1780889907.485905,0.0,0.0,0.0,0.0,258.008,258.008,258.008
1780889907.4998379,0.0,0.0,0.0,0.0,258.008,258.008,258.008
1780889907.510294,0.0,0.0,0.0,0.0,258.008,258.008,258.008
1780889907.523765,0.0,0.0,0.0,0.0,258.008,258.008,258.008
1780889907.547285,0.0,0.0,0.0,0.0,258.008,258.008,258.008
1780889907.548224,0.0,0.0,0.0,0.0,258.008,258.008,258.008
1780889907.558746,0.0,0.0,0.0,0.0,258.008,258.008,258.008
1780889907.5721972,0.0,0.0,0.0,0.0,258.008,258.008,258.008
1780889907.582558,0.0,0.0,0.0,0.0,258.008,258.008,258.008
1780889907.5960908,0.0,0.0,0.0,0.0,258.008,258.008,258.008
1780889907.606539,0.0,0.0,0.0,0.0,258.008,258.008,258.008
1780889907.620672,0.0,0.0,0.0,0.0,258.008,258.008,258.008
1780889907.6310852,0.0,0.0,0.0,0.0,258.008,258.008,258.008
1780889907.6446452,0.0,0.0,0.0,0.0,258.008,258.008,258.008
1780889907.655047,0.0,0.0,0.0,0.0,258.008,258.008,258.008
1780889907.669204,0.0,0.0,0.0,0.0,258.008,258.008,258.008
1780889907.679581,0.0,0.0,0.0,0.0,258.008,258.008,258.008
1780889907.6931589,0.0,0.0,0.0,0.0,258.008,258.008,258.008
1780889907.703676,0.0,0.0,0.0,0.0,258.008,258.008,258.008
1780889907.717715,0.0,0.0,0.0,0.0,258.008,258.008,258.008
1780889907.7280629,0.0,0.0,0.0,0.0,258.008,258.008,258.008
1780889907.741434,0.0,0.0,0.0,0.0,258.008,258.008,258.008
1780889907.773185,0.0,0.0,0.0,0.0,258.008,258.008,258.008
1780889907.7736142,0.0,0.0,0.0,0.0,258.008,258.008,258.008
1780889907.775658,0.0,0.0,0.0,0.0,258.008,258.008,258.008
1780889907.78983,0.0,0.0,0.0,0.0,258.008,258.008,258.008
1780889907.800131,0.0,0.0,0.0,0.0,258.008,258.008,258.008
1780889907.813698,0.0,0.0,0.0,0.0,258.008,258.008,258.008
1780889907.824043,0.0,0.0,0.0,0.0,258.008,258.008,258.008
1780889907.8382568,0.0,0.0,0.0,0.0,258.008,258.008,258.008
1780889907.8488472,0.0,0.0,0.0,0.0,258.008,258.008,258.008
1780889907.8622122,0.0,0.0,0.0,0.0,258.008,258.008,258.008
1780889907.8724868,0.0,0.0,0.0,0.0,258.008,258.008,258.008
1780889907.885945,0.0,0.0,0.0,0.0,258.008,258.008,258.008
1780889907.896375,0.0,0.0,0.0,0.0,258.008,258.008,258.008
1780889907.910506,0.0,0.0,0.0,0.0,258.008,258.008,258.008
1780889907.920792,0.0,0.0,0.0,0.0,258.008,258.008,258.008
1780889907.93439,0.0,0.0,0.0,0.0,258.008,258.008,258.008
1780889907.944814,0.0,0.0,0.0,0.0,258.008,258.008,258.008
1780889907.9588869,0.0,0.0,0.0,0.0,258.008,258.008,258.008
1780889907.9920142,0.0,0.0,0.0,0.0,258.008,258.008,258.008
1780889907.992461,0.0,0.0,0.0,0.0,258.008,258.008,258.008
1780889907.9930298,0.0,0.0,0.0,0.0,258.008,258.008,258.008
1780889908.007087,0.0,0.0,0.0,0.0,258.008,258.008,258.008
1780889908.0175118,0.0,0.0,0.0,0.0,258.008,258.008,258.008
1780889908.03123,-56.0,-0.714,0.034,0.0,265.264,251.677,257.891
1780889908.045065,-56.225,-0.571,0.034,0.0,265.294,251.63,257.918
1780889908.055646,-56.225,-0.571,0.034,0.0,265.294,251.63,257.918
1780889908.0695739,-56.225,-0.571,0.034,0.0,265.294,251.63,257.918
1780889908.080144,-56.225,-0.571,0.034,0.0,265.294,251.63,257.918
1780889908.09395,-56.225,-0.571,0.034,0.0,265.294,251.63,257.918
1780889908.108191,-58.648,-0.786,0.036,0.0,265.768,251.298,257.875
1780889908.1189492,-58.648,-0.786,0.036,0.0,265.768,251.298,257.875
1780889908.1324039,-58.028,-2.143,0.035,0.002,265.784,251.506,257.631
1780889908.143153,-57.634,-2.714,0.035,0.002,265.766,251.61,257.533
1780889908.1574311,-57.127,-3.143,0.034,0.002,265.713,251.715,257.462
1780889908.171167,-56.845,-3.357,0.034,0.002,265.68,251.768,257.432
1780889908.206225,-55.211,-4.143,0.033,0.003,265.46,252.063,257.299
1780889908.2066402,-54.986,-4.429,0.033,0.003,265.454,252.105,257.259
1780889908.206909,-54.254,-4.857,0.032,0.003,265.369,252.233,257.193
1780889908.220234,-53.746,-5.5,0.032,0.004,265.351,252.344,257.088
1780889908.234022,-51.944,-5.929,0.031,0.004,265.083,252.603,257.039
1780889908.244766,-51.099,-6.429,0.03,0.005,264.994,252.746,256.962
1780889908.2589388,-50.141,-6.929,0.029,0.005,264.887,252.905,256.886
1780889908.2694669,-48.901,-7.714,0.029,0.005,264.76,253.127,256.759
1780889908.283179,-48.169,-7.929,0.028,0.006,264.667,253.222,256.737
1780889908.297615,-45.803,-8.929,0.026,0.006,264.363,253.627,256.574
1780889908.308173,-44.451,-9.643,0.025,0.007,264.219,253.851,256.464
1780889908.321852,-43.606,-10.429,0.025,0.007,264.177,254.003,256.343
1780889908.332372,-41.07,-11.214,0.023,0.008,263.859,254.364,256.245
1780889908.346431,-39.718,-12.0,0.022,0.008,263.73,254.59,256.125
1780889908.3607051,-38.986,-12.857,0.022,0.009,263.72,254.727,255.993
1780889908.371347,-35.662,-13.929,0.02,0.009,263.304,255.225,255.849
1780889908.385078,-35.662,-13.929,0.02,0.009,263.304,255.225,255.849
1780889908.420558,-32.789,-15.429,0.018,0.011,262.985,255.745,255.607
1780889908.420979,-32.789,-15.429,0.018,0.011,262.985,255.745,255.607
1780889908.423457,-28.563,-17.5,0.015,0.012,262.54,256.45,255.299
1780889908.4339771,-26.93,-18.071,0.014,0.012,262.359,256.686,255.229
1780889908.448643,-25.296,-18.643,0.013,0.013,262.179,256.921,255.158
1780889908.462343,-23.887,-18.929,0.012,0.013,262.011,257.096,255.136
1780889908.472827,-20.225,-20.286,0.01,0.014,261.614,257.656,254.951
1780889908.4870799,-18.254,-20.929,0.008,0.014,261.391,257.954,254.866
1780889908.500894,-16.507,-21.571,0.007,0.014,261.208,258.216,254.78
1780889908.51168,-13.127,-22.714,0.005,0.015,260.852,258.711,254.634
1780889908.52529,-11.549,-22.857,0.004,0.015,260.654,258.902,254.635
1780889908.535864,-9.746,-23.857,0.003,0.016,260.502,259.212,254.485
1780889908.551036,-9.746,-23.857,0.003,0.016,260.502,259.212,254.485
1780889908.563872,-4.676,-24.786,-0.0,0.016,259.858,259.968,254.376
1780889908.574712,-2.761,-25.643,-0.001,0.017,259.683,260.282,254.251
1780889908.58889,-0.958,-25.643,-0.003,0.017,259.446,260.494,254.276
1780889908.644695,1.07,-26.429,-0.004,0.017,259.249,260.824,254.162
1780889908.645154,2.986,-26.5,-0.005,0.017,259.003,261.065,254.173
1780889908.6455119,6.648,-27.429,-0.008,0.018,258.557,261.692,254.033
1780889908.645847,8.338,-28.214,-0.008,0.018,258.425,261.962,253.92
1780889908.6519198,12.056,-28.857,-0.011,0.019,258.02,262.473,253.855
1780889908.662422,14.366,-28.929,-0.012,0.019,257.723,262.788,253.864
1780889908.67623,15.887,-29.286,-0.013,0.019,257.581,262.993,253.821
1780889908.69059,17.915,-29.571,-0.014,0.019,257.351,263.285,253.791
1780889908.701152,21.183,-29.786,-0.016,0.019,256.986,263.698,253.788
1780889908.7154088,23.268,-30.5,-0.017,0.019,256.787,264.053,253.68
1780889908.729592,24.732,-30.357,-0.018,0.019,256.61,264.208,253.721
1780889908.7400188,26.423,-30.357,-0.019,0.019,256.41,264.423,253.734
1780889908.753721,29.634,-30.071,-0.021,0.019,256.012,264.8,253.806
1780889908.764395,29.634,-30.071,-0.021,0.019,256.012,264.8,253.806
1780889908.778913,32.563,-30.643,-0.023,0.019,255.674,265.313,253.715
1780889908.792481,35.831,-30.714,-0.025,0.019,255.311,265.745,253.719
1780889908.833913,37.352,-31.0,-0.026,0.019,255.169,265.971,253.678
1780889908.834234,38.986,-30.357,-0.027,0.019,254.927,266.119,253.796
1780889908.834589,40.169,-30.286,-0.027,0.019,254.805,266.249,253.812
1780889908.8417568,42.873,-30.0,-0.029,0.019,254.495,266.567,253.866
1780889908.8554082,44.056,-29.857,-0.029,0.018,254.364,266.699,253.891
1780889908.86636,45.296,-30.214,-0.03,0.019,254.266,266.901,253.83
1780889908.880438,46.648,-29.643,-0.031,0.018,254.07,267.023,253.929
1780889908.894113,48.845,-29.143,-0.032,0.018,253.81,267.25,254.011
1780889908.904733,50.141,-28.786,-0.033,0.018,253.64,267.395,254.069
1780889908.919053,50.986,-28.786,-0.033,0.018,253.568,267.495,254.064
1780889908.932756,51.718,-28.214,-0.033,0.017,253.462,267.512,254.158
1780889908.9434721,53.859,-27.5,-0.035,0.017,253.134,267.791,254.274
1780889908.957963,54.31,-26.929,-0.035,0.016,253.072,267.756,254.364
1780889908.9684339,54.31,-26.929,-0.035,0.016,253.072,267.756,254.364
1780889908.981899,56.676,-24.714,-0.036,0.015,252.643,267.864,254.72
1780889908.9958668,57.352,-24.643,-0.037,0.015,252.591,267.941,254.714
1780889909.0280142,57.803,-24.143,-0.037,0.014,252.533,267.928,254.785
1780889909.028336,58.141,-23.571,-0.037,0.014,252.482,267.889,254.868
1780889909.034388,59.155,-22.929,-0.037,0.014,252.367,267.944,254.944
1780889909.0449831,59.662,-22.571,-0.038,0.013,252.303,267.972,254.989
1780889909.059475,60.169,-22.0,-0.038,0.013,252.22,267.977,255.071
1780889909.070079,60.056,-20.5,-0.037,0.012,252.184,267.739,255.297
1780889909.0836391,60.507,-19.643,-0.038,0.011,252.079,267.714,255.427
1780889909.098281,60.225,-18.786,-0.037,0.011,252.08,267.55,255.555
1780889909.108696,60.394,-18.429,-0.037,0.011,252.055,267.535,255.593
1780889909.12252,60.113,-17.643,-0.037,0.01,252.083,267.383,255.686
1780889909.136236,60.056,-16.714,-0.037,0.01,252.036,267.268,255.828
1780889909.147479,60.225,-16.071,-0.037,0.009,251.98,267.231,255.917
1780889909.161102,60.169,-15.929,-0.037,0.009,251.997,267.208,255.917
1780889909.171849,59.887,-14.786,-0.037,0.008,251.961,267.032,256.098
1780889909.185405,59.211,-13.286,-0.036,0.007,251.952,266.746,256.34
1780889909.199712,59.211,-13.286,-0.036,0.007,251.952,266.746,256.34
1780889909.233484,57.803,-11.5,-0.035,0.006,252.038,266.323,256.598
1780889909.23377,57.408,-10.643,-0.035,0.006,252.035,266.179,256.72
1780889909.238215,56.676,-10.286,-0.034,0.005,252.122,266.029,256.752
1780889909.2490618,56.0,-9.929,-0.034,0.005,252.198,265.893,256.786
1780889909.262501,54.817,-8.429,-0.033,0.004,252.251,265.572,257.0
1780889909.2729511,53.915,-8.071,-0.032,0.004,252.354,265.401,257.034
1780889909.287214,53.915,-8.071,-0.032,0.004,252.354,265.401,257.034
1780889909.301088,51.944,-7.0,-0.031,0.003,252.551,264.959,257.201
1780889909.311866,50.592,-5.786,-0.03,0.003,252.641,264.628,257.392
1780889909.3253279,49.127,-5.286,-0.029,0.002,252.806,264.358,257.451
1780889909.3360589,48.451,-4.929,-0.028,0.002,252.863,264.251,257.483
1780889909.350264,47.549,-4.357,-0.028,0.002,252.935,264.08,257.557
1780889909.3641,45.183,-3.5,-0.026,0.001,253.18,263.671,257.657
1780889909.374636,45.183,-3.5,-0.026,0.001,253.18,263.671,257.657
1780889909.388837,42.366,-2.643,-0.024,0.001,253.507,263.137,257.787
1780889909.3993332,42.366,-2.643,-0.024,0.001,253.507,263.137,257.787
1780889909.4133592,38.93,-1.643,-0.022,0.0,253.878,262.564,257.913
1780889909.4485278,37.296,-1.286,-0.021,0.0,254.061,262.31,257.951
1780889909.44895,35.944,-1.143,-0.02,0.0,254.218,262.129,257.95
1780889909.451802,34.873,-0.929,-0.019,0.0,254.326,261.99,257.965
1780889909.462328,31.831,-0.857,-0.017,0.0,254.706,261.591,257.933
1780889909.475899,30.141,-0.571,-0.016,0.0,254.898,261.34,257.967
1780889909.486701,29.014,-0.786,-0.015,0.0,255.047,261.235,257.909
1780889909.500823,27.437,-0.5,-0.014,0.0,255.22,261.004,257.946
1780889909.514831,24.338,-0.357,-0.012,0.0,255.594,260.595,257.945
1780889909.525268,22.761,-0.857,-0.011,0.001,255.835,260.444,257.839
1780889909.539386,21.408,-0.571,-0.011,0.001,255.969,260.254,257.882
1780889909.550001,18.028,-0.857,-0.009,0.001,256.417,259.847,257.813
1780889909.5639071,16.394,-1.071,-0.008,0.001,256.638,259.661,257.766
1780889909.578202,14.648,-1.214,-0.006,0.001,256.87,259.45,257.735
1780889909.588799,13.408,-1.429,-0.006,0.001,257.028,259.33,257.691
1780889909.602598,10.986,-1.571,-0.004,0.001,257.367,259.009,257.662
1780889909.613088,8.225,-1.857,-0.002,0.002,257.771,258.651,257.608
1780889909.627531,8.225,-1.857,-0.002,0.002,257.771,258.651,257.608
1780889909.6623418,4.845,-2.643,0.0,0.002,258.319,258.246,257.463
1780889909.662744,1.408,-3.5,0.003,0.003,258.88,257.847,257.309
1780889909.665101,1.408,-3.5,0.003,0.003,258.88,257.847,257.309
1780889909.6756322,-1.69,-4.571,0.005,0.004,259.403,257.527,257.12
1780889909.690044,-3.155,-5.143,0.005,0.004,259.607,257.425,257.027
1780889909.70072,-6.423,-6.214,0.007,0.005,260.07,257.154,256.856
1780889909.714457,-7.944,-6.357,0.008,0.005,260.248,256.997,256.844
1780889909.724946,-9.577,-6.929,0.009,0.005,260.49,256.86,256.754
1780889909.739209,-11.042,-7.714,0.01,0.006,260.726,256.767,256.626
1780889909.752971,-14.197,-8.571,0.012,0.007,261.258,256.414,256.488
1780889909.763468,-14.197,-8.571,0.012,0.007,261.258,256.414,256.488
1780889909.7778602,-17.296,-9.929,0.014,0.008,261.828,256.12,256.262
1780889909.788478,-18.423,-10.786,0.014,0.008,262.006,256.091,256.13
1780889909.8020952,-21.239,-12.071,0.016,0.009,262.429,255.895,255.948
1780889909.815913,-22.535,-12.857,0.017,0.01,262.64,255.823,255.832
1780889909.826615,-23.437,-13.714,0.017,0.01,262.792,255.817,255.705
1780889909.840703,-23.437,-13.714,0.017,0.01,262.792,255.817,255.705
1780889909.877259,-26.197,-14.929,0.019,0.011,263.312,255.551,255.515
1780889909.877737,-28.676,-16.214,0.02,0.012,263.789,255.338,255.316
1780889909.879128,-29.746,-17.214,0.021,0.013,263.983,255.318,255.171
1780889909.889641,-29.746,-17.214,0.021,0.013,263.983,255.318,255.171
1780889909.9034612,-33.352,-19.286,0.023,0.014,264.649,255.054,254.872
1780889909.917803,-33.352,-19.286,0.023,0.014,264.649,255.054,254.872
1780889909.928368,-35.268,-20.714,0.024,0.015,265.049,254.937,254.656
1780889909.942005,-35.831,-21.5,0.024,0.015,265.132,254.968,254.556
1780889909.952662,-37.634,-23.0,0.026,0.016,265.527,254.869,254.331
1780889909.96641,-38.648,-23.357,0.026,0.016,265.653,254.789,254.307
1780889909.980696,-39.324,-24.071,0.026,0.017,265.76,254.79,254.22
1780889909.991251,-40.732,-24.786,0.027,0.017,265.923,254.713,254.164
1780889910.0050938,-41.352,-25.214,0.027,0.017,266.004,254.69,254.121
1780889910.019403,-41.577,-25.786,0.027,0.018,266.031,254.738,254.053
1780889910.0302,-42.366,-26.357,0.027,0.018,266.17,254.696,253.983
1780889910.043829,-42.704,-26.571,0.027,0.018,266.187,254.69,253.974
1780889910.079489,-43.606,-28.071,0.028,0.019,266.456,254.709,253.742
1780889910.079947,-44.169,-28.5,0.028,0.019,266.544,254.683,253.698
1780889910.082558,-44.958,-29.214,0.028,0.02,266.65,254.666,253.632
1780889910.0929651,-44.789,-29.429,0.028,0.02,266.586,254.729,253.62
1780889910.107358,-44.62,-29.786,0.028,0.02,266.544,254.801,253.583
1780889910.121156,-44.676,-30.429,0.028,0.02,266.581,254.86,253.495
1780889910.1318011,-44.789,-30.714,0.028,0.02,266.555,254.887,253.49
1780889910.145447,-44.789,-30.786,0.028,0.02,266.529,254.901,253.497
1780889910.1560352,-44.507,-31.357,0.027,0.021,266.508,255.0,253.417
1780889910.1705759,-44.282,-31.143,0.027,0.02,266.415,255.018,253.471
1780889910.1843112,-43.944,-31.143,0.027,0.02,266.31,255.074,253.5
1780889910.195381,-43.549,-31.357,0.026,0.02,266.243,255.153,253.476
1780889910.209323,-43.099,-31.571,0.026,0.02,266.17,255.239,253.45
1780889910.223084,-42.31,-31.571,0.025,0.02,266.008,255.352,253.469
1780889910.2340102,-41.577,-31.5,0.025,0.02,265.86,255.451,253.491
1780889910.248136,-41.014,-31.357,0.024,0.02,265.741,255.517,253.523
1780889910.2837389,-40.282,-31.0,0.024,0.02,265.571,255.588,253.59
1780889910.284107,-39.042,-30.5,0.023,0.019,265.307,255.712,253.683
1780889910.286039,-38.31,-30.357,0.022,0.019,265.171,255.8,253.708
1780889910.297343,-37.352,-30.071,0.022,0.019,264.982,255.909,253.757
1780889910.311039,-36.338,-29.929,0.021,0.019,264.802,256.038,253.78
1780889910.324863,-34.761,-29.429,0.02,0.019,264.513,256.202,253.859
1780889910.335559,-33.521,-29.0,0.019,0.018,264.271,256.337,253.929
1780889910.349687,-32.676,-28.571,0.018,0.018,264.106,256.409,253.998
1780889910.360358,-31.718,-28.357,0.018,0.018,263.945,256.518,254.028
1780889910.374049,-29.69,-27.714,0.016,0.017,263.551,256.756,254.131
1780889910.388365,-29.69,-27.714,0.016,0.017,263.551,256.756,254.131
1780889910.398987,-27.437,-26.357,0.015,0.016,263.055,256.961,254.358
1780889910.4131021,-25.352,-25.643,0.013,0.016,262.718,257.165,254.452
1780889910.427212,-24.0,-25.357,0.012,0.016,262.505,257.322,254.486
1780889910.438024,-22.704,-24.786,0.012,0.015,262.275,257.443,254.571
1780889910.4516108,-21.746,-23.929,0.011,0.015,262.078,257.484,254.705
1780889910.486222,-19.099,-22.857,0.009,0.014,261.628,257.742,254.856
1780889910.486651,-17.521,-22.286,0.008,0.014,261.36,257.908,254.937
1780889910.490072,-16.507,-22.071,0.008,0.014,261.226,258.016,254.954
1780889910.5004768,-13.577,-20.929,0.006,0.013,260.677,258.346,255.136
1780889910.5142322,-13.577,-20.929,0.006,0.013,260.677,258.346,255.136
1780889910.528734,-10.817,-19.5,0.004,0.012,260.144,258.619,255.365
1780889910.5392,-9.69,-18.929,0.003,0.011,259.977,258.704,255.439
1780889910.5530298,-6.93,-17.786,0.001,0.011,259.557,258.959,255.589
1780889910.563393,-5.296,-17.357,0.0,0.01,259.32,259.142,255.638
1780889910.5777762,-3.944,-16.5,-0.0,0.01,259.09,259.238,255.764
1780889910.591467,-3.944,-16.5,-0.0,0.01,259.09,259.238,255.764
1780889910.6022358,-1.014,-15.214,-0.002,0.009,258.565,259.554,255.966
1780889910.6157818,1.69,-13.643,-0.004,0.008,258.061,259.803,256.216
1780889910.6264682,3.268,-12.929,-0.005,0.007,257.828,259.945,256.31
1780889910.6408808,4.958,-12.5,-0.006,0.007,257.603,260.135,256.352
1780889910.654476,7.606,-11.357,-0.008,0.007,257.242,260.365,256.492
1780889910.690248,8.958,-10.643,-0.008,0.006,257.042,260.473,256.588
1780889910.690662,10.704,-10.5,-0.01,0.006,256.832,260.704,256.582
1780889910.691038,11.775,-9.786,-0.01,0.006,256.676,260.764,256.681
1780889910.703468,14.479,-8.0,-0.012,0.004,256.168,260.999,256.975
1780889910.7178922,14.479,-8.0,-0.012,0.004,256.168,260.999,256.975
1780889910.72854,17.352,-6.929,-0.014,0.004,255.709,261.331,257.134
1780889910.742084,19.775,-5.786,-0.015,0.003,255.401,261.524,257.271
1780889910.752775,21.014,-5.5,-0.016,0.003,255.266,261.657,257.288
1780889910.767105,22.423,-5.0,-0.017,0.003,255.084,261.798,257.347
1780889910.780906,23.549,-4.5,-0.017,0.003,254.944,261.891,257.406
1780889910.791536,26.197,-4.0,-0.019,0.002,254.641,262.201,257.438
1780889910.805054,27.493,-3.786,-0.019,0.002,254.495,262.355,257.449
1780889910.815889,27.493,-3.786,-0.019,0.002,254.495,262.355,257.449
1780889910.8302279,29.521,-2.643,-0.021,0.002,254.158,262.543,257.633
1780889910.843842,30.704,-2.214,-0.021,0.001,254.013,262.656,257.683
1780889910.8544588,33.07,-1.714,-0.023,0.001,253.684,262.971,257.747
1780889910.868804,34.085,-1.0,-0.024,0.001,253.542,263.024,257.851
1780889910.9059122,34.085,-1.0,-0.024,0.001,253.542,263.024,257.851
1780889910.906396,36.676,-0.786,-0.025,0.001,253.276,263.356,257.837
1780889910.907187,37.634,-0.786,-0.025,0.001,253.198,263.476,257.813
1780889910.917792,38.704,-0.5,-0.026,0.001,253.076,263.587,257.845
1780889910.931678,39.155,-0.5,-0.026,0.001,253.068,263.619,257.824
1780889910.9420469,40.845,-0.5,-0.027,0.001,252.926,263.83,257.789
1780889910.95579,41.69,-0.643,-0.027,0.001,252.863,263.952,257.748
1780889910.9663959,42.873,-0.5,-0.028,0.001,252.724,264.107,257.761
1780889910.980833,43.831,-0.5,-0.029,0.001,252.673,264.196,257.738
1780889910.994543,44.62,-0.429,-0.029,0.001,252.591,264.292,257.741
1780889911.005055,45.07,-0.714,-0.029,0.001,252.589,264.366,257.679
1780889911.019576,45.521,-0.714,-0.029,0.001,252.559,264.411,257.672
1780889911.0301728,46.423,-0.786,-0.03,0.002,252.498,264.513,257.648
1780889911.043798,46.423,-0.786,-0.03,0.002,252.498,264.513,257.648
1780889911.0580869,46.423,-0.786,-0.03,0.002,252.498,264.513,257.648
1780889911.0689,47.775,-2.071,-0.031,0.003,252.439,264.863,257.406
1780889911.082185,48.338,-1.929,-0.031,0.002,252.399,264.879,257.436
1780889911.1173172,48.563,-2.643,-0.031,0.003,252.451,264.964,257.306
1780889911.117719,48.507,-2.857,-0.031,0.003,252.499,264.945,257.27
1780889911.121025,48.789,-3.143,-0.031,0.003,252.5,264.999,257.222
1780889911.1316102,48.676,-3.857,-0.03,0.004,252.606,265.005,257.103
1780889911.145317,48.282,-4.286,-0.03,0.004,252.711,264.956,257.033
1780889911.155775,48.563,-4.286,-0.03,0.004,252.678,264.988,257.041
1780889911.170269,48.451,-5.0,-0.03,0.005,252.762,265.025,256.919
1780889911.1839921,47.944,-5.786,-0.03,0.005,252.911,264.981,256.797
1780889911.194686,47.718,-6.071,-0.029,0.005,252.969,264.957,256.757
1780889911.208832,47.268,-6.857,-0.029,0.006,253.1,264.947,256.627
1780889911.2194402,47.437,-6.714,-0.029,0.006,253.058,264.952,256.666
1780889911.233243,46.366,-7.643,-0.028,0.007,253.291,264.846,256.511
1780889911.247704,45.746,-8.5,-0.028,0.007,253.447,264.818,256.371
1780889911.258249,45.408,-9.0,-0.028,0.007,253.527,264.806,256.298
1780889911.271889,44.62,-10.429,-0.027,0.008,253.736,264.807,256.079
1780889911.28244,43.718,-10.786,-0.026,0.009,253.884,264.679,256.035
1780889911.2965271,43.099,-11.214,-0.026,0.009,253.993,264.613,255.978
1780889911.333486,42.366,-11.5,-0.025,0.009,254.106,264.514,255.947
1780889911.3338828,41.014,-12.429,-0.024,0.01,254.341,264.378,255.821
1780889911.334839,40.451,-12.5,-0.024,0.01,254.407,264.293,255.827
1780889911.3491268,39.324,-13.429,-0.023,0.01,254.632,264.197,255.679
1780889911.359839,38.535,-13.929,-0.023,0.011,254.766,264.12,255.609
1780889911.373585,37.127,-14.643,-0.022,0.011,255.011,263.955,255.502
1780889911.384201,36.282,-15.5,-0.021,0.012,255.18,263.909,255.371
1780889911.398804,35.437,-15.929,-0.021,0.012,255.311,263.819,255.318
1780889911.41268,33.465,-16.5,-0.019,0.012,255.587,263.566,255.26
1780889911.422858,32.394,-17.429,-0.019,0.013,255.795,263.493,255.116
1780889911.437363,31.268,-17.214,-0.018,0.013,255.909,263.294,255.175
1780889911.4513578,30.254,-17.786,-0.017,0.013,256.076,263.199,255.093
1780889911.462008,28.225,-18.643,-0.016,0.013,256.383,262.982,254.979
1780889911.47556,27.042,-18.786,-0.015,0.013,256.536,262.817,254.973
1780889911.4863439,25.859,-19.143,-0.014,0.014,256.709,262.676,254.928
1780889911.500449,24.563,-19.643,-0.014,0.014,256.912,262.531,254.857
1780889911.536931,23.493,-19.643,-0.013,0.014,257.033,262.378,254.875
1780889911.537333,21.127,-20.857,-0.011,0.015,257.471,262.122,254.678
1780889911.539135,20.0,-21.429,-0.011,0.015,257.648,262.022,254.597
1780889911.552924,17.634,-22.071,-0.009,0.016,257.974,261.755,254.523
1780889911.563415,16.169,-22.357,-0.008,0.016,258.181,261.571,254.491
1780889911.577853,14.761,-22.5,-0.007,0.016,258.365,261.384,254.484
1780889911.5883331,13.915,-23.071,-0.007,0.016,258.498,261.338,254.4
1780889911.602339,11.155,-23.5,-0.005,0.016,258.875,260.992,254.357
1780889911.6159942,10.141,-23.5,-0.005,0.016,258.983,260.863,254.372
1780889911.626549,8.282,-23.429,-0.003,0.016,259.225,260.585,254.398
1780889911.640692,7.211,-23.5,-0.003,0.016,259.35,260.458,254.397
1780889911.651445,4.62,-24.0,-0.001,0.016,259.711,260.163,254.332
1780889911.665109,3.324,-24.286,-0.0,0.017,259.896,260.021,254.293
1780889911.6793659,2.254,-24.286,0.0,0.017,260.017,259.889,254.303
1780889911.6899981,0.958,-24.214,0.001,0.016,260.17,259.713,254.325
1780889911.703694,-1.634,-24.643,0.003,0.017,260.532,259.42,254.265
1780889911.741112,-2.93,-24.5,0.003,0.017,260.68,259.241,254.298
1780889911.741578,-4.113,-24.714,0.004,0.017,260.845,259.114,254.267
1780889911.7422678,-5.014,-24.5,0.005,0.017,260.921,258.994,254.31
1780889911.7528262,-7.718,-24.571,0.006,0.017,261.278,258.654,254.308
1780889911.767134,-9.014,-24.643,0.007,0.017,261.452,258.498,254.299
1780889911.777729,-9.915,-24.714,0.008,0.017,261.559,258.406,254.29
1780889911.791588,-12.451,-24.643,0.009,0.017,261.883,258.084,254.307
1780889911.8053372,-13.746,-24.357,0.01,0.016,262.026,257.897,254.358
1780889911.815944,-14.592,-24.214,0.01,0.016,262.105,257.797,254.383
1780889911.830438,-15.493,-24.0,0.011,0.016,262.19,257.68,254.42
1780889911.840818,-17.746,-24.0,0.012,0.016,262.485,257.414,254.416
1780889911.85462,-18.93,-23.429,0.013,0.016,262.586,257.219,254.514
1780889911.868862,-19.944,-23.071,0.014,0.015,262.681,257.073,254.572
1780889911.8796601,-20.789,-23.357,0.014,0.016,262.812,257.012,254.517
1780889911.893342,-22.535,-22.714,0.015,0.015,263.009,256.724,254.625
1780889911.907514,-22.986,-22.643,0.015,0.015,263.034,256.694,254.632
1780889911.943434,-22.986,-22.643,0.015,0.015,263.034,256.694,254.632
1780889911.943917,-25.803,-21.714,0.017,0.014,263.347,256.266,254.78
1780889911.944296,-26.31,-21.429,0.017,0.014,263.363,256.209,254.821
1780889911.95611,-26.761,-23.071,0.017,0.016,263.571,256.331,254.524
1780889911.970573,-28.225,-20.071,0.018,0.013,263.481,255.875,255.048
1780889911.981198,-29.352,-19.5,0.019,0.013,263.55,255.741,255.121
1780889911.9949188,-29.859,-19.429,0.019,0.013,263.6,255.7,255.119
1780889912.009423,-30.366,-18.786,0.019,0.012,263.593,255.606,255.218
1780889912.020021,-30.986,-18.357,0.02,0.012,263.631,255.512,255.279
1780889912.033799,-32.0,-17.357,0.02,0.011,263.657,255.345,255.423
1780889912.044385,-32.563,-17.143,0.02,0.011,263.712,255.277,255.444
1780889912.05849,-32.845,-16.714,0.021,0.011,263.695,255.232,255.503
1780889912.07219,-32.845,-16.714,0.021,0.011,263.695,255.232,255.503
1780889912.0828779,-32.845,-16.714,0.021,0.011,263.695,255.232,255.503
1780889912.097045,-32.845,-16.714,0.021,0.011,263.695,255.232,255.503
1780889912.11084,-32.845,-16.714,0.021,0.011,263.695,255.232,255.503
1780889912.1465101,-34.761,-14.0,0.022,0.009,263.717,254.779,255.942
1780889912.146927,-34.817,-13.214,0.022,0.009,263.629,254.741,256.058
1780889912.1473129,-34.93,-12.5,0.022,0.008,263.562,254.698,256.16
1780889912.159926,-35.042,-12.571,0.022,0.008,263.579,254.722,256.121
1780889912.17364,-34.761,-11.714,0.021,0.008,263.424,254.75,256.228
1780889912.184139,-34.648,-11.429,0.021,0.008,263.371,254.768,256.256
1780889912.198524,-34.704,-11.0,0.021,0.007,263.335,254.745,256.311
1780889912.212321,-34.31,-10.857,0.021,0.007,263.25,254.815,256.315
1780889912.222662,-34.31,-10.857,0.021,0.007,263.25,254.815,256.315
1780889912.237152,-34.31,-10.857,0.021,0.007,263.25,254.815,256.315
1780889912.247675,-32.958,-8.857,0.02,0.006,262.809,254.864,256.656
1780889912.2614322,-32.394,-7.929,0.019,0.005,262.643,254.898,256.77
1780889912.2750819,-32.169,-7.857,0.019,0.005,262.611,254.938,256.756
1780889912.285853,-31.324,-7.429,0.018,0.005,262.436,255.039,256.81
1780889912.300035,-30.986,-6.643,0.018,0.005,262.316,255.029,256.93
1780889912.310786,-29.69,-6.0,0.017,0.004,262.069,255.18,256.998
1780889912.324401,-29.014,-5.857,0.016,0.004,261.961,255.273,257.002
1780889912.359553,-28.394,-5.786,0.016,0.004,261.871,255.36,256.993
1780889912.360032,-27.831,-5.5,0.016,0.004,261.771,255.418,257.026
1780889912.3629491,-26.423,-5.714,0.015,0.005,261.602,255.642,256.952
1780889912.373473,-25.746,-5.143,0.014,0.004,261.456,255.686,257.042
1780889912.387981,-25.014,-4.929,0.014,0.004,261.337,255.77,257.065
1780889912.401828,-24.338,-4.929,0.013,0.004,261.251,255.863,257.05
1780889912.412229,-22.704,-4.571,0.012,0.004,260.998,256.056,257.089
1780889912.4260008,-22.028,-4.714,0.012,0.004,260.929,256.158,257.05
1780889912.43716,-21.183,-4.786,0.011,0.004,260.823,256.279,257.027
1780889912.450859,-20.169,-4.429,0.011,0.004,260.648,256.385,257.083
1780889912.461539,-19.324,-4.714,0.01,0.004,260.567,256.522,257.021
1780889912.475115,-17.408,-4.143,0.009,0.004,260.223,256.748,257.117
1780889912.489462,-16.338,-4.214,0.008,0.004,260.089,256.896,257.095
1780889912.500195,-15.268,-4.786,0.007,0.004,260.005,257.089,256.983
1780889912.513844,-13.521,-4.143,0.006,0.004,259.732,257.246,257.086
1780889912.524384,-12.451,-4.357,0.005,0.004,259.614,257.404,257.04
1780889912.538782,-11.38,-4.714,0.005,0.005,259.51,257.575,256.97
1780889912.575758,-9.634,-4.571,0.004,0.004,259.288,257.773,256.988
1780889912.576225,-8.225,-4.929,0.003,0.005,259.129,257.997,256.92
1780889912.5772932,-7.211,-5.5,0.002,0.005,259.056,258.175,256.816
1780889912.5878139,-6.028,-5.643,0.001,0.005,258.914,258.34,256.792
1780889912.60173,-4.169,-5.929,0.0,0.006,258.713,258.586,256.746
1780889912.61221,-3.324,-6.143,-0.0,0.006,258.634,258.703,256.71
1780889912.6259682,-1.972,-6.286,-0.001,0.006,258.465,258.896,256.688
1780889912.6404102,-0.845,-6.786,-0.002,0.006,258.368,259.085,256.601
1780889912.6510022,1.352,-7.143,-0.003,0.006,258.123,259.39,256.547
1780889912.66467,2.423,-7.429,-0.004,0.007,258.015,259.549,256.501
1780889912.675313,3.437,-7.214,-0.004,0.006,257.871,259.65,256.546
1780889912.689533,4.676,-7.857,-0.005,0.007,257.77,259.872,256.435
1780889912.7001479,5.69,-8.143,-0.006,0.007,257.672,260.021,256.391
1780889912.713933,7.662,-9.071,-0.007,0.008,257.48,260.393,256.231
1780889912.728222,8.676,-9.429,-0.008,0.008,257.391,260.544,256.178
1780889912.738936,10.085,-10.0,-0.009,0.008,257.258,260.784,256.087
1780889912.7526531,11.944,-10.5,-0.01,0.009,257.087,261.039,256.021
1780889912.789397,13.352,-10.929,-0.011,0.009,256.94,261.267,255.957
1780889912.7898612,14.254,-11.071,-0.011,0.009,256.849,261.38,255.944
1780889912.7910788,15.38,-11.571,-0.012,0.009,256.754,261.569,255.867
1780889912.8016691,17.408,-12.286,-0.013,0.01,256.572,261.882,255.765
1780889912.815704,18.141,-12.786,-0.013,0.01,256.537,262.004,255.689
1780889912.829957,19.38,-13.071,-0.014,0.01,256.403,262.194,255.652
1780889912.840479,21.127,-13.786,-0.015,0.011,256.26,262.463,255.554
1780889912.854264,21.127,-13.786,-0.015,0.011,256.26,262.463,255.554
1780889912.864793,23.099,-15.143,-0.016,0.012,256.107,262.893,255.327
1780889912.879343,23.887,-15.714,-0.017,0.012,256.069,263.031,255.245
1780889912.8930209,25.634,-16.786,-0.018,0.013,255.956,263.333,255.095
1780889912.903564,26.592,-17.143,-0.018,0.013,255.869,263.483,255.051
1780889912.918035,27.493,-17.571,-0.019,0.013,255.797,263.632,254.994
1780889912.9315798,28.338,-17.714,-0.019,0.013,255.708,263.743,254.988
1780889912.942488,29.521,-18.286,-0.02,0.014,255.632,263.909,254.921
1780889912.956068,29.915,-18.643,-0.02,0.014,255.629,263.968,254.875
1780889912.991658,30.704,-18.571,-0.021,0.014,255.526,264.055,254.903
1780889912.992127,32.169,-19.0,-0.021,0.014,255.388,264.274,254.854
1780889912.994653,32.563,-19.429,-0.022,0.014,255.389,264.347,254.792
1780889913.005214,33.296,-19.643,-0.022,0.014,255.318,264.46,254.767
1780889913.0195541,33.915,-19.786,-0.022,0.014,255.257,264.547,254.755
1780889913.0331562,33.915,-19.786,-0.022,0.014,255.257,264.547,254.755
1780889913.0438411,35.662,-20.357,-0.024,0.015,255.062,264.885,254.666
1780889913.0582101,35.944,-20.857,-0.024,0.015,255.088,264.944,254.592
1780889913.0689301,36.282,-20.929,-0.024,0.015,255.065,264.971,254.593
1780889913.082737,36.845,-21.071,-0.024,0.015,255.031,265.011,254.593
1780889913.096468,36.563,-21.357,-0.024,0.015,255.117,264.955,254.554
1780889913.10738,36.563,-21.357,-0.024,0.015,255.117,264.955,254.554
1780889913.1212301,38.085,-21.786,-0.025,0.016,254.938,265.25,254.489
1780889913.1350021,38.141,-21.714,-0.025,0.016,254.941,265.218,254.512
1780889913.146057,38.366,-21.714,-0.025,0.016,254.923,265.228,254.522
1780889913.1599412,38.704,-21.786,-0.025,0.016,254.893,265.269,254.517
1780889913.1977332,39.042,-22.0,-0.025,0.016,254.888,265.302,254.496
1780889913.198132,38.648,-21.643,-0.025,0.015,254.929,265.168,254.565
1780889913.198503,38.592,-21.571,-0.024,0.015,254.942,265.132,254.582
1780889913.209086,38.873,-21.643,-0.025,0.015,254.914,265.176,254.573
1780889913.2228239,38.535,-21.643,-0.024,0.015,254.981,265.087,254.58
1780889913.2373571,38.366,-21.5,-0.024,0.015,255.001,265.031,254.607
1780889913.2477481,38.423,-21.357,-0.024,0.015,254.984,265.018,254.633
1780889913.2613618,38.423,-21.357,-0.024,0.015,254.984,265.018,254.633
1780889913.271944,38.423,-21.357,-0.024,0.015,254.984,265.018,254.633
1780889913.285685,38.423,-21.357,-0.024,0.015,254.984,265.018,254.633
1780889913.299989,36.732,-20.429,-0.023,0.014,255.166,264.605,254.797
1780889913.310734,36.338,-20.143,-0.022,0.014,255.201,264.513,254.839
1780889913.32447,35.606,-20.0,-0.022,0.014,255.299,264.372,254.86
1780889913.33878,35.606,-20.0,-0.022,0.014,255.295,264.383,254.855
1780889913.349407,34.93,-19.429,-0.021,0.014,255.345,264.21,254.951
1780889913.363301,33.69,-19.5,-0.02,0.014,255.529,264.023,254.926
1780889913.3995662,32.901,-19.357,-0.02,0.014,255.629,263.883,254.947
1780889913.399971,32.563,-19.071,-0.02,0.013,255.646,263.811,254.991
1780889913.401837,31.831,-18.857,-0.019,0.013,255.729,263.677,255.023
1780889913.412266,30.197,-18.643,-0.018,0.013,255.938,263.409,255.047
1780889913.425927,29.69,-18.214,-0.018,0.013,255.963,263.3,255.116
1780889913.440387,29.183,-18.143,-0.017,0.013,256.02,263.229,255.121
1780889913.451076,27.606,-17.429,-0.016,0.012,256.17,262.932,255.232
1780889913.464771,26.986,-17.571,-0.016,0.012,256.262,262.867,255.198
1780889913.4753332,26.197,-17.357,-0.015,0.012,256.348,262.736,255.228
1780889913.489795,25.07,-16.5,-0.015,0.012,256.428,262.483,255.372
1780889913.5035799,23.662,-16.357,-0.014,0.012,256.595,262.292,255.376
1780889913.51404,22.366,-16.5,-0.013,0.012,256.79,262.116,255.341
1780889913.528702,22.366,-16.5,-0.013,0.012,256.79,262.116,255.341
1780889913.5421288,20.901,-15.0,-0.012,0.011,256.861,261.75,255.599
1780889913.552882,20.451,-14.857,-0.012,0.011,256.895,261.7,255.61
1780889913.567265,18.366,-13.929,-0.01,0.01,257.116,261.292,255.762
1780889913.6030478,17.465,-13.571,-0.01,0.01,257.198,261.151,255.809
1780889913.603471,15.662,-12.286,-0.009,0.009,257.311,260.813,256.009
1780889913.604982,14.592,-11.929,-0.008,0.009,257.422,260.646,256.053
1780889913.615587,13.577,-11.429,-0.007,0.008,257.511,260.476,256.124
1780889913.630071,12.676,-11.214,-0.007,0.008,257.608,260.354,256.143
1780889913.643672,10.704,-10.214,-0.006,0.008,257.776,260.026,256.285
1780889913.654272,10.704,-10.214,-0.006,0.008,257.776,260.026,256.285
1780889913.668586,8.451,-9.286,-0.004,0.007,258.023,259.613,256.433
1780889913.6790001,7.718,-9.071,-0.004,0.007,258.089,259.527,256.45
1780889913.692856,5.577,-8.214,-0.002,0.006,258.323,259.147,256.584
1780889913.703425,4.901,-7.929,-0.002,0.006,258.371,259.068,256.613
1780889913.7177641,3.662,-7.214,-0.001,0.006,258.472,258.855,256.721
1780889913.731479,2.761,-6.929,-0.0,0.005,258.558,258.738,256.75
1780889913.742047,1.183,-6.357,0.0,0.005,258.694,258.537,256.812
1780889913.755643,-0.169,-6.286,0.001,0.005,258.876,258.364,256.805
1780889913.7661471,-0.901,-6.0,0.002,0.005,258.935,258.272,256.838
1780889913.7805178,-2.197,-5.5,0.002,0.005,259.067,258.067,256.911
1780889913.8169239,-4.113,-4.929,0.004,0.004,259.26,257.809,256.979
1780889913.817298,-5.127,-4.786,0.004,0.004,259.38,257.684,256.987
1780889913.817564,-6.197,-4.5,0.005,0.004,259.495,257.537,257.023
1780889913.829607,-7.155,-4.357,0.005,0.004,259.606,257.421,257.032
1780889913.843322,-7.944,-4.5,0.006,0.004,259.715,257.357,256.991
1780889913.853961,-9.521,-4.643,0.007,0.005,259.956,257.166,256.952
1780889913.868126,-10.535,-4.357,0.007,0.004,260.06,257.027,256.992
1780889913.878737,-11.155,-4.0,0.008,0.004,260.091,256.943,257.046
1780889913.8926258,-13.07,-3.643,0.009,0.004,260.342,256.655,257.099
1780889913.906872,-13.746,-2.929,0.009,0.003,260.347,256.534,257.217
1780889913.917562,-14.423,-3.786,0.01,0.004,260.507,256.553,257.046
1780889913.931165,-14.423,-3.786,0.01,0.004,260.507,256.553,257.046
1780889913.94174,-16.901,-3.214,0.011,0.004,260.792,256.206,257.129
1780889913.9555368,-17.408,-3.786,0.012,0.004,260.895,256.223,257.016
1780889913.969887,-17.408,-3.786,0.012,0.004,260.895,256.223,257.016
1780889913.9805188,-19.437,-3.429,0.013,0.004,261.166,255.918,257.074
1780889913.994139,-20.169,-3.429,0.013,0.004,261.21,255.889,257.062
1780889914.0309062,-20.394,-4.214,0.013,0.005,261.289,255.963,256.913
1780889914.031198,-21.183,-3.929,0.014,0.005,261.36,255.85,256.963
1780889914.031581,-22.141,-4.571,0.014,0.005,261.516,255.827,256.843
1780889914.043284,-22.761,-4.714,0.014,0.005,261.603,255.773,256.817
1780889914.0575948,-23.268,-4.857,0.015,0.005,261.672,255.736,256.792
1780889914.06817,-24.0,-5.071,0.015,0.005,261.787,255.67,256.754
1780889914.0819688,-24.394,-5.786,0.015,0.006,261.865,255.722,256.631
1780889914.0925171,-24.958,-6.0,0.015,0.006,261.954,255.675,256.596
1780889914.1070411,-25.408,-6.286,0.016,0.006,262.032,255.652,256.55
1780889914.120796,-25.521,-6.643,0.016,0.007,262.058,255.686,256.491
1780889914.1314182,-26.31,-7.214,0.016,0.007,262.198,255.648,256.403
1780889914.145107,-26.197,-8.143,0.016,0.008,262.246,255.764,256.243
1780889914.1556978,-26.366,-8.071,0.016,0.008,262.243,255.742,256.267
1780889914.170228,-26.423,-8.357,0.016,0.008,262.259,255.77,256.225
1780889914.183829,-26.93,-9.214,0.016,0.008,262.39,255.785,256.093
1780889914.1945422,-26.761,-9.643,0.016,0.009,262.383,255.856,256.028
1780889914.208705,-26.761,-9.643,0.016,0.009,262.364,255.861,256.04
1780889914.244328,-26.761,-10.0,0.016,0.009,262.383,255.897,255.987
1780889914.244778,-26.873,-11.286,0.016,0.01,262.5,255.999,255.781
1780889914.247333,-26.704,-11.571,0.016,0.01,262.483,256.05,255.744
1780889914.2577631,-26.761,-11.714,0.016,0.01,262.494,256.053,255.733
1780889914.2716632,-26.423,-12.143,0.015,0.01,262.453,256.14,255.682
1780889914.285365,-25.859,-12.286,0.015,0.01,262.359,256.237,255.669
1780889914.296027,-25.803,-13.071,0.015,0.011,262.422,256.31,255.541
1780889914.310464,-25.521,-13.143,0.015,0.011,262.373,256.353,255.542
1780889914.320956,-24.732,-13.571,0.014,0.011,262.269,256.498,255.491
1780889914.334934,-24.338,-13.786,0.014,0.011,262.221,256.568,255.465
1780889914.3491032,-23.831,-14.357,0.013,0.012,262.19,256.688,255.376
1780889914.35998,-23.268,-14.429,0.013,0.012,262.1,256.769,255.376
1780889914.3737159,-22.592,-15.143,0.012,0.012,262.06,256.91,255.274
1780889914.387969,-22.423,-15.571,0.012,0.012,262.078,256.959,255.211
1780889914.3984342,-21.577,-16.071,0.012,0.013,261.985,257.121,255.135
1780889914.412673,-20.507,-17.143,0.011,0.013,261.92,257.35,254.973
1780889914.450183,-20.225,-17.143,0.011,0.013,261.878,257.372,254.988
1780889914.450582,-19.38,-17.571,0.01,0.014,261.783,257.524,254.927
1780889914.450958,-18.761,-17.786,0.01,0.014,261.707,257.619,254.903
1780889914.461544,-17.408,-18.214,0.009,0.014,261.538,257.825,254.856
1780889914.475258,-16.789,-18.643,0.009,0.014,261.488,257.939,254.793
1780889914.48949,-16.113,-18.714,0.008,0.014,261.394,258.027,254.794
1780889914.500066,-15.268,-19.071,0.008,0.015,261.3,258.169,254.743
1780889914.5137851,-13.746,-19.071,0.007,0.014,261.076,258.357,254.766
1780889914.524204,-12.901,-19.643,0.006,0.015,261.008,258.518,254.675
1780889914.5387342,-12.901,-19.643,0.006,0.015,261.008,258.518,254.675
1780889914.552758,-10.366,-20.071,0.004,0.015,260.668,258.905,254.619
1780889914.5630322,-9.69,-19.143,0.004,0.014,260.49,258.893,254.792
1780889914.577472,-9.69,-19.143,0.004,0.014,260.49,258.893,254.792
1780889914.5880792,-7.718,-20.286,0.002,0.015,260.297,259.29,254.598
1780889914.601867,-7.155,-20.643,0.002,0.015,260.267,259.377,254.545
1780889914.6153548,-5.296,-20.857,0.001,0.016,260.007,259.664,254.518
1780889914.651584,-4.563,-21.143,0.0,0.016,259.945,259.769,254.478
1780889914.651963,-3.944,-21.143,0.0,0.016,259.874,259.829,254.487
1780889914.652234,-1.803,-21.357,-0.001,0.016,259.572,260.165,254.459
1780889914.664604,-1.127,-21.357,-0.002,0.016,259.497,260.231,254.467
1780889914.679008,-0.451,-21.286,-0.002,0.016,259.414,260.292,254.487
1780889914.689439,-0.451,-21.286,-0.002,0.016,259.414,260.292,254.487
1780889914.703066,2.535,-21.214,-0.004,0.016,258.992,260.698,254.512
1780889914.717584,2.535,-21.214,-0.004,0.016,258.992,260.698,254.512
1780889914.728385,4.563,-20.929,-0.006,0.015,258.674,260.967,254.566
1780889914.7418728,6.141,-21.071,-0.006,0.015,258.518,261.152,254.546
1780889914.752439,6.141,-21.071,-0.006,0.015,258.518,261.152,254.546
1780889914.766099,7.662,-20.786,-0.007,0.015,258.288,261.337,254.598
1780889914.7774599,8.507,-20.5,-0.008,0.015,258.169,261.405,254.649
1780889914.791123,10.648,-19.857,-0.009,0.014,257.81,261.663,254.761
1780889914.804862,11.155,-20.071,-0.009,0.015,257.797,261.722,254.72
1780889914.815351,12.225,-19.143,-0.01,0.014,257.587,261.768,254.88
1780889914.830028,12.845,-19.357,-0.01,0.014,257.555,261.852,254.836
1780889914.865844,14.873,-18.929,-0.012,0.014,257.282,262.075,254.901
1780889914.866219,15.38,-18.643,-0.012,0.014,257.22,262.092,254.946
1780889914.868371,16.225,-18.429,-0.012,0.013,257.109,262.179,254.976
1780889914.87904,17.183,-18.071,-0.013,0.013,256.967,262.271,255.032
1780889914.892742,18.423,-17.5,-0.013,0.013,256.802,262.358,255.116
1780889914.907042,19.211,-17.286,-0.014,0.013,256.698,262.44,255.144
1780889914.917619,19.775,-16.929,-0.014,0.012,256.617,262.47,255.198
1780889914.931517,20.789,-17.071,-0.015,0.013,256.546,262.598,255.154
1780889914.945069,21.521,-16.071,-0.015,0.012,256.376,262.596,255.323
1780889914.955681,21.521,-16.071,-0.015,0.012,256.376,262.596,255.323
1780889914.970141,22.986,-15.5,-0.016,0.011,256.132,262.768,255.412
1780889914.980713,24.225,-14.571,-0.017,0.011,255.933,262.836,255.551
1780889914.9943428,24.225,-14.571,-0.017,0.011,255.933,262.836,255.551
1780889915.008657,24.225,-14.571,-0.017,0.011,255.933,262.836,255.551
1780889915.019478,26.141,-14.071,-0.018,0.011,255.63,263.096,255.624
1780889915.033003,26.704,-12.5,-0.018,0.009,255.488,262.981,255.868
1780889915.068258,27.268,-11.857,-0.019,0.009,255.384,262.992,255.963
1780889915.068553,27.549,-11.643,-0.019,0.009,255.36,262.999,255.981
1780889915.071498,28.338,-11.071,-0.019,0.009,255.258,263.041,256.047
1780889915.082037,28.62,-10.929,-0.019,0.009,255.235,263.059,256.055
1780889915.0958579,28.845,-10.714,-0.019,0.008,255.213,263.061,256.076
1780889915.11024,29.352,-10.143,-0.019,0.008,255.114,263.077,256.162
1780889915.120834,29.803,-9.143,-0.02,0.007,255.014,263.028,256.307
1780889915.1345742,29.746,-9.143,-0.019,0.008,255.049,263.008,256.289
1780889915.1490188,30.366,-8.429,-0.02,0.007,254.916,263.036,256.4
1780889915.159631,30.648,-7.929,-0.02,0.007,254.854,263.026,256.472
1780889915.173339,30.817,-7.071,-0.02,0.006,254.801,262.957,256.588
1780889915.183973,30.873,-6.571,-0.02,0.006,254.771,262.912,256.66
1780889915.198304,30.873,-6.357,-0.02,0.006,254.773,262.888,256.679
1780889915.2089841,30.986,-6.214,-0.02,0.006,254.763,262.891,256.687
1780889915.222753,31.099,-5.857,-0.02,0.006,254.748,262.874,256.717
1780889915.237039,31.155,-5.643,-0.02,0.006,254.736,262.862,256.74
1780889915.274868,31.042,-5.357,-0.02,0.005,254.742,262.813,256.777
1780889915.27533,30.817,-5.214,-0.02,0.005,254.777,262.761,256.788
1780889915.2756789,30.93,-5.0,-0.02,0.005,254.761,262.766,256.801
1780889915.285492,30.423,-4.5,-0.019,0.005,254.804,262.629,256.879
1780889915.2996988,30.761,-4.143,-0.02,0.005,254.729,262.658,256.93
1780889915.3102772,30.648,-3.714,-0.019,0.004,254.724,262.607,256.981
1780889915.3239832,30.085,-3.857,-0.019,0.005,254.829,262.53,256.943
1780889915.3346848,30.197,-3.571,-0.019,0.004,254.791,262.528,256.983
1780889915.349077,29.859,-3.786,-0.019,0.005,254.866,262.498,256.933
1780889915.3628259,29.465,-3.5,-0.019,0.005,254.904,262.417,256.967
1780889915.37335,28.901,-3.286,-0.018,0.004,254.971,262.306,256.998
1780889915.3876128,28.845,-3.643,-0.018,0.005,255.01,262.343,256.924
1780889915.398303,28.845,-3.643,-0.018,0.005,255.01,262.343,256.924
1780889915.4121962,27.606,-3.286,-0.017,0.004,255.16,262.116,256.976
1780889915.425708,26.93,-3.286,-0.017,0.005,255.258,262.013,256.969
1780889915.4370198,26.817,-3.429,-0.017,0.005,255.28,262.024,256.937
1780889915.450767,26.366,-3.5,-0.016,0.005,255.347,261.967,256.92
1780889915.487421,25.183,-4.143,-0.015,0.005,255.565,261.856,256.798
1780889915.4878259,24.901,-4.071,-0.015,0.005,255.589,261.816,256.811
1780889915.48946,24.282,-4.143,-0.015,0.005,255.678,261.732,256.797
1780889915.499767,23.606,-4.643,-0.014,0.006,255.812,261.682,256.706
1780889915.5135539,22.592,-4.786,-0.014,0.006,255.947,261.557,256.683
1780889915.524139,21.859,-5.071,-0.013,0.006,256.068,261.477,256.634
1780889915.538573,20.901,-5.571,-0.013,0.006,256.242,261.381,256.547
1780889915.552364,19.944,-5.643,-0.012,0.006,256.353,261.265,256.542
1780889915.5630348,19.437,-6.0,-0.012,0.007,256.442,261.233,256.482
1780889915.577174,18.592,-6.071,-0.011,0.007,256.558,261.115,256.475
1780889915.587789,17.859,-6.429,-0.011,0.007,256.681,261.047,256.416
1780889915.6016378,16.732,-7.071,-0.01,0.007,256.865,260.959,256.313
1780889915.612094,15.493,-7.214,-0.009,0.008,257.047,260.783,256.295
1780889915.6258292,15.437,-7.357,-0.009,0.008,257.04,260.811,256.277
1780889915.6400619,14.31,-7.714,-0.008,0.008,257.223,260.676,256.221
1780889915.650868,13.915,-8.357,-0.008,0.008,257.315,260.695,256.113
1780889915.664479,12.056,-9.286,-0.007,0.009,257.666,260.493,255.958
1780889915.7018828,11.211,-10.0,-0.006,0.01,257.83,260.444,255.843
1780889915.702295,10.704,-10.286,-0.006,0.01,257.9,260.41,255.807
1780889915.70298,9.408,-10.643,-0.005,0.01,258.104,260.25,255.758
1780889915.713515,8.62,-11.929,-0.005,0.011,258.311,260.267,255.545
1780889915.727904,7.662,-11.429,-0.004,0.01,258.378,260.081,255.652
1780889915.738486,6.873,-11.714,-0.004,0.011,258.492,260.003,255.616
1780889915.752278,5.577,-12.0,-0.003,0.011,258.649,259.867,255.594
1780889915.766051,4.451,-12.429,-0.002,0.011,258.834,259.746,255.53
1780889915.777193,3.775,-12.786,-0.002,0.011,258.938,259.694,255.48
1780889915.7908852,3.042,-13.0,-0.001,0.011,259.039,259.619,255.455
1780889915.8015249,1.521,-13.571,-0.001,0.012,259.264,259.474,255.38
1780889915.8155038,1.521,-13.571,-0.001,0.012,259.264,259.474,255.38
1780889915.8299148,-0.394,-14.643,0.001,0.012,259.642,259.285,255.203
1780889915.840209,-1.634,-15.286,0.002,0.013,259.82,259.197,255.12
1780889915.853806,-1.634,-15.286,0.002,0.013,259.82,259.197,255.12
1780889915.864539,-3.437,-16.357,0.003,0.014,260.18,259.029,254.947
1780889915.8788989,-3.831,-16.786,0.003,0.014,260.238,259.033,254.89
1780889915.9163861,-5.239,-17.214,0.004,0.014,260.424,258.896,254.848
1780889915.9166899,-6.254,-17.5,0.004,0.014,260.578,258.783,254.815
1780889915.9171588,-6.761,-17.929,0.005,0.014,260.66,258.767,254.755
1780889915.927776,-7.437,-18.143,0.005,0.015,260.752,258.702,254.734
1780889915.941519,-8.901,-18.357,0.006,0.015,260.938,258.534,254.724
1780889915.9552,-9.465,-18.643,0.006,0.015,261.02,258.494,254.687
1780889915.965736,-10.141,-18.643,0.006,0.015,261.096,258.408,254.7
1780889915.980048,-10.761,-18.786,0.007,0.015,261.177,258.346,254.686
1780889915.990655,-11.887,-19.143,0.007,0.015,261.33,258.244,254.645
1780889916.004595,-12.62,-19.5,0.008,0.015,261.455,258.182,254.593
1780889916.018964,-13.07,-19.714,0.008,0.015,261.518,258.152,254.566
1780889916.029529,-13.521,-19.5,0.008,0.015,261.539,258.081,254.613
1780889916.043156,-14.31,-19.929,0.009,0.015,261.653,258.036,254.555
1780889916.05751,-14.31,-19.929,0.009,0.015,261.653,258.036,254.555
1780889916.068226,-14.31,-19.929,0.009,0.015,261.653,258.036,254.555
1780889916.081813,-16.225,-20.429,0.01,0.016,261.967,257.818,254.484
1780889916.118,-16.676,-20.357,0.01,0.016,262.005,257.761,254.505
1780889916.118449,-17.296,-20.286,0.011,0.016,262.074,257.677,254.524
1780889916.1202219,-17.296,-20.286,0.011,0.016,262.074,257.677,254.524
1780889916.1307142,-17.634,-20.214,0.011,0.015,262.096,257.638,254.542
1780889916.1443741,-17.634,-20.214,0.011,0.015,262.096,257.638,254.542
1780889916.1587,-17.634,-20.214,0.011,0.015,262.096,257.638,254.542
1780889916.169344,-18.986,-20.357,0.012,0.016,262.316,257.457,254.522
1780889916.1829782,-19.549,-20.357,0.012,0.015,262.354,257.413,254.53
1780889916.193687,-19.718,-20.214,0.012,0.015,262.342,257.395,254.559
1780889916.208056,-19.887,-20.071,0.012,0.015,262.332,257.375,254.586
1780889916.221728,-20.056,-20.214,0.012,0.015,262.353,257.38,254.563
1780889916.2322712,-19.944,-20.143,0.012,0.015,262.288,257.424,254.578
1780889916.246391,-20.225,-19.929,0.012,0.015,262.299,257.374,254.617
1780889916.260565,-20.169,-19.5,0.012,0.015,262.231,257.357,254.691
1780889916.2713192,-20.113,-19.357,0.012,0.015,262.184,257.378,254.712
1780889916.2848818,-20.113,-18.929,0.012,0.014,262.133,257.35,254.785
1780889916.323348,-20.169,-18.643,0.012,0.014,262.107,257.326,254.83
1780889916.32382,-20.282,-18.786,0.012,0.014,262.136,257.331,254.8
1780889916.324116,-19.887,-18.571,0.011,0.014,262.039,257.39,254.828
1780889916.334025,-19.662,-18.143,0.011,0.014,261.955,257.394,254.899
1780889916.348552,-19.38,-17.714,0.011,0.013,261.865,257.405,254.968
1780889916.362266,-19.099,-17.214,0.011,0.013,261.773,257.413,255.042
1780889916.37284,-18.704,-16.857,0.01,0.013,261.675,257.448,255.096
1780889916.387087,-18.648,-16.429,0.01,0.013,261.63,257.42,255.163
1780889916.39786,-17.972,-16.857,0.01,0.013,261.564,257.57,255.077
1780889916.411527,-17.972,-16.857,0.01,0.013,261.564,257.57,255.077
1780889916.4251258,-17.239,-15.357,0.009,0.012,261.3,257.549,255.334
1780889916.435793,-16.901,-15.357,0.009,0.012,261.258,257.603,255.321
1780889916.450138,-16.676,-15.0,0.009,0.012,261.199,257.604,255.372
1780889916.463764,-16.056,-14.5,0.008,0.011,261.076,257.652,255.437
1780889916.474478,-16.056,-14.5,0.008,0.011,261.076,257.652,255.437
1780889916.488652,-15.155,-13.357,0.008,0.011,260.829,257.689,255.627
1780889916.525253,-14.535,-13.429,0.007,0.011,260.752,257.791,255.598
1780889916.525686,-13.465,-12.643,0.006,0.01,260.54,257.879,255.708
1780889916.5271502,-13.183,-12.5,0.006,0.01,260.503,257.904,255.718
1780889916.537686,-12.901,-12.429,0.006,0.01,260.472,257.935,255.716
1780889916.551533,-11.268,-11.5,0.005,0.009,260.155,258.095,255.854
1780889916.565291,-11.042,-11.714,0.005,0.01,260.165,258.141,255.801
1780889916.5758028,-10.535,-11.143,0.005,0.009,260.05,258.16,255.891
1780889916.590223,-10.085,-11.214,0.004,0.009,260.007,258.229,255.864
1780889916.6008792,-9.014,-10.429,0.004,0.009,259.804,258.306,255.979
1780889916.6144881,-8.507,-10.143,0.003,0.009,259.719,258.35,256.017
1780889916.628869,-7.775,-9.5,0.003,0.008,259.563,258.397,256.119
1780889916.6393569,-7.268,-9.571,0.003,0.008,259.514,258.473,256.091
1780889916.652905,-6.93,-9.286,0.002,0.008,259.458,258.488,256.129
1780889916.663702,-6.93,-9.286,0.002,0.008,259.458,258.488,256.129
1780889916.677998,-4.901,-8.214,0.001,0.007,259.051,258.705,256.308
1780889916.68874,-4.169,-8.214,0.0,0.008,258.966,258.807,256.291
1780889916.7023208,-3.324,-7.643,-0.0,0.007,258.841,258.857,256.362
1780889916.739574,-2.366,-6.857,-0.001,0.007,258.644,258.923,256.489
1780889916.739991,-1.915,-6.714,-0.001,0.007,258.592,258.966,256.498
1780889916.740742,-1.127,-6.571,-0.001,0.007,258.484,259.064,256.508
1780889916.7513301,-0.169,-6.071,-0.002,0.006,258.348,259.138,256.569
1780889916.765249,0.282,-6.071,-0.002,0.006,258.307,259.195,256.555
1780889916.7757099,1.408,-5.571,-0.003,0.006,258.109,259.315,256.632
1780889916.790093,2.028,-5.714,-0.003,0.006,258.055,259.411,256.592
1780889916.8039439,3.155,-5.286,-0.004,0.006,257.898,259.517,256.645
1780889916.814681,3.887,-5.714,-0.004,0.006,257.851,259.659,256.557
1780889916.828794,4.507,-4.643,-0.005,0.006,257.683,259.638,256.742
1780889916.8394141,5.296,-4.929,-0.005,0.006,257.615,259.776,256.678
1780889916.85345,7.099,-5.143,-0.007,0.006,257.408,260.054,256.619
1780889916.863801,7.437,-5.071,-0.007,0.006,257.379,260.079,256.625
1780889916.878169,7.549,-5.071,-0.007,0.006,257.39,260.074,256.618
1780889916.891693,7.775,-5.143,-0.007,0.006,257.388,260.096,256.599
1780889916.90239,9.239,-4.0,-0.008,0.005,257.105,260.19,256.791
1780889916.915898,10.141,-3.786,-0.008,0.005,256.971,260.3,256.821
1780889916.953453,10.648,-3.714,-0.008,0.005,256.913,260.357,256.825
1780889916.953748,11.268,-3.5,-0.009,0.005,256.824,260.42,256.856
1780889916.954041,11.887,-3.429,-0.009,0.005,256.748,260.496,256.86
1780889916.9650738,11.887,-3.429,-0.009,0.005,256.748,260.496,256.86
1780889916.979535,13.803,-3.571,-0.011,0.005,256.489,260.811,256.826
1780889916.989888,14.761,-3.214,-0.011,0.005,256.369,260.887,256.876
1780889917.003705,15.099,-3.214,-0.011,0.005,256.346,260.919,256.869
1780889917.014129,15.099,-3.214,-0.011,0.005,256.346,260.919,256.869
1780889917.028466,15.099,-3.214,-0.011,0.005,256.346,260.919,256.869
1780889917.0422761,16.958,-3.5,-0.012,0.005,256.14,261.211,256.806
1780889917.052916,17.014,-3.5,-0.012,0.005,256.16,261.194,256.802
1780889917.067193,17.803,-4.0,-0.013,0.006,256.108,261.353,256.708
1780889917.0778399,18.254,-4.071,-0.013,0.006,256.069,261.411,256.694
1780889917.091509,18.93,-4.643,-0.013,0.006,256.062,261.532,256.591
1780889917.105293,19.38,-4.571,-0.014,0.006,256.006,261.577,256.605
1780889917.115752,19.662,-4.786,-0.014,0.006,256.001,261.623,256.568
1780889917.130395,20.282,-4.786,-0.014,0.006,255.924,261.706,256.57
1780889917.168473,20.563,-5.0,-0.014,0.006,255.936,261.73,256.536
1780889917.168892,20.845,-5.286,-0.014,0.007,255.934,261.787,256.487
1780889917.1692622,21.127,-5.571,-0.015,0.007,255.93,261.844,256.439
1780889917.179265,21.521,-5.429,-0.015,0.007,255.87,261.878,256.468
1780889917.192957,21.465,-6.0,-0.015,0.007,255.954,261.889,256.374
1780889917.203477,21.803,-6.071,-0.015,0.007,255.917,261.939,256.366
1780889917.217908,22.31,-6.429,-0.015,0.007,255.88,262.046,256.306
1780889917.2318919,22.028,-6.929,-0.015,0.008,255.978,262.03,256.222
1780889917.242183,22.648,-7.071,-0.015,0.008,255.909,262.121,256.209
1780889917.2559822,23.042,-8.357,-0.015,0.009,255.969,262.304,255.985
1780889917.267416,23.042,-8.571,-0.015,0.009,255.993,262.307,255.959
1780889917.281037,23.324,-8.643,-0.016,0.009,255.96,262.346,255.957
1780889917.294802,23.042,-8.571,-0.015,0.009,256.005,262.261,255.988
1780889917.30532,22.986,-8.429,-0.015,0.009,256.003,262.225,256.022
1780889917.319472,22.986,-8.429,-0.015,0.009,256.003,262.225,256.022
1780889917.33008,22.986,-8.429,-0.015,0.009,256.003,262.225,256.022
1780889917.343606,22.986,-8.429,-0.015,0.009,256.003,262.225,256.022
1780889917.38194,22.986,-8.429,-0.015,0.009,256.003,262.225,256.022
1780889917.382379,22.986,-8.429,-0.015,0.009,256.003,262.225,256.022
1780889917.382695,21.296,-8.357,-0.014,0.009,256.257,261.915,256.047
1780889917.392617,20.845,-8.5,-0.013,0.009,256.336,261.85,256.026
1780889917.4069278,20.338,-8.357,-0.013,0.009,256.396,261.75,256.057
1780889917.417469,20.113,-8.0,-0.013,0.008,256.392,261.679,256.125
1780889917.4311419,19.887,-8.214,-0.013,0.008,256.44,261.667,256.088
1780889917.4449642,19.887,-8.214,-0.013,0.008,256.44,261.667,256.088
1780889917.455418,18.423,-8.5,-0.012,0.009,256.688,261.449,256.04
1780889917.4699788,18.254,-8.571,-0.012,0.009,256.708,261.438,256.031
1780889917.480551,17.465,-8.643,-0.011,0.009,256.813,261.329,256.025
1780889917.494347,16.845,-8.643,-0.011,0.009,256.897,261.235,256.028
1780889917.508406,16.958,-8.714,-0.011,0.009,256.871,261.275,256.018
1780889917.519064,16.958,-8.714,-0.011,0.009,256.871,261.275,256.018
1780889917.533037,14.817,-8.857,-0.009,0.009,257.209,260.936,255.995
1780889917.543338,14.535,-8.357,-0.009,0.008,257.188,260.858,256.088
1780889917.5578508,14.254,-8.929,-0.009,0.009,257.266,260.886,255.986
1780889917.597069,13.972,-8.929,-0.009,0.009,257.291,260.855,255.989
1780889917.597566,13.972,-8.929,-0.009,0.009,257.291,260.855,255.989
1780889917.59791,12.056,-9.071,-0.007,0.009,257.59,260.563,255.966
1780889917.606046,11.775,-9.0,-0.007,0.009,257.604,260.532,255.981
1780889917.620249,11.38,-8.929,-0.007,0.009,257.638,260.481,255.996
1780889917.633847,11.042,-9.214,-0.007,0.009,257.696,260.473,255.947
1780889917.644437,11.042,-9.214,-0.007,0.009,257.696,260.473,255.947
1780889917.6588008,9.296,-9.857,-0.005,0.01,258.012,260.263,255.835
1780889917.6692202,8.507,-9.786,-0.005,0.009,258.104,260.148,255.853
1780889917.6830552,7.831,-9.286,-0.005,0.009,258.11,260.04,255.948
1780889917.694032,6.93,-10.5,-0.004,0.01,258.343,260.03,255.733
1780889917.7080488,6.197,-10.571,-0.004,0.01,258.44,259.938,255.727
1780889917.721828,5.577,-10.643,-0.003,0.01,258.518,259.865,255.72
1780889917.732186,4.789,-11.214,-0.003,0.01,258.642,259.833,255.631
1780889917.746166,4.225,-11.214,-0.003,0.01,258.706,259.761,255.638
1780889917.7573051,3.775,-11.929,-0.002,0.011,258.82,259.775,255.517
1780889917.770994,2.592,-12.643,-0.002,0.011,259.023,259.684,255.409
1780889917.8058639,1.972,-12.857,-0.001,0.012,259.117,259.62,255.381
1780889917.8062458,1.465,-12.929,-0.001,0.012,259.178,259.562,255.378
1780889917.80955,0.901,-13.286,-0.001,0.012,259.276,259.522,255.323
1780889917.8201542,-0.282,-13.929,0.0,0.012,259.475,259.425,255.228
1780889917.833866,-0.845,-14.143,0.0,0.012,259.56,259.371,255.2
1780889917.848151,-1.127,-14.786,0.001,0.013,259.638,259.403,255.097
1780889917.8586571,-1.69,-14.857,0.001,0.013,259.71,259.333,255.096
1780889917.872513,-1.69,-14.857,0.001,0.013,259.71,259.333,255.096
1780889917.8834932,-1.69,-14.857,0.001,0.013,259.71,259.333,255.096
1780889917.897433,-3.718,-15.786,0.002,0.014,260.107,259.105,254.943
1780889917.9112089,-4.113,-16.214,0.003,0.014,260.178,259.101,254.881
1780889917.921942,-4.789,-16.786,0.003,0.014,260.277,259.082,254.809
1780889917.9355059,-5.296,-17.143,0.003,0.014,260.364,259.05,254.76
1780889917.9462779,-5.746,-17.429,0.003,0.015,260.435,259.02,254.723
1780889917.9603221,-6.423,-17.571,0.004,0.015,260.532,258.939,254.711
1780889917.9709089,-6.986,-18.214,0.004,0.015,260.628,258.938,254.624
1780889917.984674,-7.549,-18.143,0.004,0.015,260.687,258.855,254.649
1780889918.025271,-8.056,-18.429,0.005,0.015,260.773,258.814,254.61
1780889918.0255702,-8.394,-18.929,0.005,0.015,260.851,258.821,254.533
1780889918.0258298,-8.958,-18.5,0.005,0.015,260.852,258.719,254.627
1780889918.033801,-9.239,-18.786,0.005,0.015,260.904,258.715,254.585
1780889918.0485,-9.69,-18.571,0.006,0.015,260.936,258.635,254.63
1780889918.0620968,-10.592,-19.286,0.006,0.016,261.115,258.584,254.518
1780889918.072583,-10.873,-19.214,0.006,0.015,261.134,258.545,254.538
1780889918.0869389,-10.592,-19.0,0.006,0.015,261.043,258.584,254.582
1780889918.1008341,-11.042,-18.714,0.006,0.015,261.075,258.496,254.637
1780889918.111444,-11.268,-18.357,0.006,0.015,261.048,258.45,254.703
1780889918.125223,-11.38,-18.286,0.006,0.015,261.047,258.438,254.716
1780889918.135707,-11.606,-18.286,0.006,0.015,261.073,258.412,254.717
1780889918.150066,-11.549,-18.357,0.006,0.015,261.058,258.439,254.704
1780889918.163872,-12.0,-18.857,0.007,0.015,261.162,258.432,254.619
1780889918.174498,-12.282,-18.786,0.007,0.015,261.191,258.388,254.633
1780889918.18878,-12.394,-19.429,0.007,0.016,261.263,258.438,254.523
1780889918.225355,-12.394,-19.214,0.007,0.015,261.219,258.434,254.566
1780889918.225705,-12.732,-19.214,0.007,0.015,261.268,258.385,254.568
1780889918.2274659,-12.676,-19.286,0.007,0.015,261.257,258.407,254.557
1780889918.238079,-12.282,-19.0,0.007,0.015,261.154,258.45,254.609
1780889918.251771,-12.451,-17.929,0.007,0.014,261.068,258.334,254.794
1780889918.265447,-12.451,-17.643,0.007,0.014,261.039,258.314,254.84
1780889918.2759738,-12.282,-17.643,0.006,0.014,261.01,258.347,254.835
1780889918.2904088,-12.338,-17.5,0.006,0.014,261.006,258.33,254.855
1780889918.304368,-12.113,-17.857,0.006,0.014,261.004,258.408,254.783
1780889918.314822,-12.056,-17.714,0.006,0.014,260.981,258.406,254.805
1780889918.3292558,-11.831,-17.071,0.006,0.014,260.882,258.385,254.914
1780889918.339939,-11.437,-16.571,0.006,0.013,260.775,258.407,254.989
1780889918.3536,-11.437,-16.286,0.006,0.013,260.754,258.382,255.032
1780889918.3678799,-11.493,-16.214,0.006,0.013,260.763,258.368,255.037
1780889918.37878,-11.268,-16.286,0.006,0.013,260.737,258.414,255.017
1780889918.392292,-10.761,-14.714,0.005,0.012,260.516,258.352,255.277
1780889918.427847,-10.648,-14.714,0.005,0.012,260.508,258.373,255.265
1780889918.428253,-10.366,-14.143,0.005,0.012,260.415,258.367,255.356
1780889918.430722,-9.859,-13.929,0.005,0.012,260.321,258.43,255.381
1780889918.441225,-9.577,-13.143,0.004,0.011,260.224,258.405,255.494
1780889918.4550169,-9.296,-12.571,0.004,0.011,260.136,258.398,255.583
1780889918.46941,-8.507,-12.5,0.004,0.011,260.013,258.519,255.581
1780889918.480034,-8.62,-12.429,0.004,0.011,260.042,258.492,255.58
1780889918.493584,-8.169,-12.143,0.003,0.011,259.97,258.535,255.606
1780889918.504107,-7.662,-11.929,0.003,0.01,259.88,258.594,255.633
1780889918.518667,-7.211,-11.357,0.003,0.01,259.767,258.61,255.723
1780889918.532272,-6.704,-10.857,0.003,0.01,259.67,258.638,255.787
1780889918.5429661,-6.423,-10.643,0.002,0.01,259.621,258.66,255.812
1780889918.5571358,-5.859,-10.214,0.002,0.009,259.504,258.707,255.877
1780889918.567942,-5.859,-10.214,0.002,0.009,259.504,258.707,255.877
1780889918.5816529,-4.789,-9.571,0.001,0.009,259.306,258.81,255.965
1780889918.5921862,-4.563,-9.214,0.001,0.009,259.256,258.806,256.015
1780889918.6059158,-4.282,-8.714,0.001,0.008,259.184,258.799,256.091
1780889918.64413,-3.831,-8.286,0.001,0.008,259.09,258.827,256.154
1780889918.6445389,-3.493,-8.143,0.0,0.008,259.043,258.862,256.164
1780889918.6448839,-2.592,-7.357,-0.0,0.008,258.844,258.929,256.291
1780889918.6548328,-2.141,-7.429,-0.0,0.008,258.801,259.002,256.262
1780889918.66929,-1.915,-7.286,-0.001,0.008,258.775,259.017,256.273
1780889918.679817,-1.127,-6.786,-0.001,0.007,258.646,259.082,256.335
1780889918.693633,-0.676,-6.0,-0.001,0.007,258.522,259.073,256.463
1780889918.707958,-0.338,-5.929,-0.002,0.007,258.484,259.114,256.46
1780889918.718706,-0.225,-5.571,-0.002,0.007,258.456,259.09,256.51
1780889918.732247,0.901,-5.571,-0.002,0.007,258.318,259.258,256.484
1780889918.742879,1.746,-5.214,-0.003,0.006,258.17,259.353,256.536
1780889918.757225,1.915,-5.357,-0.003,0.007,258.18,259.383,256.498
1780889918.77103,2.479,-4.857,-0.003,0.006,258.065,259.417,256.578
1780889918.781787,3.437,-3.929,-0.004,0.006,257.871,259.464,256.722
1780889918.795688,3.606,-4.571,-0.004,0.006,257.928,259.542,256.593
1780889918.806026,4.056,-4.286,-0.004,0.006,257.85,259.578,256.635
1780889918.820287,4.394,-4.429,-0.004,0.006,257.831,259.636,256.599
1780889918.8585138,5.239,-4.214,-0.005,0.006,257.716,259.73,256.622
1780889918.858921,5.577,-4.143,-0.005,0.006,257.675,259.766,256.628
1780889918.8592541,5.972,-4.143,-0.005,0.006,257.632,259.819,256.62
1780889918.869338,5.972,-4.143,-0.005,0.006,257.632,259.819,256.62
1780889918.882935,7.493,-4.071,-0.006,0.006,257.422,260.038,256.621
1780889918.893586,7.944,-4.143,-0.007,0.006,257.378,260.104,256.602
1780889918.9079812,8.169,-4.143,-0.007,0.006,257.362,260.125,256.598
1780889918.918599,8.676,-4.143,-0.007,0.006,257.301,260.194,256.593
1780889918.932123,9.296,-4.0,-0.007,0.006,257.227,260.252,256.611
1780889918.9428911,9.634,-4.429,-0.008,0.006,257.231,260.335,256.53
1780889918.957231,10.028,-4.429,-0.008,0.006,257.185,260.385,256.528
1780889918.9711401,10.704,-4.0,-0.008,0.006,257.056,260.441,256.604
1780889918.981618,10.986,-4.714,-0.008,0.007,257.111,260.525,256.472
1780889918.995414,11.549,-4.786,-0.009,0.007,257.043,260.611,256.459
1780889919.005982,12.0,-4.714,-0.009,0.007,256.981,260.663,256.472
1780889919.020194,12.0,-4.929,-0.009,0.007,257.015,260.668,256.434
1780889919.033962,12.507,-5.429,-0.009,0.007,257.007,260.771,256.347
1780889919.070743,13.014,-5.857,-0.01,0.008,256.977,260.883,256.272
1780889919.071115,13.183,-6.286,-0.01,0.008,257.0,260.937,256.2
1780889919.071512,13.69,-6.071,-0.01,0.008,256.911,260.985,256.244
1780889919.083043,14.085,-6.643,-0.01,0.008,256.921,261.075,256.152
1780889919.097507,14.31,-7.143,-0.01,0.009,256.94,261.146,256.068
1780889919.108083,14.423,-7.0,-0.01,0.008,256.917,261.135,256.101
1780889919.121751,14.761,-7.929,-0.01,0.009,256.963,261.252,255.948
1780889919.132273,14.873,-7.857,-0.011,0.009,256.944,261.249,255.969
1780889919.1469681,15.155,-8.286,-0.011,0.009,256.944,261.326,255.9
1780889919.1574981,15.268,-8.929,-0.011,0.01,256.99,261.393,255.793
1780889919.171319,15.38,-9.286,-0.011,0.01,257.011,261.418,255.751
1780889919.1852438,15.493,-9.929,-0.011,0.01,257.054,261.487,255.646
1780889919.195793,15.775,-9.929,-0.011,0.01,257.01,261.522,255.657
1780889919.210109,15.718,-10.214,-0.011,0.011,257.047,261.527,255.617
1780889919.223729,15.718,-10.786,-0.011,0.011,257.099,261.559,255.537
1780889919.234427,15.831,-11.143,-0.011,0.011,257.113,261.603,255.485
1780889919.2486541,15.775,-11.143,-0.011,0.011,257.121,261.582,255.496
1780889919.285136,16.113,-11.643,-0.011,0.011,257.112,261.68,255.417
1780889919.285546,15.549,-12.214,-0.011,0.012,257.249,261.619,255.337
1780889919.287481,15.831,-12.357,-0.011,0.012,257.213,261.674,255.323
1780889919.297899,15.718,-12.857,-0.011,0.012,257.274,261.696,255.245
1780889919.311758,15.268,-13.0,-0.01,0.012,257.349,261.616,255.243
1780889919.325453,15.38,-13.143,-0.01,0.012,257.339,261.645,255.227
1780889919.336761,15.324,-13.0,-0.01,0.012,257.33,261.616,255.262
1780889919.350376,15.549,-13.0,-0.011,0.012,257.29,261.651,255.269
1780889919.3608918,16.0,-12.429,-0.011,0.012,257.162,261.664,255.381
1780889919.3747149,15.662,-12.571,-0.011,0.012,257.229,261.617,255.359
1780889919.3891041,15.944,-12.071,-0.011,0.011,257.138,261.613,255.451
1780889919.399573,16.113,-11.857,-0.011,0.011,257.092,261.62,255.489
1780889919.413461,16.169,-11.929,-0.011,0.011,257.093,261.633,255.476
1780889919.427846,16.113,-11.929,-0.011,0.011,257.104,261.622,255.476
1780889919.438476,15.718,-11.429,-0.011,0.011,257.121,261.504,255.565
1780889919.4520671,15.606,-11.429,-0.011,0.011,257.141,261.488,255.56
1780889919.489588,15.549,-11.214,-0.011,0.011,257.13,261.46,255.596
1780889919.489876,15.549,-11.286,-0.011,0.011,257.137,261.47,255.58
1780889919.490722,15.324,-11.071,-0.01,0.011,257.153,261.414,255.616
1780889919.501323,15.042,-10.929,-0.01,0.01,257.184,261.359,255.635
1780889919.515133,15.155,-10.929,-0.01,0.01,257.165,261.383,255.631
1780889919.529444,14.93,-10.643,-0.01,0.01,257.174,261.321,255.679
1780889919.539944,14.93,-10.286,-0.01,0.01,257.14,261.292,255.738
1780889919.55371,14.592,-9.643,-0.01,0.01,257.135,261.184,255.842
1780889919.5642612,14.197,-9.357,-0.01,0.009,257.171,261.097,255.885
1780889919.579048,14.085,-9.714,-0.01,0.01,257.22,261.123,255.814
1780889919.592482,13.803,-9.429,-0.009,0.009,257.234,261.065,255.854
1780889919.603041,13.465,-9.143,-0.009,0.009,257.259,260.988,255.899
1780889919.617158,13.465,-9.143,-0.009,0.009,257.259,260.988,255.899
1780889919.627755,13.465,-9.143,-0.009,0.009,257.259,260.988,255.899
1780889919.641495,13.465,-9.143,-0.009,0.009,257.259,260.988,255.899
1780889919.652108,12.0,-8.714,-0.008,0.009,257.449,260.709,255.969
1780889919.6655931,11.887,-8.643,-0.008,0.009,257.453,260.699,255.974
1780889919.701072,11.437,-8.857,-0.008,0.009,257.537,260.66,255.929
1780889919.701497,11.042,-8.0,-0.007,0.009,257.505,260.541,256.07
1780889919.704339,10.592,-8.0,-0.007,0.009,257.57,260.481,256.062
1780889919.714818,10.31,-7.786,-0.007,0.008,257.587,260.43,256.092
1780889919.729205,10.31,-7.786,-0.007,0.008,257.587,260.43,256.092
1780889919.742858,9.352,-7.786,-0.006,0.008,257.732,260.286,256.085
1780889919.7534919,9.07,-7.286,-0.006,0.008,257.721,260.21,256.167
1780889919.7678201,8.732,-7.643,-0.006,0.008,257.798,260.207,256.094
1780889919.778558,8.563,-7.286,-0.006,0.008,257.781,260.163,256.152
1780889919.792292,7.662,-6.786,-0.005,0.008,257.86,260.001,256.226
1780889919.802902,7.155,-6.929,-0.005,0.008,257.944,259.95,256.192
1780889919.817387,6.817,-6.571,-0.005,0.008,257.954,259.879,256.25
1780889919.830899,6.423,-6.786,-0.004,0.008,258.026,259.853,256.204
1780889919.841658,5.577,-6.071,-0.004,0.007,258.073,259.683,256.318
1780889919.855272,5.352,-5.929,-0.004,0.007,258.085,259.652,256.336
1780889919.8657541,5.127,-6.0,-0.004,0.007,258.117,259.641,256.315
1780889919.880265,4.563,-5.786,-0.003,0.007,258.177,259.546,256.347
1780889919.917112,3.944,-5.643,-0.003,0.007,258.24,259.47,256.358
1780889919.9175198,3.38,-5.286,-0.003,0.007,258.286,259.361,256.416
1780889919.917896,3.324,-5.357,-0.003,0.007,258.29,259.378,256.396
1780889919.929447,3.099,-5.143,-0.003,0.007,258.296,259.338,256.428
1780889919.943071,2.31,-5.429,-0.002,0.007,258.428,259.271,256.365
1780889919.953666,1.972,-5.214,-0.002,0.007,258.451,259.211,256.399
1780889919.9680908,1.183,-5.143,-0.001,0.007,258.561,259.092,256.407
1780889919.978555,1.07,-5.286,-0.001,0.007,258.579,259.105,256.377
1780889919.9927108,0.169,-5.929,-0.001,0.008,258.759,259.051,256.256
1780889920.0028958,-0.225,-5.5,-0.0,0.007,258.768,258.962,256.332
1780889920.0172522,-0.056,-5.714,-0.001,0.008,258.746,259.026,256.292
1780889920.030956,-0.225,-5.786,-0.001,0.008,258.768,259.019,256.278
1780889920.041579,-1.239,-6.786,0.0,0.008,258.998,258.973,256.102
1780889920.055318,-1.239,-6.714,-0.0,0.008,258.976,258.979,256.118
1780889920.066227,-1.014,-6.786,-0.0,0.008,258.931,259.033,256.108
1780889920.080509,-1.746,-7.071,0.0,0.009,259.066,258.949,256.059
1780889920.094081,-2.31,-7.071,0.001,0.009,259.131,258.879,256.065
1780889920.1318321,-2.93,-7.571,0.001,0.009,259.266,258.835,255.979
1780889920.1321778,-2.93,-7.429,0.001,0.009,259.237,258.832,256.009
1780889920.132443,-3.549,-7.714,0.001,0.009,259.351,258.768,255.962
1780889920.143178,-4.169,-8.429,0.002,0.01,259.489,258.755,255.845
1780889920.153962,-3.944,-8.357,0.002,0.009,259.429,258.794,255.864
1780889920.1680782,-4.338,-9.429,0.002,0.01,259.582,258.839,255.679
1780889920.178658,-4.451,-9.429,0.002,0.01,259.584,258.826,255.689
1780889920.192436,-4.732,-9.643,0.002,0.01,259.62,258.814,255.667
1780889920.2068968,-5.127,-9.786,0.002,0.01,259.685,258.768,255.649
1780889920.2173069,-5.127,-10.0,0.002,0.011,259.691,258.794,255.619
1780889920.230963,-5.352,-10.214,0.002,0.011,259.736,258.783,255.588
1780889920.241465,-5.803,-10.714,0.003,0.011,259.831,258.766,255.515
1780889920.2552488,-6.085,-10.5,0.003,0.011,259.844,258.705,255.561
1780889920.2694988,-6.197,-10.714,0.003,0.011,259.87,258.713,255.53
1780889920.280236,-6.366,-10.714,0.003,0.011,259.886,258.69,255.536
1780889920.2938082,-6.648,-11.357,0.003,0.011,259.969,258.715,255.435
1780889920.304553,-6.817,-11.429,0.003,0.011,259.992,258.698,255.43
1780889920.318824,-6.93,-11.714,0.003,0.012,260.027,258.711,255.386
1780889920.3574169,-7.099,-12.214,0.003,0.012,260.082,258.736,255.312
1780889920.357891,-6.93,-12.214,0.003,0.012,260.043,258.766,255.32
1780889920.35823,-7.437,-12.286,0.003,0.012,260.125,258.692,255.314
1780889920.367855,-7.38,-13.214,0.003,0.013,260.195,258.791,255.157
1780889920.381856,-7.437,-13.571,0.003,0.013,260.217,258.817,255.112
1780889920.392214,-7.718,-13.286,0.004,0.013,260.227,258.744,255.171
1780889920.406602,-7.437,-13.5,0.003,0.013,260.191,258.811,255.141
1780889920.420295,-7.662,-13.286,0.004,0.013,260.2,258.754,255.186
1780889920.430801,-7.718,-12.571,0.004,0.012,260.127,258.682,255.321
1780889920.4445891,-7.775,-12.786,0.004,0.012,260.153,258.696,255.284
1780889920.455161,-7.662,-12.0,0.003,0.011,260.055,258.643,255.425
1780889920.469892,-7.944,-12.071,0.004,0.011,260.107,258.607,255.411
1780889920.4831512,-7.718,-11.786,0.003,0.011,260.038,258.625,255.457
1780889920.493796,-7.775,-11.357,0.003,0.011,260.006,258.579,255.531
1780889920.508009,-7.662,-11.214,0.003,0.011,259.974,258.587,255.552
1780889920.51884,-7.775,-10.857,0.003,0.011,259.96,258.539,255.611
1780889920.5322602,-7.887,-10.714,0.004,0.011,259.968,258.514,255.627
1780889920.569393,-7.493,-10.786,0.003,0.011,259.911,258.589,255.609
1780889920.569729,-7.437,-10.214,0.003,0.01,259.85,258.547,255.706
1780889920.5708768,-7.38,-10.357,0.003,0.01,259.858,258.573,255.674
1780889920.581367,-7.099,-10.143,0.003,0.01,259.799,258.603,255.7
1780889920.595258,-7.099,-9.929,0.003,0.01,259.784,258.584,255.732
1780889920.6095412,-7.042,-9.929,0.003,0.01,259.779,258.595,255.727
1780889920.620076,-6.817,-9.643,0.003,0.01,259.719,258.605,255.772
1780889920.633781,-6.592,-9.571,0.003,0.01,259.687,258.636,255.773
1780889920.644379,-6.704,-9.429,0.003,0.01,259.697,258.604,255.793
1780889920.6584451,-6.592,-9.214,0.003,0.01,259.664,258.603,255.826
1780889920.669049,-6.592,-9.214,0.003,0.01,259.664,258.603,255.826
1780889920.682518,-6.592,-9.214,0.003,0.01,259.664,258.603,255.826
1780889920.693245,-6.592,-9.214,0.003,0.01,259.664,258.603,255.826
1780889920.707497,-6.592,-9.214,0.003,0.01,259.664,258.603,255.826
1780889920.7212858,-6.592,-9.214,0.003,0.01,259.664,258.603,255.826
1780889920.731667,-5.183,-7.857,0.002,0.009,259.322,258.704,256.051
1780889920.745495,-4.789,-7.786,0.001,0.009,259.263,258.76,256.054
1780889920.782685,-4.845,-7.571,0.001,0.008,259.266,258.727,256.082
1780889920.782965,-4.732,-7.357,0.001,0.008,259.239,258.724,256.111
1780889920.78322,-4.282,-6.857,0.001,0.008,259.143,258.745,256.181
1780889920.794587,-4.056,-7.0,0.001,0.008,259.132,258.794,256.145
1780889920.8088582,-3.606,-6.714,0.001,0.008,259.044,258.837,256.188
1780889920.819562,-3.437,-6.714,0.0,0.008,259.029,258.861,256.179
1780889920.833211,-3.268,-6.643,0.0,0.008,259.02,258.874,256.175
1780889920.843758,-2.817,-6.929,0.0,0.008,258.984,258.971,256.117
1780889920.8580852,-2.366,-6.571,-0.0,0.008,258.888,259.005,256.176
1780889920.868778,-2.254,-6.714,-0.0,0.008,258.896,259.03,256.145
1780889920.882333,-1.408,-6.429,-0.001,0.008,258.755,259.13,256.185
1780889920.897187,-1.127,-6.786,-0.001,0.008,258.756,259.202,256.116
1780889920.907349,-1.183,-6.571,-0.001,0.008,258.757,259.163,256.151
1780889920.9210749,-1.014,-6.5,-0.001,0.008,258.735,259.176,256.16
1780889920.931446,-0.225,-5.571,-0.002,0.007,258.547,259.202,256.316
1780889920.945518,-0.169,-5.786,-0.002,0.008,258.572,259.224,256.27
1780889920.959616,-0.338,-5.5,-0.001,0.007,258.585,259.163,256.316
1780889920.9980621,-0.225,-6.0,-0.001,0.008,258.635,259.219,256.215
1780889920.9984498,-0.225,-5.714,-0.001,0.008,258.616,259.186,256.264
1780889920.998724,-0.113,-5.5,-0.001,0.007,258.586,259.18,256.299
1780889921.0086248,-0.113,-5.714,-0.001,0.008,258.614,259.197,256.256
1780889921.019256,0.958,-6.143,-0.002,0.008,258.495,259.406,256.172
1780889921.0329258,1.183,-6.214,-0.002,0.008,258.474,259.441,256.159
1780889921.047393,1.352,-6.214,-0.002,0.008,258.455,259.461,256.159
1780889921.0579789,1.746,-6.5,-0.003,0.008,258.426,259.544,256.107
1780889921.0719712,2.197,-6.571,-0.003,0.008,258.377,259.606,256.097
1780889921.082398,2.366,-6.857,-0.003,0.009,258.385,259.651,256.047
1780889921.096016,2.423,-6.857,-0.003,0.009,258.383,259.65,256.049
1780889921.1070452,2.704,-6.571,-0.003,0.008,258.318,259.661,256.102
1780889921.120903,3.324,-6.714,-0.004,0.008,258.248,259.758,256.078
1780889921.134891,3.437,-6.643,-0.004,0.008,258.232,259.76,256.092
1780889921.1454852,3.887,-7.071,-0.004,0.009,258.208,259.867,256.015
1780889921.159735,4.169,-7.0,-0.004,0.009,258.164,259.896,256.03
1780889921.17028,4.676,-7.5,-0.005,0.009,258.145,260.005,255.946
1780889921.183964,4.789,-7.714,-0.005,0.009,258.155,260.033,255.911
1780889921.222584,4.958,-7.786,-0.005,0.009,258.142,260.057,255.902
1780889921.222881,5.183,-8.286,-0.005,0.01,258.159,260.131,255.816
1780889921.223138,5.408,-8.714,-0.005,0.01,258.175,260.186,255.75
1780889921.233176,5.746,-9.071,-0.005,0.01,258.158,260.265,255.692
1780889921.2472699,5.746,-9.214,-0.005,0.01,258.176,260.267,255.674
1780889921.257546,5.746,-9.214,-0.005,0.01,258.176,260.267,255.674
1780889921.271286,5.746,-9.214,-0.005,0.01,258.176,260.267,255.674
1780889921.281775,5.746,-9.214,-0.005,0.01,258.176,260.267,255.674
1780889921.295572,5.746,-9.214,-0.005,0.01,258.176,260.267,255.674
1780889921.3067698,7.437,-9.214,-0.006,0.01,257.909,260.539,255.681
1780889921.320558,7.549,-9.643,-0.006,0.011,257.95,260.565,255.617
1780889921.3343759,8.225,-10.571,-0.007,0.011,257.935,260.754,255.458
1780889921.345182,8.056,-10.5,-0.007,0.011,257.963,260.7,255.481
1780889921.35934,8.056,-10.286,-0.007,0.011,257.949,260.663,255.528
1780889921.3698728,8.451,-9.857,-0.007,0.011,257.858,260.662,255.615
1780889921.383789,8.507,-9.929,-0.007,0.011,257.863,260.667,255.606
1780889921.394218,8.62,-9.786,-0.007,0.01,257.839,260.662,255.635
1780889921.40848,8.789,-9.571,-0.007,0.01,257.799,260.66,255.675
1780889921.44517,9.07,-9.929,-0.007,0.011,257.801,260.724,255.614
1780889921.445583,9.07,-9.929,-0.007,0.011,257.801,260.724,255.614
1780889921.4467971,9.07,-9.929,-0.007,0.011,257.801,260.724,255.614
1780889921.457143,9.07,-9.929,-0.007,0.011,257.801,260.724,255.614
1780889921.470752,9.07,-9.929,-0.007,0.011,257.801,260.724,255.614
1780889921.4814458,9.07,-9.929,-0.007,0.011,257.801,260.724,255.614
1780889921.494921,9.07,-9.929,-0.007,0.011,257.801,260.724,255.614
1780889921.5091462,9.07,-9.929,-0.007,0.011,257.801,260.724,255.614
1780889921.5197718,9.07,-9.929,-0.007,0.011,257.801,260.724,255.614
1780889921.533497,10.648,-9.5,-0.008,0.01,257.516,260.94,255.692
1780889921.5440252,10.479,-9.929,-0.008,0.011,257.595,260.94,255.616
1780889921.558439,10.535,-9.214,-0.008,0.01,257.53,260.868,255.745
1780889921.569161,11.042,-9.429,-0.008,0.01,257.479,260.965,255.706
1780889921.5827048,11.268,-9.286,-0.009,0.01,257.452,260.968,255.729
1780889921.597009,11.211,-9.357,-0.008,0.01,257.477,260.956,255.716
1780889921.60757,11.099,-9.429,-0.008,0.01,257.51,260.936,255.702
1780889921.621428,10.986,-9.643,-0.008,0.01,257.561,260.925,255.662
1780889921.660028,10.817,-9.5,-0.008,0.01,257.579,260.877,255.688
1780889921.660379,10.761,-9.429,-0.008,0.01,257.586,260.857,255.701
1780889921.660712,10.761,-9.643,-0.008,0.01,257.609,260.874,255.663
1780889921.670568,10.592,-9.357,-0.008,0.01,257.613,260.813,255.715
1780889921.684416,10.648,-9.071,-0.008,0.01,257.58,260.793,255.765
1780889921.694871,10.873,-9.214,-0.008,0.01,257.56,260.845,255.737
1780889921.7091122,10.366,-9.143,-0.008,0.01,257.637,260.751,255.748
1780889921.7227268,10.366,-9.143,-0.008,0.01,257.637,260.751,255.748
1780889921.733243,10.366,-9.143,-0.008,0.01,257.637,260.751,255.748
1780889921.74749,10.366,-9.143,-0.008,0.01,257.637,260.751,255.748
1780889921.75799,10.366,-9.143,-0.008,0.01,257.637,260.751,255.748
1780889921.771605,10.366,-9.143,-0.008,0.01,257.637,260.751,255.748
1780889921.7852328,10.366,-9.143,-0.008,0.01,257.637,260.751,255.748
1780889921.7957828,10.366,-9.143,-0.008,0.01,257.637,260.751,255.748
1780889921.809869,10.366,-9.143,-0.008,0.01,257.637,260.751,255.748
1780889921.820401,10.366,-9.143,-0.008,0.01,257.637,260.751,255.748
1780889921.834063,10.366,-9.143,-0.008,0.01,257.637,260.751,255.748
1780889921.87214,10.366,-9.143,-0.008,0.01,257.637,260.751,255.748
1780889921.872561,10.366,-9.143,-0.008,0.01,257.637,260.751,255.748
1780889921.8729,10.366,-9.143,-0.008,0.01,257.637,260.751,255.748
1780889921.882782,10.366,-9.143,-0.008,0.01,257.637,260.751,255.748
1780889921.897144,10.366,-9.143,-0.008,0.01,257.637,260.751,255.748
1780889921.907469,0.0,0.0,0.0,0.0,258.008,258.008,258.008
1780889921.921221,8.507,-7.786,-0.005,0.005,257.517,259.595,256.946
1780889921.9348748,8.507,-7.786,-0.005,0.005,257.517,259.595,256.946
1780889921.945724,8.507,-7.786,-0.005,0.005,257.517,259.595,256.946
1780889921.95991,7.831,-7.714,-0.005,0.005,257.619,259.478,256.958
1780889921.970382,7.268,-7.786,-0.004,0.005,257.714,259.395,256.943
1780889921.9840262,7.042,-7.643,-0.004,0.005,257.732,259.35,256.968
1780889921.994724,7.211,-7.714,-0.004,0.005,257.708,259.391,256.953
1780889922.00894,7.042,-7.643,-0.004,0.005,257.725,259.361,256.965
1780889922.019579,7.211,-8.0,-0.004,0.005,257.724,259.432,256.898
1780889922.033144,7.042,-8.429,-0.004,0.005,257.788,259.448,256.82
1780889922.047555,6.873,-8.714,-0.004,0.005,257.837,259.45,256.77
1780889922.085508,6.986,-9.357,-0.004,0.006,257.872,259.532,256.657
1780889922.08594,6.817,-10.286,-0.004,0.007,257.974,259.594,256.498
1780889922.086325,6.817,-10.286,-0.004,0.007,257.967,259.593,256.507
1780889922.0967412,6.873,-10.5,-0.004,0.007,257.971,259.621,256.476
1780889922.1104069,6.817,-10.357,-0.004,0.007,257.96,259.597,256.509
1780889922.120895,6.197,-11.429,-0.004,0.007,258.147,259.595,256.329
1780889922.134676,6.704,-11.714,-0.004,0.008,258.083,259.706,256.287
1780889922.145334,6.479,-11.929,-0.004,0.008,258.132,259.686,256.258
1780889922.159602,6.366,-12.5,-0.004,0.008,258.195,259.72,256.165
1780889922.170354,6.085,-12.929,-0.004,0.008,258.263,259.708,256.11
1780889922.184041,6.254,-13.286,-0.004,0.009,258.26,259.768,256.057
1780889922.1983418,5.972,-13.929,-0.003,0.009,258.357,259.78,255.953
1780889922.208415,5.972,-13.929,-0.003,0.009,258.357,259.78,255.953
1780889922.222044,5.972,-13.929,-0.003,0.009,258.357,259.78,255.953
1780889922.232517,5.972,-13.929,-0.003,0.009,258.357,259.78,255.953
1780889922.2469912,5.972,-13.929,-0.003,0.009,258.357,259.78,255.953
1780889922.2606568,5.296,-16.286,-0.003,0.011,258.676,259.89,255.546
1780889922.2968519,4.958,-16.929,-0.003,0.011,258.757,259.884,255.476
1780889922.2972538,5.239,-17.429,-0.003,0.012,258.741,259.974,255.407
1780889922.297527,5.296,-17.786,-0.003,0.012,258.75,260.011,255.363
1780889922.309729,5.296,-18.0,-0.003,0.012,258.756,260.025,255.345
1780889922.323522,4.958,-18.929,-0.003,0.012,258.872,260.045,255.218
1780889922.333984,4.845,-19.0,-0.003,0.012,258.883,260.027,255.224
1780889922.3482811,4.732,-19.643,-0.003,0.013,258.948,260.065,255.127
1780889922.358763,4.451,-20.071,-0.003,0.013,259.021,260.054,255.069
1780889922.372672,4.225,-20.714,-0.002,0.013,259.09,260.07,254.991
1780889922.403327,4.338,-20.929,-0.002,0.013,259.078,260.105,254.97
1780889922.403658,4.056,-21.571,-0.002,0.014,259.172,260.115,254.872
1780889922.411377,4.056,-22.214,-0.002,0.014,259.205,260.169,254.793
1780889922.4219441,3.38,-22.571,-0.002,0.015,259.337,260.086,254.747
1780889922.4357681,3.831,-22.714,-0.002,0.015,259.262,260.172,254.737
1780889922.450273,3.887,-23.357,-0.002,0.015,259.301,260.24,254.64
1780889922.460779,3.493,-23.429,-0.002,0.015,259.351,260.171,254.656
1780889922.474484,3.775,-23.786,-0.002,0.015,259.327,260.25,254.607
1780889922.5095859,3.549,-24.0,-0.002,0.015,259.375,260.228,254.582
1780889922.5098891,3.662,-24.357,-0.002,0.015,259.38,260.278,254.532
1780889922.513066,3.493,-24.214,-0.002,0.015,259.376,260.229,254.581
1780889922.523613,3.437,-24.286,-0.002,0.015,259.384,260.224,254.578
1780889922.538044,3.606,-25.143,-0.002,0.016,259.43,260.333,254.437
1780889922.548578,3.38,-25.357,-0.002,0.016,259.479,260.312,254.41
1780889922.5623639,3.549,-25.929,-0.002,0.016,259.49,260.387,254.332
1780889922.572868,3.831,-26.071,-0.002,0.016,259.45,260.444,254.318
1780889922.587462,3.493,-25.929,-0.002,0.016,259.486,260.368,254.353
1780889922.6142201,3.549,-25.786,-0.002,0.016,259.457,260.361,254.386
1780889922.614517,3.718,-25.929,-0.002,0.016,259.435,260.398,254.374
1780889922.6253262,3.775,-25.786,-0.002,0.016,259.408,260.391,254.404
1780889922.636586,4.0,-25.929,-0.003,0.016,259.382,260.44,254.384
1780889922.6503198,3.775,-25.786,-0.002,0.016,259.402,260.384,254.417
1780889922.664084,3.775,-25.929,-0.002,0.016,259.414,260.396,254.394
1780889922.674544,3.493,-25.786,-0.002,0.016,259.445,260.334,254.422
1780889922.6889658,3.775,-25.929,-0.002,0.016,259.409,260.396,254.399
1780889922.699507,3.944,-25.5,-0.003,0.016,259.339,260.381,254.476
1780889922.713341,3.944,-25.643,-0.003,0.016,259.354,260.395,254.451
1780889922.7277231,3.944,-25.357,-0.003,0.016,259.327,260.367,254.501
1780889922.738194,4.0,-25.143,-0.003,0.015,259.299,260.356,254.537
1780889922.752077,4.056,-24.929,-0.003,0.015,259.273,260.347,254.569
1780889922.7626612,4.056,-24.714,-0.003,0.015,259.255,260.327,254.603
1780889922.777007,4.056,-24.429,-0.003,0.015,259.23,260.301,254.649
1780889922.790717,4.169,-24.286,-0.003,0.015,259.201,260.309,254.67
1780889922.8289459,4.338,-23.857,-0.003,0.015,259.141,260.301,254.732
1780889922.829343,4.338,-23.429,-0.003,0.014,259.105,260.262,254.801
1780889922.8297138,4.338,-22.643,-0.003,0.014,259.037,260.189,254.931
1780889922.839819,4.451,-22.714,-0.003,0.014,259.032,260.219,254.908
1780889922.8535922,4.282,-22.214,-0.003,0.013,259.024,260.15,254.978
1780889922.8642619,4.507,-22.0,-0.003,0.013,258.973,260.172,255.006
1780889922.878589,4.563,-21.571,-0.003,0.013,258.93,260.145,255.072
1780889922.889211,4.282,-21.071,-0.003,0.013,258.936,260.054,255.149
1780889922.9030368,4.338,-20.571,-0.003,0.012,258.893,260.03,255.211
1780889922.917411,4.225,-20.286,-0.003,0.012,258.891,259.99,255.25
1780889922.927978,4.0,-19.429,-0.002,0.012,258.854,259.878,255.389
1780889922.941565,4.113,-19.0,-0.003,0.011,258.808,259.874,255.436
1780889922.952178,4.789,-18.857,-0.003,0.011,258.692,259.981,255.447
1780889922.966628,4.732,-18.429,-0.003,0.011,258.67,259.935,255.51
1780889922.977365,4.676,-18.214,-0.003,0.011,258.668,259.911,255.533
1780889922.990954,4.901,-17.929,-0.003,0.011,258.623,259.933,255.556
1780889923.004642,5.07,-17.714,-0.003,0.011,258.584,259.945,255.582
1780889923.0431302,5.296,-17.714,-0.003,0.011,258.556,259.987,255.57
1780889923.043603,5.408,-17.071,-0.004,0.01,258.487,259.947,255.673
1780889923.043921,5.577,-16.357,-0.004,0.01,258.412,259.916,255.774
1780889923.053952,5.972,-16.357,-0.004,0.01,258.358,259.986,255.76
1780889923.068233,5.972,-16.071,-0.004,0.01,258.343,259.96,255.798
1780889923.07878,5.746,-16.214,-0.004,0.01,258.403,259.939,255.76
1780889923.092392,5.746,-16.214,-0.004,0.01,258.403,259.939,255.76
1780889923.102902,5.746,-16.214,-0.004,0.01,258.403,259.939,255.76
1780889923.117276,6.028,-14.714,-0.004,0.009,258.226,259.846,256.017
1780889923.131009,6.028,-14.714,-0.004,0.009,258.226,259.846,256.017
1780889923.141663,6.254,-13.571,-0.004,0.008,258.11,259.785,256.186
1780889923.155425,5.859,-13.5,-0.004,0.008,258.18,259.719,256.181
1780889923.165817,6.366,-13.286,-0.004,0.008,258.088,259.79,256.202
1780889923.1802151,6.479,-12.929,-0.004,0.008,258.049,259.78,256.25
1780889923.193974,6.648,-12.286,-0.004,0.007,257.986,259.757,256.334
1780889923.204488,6.648,-12.0,-0.004,0.007,257.971,259.734,256.369
1780889923.2189481,6.704,-12.0,-0.004,0.007,257.973,259.749,256.353
1780889923.257306,6.873,-11.143,-0.004,0.007,257.887,259.705,256.478
1780889923.2576709,6.986,-10.786,-0.005,0.006,257.847,259.695,256.527
1780889923.258005,6.873,-10.5,-0.004,0.006,257.85,259.654,256.563
1780889923.268031,7.155,-10.5,-0.005,0.006,257.815,259.706,256.548
1780889923.281868,7.099,-10.643,-0.005,0.007,257.855,259.72,256.496
1780889923.292227,7.211,-10.857,-0.005,0.007,257.864,259.762,256.447
1780889923.306693,7.155,-10.929,-0.005,0.007,257.887,259.762,256.425
1780889923.3204741,7.38,-11.071,-0.005,0.007,257.87,259.815,256.392
1780889923.331133,7.437,-11.357,-0.005,0.007,257.898,259.853,256.329
1780889923.344994,7.549,-11.357,-0.005,0.007,257.884,259.871,256.325
1780889923.355419,7.606,-11.357,-0.005,0.007,257.879,259.88,256.321
1780889923.369878,7.718,-11.643,-0.005,0.008,257.892,259.926,256.266
1780889923.3806772,7.887,-11.5,-0.005,0.008,257.858,259.937,256.289
1780889923.394114,7.662,-11.857,-0.005,0.008,257.93,259.932,256.222
1780889923.40857,7.944,-12.071,-0.005,0.008,257.907,259.999,256.183
1780889923.4190452,8.113,-12.143,-0.005,0.008,257.889,260.031,256.17
1780889923.43275,7.831,-12.143,-0.005,0.008,257.938,259.978,256.172
1780889923.47052,8.169,-12.429,-0.005,0.008,257.911,260.061,256.121
1780889923.470828,8.056,-12.357,-0.005,0.008,257.924,260.032,256.135
1780889923.471262,8.225,-12.643,-0.005,0.008,257.924,260.086,256.085
1780889923.4817102,8.282,-13.071,-0.005,0.009,257.956,260.13,256.013
1780889923.49557,8.113,-13.214,-0.005,0.009,257.996,260.112,255.99
1780889923.506666,8.338,-13.286,-0.005,0.009,257.966,260.154,255.981
1780889923.5205572,8.338,-13.571,-0.005,0.009,257.991,260.175,255.937
1780889923.534257,8.338,-13.786,-0.005,0.009,258.01,260.192,255.902
1780889923.545033,8.113,-13.643,-0.005,0.009,258.032,260.138,255.932
1780889923.559287,8.056,-13.857,-0.005,0.009,258.059,260.147,255.897
1780889923.569603,8.0,-14.214,-0.005,0.01,258.097,260.169,255.84
1780889923.583362,7.944,-14.214,-0.005,0.01,258.104,260.158,255.844
1780889923.59777,7.831,-14.429,-0.005,0.01,258.139,260.158,255.81
1780889923.608434,7.944,-14.214,-0.005,0.009,258.098,260.155,255.852
1780889923.6220548,7.831,-14.714,-0.005,0.01,258.157,260.183,255.77
1780889923.632441,7.662,-14.571,-0.005,0.01,258.168,260.14,255.799
1780889923.647039,7.775,-14.786,-0.005,0.01,258.167,260.179,255.764
1780889923.684437,7.549,-14.714,-0.005,0.01,258.193,260.134,255.78
1780889923.684834,7.606,-15.286,-0.005,0.01,258.231,260.198,255.684
1780889923.685188,7.493,-15.214,-0.005,0.01,258.239,260.172,255.702
1780889923.695376,7.437,-15.286,-0.005,0.01,258.251,260.169,255.692
1780889923.709722,7.493,-15.571,-0.005,0.01,258.265,260.206,255.645
1780889923.723478,7.211,-15.643,-0.005,0.01,258.309,260.166,255.64
1780889923.7340071,6.93,-15.786,-0.004,0.011,258.363,260.133,255.618
1780889923.748505,7.38,-15.786,-0.005,0.011,258.285,260.21,255.622
1780889923.758785,6.93,-16.143,-0.004,0.011,258.388,260.169,255.562
1780889923.772653,6.704,-16.071,-0.004,0.011,258.409,260.125,255.582
1780889923.783307,6.704,-16.143,-0.004,0.011,258.411,260.134,255.572
1780889923.798049,6.873,-16.143,-0.004,0.011,258.379,260.164,255.575
1780889923.811589,6.592,-16.357,-0.004,0.011,258.441,260.138,255.54
1780889923.8222148,6.197,-16.286,-0.004,0.011,258.488,260.069,255.559
1780889923.835697,6.423,-16.571,-0.004,0.011,258.473,260.137,255.51
1780889923.847083,5.972,-16.786,-0.004,0.011,258.562,260.084,255.475
1780889923.860769,5.915,-16.714,-0.004,0.011,258.553,260.073,255.494
1780889923.897554,5.972,-16.786,-0.004,0.011,258.545,260.092,255.483
1780889923.8978581,6.085,-16.786,-0.004,0.011,258.523,260.113,255.486
1780889923.899192,5.69,-17.143,-0.004,0.011,258.616,260.083,255.424
1780889923.9098089,5.577,-17.357,-0.004,0.012,258.643,260.089,255.393
1780889923.92359,5.521,-17.714,-0.003,0.012,258.68,260.116,255.333
1780889923.93795,5.408,-18.071,-0.003,0.012,258.726,260.133,255.274
1780889923.9486332,5.408,-18.071,-0.003,0.012,258.72,260.134,255.28
1780889923.962431,5.408,-17.929,-0.003,0.012,258.696,260.121,255.313
1780889923.972876,5.465,-18.357,-0.004,0.012,258.723,260.173,255.241
1780889923.987215,5.352,-18.214,-0.003,0.012,258.723,260.141,255.27
1780889924.0010471,5.183,-18.5,-0.003,0.012,258.773,260.141,255.223
1780889924.011928,5.127,-18.786,-0.003,0.013,258.798,260.16,255.181
1780889924.025428,4.958,-18.5,-0.003,0.012,258.794,260.105,255.236
1780889924.0367832,4.732,-18.429,-0.003,0.012,258.82,260.063,255.251
1780889924.050408,4.958,-18.571,-0.003,0.012,258.792,260.117,255.227
1780889924.064075,4.732,-18.357,-0.003,0.012,258.8,260.064,255.268
1780889924.0997639,4.62,-18.5,-0.003,0.012,258.829,260.061,255.244
1780889924.100161,4.62,-18.071,-0.003,0.012,258.785,260.023,255.32
1780889924.100427,4.451,-17.929,-0.003,0.012,258.794,259.987,255.344
1780889924.113156,4.394,-17.929,-0.003,0.012,258.802,259.982,255.343
1780889924.127529,4.507,-18.214,-0.003,0.012,258.808,260.032,255.29
1780889924.1380942,4.394,-18.0,-0.003,0.012,258.804,259.995,255.328
1780889924.151788,4.169,-18.071,-0.003,0.012,258.844,259.971,255.312
1780889924.162339,4.169,-18.0,-0.003,0.012,258.835,259.968,255.324
1780889924.1771562,4.338,-18.071,-0.003,0.012,258.812,260.006,255.31
1780889924.1877508,4.056,-18.071,-0.003,0.012,258.857,259.962,255.309
1780889924.201235,4.0,-17.857,-0.003,0.012,258.842,259.939,255.344
1780889924.214916,3.831,-17.786,-0.003,0.012,258.861,259.908,255.354
1780889924.225562,4.0,-17.857,-0.003,0.012,258.839,259.947,255.34
1780889924.2399411,4.113,-18.214,-0.003,0.012,258.853,260.003,255.275
1780889924.2507231,3.775,-17.929,-0.003,0.012,258.879,259.923,255.323
1780889924.2640672,3.662,-17.643,-0.002,0.012,258.869,259.88,255.372
1780889924.2790022,3.606,-17.857,-0.002,0.012,258.897,259.896,255.332
1780889924.314923,3.662,-17.357,-0.002,0.011,258.839,259.861,255.418
1780889924.315287,3.493,-17.643,-0.002,0.012,258.892,259.867,255.363
1780889924.315566,3.38,-17.571,-0.002,0.012,258.903,259.846,255.373
1780889924.327839,3.324,-17.571,-0.002,0.012,258.91,259.84,255.371
1780889924.341584,3.324,-17.357,-0.002,0.012,258.889,259.824,255.406
1780889924.352216,3.38,-17.429,-0.002,0.012,258.885,259.848,255.387
1780889924.366455,3.099,-17.429,-0.002,0.012,258.93,259.804,255.385
1780889924.3769689,3.324,-17.357,-0.002,0.012,258.885,259.839,255.395
1780889924.391088,3.211,-17.214,-0.002,0.011,258.89,259.813,255.415
1780889924.404607,3.155,-17.143,-0.002,0.011,258.892,259.8,255.425
1780889924.4151418,2.93,-17.286,-0.002,0.012,258.942,259.78,255.397
1780889924.429634,3.042,-17.0,-0.002,0.011,258.895,259.775,255.445
1780889924.440154,2.817,-16.929,-0.002,0.011,258.924,259.738,255.452
1780889924.453962,2.93,-16.857,-0.002,0.011,258.898,259.754,255.461
1780889924.468301,3.042,-16.857,-0.002,0.011,258.88,259.777,255.458
1780889924.478961,2.704,-16.857,-0.002,0.011,258.936,259.723,255.455
1780889924.492518,2.535,-16.786,-0.002,0.011,258.955,259.696,255.462
1780889924.530627,2.873,-17.0,-0.002,0.011,258.919,259.777,255.421
1780889924.531035,2.592,-16.571,-0.002,0.011,258.925,259.691,255.495
1780889924.5314329,2.592,-16.643,-0.002,0.011,258.931,259.702,255.479
1780889924.541694,2.535,-16.786,-0.002,0.011,258.953,259.713,255.448
1780889924.555422,2.423,-16.714,-0.002,0.011,258.964,259.691,255.458
1780889924.566559,2.479,-16.714,-0.002,0.011,258.954,259.703,255.456
1780889924.580398,2.592,-16.643,-0.002,0.011,258.929,259.718,255.467
1780889924.5907462,2.254,-16.857,-0.002,0.011,259.004,259.687,255.424
1780889924.604631,2.254,-16.929,-0.002,0.011,259.009,259.697,255.411
1780889924.61905,2.479,-16.929,-0.002,0.011,258.971,259.737,255.41
1780889924.629643,2.423,-16.857,-0.002,0.011,258.972,259.724,255.42
1780889924.643421,2.479,-16.643,-0.002,0.011,258.943,259.715,255.457
1780889924.653992,2.423,-16.643,-0.002,0.011,258.952,259.707,255.455
1780889924.668534,2.423,-16.714,-0.002,0.011,258.959,259.716,255.44
1780889924.6822479,2.366,-16.643,-0.002,0.011,258.961,259.704,255.449
1780889924.692681,2.423,-16.857,-0.002,0.011,258.972,259.735,255.409
1780889924.707021,2.31,-16.857,-0.002,0.011,258.991,259.718,255.409
1780889924.745609,2.254,-16.714,-0.002,0.011,258.986,259.696,255.433
1780889924.7460558,2.254,-16.857,-0.002,0.012,259.0,259.712,255.405
1780889924.7464051,2.31,-16.929,-0.002,0.012,258.997,259.73,255.391
1780889924.75559,2.423,-16.929,-0.002,0.012,258.979,259.749,255.391
1780889924.77002,2.592,-16.714,-0.002,0.011,258.931,259.757,255.428
1780889924.780513,2.535,-16.714,-0.002,0.011,258.941,259.75,255.425
1780889924.7945201,2.761,-16.786,-0.002,0.011,258.912,259.795,255.411
1780889924.808697,2.648,-16.786,-0.002,0.011,258.933,259.775,255.41
1780889924.8195179,2.592,-16.714,-0.002,0.011,258.936,259.759,255.421
1780889924.83305,2.592,-16.929,-0.002,0.012,258.959,259.78,255.381
1780889924.843683,2.817,-16.857,-0.002,0.012,258.916,259.811,255.393
1780889924.8580532,2.761,-16.929,-0.002,0.012,258.933,259.808,255.379
1780889924.8718998,2.648,-16.786,-0.002,0.012,258.939,259.775,255.404
1780889924.8822029,3.042,-17.143,-0.002,0.012,258.91,259.875,255.34
1780889924.896744,3.099,-17.143,-0.002,0.012,258.902,259.882,255.34
1780889924.907315,3.042,-16.929,-0.002,0.012,258.893,259.851,255.378
1780889924.921025,3.042,-16.857,-0.002,0.012,258.888,259.842,255.39
1780889924.958773,3.042,-17.214,-0.002,0.012,258.924,259.876,255.325
1780889924.959198,2.986,-17.071,-0.002,0.012,258.92,259.852,255.351
1780889924.959578,2.873,-16.929,-0.002,0.012,258.926,259.819,255.375
1780889924.97006,3.099,-17.071,-0.002,0.012,258.905,259.87,255.348
1780889924.983922,3.268,-17.357,-0.002,0.012,258.905,259.925,255.297
1780889924.994546,3.155,-17.143,-0.002,0.012,258.904,259.884,255.336
1780889925.0089421,3.211,-17.214,-0.002,0.012,258.903,259.9,255.322
1780889925.022657,3.38,-17.214,-0.003,0.012,258.878,259.926,255.322
1780889925.033355,3.042,-17.357,-0.002,0.012,258.948,259.882,255.296
1780889925.047641,3.437,-17.286,-0.003,0.012,258.877,259.941,255.309
1780889925.058311,3.099,-17.429,-0.002,0.012,258.947,259.898,255.283
1780889925.0723772,3.211,-17.286,-0.002,0.012,258.916,259.903,255.308
1780889925.086529,3.38,-17.214,-0.003,0.012,258.882,259.924,255.32
1780889925.0971992,3.493,-17.214,-0.003,0.012,258.865,259.943,255.319
1780889925.111021,3.718,-17.571,-0.003,0.012,258.863,260.013,255.255
1780889925.121502,3.324,-17.571,-0.002,0.012,258.931,259.945,255.254
1780889925.135263,3.549,-17.643,-0.003,0.012,258.901,259.989,255.242
1780889925.1737778,3.493,-17.5,-0.003,0.012,258.898,259.965,255.268
1780889925.174222,3.493,-17.714,-0.003,0.012,258.919,259.983,255.231
1780889925.1745658,3.662,-17.643,-0.003,0.012,258.885,260.003,255.244
1780889925.1845849,3.662,-17.214,-0.003,0.012,258.846,259.961,255.319
1780889925.19872,3.662,-17.429,-0.003,0.012,258.868,259.982,255.279
1780889925.212688,3.775,-17.786,-0.003,0.012,258.886,260.034,255.215
1780889925.22306,3.718,-17.5,-0.003,0.012,258.869,259.996,255.266
1780889925.237549,3.775,-17.643,-0.003,0.012,258.874,260.019,255.24
1780889925.248008,3.775,-17.429,-0.003,0.012,258.855,259.998,255.277
1780889925.262038,3.944,-17.571,-0.003,0.012,258.844,260.04,255.249
1780889925.2755451,3.887,-17.786,-0.003,0.012,258.874,260.05,255.211
1780889925.286766,4.0,-17.357,-0.003,0.012,258.817,260.027,255.287
1780889925.3006332,3.887,-17.643,-0.003,0.012,258.864,260.035,255.234
1780889925.311253,3.944,-17.286,-0.003,0.012,258.824,260.012,255.294
1780889925.324908,4.056,-17.071,-0.003,0.012,258.787,260.01,255.33
1780889925.3390698,3.944,-17.143,-0.003,0.012,258.814,259.999,255.314
1780889925.3761752,4.169,-17.071,-0.003,0.012,258.773,260.031,255.325
1780889925.3765619,3.831,-16.857,-0.003,0.012,258.812,259.955,255.357
1780889925.376896,4.056,-16.786,-0.003,0.012,258.77,259.988,255.367
1780889925.388267,4.0,-16.929,-0.003,0.012,258.795,259.993,255.338
1780889925.398892,4.0,-16.643,-0.003,0.012,258.772,259.968,255.384
1780889925.412566,3.831,-16.5,-0.003,0.012,258.788,259.927,255.405
1780889925.426971,3.831,-16.857,-0.003,0.012,258.823,259.964,255.339
1780889925.4374678,3.944,-16.643,-0.003,0.012,258.785,259.964,255.374
1780889925.4514189,4.0,-16.643,-0.003,0.012,258.778,259.977,255.369
1780889925.462014,3.944,-16.571,-0.003,0.012,258.782,259.962,255.379
1780889925.4756649,3.887,-16.571,-0.003,0.012,258.793,259.954,255.376
1780889925.4901261,3.775,-16.643,-0.003,0.012,258.819,259.944,255.361
1780889925.500671,3.887,-16.643,-0.003,0.012,258.801,259.966,255.357
1780889925.514411,4.0,-16.643,-0.003,0.012,258.784,259.986,255.355
1780889925.525105,3.718,-16.571,-0.003,0.012,258.824,259.933,255.366
1780889925.539335,3.775,-16.571,-0.003,0.012,258.815,259.945,255.364
1780889925.553083,3.437,-16.429,-0.002,0.012,258.857,259.879,255.386
1780889925.590625,3.606,-16.357,-0.003,0.012,258.822,259.903,255.396
1780889925.591,3.662,-16.286,-0.003,0.012,258.806,259.908,255.406
1780889925.591341,3.775,-16.429,-0.003,0.012,258.802,259.943,255.378
1780889925.60219,3.831,-16.214,-0.003,0.011,258.773,259.935,255.412
1780889925.616559,3.606,-16.143,-0.003,0.011,258.805,259.892,255.422
1780889925.627104,3.662,-16.214,-0.003,0.012,258.803,259.911,255.406
1780889925.6408792,3.662,-16.214,-0.003,0.012,258.804,259.913,255.404
1780889925.6514628,3.549,-16.286,-0.003,0.012,258.829,259.905,255.387
1780889925.6652968,3.718,-16.214,-0.003,0.012,258.795,259.928,255.398
1780889925.679671,3.549,-16.214,-0.003,0.012,258.824,259.901,255.396
1780889925.69018,3.606,-16.214,-0.003,0.012,258.814,259.914,255.393
1780889925.7037911,3.549,-16.143,-0.003,0.012,258.817,259.899,255.404
1780889925.714326,3.493,-16.071,-0.003,0.011,258.82,259.884,255.414
1780889925.729043,3.38,-16.143,-0.003,0.012,258.846,259.875,255.4
1780889925.743665,3.437,-16.071,-0.003,0.011,258.829,259.882,255.409
1780889925.753122,3.437,-16.143,-0.003,0.012,258.836,259.89,255.394
1780889925.767524,3.493,-15.786,-0.003,0.011,258.794,259.867,255.456
1780889925.805578,3.437,-16.143,-0.003,0.012,258.838,259.894,255.389
1780889925.806026,3.324,-16.214,-0.002,0.012,258.863,259.884,255.375
1780889925.806357,3.324,-16.214,-0.002,0.012,258.863,259.885,255.374
1780889925.8165052,3.437,-16.143,-0.003,0.012,258.837,259.899,255.385
1780889925.830451,3.437,-16.214,-0.003,0.012,258.844,259.907,255.371
1780889925.840893,3.437,-16.0,-0.003,0.012,258.825,259.889,255.406
1780889925.85468,3.38,-16.071,-0.003,0.012,258.842,259.888,255.391
1780889925.8652039,3.437,-16.214,-0.003,0.012,258.846,259.912,255.365
1780889925.879746,3.549,-16.0,-0.003,0.012,258.808,259.911,255.402
1780889925.8934689,3.549,-15.929,-0.003,0.011,258.804,259.906,255.41
1780889925.903894,3.493,-16.0,-0.003,0.012,258.821,259.905,255.396
1780889925.918431,3.493,-15.786,-0.003,0.011,258.801,259.885,255.432
1780889925.92902,3.606,-16.143,-0.003,0.012,258.817,259.939,255.367
1780889925.942708,3.437,-16.071,-0.003,0.012,258.839,259.906,255.377
1780889925.957026,3.493,-15.714,-0.003,0.011,258.797,259.882,255.439
1780889925.967668,3.493,-15.357,-0.003,0.011,258.764,259.85,255.5
1780889925.981308,3.775,-15.857,-0.003,0.012,258.769,259.948,255.405
1780889926.0204859,3.662,-15.786,-0.003,0.011,258.782,259.922,255.416
1780889926.020894,3.437,-15.5,-0.003,0.011,258.793,259.858,255.465
1780889926.021224,3.718,-15.214,-0.003,0.011,258.721,259.88,255.513
1780889926.0305338,3.887,-15.143,-0.003,0.011,258.691,259.903,255.519
1780889926.044241,4.0,-15.143,-0.003,0.011,258.676,259.923,255.515
1780889926.054834,3.775,-15.286,-0.003,0.011,258.729,259.9,255.486
1780889926.069244,3.549,-15.143,-0.003,0.011,258.754,259.85,255.509
1780889926.082968,3.775,-15.214,-0.003,0.011,258.727,259.897,255.491
1780889926.093611,3.775,-15.214,-0.003,0.011,258.729,259.898,255.488
1780889926.108167,3.887,-15.071,-0.003,0.011,258.698,259.904,255.511
1780889926.1184561,3.944,-15.071,-0.003,0.011,258.691,259.915,255.509
1780889926.131962,3.775,-15.071,-0.003,0.011,258.722,259.888,255.504
1780889926.146496,3.718,-15.0,-0.003,0.011,258.726,259.874,255.514
1780889926.1572149,4.056,-15.071,-0.003,0.011,258.678,259.938,255.499
1780889926.170924,3.775,-14.857,-0.003,0.011,258.706,259.871,255.535
1780889926.181748,3.718,-14.643,-0.003,0.011,258.698,259.845,255.567
1780889926.195414,3.718,-14.571,-0.003,0.011,258.693,259.84,255.576
1780889926.2321322,3.831,-14.357,-0.003,0.011,258.656,259.841,255.611
1780889926.2326028,3.887,-14.286,-0.003,0.011,258.645,259.848,255.615
1780889926.233849,3.831,-14.143,-0.003,0.01,258.643,259.827,255.636
1780889926.2442482,3.887,-14.143,-0.003,0.01,258.636,259.838,255.632
1780889926.258732,4.169,-14.286,-0.003,0.011,258.605,259.901,255.603
1780889926.269346,4.0,-13.929,-0.003,0.01,258.604,259.84,255.661
1780889926.283081,3.944,-14.143,-0.003,0.011,258.636,259.853,255.619
1780889926.297524,3.775,-14.143,-0.003,0.011,258.665,259.826,255.616
1780889926.308084,4.169,-14.286,-0.003,0.011,258.615,259.907,255.588
1780889926.321887,4.056,-14.143,-0.003,0.011,258.623,259.876,255.609
1780889926.332333,4.282,-13.929,-0.003,0.01,258.568,259.894,255.645
1780889926.346901,4.056,-14.214,-0.003,0.011,258.634,259.884,255.591
1780889926.360675,4.338,-14.143,-0.003,0.011,258.583,259.925,255.602
1780889926.371397,4.169,-14.143,-0.003,0.011,258.613,259.897,255.599
1780889926.384992,4.169,-14.286,-0.003,0.011,258.628,259.912,255.572
1780889926.3959491,4.169,-14.214,-0.003,0.011,258.622,259.905,255.583
1780889926.409972,4.225,-14.143,-0.003,0.011,258.607,259.908,255.595
1780889926.4479659,4.169,-14.357,-0.003,0.011,258.638,259.919,255.555
1780889926.44834,4.225,-14.214,-0.003,0.011,258.616,259.915,255.58
1780889926.448705,4.282,-14.357,-0.003,0.011,258.621,259.938,255.553
1780889926.458859,4.113,-14.214,-0.003,0.011,258.636,259.896,255.578
1780889926.4727209,4.225,-14.071,-0.003,0.011,258.605,259.902,255.602
1780889926.486994,4.225,-13.929,-0.003,0.011,258.593,259.89,255.625
1780889926.497652,4.169,-14.0,-0.003,0.011,258.61,259.888,255.61
1780889926.511272,4.338,-14.0,-0.003,0.011,258.585,259.917,255.607
1780889926.521787,4.282,-14.0,-0.003,0.011,258.596,259.908,255.605
1780889926.535713,4.282,-14.0,-0.003,0.011,258.597,259.909,255.603
1780889926.549837,4.169,-14.286,-0.003,0.011,258.643,259.919,255.551
1780889926.560671,4.225,-14.286,-0.003,0.011,258.633,259.93,255.55
1780889926.5742478,4.282,-13.857,-0.003,0.011,258.584,259.899,255.625
1780889926.585026,4.056,-14.071,-0.003,0.011,258.642,259.883,255.585
1780889926.599165,4.225,-13.786,-0.003,0.01,258.588,259.885,255.634
1780889926.609715,4.225,-14.0,-0.003,0.011,258.608,259.909,255.593
1780889926.6235762,4.225,-13.929,-0.003,0.011,258.602,259.903,255.604
1780889926.659476,4.282,-14.286,-0.003,0.011,258.627,259.947,255.539
1780889926.659904,4.282,-14.214,-0.003,0.011,258.621,259.94,255.552
1780889926.662188,4.169,-14.286,-0.003,0.011,258.647,259.929,255.538
1780889926.672554,4.225,-14.5,-0.003,0.011,258.657,259.959,255.5
1780889926.686903,3.944,-14.571,-0.003,0.011,258.709,259.919,255.488
1780889926.700704,4.169,-14.286,-0.003,0.011,258.644,259.93,255.539
1780889926.7111602,4.225,-14.5,-0.003,0.011,258.654,259.962,255.501
1780889926.725033,4.056,-14.286,-0.003,0.011,258.661,259.913,255.539
1780889926.7355452,4.0,-14.286,-0.003,0.011,258.67,259.905,255.538
1780889926.749967,4.113,-14.357,-0.003,0.011,258.658,259.932,255.525
1780889926.763912,4.0,-14.143,-0.003,0.011,258.656,259.894,255.561
1780889926.775672,4.113,-14.214,-0.003,0.011,258.644,259.922,255.547
1780889926.7886841,3.944,-14.5,-0.003,0.011,258.699,259.922,255.495
1780889926.799293,4.169,-14.214,-0.003,0.011,258.635,259.934,255.545
1780889926.8133252,4.169,-14.143,-0.003,0.011,258.629,259.927,255.556
1780889926.827591,3.944,-14.357,-0.003,0.011,258.686,259.911,255.517
1780889926.863521,4.225,-13.929,-0.003,0.011,258.6,259.918,255.592
1780889926.8638349,4.056,-14.143,-0.003,0.011,258.649,259.913,255.55
1780889926.864064,4.0,-14.429,-0.003,0.011,258.685,259.932,255.498
1780889926.8765981,3.944,-14.143,-0.003,0.011,258.667,259.896,255.549
1780889926.890574,3.944,-14.357,-0.003,0.011,258.687,259.918,255.509
1780889926.900823,3.775,-14.071,-0.003,0.011,258.687,259.864,255.56
1780889926.914585,4.056,-14.357,-0.003,0.011,258.667,259.941,255.507
1780889926.9251719,4.056,-14.286,-0.003,0.011,258.661,259.934,255.52
1780889926.9396448,3.944,-14.214,-0.003,0.011,258.672,259.909,255.531
1780889926.953294,3.944,-14.071,-0.003,0.011,258.658,259.898,255.555
1780889926.9639318,3.887,-14.429,-0.003,0.011,258.701,259.925,255.49
1780889926.978344,4.0,-14.286,-0.003,0.011,258.669,259.93,255.515
1780889926.988864,3.944,-14.214,-0.003,0.011,258.672,259.915,255.527
1780889927.002648,4.056,-14.071,-0.003,0.011,258.641,259.923,255.549
1780889927.013206,4.0,-14.429,-0.003,0.011,258.684,259.949,255.484
1780889927.0279412,4.056,-14.429,-0.003,0.011,258.675,259.958,255.484
1780889927.0413902,4.056,-14.071,-0.003,0.011,258.642,259.924,255.547
1780889927.071201,4.225,-14.286,-0.003,0.011,258.635,259.974,255.507
1780889927.0714781,3.944,-14.214,-0.003,0.011,258.675,259.92,255.519
1780889927.076632,4.0,-14.286,-0.003,0.011,258.673,259.937,255.505
1780889927.090396,4.169,-14.071,-0.003,0.011,258.624,259.947,255.542
1780889927.104147,4.113,-14.286,-0.003,0.011,258.655,259.958,255.502
1780889927.114965,4.169,-14.357,-0.003,0.011,258.653,259.975,255.489
1780889927.129187,4.056,-14.214,-0.003,0.011,258.659,259.942,255.514
1780889927.1397,4.056,-14.286,-0.003,0.011,258.666,259.95,255.499
1780889927.153546,4.169,-14.286,-0.003,0.011,258.648,259.97,255.498
1780889927.1679301,3.944,-14.143,-0.003,0.011,258.672,259.919,255.523
1780889927.178899,4.169,-14.286,-0.003,0.011,258.649,259.972,255.496
1780889927.192338,4.338,-14.429,-0.003,0.011,258.636,260.015,255.469
1780889927.202836,4.113,-14.357,-0.003,0.011,258.667,259.97,255.481
1780889927.2172859,4.451,-14.0,-0.003,0.011,258.579,259.992,255.544
1780889927.230936,4.282,-14.0,-0.003,0.011,258.609,259.964,255.542
1780889927.241545,4.113,-14.0,-0.003,0.011,258.639,259.938,255.537
1780889927.255223,4.169,-14.0,-0.003,0.011,258.63,259.948,255.535
1780889927.2939079,4.056,-14.071,-0.003,0.011,258.656,259.938,255.521
1780889927.2943602,4.225,-14.071,-0.003,0.011,258.629,259.967,255.519
1780889927.294646,4.056,-14.0,-0.003,0.011,258.651,259.933,255.53
1780889927.304404,4.056,-14.214,-0.003,0.011,258.671,259.955,255.491
1780889927.318754,4.394,-14.0,-0.003,0.011,258.596,259.992,255.528
1780889927.32932,4.225,-14.214,-0.003,0.011,258.644,259.984,255.489
1780889927.342999,4.0,-14.286,-0.003,0.011,258.688,259.954,255.475
1780889927.357426,4.225,-14.429,-0.003,0.011,258.664,260.006,255.45
1780889927.3680089,4.0,-14.5,-0.003,0.011,258.707,259.976,255.437
1780889927.381835,4.056,-14.5,-0.003,0.011,258.696,259.987,255.438
1780889927.392427,4.056,-14.357,-0.003,0.011,258.682,259.973,255.463
1780889927.406891,3.831,-14.571,-0.003,0.011,258.739,259.957,255.425
1780889927.417691,4.056,-14.429,-0.003,0.011,258.687,259.982,255.45
1780889927.431338,3.887,-14.429,-0.003,0.011,258.714,259.956,255.449
1780889927.444802,4.056,-14.214,-0.003,0.011,258.665,259.965,255.487
1780889927.455332,4.0,-14.286,-0.003,0.011,258.682,259.963,255.472
1780889927.469801,4.0,-14.214,-0.003,0.011,258.675,259.958,255.484
1780889927.4988768,3.944,-14.357,-0.003,0.011,258.699,259.964,255.456
1780889927.499248,3.944,-14.214,-0.003,0.011,258.685,259.951,255.48
1780889927.508373,3.944,-14.143,-0.003,0.011,258.679,259.946,255.491
1780889927.5190122,3.775,-14.214,-0.003,0.011,258.713,259.926,255.477
1780889927.532663,4.0,-14.357,-0.003,0.011,258.69,259.98,255.449
1780889927.543343,4.113,-14.214,-0.003,0.011,258.659,259.986,255.474
1780889927.5576901,3.887,-14.286,-0.003,0.011,258.703,259.956,255.46
1780889927.571499,3.831,-14.071,-0.003,0.011,258.692,259.927,255.497
1780889927.603574,4.056,-14.071,-0.003,0.011,258.656,259.967,255.494
1780889927.603932,4.169,-14.286,-0.003,0.011,258.658,260.007,255.454
1780889927.606654,4.0,-14.357,-0.003,0.011,258.693,259.986,255.441
1780889927.620573,4.056,-14.143,-0.003,0.011,258.665,259.976,255.477
1780889927.634356,3.944,-14.0,-0.003,0.011,258.67,259.944,255.501
1780889927.644939,3.944,-14.071,-0.003,0.011,258.677,259.953,255.486
1780889927.659263,4.225,-14.071,-0.003,0.011,258.632,260.001,255.485
1780889927.669944,4.0,-13.929,-0.003,0.011,258.657,259.951,255.508
1780889927.6838028,3.944,-14.0,-0.003,0.011,258.673,259.95,255.493
1780889927.714968,3.887,-14.0,-0.003,0.011,258.683,259.942,255.492
1780889927.715604,3.944,-14.143,-0.003,0.011,258.687,259.966,255.465
1780889927.722403,4.0,-14.0,-0.003,0.011,258.664,259.964,255.488
1780889927.732675,4.0,-14.071,-0.003,0.011,258.672,259.972,255.474
1780889927.7470772,4.056,-13.929,-0.003,0.011,258.649,259.969,255.498
1780889927.760869,4.225,-14.0,-0.003,0.011,258.63,260.004,255.484
1780889927.7714171,4.0,-14.143,-0.003,0.011,258.681,259.982,255.456
1780889927.7852302,3.887,-14.0,-0.003,0.011,258.686,259.95,255.481
1780889927.795719,4.113,-14.071,-0.003,0.011,258.656,259.996,255.467
1780889927.810009,4.169,-14.071,-0.003,0.011,258.648,260.005,255.466
1780889927.8207202,4.282,-14.0,-0.003,0.011,258.624,260.018,255.477
1780889927.834553,4.113,-13.857,-0.003,0.011,258.64,259.976,255.501
1780889927.848732,4.056,-13.929,-0.003,0.011,258.656,259.974,255.487
1780889927.859403,3.944,-14.286,-0.003,0.011,258.709,259.991,255.422
1780889927.873043,4.225,-14.0,-0.003,0.011,258.635,260.011,255.473
1780889927.88372,3.944,-14.214,-0.003,0.011,258.702,259.985,255.433
1780889927.898303,4.169,-14.071,-0.003,0.011,258.651,260.01,255.458
1780889927.9334779,4.056,-14.214,-0.003,0.011,258.684,260.004,255.432
1780889927.9338508,4.056,-14.143,-0.003,0.011,258.677,259.998,255.445
1780889927.936886,3.831,-14.429,-0.003,0.012,258.741,259.989,255.393
1780889927.9473548,3.944,-14.143,-0.003,0.011,258.694,259.981,255.444
1780889927.961067,4.169,-13.929,-0.003,0.011,258.638,259.999,255.48
1780889927.974752,4.0,-13.929,-0.003,0.011,258.667,259.972,255.478
1780889927.985408,4.113,-14.143,-0.003,0.011,258.669,260.013,255.439
1780889927.9997811,3.887,-14.071,-0.003,0.011,258.699,259.969,255.45
1780889928.010317,4.113,-14.071,-0.003,0.011,258.663,260.009,255.449
1780889928.024241,4.169,-14.143,-0.003,0.011,258.661,260.026,255.435
1780889928.03862,3.887,-14.214,-0.003,0.011,258.714,259.986,255.422
1780889928.049205,4.169,-14.214,-0.003,0.011,258.667,260.034,255.421
1780889928.0629299,4.056,-14.214,-0.003,0.011,258.687,260.015,255.42
1780889928.0735722,4.056,-14.071,-0.003,0.011,258.673,260.002,255.444
1780889928.0880241,4.056,-13.929,-0.003,0.011,258.66,259.99,255.468
1780889928.101671,4.056,-14.071,-0.003,0.011,258.674,260.005,255.441
1780889928.1454542,4.225,-14.071,-0.003,0.011,258.648,260.034,255.439
1780889928.145879,3.944,-14.214,-0.003,0.011,258.708,260.001,255.413
1780889928.1462169,4.225,-13.786,-0.003,0.011,258.621,260.008,255.488
1780889928.150903,4.0,-13.714,-0.003,0.011,258.654,259.965,255.497
1780889928.164763,4.225,-14.0,-0.003,0.011,258.645,260.032,255.444
1780889928.1753721,4.056,-13.714,-0.003,0.011,258.646,259.977,255.493
1780889928.1897988,4.113,-14.0,-0.003,0.011,258.665,260.016,255.44
1780889928.200366,4.169,-14.214,-0.003,0.012,258.676,260.047,255.4
1780889928.214098,4.225,-13.857,-0.003,0.011,258.634,260.022,255.464
1780889928.224724,3.887,-13.929,-0.003,0.011,258.697,259.973,255.449
1780889928.2390862,4.113,-14.071,-0.003,0.011,258.673,260.026,255.423
1780889928.252896,3.831,-14.143,-0.003,0.011,258.725,259.989,255.408
1780889928.263335,3.831,-14.071,-0.003,0.011,258.717,259.983,255.421
1780889928.277908,3.831,-13.929,-0.003,0.011,258.703,259.971,255.445
1780889928.2884202,3.831,-13.929,-0.003,0.011,258.703,259.973,255.444
1780889928.302274,3.887,-14.071,-0.003,0.011,258.706,259.999,255.416
1780889928.3166,3.775,-14.143,-0.003,0.012,258.731,259.989,255.403
1780889928.356143,3.831,-13.929,-0.003,0.011,258.701,259.979,255.44
1780889928.356452,3.887,-13.857,-0.003,0.011,258.687,259.983,255.45
1780889928.356794,3.831,-13.857,-0.003,0.011,258.696,259.975,255.449
1780889928.364974,3.831,-13.714,-0.003,0.011,258.683,259.962,255.472
1780889928.3795142,4.0,-13.857,-0.003,0.011,258.669,260.006,255.445
1780889928.3900359,3.887,-13.786,-0.003,0.011,258.682,259.982,255.455
1780889928.403816,4.056,-14.071,-0.003,0.012,258.682,260.039,255.403
1780889928.414399,3.775,-13.786,-0.003,0.011,258.701,259.964,255.453
1780889928.428757,3.944,-14.0,-0.003,0.011,258.694,260.015,255.414
1780889928.442778,4.169,-13.714,-0.003,0.011,258.632,260.025,255.463
1780889928.453279,4.0,-13.786,-0.003,0.011,258.668,260.004,255.448
1780889928.467533,4.225,-13.714,-0.003,0.011,258.625,260.036,255.459
1780889928.478299,4.113,-13.643,-0.003,0.011,258.638,260.01,255.47
1780889928.491884,4.169,-13.571,-0.003,0.011,258.624,260.015,255.48
1780889928.506303,4.282,-13.357,-0.003,0.011,258.587,260.014,255.516
1780889928.517072,4.113,-13.5,-0.003,0.011,258.63,260.0,255.488
1780889928.530543,4.113,-13.071,-0.003,0.011,258.591,259.96,255.561
1780889928.565205,4.056,-13.0,-0.003,0.011,258.597,259.948,255.567
1780889928.56563,3.944,-13.071,-0.003,0.011,258.623,259.938,255.551
1780889928.569387,3.944,-13.071,-0.003,0.011,258.624,259.941,255.548
1780889928.579933,3.887,-12.929,-0.003,0.011,258.623,259.921,255.567
1780889928.595393,4.169,-12.929,-0.003,0.011,258.578,259.971,255.564
1780889928.604256,4.169,-12.929,-0.003,0.011,258.58,259.972,255.562
1780889928.618471,3.831,-13.071,-0.003,0.011,258.649,259.931,255.534
1780889928.628942,3.775,-12.929,-0.003,0.011,258.645,259.912,255.555
1780889928.642743,3.831,-12.929,-0.003,0.011,258.636,259.924,255.553
1780889928.657058,4.056,-12.929,-0.003,0.011,258.599,259.964,255.551
1780889928.667613,3.887,-12.929,-0.003,0.011,258.628,259.936,255.549
1780889928.681547,3.887,-12.857,-0.003,0.011,258.622,259.933,255.557
1780889928.691914,3.831,-12.786,-0.003,0.011,258.625,259.918,255.568
1780889928.706393,3.775,-12.786,-0.003,0.011,258.635,259.911,255.566
1780889928.720114,3.887,-12.857,-0.003,0.011,258.623,259.938,255.551
1780889928.730588,3.831,-12.786,-0.003,0.011,258.626,259.924,255.561
1780889928.744426,3.718,-12.714,-0.003,0.011,258.638,259.9,255.572
1780889928.783801,3.775,-12.429,-0.003,0.011,258.602,259.884,255.621
1780889928.7841651,3.775,-12.5,-0.003,0.011,258.61,259.894,255.605
1780889928.784502,3.662,-12.714,-0.003,0.011,258.649,259.901,255.562
1780889928.793569,3.38,-12.286,-0.003,0.01,258.654,259.815,255.637
1780889928.807824,3.324,-12.571,-0.003,0.011,258.69,259.836,255.583
1780889928.8183732,3.38,-12.357,-0.003,0.011,258.659,259.828,255.619
1780889928.832195,3.437,-12.143,-0.003,0.01,258.63,259.824,255.651
1780889928.8466702,3.38,-12.071,-0.003,0.01,258.633,259.811,255.66
1780889928.857259,3.38,-12.214,-0.003,0.01,258.647,259.827,255.632
1780889928.871083,3.324,-12.286,-0.003,0.011,258.662,259.83,255.615
1780889928.881692,3.268,-12.143,-0.003,0.01,258.658,259.809,255.639
1780889928.895466,3.268,-12.071,-0.003,0.01,258.651,259.804,255.649
1780889928.9098141,3.38,-12.0,-0.003,0.01,258.626,259.819,255.66
1780889928.920388,3.324,-11.857,-0.003,0.01,258.623,259.799,255.68
1780889928.934041,3.099,-11.571,-0.003,0.01,258.634,259.737,255.728
1780889928.9446762,3.211,-11.714,-0.003,0.01,258.629,259.773,255.699
1780889928.959007,3.211,-11.857,-0.003,0.01,258.643,259.789,255.671
1780889928.983951,3.324,-11.714,-0.003,0.01,258.611,259.799,255.692
1780889928.984261,3.155,-11.929,-0.003,0.01,258.66,259.793,255.652
1780889928.997684,3.099,-11.643,-0.003,0.01,258.642,259.758,255.701
1780889929.0083048,2.986,-11.714,-0.003,0.01,258.667,259.749,255.686
1780889929.02195,3.324,-11.714,-0.003,0.01,258.612,259.809,255.683
1780889929.0324,3.099,-11.929,-0.003,0.01,258.669,259.793,255.643
1780889929.046895,3.211,-12.214,-0.003,0.011,258.677,259.84,255.591
1780889929.060624,3.042,-12.143,-0.003,0.011,258.698,259.805,255.604
1780889929.071123,2.986,-12.286,-0.003,0.011,258.719,259.81,255.579
1780889929.0847921,2.986,-12.214,-0.003,0.011,258.711,259.804,255.592
1780889929.095485,3.099,-12.357,-0.003,0.011,258.705,259.838,255.567
1780889929.109691,2.93,-12.357,-0.003,0.011,258.732,259.81,255.567
1780889929.1234071,3.042,-12.071,-0.003,0.011,258.685,259.804,255.617
1780889929.133989,2.873,-12.143,-0.003,0.011,258.719,259.784,255.603
1780889929.1487339,2.986,-12.429,-0.003,0.011,258.727,259.832,255.552
1780889929.159014,3.042,-12.357,-0.003,0.011,258.71,259.836,255.564
1780889929.172736,3.042,-12.286,-0.003,0.011,258.703,259.829,255.577
1780889929.21389,2.986,-12.214,-0.003,0.011,258.705,259.813,255.59
1780889929.214273,2.986,-12.214,-0.003,0.011,258.705,259.814,255.589
1780889929.214585,2.93,-12.357,-0.003,0.011,258.727,259.821,255.562
1780889929.221653,2.817,-11.857,-0.003,0.01,258.698,259.755,255.65
1780889929.2354739,2.986,-12.143,-0.003,0.011,258.698,259.813,255.597
1780889929.249696,2.986,-12.0,-0.003,0.011,258.684,259.8,255.622
1780889929.26037,3.042,-11.929,-0.003,0.01,258.669,259.804,255.632
1780889929.274164,3.099,-12.071,-0.003,0.011,258.674,259.828,255.605
1780889929.284759,3.042,-11.929,-0.003,0.01,258.671,259.805,255.63
1780889929.2990348,2.93,-11.857,-0.003,0.01,258.683,259.781,255.641
1780889929.312997,2.986,-11.857,-0.003,0.01,258.676,259.792,255.637
1780889929.323453,3.042,-11.786,-0.003,0.01,258.66,259.796,255.648
1780889929.337829,3.155,-12.071,-0.003,0.011,258.67,259.843,255.596
1780889929.34848,3.042,-11.857,-0.003,0.01,258.668,259.804,255.633
1780889929.3624918,2.93,-11.929,-0.003,0.011,258.695,259.794,255.618
1780889929.376627,3.099,-11.857,-0.003,0.01,258.66,259.816,255.629
1780889929.414499,2.986,-11.786,-0.003,0.01,258.673,259.791,255.641
1780889929.41479,3.268,-12.0,-0.003,0.011,258.648,259.86,255.601
1780889929.415051,3.042,-12.0,-0.003,0.011,258.687,259.822,255.598
1780889929.4250681,3.042,-12.0,-0.003,0.011,258.687,259.823,255.598
1780889929.43623,2.93,-12.214,-0.003,0.011,258.725,259.825,255.559
1780889929.450052,3.099,-12.214,-0.003,0.011,258.697,259.853,255.56
1780889929.463775,3.211,-12.143,-0.003,0.011,258.672,259.865,255.573
1780889929.474252,3.042,-12.357,-0.003,0.011,258.72,259.857,255.535
1780889929.4885828,3.099,-12.143,-0.003,0.011,258.69,259.846,255.573
1780889929.4989812,3.042,-12.214,-0.003,0.011,258.705,259.845,255.56
1780889929.513005,2.986,-12.071,-0.003,0.011,258.701,259.822,255.586
1780889929.527481,3.042,-12.357,-0.003,0.011,258.718,259.86,255.534
1780889929.537848,2.93,-12.286,-0.003,0.011,258.73,259.834,255.547
