Timestamp,x_err,y_err,x_out,y_out,a_theta,b_theta,c_theta
1780998852.9325829,0.0,0.0,0.0,0.0,258.008,258.008,258.008
1780998852.969197,0.0,0.0,0.0,0.0,258.008,258.008,258.008
1780998852.969437,0.0,0.0,0.0,0.0,258.008,258.008,258.008
1780998852.974359,0.0,0.0,0.0,0.0,258.008,258.008,258.008
1780998852.989422,0.0,0.0,0.0,0.0,258.008,258.008,258.008
1780998853.000736,0.0,0.0,0.0,0.0,258.008,258.008,258.008
1780998853.0157802,0.0,0.0,0.0,0.0,258.008,258.008,258.008
1780998853.027231,0.0,0.0,0.0,0.0,258.008,258.008,258.008
1780998853.042402,0.0,0.0,0.0,0.0,258.008,258.008,258.008
1780998853.111496,0.0,0.0,0.0,0.0,258.008,258.008,258.008
1780998853.11175,0.0,0.0,0.0,0.0,258.008,258.008,258.008
1780998853.1119711,0.0,0.0,0.0,0.0,258.008,258.008,258.008
1780998853.112193,0.0,0.0,0.0,0.0,258.008,258.008,258.008
1780998853.1124249,0.0,0.0,0.0,0.0,258.008,258.008,258.008
1780998853.1262379,0.0,0.0,0.0,0.0,258.008,258.008,258.008
1780998853.137255,0.0,0.0,0.0,0.0,258.008,258.008,258.008
1780998853.151964,0.0,0.0,0.0,0.0,258.008,258.008,258.008
1780998853.16666,0.0,0.0,0.0,0.0,258.008,258.008,258.008
1780998853.177703,0.0,0.0,0.0,0.0,258.008,258.008,258.008
1780998853.192435,0.0,0.0,0.0,0.0,258.008,258.008,258.008
1780998853.2070668,0.0,0.0,0.0,0.0,258.008,258.008,258.008
1780998853.218843,0.0,0.0,0.0,0.0,258.008,258.008,258.008
1780998853.232901,0.0,0.0,0.0,0.0,258.008,258.008,258.008
1780998853.244493,0.0,0.0,0.0,0.0,258.008,258.008,258.008
1780998853.25934,0.0,0.0,0.0,0.0,258.008,258.008,258.008
1780998853.286637,0.0,0.0,0.0,0.0,258.008,258.008,258.008
1780998853.2870111,0.0,0.0,0.0,0.0,258.008,258.008,258.008
1780998853.299602,0.0,0.0,0.0,0.0,258.008,258.008,258.008
1780998853.314323,0.0,0.0,0.0,0.0,258.008,258.008,258.008
1780998853.325449,0.0,0.0,0.0,0.0,258.008,258.008,258.008
1780998853.340193,0.0,0.0,0.0,0.0,258.008,258.008,258.008
1780998853.351218,0.0,0.0,0.0,0.0,258.008,258.008,258.008
1780998853.365931,0.0,0.0,0.0,0.0,258.008,258.008,258.008
1780998853.380683,0.0,0.0,0.0,0.0,258.008,258.008,258.008
1780998853.391586,0.0,0.0,0.0,0.0,258.008,258.008,258.008
1780998853.406476,0.0,0.0,0.0,0.0,258.008,258.008,258.008
1780998853.421039,0.0,0.0,0.0,0.0,258.008,258.008,258.008
1780998853.432103,0.0,0.0,0.0,0.0,258.008,258.008,258.008
1780998853.446783,0.0,0.0,0.0,0.0,258.008,258.008,258.008
1780998853.458056,0.0,0.0,0.0,0.0,258.008,258.008,258.008
1780998853.472678,0.0,0.0,0.0,0.0,258.008,258.008,258.008
1780998853.51123,0.0,0.0,0.0,0.0,258.008,258.008,258.008
1780998853.511632,0.0,0.0,0.0,0.0,258.008,258.008,258.008
1780998853.512974,0.0,0.0,0.0,0.0,258.008,258.008,258.008
1780998853.527647,0.0,0.0,0.0,0.0,258.008,258.008,258.008
1780998853.539237,0.0,0.0,0.0,0.0,258.008,258.008,258.008
1780998853.553942,0.0,0.0,0.0,0.0,258.008,258.008,258.008
1780998853.5648792,0.0,0.0,0.0,0.0,258.008,258.008,258.008
1780998853.57949,0.0,0.0,0.0,0.0,258.008,258.008,258.008
1780998853.594334,0.0,0.0,0.0,0.0,258.008,258.008,258.008
1780998853.6053581,0.0,0.0,0.0,0.0,258.008,258.008,258.008
1780998853.6199949,0.0,0.0,0.0,0.0,258.008,258.008,258.008
1780998853.634679,0.0,0.0,0.0,0.0,258.008,258.008,258.008
1780998853.645879,0.0,0.0,0.0,0.0,258.008,258.008,258.008
1780998853.66065,0.0,0.0,0.0,0.0,258.008,258.008,258.008
1780998853.6717,0.0,0.0,0.0,0.0,258.008,258.008,258.008
1780998853.686201,0.0,0.0,0.0,0.0,258.008,258.008,258.008
1780998853.724023,0.0,0.0,0.0,0.0,258.008,258.008,258.008
1780998853.724488,0.0,0.0,0.0,0.0,258.008,258.008,258.008
1780998853.7263591,0.0,0.0,0.0,0.0,258.008,258.008,258.008
1780998853.7411351,0.0,0.0,0.0,0.0,258.008,258.008,258.008
1780998853.752107,0.0,0.0,0.0,0.0,258.008,258.008,258.008
1780998853.766848,0.0,0.0,0.0,0.0,258.008,258.008,258.008
1780998853.777947,0.0,0.0,0.0,0.0,258.008,258.008,258.008
1780998853.792583,0.0,0.0,0.0,0.0,258.008,258.008,258.008
1780998853.807414,0.0,0.0,0.0,0.0,258.008,258.008,258.008
1780998853.8189518,0.0,0.0,0.0,0.0,258.008,258.008,258.008
1780998853.833017,0.0,0.0,0.0,0.0,258.008,258.008,258.008
1780998853.847573,0.0,0.0,0.0,0.0,258.008,258.008,258.008
1780998853.859266,0.0,0.0,0.0,0.0,258.008,258.008,258.008
1780998853.8740191,0.0,0.0,0.0,0.0,258.008,258.008,258.008
1780998853.8851771,0.0,0.0,0.0,0.0,258.008,258.008,258.008
1780998853.899615,0.0,0.0,0.0,0.0,258.008,258.008,258.008
1780998853.937053,0.0,0.0,0.0,0.0,258.008,258.008,258.008
1780998853.937469,0.0,0.0,0.0,0.0,258.008,258.008,258.008
1780998853.939959,0.0,0.0,0.0,0.0,258.008,258.008,258.008
1780998853.9546702,0.0,0.0,0.0,0.0,258.008,258.008,258.008
1780998853.9656608,0.0,0.0,0.0,0.0,258.008,258.008,258.008
1780998853.980299,0.0,0.0,0.0,0.0,258.008,258.008,258.008
1780998853.991282,0.0,0.0,0.0,0.0,258.008,258.008,258.008
1780998854.006123,0.0,0.0,0.0,0.0,258.008,258.008,258.008
1780998854.0207691,0.0,0.0,0.0,0.0,258.008,258.008,258.008
1780998854.031638,0.0,0.0,0.0,0.0,258.008,258.008,258.008
1780998854.046515,0.0,0.0,0.0,0.0,258.008,258.008,258.008
1780998854.061374,0.0,0.0,0.0,0.0,258.008,258.008,258.008
1780998854.072381,0.0,0.0,0.0,0.0,258.008,258.008,258.008
1780998854.087059,0.0,0.0,0.0,0.0,258.008,258.008,258.008
1780998854.098123,0.0,0.0,0.0,0.0,258.008,258.008,258.008
1780998854.113023,0.0,0.0,0.0,0.0,258.008,258.008,258.008
1780998854.1511822,0.0,0.0,0.0,0.0,258.008,258.008,258.008
1780998854.151537,0.0,0.0,0.0,0.0,258.008,258.008,258.008
1780998854.1537468,0.0,0.0,0.0,0.0,258.008,258.008,258.008
1780998854.167868,0.0,0.0,0.0,0.0,258.008,258.008,258.008
1780998854.179471,0.0,0.0,0.0,0.0,258.008,258.008,258.008
1780998854.194119,0.0,0.0,0.0,0.0,258.008,258.008,258.008
1780998854.205102,0.0,0.0,0.0,0.0,258.008,258.008,258.008
1780998854.219915,0.0,0.0,0.0,0.0,258.008,258.008,258.008
1780998854.234586,0.0,0.0,0.0,0.0,258.008,258.008,258.008
1780998854.2457101,0.0,0.0,0.0,0.0,258.008,258.008,258.008
1780998854.260167,0.0,0.0,0.0,0.0,258.008,258.008,258.008
1780998854.275011,0.0,0.0,0.0,0.0,258.008,258.008,258.008
1780998854.286329,0.0,0.0,0.0,0.0,258.008,258.008,258.008
1780998854.301399,64.394,6.714,0.071,0.007,275.971,245.944,256.255
1780998854.316121,65.352,7.143,0.072,0.008,276.534,245.755,256.109
1780998854.327292,65.352,7.143,0.072,0.008,276.534,245.755,256.109
1780998854.365302,65.352,7.143,0.072,0.008,276.534,245.755,256.109
1780998854.3656151,67.437,8.357,0.076,0.01,277.858,245.405,255.685
1780998854.367693,67.437,8.357,0.076,0.01,277.858,245.405,255.685
1780998854.382293,67.437,8.357,0.076,0.01,277.858,245.405,255.685
1780998854.393804,67.437,8.357,0.076,0.01,277.858,245.405,255.685
1780998854.408876,67.437,8.357,0.076,0.01,277.858,245.405,255.685
1780998854.4237492,64.113,11.214,0.07,0.014,276.986,246.675,254.775
1780998854.4387121,61.521,10.714,0.067,0.013,275.635,247.198,255.044
1780998854.4500961,60.0,10.071,0.064,0.012,274.801,247.465,255.29
1780998854.465028,57.972,9.786,0.062,0.011,273.939,247.867,255.419
1780998854.479548,57.972,9.786,0.062,0.011,273.939,247.867,255.419
1780998854.490913,54.704,9.214,0.057,0.01,272.455,248.602,255.632
1780998854.505824,51.155,10.286,0.052,0.012,271.452,249.577,255.278
1780998854.520635,48.282,10.286,0.049,0.012,270.625,250.103,255.311
1780998854.5316322,48.282,10.286,0.049,0.012,270.625,250.103,255.311
1780998854.5465238,45.577,9.714,0.045,0.011,269.525,250.672,255.521
1780998854.585857,42.648,9.643,0.041,0.011,268.5,251.379,255.551
1780998854.586265,39.493,8.929,0.037,0.01,267.294,252.039,255.804
1780998854.5873432,36.0,8.786,0.032,0.009,266.14,252.885,255.851
1780998854.602222,32.676,8.5,0.028,0.009,265.065,253.653,255.946
1780998854.614099,29.014,8.357,0.023,0.009,263.942,254.543,255.989
1780998854.629018,25.465,8.429,0.019,0.009,263.16,255.253,255.947
1780998854.639986,22.254,7.929,0.017,0.008,262.571,255.621,256.096
1780998854.654965,22.254,7.929,0.017,0.008,262.571,255.621,256.096
1780998854.669909,17.183,8.286,0.011,0.009,261.313,256.897,255.958
1780998854.681055,13.69,8.643,0.006,0.01,260.414,257.874,255.829
1780998854.695868,10.141,8.0,0.003,0.009,259.718,258.337,256.031
1780998854.710997,10.141,8.0,0.003,0.009,259.718,258.337,256.031
1780998854.722219,4.113,7.286,-0.004,0.008,258.066,259.749,256.263
1780998854.737063,0.507,7.071,-0.009,0.007,257.095,260.699,256.325
1780998854.752105,-3.606,7.0,-0.013,0.007,256.233,261.638,256.322
1780998854.763923,-7.493,6.5,-0.017,0.007,255.533,262.265,256.459
1780998854.80422,-10.423,6.357,-0.019,0.007,255.129,262.711,256.471
1780998854.8046138,-12.845,6.214,-0.021,0.007,254.679,263.198,256.5
1780998854.8089721,-15.944,6.071,-0.024,0.006,254.152,263.797,256.519
1780998854.820114,-17.915,6.0,-0.025,0.006,253.813,264.196,256.523
1780998854.8353431,-21.859,5.571,-0.03,0.006,252.957,265.099,256.647
1780998854.850403,-24.62,5.571,-0.032,0.006,252.498,265.699,256.627
1780998854.861541,-26.366,5.357,-0.034,0.006,252.177,266.045,256.681
1780998854.876747,-29.239,4.643,-0.037,0.005,251.45,266.719,256.905
1780998854.891652,-31.887,4.429,-0.04,0.005,250.982,267.303,256.937
1780998854.906795,-34.535,3.857,-0.043,0.004,250.438,267.843,257.096
1780998854.9179132,-36.676,3.429,-0.044,0.003,250.045,268.248,257.207
1780998854.933028,-38.254,3.357,-0.047,0.003,249.685,268.742,257.215
1780998854.947743,-40.113,3.357,-0.048,0.004,249.43,269.162,257.169
1780998854.962893,-41.803,3.214,-0.05,0.003,249.026,269.696,257.207
1780998854.974668,-43.211,2.643,-0.051,0.003,248.795,269.817,257.375
1780998854.9896488,-44.676,2.214,-0.053,0.002,248.407,270.213,257.512
1780998855.028037,-45.296,1.929,-0.053,0.002,248.344,270.217,257.581
1780998855.028399,-46.592,1.286,-0.055,0.001,248.032,270.428,257.778
1780998855.030404,-46.704,1.429,-0.055,0.001,248.09,270.432,257.708
1780998855.045262,-47.887,1.0,-0.056,0.001,247.835,270.665,257.825
1780998855.060251,-48.113,1.143,-0.055,0.001,247.907,270.663,257.742
1780998855.071316,-48.563,1.071,-0.056,0.001,247.871,270.714,257.745
1780998855.0864902,-48.676,1.143,-0.055,0.001,247.967,270.645,257.687
1780998855.101523,-48.451,0.714,-0.055,0.001,248.043,270.366,257.814
1780998855.112797,-48.169,0.643,-0.054,0.001,248.162,270.19,257.813
1780998855.127965,-47.775,0.286,-0.053,0.0,248.236,269.934,257.927
1780998855.142723,-46.479,0.429,-0.051,0.0,248.62,269.457,257.858
1780998855.157652,-45.634,0.286,-0.05,0.0,248.813,269.127,257.898
1780998855.169625,-45.183,0.5,-0.049,0.001,248.937,269.065,257.806
1780998855.1847732,-43.549,0.286,-0.047,0.0,249.3,268.465,257.874
1780998855.199771,-42.366,0.571,-0.045,0.001,249.624,268.145,257.765
1780998855.211094,-41.127,0.357,-0.044,0.001,249.847,267.742,257.841
1780998855.249689,-39.099,0.786,-0.041,0.001,250.372,267.206,257.692
1780998855.250014,-37.296,0.643,-0.039,0.001,250.73,266.659,257.749
1780998855.255921,-34.986,0.714,-0.036,0.001,251.253,265.989,257.735
1780998855.267061,-33.69,0.857,-0.035,0.001,251.545,265.665,257.69
1780998855.282027,-32.225,0.643,-0.033,0.001,251.818,265.219,257.774
1780998855.297131,-29.803,1.286,-0.03,0.002,252.496,264.628,257.55
1780998855.3086889,-26.592,1.643,-0.026,0.002,253.261,263.808,257.448
1780998855.3229692,-24.394,1.857,-0.023,0.003,253.86,263.169,257.381
1780998855.33786,-24.394,1.857,-0.023,0.003,253.86,263.169,257.381
1780998855.352735,-21.014,2.5,-0.018,0.004,254.874,262.234,257.165
1780998855.3645482,-17.183,3.071,-0.013,0.004,256.005,261.172,256.979
1780998855.379773,-12.958,4.214,-0.008,0.006,257.063,260.396,256.64
1780998855.394722,-10.93,4.786,-0.006,0.007,257.51,260.086,256.489
1780998855.405914,-8.056,5.286,-0.004,0.007,258.09,259.594,256.386
1780998855.4208992,-6.028,5.429,-0.001,0.007,258.627,259.076,256.359
1780998855.43582,-1.859,6.714,0.004,0.009,259.77,258.336,255.983
1780998855.4759161,0.282,6.571,0.006,0.008,260.16,257.854,256.084
1780998855.476338,3.211,7.071,0.008,0.009,260.819,257.344,255.971
1780998855.476877,5.69,7.429,0.011,0.009,261.445,256.847,255.888
1780998855.487831,7.944,7.786,0.014,0.01,262.008,256.418,255.803
1780998855.5029278,9.972,8.714,0.016,0.011,262.75,256.06,255.499
1780998855.517905,13.746,9.0,0.021,0.011,263.807,255.189,255.45
1780998855.529535,16.62,9.643,0.024,0.012,264.63,254.668,255.275
1780998855.544529,19.268,10.214,0.027,0.013,265.364,254.203,255.132
1780998855.5596778,20.451,10.571,0.028,0.013,265.707,254.021,255.034
1780998855.57083,24.113,11.0,0.032,0.013,266.66,253.341,254.955
1780998855.5858262,26.761,11.071,0.034,0.013,267.209,252.874,254.997
1780998855.6008441,28.282,11.571,0.036,0.014,267.616,252.697,254.859
1780998855.612365,30.479,11.643,0.038,0.014,268.199,252.252,254.865
1780998855.6271849,32.732,11.5,0.04,0.013,268.651,251.838,254.95
1780998855.642099,34.986,11.5,0.043,0.013,269.409,251.283,254.956
1780998855.653323,36.169,11.929,0.044,0.014,269.71,251.19,254.829
1780998855.693066,38.141,12.071,0.047,0.014,270.404,250.743,254.788
1780998855.69354,37.014,12.071,0.044,0.014,269.562,251.296,254.828
1780998855.698001,40.958,12.286,0.049,0.014,270.993,250.362,254.763
1780998855.7099059,42.648,12.0,0.05,0.014,271.296,250.057,254.871
1780998855.7249348,43.718,12.0,0.051,0.014,271.456,249.944,254.878
1780998855.740024,44.451,11.714,0.052,0.013,271.529,249.803,254.977
1780998855.751154,45.183,11.714,0.052,0.013,271.624,249.747,254.97
1780998855.7662332,45.746,11.214,0.052,0.013,271.566,249.637,255.131
1780998855.781214,46.535,11.214,0.053,0.013,271.804,249.49,255.12
1780998855.7924411,46.761,10.643,0.053,0.012,271.675,249.409,255.301
1780998855.807283,46.93,10.286,0.053,0.011,271.567,249.394,255.395
1780998855.8220422,46.986,10.643,0.053,0.012,271.652,249.458,255.263
1780998855.833014,46.986,10.643,0.053,0.012,271.652,249.458,255.263
1780998855.847832,46.986,10.643,0.053,0.012,271.652,249.458,255.263
1780998855.862963,45.859,8.643,0.051,0.009,270.691,249.473,255.95
1780998855.874799,45.352,6.929,0.05,0.007,270.13,249.398,256.456
1780998855.913558,43.944,6.357,0.048,0.006,269.514,249.72,256.57
1780998855.913902,42.93,6.0,0.046,0.006,269.108,249.944,256.637
1780998855.915767,41.465,4.786,0.044,0.004,268.363,250.142,257.007
1780998855.930902,39.662,4.214,0.042,0.004,267.664,250.528,257.143
1780998855.945741,38.141,3.429,0.04,0.003,267.128,250.769,257.316
1780998855.956942,38.141,3.429,0.04,0.003,267.128,250.769,257.316
1780998855.971669,35.493,2.857,0.037,0.002,266.263,251.325,257.424
1780998855.986658,35.493,2.857,0.037,0.002,266.263,251.325,257.424
1780998855.997686,32.676,2.071,0.033,0.001,265.249,251.908,257.65
1780998856.012675,32.676,2.071,0.033,0.001,265.249,251.908,257.65
1780998856.0278249,28.789,1.214,0.028,0.001,264.004,252.712,257.865
1780998856.039436,26.817,1.0,0.026,0.001,263.57,253.079,257.857
1780998856.054453,25.577,0.5,0.024,-0.0,263.138,253.294,258.015
1780998856.069471,23.099,0.143,0.022,-0.0,262.527,253.767,258.065
1780998856.080833,20.507,-0.214,0.019,-0.001,261.787,254.329,258.15
1780998856.0958688,17.859,-0.929,0.016,-0.001,261.082,254.779,258.338
1780998856.135574,15.099,-1.286,0.013,-0.002,260.407,255.326,258.406
1780998856.135957,13.634,-1.929,0.011,-0.003,260.002,255.51,258.604
1780998856.1369238,10.817,-2.0,0.008,-0.002,259.362,256.135,258.577
1780998856.1520698,8.338,-1.571,0.005,-0.002,258.833,256.819,258.392
1780998856.167039,5.972,-1.5,0.003,-0.001,258.378,257.316,258.337
1780998856.178795,3.268,-1.143,-0.0,-0.001,257.859,257.97,258.197
1780998856.193794,1.465,-1.071,-0.002,-0.001,257.485,258.379,258.164
1780998856.208889,-1.465,-0.714,-0.006,-0.0,256.808,259.204,258.038
1780998856.2237382,-4.056,-0.071,-0.009,0.001,256.393,259.869,257.816
1780998856.234974,-6.479,0.429,-0.011,0.001,255.994,260.459,257.661
1780998856.2500322,-9.183,0.5,-0.014,0.002,255.357,261.162,257.655
1780998856.26477,-11.268,0.929,-0.017,0.002,254.975,261.729,257.523
1780998856.276046,-13.69,1.643,-0.02,0.003,254.542,262.476,257.29
1780998856.2909389,-16.225,2.357,-0.022,0.004,254.158,263.148,257.086
1780998856.3059359,-17.352,2.714,-0.023,0.004,254.039,263.388,256.997
1780998856.317364,-19.831,3.571,-0.026,0.006,253.603,264.203,256.738
1780998856.356742,-22.141,4.357,-0.028,0.006,253.273,264.847,256.529
1780998856.357161,-24.225,4.143,-0.03,0.006,252.836,265.232,256.663
1780998856.362208,-26.254,4.929,-0.032,0.007,252.567,265.834,256.441
1780998856.374022,-28.0,5.071,-0.034,0.007,252.265,266.22,256.441
1780998856.389069,-29.408,5.214,-0.036,0.007,251.997,266.596,256.416
1780998856.404007,-30.761,6.071,-0.037,0.008,251.908,267.029,256.157
1780998856.419167,-32.169,6.286,-0.038,0.008,251.68,267.366,256.128
1780998856.43042,-33.465,6.929,-0.039,0.009,251.547,267.775,255.942
1780998856.445455,-34.93,7.214,-0.041,0.009,251.297,268.182,255.889
1780998856.460354,-35.775,7.571,-0.042,0.01,251.189,268.448,255.795
1780998856.471541,-36.113,7.929,-0.042,0.01,251.215,268.529,255.704
1780998856.486485,-37.521,8.643,-0.044,0.011,250.965,269.178,255.471
1780998856.501546,-38.479,9.0,-0.045,0.011,250.85,269.425,255.406
1780998856.5163321,-39.099,9.0,-0.045,0.011,250.756,269.489,255.457
1780998856.527627,-39.268,9.429,-0.045,0.012,250.826,269.549,255.337
1780998856.5652359,-39.606,9.429,-0.045,0.012,250.792,269.546,255.376
1780998856.5656419,-40.056,9.357,-0.045,0.011,250.7,269.605,255.429
1780998856.5694022,-39.549,9.571,-0.044,0.012,250.911,269.372,255.38
1780998856.5844748,-39.38,9.786,-0.044,0.012,251.01,269.307,255.324
1780998856.599493,-39.099,9.786,-0.043,0.012,251.091,269.179,255.335
1780998856.614558,-38.592,9.786,-0.043,0.012,251.228,268.97,255.35
1780998856.625591,-38.423,10.143,-0.042,0.012,251.316,269.002,255.231
1780998856.640685,-37.634,9.5,-0.041,0.011,251.416,268.562,255.464
1780998856.6555462,-36.056,9.643,-0.039,0.011,251.836,268.053,255.415
1780998856.666821,-35.211,9.5,-0.038,0.011,252.015,267.756,255.46
1780998856.68158,-33.577,9.071,-0.035,0.011,252.386,267.079,255.61
1780998856.6965492,-32.563,8.786,-0.034,0.01,252.56,266.742,255.699
1780998856.71173,-31.718,8.643,-0.033,0.01,252.745,266.45,255.743
1780998856.7228858,-29.127,8.143,-0.03,0.009,253.289,265.589,255.885
1780998856.7379131,-27.944,7.5,-0.029,0.008,253.436,265.163,256.089
1780998856.75295,-26.31,7.071,-0.027,0.008,253.708,264.696,256.203
1780998856.790451,-25.07,7.0,-0.025,0.008,253.971,264.377,256.202
1780998856.790894,-22.535,6.571,-0.022,0.007,254.498,263.616,256.319
1780998856.7945979,-20.394,6.429,-0.02,0.007,255.001,263.001,256.343
1780998856.809865,-18.535,6.643,-0.017,0.008,255.476,262.572,256.242
1780998856.821032,-16.676,5.643,-0.016,0.006,255.676,261.993,256.561
1780998856.8360288,-14.31,5.571,-0.013,0.006,256.2,261.425,256.549
1780998856.851001,-12.169,5.0,-0.011,0.006,256.57,260.852,256.707
1780998856.866088,-9.577,4.714,-0.008,0.005,257.126,260.187,256.774
1780998856.877217,-8.958,4.214,-0.007,0.005,257.107,260.051,256.921
1780998856.892158,-8.451,4.143,-0.007,0.005,257.096,260.083,256.901
1780998856.907278,-7.775,6.357,-0.007,0.008,257.566,260.437,256.107
1780998856.919413,-6.93,11.429,-0.006,0.016,258.584,261.206,254.437
1780998856.9343328,-6.028,15.286,-0.005,0.021,259.436,261.655,253.261
1780998856.949187,-5.408,19.071,-0.005,0.027,260.167,262.161,252.179
1780998856.9605162,-3.831,25.214,-0.003,0.035,261.628,262.777,250.422
1780998856.975302,-0.732,32.071,0.002,0.044,263.723,262.991,248.567
1780998857.01349,1.859,37.5,0.005,0.052,265.571,263.126,247.065
1780998857.01387,2.423,40.5,0.007,0.055,266.322,263.116,246.528
1780998857.0164979,4.169,41.929,0.009,0.056,267.032,262.788,246.275
1780998857.031585,7.549,49.071,0.013,0.065,269.336,263.015,244.537
1780998857.042398,7.549,49.071,0.013,0.065,269.336,263.015,244.537
1780998857.057224,8.451,55.714,0.014,0.075,270.904,263.998,242.815
1780998857.072265,8.451,55.714,0.014,0.075,270.904,263.998,242.815
1780998857.084117,10.761,62.857,0.017,0.083,272.847,264.523,241.277
1780998857.099039,11.437,64.5,0.017,0.084,273.187,264.57,241.048
1780998857.113878,13.014,67.143,0.019,0.086,273.849,264.467,240.743
1780998857.125111,14.141,68.857,0.02,0.088,274.461,264.378,240.465
1780998857.140198,15.211,70.357,0.021,0.088,274.713,264.254,240.413
1780998857.155172,17.014,70.857,0.022,0.086,274.879,263.692,240.718
1780998857.170238,17.239,70.929,0.022,0.085,274.574,263.633,240.928
1780998857.181236,18.31,70.786,0.022,0.083,274.513,263.261,241.229
1780998857.196107,18.592,70.286,0.022,0.082,274.242,263.099,241.497
1780998857.237354,18.592,70.286,0.022,0.082,274.242,263.099,241.497
1780998857.2377589,19.493,67.857,0.024,0.078,273.928,262.343,242.228
1780998857.2381,20.0,65.143,0.024,0.073,273.315,261.743,243.031
1780998857.251893,20.056,62.786,0.023,0.07,272.66,261.385,243.691
1780998857.262895,20.056,59.714,0.023,0.065,271.875,260.918,244.529
1780998857.278,20.0,57.214,0.023,0.062,271.26,260.531,245.217
1780998857.2929192,20.394,53.429,0.023,0.056,270.582,259.845,246.201
1780998857.304685,19.549,49.786,0.022,0.052,269.484,259.593,247.132
1780998857.3199208,19.437,46.071,0.021,0.047,268.735,259.109,248.049
1780998857.3348238,19.775,43.143,0.022,0.043,268.363,258.627,248.719
1780998857.346093,19.38,38.429,0.021,0.037,267.341,258.057,249.95
1780998857.3609989,19.099,35.286,0.021,0.034,266.747,257.75,250.663
1780998857.375631,18.817,31.5,0.02,0.029,265.939,257.247,251.736
1780998857.3904572,18.817,31.5,0.02,0.029,265.939,257.247,251.736
1780998857.4017,18.141,23.5,0.019,0.017,264.157,256.141,254.215
1780998857.416654,18.085,17.5,0.019,0.009,263.082,255.235,256.034
1780998857.455723,18.592,8.357,0.02,-0.002,261.934,253.982,258.385
1780998857.4561331,19.324,5.857,0.021,-0.004,261.859,253.482,258.998
1780998857.45739,18.535,-1.071,0.02,-0.012,260.586,252.843,260.959
1780998857.472227,12.0,48.857,0.01,0.067,268.602,264.052,244.252
1780998857.4838889,12.0,48.857,0.01,0.067,268.602,264.052,244.252
1780998857.49876,12.0,48.857,0.01,0.067,268.602,264.052,244.252
1780998857.5138571,13.69,-14.5,0.013,-0.031,256.938,252.135,265.793
1780998857.529036,13.239,-18.286,0.012,-0.035,256.364,251.788,266.933
1780998857.540191,11.944,-27.0,0.011,-0.044,255.182,251.129,269.327
1780998857.555223,12.845,-29.429,0.013,-0.046,255.242,250.622,269.966
1780998857.569977,10.761,-36.214,0.009,-0.055,253.666,250.249,272.724
1780998857.584859,10.761,-36.214,0.009,-0.055,253.666,250.249,272.724
1780998857.595999,6.873,-52.643,0.004,-0.079,250.106,248.852,281.166
1780998857.610991,5.746,-58.929,0.003,-0.082,249.644,248.64,282.539
1780998857.6256452,5.746,-58.929,0.003,-0.082,249.644,248.64,282.539
1780998857.6367512,5.746,-58.929,0.003,-0.082,249.644,248.64,282.539
1780998857.675831,2.704,-70.286,-0.001,-0.096,247.607,247.979,288.952
1780998857.676269,1.972,-71.357,-0.002,-0.096,247.513,248.142,288.765
1780998857.6812632,1.972,-71.357,-0.002,-0.096,247.513,248.142,288.765
1780998857.6922188,1.972,-71.357,-0.002,-0.096,247.513,248.142,288.765
1780998857.70734,1.972,-71.357,-0.002,-0.096,247.513,248.142,288.765
1780998857.721998,-4.225,-74.357,-0.01,-0.095,246.222,249.599,288.413
1780998857.7369962,-4.225,-74.357,-0.01,-0.095,246.222,249.599,288.413
1780998857.751822,-7.324,-72.0,-0.014,-0.09,246.001,250.876,285.847
1780998857.7628531,-9.972,-67.429,-0.018,-0.082,246.215,252.376,282.161
1780998857.7778518,-9.972,-67.429,-0.018,-0.082,246.215,252.376,282.161
1780998857.7925801,-12.62,-60.571,-0.021,-0.07,246.751,254.256,277.699
1780998857.8072581,-12.62,-60.571,-0.021,-0.07,246.751,254.256,277.699
1780998857.822165,-12.62,-60.571,-0.021,-0.07,246.751,254.256,277.699
1780998857.834052,-17.296,-43.714,-0.028,-0.043,248.254,258.568,269.102
1780998857.849142,-14.93,-36.357,-0.023,-0.032,250.154,258.967,266.0
1780998857.889507,-17.239,-28.5,-0.026,-0.021,250.859,260.728,263.17
1780998857.889965,-19.549,-20.0,-0.027,-0.011,251.658,262.384,260.551
1780998857.89401,-21.127,-11.286,-0.029,0.001,252.622,264.181,257.806
1780998857.905161,-14.704,-3.071,-0.018,0.011,255.805,263.057,255.483
1780998857.920267,-23.38,5.143,-0.031,0.021,254.44,267.413,253.26
1780998857.935213,-24.338,10.571,-0.031,0.027,254.944,268.348,252.066
1780998857.950207,-24.732,18.071,-0.031,0.037,256.032,269.889,249.947
1780998857.9612658,-25.127,22.857,-0.032,0.043,256.636,270.819,248.771
1780998857.976375,-24.958,33.214,-0.031,0.056,258.28,272.481,246.286
1780998857.9912052,-29.183,40.571,-0.037,0.066,258.109,275.838,244.458
1780998858.006028,-29.521,45.071,-0.037,0.069,258.535,276.298,243.858
1780998858.017327,-29.521,45.071,-0.037,0.069,258.535,276.298,243.858
1780998858.03169,-29.521,45.071,-0.037,0.069,258.535,276.298,243.858
1780998858.0466182,-29.521,45.071,-0.037,0.069,258.535,276.298,243.858
1780998858.061752,-30.761,65.571,-0.038,0.097,261.509,281.724,238.921
1780998858.103193,-30.423,67.286,-0.037,0.097,261.745,281.493,238.85
1780998858.1035619,-27.831,72.429,-0.032,0.101,263.201,280.638,238.195
1780998858.103909,-28.507,78.571,-0.033,0.105,263.558,281.614,237.514
1780998858.11762,-26.761,78.857,-0.03,0.104,264.044,280.403,237.716
1780998858.129248,-25.183,83.786,-0.028,0.108,265.19,280.433,236.928
1780998858.1441028,-25.408,84.214,-0.028,0.108,265.004,280.436,237.051
1780998858.158934,-24.563,85.429,-0.027,0.108,265.375,280.117,236.948
1780998858.173928,-24.676,85.929,-0.027,0.108,265.263,280.124,237.019
1780998858.185117,-21.014,85.5,-0.021,0.106,266.354,277.964,237.316
1780998858.1998239,-18.93,83.214,-0.019,0.101,266.349,276.17,238.218
1780998858.2149,-18.93,83.214,-0.019,0.101,266.349,276.17,238.218
1780998858.229645,-19.662,79.571,-0.02,0.094,265.194,275.552,239.312
1780998858.240724,-20.901,76.286,-0.022,0.088,263.926,275.268,240.342
1780998858.25552,-20.901,76.286,-0.022,0.088,263.926,275.268,240.342
1780998858.2705762,-21.014,71.5,-0.023,0.081,262.905,274.126,241.703
1780998858.285577,-20.282,64.714,-0.021,0.07,262.064,272.001,243.571
1780998858.325712,-20.056,59.786,-0.021,0.063,261.2,270.867,244.939
1780998858.326126,-17.07,55.643,-0.016,0.058,261.441,269.008,245.964
1780998858.3264709,-16.338,47.571,-0.016,0.047,260.216,267.321,248.121
1780998858.341457,-15.718,41.286,-0.016,0.039,259.395,266.29,249.567
1780998858.352671,-16.394,37.429,-0.017,0.034,258.533,265.901,250.61
1780998858.36786,-13.183,30.714,-0.012,0.026,258.474,263.755,252.361
1780998858.382591,-11.437,23.929,-0.011,0.018,258.004,262.397,253.935
1780998858.3976,-10.986,21.786,-0.01,0.016,257.827,262.02,254.43
1780998858.4093518,-8.225,10.143,-0.006,0.0,256.768,259.329,257.957
1780998858.4241228,-7.887,7.5,-0.006,-0.003,256.491,258.961,258.604
1780998858.439142,-7.887,7.5,-0.006,-0.003,256.491,258.961,258.604
1780998858.45035,-3.775,-9.429,-0.001,-0.024,255.083,255.449,263.932
1780998858.4648252,-3.944,-11.929,-0.002,-0.027,254.71,255.321,264.525
1780998858.479956,-3.944,-11.929,-0.002,-0.027,254.71,255.321,264.525
1780998858.4951549,0.0,-29.286,0.004,-0.05,253.165,251.814,271.108
1780998858.506158,1.408,-34.571,0.005,-0.054,252.945,251.126,272.442
1780998858.546103,1.408,-34.571,0.005,-0.054,252.945,251.126,272.442
1780998858.546473,6.366,-49.857,0.012,-0.076,251.942,247.651,280.045
1780998858.5505111,8.338,-53.714,0.014,-0.078,252.137,247.186,280.606
1780998858.561467,8.338,-53.714,0.014,-0.078,252.137,247.186,280.606
1780998858.576502,8.338,-53.714,0.014,-0.078,252.137,247.186,280.606
1780998858.5912452,11.606,-66.643,0.018,-0.093,251.187,245.053,287.537
1780998858.605958,11.606,-66.643,0.018,-0.093,251.187,245.053,287.537
1780998858.617128,11.606,-66.643,0.018,-0.093,251.187,245.053,287.537
1780998858.63198,11.606,-66.643,0.018,-0.093,251.187,245.053,287.537
1780998858.647265,15.775,-75.0,0.024,-0.104,251.106,243.113,293.833
1780998858.66199,16.225,-77.571,0.023,-0.102,251.181,243.518,292.148
1780998858.6731231,16.225,-77.571,0.023,-0.102,251.181,243.518,292.148
1780998858.6880682,17.352,-76.071,0.024,-0.096,251.891,243.947,288.82
1780998858.702924,18.141,-73.571,0.024,-0.091,252.579,244.323,286.139
1780998858.7143328,17.408,45.286,0.023,0.096,276.63,264.786,239.028
1780998858.729435,17.408,45.286,0.023,0.096,276.63,264.786,239.028
1780998858.7691,17.408,45.286,0.023,0.096,276.63,264.786,239.028
1780998858.7695518,19.662,-55.643,0.026,-0.066,255.544,246.416,276.229
1780998858.770522,17.859,-50.857,0.022,-0.057,255.773,247.975,273.249
1780998858.785387,18.93,-46.929,0.023,-0.05,256.744,248.42,271.206
1780998858.8000371,18.93,-46.929,0.023,-0.05,256.744,248.42,271.206
1780998858.8151958,18.93,-46.929,0.023,-0.05,256.744,248.42,271.206
1780998858.826079,18.93,-46.929,0.023,-0.05,256.744,248.42,271.206
1780998858.84115,15.437,-31.429,0.017,-0.026,258.419,251.885,264.404
1780998858.855778,14.197,-19.429,0.015,-0.008,260.158,254.174,259.89
1780998858.870872,14.197,-19.429,0.015,-0.008,260.158,254.174,259.89
1780998858.8821929,14.761,-9.071,0.016,0.007,262.188,255.653,256.407
1780998858.8974369,17.014,1.0,0.019,0.018,264.363,256.216,253.97
1780998858.912127,13.239,8.929,0.013,0.026,264.018,258.319,252.287
1780998858.924047,13.239,8.929,0.013,0.026,264.018,258.319,252.287
1780998858.93912,8.901,19.429,0.007,0.039,264.269,261.24,249.556
1780998858.954081,7.493,25.5,0.005,0.044,264.558,262.164,248.581
1780998858.994756,5.408,30.571,0.003,0.049,264.582,263.402,247.588
1780998858.995147,4.113,34.286,0.001,0.054,264.759,264.36,246.727
1780998858.995498,1.014,39.357,-0.004,0.06,264.568,266.261,245.481
1780998859.005813,0.451,40.857,-0.004,0.061,264.575,266.485,245.317
1780998859.0208619,-1.803,48.857,-0.007,0.072,265.292,268.758,243.258
1780998859.035601,-3.155,52.286,-0.008,0.074,265.308,269.373,242.849
1780998859.0467799,-3.155,52.286,-0.008,0.074,265.308,269.373,242.849
1780998859.061666,-5.69,59.286,-0.011,0.082,265.625,271.295,241.431
1780998859.076519,-6.479,60.286,-0.012,0.082,265.457,271.514,241.414
1780998859.09142,-8.958,64.143,-0.016,0.087,265.266,273.144,240.59
1780998859.102439,-10.141,50.5,-0.017,0.064,262.128,270.113,244.704
1780998859.117559,-10.141,50.5,-0.017,0.064,262.128,270.113,244.704
1780998859.1324632,-52.056,64.857,-0.081,0.085,251.778,301.498,240.971
1780998859.147323,-15.042,65.143,-0.021,0.083,263.614,274.008,241.257
1780998859.159014,-16.958,65.857,-0.023,0.083,263.057,274.794,241.22
1780998859.1740181,-17.296,65.643,-0.024,0.082,262.887,274.638,241.429
1780998859.212757,-19.493,65.357,-0.027,0.081,262.078,275.329,241.642
1780998859.213121,-21.014,64.143,-0.028,0.077,261.408,275.06,242.291
1780998859.2152152,-23.099,61.786,-0.031,0.073,260.316,275.227,243.034
1780998859.230117,-24.507,58.929,-0.031,0.068,259.53,274.67,243.965
1780998859.245156,-25.408,55.071,-0.032,0.062,258.691,273.877,245.102
1780998859.259979,-26.817,51.786,-0.034,0.057,257.748,273.602,246.049
1780998859.271138,-28.451,48.929,-0.036,0.053,256.846,273.544,246.852
1780998859.28637,-29.746,42.571,-0.038,0.043,255.481,272.487,248.718
1780998859.301244,-31.099,37.5,-0.039,0.037,254.658,271.796,249.923
1780998859.316211,-31.549,36.0,-0.039,0.036,254.414,271.63,250.261
1780998859.3273568,-32.113,29.357,-0.039,0.027,253.435,270.346,252.083
1780998859.3424761,-32.789,25.643,-0.04,0.022,252.772,269.803,253.129
1780998859.3574378,-32.901,18.286,-0.039,0.013,251.99,268.397,254.986
1780998859.3721972,-33.07,12.143,-0.039,0.006,251.24,267.279,256.674
1780998859.384346,-33.465,10.429,-0.04,0.004,250.996,267.155,257.042
1780998859.399186,-33.915,1.929,-0.04,-0.007,249.814,265.719,259.608
1780998859.439856,-33.183,0.143,-0.039,-0.009,249.882,265.201,259.992
1780998859.440275,-34.085,-7.214,-0.04,-0.018,248.764,264.284,262.198
1780998859.4406211,-34.085,-7.214,-0.04,-0.018,248.764,264.284,262.198
1780998859.45475,-31.099,-20.0,-0.035,-0.033,248.013,261.263,266.288
1780998859.469673,-30.817,-26.786,-0.035,-0.042,247.19,260.042,268.856
1780998859.484431,-31.099,-28.286,-0.035,-0.043,247.038,260.041,269.079
1780998859.4993541,-31.099,-28.286,-0.035,-0.043,247.038,260.041,269.079
1780998859.510262,-32.958,-38.786,-0.038,-0.056,245.311,259.032,273.059
1780998859.525183,-32.958,-38.786,-0.038,-0.056,245.311,259.032,273.059
1780998859.539812,-32.958,-38.786,-0.038,-0.056,245.311,259.032,273.059
1780998859.5549068,-32.958,-38.786,-0.038,-0.056,245.311,259.032,273.059
1780998859.569865,-26.254,-54.929,-0.027,-0.078,245.008,254.543,280.605
1780998859.5847192,-25.352,-56.5,-0.026,-0.078,245.154,254.275,280.793
1780998859.5958989,-24.394,-62.0,-0.025,-0.083,244.879,253.543,282.776
1780998859.610983,-24.394,-62.0,-0.025,-0.083,244.879,253.543,282.776
1780998859.64907,-25.07,-66.071,-0.027,-0.084,244.469,253.726,283.333
1780998859.6494021,-25.07,-66.071,-0.027,-0.084,244.469,253.726,283.333
1780998859.655379,-22.085,-65.286,-0.022,-0.082,245.443,253.186,282.237
1780998859.666292,-16.507,-63.643,-0.014,-0.078,247.194,252.065,280.724
1780998859.681254,-17.634,-62.857,-0.016,-0.076,247.033,252.712,279.844
1780998859.696029,-20.451,-60.357,-0.021,-0.071,246.696,254.109,278.046
1780998859.710751,-20.732,-56.214,-0.022,-0.064,247.274,255.021,275.538
1780998859.725781,-20.732,-56.214,-0.022,-0.064,247.274,255.021,275.538
1780998859.736896,-19.437,-50.071,-0.02,-0.054,248.564,255.791,272.291
1780998859.7516842,-19.437,-50.071,-0.02,-0.054,248.564,255.791,272.291
1780998859.7666738,-19.437,-50.071,-0.02,-0.054,248.564,255.791,272.291
1780998859.781149,-18.93,-36.143,-0.019,-0.032,250.863,258.185,265.973
1780998859.7962902,-18.93,-36.143,-0.019,-0.032,250.863,258.185,265.973
1780998859.8110971,-14.141,-27.143,-0.012,-0.018,253.591,258.312,262.464
1780998859.822247,-14.141,-27.143,-0.012,-0.018,253.591,258.312,262.464
1780998859.837259,-15.662,-17.429,-0.015,-0.004,254.606,260.589,258.996
1780998859.877509,-13.465,-8.429,-0.012,0.009,256.618,261.498,256.065
1780998859.877866,-13.465,-8.429,-0.012,0.009,256.618,261.498,256.065
1780998859.87819,-13.465,-8.429,-0.012,0.009,256.618,261.498,256.065
1780998859.892713,-11.493,8.214,-0.009,0.033,259.983,263.985,250.841
1780998859.907826,-9.859,13.786,-0.008,0.037,260.876,264.19,249.921
1780998859.922789,-9.859,18.643,-0.009,0.039,260.88,264.696,249.525
1780998859.93445,-10.366,20.643,-0.01,0.041,260.822,265.144,249.229
1780998859.949499,-8.282,28.571,-0.007,0.05,262.513,265.74,247.419
1780998859.964878,-6.986,30.214,-0.005,0.051,263.009,265.465,247.234
1780998859.9757252,-7.831,36.214,-0.007,0.059,263.626,266.898,245.732
1780998859.990444,-7.549,38.929,-0.007,0.06,263.746,267.056,245.531
1780998860.005551,-7.549,38.929,-0.007,0.06,263.746,267.056,245.531
1780998860.0203068,-6.141,46.143,-0.005,0.068,265.19,267.756,243.996
1780998860.031447,-4.451,48.214,-0.003,0.07,265.978,267.414,243.671
1780998860.046392,-3.775,50.0,-0.003,0.07,266.092,267.304,243.666
1780998860.061213,-3.606,52.143,-0.003,0.071,266.157,267.496,243.491
1780998860.0992901,-3.211,52.929,-0.003,0.07,266.09,267.34,243.644
1780998860.099669,-2.761,53.714,-0.002,0.07,266.094,267.196,243.738
1780998860.102582,-2.197,53.643,-0.002,0.067,265.9,266.819,244.133
1780998860.1177118,-2.085,53.571,-0.002,0.066,265.634,266.665,244.428
1780998860.1295109,-1.746,53.143,-0.002,0.064,265.451,266.398,244.744
1780998860.144526,-1.634,52.071,-0.002,0.062,265.121,266.11,245.185
1780998860.159702,-1.465,51.5,-0.002,0.061,264.996,265.936,245.4
1780998860.174742,-1.127,49.786,-0.002,0.058,264.713,265.484,245.932
1780998860.186042,-1.183,47.643,-0.002,0.055,264.249,265.123,246.54
1780998860.201074,-1.408,45.071,-0.002,0.051,263.684,264.76,247.238
1780998860.216245,-1.127,42.286,-0.002,0.047,263.294,264.2,247.961
1780998860.2276402,-1.014,40.5,-0.002,0.045,263.036,263.883,248.407
1780998860.2422059,-1.014,36.857,-0.002,0.04,262.389,263.249,249.42
1780998860.257028,-0.901,34.643,-0.002,0.037,262.044,262.83,250.036
1780998860.271847,-0.845,29.286,-0.002,0.03,261.149,261.905,251.546
1780998860.282976,-0.901,26.786,-0.002,0.026,260.726,261.524,252.233
1780998860.322927,-1.183,24.0,-0.002,0.023,260.186,261.171,253.011
1780998860.323358,-1.07,18.071,0.002,0.013,260.061,259.087,255.001
1780998860.3246012,-2.028,15.429,0.0,0.01,259.284,259.12,255.693
1780998860.339566,1.239,8.286,0.006,0.001,259.333,256.98,257.736
1780998860.354624,1.239,8.286,0.006,0.001,259.333,256.98,257.736
1780998860.365469,0.169,-0.286,0.003,-0.01,257.513,256.274,260.312
1780998860.380478,0.732,-2.357,0.004,-0.012,257.382,255.964,260.786
1780998860.3955982,-0.169,-10.786,0.002,-0.024,255.685,254.987,263.771
1780998860.4066272,-0.338,-14.214,0.001,-0.026,255.256,254.885,264.394
1780998860.421528,-0.338,-14.214,0.001,-0.026,255.256,254.885,264.394
1780998860.4364889,-2.197,-24.0,-0.002,-0.04,253.154,253.957,268.176
1780998860.451343,-2.479,-25.0,-0.003,-0.04,253.061,254.077,268.143
1780998860.466429,-2.479,-25.0,-0.003,-0.04,253.061,254.077,268.143
1780998860.4774458,-1.521,-33.5,-0.001,-0.05,252.248,252.762,271.057
1780998860.4922292,-1.521,-33.5,-0.001,-0.05,252.248,252.762,271.057
1780998860.5070562,-1.521,-33.5,-0.001,-0.05,252.248,252.762,271.057
1780998860.546775,-5.183,-42.286,-0.007,-0.06,250.148,252.729,274.293
1780998860.547165,-5.577,-43.143,-0.008,-0.06,250.081,252.868,274.186
1780998860.547494,-5.577,-43.143,-0.008,-0.06,250.081,252.868,274.186
1780998860.562389,-9.014,-47.429,-0.013,-0.063,248.833,253.419,275.379
1780998860.5773199,-9.014,-47.429,-0.013,-0.063,248.833,253.419,275.379
1780998860.592235,-9.746,-49.429,-0.014,-0.064,248.666,253.524,275.496
1780998860.6040902,-11.324,-49.429,-0.016,-0.061,248.548,254.161,274.703
1780998860.6190422,-13.239,-49.5,-0.018,-0.059,248.406,254.879,273.856
1780998860.6340759,-13.972,-49.143,-0.019,-0.057,248.377,255.192,273.443
1780998860.649011,-15.042,-47.929,-0.02,-0.054,248.561,255.769,272.326
1780998860.663764,-15.493,-47.929,-0.02,-0.054,248.519,255.907,272.199
1780998860.674947,-17.014,-43.786,-0.022,-0.046,248.892,257.079,270.057
1780998860.6894531,-17.915,-42.357,-0.024,-0.044,248.925,257.578,269.369
1780998860.70458,-19.042,-38.286,-0.025,-0.038,249.304,258.625,267.547
1780998860.719477,-19.775,-36.357,-0.026,-0.035,249.441,259.137,266.756
1780998860.758232,-18.761,-33.429,-0.024,-0.031,250.225,259.189,265.654
1780998860.758683,-20.451,-28.714,-0.026,-0.024,250.503,260.441,263.918
1780998860.760264,-19.944,-23.857,-0.025,-0.018,251.411,260.985,262.233
1780998860.775309,-20.732,-19.643,-0.026,-0.012,251.838,261.959,260.754
1780998860.790261,-22.592,-17.357,-0.028,-0.009,251.6,262.782,260.236
1780998860.805119,-22.423,-12.571,-0.028,-0.004,252.35,263.398,258.812
1780998860.8203158,-24.338,-9.929,-0.03,-0.0,252.189,264.468,258.025
1780998860.831177,-26.648,-4.571,-0.034,0.007,252.332,266.073,256.491
1780998860.8464031,-26.704,-3.714,-0.033,0.007,252.416,266.088,256.388
1780998860.861286,-26.761,2.071,-0.033,0.014,253.254,266.993,254.778
1780998860.876229,-27.493,5.643,-0.034,0.018,253.517,267.683,253.97
1780998860.8875442,-27.493,5.643,-0.034,0.018,253.517,267.683,253.97
1780998860.902365,-28.169,11.643,-0.034,0.025,254.188,268.898,252.39
1780998860.9170392,-24.62,14.143,-0.028,0.027,255.527,267.725,251.976
1780998860.929138,-26.535,18.5,-0.031,0.033,255.598,269.305,250.756
1780998860.9677088,-27.155,18.857,-0.032,0.033,255.378,269.464,250.848
1780998860.9680982,-27.155,18.857,-0.032,0.033,255.378,269.464,250.848
1780998860.972706,-28.113,24.429,-0.033,0.039,255.789,270.609,249.675
1780998860.984652,-28.113,24.429,-0.033,0.039,255.789,270.609,249.675
1780998860.999576,-28.056,28.286,-0.033,0.042,256.228,271.027,248.997
1780998861.014546,-28.169,29.286,-0.033,0.043,256.293,271.168,248.845
1780998861.029616,-28.338,30.357,-0.033,0.043,256.292,271.23,248.805
1780998861.040649,-28.338,31.143,-0.033,0.043,256.312,271.196,248.81
1780998861.0555542,-28.225,31.5,-0.033,0.043,256.355,271.134,248.812
1780998861.070538,-27.155,32.429,-0.031,0.044,256.793,270.824,248.63
1780998861.085484,-26.873,32.214,-0.031,0.043,256.729,270.52,248.889
1780998861.09684,-26.197,31.571,-0.03,0.041,256.728,270.005,249.239
1780998861.111933,-25.859,31.0,-0.029,0.039,256.614,269.666,249.575
1780998861.126945,-25.239,30.429,-0.029,0.038,256.643,269.271,249.824
1780998861.1418738,-24.451,28.571,-0.028,0.035,256.487,268.569,250.464
1780998861.180081,-23.662,27.357,-0.027,0.033,256.469,268.063,250.847
1780998861.180413,-23.831,25.786,-0.027,0.031,256.124,267.845,251.327
1780998861.182923,-22.986,24.071,-0.026,0.028,256.07,267.264,251.811
1780998861.1979468,-22.31,23.143,-0.025,0.027,256.114,266.897,252.048
1780998861.209763,-21.183,19.571,-0.024,0.022,255.846,265.849,253.119
1780998861.2247229,-19.493,16.714,-0.021,0.018,255.877,264.786,253.948
1780998861.239763,-18.873,13.286,-0.021,0.014,255.485,264.04,254.956
1780998861.254668,-18.085,11.571,-0.02,0.012,255.453,263.613,255.353
1780998861.265932,-17.521,8.714,-0.019,0.008,255.163,263.043,256.142
1780998861.2808378,-16.845,5.357,-0.019,0.004,254.828,262.344,257.112
1780998861.295873,-15.775,3.857,-0.017,0.003,254.94,261.891,257.411
1780998861.310996,-14.93,0.571,-0.016,-0.002,254.667,261.188,258.355
1780998861.322007,-13.972,-2.5,-0.015,-0.005,254.474,260.508,259.218
1780998861.337224,-13.014,-5.714,-0.014,-0.009,254.259,259.802,260.153
1780998861.3520188,-11.662,-8.571,-0.013,-0.012,254.253,259.164,260.81
1780998861.3668869,-11.099,-10.714,-0.012,-0.015,254.078,258.698,261.492
1780998861.407351,-9.465,-15.0,-0.01,-0.02,253.89,257.645,262.843
1780998861.407747,-9.465,-15.0,-0.01,-0.02,253.89,257.645,262.843
1780998861.408075,-7.831,-19.5,-0.008,-0.025,253.694,256.727,264.106
1780998861.422871,-6.704,-22.5,-0.007,-0.028,253.593,256.207,264.831
1780998861.437921,-5.915,-24.429,-0.006,-0.029,253.563,255.944,265.179
1780998861.449794,-5.239,-27.071,-0.006,-0.032,253.371,255.562,265.876
1780998861.464582,-4.394,-29.571,-0.005,-0.034,253.256,255.125,266.558
1780998861.479595,-3.831,-30.071,-0.004,-0.034,253.369,255.034,266.525
1780998861.494442,-3.437,-31.857,-0.004,-0.036,253.212,254.757,267.072
1780998861.5096152,-2.873,-32.214,-0.003,-0.036,253.331,254.599,267.119
1780998861.520784,-2.085,-34.429,-0.003,-0.038,253.223,254.201,267.769
1780998861.535864,-1.239,-35.5,-0.002,-0.039,253.317,253.958,267.959
1780998861.550972,-0.62,-35.786,-0.001,-0.039,253.457,253.842,267.928
1780998861.565912,-0.056,-36.071,-0.001,-0.039,253.574,253.78,267.855
1780998861.577343,0.62,-36.286,0.0,-0.039,253.725,253.634,267.848
1780998861.5920599,0.901,-36.571,0.0,-0.039,253.739,253.617,267.853
1780998861.6315122,1.07,-35.714,0.0,-0.037,253.907,253.8,267.397
1780998861.631917,1.69,-34.714,0.001,-0.035,254.218,253.852,266.934
1780998861.633793,2.028,-33.214,0.001,-0.033,254.52,254.043,266.313
1780998861.648802,2.761,-32.071,0.002,-0.032,254.883,254.035,265.875
1780998861.664211,2.31,-30.214,0.001,-0.029,254.977,254.487,265.205
1780998861.675096,2.423,-28.714,0.001,-0.027,255.185,254.683,264.718
1780998861.6900291,2.535,-26.786,0.001,-0.025,255.498,254.954,264.028
1780998861.705081,2.254,-24.0,0.001,-0.021,255.828,255.477,263.039
1780998861.7199948,2.704,-22.786,0.002,-0.019,256.097,255.493,262.716
1780998861.731196,2.479,-20.857,0.001,-0.017,256.285,255.839,262.115
1780998861.74646,2.479,-17.857,0.001,-0.013,256.69,256.254,261.212
1780998861.761373,2.085,-15.714,0.0,-0.011,256.819,256.63,260.667
1780998861.776427,1.69,-12.714,-0.0,-0.008,257.112,257.146,259.809
1780998861.787633,1.296,-10.5,-0.001,-0.005,257.31,257.563,259.17
1780998861.802594,1.183,-7.786,-0.001,-0.002,257.642,257.929,258.457
1780998861.8172958,0.676,-5.5,-0.001,0.0,257.773,258.334,257.92
1780998861.8583198,-0.394,-2.571,-0.003,0.005,257.928,259.154,256.964
1780998861.858739,-0.056,0.286,-0.002,0.008,258.432,259.349,256.287
1780998861.859094,-0.056,0.286,-0.002,0.008,258.432,259.349,256.287
1780998861.870153,-1.69,5.143,-0.005,0.014,258.663,260.553,254.949
1780998861.884862,-1.746,5.714,-0.005,0.014,258.706,260.593,254.873
1780998861.8998039,-3.268,10.429,-0.007,0.021,259.041,261.918,253.392
1780998861.9145422,-3.606,10.929,-0.007,0.021,258.976,262.012,253.37
1780998861.925548,-4.62,13.286,-0.009,0.024,259.041,262.704,252.722
1780998861.940659,-5.746,16.571,-0.01,0.028,259.196,263.48,251.939
1780998861.9556448,-7.211,19.5,-0.012,0.03,259.152,264.181,251.41
1780998861.966938,-7.887,20.786,-0.012,0.031,259.114,264.435,251.24
1780998861.9820218,-8.845,22.786,-0.013,0.033,259.1,264.849,250.926
1780998861.9971032,-9.69,23.286,-0.014,0.032,258.874,264.954,251.042
1780998862.0121,-10.479,23.929,-0.015,0.032,258.718,265.126,251.044
1780998862.02339,-11.718,24.286,-0.016,0.032,258.392,265.435,251.094
1780998862.0383701,-12.169,24.5,-0.017,0.032,258.302,265.515,251.111
1780998862.0784068,-13.07,24.286,-0.018,0.031,258.002,265.677,251.254
1780998862.078762,-14.366,24.429,-0.019,0.031,257.677,266.01,251.289
1780998862.079917,-15.268,24.857,-0.02,0.031,257.539,266.27,251.215
1780998862.095027,-15.944,24.214,-0.021,0.03,257.286,266.245,251.464
1780998862.110071,-16.958,23.5,-0.022,0.029,256.924,266.352,251.714
1780998862.125133,-17.408,23.0,-0.022,0.028,256.754,266.35,251.872
1780998862.136234,-18.028,21.929,-0.023,0.026,256.461,266.278,252.2
1780998862.1514418,-18.028,21.429,-0.023,0.026,256.406,266.153,252.35
1780998862.166389,-19.437,18.5,-0.025,0.021,255.553,266.027,253.259
1780998862.1812322,-20.282,17.286,-0.026,0.02,255.235,266.056,253.545
1780998862.1927512,-20.451,16.143,-0.026,0.019,255.085,265.867,253.842
1780998862.207778,-21.07,14.143,-0.026,0.016,254.704,265.676,254.373
1780998862.222761,-21.803,11.857,-0.027,0.013,254.241,265.487,254.993
1780998862.237566,-22.197,10.143,-0.027,0.011,253.986,265.305,255.402
1780998862.249471,-22.704,7.286,-0.028,0.007,253.408,264.908,256.335
1780998862.264265,-22.704,5.643,-0.028,0.005,253.254,264.618,256.746
1780998862.303927,-23.437,4.071,-0.029,0.003,252.839,264.585,257.218
1780998862.304341,-23.549,0.357,-0.029,-0.001,252.393,263.962,258.252
1780998862.3054578,-23.831,-1.929,-0.029,-0.003,252.119,263.714,258.78
1780998862.320559,-23.887,-4.714,-0.029,-0.006,251.816,263.295,259.506
1780998862.3355331,-24.056,-7.214,-0.029,-0.009,251.518,262.981,260.142
1780998862.350594,-23.718,-9.429,-0.028,-0.011,251.399,262.56,260.682
1780998862.365681,-24.225,-11.5,-0.029,-0.014,251.015,262.412,261.277
1780998862.3769972,-24.0,-13.714,-0.029,-0.016,250.855,262.037,261.839
1780998862.391894,-23.831,-16.286,-0.028,-0.019,250.614,261.615,262.556
1780998862.406849,-23.549,-18.286,-0.028,-0.021,250.482,261.278,263.063
1780998862.4217238,-23.38,-20.286,-0.028,-0.023,250.317,260.969,263.591
1780998862.436825,-23.042,-22.286,-0.027,-0.025,250.155,260.569,264.221
1780998862.4481568,-23.324,-24.286,-0.028,-0.027,249.859,260.43,264.751
1780998862.463087,-23.099,-25.214,-0.027,-0.028,249.835,260.272,264.954
1780998862.478057,-23.042,-27.143,-0.027,-0.03,249.633,260.014,265.503
1780998862.5179799,-22.704,-28.357,-0.027,-0.031,249.611,259.797,265.774
1780998862.518348,-22.479,-29.786,-0.027,-0.033,249.52,259.571,266.151
1780998862.519976,-22.254,-29.786,-0.026,-0.032,249.632,259.603,265.965
1780998862.5350468,-21.634,-30.5,-0.026,-0.033,249.711,259.365,266.131
1780998862.5500312,-20.958,-30.714,-0.025,-0.032,249.877,259.198,266.102
1780998862.5650718,-20.563,-31.286,-0.024,-0.033,249.892,259.054,266.247
1780998862.580062,-20.563,-31.429,-0.024,-0.033,249.868,259.078,266.252
1780998862.595165,-19.662,-30.714,-0.023,-0.032,250.215,258.99,265.894
1780998862.60636,-19.099,-30.5,-0.023,-0.031,250.372,258.907,265.781
1780998862.621376,-18.704,-30.071,-0.022,-0.031,250.506,258.912,265.602
1780998862.63644,-18.141,-29.571,-0.022,-0.03,250.708,258.856,265.403
1780998862.651485,-17.408,-27.857,-0.021,-0.027,251.119,258.975,264.744
1780998862.66628,-17.183,-26.357,-0.021,-0.025,251.37,259.195,264.184
1780998862.677581,-16.732,-25.286,-0.02,-0.024,251.604,259.251,263.831
1780998862.692698,-15.944,-24.0,-0.019,-0.022,251.932,259.233,263.448
1780998862.731041,-15.662,-22.857,-0.019,-0.021,252.123,259.35,263.09
1780998862.731393,-14.873,-21.357,-0.018,-0.019,252.555,259.374,262.547
1780998862.737311,-14.479,-18.0,-0.017,-0.014,253.064,259.844,261.459
1780998862.749141,-14.028,-16.786,-0.017,-0.013,253.292,259.898,261.143
1780998862.7641401,-13.577,-13.929,-0.017,-0.01,253.734,260.236,260.301
1780998862.778964,-12.958,-12.214,-0.016,-0.008,254.09,260.315,259.827
1780998862.7939782,-13.014,-11.214,-0.016,-0.007,254.185,260.502,259.538
1780998862.809236,-12.113,-6.786,-0.015,-0.001,255.004,260.961,258.215
1780998862.820297,-11.324,-3.857,-0.014,0.002,255.537,261.168,257.463
1780998862.835349,-10.592,-1.571,-0.013,0.005,255.942,261.273,256.949
1780998862.850222,-10.31,1.0,-0.013,0.007,256.277,261.589,256.322
1780998862.8648589,-10.141,1.286,-0.013,0.007,256.315,261.557,256.313
1780998862.8762891,-9.127,4.357,-0.011,0.012,257.105,261.782,255.331
1780998862.89115,-8.563,6.357,-0.011,0.014,257.474,261.915,254.858
1780998862.9061859,-8.056,8.071,-0.01,0.016,257.775,262.016,254.482
1780998862.9464178,-7.718,9.286,-0.01,0.017,257.945,262.078,254.267
1780998862.94679,-7.493,11.286,-0.01,0.019,258.169,262.306,253.861
1780998862.947238,-6.93,12.643,-0.009,0.02,258.399,262.304,253.648
1780998862.962018,-6.817,13.214,-0.009,0.02,258.48,262.355,253.53
1780998862.97385,-5.69,16.214,-0.008,0.024,259.329,262.535,252.605
1780998862.988965,-5.69,16.929,-0.008,0.025,259.315,262.625,252.542
1780998863.0040278,-5.577,18.286,-0.008,0.026,259.403,262.777,252.336
1780998863.015212,-5.127,18.286,-0.007,0.025,259.392,262.567,252.523
1780998863.03022,-4.901,19.214,-0.007,0.026,259.514,262.63,252.361
1780998863.045255,-4.789,19.357,-0.007,0.025,259.472,262.591,252.431
1780998863.060263,-4.394,19.643,-0.007,0.025,259.591,262.499,252.402
1780998863.071508,-4.451,19.714,-0.007,0.025,259.509,262.519,252.458
1780998863.086397,-4.282,20.0,-0.007,0.025,259.559,262.507,252.424
1780998863.101208,-3.887,19.286,-0.006,0.024,259.519,262.231,252.693
1780998863.112639,-3.887,19.286,-0.006,0.024,259.519,262.231,252.693
1780998863.1274471,-3.718,18.714,-0.006,0.023,259.427,262.086,252.899
1780998863.1689868,-3.718,18.143,-0.006,0.022,259.296,262.007,253.084
1780998863.169396,-4.0,16.5,-0.007,0.02,258.899,261.818,253.608
1780998863.169734,-3.775,16.643,-0.007,0.02,259.013,261.796,253.523
1780998863.183883,-3.662,16.5,-0.006,0.02,259.028,261.743,253.555
1780998863.1990862,-4.169,14.143,-0.007,0.016,258.442,261.473,254.333
1780998863.210312,-4.225,12.786,-0.007,0.015,258.243,261.293,254.679
1780998863.2252538,-4.338,11.357,-0.007,0.013,258.025,261.121,255.039
1780998863.240326,-4.845,9.571,-0.008,0.011,257.598,260.995,255.563
1780998863.255605,-4.845,8.643,-0.008,0.01,257.497,260.866,255.778
1780998863.266903,-4.845,6.357,-0.008,0.007,257.188,260.513,256.407
1780998863.281887,-5.183,4.357,-0.009,0.005,256.836,260.326,256.932
1780998863.297087,-5.127,2.571,-0.008,0.003,256.647,260.052,257.382
1780998863.3081222,-5.465,0.143,-0.009,-0.0,256.221,259.799,258.061
1780998863.323122,-5.803,-0.786,-0.009,-0.001,256.03,259.794,258.263
1780998863.337972,-5.803,-2.214,-0.009,-0.003,255.857,259.584,258.649
1780998863.352989,-6.254,-4.786,-0.01,-0.006,255.362,259.314,259.442
1780998863.393922,-6.141,-6.286,-0.01,-0.008,255.231,259.064,259.835
1780998863.394339,-6.31,-7.143,-0.01,-0.009,255.076,258.994,260.074
1780998863.394641,-6.31,-7.143,-0.01,-0.009,255.076,258.994,260.074
1780998863.409268,-6.873,-11.214,-0.011,-0.014,254.32,258.503,261.422
1780998863.420372,-5.915,-13.429,-0.009,-0.017,254.334,257.903,262.047
1780998863.435505,-6.479,-15.286,-0.01,-0.019,253.953,257.843,262.552
1780998863.450283,-7.211,-16.786,-0.011,-0.02,253.644,257.928,262.82
1780998863.465656,-7.549,-17.929,-0.012,-0.021,253.455,257.897,263.077
1780998863.4802282,-8.113,-19.286,-0.012,-0.022,253.209,257.919,263.345
1780998863.491267,-8.056,-20.071,-0.012,-0.023,253.181,257.807,263.502
1780998863.506291,-8.056,-20.071,-0.012,-0.023,253.181,257.807,263.502
1780998863.5209541,-9.634,-23.214,-0.014,-0.027,252.31,257.778,264.598
1780998863.5358279,-9.634,-23.214,-0.014,-0.027,252.31,257.778,264.598
1780998863.547094,-10.648,-24.0,-0.016,-0.028,251.952,257.972,264.824
1780998863.562219,-11.211,-24.429,-0.016,-0.027,251.902,258.108,264.733
1780998863.577167,-11.606,-24.571,-0.017,-0.027,251.906,258.223,264.596
1780998863.617685,-12.113,-24.286,-0.017,-0.026,251.925,258.435,264.335
1780998863.618079,-12.507,-24.071,-0.017,-0.025,251.935,258.587,264.153
1780998863.621942,-13.183,-24.143,-0.018,-0.025,251.803,258.761,264.124
1780998863.6338089,-13.521,-23.143,-0.019,-0.023,251.932,259.013,263.688
1780998863.648788,-13.521,-22.929,-0.018,-0.023,251.996,259.021,263.601
1780998863.663069,-14.028,-21.929,-0.019,-0.021,252.05,259.32,263.211
1780998863.677931,-14.423,-21.143,-0.019,-0.02,252.083,259.552,262.922
1780998863.6939762,-14.93,-19.714,-0.02,-0.018,252.182,259.933,262.401
1780998863.704882,-15.268,-18.5,-0.02,-0.017,252.284,260.175,262.028
1780998863.719771,-15.831,-17.143,-0.021,-0.015,252.338,260.549,261.58
1780998863.7346392,-16.0,-17.071,-0.021,-0.015,252.298,260.58,261.596
1780998863.7497752,-16.394,-14.714,-0.022,-0.012,252.569,261.124,260.734
1780998863.7647219,-16.732,-12.429,-0.022,-0.009,252.807,261.523,260.072
1780998863.77582,-17.127,-10.929,-0.022,-0.007,252.894,261.8,259.706
1780998863.7909,-17.183,-8.571,-0.022,-0.004,253.215,262.135,259.03
1780998863.8302112,-17.408,-7.071,-0.023,-0.003,253.337,262.361,258.684
1780998863.8305762,-17.69,-5.286,-0.023,-0.001,253.492,262.67,258.229
1780998863.835629,-17.69,-4.071,-0.023,0.0,253.652,262.824,257.916
1780998863.846787,-18.141,-2.571,-0.023,0.002,253.707,263.145,257.566
1780998863.861873,-18.817,-0.929,-0.024,0.004,253.74,263.614,257.11
1780998863.876745,-19.099,0.786,-0.025,0.006,253.885,263.913,256.695
1780998863.887788,-18.535,1.143,-0.024,0.006,254.09,263.74,256.632
1780998863.902874,-18.535,1.143,-0.024,0.006,254.09,263.74,256.632
1780998863.917637,-19.042,5.071,-0.024,0.011,254.52,264.567,255.478
1780998863.9328861,-19.042,5.071,-0.024,0.011,254.52,264.567,255.478
1780998863.944212,-18.93,6.786,-0.022,0.013,255.087,264.396,255.051
1780998863.9591238,-18.93,6.786,-0.022,0.013,255.087,264.396,255.051
1780998863.974085,-18.93,6.786,-0.022,0.013,255.087,264.396,255.051
1780998863.989047,-19.099,10.714,-0.023,0.018,255.503,265.182,253.988
1780998864.000459,-18.873,11.357,-0.023,0.018,255.503,265.144,254.018
1780998864.015358,-19.042,12.143,-0.023,0.018,255.45,265.298,253.945
1780998864.057417,-18.648,12.714,-0.023,0.018,255.552,265.215,253.913
1780998864.057855,-18.704,13.071,-0.023,0.018,255.53,265.282,253.88
1780998864.058203,-18.479,13.214,-0.023,0.018,255.536,265.198,253.943
1780998864.071295,-18.028,13.571,-0.023,0.018,255.659,265.09,253.911
1780998864.086286,-17.69,13.714,-0.022,0.018,255.717,264.988,253.938
1780998864.101313,-17.239,13.643,-0.022,0.018,255.781,264.82,254.014
1780998864.1125429,-17.014,13.571,-0.021,0.018,255.803,264.737,254.061
1780998864.127542,-16.507,13.071,-0.021,0.017,255.825,264.484,254.249
1780998864.142688,-16.169,12.429,-0.02,0.016,255.781,264.277,254.465
1780998864.157794,-15.662,11.714,-0.02,0.015,255.781,264.007,254.691
1780998864.16959,-15.155,11.357,-0.019,0.014,255.846,263.824,254.783
1780998864.184729,-14.704,10.643,-0.019,0.013,255.839,263.594,254.986
1780998864.199602,-14.592,9.929,-0.019,0.012,255.739,263.461,255.199
1780998864.210772,-14.085,8.929,-0.018,0.011,255.709,263.164,255.486
1780998864.22593,-13.69,7.429,-0.018,0.009,255.568,262.759,255.983
1780998864.240663,-13.014,6.0,-0.017,0.007,255.535,262.365,256.367
1780998864.280342,-12.507,5.357,-0.016,0.007,255.582,262.147,256.517
1780998864.280704,-12.225,4.357,-0.016,0.005,255.498,261.941,256.79
1780998864.281893,-11.662,3.0,-0.015,0.004,255.444,261.615,257.143
1780998864.296921,-11.099,1.571,-0.015,0.002,255.379,261.278,257.524
1780998864.311999,-10.93,0.143,-0.015,0.0,255.196,261.076,257.904
1780998864.32371,-10.197,-1.071,-0.014,-0.001,255.223,260.73,258.203
1780998864.338104,-9.859,-1.857,-0.013,-0.002,255.202,260.553,258.395
1780998864.352984,-9.465,-4.5,-0.013,-0.006,254.873,259.967,259.318
1780998864.36797,-8.394,-5.286,-0.011,-0.006,255.098,259.63,259.409
1780998864.379918,-8.507,-6.571,-0.012,-0.007,254.862,259.529,259.767
1780998864.3947678,-8.507,-8.429,-0.012,-0.01,254.584,259.332,260.27
1780998864.409868,-8.169,-8.571,-0.012,-0.01,254.675,259.241,260.261
1780998864.424654,-7.606,-10.429,-0.011,-0.012,254.568,258.855,260.777
1780998864.436002,-7.042,-11.929,-0.01,-0.013,254.514,258.535,261.171
1780998864.4509702,-6.479,-12.714,-0.01,-0.014,254.574,258.343,261.306
1780998864.466012,-5.859,-13.857,-0.009,-0.015,254.58,258.064,261.594
1780998864.5054898,-5.634,-14.571,-0.009,-0.016,254.543,257.979,261.728
1780998864.5059478,-5.352,-15.643,-0.009,-0.017,254.453,257.769,262.056
1780998864.506926,-5.07,-16.571,-0.008,-0.018,254.395,257.618,262.286
1780998864.521945,-4.732,-17.214,-0.008,-0.018,254.403,257.489,262.418
1780998864.5369458,-4.62,-18.071,-0.008,-0.019,254.303,257.387,262.645
1780998864.552049,-4.169,-18.786,-0.007,-0.02,254.328,257.198,262.825
1780998864.5637078,-3.831,-18.786,-0.007,-0.02,254.434,257.166,262.737
1780998864.5788631,-4.056,-19.214,-0.008,-0.02,254.3,257.2,262.855
1780998864.593857,-4.056,-18.929,-0.008,-0.019,254.357,257.301,262.677
1780998864.6089358,-3.887,-19.0,-0.007,-0.019,254.396,257.275,262.661
1780998864.623842,-3.775,-18.786,-0.007,-0.019,254.467,257.302,262.55
1780998864.635165,-3.831,-18.571,-0.007,-0.018,254.48,257.371,262.459
1780998864.650146,-3.775,-18.214,-0.007,-0.018,254.547,257.422,262.326
1780998864.665073,-3.775,-17.929,-0.007,-0.018,254.583,257.471,262.231
1780998864.680077,-3.887,-17.429,-0.008,-0.017,254.624,257.594,262.051
1780998864.71983,-4.113,-16.857,-0.008,-0.016,254.638,257.75,261.866
1780998864.720201,-3.944,-16.357,-0.008,-0.015,254.762,257.775,261.698
1780998864.720856,-4.282,-15.214,-0.008,-0.014,254.85,258.08,261.274
1780998864.7359328,-4.056,-13.643,-0.008,-0.012,255.161,258.263,260.737
1780998864.75103,-4.507,-12.643,-0.009,-0.01,255.164,258.547,260.438
1780998864.762181,-4.338,-11.643,-0.008,-0.009,255.341,258.608,260.182
1780998864.777209,-4.845,-10.214,-0.009,-0.008,255.386,258.958,259.776
1780998864.792159,-5.239,-8.857,-0.01,-0.006,255.456,259.253,259.402
1780998864.827271,-5.239,-6.929,-0.009,-0.004,255.741,259.518,258.836
1780998864.827604,-5.803,-5.714,-0.01,-0.002,255.727,259.829,258.545
1780998864.833847,-6.028,-4.429,-0.011,-0.001,255.852,260.073,258.178
1780998864.849016,-6.479,-4.071,-0.011,-0.0,255.761,260.249,258.102
1780998864.8638248,-6.761,-0.929,-0.011,0.004,256.167,260.802,257.16
1780998864.874837,-7.042,-0.214,-0.012,0.005,256.185,260.985,256.971
1780998864.889877,-7.831,1.214,-0.013,0.006,256.135,261.367,256.668
1780998864.9049711,-7.944,1.786,-0.013,0.006,256.17,261.419,256.585
1780998864.91618,-8.507,3.0,-0.014,0.007,256.177,261.707,256.315
1780998864.9311738,-9.352,4.143,-0.015,0.009,256.092,262.084,256.059
1780998864.9462779,-9.408,4.786,-0.015,0.009,256.163,262.105,255.969
1780998864.957312,-9.915,5.786,-0.015,0.01,256.164,262.359,255.742
1780998864.972661,-10.423,6.714,-0.016,0.011,256.16,262.643,255.494
1780998864.987443,-10.817,7.571,-0.016,0.012,256.174,262.838,255.309
1780998865.002363,-10.986,8.5,-0.016,0.013,256.271,262.969,255.1
1780998865.014279,-11.606,9.214,-0.017,0.014,256.194,263.224,254.955
1780998865.056297,-11.831,9.5,-0.017,0.014,256.17,263.292,254.92
1780998865.0566988,-12.0,9.786,-0.017,0.014,256.165,263.32,254.901
1780998865.057044,-12.451,10.071,-0.018,0.014,256.075,263.461,254.867
1780998865.070445,-12.789,10.5,-0.018,0.014,256.052,263.595,254.776
1780998865.085322,-13.352,11.286,-0.019,0.015,256.024,263.879,254.562
1780998865.10046,-13.408,11.357,-0.019,0.015,256.026,263.849,254.586
1780998865.111636,-14.197,10.5,-0.02,0.014,255.645,263.917,254.902
1780998865.1266718,-14.254,10.429,-0.02,0.014,255.639,263.889,254.932
1780998865.141634,-14.873,9.786,-0.021,0.013,255.382,263.935,255.148
1780998865.1568341,-15.099,8.857,-0.021,0.011,255.204,263.794,255.447
1780998865.1681,-15.662,8.214,-0.022,0.01,254.978,263.841,255.633
1780998865.1831849,-15.662,7.286,-0.021,0.009,254.857,263.647,255.924
1780998865.1980312,-15.944,6.643,-0.022,0.008,254.721,263.621,256.086
1780998865.213105,-16.394,6.143,-0.022,0.008,254.562,263.683,256.194
1780998865.2248478,-16.394,5.357,-0.022,0.007,254.488,263.53,256.405
1780998865.2398012,-16.507,4.571,-0.022,0.006,254.375,263.423,256.616
1780998865.280969,-16.563,4.0,-0.022,0.005,254.296,263.341,256.77
1780998865.281322,-16.563,4.0,-0.022,0.005,254.296,263.341,256.77
1780998865.281643,-24.113,1.357,-0.034,0.002,251.758,265.509,257.59
1780998865.295529,-16.901,0.857,-0.022,0.001,253.825,262.818,257.737
1780998865.310267,-16.901,0.857,-0.022,0.001,253.825,262.818,257.737
1780998865.321274,-15.944,-1.0,-0.021,-0.002,253.811,262.151,258.365
1780998865.335907,-15.944,-1.0,-0.021,-0.002,253.811,262.151,258.365
1780998865.3508391,-15.944,-1.0,-0.021,-0.002,253.811,262.151,258.365
1780998865.365804,-15.831,-5.214,-0.021,-0.007,253.194,261.397,259.761
1780998865.376962,-15.887,-6.5,-0.021,-0.009,252.996,261.224,260.15
1780998865.391767,-15.944,-6.643,-0.021,-0.009,252.991,261.273,260.107
1780998865.40655,-16.169,-8.571,-0.021,-0.011,252.685,261.08,260.645
1780998865.4214249,-16.0,-10.786,-0.021,-0.014,252.405,260.651,261.399
1780998865.436384,-15.831,-11.571,-0.021,-0.015,252.365,260.506,261.593
1780998865.4474628,-15.662,-12.214,-0.021,-0.015,252.381,260.444,261.638
1780998865.462545,-15.493,-12.643,-0.02,-0.015,252.392,260.36,261.71
1780998865.502987,-15.211,-13.143,-0.02,-0.015,252.471,260.319,261.66
1780998865.5033631,-14.93,-14.0,-0.02,-0.016,252.469,260.189,261.796
1780998865.507194,-14.535,-14.286,-0.019,-0.016,252.576,260.113,261.749
1780998865.522282,-14.592,-14.857,-0.02,-0.016,252.5,260.112,261.839
1780998865.534205,-14.535,-15.0,-0.02,-0.016,252.519,260.144,261.784
1780998865.5491772,-13.972,-15.286,-0.019,-0.016,252.651,259.97,261.81
1780998865.5641,-13.803,-15.714,-0.019,-0.016,252.636,259.871,261.93
1780998865.578906,-13.69,-15.714,-0.019,-0.016,252.674,259.89,261.865
1780998865.593005,-13.69,-15.714,-0.019,-0.016,252.674,259.89,261.865
1780998865.6045911,-13.69,-15.714,-0.019,-0.016,252.674,259.89,261.865
1780998865.619605,-13.69,-15.714,-0.019,-0.016,252.674,259.89,261.865
1780998865.634596,-12.732,-14.714,-0.017,-0.014,253.114,259.785,261.462
1780998865.6495621,-12.282,-13.357,-0.017,-0.012,253.427,259.939,260.946
1780998865.6644878,-11.718,-12.786,-0.016,-0.012,253.636,259.893,260.756
1780998865.70795,-11.887,-12.214,-0.016,-0.011,253.623,260.076,260.586
1780998865.7084,-11.718,-11.0,-0.016,-0.009,253.812,260.257,260.193
1780998865.7087622,-11.268,-10.0,-0.016,-0.008,254.043,260.293,259.9
1780998865.720696,-11.099,-8.857,-0.016,-0.007,254.218,260.437,259.566
1780998865.735713,-10.986,-7.214,-0.016,-0.005,254.457,260.68,259.069
1780998865.746727,-10.817,-6.429,-0.015,-0.004,254.588,260.751,258.858
1780998865.761781,-10.535,-5.357,-0.015,-0.002,254.801,260.84,258.545
1780998865.776649,-10.592,-4.714,-0.015,-0.002,254.84,260.955,258.394
1780998865.791519,-10.423,-4.0,-0.015,-0.001,254.986,261.022,258.175
1780998865.806462,-10.254,-2.214,-0.015,0.002,255.282,261.274,257.627
1780998865.817714,-10.028,-1.286,-0.015,0.003,255.476,261.358,257.347
1780998865.832774,-9.634,-0.786,-0.014,0.003,255.573,261.272,257.328
1780998865.8475451,-9.239,0.143,-0.014,0.004,255.757,261.281,257.131
1780998865.859822,-8.958,1.143,-0.013,0.005,255.929,261.346,256.896
1780998865.87465,-8.789,2.143,-0.013,0.006,256.067,261.452,256.659
1780998865.8895948,-8.845,2.929,-0.013,0.007,256.132,261.601,256.457
1780998865.9308622,-8.394,3.429,-0.013,0.007,256.279,261.512,256.39
1780998865.93122,-8.169,4.429,-0.013,0.008,256.448,261.598,256.143
1780998865.931543,-8.282,5.071,-0.013,0.009,256.45,261.734,256.017
1780998865.9458702,-7.831,5.571,-0.012,0.009,256.607,261.65,255.938
1780998865.957082,-7.775,6.071,-0.012,0.01,256.674,261.713,255.814
1780998865.972033,-7.549,6.571,-0.012,0.01,256.779,261.714,255.712
1780998865.987145,-7.38,6.571,-0.012,0.01,256.779,261.647,255.772
1780998865.9987898,-7.437,6.571,-0.012,0.01,256.718,261.66,255.82
1780998866.0142488,-7.437,6.857,-0.012,0.01,256.747,261.71,255.745
1780998866.029123,-7.099,7.214,-0.012,0.01,256.882,261.662,255.657
1780998866.040308,-7.042,7.286,-0.012,0.01,256.881,261.658,255.662
1780998866.0551832,-6.93,7.143,-0.012,0.01,256.868,261.59,255.735
1780998866.070473,-6.93,7.0,-0.012,0.01,256.827,261.563,255.799
1780998866.081453,-6.817,6.857,-0.011,0.009,256.828,261.5,255.855
1780998866.096669,-7.099,6.786,-0.012,0.009,256.719,261.591,255.88
1780998866.111564,-6.817,6.143,-0.011,0.008,256.688,261.386,256.098
1780998866.1515331,-6.761,5.929,-0.011,0.008,256.671,261.344,256.153
1780998866.151853,-6.479,5.5,-0.011,0.008,256.688,261.179,256.287
1780998866.152531,-6.704,4.929,-0.011,0.007,256.526,261.172,256.454
1780998866.167448,-6.31,4.286,-0.011,0.006,256.547,260.949,256.64
1780998866.178953,-6.31,4.286,-0.011,0.006,256.547,260.949,256.64
1780998866.193651,-6.31,4.286,-0.011,0.006,256.547,260.949,256.64
1780998866.207906,-6.31,4.286,-0.011,0.006,256.547,260.949,256.64
1780998866.219667,-6.31,4.286,-0.011,0.006,256.547,260.949,256.64
1780998866.234808,-6.986,1.0,-0.012,0.001,255.797,260.582,257.746
1780998866.24979,-7.042,0.643,-0.012,0.001,255.765,260.576,257.786
1780998866.2609339,-7.155,-0.571,-0.012,-0.0,255.581,260.441,258.106
1780998866.27615,-7.38,-1.286,-0.012,-0.001,255.454,260.429,258.25
1780998866.291032,-7.944,-2.357,-0.013,-0.002,255.165,260.453,258.531
1780998866.30596,-8.0,-3.429,-0.013,-0.004,255.013,260.296,258.845
1780998866.317179,-8.282,-4.071,-0.014,-0.004,254.87,260.295,258.999
1780998866.332364,-8.676,-5.071,-0.014,-0.005,254.659,260.281,259.24
1780998866.374727,-8.732,-6.0,-0.014,-0.006,254.553,260.159,259.475
1780998866.375138,-8.563,-6.571,-0.014,-0.007,254.566,260.032,259.586
1780998866.375456,-8.394,-7.143,-0.013,-0.007,254.573,259.906,259.704
1780998866.389042,-8.563,-7.929,-0.014,-0.008,254.434,259.851,259.912
1780998866.40414,-9.014,-8.143,-0.014,-0.008,254.298,259.975,259.936
1780998866.419209,-8.732,-8.929,-0.014,-0.009,254.295,259.761,260.155
1780998866.4302158,-9.183,-9.571,-0.015,-0.01,254.096,259.817,260.318
1780998866.445342,-9.296,-10.286,-0.015,-0.011,253.973,259.735,260.539
1780998866.460533,-9.465,-10.929,-0.015,-0.011,253.866,259.691,260.703
1780998866.4754,-9.915,-11.214,-0.016,-0.012,253.719,259.798,260.759
1780998866.490481,-10.197,-11.286,-0.016,-0.011,253.675,259.889,260.717
1780998866.5017412,-10.141,-11.286,-0.016,-0.011,253.735,259.881,260.657
1780998866.516763,-10.366,-11.571,-0.016,-0.011,253.659,259.904,260.72
1780998866.5315578,-10.535,-12.214,-0.016,-0.012,253.534,259.84,260.926
1780998866.5467122,-10.648,-11.857,-0.016,-0.012,253.589,259.946,260.756
1780998866.587606,-10.986,-12.143,-0.017,-0.012,253.467,259.999,260.84
1780998866.588005,-11.099,-11.571,-0.017,-0.011,253.553,260.132,260.609
1780998866.5883589,-11.437,-12.0,-0.017,-0.012,253.394,260.151,260.769
1780998866.602883,-11.437,-11.857,-0.017,-0.011,253.437,260.161,260.71
1780998866.617698,-11.662,-11.714,-0.017,-0.011,253.411,260.247,260.653
1780998866.632766,-11.718,-11.571,-0.017,-0.011,253.429,260.275,260.604
1780998866.644655,-11.887,-11.143,-0.018,-0.01,253.461,260.389,260.454
1780998866.659636,-11.944,-10.857,-0.018,-0.01,253.495,260.442,260.363
1780998866.674591,-12.169,-10.5,-0.018,-0.01,253.489,260.56,260.251
1780998866.6895628,-12.507,-10.143,-0.018,-0.009,253.45,260.72,260.136
1780998866.704557,-12.563,-9.643,-0.018,-0.008,253.513,260.81,259.977
1780998866.715852,-12.62,-8.929,-0.019,-0.007,253.604,260.93,259.758
1780998866.730859,-12.62,-8.571,-0.018,-0.007,253.654,260.969,259.665
1780998866.74585,-12.901,-7.714,-0.019,-0.006,253.697,261.181,259.412
1780998866.7608051,-12.845,-7.0,-0.019,-0.005,253.816,261.25,259.214
1780998866.799277,-12.958,-6.571,-0.019,-0.005,253.842,261.341,259.098
1780998866.799604,-13.183,-6.143,-0.019,-0.004,253.825,261.451,259.012
1780998866.8018749,-13.127,-5.0,-0.019,-0.003,254.015,261.605,258.659
1780998866.8165271,-13.239,-4.643,-0.019,-0.002,254.024,261.68,258.578
1780998866.83148,-13.239,-4.643,-0.019,-0.002,254.024,261.68,258.578
1780998866.846154,-13.239,-4.643,-0.019,-0.002,254.024,261.68,258.578
1780998866.857325,-13.239,-4.643,-0.019,-0.002,254.024,261.68,258.578
1780998866.872391,-13.07,-2.286,-0.019,0.001,254.462,262.066,257.749
1780998866.887412,-12.901,-1.571,-0.019,0.002,254.565,262.07,257.638
1780998866.9024599,-13.014,-0.571,-0.019,0.003,254.642,262.242,257.398
1780998866.914407,-12.901,0.0,-0.019,0.003,254.717,262.258,257.305
1780998866.929472,-12.676,0.571,-0.018,0.004,254.849,262.261,257.166
1780998866.944253,-12.507,0.643,-0.018,0.003,254.856,262.179,257.233
1780998866.955456,-12.789,1.0,-0.019,0.004,254.793,262.316,257.174
1780998866.970592,-12.225,1.786,-0.018,0.005,255.054,262.255,256.959
1780998866.9855402,-12.113,2.286,-0.018,0.005,255.124,262.296,256.849
1780998867.028139,-12.0,2.214,-0.018,0.005,255.12,262.23,256.914
1780998867.028534,-11.831,2.643,-0.017,0.005,255.205,262.243,256.814
1780998867.028882,-11.775,2.571,-0.017,0.005,255.172,262.202,256.886
1780998867.041566,-11.493,2.714,-0.017,0.005,255.251,262.131,256.869
1780998867.052711,-11.38,3.214,-0.017,0.006,255.343,262.192,256.72
1780998867.0677462,-11.606,2.929,-0.017,0.005,255.21,262.209,256.84
1780998867.0827332,-10.93,3.214,-0.016,0.005,255.439,262.042,256.758
1780998867.097595,-10.986,3.071,-0.016,0.005,255.375,262.048,256.818
1780998867.1092858,-10.873,2.929,-0.016,0.005,255.371,261.989,256.875
1780998867.1240551,-10.873,2.929,-0.016,0.005,255.371,261.989,256.875
1780998867.138664,-10.873,2.929,-0.016,0.005,255.371,261.989,256.875
1780998867.1498911,-10.873,2.929,-0.016,0.005,255.371,261.989,256.875
1780998867.164497,-10.873,2.929,-0.016,0.005,255.371,261.989,256.875
1780998867.1794171,-10.873,2.929,-0.016,0.005,255.371,261.989,256.875
1780998867.194334,-10.873,2.929,-0.016,0.005,255.371,261.989,256.875
1780998867.205524,0.0,0.0,0.0,0.0,258.008,258.008,258.008
1780998867.24656,-9.69,2.286,-0.01,0.003,256.246,260.453,257.408
1780998867.246912,-8.845,2.643,-0.009,0.003,256.551,260.256,257.285
1780998867.2472372,-8.845,2.643,-0.009,0.003,256.551,260.256,257.285
1780998867.261033,-9.634,2.429,-0.01,0.003,256.259,260.483,257.366
1780998867.275775,-9.803,2.143,-0.011,0.002,256.154,260.486,257.47
1780998867.286984,-9.803,2.143,-0.011,0.002,256.154,260.486,257.47
1780998867.301996,-10.31,1.429,-0.012,0.001,255.883,260.521,257.715
1780998867.317111,-10.535,0.571,-0.012,0.0,255.692,260.439,257.991
1780998867.332028,-10.535,0.214,-0.012,-0.0,255.657,260.379,258.085
1780998867.3439848,-10.254,0.143,-0.011,-0.0,255.752,260.287,258.076
1780998867.359004,-10.535,0.214,-0.012,-0.0,255.688,260.401,258.032
1780998867.37392,-10.817,-0.429,-0.012,-0.001,255.515,260.384,258.23
1780998867.388834,-10.986,-0.786,-0.012,-0.001,255.434,260.381,258.317
1780998867.4001138,-11.268,-1.143,-0.013,-0.002,255.317,260.413,258.41
1780998867.415139,-11.268,-2.143,-0.013,-0.003,255.178,260.229,258.734
1780998867.4301922,-11.662,-2.071,-0.013,-0.003,255.11,260.382,258.659
1780998867.472984,-11.718,-2.5,-0.013,-0.003,255.04,260.322,258.79
1780998867.473417,-12.0,-2.643,-0.014,-0.003,254.97,260.391,258.799
1780998867.47376,-12.451,-3.857,-0.014,-0.005,254.669,260.317,259.194
1780998867.486179,-12.62,-4.5,-0.014,-0.006,254.552,260.259,259.377
1780998867.5014222,-13.183,-4.929,-0.015,-0.006,254.33,260.365,259.515
1780998867.515999,-13.183,-5.571,-0.015,-0.007,254.282,260.25,259.68
1780998867.527242,-13.465,-5.357,-0.015,-0.007,254.272,260.389,259.555
1780998867.542418,-13.746,-5.857,-0.016,-0.007,254.156,260.383,259.687
1780998867.5575502,-14.085,-6.429,-0.016,-0.008,254.009,260.382,259.851
1780998867.572366,-14.761,-6.786,-0.017,-0.008,253.801,260.528,259.935
1780998867.5874062,-14.704,-6.643,-0.017,-0.008,253.889,260.526,259.84
1780998867.599335,-15.211,-6.857,-0.017,-0.008,253.744,260.643,259.886
1780998867.614319,-15.493,-7.429,-0.018,-0.009,253.604,260.615,260.068
1780998867.6292229,-15.718,-7.357,-0.018,-0.009,253.578,260.697,260.017
1780998867.644452,-16.113,-7.357,-0.019,-0.008,253.505,260.81,259.986
1780998867.6845481,-16.394,-8.071,-0.019,-0.009,253.332,260.753,260.237
1780998867.684934,-16.732,-8.643,-0.019,-0.01,253.17,260.743,260.429
1780998867.68528,-16.845,-9.0,-0.019,-0.011,253.125,260.693,260.53
1780998867.700135,-17.014,-8.929,-0.019,-0.011,253.102,260.761,260.487
1780998867.714842,-16.845,-9.143,-0.019,-0.011,253.142,260.664,260.539
1780998867.725947,-16.845,-9.143,-0.019,-0.011,253.142,260.664,260.539
1780998867.7409668,-16.789,-9.357,-0.019,-0.011,253.15,260.606,260.589
1780998867.755914,-16.62,-8.143,-0.019,-0.009,253.411,260.78,260.121
1780998867.771014,-16.282,-7.5,-0.018,-0.008,253.611,260.78,259.898
1780998867.78622,-15.268,-8.071,-0.017,-0.009,253.794,260.344,260.126
1780998867.797719,-13.07,-10.0,-0.013,-0.012,254.073,259.327,260.842
1780998867.812741,-10.141,-11.286,-0.009,-0.014,254.65,258.295,261.272
1780998867.827568,-7.268,-12.643,-0.006,-0.015,255.169,257.341,261.709
1780998867.842509,-4.338,-13.0,-0.002,-0.016,255.854,256.595,261.756
1780998867.8545358,-1.521,-14.143,0.001,-0.017,256.348,255.78,262.111
1780998867.8693829,0.789,-15.0,0.004,-0.018,256.782,255.113,262.383
1780998867.911674,1.577,-15.214,0.005,-0.018,256.926,254.931,262.432
1780998867.9120152,4.62,-16.357,0.009,-0.02,257.468,254.121,262.767
1780998867.9123142,7.211,-17.429,0.012,-0.021,257.948,253.376,263.114
1780998867.92575,9.521,-18.0,0.014,-0.022,258.368,252.893,263.229
1780998867.940757,11.549,-18.214,0.016,-0.021,258.768,252.538,263.218
1780998867.9558542,13.07,-18.214,0.018,-0.021,259.12,252.267,263.164
1780998867.966971,14.817,-18.429,0.019,-0.021,259.441,251.962,263.187
1780998867.982111,16.789,-17.571,0.022,-0.02,260.111,251.682,262.814
1780998867.9970062,18.479,-17.571,0.023,-0.02,260.442,251.406,262.801
1780998868.012056,20.0,-17.143,0.028,-0.023,261.092,250.302,263.481
1780998868.023139,20.789,-16.571,0.029,-0.021,261.37,250.321,263.168
1780998868.038185,23.775,-16.714,0.033,-0.021,262.243,249.616,263.151
1780998868.053084,24.507,-16.571,0.033,-0.021,262.296,249.713,262.976
1780998868.0679219,24.394,-15.786,0.031,-0.019,262.222,250.093,262.579
1780998868.0798872,24.789,-14.071,0.031,-0.016,262.608,250.351,261.88
1780998868.094805,26.085,-12.857,0.032,-0.014,263.028,250.411,261.396
1780998868.138592,25.972,-12.714,0.031,-0.014,262.859,250.582,261.356
1780998868.138964,26.423,-11.286,0.031,-0.012,263.092,250.813,260.858
1780998868.139307,26.31,-9.714,0.03,-0.01,263.188,251.18,260.337
1780998868.151049,26.479,-7.857,0.03,-0.007,263.468,251.467,259.743
1780998868.166104,26.141,-6.714,0.029,-0.006,263.446,251.747,259.445
1780998868.1771488,25.972,-5.357,0.029,-0.004,263.585,252.002,259.028
1780998868.192071,25.69,-4.643,0.028,-0.004,263.563,252.175,258.856
1780998868.206963,-1.352,45.929,-0.014,0.075,264.168,270.83,242.739
1780998868.222055,-1.352,45.929,-0.014,0.075,264.168,270.83,242.739
1780998868.233829,21.577,1.0,0.023,0.002,263.164,253.748,257.504
1780998868.248008,21.014,0.5,0.022,0.001,262.861,253.805,257.719
1780998868.263096,21.014,0.5,0.022,0.001,262.861,253.805,257.719
1780998868.274957,17.69,0.214,0.018,0.001,261.707,254.666,257.869
1780998868.289869,16.563,-0.429,0.016,-0.001,261.305,254.761,258.146
1780998868.304909,15.268,0.143,0.015,0.0,261.058,255.159,257.959
1780998868.316305,13.521,0.357,0.013,0.0,260.641,255.578,257.918
1780998868.372295,11.775,0.5,0.011,0.001,260.23,255.984,257.89
1780998868.372607,10.085,0.929,0.009,0.001,259.896,256.416,257.766
1780998868.372878,8.789,1.357,0.007,0.002,259.647,256.78,257.635
1780998868.373146,7.155,2.143,0.005,0.003,259.409,257.254,257.388
1780998868.384053,4.845,2.357,0.002,0.003,258.801,257.889,257.344
1780998868.398926,3.211,2.5,0.0,0.003,258.42,258.284,257.328
1780998868.4140859,1.408,3.214,-0.002,0.004,258.04,258.912,257.088
1780998868.425288,-1.465,3.929,-0.006,0.005,257.337,259.879,256.855
1780998868.440171,-4.113,4.214,-0.009,0.005,256.809,260.471,256.822
1780998868.4551702,-6.366,4.571,-0.012,0.006,256.338,261.069,256.738
1780998868.4663,-8.225,4.571,-0.014,0.005,255.939,261.467,256.774
1780998868.481277,-9.183,4.857,-0.015,0.006,255.778,261.736,256.69
1780998868.496178,-13.239,5.429,-0.02,0.006,254.919,262.874,256.541
1780998868.5112052,-13.859,5.429,-0.02,0.006,254.819,262.969,256.559
1780998868.522358,-17.296,5.643,-0.024,0.007,254.02,263.961,256.512
1780998868.537635,-19.718,5.571,-0.027,0.006,253.566,264.434,256.577
1780998868.578475,-21.803,5.214,-0.028,0.006,253.152,264.764,256.729
1780998868.578835,-24.62,4.5,-0.032,0.004,252.386,265.418,256.986
1780998868.579208,-27.099,3.929,-0.034,0.004,251.849,265.879,257.175
1780998868.594317,-27.606,3.857,-0.035,0.003,251.779,265.949,257.192
1780998868.6092029,-30.761,3.071,-0.038,0.002,251.025,266.64,257.438
1780998868.620395,-32.113,2.786,-0.04,0.002,250.687,266.985,257.524
1780998868.635405,-35.437,1.929,-0.044,0.001,249.907,267.745,257.771
1780998868.650317,-36.056,1.929,-0.044,0.001,249.827,267.88,257.752
1780998868.6617432,-38.535,1.214,-0.047,0.0,249.218,268.469,257.964
1780998868.6770592,-40.338,0.571,-0.049,-0.001,248.887,268.732,258.131
1780998868.691893,-41.972,-0.214,-0.05,-0.002,248.557,268.937,258.347
1780998868.7070148,-43.944,-0.857,-0.052,-0.002,248.145,269.337,258.506
1780998868.721944,-45.634,-1.714,-0.054,-0.003,247.762,269.605,258.742
1780998868.732912,-46.761,-2.286,-0.055,-0.004,247.564,269.742,258.867
1780998868.747856,-46.761,-2.286,-0.055,-0.004,247.564,269.742,258.867
1780998868.762969,-49.014,-4.357,-0.057,-0.007,246.849,269.99,259.527
1780998868.8030012,-49.859,-5.357,-0.058,-0.008,246.602,270.0,259.82
1780998868.8034492,-50.366,-6.429,-0.058,-0.009,246.485,269.836,260.097
1780998868.804548,-51.099,-7.0,-0.059,-0.01,246.36,269.902,260.197
1780998868.8195798,-52.113,-7.714,-0.06,-0.01,246.118,270.063,260.366
1780998868.834576,-52.113,-8.214,-0.059,-0.011,246.121,269.908,260.489
1780998868.849352,-52.676,-8.786,-0.06,-0.011,245.992,269.954,260.612
1780998868.860519,-52.845,-9.714,-0.06,-0.013,245.841,269.792,260.936
1780998868.875658,-53.239,-11.643,-0.06,-0.015,245.551,269.496,261.553
1780998868.890739,-52.732,-12.0,-0.059,-0.015,245.712,269.237,261.566
1780998868.905696,-52.451,-12.214,-0.059,-0.015,245.813,269.11,261.546
1780998868.920761,-52.338,-13.143,-0.059,-0.016,245.732,268.883,261.845
1780998868.9323342,-52.056,-13.214,-0.058,-0.016,245.824,268.812,261.787
1780998868.94702,-51.042,-13.429,-0.057,-0.016,246.066,268.431,261.808
1780998868.96207,-50.592,-13.357,-0.056,-0.016,246.187,268.344,261.73
1780998868.9769359,-49.521,-14.071,-0.055,-0.017,246.343,267.834,261.978
1780998869.017673,-48.676,-13.643,-0.053,-0.016,246.603,267.684,261.779
1780998869.0180538,-47.606,-14.143,-0.052,-0.017,246.772,267.249,261.952
1780998869.0183969,-46.254,-14.357,-0.05,-0.017,247.048,266.793,262.013
1780998869.032705,-44.563,-14.357,-0.048,-0.017,247.439,266.267,261.998
1780998869.047955,-43.268,-14.286,-0.047,-0.017,247.694,265.977,261.944
1780998869.062829,-41.915,-14.0,-0.045,-0.016,247.987,265.708,261.825
1780998869.077976,-40.338,-13.857,-0.043,-0.016,248.312,265.325,261.776
1780998869.089807,-38.254,-13.5,-0.041,-0.015,248.802,264.815,261.646
1780998869.10494,-36.676,-13.0,-0.039,-0.015,249.167,264.523,261.474
1780998869.119884,-34.93,-12.643,-0.037,-0.014,249.547,264.142,261.372
1780998869.134778,-33.521,-12.071,-0.036,-0.013,249.915,263.874,261.182
1780998869.149589,-31.437,-11.357,-0.033,-0.012,250.491,263.401,260.943
1780998869.1608179,-29.69,-10.643,-0.031,-0.011,250.954,263.065,260.717
1780998869.175646,-27.662,-9.714,-0.028,-0.01,251.601,262.617,260.393
1780998869.1907861,-25.296,-8.714,-0.025,-0.009,252.347,262.082,260.051
1780998869.2305129,-23.831,-7.429,-0.024,-0.007,252.682,262.064,259.69
1780998869.23085,-22.31,-6.929,-0.022,-0.007,253.019,261.779,259.586
1780998869.232021,-19.944,-5.929,-0.02,-0.006,253.604,261.368,259.333
1780998869.246928,-18.028,-4.571,-0.018,-0.004,254.129,261.174,258.947
1780998869.262018,-15.887,-3.429,-0.015,-0.003,254.779,260.794,258.612
1780998869.2770271,-13.69,-2.143,-0.013,-0.001,255.368,260.494,258.278
1780998869.288861,-12.0,-1.357,-0.011,-0.0,255.823,260.202,258.083
1780998869.3038971,-9.296,-0.286,-0.008,0.001,256.541,259.692,257.836
1780998869.3188229,-8.113,0.429,-0.007,0.001,256.839,259.555,257.665
1780998869.333963,-6.197,1.643,-0.004,0.003,257.46,259.273,257.312
1780998869.344886,-4.394,3.0,-0.003,0.005,257.981,259.105,256.959
1780998869.3599381,-2.648,3.5,-0.0,0.005,258.525,258.69,256.828
1780998869.3749602,-1.183,4.714,0.001,0.007,259.002,258.562,256.491
1780998869.386179,0.845,5.5,0.003,0.007,259.488,258.226,256.354
1780998869.401131,2.197,6.357,0.005,0.008,259.892,258.055,256.139
1780998869.4123662,3.606,7.286,0.006,0.009,260.24,257.925,255.941
1780998869.453044,4.451,7.214,0.007,0.009,260.415,257.691,256.005
1780998869.4534621,6.423,7.929,0.009,0.01,261.017,257.304,255.828
1780998869.453801,7.718,9.286,0.01,0.011,261.434,257.291,255.462
1780998869.468794,7.718,9.286,0.01,0.011,261.434,257.291,255.462
1780998869.483905,10.085,9.429,0.013,0.011,262.073,256.681,255.487
1780998869.4951181,10.704,10.286,0.013,0.012,262.191,256.78,255.284
1780998869.5101702,11.831,10.643,0.014,0.012,262.418,256.608,255.253
1780998869.525221,12.732,11.357,0.015,0.013,262.67,256.558,255.079
1780998869.5365171,13.014,11.214,0.015,0.013,262.622,256.506,255.173
1780998869.551475,13.465,11.357,0.015,0.013,262.663,256.47,255.173
1780998869.566578,13.915,11.143,0.015,0.012,262.656,256.362,255.284
1780998869.577899,14.31,11.214,0.016,0.012,262.709,256.313,255.286
1780998869.59282,14.028,11.071,0.015,0.012,262.532,256.412,255.344
1780998869.6077409,14.592,11.0,0.015,0.012,262.65,256.272,255.378
1780998869.6227882,14.592,10.643,0.015,0.011,262.54,256.246,255.501
1780998869.63469,14.366,9.857,0.015,0.01,262.278,256.208,255.77
1780998869.675957,14.197,10.143,0.014,0.01,262.275,256.327,255.656
1780998869.676393,13.746,9.214,0.014,0.009,261.953,256.319,255.951
1780998869.676728,13.239,8.071,0.013,0.007,261.599,256.286,256.304
1780998869.690763,12.507,7.071,0.012,0.006,261.222,256.343,256.591
1780998869.701972,11.549,6.071,0.011,0.005,260.8,256.458,256.868
1780998869.717029,10.704,5.214,0.01,0.004,260.424,256.558,257.12
1780998869.731843,9.746,4.714,0.008,0.003,260.126,256.746,257.211
1780998869.742799,9.465,4.357,0.008,0.003,260.005,256.762,257.311
1780998869.757931,8.0,2.857,0.006,0.001,259.292,256.937,257.82
1780998869.772884,7.268,2.0,0.005,-0.0,259.061,256.973,258.01
1780998869.7847219,6.423,1.143,0.004,-0.001,258.785,257.046,258.207
1780998869.799828,4.789,0.286,0.002,-0.002,258.265,257.362,258.403
1780998869.8146958,4.394,-0.429,0.002,-0.003,258.113,257.327,258.593
1780998869.8258188,2.93,-1.429,0.0,-0.004,257.634,257.553,258.846
1780998869.84079,1.239,-2.714,-0.002,-0.005,256.935,257.83,259.284
1780998869.855745,0.282,-3.643,-0.003,-0.007,256.615,257.911,259.536
1780998869.8956952,-1.521,-4.929,-0.006,-0.008,255.987,258.187,259.918
1780998869.896047,-3.211,-6.0,-0.007,-0.009,255.518,258.437,260.166
1780998869.896756,-4.845,-6.857,-0.009,-0.01,255.099,258.705,260.345
1780998869.911755,-6.592,-7.5,-0.011,-0.011,254.609,259.08,260.5
1780998869.926688,-8.451,-8.786,-0.013,-0.012,254.062,259.323,260.859
1780998869.937747,-8.789,-9.143,-0.014,-0.012,253.976,259.328,260.952
1780998869.952815,-10.873,-10.286,-0.017,-0.014,253.25,259.748,261.345
1780998869.967713,-12.563,-10.786,-0.018,-0.014,252.926,260.065,261.391
1780998869.98268,-14.423,-11.643,-0.021,-0.015,252.411,260.414,261.633
1780998869.997708,-16.169,-12.0,-0.022,-0.015,252.086,260.77,261.652
1780998870.0095942,-18.028,-12.643,-0.024,-0.016,251.67,261.111,261.796
1780998870.0247,-19.887,-12.714,-0.027,-0.016,251.271,261.613,261.764
1780998870.0394728,-21.239,-13.0,-0.028,-0.016,250.987,261.893,261.824
1780998870.0546298,-22.366,-13.0,-0.029,-0.016,250.805,262.159,261.776
1780998870.069728,-24.451,-13.214,-0.031,-0.016,250.391,262.644,261.797
1780998870.111027,-26.085,-13.429,-0.033,-0.016,250.083,262.985,261.834
1780998870.111409,-27.437,-13.429,-0.034,-0.016,249.877,263.28,261.797
1780998870.1117492,-29.352,-13.071,-0.037,-0.015,249.56,263.852,261.632
1780998870.1258502,-30.535,-12.714,-0.038,-0.015,249.434,264.171,261.481
1780998870.140872,-32.056,-12.643,-0.039,-0.015,249.119,264.604,261.456
1780998870.152003,-33.014,-12.571,-0.04,-0.014,248.96,264.837,261.431
1780998870.167066,-34.31,-12.357,-0.042,-0.014,248.769,265.169,261.357
1780998870.182136,-35.437,-11.857,-0.043,-0.013,248.653,265.506,261.188
1780998870.19698,-36.563,-11.214,-0.044,-0.013,248.545,265.884,260.976
1780998870.21189,-37.521,-10.643,-0.045,-0.012,248.461,266.188,260.803
1780998870.226974,-37.521,-10.643,-0.045,-0.012,248.461,266.188,260.803
1780998870.238084,-39.493,-8.714,-0.047,-0.009,248.317,267.141,260.136
1780998870.25315,-39.831,-8.857,-0.048,-0.01,248.228,267.17,260.219
1780998870.2680361,-40.901,-7.714,-0.049,-0.008,248.167,267.688,259.846
1780998870.282997,-41.465,-6.786,-0.049,-0.007,248.217,267.913,259.595
1780998870.324749,-41.972,-5.786,-0.049,-0.006,248.275,268.155,259.322
1780998870.3251698,-42.141,-4.143,-0.05,-0.003,248.492,268.533,258.752
1780998870.3254972,-42.479,-4.0,-0.05,-0.004,248.432,268.517,258.835
1780998870.339438,-42.535,-3.5,-0.05,-0.003,248.498,268.603,258.688
1780998870.354523,-42.93,-3.571,-0.05,-0.004,248.389,268.607,258.813
1780998870.3657238,-42.761,-2.357,-0.05,-0.002,248.622,268.716,258.451
1780998870.380878,-42.817,-1.643,-0.05,-0.001,248.7,268.81,258.284
1780998870.395722,-42.254,-1.143,-0.049,-0.001,248.908,268.635,258.185
1780998870.4111161,-42.028,-0.357,-0.048,-0.0,249.055,268.674,257.984
1780998870.4221,-41.014,0.429,-0.047,0.001,249.418,268.434,257.763
1780998870.4371042,-40.676,1.0,-0.046,0.001,249.54,268.413,257.642
1780998870.4521441,-40.225,1.643,-0.046,0.002,249.718,268.38,257.467
1780998870.4670641,-39.493,1.929,-0.045,0.002,249.883,268.173,257.449
1780998870.4779909,-38.93,2.143,-0.044,0.002,250.02,268.021,257.418
1780998870.493036,-38.93,2.143,-0.044,0.002,250.02,268.021,257.418
1780998870.507919,-37.07,3.429,-0.041,0.004,250.67,267.629,257.014
1780998870.5482502,-36.169,3.786,-0.041,0.004,250.858,267.44,256.96
1780998870.548597,-34.873,4.571,-0.039,0.005,251.259,267.176,256.737
1780998870.549821,-33.465,4.429,-0.037,0.005,251.494,266.717,256.859
1780998870.564833,-32.845,4.571,-0.037,0.005,251.606,266.583,256.849
1780998870.575946,-31.324,4.429,-0.035,0.005,251.928,266.063,256.934
1780998870.591087,-30.197,4.429,-0.034,0.004,252.109,265.785,256.972
1780998870.606081,-28.056,4.786,-0.031,0.005,252.645,265.22,256.877
1780998870.617624,-26.986,4.357,-0.03,0.004,252.746,264.893,257.05
1780998870.6324291,-26.028,4.714,-0.029,0.005,252.993,264.721,256.934
1780998870.6470778,-24.563,4.714,-0.027,0.005,253.323,264.305,256.945
1780998870.6622,-23.437,4.786,-0.026,0.005,253.566,264.032,256.926
1780998870.674019,-20.901,4.214,-0.023,0.004,254.056,263.213,257.135
1780998870.689096,-19.831,4.071,-0.021,0.004,254.24,262.944,257.184
1780998870.703948,-18.197,3.857,-0.02,0.003,254.535,262.53,257.248
1780998870.7189848,-16.901,3.714,-0.018,0.003,254.795,262.187,257.29
1780998870.75691,-15.493,3.214,-0.017,0.002,255.027,261.743,257.457
1780998870.7573051,-14.141,2.857,-0.015,0.002,255.266,261.361,257.563
1780998870.7600582,-12.113,2.714,-0.012,0.002,255.798,260.73,257.605
1780998870.77108,-10.93,2.0,-0.011,0.001,255.855,260.445,257.818
1780998870.78622,-9.014,1.714,-0.009,0.0,256.272,259.913,257.898
1780998870.801257,-7.662,1.0,-0.008,-0.0,256.392,259.565,258.111
1780998870.816279,-6.028,0.643,-0.006,-0.001,256.681,259.188,258.183
1780998870.827512,-5.07,0.143,-0.005,-0.001,256.788,258.923,258.335
1780998870.842666,-3.324,-0.214,-0.003,-0.002,257.127,258.496,258.412
1780998870.857588,-2.31,-0.929,-0.003,-0.003,257.185,258.229,258.62
1780998870.869538,-0.789,-1.0,-0.001,-0.003,257.526,257.909,258.595
1780998870.8844092,0.62,-1.143,0.001,-0.003,257.821,257.61,258.599
1780998870.899313,1.408,-1.857,0.001,-0.004,257.862,257.343,258.83
1780998870.914222,2.141,-2.071,0.002,-0.004,257.978,257.181,258.878
1780998870.925673,4.056,-3.071,0.004,-0.005,258.289,256.573,259.194
1780998870.940217,4.901,-3.286,0.005,-0.005,258.413,256.434,259.214
1780998870.98131,5.014,-3.714,0.005,-0.006,258.338,256.373,259.354
1780998870.981677,6.197,-4.286,0.006,-0.006,258.547,256.018,259.516
1780998870.981981,7.099,-5.214,0.007,-0.008,258.58,255.73,259.79
1780998870.996247,7.775,-5.5,0.008,-0.008,258.668,255.606,259.833
1780998871.007453,8.338,-5.786,0.008,-0.008,258.729,255.502,259.883
1780998871.0224278,8.394,-5.929,0.008,-0.008,258.685,255.529,259.899
1780998871.0374122,8.789,-6.286,0.008,-0.008,258.702,255.439,259.979
1780998871.049376,9.239,-6.357,0.009,-0.008,258.791,255.369,259.964
1780998871.064575,9.352,-6.286,0.009,-0.008,258.801,255.412,259.907
1780998871.079328,9.803,-6.857,0.009,-0.009,258.819,255.213,260.104
1780998871.090486,9.746,-6.786,0.009,-0.009,258.79,255.29,260.05
1780998871.1055439,9.521,-6.857,0.008,-0.009,258.695,255.384,260.046
1780998871.1205068,9.408,-7.071,0.008,-0.009,258.618,255.407,260.1
1780998871.135469,9.239,-7.429,0.008,-0.009,258.499,255.406,260.223
1780998871.146711,9.07,-7.357,0.008,-0.009,258.467,255.479,260.178
1780998871.161758,8.62,-7.286,0.007,-0.009,258.351,255.626,260.137
1780998871.2019432,8.113,-7.5,0.006,-0.009,258.171,255.73,260.212
1780998871.202378,7.549,-7.143,0.005,-0.009,258.086,255.942,260.071
1780998871.202791,7.155,-7.071,0.005,-0.009,257.998,256.053,260.043
1780998871.21786,6.423,-7.0,0.004,-0.009,257.822,256.247,260.019
1780998871.229644,5.296,-7.0,0.002,-0.009,257.52,256.538,260.023
1780998871.244725,4.338,-7.143,0.001,-0.009,257.259,256.741,260.08
1780998871.259727,3.437,-6.929,0.0,-0.008,257.066,257.009,260.001
1780998871.270899,2.479,-6.857,-0.001,-0.008,256.851,257.234,259.991
1780998871.2859578,1.07,-6.071,-0.003,-0.007,256.637,257.716,259.715
1780998871.301131,0.732,-5.643,-0.003,-0.007,256.682,257.8,259.58
1780998871.31614,-0.901,-5.214,-0.005,-0.006,256.326,258.285,259.457
1780998871.327401,-1.577,-4.929,-0.006,-0.006,256.221,258.473,259.377
1780998871.342292,-2.31,-4.0,-0.006,-0.005,256.236,258.751,259.079
1780998871.356979,-3.268,-3.857,-0.008,-0.004,255.991,259.043,259.045
1780998871.371958,-4.845,-2.786,-0.01,-0.003,255.728,259.702,258.669
1780998871.409423,-6.648,-1.857,-0.012,-0.002,255.444,260.268,258.415
1780998871.4098182,-7.493,-1.786,-0.013,-0.002,255.236,260.492,258.418
1780998871.413729,-9.127,-0.786,-0.015,-0.001,255.031,261.014,258.135
1780998871.4287932,-10.423,-0.714,-0.016,-0.001,254.765,261.258,258.185
1780998871.439851,-11.944,0.429,-0.018,0.001,254.611,261.793,257.847
1780998871.4549499,-13.07,0.357,-0.019,0.0,254.364,261.969,257.944
1780998871.4701052,-14.592,1.214,-0.021,0.001,254.16,262.473,257.695
1780998871.4851682,-15.437,1.214,-0.022,0.001,253.974,262.641,257.739
1780998871.496427,-16.901,1.429,-0.023,0.001,253.68,263.016,257.711
1780998871.511272,-18.592,2.429,-0.025,0.003,253.453,263.632,257.4
1780998871.526279,-18.704,2.0,-0.025,0.002,253.381,263.524,257.573
1780998871.537587,-21.296,3.0,-0.029,0.003,252.873,264.508,257.247
1780998871.552381,-21.972,3.071,-0.029,0.003,252.773,264.621,257.256
1780998871.5672882,-23.155,3.143,-0.031,0.003,252.485,264.989,257.247
1780998871.5821319,-24.451,3.357,-0.032,0.003,252.279,265.283,257.217
1780998871.5939672,-24.901,3.357,-0.032,0.003,252.191,265.378,257.23
1780998871.636415,-26.535,4.071,-0.034,0.004,251.93,265.978,257.003
1780998871.6367948,-27.662,3.5,-0.035,0.003,251.644,266.064,257.242
1780998871.637131,-28.282,3.929,-0.036,0.004,251.615,266.263,257.106
1780998871.650024,-29.634,3.571,-0.037,0.003,251.29,266.51,257.255
1780998871.664899,-30.704,3.929,-0.038,0.004,251.155,266.826,257.14
1780998871.679886,-31.268,3.786,-0.039,0.003,251.04,266.905,257.201
1780998871.6911008,-31.493,3.143,-0.039,0.002,250.905,266.805,257.433
1780998871.70613,-33.014,2.857,-0.041,0.002,250.542,267.181,257.523
1780998871.721335,-33.521,2.643,-0.041,0.002,250.465,267.211,257.585
1780998871.7323809,-33.915,2.143,-0.041,0.001,250.361,267.158,257.745
1780998871.7475321,-34.366,1.786,-0.042,0.001,250.231,267.205,257.852
1780998871.762454,-34.423,1.5,-0.042,0.0,250.241,267.107,257.923
1780998871.777379,-34.873,0.714,-0.042,-0.001,250.035,267.079,258.18
1780998871.788994,-35.324,0.643,-0.043,-0.001,249.963,267.199,258.16
1780998871.8041558,-35.718,0.071,-0.043,-0.002,249.805,267.201,258.339
1780998871.819114,-35.549,-0.143,-0.043,-0.002,249.86,267.075,258.381
1780998871.862931,-35.268,-0.929,-0.042,-0.003,249.859,266.794,258.621
1780998871.863298,-35.606,-1.286,-0.042,-0.003,249.753,266.85,258.696
1780998871.8636339,-35.38,-1.857,-0.042,-0.004,249.759,266.661,258.851
1780998871.874878,-35.042,-2.357,-0.041,-0.004,249.791,266.449,258.996
1780998871.889867,-34.648,-3.214,-0.041,-0.006,249.771,266.135,259.293
1780998871.904887,-34.254,-3.786,-0.04,-0.006,249.796,265.891,259.478
1780998871.9161139,-33.972,-4.357,-0.04,-0.007,249.802,265.75,259.595
1780998871.930938,-33.634,-4.786,-0.04,-0.007,249.835,265.617,259.675
1780998871.946021,-32.676,-5.5,-0.038,-0.008,249.983,265.206,259.87
1780998871.961061,-32.113,-6.143,-0.038,-0.009,250.032,264.961,260.033
1780998871.9760032,-31.268,-6.429,-0.037,-0.009,250.202,264.697,260.074
1780998871.987395,-30.761,-6.714,-0.036,-0.009,250.28,264.526,260.139
1780998872.002263,-29.859,-7.5,-0.035,-0.01,250.37,264.152,260.38
1780998872.017193,-29.183,-7.214,-0.034,-0.01,250.578,264.048,260.232
1780998872.0322938,-27.493,-7.5,-0.032,-0.01,250.943,263.518,260.301
1780998872.074469,-26.648,-7.5,-0.031,-0.01,251.111,263.349,260.265
1780998872.0748758,-25.408,-7.429,-0.03,-0.009,251.394,263.051,260.218
1780998872.075205,-24.789,-7.643,-0.029,-0.01,251.476,262.874,260.292
1780998872.088932,-23.887,-7.786,-0.028,-0.01,251.626,262.661,260.322
1780998872.1041,-22.817,-7.714,-0.027,-0.01,251.859,262.427,260.278
1780998872.115204,-21.408,-8.214,-0.025,-0.01,252.09,261.963,260.46
1780998872.130239,-20.563,-8.0,-0.024,-0.01,252.277,261.843,260.362
1780998872.1453319,-19.211,-7.429,-0.023,-0.009,252.664,261.624,260.136
1780998872.160516,-18.31,-7.714,-0.022,-0.01,252.806,261.345,260.246
1780998872.171978,-17.352,-7.714,-0.021,-0.01,252.976,261.142,260.254
1780998872.1868439,-15.718,-6.643,-0.019,-0.008,253.516,260.918,259.868
1780998872.201813,-14.31,-6.429,-0.017,-0.008,253.837,260.608,259.818
1780998872.2168581,-13.183,-6.214,-0.016,-0.008,254.075,260.386,259.772
1780998872.231937,-11.662,-5.429,-0.014,-0.006,254.528,260.149,259.511
1780998872.24402,-10.817,-5.286,-0.013,-0.006,254.67,260.003,259.502
1780998872.2589178,-9.577,-5.214,-0.012,-0.006,254.966,259.68,259.502
1780998872.299305,-8.62,-4.929,-0.011,-0.006,255.171,259.526,259.435
1780998872.299662,-7.775,-4.286,-0.01,-0.005,255.41,259.469,259.236
1780998872.299984,-6.366,-3.857,-0.008,-0.005,255.866,259.127,259.092
1780998872.314637,-5.183,-3.214,-0.007,-0.004,256.229,258.946,258.891
1780998872.329636,-4.225,-2.571,-0.006,-0.003,256.526,258.83,258.698
1780998872.344692,-3.268,-1.5,-0.005,-0.002,256.844,258.821,258.378
1780998872.355842,-2.366,-0.929,-0.004,-0.001,257.064,258.723,258.25
1780998872.371029,-1.577,-0.429,-0.003,-0.001,257.25,258.637,258.147
1780998872.385947,-0.732,0.5,-0.003,0.001,257.535,258.608,257.887
1780998872.397176,0.169,0.429,-0.002,0.0,257.677,258.371,257.979
1780998872.412373,0.789,0.429,-0.001,-0.0,257.791,258.222,258.013
1780998872.427105,1.634,1.357,-0.0,0.001,258.114,258.184,257.728
1780998872.438727,1.972,1.5,0.0,0.001,258.171,258.142,257.713
1780998872.453016,2.141,1.643,0.0,0.001,258.214,258.133,257.678
1780998872.467941,2.141,1.643,0.0,0.001,258.214,258.133,257.678
1780998872.479755,3.493,3.071,0.002,0.003,258.822,258.003,257.21
1780998872.520867,3.606,3.643,0.002,0.004,258.832,258.118,257.088
1780998872.521284,3.887,3.929,0.002,0.004,258.9,258.103,257.037
1780998872.5216231,4.169,4.286,0.002,0.005,258.958,258.11,256.974
1780998872.535742,4.169,4.214,0.002,0.004,258.86,258.121,257.058
1780998872.546912,4.451,4.429,0.002,0.004,258.932,258.088,257.021
1780998872.561918,4.394,4.571,0.002,0.004,258.907,258.14,256.994
1780998872.576951,4.394,4.857,0.002,0.005,258.918,258.2,256.925
1780998872.588004,4.338,4.929,0.002,0.005,258.881,258.235,256.926
1780998872.603682,4.282,5.143,0.001,0.005,258.885,258.292,256.867
1780998872.6187909,4.0,5.0,0.001,0.005,258.751,258.346,256.943
1780998872.6300852,3.493,4.857,0.0,0.004,258.561,258.473,257.003
1780998872.645117,2.93,4.786,-0.001,0.004,258.38,258.622,257.036
1780998872.6601112,2.648,4.857,-0.001,0.004,258.323,258.708,257.008
1780998872.67152,2.028,4.357,-0.002,0.004,258.072,258.783,257.182
1780998872.68645,1.014,4.357,-0.003,0.004,257.804,259.064,257.173
1780998872.697578,0.451,2.857,-0.004,0.001,257.419,258.929,257.688
1780998872.740094,0.507,2.571,-0.004,0.001,257.411,258.85,257.774
1780998872.7404668,0.507,2.571,-0.004,0.001,257.411,258.85,257.774
1780998872.7408042,-1.521,2.0,-0.007,0.0,256.71,259.385,257.961
1780998872.753781,-2.366,2.071,-0.008,0.001,256.591,259.604,257.87
1780998872.768691,-2.986,1.429,-0.008,-0.0,256.326,259.66,258.086
1780998872.78378,-3.718,1.357,-0.009,-0.0,256.209,259.817,258.056
1780998872.794805,-4.507,1.143,-0.01,-0.0,255.97,260.009,258.117
1780998872.8098419,-5.521,0.857,-0.011,-0.001,255.736,260.205,258.171
1780998872.824866,-6.028,0.643,-0.012,-0.001,255.624,260.277,258.218
1780998872.836115,-7.042,0.143,-0.013,-0.001,255.354,260.435,258.35
1780998872.851147,-8.507,-0.643,-0.014,-0.003,254.903,260.683,258.588
1780998872.866252,-9.465,-1.357,-0.015,-0.003,254.616,260.79,258.791
1780998872.881078,-10.704,-1.714,-0.017,-0.004,254.313,261.052,258.865
1780998872.896267,-11.606,-1.929,-0.018,-0.004,254.129,261.234,258.89
1780998872.9072268,-12.338,-2.5,-0.019,-0.005,253.895,261.314,259.067
1780998872.922272,-12.451,-2.357,-0.019,-0.004,253.925,261.354,258.996
1780998872.963406,-14.31,-3.429,-0.021,-0.006,253.332,261.687,259.327
1780998872.9637709,-14.93,-4.071,-0.022,-0.006,253.132,261.716,259.521
1780998872.964107,-16.225,-5.429,-0.023,-0.008,252.664,261.807,259.958
1780998872.979051,-17.296,-5.429,-0.024,-0.008,252.489,262.098,259.876
1780998872.993999,-17.859,-5.714,-0.025,-0.008,252.362,262.18,259.94
1780998873.0090182,-18.873,-5.929,-0.026,-0.008,252.116,262.433,259.978
1780998873.024066,-19.887,-6.214,-0.027,-0.009,251.897,262.638,260.032
1780998873.0353112,-20.676,-5.929,-0.028,-0.008,251.829,262.881,259.88
1780998873.050448,-21.521,-6.071,-0.029,-0.008,251.67,263.057,259.896
1780998873.065398,-22.479,-7.0,-0.03,-0.009,251.346,263.119,260.209
1780998873.080451,-23.211,-7.071,-0.031,-0.009,251.193,263.304,260.212
1780998873.0916731,-23.944,-7.214,-0.031,-0.009,251.061,263.455,260.223
1780998873.106685,-24.958,-7.357,-0.033,-0.01,250.838,263.707,260.246
1780998873.121695,-25.521,-7.429,-0.033,-0.01,250.747,263.813,260.254
1780998873.1367722,-25.915,-7.357,-0.033,-0.009,250.719,263.891,260.213
1780998873.1794949,-26.592,-7.0,-0.034,-0.009,250.648,264.133,260.072
1780998873.1798642,-27.268,-6.857,-0.035,-0.009,250.534,264.332,260.02
1780998873.1801941,-27.38,-6.643,-0.035,-0.008,250.569,264.371,259.944
1780998873.192821,-27.831,-6.5,-0.035,-0.008,250.508,264.502,259.896
1780998873.207755,-28.507,-6.643,-0.036,-0.008,250.34,264.652,259.954
1780998873.222738,-28.845,-6.786,-0.036,-0.009,250.263,264.682,260.016
1780998873.2347672,-28.958,-6.5,-0.036,-0.008,250.309,264.73,259.919
1780998873.249664,-29.296,-6.286,-0.037,-0.008,250.277,264.848,259.85
1780998873.264704,-29.127,-6.214,-0.036,-0.008,250.347,264.775,259.834
1780998873.27976,-29.634,-6.0,-0.037,-0.008,250.256,264.961,259.771
1780998873.290964,-29.634,-5.143,-0.037,-0.006,250.403,265.101,259.475
1780998873.3059788,-29.915,-4.929,-0.037,-0.006,250.355,265.212,259.43
1780998873.3210099,-29.577,-4.714,-0.037,-0.006,250.481,265.101,259.384
1780998873.335819,-29.69,-4.214,-0.037,-0.005,250.519,265.219,259.236
1780998873.3506508,-30.423,29.714,-0.038,0.047,255.895,273.16,247.922
1780998873.3936691,-30.423,29.714,-0.038,0.047,255.895,273.16,247.922
1780998873.3940392,-27.944,-1.357,-0.034,-0.003,251.27,264.979,258.594
1780998873.394367,-27.775,-2.214,-0.034,-0.004,251.166,264.756,258.91
1780998873.4065459,-27.775,-2.214,-0.034,-0.004,251.166,264.756,258.91
1780998873.417602,-26.479,-4.0,-0.032,-0.007,251.218,263.993,259.542
1780998873.4324732,-25.972,-3.786,-0.031,-0.006,251.384,263.898,259.44
1780998873.4473221,-24.901,-4.5,-0.03,-0.007,251.554,263.42,259.688
1780998873.462228,-24.338,-5.214,-0.029,-0.008,251.558,263.185,259.903
1780998873.477298,-23.549,-5.5,-0.028,-0.008,251.7,262.954,259.959
1780998873.4891021,-23.042,-5.786,-0.028,-0.008,251.743,262.868,259.991
1780998873.504259,-22.31,-5.714,-0.027,-0.008,251.925,262.716,259.926
1780998873.519289,-21.352,-5.857,-0.026,-0.008,252.115,262.479,259.935
1780998873.534472,-20.789,-5.643,-0.026,-0.008,252.25,262.435,259.824
1780998873.54542,-20.169,-5.143,-0.025,-0.007,252.443,262.421,259.619
1780998873.560383,-19.493,-5.714,-0.024,-0.008,252.496,262.135,259.832
1780998873.57527,-18.704,-5.071,-0.023,-0.007,252.781,262.056,259.586
1780998873.617693,-17.69,-4.857,-0.022,-0.006,253.02,261.849,259.518
1780998873.618071,-16.901,-4.714,-0.021,-0.006,253.212,261.671,259.475
1780998873.618426,-16.338,-4.357,-0.021,-0.006,253.35,261.635,259.357
1780998873.631166,-16.0,-4.286,-0.02,-0.006,253.43,261.562,259.338
1780998873.646204,-14.817,-3.786,-0.019,-0.005,253.792,261.323,259.17
1780998873.66133,-13.859,-3.786,-0.018,-0.005,253.968,261.093,259.199
1780998873.6722,-13.183,-3.643,-0.017,-0.005,254.096,260.98,259.17
1780998873.687006,-13.183,-3.643,-0.017,-0.005,254.096,260.98,259.17
1780998873.7020319,-11.831,-3.286,-0.015,-0.004,254.521,260.631,259.047
1780998873.717001,-11.155,-3.071,-0.015,-0.004,254.64,260.551,258.997
1780998873.731864,-10.535,-2.714,-0.014,-0.004,254.779,260.503,258.894
1780998873.744003,-10.197,-2.571,-0.014,-0.004,254.835,260.472,258.863
1780998873.7587268,-9.296,-2.071,-0.013,-0.003,255.118,260.326,258.704
1780998873.773678,-8.676,-1.857,-0.013,-0.003,255.238,260.234,258.667
1780998873.788765,-7.606,-1.429,-0.011,-0.002,255.531,260.031,258.554
1780998873.8305862,-7.099,-0.571,-0.011,-0.001,255.735,260.089,258.284
1780998873.830946,-6.704,-0.071,-0.011,-0.001,255.848,260.106,258.15
1780998873.8312519,-5.803,-0.143,-0.01,-0.001,256.023,259.837,258.228
1780998873.8448708,-5.746,0.143,-0.01,-0.001,256.061,259.892,258.137
1780998873.855975,-5.127,0.071,-0.009,-0.001,256.153,259.729,258.199
1780998873.8710752,-5.014,0.357,-0.009,-0.0,256.167,259.793,258.122
1780998873.886137,-4.451,0.143,-0.008,-0.001,256.238,259.613,258.224
1780998873.89728,-4.113,0.429,-0.008,-0.001,256.334,259.595,258.142
1780998873.91235,-3.493,0.5,-0.007,-0.001,256.499,259.436,258.127
1780998873.9272718,-3.38,0.357,-0.007,-0.001,256.457,259.416,258.19
1780998873.94223,-2.873,0.214,-0.007,-0.001,256.541,259.269,258.248
1780998873.954101,-2.817,0.357,-0.007,-0.001,256.543,259.317,258.199
1780998873.9690838,-2.535,0.286,-0.007,-0.001,256.592,259.232,258.232
1780998873.983949,-2.31,0.5,-0.006,-0.001,256.667,259.232,258.155
1780998873.99884,-2.423,-0.071,-0.007,-0.002,256.502,259.187,258.369
1780998874.0414789,-2.423,0.286,-0.007,-0.001,256.548,259.277,258.233
1780998874.0419042,-2.366,-0.071,-0.007,-0.002,256.487,259.212,258.36
1780998874.042227,-1.859,0.357,-0.006,-0.001,256.711,259.14,258.2
1780998874.0510778,-2.31,-0.214,-0.007,-0.002,256.459,259.194,258.406
1780998874.066166,-2.197,-0.357,-0.007,-0.002,256.464,259.144,258.451
1780998874.081043,-2.423,-0.214,-0.007,-0.002,256.417,259.249,258.395
1780998874.096045,-2.648,-0.214,-0.007,-0.002,256.354,259.322,258.388
1780998874.1072052,-2.761,-0.429,-0.008,-0.002,256.288,259.317,258.463
1780998874.12228,-3.042,-0.571,-0.008,-0.002,256.192,259.374,258.506
1780998874.1372852,-3.493,-0.571,-0.009,-0.002,256.074,259.503,258.502
1780998874.152354,-3.606,-1.0,-0.009,-0.003,255.994,259.446,258.642
1780998874.1642828,-4.62,-0.714,-0.01,-0.002,255.77,259.807,258.521
1780998874.179338,-5.014,-1.071,-0.011,-0.003,255.628,259.839,258.64
1780998874.1942852,-5.239,-1.357,-0.011,-0.003,255.54,259.841,258.731
1780998874.209292,-5.69,-1.5,-0.011,-0.003,255.427,259.931,258.762
1780998874.249398,-6.366,-1.786,-0.012,-0.004,255.224,260.063,258.848
1780998874.24972,-7.099,-1.929,-0.013,-0.004,255.012,260.249,258.892
1780998874.250379,-7.662,-2.071,-0.014,-0.004,254.885,260.363,258.916
1780998874.2655108,-8.113,-2.429,-0.014,-0.004,254.758,260.398,259.019
1780998874.2766342,-8.563,-2.5,-0.015,-0.004,254.653,260.503,259.029
1780998874.291472,-9.07,-2.286,-0.015,-0.004,254.58,260.682,258.934
1780998874.3064718,-10.254,-2.571,-0.017,-0.004,254.202,261.0,259.034
1780998874.321476,-10.366,-2.929,-0.017,-0.005,254.188,260.903,259.144
1780998874.3366148,-10.817,-3.0,-0.017,-0.005,254.112,260.981,259.151
1780998874.3477702,-11.606,-3.357,-0.018,-0.005,253.864,261.141,259.267
1780998874.362474,-11.775,-3.429,-0.018,-0.005,253.85,261.149,259.275
1780998874.377579,-11.775,-3.429,-0.018,-0.005,253.85,261.149,259.275
1780998874.392401,-13.859,-3.857,-0.021,-0.006,253.263,261.687,259.403
1780998874.4044,-14.423,-4.0,-0.022,-0.006,253.138,261.796,259.438
1780998874.419243,-14.873,-4.0,-0.022,-0.006,253.094,261.868,259.417
1780998874.434141,-15.38,-4.071,-0.023,-0.006,252.962,262.002,259.436
1780998874.476266,-16.113,-4.143,-0.024,-0.006,252.798,262.185,259.445
1780998874.476733,-16.732,-4.786,-0.024,-0.007,252.597,262.191,259.664
1780998874.477082,-17.239,-4.429,-0.025,-0.006,252.587,262.366,259.509
1780998874.4902909,-17.746,-4.571,-0.025,-0.007,252.486,262.448,259.545
1780998874.5051641,-18.423,-5.0,-0.026,-0.007,252.287,262.535,259.687
1780998874.52026,-19.324,-4.786,-0.027,-0.007,252.109,262.849,259.591
1780998874.531457,-19.775,-5.071,-0.028,-0.007,251.984,262.901,259.684
1780998874.546376,-20.394,-4.929,-0.028,-0.007,251.899,263.073,259.62
1780998874.561377,-20.676,-4.929,-0.028,-0.007,251.876,263.106,259.614
1780998874.5764632,-21.183,-5.214,-0.029,-0.007,251.736,263.168,259.716
1780998874.591478,-21.577,-5.214,-0.029,-0.007,251.673,263.255,259.706
1780998874.6026728,-22.085,-5.071,-0.03,-0.007,251.599,263.413,259.643
1780998874.617818,-22.479,-5.429,-0.03,-0.008,251.458,263.447,259.772
1780998874.632811,-22.93,-5.214,-0.031,-0.007,251.405,263.608,259.684
1780998874.6476889,-22.873,-5.143,-0.03,-0.007,251.468,263.555,259.66
1780998874.690656,-23.38,-5.0,-0.031,-0.007,251.376,263.721,259.612
1780998874.691095,-23.775,-4.786,-0.032,-0.007,251.325,263.862,259.54
1780998874.691419,-24.0,-4.643,-0.032,-0.006,251.311,263.929,259.494
1780998874.704607,-23.944,-4.214,-0.032,-0.006,251.407,263.97,259.348
1780998874.719543,-23.718,-4.286,-0.031,-0.006,251.464,263.844,259.399
1780998874.7306838,-23.831,-3.929,-0.031,-0.006,251.494,263.934,259.282
1780998874.745923,-24.0,-4.214,-0.031,-0.006,251.404,263.913,259.404
1780998874.76081,-24.169,-4.643,-0.032,-0.007,251.287,263.876,259.571
1780998874.7756228,-24.169,-5.357,-0.032,-0.008,251.186,263.732,259.819
1780998874.790776,-24.113,-6.0,-0.032,-0.009,251.111,263.597,260.032
1780998874.801887,-23.887,-6.286,-0.031,-0.009,251.147,263.485,260.096
1780998874.817077,-24.056,-6.357,-0.031,-0.009,251.101,263.552,260.085
1780998874.831886,-23.944,-6.0,-0.031,-0.008,251.198,263.602,259.927
1780998874.8470132,-23.944,-5.714,-0.031,-0.008,251.246,263.665,259.813
1780998874.858857,-23.887,-5.071,-0.031,-0.007,251.356,263.777,259.583
1780998874.873815,-24.0,-4.5,-0.031,-0.006,251.4,263.928,259.394
1780998874.914809,-23.831,-4.571,-0.031,-0.006,251.425,263.843,259.444
1780998874.915176,-23.549,-3.929,-0.031,-0.005,251.586,263.87,259.235
1780998874.9186292,-23.38,-3.786,-0.031,-0.005,251.632,263.835,259.216
1780998874.929912,-23.042,-3.429,-0.03,-0.005,251.758,263.79,259.115
1780998874.9447548,-23.211,-3.286,-0.031,-0.005,251.705,263.879,259.093
1780998874.95952,-22.873,-3.071,-0.03,-0.004,251.815,263.807,259.035
1780998874.974557,-22.873,-3.071,-0.03,-0.004,251.815,263.807,259.035
1780998874.98569,-22.873,-3.071,-0.03,-0.004,251.815,263.807,259.035
1780998875.000631,-21.127,-1.929,-0.027,-0.003,252.461,263.442,258.649
1780998875.015647,-21.352,-1.929,-0.028,-0.003,252.323,263.553,258.7
1780998875.030766,-20.676,-1.429,-0.027,-0.002,252.535,263.444,258.565
1780998875.0457458,-20.338,-1.643,-0.027,-0.003,252.539,263.317,258.676
1780998875.0571651,-19.944,-1.357,-0.026,-0.003,252.662,263.26,258.593
1780998875.0720918,-19.606,-1.143,-0.026,-0.002,252.737,263.221,258.546
1780998875.0870662,-18.93,-1.071,-0.025,-0.002,252.89,263.039,258.545
1780998875.126446,-18.254,-0.429,-0.025,-0.001,253.13,262.976,258.34
1780998875.126883,-17.859,-0.286,-0.024,-0.001,253.207,262.906,258.321
1780998875.128748,-17.183,-0.357,-0.023,-0.002,253.332,262.702,258.373
1780998875.14397,-16.845,-0.5,-0.023,-0.002,253.367,262.59,258.439
1780998875.158779,-16.338,-0.286,-0.022,-0.002,253.496,262.508,258.375
1780998875.1737878,-15.887,-0.071,-0.022,-0.001,253.604,262.443,258.317
1780998875.1848829,-15.099,-0.214,-0.021,-0.002,253.758,262.187,258.389
1780998875.19983,-14.592,0.0,-0.021,-0.001,253.885,262.114,258.321
1780998875.21507,-13.972,-0.214,-0.02,-0.002,253.97,261.915,258.414
1780998875.229973,-13.521,0.286,-0.019,-0.001,254.149,261.9,258.237
1780998875.24112,-12.958,-0.143,-0.019,-0.002,254.186,261.683,258.401
1780998875.2560918,-12.169,-0.286,-0.018,-0.002,254.339,261.452,258.455
1780998875.271086,-11.606,-0.357,-0.017,-0.002,254.437,261.316,258.479
1780998875.286036,-11.042,-0.286,-0.017,-0.002,254.56,261.205,258.454
1780998875.300993,-10.648,0.0,-0.016,-0.001,254.67,261.192,258.348
1780998875.3426828,-10.028,0.214,-0.015,-0.001,254.857,261.062,258.273
1780998875.343117,-9.465,-0.214,-0.015,-0.002,254.896,260.851,258.434
1780998875.343466,-9.127,-0.5,-0.015,-0.002,254.896,260.749,258.532
1780998875.3568919,-8.732,-0.571,-0.014,-0.002,254.954,260.669,258.546
1780998875.368656,-8.056,-0.714,-0.013,-0.003,255.09,260.475,258.59
1780998875.383651,-7.944,-0.714,-0.013,-0.002,255.096,260.476,258.582
1780998875.398549,-7.662,-0.929,-0.013,-0.003,255.109,260.397,258.645
1780998875.41374,-6.986,-0.786,-0.012,-0.002,255.299,260.254,258.582
1780998875.425059,-6.366,-1.0,-0.012,-0.003,255.404,260.064,258.656
1780998875.439994,-6.028,-1.286,-0.011,-0.003,255.416,259.955,258.749
1780998875.455012,-5.577,-1.143,-0.011,-0.003,255.538,259.889,258.686
1780998875.469978,-5.521,-1.5,-0.011,-0.003,255.469,259.836,258.81
1780998875.480907,-5.127,-1.643,-0.011,-0.004,255.534,259.727,258.848
1780998875.495956,-4.732,-1.643,-0.01,-0.004,255.623,259.641,258.839
1780998875.511107,-4.62,-2.214,-0.01,-0.004,255.535,259.542,259.03
1780998875.52606,-4.507,-2.071,-0.01,-0.004,255.571,259.573,258.961
1780998875.566653,-4.056,-2.071,-0.009,-0.004,255.694,259.449,258.954
1780998875.567038,-4.338,-1.929,-0.01,-0.004,255.612,259.601,258.891
1780998875.56738,-4.056,-1.857,-0.01,-0.004,255.697,259.549,258.852
1780998875.5822248,-4.113,-2.071,-0.01,-0.004,255.629,259.545,258.927
1780998875.593976,-3.831,-2.143,-0.009,-0.004,255.687,259.458,258.952
1780998875.608978,-3.831,-2.286,-0.01,-0.004,255.653,259.449,258.997
1780998875.624028,-4.056,-2.429,-0.01,-0.004,255.559,259.504,259.043
1780998875.6392992,-4.169,-2.286,-0.01,-0.004,255.551,259.575,258.98
1780998875.650177,-4.676,-2.571,-0.011,-0.005,255.354,259.688,259.078
1780998875.66536,-4.789,-2.571,-0.011,-0.005,255.337,259.718,259.066
1780998875.680107,-4.845,-2.643,-0.011,-0.005,255.326,259.713,259.083
1780998875.695314,-5.352,-2.714,-0.012,-0.005,255.173,259.856,259.105
1780998875.70652,-5.577,-2.5,-0.012,-0.004,255.161,259.955,259.02
1780998875.7215,-5.915,-2.643,-0.012,-0.005,255.056,260.019,259.07
1780998875.7362938,-5.746,-2.786,-0.012,-0.005,255.09,259.929,259.122
1780998875.750849,-5.746,-2.786,-0.012,-0.005,255.09,259.929,259.122
1780998875.794241,-5.746,-2.786,-0.012,-0.005,255.09,259.929,259.122
1780998875.794661,-7.38,-2.643,-0.015,-0.005,254.656,260.463,259.064
1780998875.794982,-7.718,-2.429,-0.015,-0.004,254.644,260.561,258.983
1780998875.806985,-8.225,-2.857,-0.015,-0.005,254.468,260.595,259.139
1780998875.818772,-8.62,-3.0,-0.016,-0.005,254.373,260.65,259.188
1780998875.833696,-9.183,-2.643,-0.017,-0.004,254.299,260.874,259.052
1780998875.8487198,-9.69,-2.5,-0.017,-0.004,254.189,261.05,259.0
1780998875.863691,-10.31,-2.143,-0.018,-0.004,254.115,261.255,258.884
1780998875.87495,-10.817,-2.0,-0.018,-0.004,254.037,261.382,258.847
1780998875.8901188,-11.099,-1.714,-0.019,-0.003,254.042,261.466,258.762
1780998875.905111,-11.831,-1.714,-0.02,-0.003,253.864,261.65,258.779
1780998875.920213,-12.113,-1.929,-0.02,-0.004,253.774,261.663,258.865
1780998875.9352582,-12.451,-1.643,-0.02,-0.003,253.756,261.777,258.776
1780998875.946605,-13.014,-1.214,-0.021,-0.003,253.703,261.992,258.632
1780998875.9613252,-13.634,-1.5,-0.021,-0.003,253.513,262.087,258.749
1780998875.9763892,-14.028,-1.286,-0.022,-0.003,253.471,262.211,258.678
1780998876.01876,-14.592,-0.929,-0.023,-0.002,253.402,262.42,258.559
1780998876.019146,-15.211,-1.071,-0.023,-0.003,253.234,262.548,258.623
1780998876.019499,-15.324,-1.0,-0.023,-0.003,253.24,262.562,258.603
1780998876.032398,-16.0,-0.929,-0.024,-0.003,253.093,262.755,258.585
1780998876.0475461,-16.338,-0.857,-0.024,-0.002,253.046,262.83,258.567
1780998876.062548,-16.676,-0.857,-0.025,-0.002,252.981,262.895,258.578
1780998876.0744052,-17.127,-0.714,-0.025,-0.002,252.906,263.03,258.536
1780998876.089313,-17.465,-0.357,-0.026,-0.002,252.898,263.173,258.413
1780998876.104438,-17.915,-0.5,-0.026,-0.002,252.765,263.268,258.472
1780998876.119524,-18.31,-0.786,-0.027,-0.003,252.634,263.304,258.584
1780998876.1306949,-18.648,-0.929,-0.027,-0.003,252.549,263.353,258.632
1780998876.145824,-19.099,-0.429,-0.027,-0.002,252.538,263.565,258.451
1780998876.1607838,-19.549,-0.786,-0.028,-0.003,252.381,263.606,258.587
1780998876.17557,-19.775,-0.786,-0.028,-0.003,252.346,263.647,258.588
1780998876.190702,-19.831,-0.857,-0.028,-0.003,252.337,263.632,258.613
1780998876.232089,-20.056,-0.643,-0.028,-0.002,252.33,263.728,258.532
1780998876.232523,-20.113,-0.786,-0.028,-0.003,252.313,263.692,258.585
1780998876.232866,-20.225,-1.286,-0.028,-0.003,252.218,263.612,258.763
1780998876.246791,-20.563,-1.5,-0.029,-0.004,252.11,263.674,258.826
1780998876.25788,-20.676,-1.786,-0.029,-0.004,252.059,263.644,258.91
1780998876.2728891,-21.07,-1.786,-0.03,-0.004,251.968,263.777,258.891
1780998876.287873,-20.732,-1.786,-0.029,-0.004,252.077,263.653,258.882
1780998876.302782,-20.676,-2.071,-0.029,-0.004,252.058,263.576,258.974
1780998876.317857,-20.62,-2.357,-0.029,-0.005,252.035,263.51,259.061
1780998876.3297641,-20.338,-2.5,-0.028,-0.005,252.1,263.395,259.094
1780998876.344898,-20.338,-2.714,-0.028,-0.005,252.066,263.371,259.153
1780998876.359841,-20.169,-3.5,-0.028,-0.006,251.987,263.177,259.422
1780998876.374781,-20.0,-3.5,-0.028,-0.006,252.036,263.138,259.404
1780998876.389699,-19.437,-3.571,-0.027,-0.006,252.186,262.961,259.4
1780998876.4013178,-19.606,-4.143,-0.027,-0.007,252.043,262.941,259.579
1780998876.4159732,-19.662,-4.357,-0.028,-0.007,251.995,262.948,259.628
1780998876.458911,-19.099,-5.0,-0.027,-0.008,252.05,262.663,259.834
1780998876.4593978,-18.873,-5.143,-0.027,-0.008,252.085,262.604,259.85
1780998876.459745,-18.986,-4.929,-0.027,-0.007,252.084,262.715,259.746
1780998876.471874,-18.479,-4.929,-0.026,-0.007,252.217,262.578,259.725
1780998876.4869492,-18.085,-4.929,-0.026,-0.007,252.312,262.482,259.708
1780998876.5019069,-17.577,-5.143,-0.025,-0.008,252.403,262.302,259.777
1780998876.516906,-17.296,-5.214,-0.025,-0.008,252.447,262.235,259.791
1780998876.528718,-17.183,-5.429,-0.025,-0.008,252.416,262.197,259.863
1780998876.543818,-16.901,-5.5,-0.024,-0.008,252.47,262.113,259.883
1780998876.5588422,-16.225,-5.5,-0.023,-0.008,252.637,261.927,259.873
1780998876.573855,-15.944,-5.5,-0.023,-0.008,252.686,261.881,259.862
1780998876.585192,-15.099,-5.786,-0.022,-0.008,252.847,261.591,259.96
1780998876.600273,-14.93,-5.357,-0.022,-0.008,252.925,261.672,259.794
1780998876.61498,-14.366,-5.643,-0.021,-0.008,253.004,261.47,259.901
1780998876.6300921,-13.803,-5.214,-0.021,-0.007,253.199,261.412,259.74
1780998876.674096,-13.296,-5.214,-0.02,-0.007,253.317,261.272,259.745
1780998876.6745138,-13.239,-5.571,-0.02,-0.008,253.231,261.226,259.884
1780998876.6748412,-12.845,-5.5,-0.02,-0.008,253.318,261.155,259.857
1780998876.6862679,-12.563,-5.429,-0.02,-0.008,253.373,261.117,259.832
1780998876.701271,-12.0,-5.214,-0.019,-0.007,253.53,261.014,259.758
1780998876.712366,-11.662,-5.143,-0.019,-0.007,253.596,260.958,259.739
1780998876.727356,-11.099,-5.214,-0.018,-0.008,253.718,260.786,259.774
1780998876.742363,-10.535,-4.286,-0.017,-0.006,253.994,260.818,259.438
1780998876.7573729,-10.197,-4.286,-0.017,-0.006,254.039,260.737,259.468
1780998876.772037,-10.085,-3.857,-0.017,-0.006,254.109,260.804,259.326
1780998876.783675,-10.085,-3.857,-0.017,-0.006,254.109,260.804,259.326
1780998876.7988968,-10.085,-3.857,-0.017,-0.006,254.109,260.804,259.326
1780998876.813609,-8.958,-3.071,-0.015,-0.005,254.525,260.607,259.066
1780998876.828736,-8.394,-2.643,-0.015,-0.004,254.689,260.54,258.955
1780998876.840052,-8.113,-2.714,-0.015,-0.004,254.691,260.467,259.023
1780998876.855005,-8.113,-2.286,-0.015,-0.004,254.699,260.584,258.901
1780998876.8972218,-7.775,-1.571,-0.014,-0.003,254.865,260.627,258.682
1780998876.897581,-7.831,-1.214,-0.015,-0.002,254.875,260.723,258.578
1780998876.897911,-7.549,-1.5,-0.014,-0.003,254.867,260.586,258.72
1780998876.9110951,-7.211,-0.786,-0.014,-0.002,255.044,260.624,258.494
1780998876.925997,-6.873,-0.786,-0.014,-0.002,255.099,260.53,258.527
1780998876.941055,-6.479,-0.5,-0.013,-0.002,255.224,260.471,258.452
1780998876.952277,-6.479,-0.643,-0.013,-0.002,255.172,260.453,258.523
1780998876.967326,-6.085,-0.286,-0.013,-0.002,255.32,260.405,258.413
1780998876.9821289,-6.028,-0.357,-0.013,-0.002,255.291,260.389,258.46
1780998876.997202,-6.028,0.0,-0.013,-0.001,255.322,260.468,258.351
1780998877.008991,-5.69,0.429,-0.012,-0.001,255.465,260.445,258.223
1780998877.023988,-5.69,0.571,-0.013,-0.001,255.461,260.475,258.199
1780998877.0389519,-5.69,0.714,-0.013,-0.001,255.47,260.503,258.163
1780998877.0540009,-5.634,0.929,-0.013,-0.0,255.499,260.53,258.106
1780998877.06515,-5.634,0.643,-0.013,-0.001,255.429,260.476,258.231
1780998877.080111,-5.577,0.357,-0.013,-0.001,255.387,260.403,258.345
1780998877.118505,-5.859,-0.071,-0.013,-0.002,255.227,260.419,258.499
1780998877.118786,-5.803,-0.214,-0.013,-0.002,255.223,260.382,258.538
1780998877.120991,-6.028,-0.714,-0.013,-0.003,255.083,260.367,258.701
1780998877.136121,-6.141,-0.643,-0.013,-0.003,255.077,260.421,258.655
1780998877.1512341,-6.31,-1.143,-0.014,-0.003,254.959,260.389,258.811
1780998877.162364,-6.873,-1.071,-0.014,-0.003,254.825,260.589,258.762
1780998877.177408,-6.93,-1.571,-0.015,-0.004,254.732,260.508,258.94
1780998877.192459,-7.042,-1.643,-0.015,-0.004,254.712,260.529,258.941
1780998877.207461,-7.324,-1.929,-0.015,-0.004,254.611,260.559,259.02
1780998877.21929,-7.268,-1.929,-0.015,-0.004,254.658,260.531,258.997
1780998877.234415,-7.944,-2.5,-0.016,-0.005,254.387,260.635,259.188
1780998877.249677,-7.831,-2.786,-0.015,-0.005,254.396,260.538,259.273
1780998877.2644238,-8.507,-3.071,-0.016,-0.006,254.18,260.703,259.347
1780998877.2755682,-8.732,-3.429,-0.017,-0.006,254.087,260.703,259.449
1780998877.290446,-8.958,-3.357,-0.017,-0.006,254.069,260.78,259.394
1780998877.3050292,-8.789,-3.571,-0.017,-0.006,254.094,260.678,259.465
1780998877.347174,-8.789,-3.571,-0.017,-0.006,254.094,260.678,259.465
1780998877.3475132,-9.859,-4.5,-0.018,-0.008,253.637,260.851,259.799
1780998877.347821,-10.31,-4.571,-0.019,-0.008,253.558,260.967,259.774
1780998877.3611221,-10.704,-4.714,-0.019,-0.008,253.476,261.048,259.786
1780998877.3761091,-10.873,-5.0,-0.019,-0.008,253.433,261.024,259.857
1780998877.391118,-10.986,-4.857,-0.019,-0.008,253.468,261.072,259.772
1780998877.4023428,-11.38,-4.643,-0.02,-0.007,253.412,261.227,259.682
1780998877.417581,-11.944,-4.929,-0.02,-0.008,253.236,261.331,259.777
1780998877.432599,-12.113,-4.643,-0.021,-0.007,253.269,261.414,259.66
1780998877.44735,-12.394,-4.857,-0.021,-0.007,253.183,261.44,259.73
1780998877.459269,-12.901,-4.643,-0.022,-0.007,253.093,261.63,259.647
1780998877.474092,-13.014,-4.857,-0.022,-0.007,253.06,261.587,259.725
1780998877.4891741,-13.352,-4.857,-0.022,-0.007,252.981,261.68,259.724
1780998877.5041862,-13.803,-4.714,-0.022,-0.007,252.909,261.819,259.67
1780998877.519199,-14.028,-4.929,-0.023,-0.007,252.835,261.822,259.751
1780998877.5635688,-14.197,-4.5,-0.023,-0.007,252.881,261.932,259.594
1780998877.563949,-14.479,-4.214,-0.023,-0.006,252.867,262.049,259.497
1780998877.5642838,-14.366,-3.857,-0.023,-0.006,252.973,262.046,259.382
1780998877.575349,-14.986,-3.786,-0.024,-0.006,252.813,262.236,259.379
1780998877.5901802,-15.099,-3.286,-0.024,-0.005,252.871,262.348,259.21
1780998877.6012218,-15.099,-3.143,-0.024,-0.005,252.901,262.351,259.173
1780998877.6160781,-15.099,-3.143,-0.024,-0.005,252.901,262.351,259.173
1780998877.630774,-15.099,-3.143,-0.024,-0.005,252.901,262.351,259.173
1780998877.64582,-15.099,-3.143,-0.024,-0.005,252.901,262.351,259.173
1780998877.656866,-15.887,-2.429,-0.025,-0.004,252.795,262.749,258.919
1780998877.671975,-16.338,-2.0,-0.026,-0.003,252.742,262.939,258.799
1780998877.686974,-16.451,-1.357,-0.026,-0.003,252.827,263.035,258.618
1780998877.7018108,-16.563,-1.286,-0.026,-0.003,252.812,263.025,258.645
1780998877.716852,-16.507,-0.929,-0.025,-0.002,252.889,263.03,258.554
1780998877.7287319,-16.563,-0.786,-0.025,-0.002,252.893,263.041,258.54
1780998877.743783,-16.451,-0.786,-0.025,-0.002,252.921,262.982,258.563
1780998877.786381,-16.901,-0.643,-0.026,-0.002,252.816,263.137,258.536
1780998877.786807,-16.845,-0.429,-0.026,-0.002,252.866,263.137,258.481
1780998877.787159,-16.845,0.214,-0.026,-0.001,252.965,263.244,258.275
1780998877.799711,-16.507,0.143,-0.025,-0.001,253.042,263.092,258.331
1780998877.814674,-16.563,0.429,-0.025,-0.001,253.058,263.155,258.256
1780998877.8297758,-16.676,0.357,-0.025,-0.001,253.003,263.17,258.301
1780998877.840849,-16.394,0.643,-0.025,-0.001,253.121,263.121,258.218
1780998877.855882,-16.338,0.786,-0.025,-0.001,253.15,263.125,258.183
1780998877.870944,-16.338,0.714,-0.025,-0.001,253.124,263.113,258.221
1780998877.8860512,-16.394,0.429,-0.025,-0.001,253.052,263.079,258.332
1780998877.8970392,-16.113,0.571,-0.025,-0.001,253.154,263.013,258.28
1780998877.9123352,-16.113,0.714,-0.025,-0.001,253.164,263.049,258.236
1780998877.927132,-15.775,0.5,-0.024,-0.001,253.211,262.901,258.321
1780998877.942142,-15.606,0.143,-0.024,-0.002,253.189,262.793,258.445
1780998877.954162,-15.549,0.429,-0.024,-0.001,253.244,262.847,258.335
1780998877.969151,-15.38,0.286,-0.024,-0.002,253.253,262.778,258.389
1780998878.012317,-15.324,0.714,-0.024,-0.001,253.328,262.855,258.237
1780998878.012693,-15.155,0.929,-0.024,-0.001,253.394,262.849,258.171
1780998878.0130198,-14.761,1.143,-0.023,-0.0,253.524,262.769,258.104
1780998878.025176,-14.535,1.071,-0.023,-0.001,253.548,262.692,258.148
1780998878.040054,-14.423,1.714,-0.023,0.0,253.659,262.796,257.934
1780998878.055169,-14.085,1.5,-0.022,-0.0,253.701,262.65,258.022
1780998878.066454,-13.746,1.429,-0.022,-0.0,253.756,262.543,258.061
1780998878.0811782,-13.521,1.357,-0.022,-0.0,253.783,262.48,258.091
1780998878.0965528,-13.239,1.143,-0.021,-0.001,253.809,262.368,258.166
1780998878.111604,-13.014,0.714,-0.021,-0.001,253.786,262.237,258.313
1780998878.122669,-12.958,0.5,-0.021,-0.002,253.746,262.213,258.379
1780998878.137582,-12.901,0.357,-0.021,-0.002,253.728,262.188,258.421
1780998878.152676,-12.282,0.357,-0.02,-0.002,253.895,262.013,258.404
1780998878.167559,-12.056,0.071,-0.02,-0.002,253.893,261.919,258.495
1780998878.1796181,-12.056,-0.286,-0.02,-0.003,253.815,261.887,258.608
1780998878.194496,-11.268,-0.286,-0.019,-0.003,254.031,261.664,258.585
1780998878.238327,-11.324,-0.643,-0.019,-0.003,253.943,261.643,258.7
1780998878.2386959,-10.93,-0.571,-0.019,-0.003,254.058,261.568,258.648
1780998878.239419,-10.93,-1.286,-0.019,-0.004,253.921,261.471,258.888
1780998878.250684,-10.704,-1.429,-0.019,-0.004,253.952,261.414,258.909
1780998878.265527,-10.366,-1.786,-0.018,-0.004,253.98,261.27,259.016
1780998878.2805219,-10.085,-1.786,-0.018,-0.004,254.052,261.214,258.992
1780998878.295499,-9.915,-2.214,-0.018,-0.005,254.02,261.113,259.123
1780998878.3064399,-9.746,-2.214,-0.018,-0.005,254.064,261.081,259.106
1780998878.321557,-9.746,-2.214,-0.018,-0.005,254.064,261.081,259.106
1780998878.336442,-8.958,-2.929,-0.017,-0.006,254.158,260.738,259.337
1780998878.351386,-8.958,-3.357,-0.017,-0.006,254.076,260.696,259.468
1780998878.3628411,-8.62,-4.0,-0.016,-0.007,254.055,260.517,259.666
1780998878.377671,-8.338,-4.143,-0.016,-0.007,254.11,260.435,259.687
1780998878.39264,-8.451,-3.929,-0.016,-0.007,254.106,260.556,259.572
1780998878.407615,-8.0,-4.071,-0.016,-0.007,254.203,260.417,259.602
1780998878.4488819,-7.944,-4.143,-0.016,-0.007,254.195,260.424,259.604
1780998878.4492779,-7.549,-4.0,-0.015,-0.007,254.325,260.352,259.533
1780998878.449595,-7.718,-4.143,-0.016,-0.007,254.241,260.399,259.578
1780998878.464341,-7.211,-4.643,-0.015,-0.007,254.296,260.166,259.749
1780998878.475594,-7.38,-4.571,-0.015,-0.007,254.248,260.262,259.706
1780998878.4905999,-7.437,-4.786,-0.015,-0.008,254.186,260.261,259.774
1780998878.5054889,-7.493,-4.571,-0.016,-0.007,254.197,260.337,259.687
1780998878.520566,-7.324,-4.5,-0.015,-0.007,254.253,260.307,259.655
1780998878.5318542,-7.324,-4.143,-0.015,-0.006,254.308,260.38,259.523
1780998878.546731,-7.549,-4.286,-0.016,-0.007,254.208,260.433,259.581
1780998878.561748,-7.493,-4.143,-0.016,-0.007,254.24,260.445,259.534
1780998878.576889,-7.211,-3.643,-0.015,-0.006,254.402,260.448,259.354
1780998878.588043,-7.211,-3.714,-0.015,-0.006,254.376,260.434,259.397
1780998878.603064,-7.211,-3.429,-0.015,-0.006,254.419,260.485,259.3
1780998878.617989,-7.324,-3.214,-0.015,-0.005,254.412,260.554,259.24
1780998878.632826,-7.606,-3.071,-0.016,-0.005,254.346,260.661,259.207
1780998878.675402,-7.718,-3.214,-0.016,-0.005,254.282,260.657,259.281
1780998878.675849,-7.775,-2.5,-0.016,-0.004,254.378,260.797,259.041
1780998878.6761742,-7.887,-2.214,-0.016,-0.004,254.385,260.869,258.964
1780998878.689655,-7.662,-1.929,-0.016,-0.004,254.495,260.833,258.88
1780998878.7008169,-7.831,-1.143,-0.016,-0.003,254.569,261.019,258.621
1780998878.715861,-7.775,-1.714,-0.016,-0.004,254.479,260.87,258.861
1780998878.730819,-8.225,-1.714,-0.017,-0.004,254.344,261.002,258.879
1780998878.74577,-8.507,-1.714,-0.017,-0.004,254.266,261.076,258.893
1780998878.75701,-8.563,-1.571,-0.017,-0.004,254.278,261.109,258.848
1780998878.772075,-9.183,-1.5,-0.018,-0.004,254.118,261.303,258.835
1780998878.787081,-9.07,-1.286,-0.018,-0.003,254.198,261.282,258.768
1780998878.802193,-9.408,-1.071,-0.018,-0.003,254.149,261.406,258.703
1780998878.814073,-9.408,-1.143,-0.018,-0.003,254.149,261.363,258.744
1780998878.829071,-10.028,-1.071,-0.019,-0.003,253.99,261.559,258.73
1780998878.843861,-10.366,-1.071,-0.019,-0.003,253.901,261.651,258.739
1780998878.8586838,-10.197,-0.857,-0.019,-0.003,254.004,261.607,258.669
1780998878.899646,-10.535,-0.286,-0.019,-0.002,254.014,261.804,258.472
1780998878.900036,-10.761,-0.071,-0.02,-0.002,253.987,261.895,258.416
1780998878.900386,-10.817,-0.214,-0.02,-0.002,253.952,261.856,258.49
1780998878.914867,-11.042,-0.357,-0.02,-0.002,253.874,261.88,258.552
1780998878.9298692,-11.324,-0.5,-0.02,-0.003,253.776,261.929,258.612
1780998878.941013,-11.38,-0.857,-0.02,-0.003,253.717,261.86,258.741
1780998878.9560409,-11.775,-0.857,-0.021,-0.003,253.626,261.975,258.731
1780998878.971092,-12.056,-0.929,-0.021,-0.003,253.552,262.039,258.752
1780998878.986165,-12.338,-1.143,-0.022,-0.004,253.457,262.074,258.822
1780998879.001132,-12.676,-1.214,-0.022,-0.004,253.378,262.157,258.831
1780998879.012353,-13.07,-1.357,-0.023,-0.004,253.258,262.249,258.875
1780998879.027621,-13.07,-1.357,-0.022,-0.004,253.283,262.231,258.865
1780998879.042491,-13.183,-1.643,-0.022,-0.004,253.226,262.194,258.963
1780998879.057269,-13.408,-1.286,-0.023,-0.004,253.243,262.323,258.823
1780998879.069334,-13.634,-1.5,-0.023,-0.004,253.159,262.344,258.895
1780998879.0844831,-13.859,-1.786,-0.023,-0.004,253.066,262.347,258.995
1780998879.127012,-13.972,-1.929,-0.023,-0.004,253.025,262.349,259.038
1780998879.1274502,-13.972,-1.857,-0.023,-0.004,253.059,262.348,259.001
1780998879.129195,-14.423,-1.5,-0.024,-0.004,253.003,262.565,258.86
1780998879.1402628,-14.535,-2.0,-0.024,-0.004,252.904,262.491,259.039
1780998879.155371,-14.592,-2.0,-0.024,-0.004,252.906,262.5,259.028
1780998879.170295,-14.535,-2.286,-0.024,-0.005,252.887,262.422,259.122
1780998879.18536,-14.535,-1.929,-0.024,-0.004,252.961,262.489,258.978
1780998879.1965802,-14.761,-2.357,-0.024,-0.005,252.832,262.478,259.13
1780998879.2115672,-14.648,-2.214,-0.024,-0.005,252.901,262.469,259.063
1780998879.226675,-14.592,-2.571,-0.024,-0.005,252.863,262.378,259.19
1780998879.2415931,-14.648,-3.0,-0.024,-0.006,252.784,262.314,259.339
1780998879.25669,-14.592,-2.786,-0.024,-0.005,252.84,262.342,259.249
1780998879.268009,-14.648,-2.857,-0.024,-0.005,252.818,262.353,259.263
1780998879.282943,-14.479,-3.071,-0.024,-0.006,252.833,262.255,259.34
1780998879.297973,-14.592,-3.214,-0.024,-0.006,252.778,262.277,259.38
1780998879.339395,-15.099,-3.0,-0.025,-0.006,252.675,262.499,259.286
1780998879.3398778,-14.761,-3.214,-0.024,-0.006,252.742,262.341,259.36
1780998879.34023,-14.592,-3.071,-0.024,-0.006,252.814,262.319,259.3
1780998879.354603,-14.366,-2.786,-0.024,-0.005,252.928,262.308,259.184
1780998879.369617,-14.366,-2.929,-0.024,-0.005,252.899,262.284,259.239
1780998879.384732,-14.479,-3.143,-0.024,-0.006,252.823,262.288,259.319
1780998879.395803,-14.141,-2.929,-0.023,-0.005,252.952,262.224,259.237
1780998879.410804,-14.085,-3.286,-0.023,-0.006,252.897,262.148,259.369
1780998879.4259431,-13.915,-2.929,-0.023,-0.005,252.994,262.172,259.24
1780998879.440864,-13.859,-2.786,-0.023,-0.005,253.022,262.191,259.191
1780998879.45591,-13.521,-2.786,-0.023,-0.005,253.106,262.088,259.195
1780998879.467236,-13.69,-2.857,-0.023,-0.005,253.035,262.137,259.227
1780998879.482226,-13.69,-2.643,-0.023,-0.005,253.055,262.192,259.153
1780998879.4968,-13.07,-2.857,-0.022,-0.005,253.188,261.946,259.24
1780998879.5116081,-13.07,-2.857,-0.022,-0.005,253.188,261.946,259.24
1780998879.5530891,-13.07,-2.857,-0.022,-0.005,253.188,261.946,259.24
1780998879.553449,-12.338,-2.571,-0.021,-0.005,253.439,261.764,259.136
1780998879.553801,-12.225,-1.929,-0.021,-0.004,253.537,261.881,258.917
1780998879.5676959,-11.944,-2.071,-0.021,-0.004,253.555,261.787,258.987
1780998879.582701,-11.775,-2.071,-0.021,-0.004,253.565,261.755,259.006
1780998879.594388,-11.38,-1.714,-0.02,-0.004,253.705,261.716,258.891
1780998879.6094248,-11.211,-1.786,-0.02,-0.004,253.708,261.67,258.931
1780998879.6243908,-11.211,-1.857,-0.02,-0.004,253.674,261.669,258.968
1780998879.6395168,-10.704,-1.643,-0.019,-0.004,253.831,261.559,258.902
1780998879.650614,-10.761,-1.286,-0.02,-0.003,253.845,261.668,258.784
1780998879.66594,-10.31,-1.571,-0.019,-0.004,253.898,261.479,258.905
1780998879.680644,-10.028,-1.214,-0.019,-0.003,254.014,261.477,258.782
1780998879.695918,-10.141,-0.929,-0.019,-0.003,254.0,261.588,258.691
1780998879.710651,-9.859,-0.857,-0.019,-0.003,254.069,261.52,258.682
1780998879.721864,-9.521,-1.0,-0.018,-0.003,254.123,261.388,258.748
1780998879.737083,-9.296,-0.571,-0.018,-0.003,254.23,261.416,258.606
1780998879.778301,-9.127,-0.5,-0.018,-0.003,254.263,261.39,258.595
1780998879.778698,-8.789,-0.5,-0.017,-0.003,254.334,261.296,258.609
1780998879.7790139,-8.732,-0.429,-0.017,-0.003,254.336,261.309,258.594
1780998879.793695,-8.676,-0.143,-0.017,-0.002,254.385,261.357,258.496
1780998879.808656,-8.282,-0.071,-0.017,-0.002,254.491,261.252,258.482
1780998879.823755,-8.113,-0.214,-0.017,-0.002,254.489,261.185,258.548
1780998879.834974,-8.0,0.214,-0.017,-0.002,254.575,261.244,258.4
1780998879.850105,-7.887,0.143,-0.017,-0.002,254.572,261.207,258.439
1780998879.865233,-7.944,-0.071,-0.017,-0.002,254.498,261.196,258.528
1780998879.8762739,-7.662,0.286,-0.016,-0.002,254.631,261.178,258.403
1780998879.8912609,-7.549,0.5,-0.016,-0.001,254.679,261.194,258.337
1780998879.906282,-7.38,0.571,-0.016,-0.001,254.725,261.161,258.319
1780998879.921272,-7.155,0.0,-0.016,-0.002,254.677,260.991,258.532
1780998879.932657,-7.155,0.357,-0.016,-0.002,254.723,261.073,258.405
1780998879.947482,-7.155,0.286,-0.016,-0.002,254.702,261.066,258.435
1780998879.962479,-7.042,0.571,-0.016,-0.001,254.77,261.095,258.335
1780998880.005023,-6.93,0.071,-0.016,-0.002,254.707,260.97,258.521
1780998880.005416,-6.93,0.357,-0.016,-0.002,254.75,261.035,258.413
1780998880.0057669,-7.324,0.429,-0.016,-0.002,254.642,261.181,258.389
1780998880.01903,-7.38,0.429,-0.016,-0.002,254.625,261.2,258.389
1780998880.0300858,-7.606,0.429,-0.017,-0.002,254.559,261.27,258.392
1780998880.045179,-7.549,0.357,-0.017,-0.002,254.565,261.234,258.421
1780998880.059998,-7.549,0.286,-0.017,-0.002,254.559,261.213,258.446
1780998880.074969,-7.718,0.357,-0.017,-0.002,254.525,261.281,258.419
1780998880.086283,-7.775,0.643,-0.017,-0.001,254.564,261.345,258.316
1780998880.1013,-8.394,-0.214,-0.018,-0.003,254.245,261.377,258.628
1780998880.11633,-8.338,-0.143,-0.018,-0.003,254.289,261.361,258.594
1780998880.131407,-8.338,-0.143,-0.018,-0.002,254.308,261.355,258.581
1780998880.142644,-8.732,0.143,-0.018,-0.002,254.248,261.541,258.468
1780998880.157591,-8.338,-0.286,-0.018,-0.003,254.308,261.319,258.615
1780998880.172443,-8.845,-0.429,-0.018,-0.003,254.153,261.451,258.656
1780998880.184509,-9.014,-0.857,-0.018,-0.003,254.054,261.414,258.798
1780998880.228093,-9.465,-1.071,-0.019,-0.004,253.911,261.513,258.859
1780998880.228482,-9.521,-1.071,-0.019,-0.004,253.91,261.527,258.847
1780998880.229227,-9.746,-1.143,-0.019,-0.004,253.854,261.58,258.858
1780998880.240391,-9.972,-1.214,-0.02,-0.004,253.797,261.632,258.87
1780998880.255371,-9.972,-1.357,-0.02,-0.004,253.795,261.589,258.913
1780998880.270528,-10.366,-1.286,-0.02,-0.004,253.712,261.728,258.871
1780998880.2855659,-10.648,-1.571,-0.02,-0.004,253.604,261.748,258.97
1780998880.3005471,-10.704,-2.0,-0.02,-0.005,253.531,261.675,259.119
1780998880.311869,-10.93,-1.571,-0.021,-0.004,253.561,261.822,258.947
1780998880.326858,-11.155,-1.929,-0.021,-0.005,253.458,261.819,259.063
1780998880.341727,-11.38,-2.214,-0.021,-0.005,253.363,261.831,259.156
1780998880.3567739,-11.38,-2.214,-0.021,-0.005,253.386,261.823,259.138
1780998880.368855,-11.718,-2.571,-0.022,-0.005,253.251,261.858,259.253
1780998880.383801,-11.662,-2.286,-0.021,-0.005,253.337,261.89,259.128
1780998880.3986208,-11.718,-2.286,-0.022,-0.005,253.329,261.903,259.125
1780998880.440369,-12.056,-2.5,-0.022,-0.005,253.212,261.966,259.194
1780998880.4408152,-11.831,-2.571,-0.022,-0.005,253.277,261.869,259.214
1780998880.44116,-11.887,-2.571,-0.022,-0.005,253.269,261.885,259.207
1780998880.454696,-11.944,-3.0,-0.022,-0.006,253.193,261.819,259.355
1780998880.46976,-12.225,-3.143,-0.022,-0.006,253.096,261.886,259.398
1780998880.484595,-12.338,-3.571,-0.019,-0.008,253.348,261.025,259.95
1780998880.499477,-12.338,-3.571,-0.019,-0.008,253.348,261.025,259.95
1780998880.5104132,-12.169,-4.214,-0.02,-0.009,253.242,261.006,260.087
1780998880.525423,-12.169,-4.571,-0.02,-0.009,253.162,261.01,260.173
1780998880.54035,-12.056,-4.429,-0.02,-0.009,253.186,261.129,260.031
1780998880.555399,-11.887,-4.357,-0.02,-0.008,253.219,261.19,259.934
1780998880.566527,-12.169,-4.643,-0.021,-0.008,253.058,261.347,259.961
1780998880.581429,-12.056,-4.357,-0.021,-0.008,253.117,261.45,259.795
1780998880.596353,-12.282,-4.429,-0.022,-0.008,253.027,261.556,259.793
1780998880.611091,-12.282,-4.214,-0.022,-0.007,253.05,261.645,259.681
1780998880.638636,-12.282,-4.214,-0.022,-0.007,253.05,261.645,259.681
1780998880.638956,-12.282,-4.214,-0.022,-0.007,253.05,261.645,259.681
1780998880.651615,-12.282,-4.214,-0.022,-0.007,253.05,261.645,259.681
1780998880.666549,-12.282,-3.214,-0.022,-0.006,253.211,261.851,259.304
1780998880.681637,-12.225,-2.786,-0.022,-0.005,253.27,261.928,259.166
1780998880.692771,-12.282,-2.214,-0.022,-0.004,253.323,262.063,258.98
1780998880.708503,-12.169,-2.5,-0.022,-0.005,253.292,261.967,259.105
1780998880.723501,-12.169,-2.214,-0.022,-0.004,253.314,262.026,259.024
1780998880.737746,-11.944,-1.857,-0.022,-0.004,253.418,262.022,258.914
1780998880.75348,-11.887,-1.929,-0.022,-0.004,253.404,261.985,258.964
1780998880.764535,-11.662,-1.357,-0.021,-0.003,253.542,262.022,258.778
1780998880.779723,-11.718,-1.143,-0.021,-0.003,253.537,262.082,258.728
1780998880.7947571,-11.493,-1.071,-0.021,-0.003,253.589,262.019,258.73
1780998880.809888,-11.324,-0.643,-0.021,-0.003,253.695,262.046,258.589
1780998880.821107,-11.211,-0.286,-0.021,-0.002,253.76,262.074,258.493
1780998880.8361,-11.099,0.071,-0.021,-0.002,253.821,262.111,258.392
1780998880.879763,-10.873,0.071,-0.02,-0.002,253.861,262.037,258.418
1780998880.88012,-10.761,0.0,-0.02,-0.002,253.856,261.989,258.468
1780998880.880456,-10.761,0.143,-0.02,-0.002,253.859,262.021,258.436
1780998880.892002,-10.873,-0.071,-0.021,-0.002,253.779,262.019,258.523
1780998880.907083,-10.817,0.643,-0.021,-0.001,253.904,262.137,258.279
1780998880.9219651,-10.817,1.214,-0.021,-0.0,253.982,262.241,258.098
1780998880.937021,-10.592,1.214,-0.02,-0.001,254.024,262.156,258.132
1780998880.948701,-10.648,1.214,-0.02,-0.001,253.988,262.172,258.156
1780998880.9637692,-10.648,1.429,-0.02,-0.0,254.012,262.213,258.093
1780998880.978953,-10.592,1.429,-0.02,-0.0,254.013,262.191,258.111
1780998880.9940128,-10.535,1.286,-0.02,-0.001,253.994,262.143,258.177
1780998881.005152,-10.873,1.571,-0.021,-0.0,253.936,262.314,258.08
1780998881.020023,-11.211,1.643,-0.021,-0.0,253.85,262.427,258.067
1780998881.035146,-10.986,2.143,-0.021,0.0,253.999,262.433,257.903
1780998881.046412,-11.437,1.929,-0.022,0.0,253.825,262.537,257.993
1780998881.079821,-11.324,2.571,-0.021,0.001,253.968,262.607,257.776
1780998881.08016,-11.268,2.286,-0.021,0.0,253.937,262.511,257.897
1780998881.091199,-11.549,2.071,-0.022,0.0,253.822,262.556,257.979
1780998881.102358,-11.493,1.643,-0.022,-0.001,253.777,262.444,258.131
1780998881.1174688,-11.662,1.643,-0.022,-0.001,253.732,262.498,258.128
1780998881.132344,-11.662,1.5,-0.022,-0.001,253.72,262.469,258.169
1780998881.147402,-11.831,1.571,-0.022,-0.001,253.689,262.54,258.136
1780998881.159083,-11.831,1.429,-0.022,-0.001,253.673,262.511,258.181
1780998881.1742752,-11.887,1.286,-0.022,-0.001,253.642,262.502,258.222
1780998881.1892211,-12.0,1.214,-0.022,-0.001,253.603,262.525,258.242
1780998881.204384,-12.338,1.143,-0.023,-0.001,253.505,262.631,258.251
1780998881.2152781,-12.338,0.857,-0.023,-0.001,253.472,262.571,258.342
1780998881.230293,-12.113,0.857,-0.022,-0.001,253.552,262.494,258.327
1780998881.245297,-12.225,1.0,-0.022,-0.001,253.548,262.563,258.267
1780998881.260162,-12.056,1.0,-0.022,-0.001,253.599,262.505,258.266
1780998881.298081,-12.113,1.0,-0.022,-0.001,253.583,262.528,258.262
1780998881.2983549,-11.775,1.0,-0.022,-0.001,253.676,262.414,258.266
1780998881.3013382,-11.718,1.357,-0.022,-0.001,253.742,262.474,258.14
1780998881.31626,-11.662,1.357,-0.022,-0.001,253.746,262.464,258.146
1780998881.327471,-11.549,1.071,-0.022,-0.001,253.722,262.377,258.252
1780998881.342509,-11.493,1.0,-0.022,-0.001,253.719,262.352,258.278
1780998881.357572,-11.211,0.786,-0.021,-0.002,253.755,262.232,258.351
1780998881.3725471,-11.324,0.643,-0.021,-0.002,253.693,262.26,258.391
1780998881.3844721,-10.93,0.429,-0.021,-0.002,253.768,262.103,258.458
1780998881.3993862,-10.986,0.0,-0.021,-0.003,253.673,262.063,258.598
1780998881.414499,-10.31,-0.286,-0.02,-0.003,253.821,261.795,258.69
1780998881.4293802,-10.761,-0.071,-0.021,-0.003,253.72,262.017,258.589
1780998881.440663,-10.761,-0.071,-0.021,-0.002,253.718,262.037,258.574
1780998881.4556491,-11.042,-0.071,-0.021,-0.002,253.634,262.144,258.564
1780998881.4707,-10.873,-0.143,-0.021,-0.002,253.67,262.085,258.58
1780998881.485729,-10.873,-1.071,-0.021,-0.004,253.519,261.918,258.902
1780998881.5290391,-10.873,-1.5,-0.021,-0.004,253.46,261.859,259.022
1780998881.529372,-10.704,-1.929,-0.021,-0.005,253.446,261.734,259.156
1780998881.529675,-10.648,-2.286,-0.021,-0.005,253.42,261.67,259.246
1780998881.5418072,-10.986,-2.929,-0.021,-0.006,253.232,261.686,259.439
1780998881.55686,-10.873,-3.286,-0.021,-0.007,253.222,261.601,259.532
1780998881.5685701,-10.704,-3.714,-0.021,-0.007,253.219,261.49,259.642
1780998881.583594,-10.761,-4.143,-0.021,-0.007,253.147,261.45,259.761
1780998881.59871,-10.817,-4.214,-0.021,-0.007,253.131,261.471,259.758
1780998881.613507,-10.873,-4.357,-0.021,-0.008,253.108,261.486,259.77
1780998881.628507,-10.93,-4.643,-0.021,-0.008,253.06,261.472,259.837
1780998881.6396558,-10.93,-5.286,-0.021,-0.009,252.972,261.368,260.036
1780998881.65484,-10.648,-5.286,-0.021,-0.008,253.068,261.292,260.003
1780998881.669804,-10.535,-5.357,-0.021,-0.009,253.095,261.254,260.01
1780998881.684761,-10.761,-5.5,-0.021,-0.009,253.008,261.312,260.051
1780998881.6997209,-10.31,-5.429,-0.02,-0.009,253.153,261.193,260.005
1780998881.745022,-10.31,-5.214,-0.02,-0.008,253.181,261.252,259.916
1780998881.745396,-9.803,-5.357,-0.02,-0.008,253.294,261.073,259.963
1780998881.745721,-9.915,-5.714,-0.02,-0.009,253.189,261.065,260.09
1780998881.755913,-9.859,-5.429,-0.02,-0.008,253.245,261.123,259.969
1780998881.7670069,-9.521,-5.214,-0.019,-0.008,253.373,261.061,259.887
1780998881.781874,-9.352,-5.143,-0.019,-0.008,253.413,261.037,259.866
1780998881.796849,-9.296,-4.571,-0.019,-0.007,253.501,261.138,259.67
1780998881.811973,-9.183,-4.571,-0.019,-0.007,253.511,261.108,259.688
1780998881.823832,-8.676,-3.857,-0.018,-0.006,253.754,261.084,259.443
1780998881.838877,-8.789,-3.857,-0.019,-0.006,253.701,261.123,259.464
1780998881.853805,-8.676,-3.357,-0.019,-0.006,253.791,261.179,259.31
1780998881.868754,-8.732,-2.857,-0.019,-0.005,253.836,261.287,259.156
1780998881.8800058,-8.732,-2.643,-0.019,-0.005,253.845,261.324,259.112
1780998881.894926,-8.507,-2.357,-0.018,-0.004,253.935,261.295,259.042
1780998881.909924,-8.451,-2.357,-0.018,-0.005,253.923,261.274,259.074
1780998881.9248939,-8.394,-2.357,-0.018,-0.005,253.923,261.254,259.094
1780998881.966579,-8.338,-1.429,-0.018,-0.003,254.072,261.411,258.782
1780998881.9670222,-8.0,-1.143,-0.018,-0.003,254.198,261.343,258.71
1780998881.967378,-8.338,-1.071,-0.018,-0.003,254.086,261.463,258.718
1780998881.980986,-8.169,-1.071,-0.018,-0.003,254.114,261.398,258.749
1780998881.992168,-7.887,-0.786,-0.018,-0.003,254.231,261.356,258.662
1780998882.0072691,-7.718,-0.5,-0.018,-0.003,254.305,261.352,258.587
1780998882.022124,-7.831,-0.214,-0.018,-0.002,254.299,261.439,258.511
1780998882.037214,-7.831,-0.143,-0.018,-0.002,254.29,261.451,258.509
1780998882.048865,-7.831,-0.143,-0.018,-0.002,254.271,261.45,258.53
1780998882.064224,-7.775,0.429,-0.018,-0.001,254.376,261.535,258.337
1780998882.079067,-7.831,0.643,-0.018,-0.001,254.375,261.589,258.287
1780998882.090316,-7.775,0.786,-0.018,-0.001,254.4,261.589,258.261
1780998882.10534,-7.549,0.786,-0.018,-0.001,254.451,261.503,258.287
1780998882.12038,-7.944,0.857,-0.018,-0.001,254.334,261.641,258.282
1780998882.1355479,-7.718,0.929,-0.018,-0.001,254.409,261.573,258.266
1780998882.146683,-7.831,0.714,-0.018,-0.002,254.331,261.564,258.358
1780998882.189434,-7.606,0.714,-0.018,-0.002,254.393,261.485,258.366
1780998882.189887,-7.775,0.857,-0.018,-0.001,254.364,261.565,258.322
1780998882.190214,-7.831,1.143,-0.018,-0.001,254.393,261.639,258.221
1780998882.202601,-8.0,1.143,-0.018,-0.001,254.342,261.692,258.226
1780998882.217708,-8.056,0.571,-0.018,-0.002,254.228,261.593,258.441
1780998882.232547,-7.775,0.786,-0.018,-0.002,254.347,261.539,258.364
1780998882.244441,-7.662,0.929,-0.018,-0.001,254.405,261.53,258.311
1780998882.259488,-7.831,0.857,-0.018,-0.001,254.342,261.579,258.332
1780998882.2745202,-8.0,0.643,-0.018,-0.002,254.257,261.597,258.407
1780998882.289448,-8.056,0.5,-0.018,-0.002,254.22,261.592,258.451
1780998882.30058,-7.944,0.357,-0.018,-0.002,254.234,261.53,258.494
1780998882.31566,-8.0,0.071,-0.018,-0.003,254.176,261.496,258.589
1780998882.330454,-8.056,0.214,-0.018,-0.002,254.195,261.547,258.52
1780998882.341675,-8.394,0.0,-0.019,-0.003,254.063,261.62,258.593
1780998882.35659,-8.225,-0.143,-0.019,-0.003,254.097,261.541,258.632
1780998882.371648,-8.282,-0.5,-0.019,-0.003,254.033,261.494,258.745
1780998882.415124,-8.282,-0.429,-0.019,-0.003,254.051,261.515,258.706
1780998882.415516,-8.507,-0.786,-0.019,-0.004,253.934,261.522,258.826
1780998882.415835,-8.563,-0.857,-0.019,-0.004,253.916,261.531,258.837
1780998882.427789,-8.451,-1.143,-0.019,-0.004,253.916,261.438,258.924
1780998882.442622,-8.732,-1.214,-0.019,-0.004,253.837,261.524,258.929
1780998882.454508,-8.507,-1.214,-0.019,-0.004,253.915,261.457,258.908
1780998882.469573,-8.901,-1.5,-0.02,-0.004,253.762,261.54,258.995
1780998882.4846091,-8.901,-1.786,-0.019,-0.005,253.73,261.484,259.083
1780998882.4996219,-8.789,-1.714,-0.019,-0.004,253.783,261.465,259.045
1780998882.5109918,-8.845,-2.0,-0.019,-0.005,253.726,261.437,259.134
1780998882.525825,-8.958,-2.214,-0.02,-0.005,253.668,261.444,259.19
1780998882.540915,-8.845,-2.571,-0.019,-0.006,253.655,261.343,259.302
1780998882.5558531,-9.07,-3.071,-0.02,-0.006,253.518,261.333,259.462
1780998882.5671868,-9.014,-3.214,-0.02,-0.006,253.521,261.295,259.495
1780998882.5818188,-9.07,-3.0,-0.02,-0.006,253.555,261.363,259.392
1780998882.596493,-9.07,-2.857,-0.02,-0.006,253.583,261.392,259.333
1780998882.6374002,-9.07,-2.857,-0.02,-0.006,253.583,261.392,259.333
1780998882.637853,-9.07,-2.857,-0.02,-0.006,253.583,261.392,259.333
1780998882.6382022,-9.07,-2.857,-0.02,-0.006,253.583,261.392,259.333
1780998882.651658,-9.07,-2.857,-0.02,-0.006,253.583,261.392,259.333
1780998882.666543,-9.07,-2.857,-0.02,-0.006,253.583,261.392,259.333
1780998882.6775591,-9.07,-2.857,-0.02,-0.006,253.583,261.392,259.333
1780998882.692259,0.0,0.0,0.0,0.0,258.008,258.008,258.008
1780998882.7072058,0.0,0.0,0.0,0.0,258.008,258.008,258.008
1780998882.718942,-8.169,-2.929,-0.009,-0.003,255.849,259.448,258.792
1780998882.733814,-8.732,-2.929,-0.01,-0.003,255.682,259.63,258.788
1780998882.7486222,-8.732,-2.929,-0.01,-0.003,255.682,259.63,258.788
1780998882.763446,-8.732,-3.0,-0.01,-0.003,255.684,259.609,258.807
1780998882.7745762,-8.958,-3.143,-0.01,-0.004,255.597,259.652,258.856
1780998882.789186,-9.296,-3.429,-0.011,-0.004,255.454,259.703,258.957
1780998882.804248,-9.296,-3.429,-0.011,-0.004,255.454,259.703,258.957
1780998882.819246,-10.93,-3.071,-0.013,-0.003,255.06,260.273,258.817
1780998882.8623328,-11.268,-2.786,-0.013,-0.003,255.065,260.376,258.712
1780998882.8626912,-11.718,-2.786,-0.014,-0.003,254.977,260.473,258.712
1780998882.863008,-12.0,-2.5,-0.014,-0.003,254.984,260.568,258.612
1780998882.87534,-12.338,-2.5,-0.014,-0.003,254.919,260.631,258.62
1780998882.890338,-12.394,-2.214,-0.014,-0.002,254.962,260.689,258.519
1780998882.901514,-13.183,-1.714,-0.015,-0.001,254.833,261.01,258.349
1780998882.916577,-14.028,-1.786,-0.016,-0.002,254.611,261.209,258.395
1780998882.931409,-14.592,-2.071,-0.017,-0.002,254.441,261.274,258.516
1780998882.9465861,-14.93,-1.929,-0.017,-0.002,254.413,261.352,258.471
1780998882.957867,-15.549,-2.0,-0.018,-0.002,254.263,261.486,258.504
1780998882.972714,-16.056,-2.071,-0.019,-0.002,254.133,261.606,258.531
1780998882.987767,-16.225,-1.786,-0.019,-0.002,254.163,261.678,258.431
1780998883.002762,-17.127,-2.357,-0.02,-0.003,253.851,261.81,258.643
1780998883.017764,-17.69,-2.214,-0.021,-0.003,253.763,261.971,258.587
1780998883.0296671,-18.141,-2.0,-0.021,-0.002,253.714,262.112,258.507
1780998883.044397,-18.592,-2.5,-0.021,-0.003,253.548,262.11,258.689
1780998883.0878851,-18.873,-2.286,-0.022,-0.003,253.517,262.233,258.607
1780998883.0882728,-18.873,-2.286,-0.022,-0.003,253.517,262.233,258.607
1780998883.088945,-20.113,-2.357,-0.023,-0.003,253.212,262.574,258.622
1780998883.100116,-20.789,-2.857,-0.024,-0.003,253.0,262.64,258.793
1780998883.115253,-21.296,-2.857,-0.025,-0.003,252.914,262.758,258.779
1780998883.129798,-21.634,-3.071,-0.025,-0.004,252.833,262.779,258.848
1780998883.1446111,-21.634,-3.071,-0.025,-0.004,252.833,262.779,258.848
1780998883.15593,-21.634,-3.071,-0.025,-0.004,252.833,262.779,258.848
1780998883.170998,-23.099,-3.5,-0.027,-0.004,252.386,263.154,258.997
1780998883.186021,-23.662,-4.0,-0.027,-0.005,252.222,263.178,259.157
1780998883.200924,-24.0,-4.0,-0.028,-0.005,252.197,263.239,259.128
1780998883.216081,-24.62,-3.857,-0.028,-0.005,252.11,263.431,259.049
1780998883.227374,-24.451,-3.714,-0.028,-0.004,252.217,263.368,258.987
1780998883.24201,-25.127,-4.0,-0.029,-0.005,252.017,263.512,259.079
1780998883.256632,-25.127,-4.0,-0.029,-0.005,252.017,263.512,259.079
1780998883.298453,-25.127,-4.0,-0.029,-0.005,252.017,263.512,259.079
1780998883.298793,-25.127,-4.0,-0.029,-0.005,252.017,263.512,259.079
1780998883.299113,-26.141,-4.143,-0.03,-0.005,251.744,263.799,259.122
1780998883.312482,-26.423,-4.143,-0.03,-0.005,251.72,263.84,259.111
1780998883.327443,-26.704,-4.357,-0.031,-0.005,251.653,263.849,259.18
1780998883.342456,-27.099,-4.071,-0.031,-0.005,251.627,264.009,259.062
1780998883.354291,-27.042,-4.571,-0.031,-0.005,251.596,263.854,259.24
1780998883.369354,-27.099,-4.357,-0.031,-0.005,251.639,263.896,259.151
1780998883.384304,-27.211,-4.357,-0.031,-0.005,251.621,263.925,259.146
1780998883.399414,-27.155,-4.643,-0.031,-0.005,251.61,263.83,259.245
1780998883.41054,-27.155,-4.786,-0.031,-0.006,251.6,263.796,259.288
1780998883.425299,-27.042,-4.929,-0.03,-0.006,251.618,263.728,259.33
1780998883.440341,-27.042,-5.0,-0.03,-0.006,251.611,263.715,259.35
1780998883.455282,-27.155,-5.071,-0.031,-0.006,251.572,263.745,259.367
1780998883.470458,-26.93,-5.071,-0.03,-0.006,251.637,263.673,259.36
1780998883.512172,-26.648,-5.357,-0.03,-0.006,251.67,263.526,259.457
1780998883.512534,-26.592,-5.357,-0.03,-0.006,251.681,263.524,259.446
1780998883.512851,-26.592,-5.429,-0.03,-0.006,251.663,263.526,259.466
1780998883.5265641,-26.592,-5.143,-0.03,-0.006,251.702,263.599,259.354
1780998883.541352,-25.972,-5.929,-0.029,-0.007,251.737,263.248,259.639
1780998883.552494,-26.028,-5.5,-0.029,-0.006,251.782,263.374,259.472
1780998883.567733,-25.465,-5.429,-0.028,-0.006,251.932,263.221,259.443
1780998883.582718,-25.239,-5.571,-0.028,-0.006,251.951,263.148,259.491
1780998883.598594,-24.789,-5.571,-0.028,-0.006,252.049,263.024,259.495
1780998883.6096509,-24.451,-5.286,-0.027,-0.006,252.165,263.001,259.387
1780998883.624641,-23.887,-5.429,-0.027,-0.006,252.268,262.818,259.441
1780998883.6396,-23.493,-5.143,-0.026,-0.006,252.391,262.781,259.338
1780998883.6546402,-23.042,-5.143,-0.026,-0.006,252.489,262.656,259.345
1780998883.6695712,-22.592,-5.214,-0.025,-0.006,252.564,262.532,259.378
1780998883.6808908,-22.028,-5.214,-0.024,-0.006,252.681,262.391,259.381
1780998883.6958232,-21.803,-4.929,-0.024,-0.005,252.746,262.417,259.284
1780998883.738027,-21.296,-4.786,-0.024,-0.005,252.871,262.319,259.237
1780998883.738414,-20.732,-5.357,-0.023,-0.006,252.894,262.06,259.456
1780998883.73877,-20.507,-5.286,-0.023,-0.006,252.942,262.03,259.432
1780998883.752075,-20.113,-5.143,-0.023,-0.006,253.036,261.973,259.381
1780998883.766999,-19.324,-5.286,-0.021,-0.006,253.196,261.726,259.44
1780998883.78173,-18.648,-4.429,-0.021,-0.005,253.486,261.716,259.13
1780998883.796818,-18.366,-4.643,-0.02,-0.005,253.488,261.611,259.228
1780998883.8085692,-17.803,-4.286,-0.02,-0.005,253.654,261.54,259.113
1780998883.823801,-17.634,-3.857,-0.02,-0.004,253.736,261.596,258.971
1780998883.8385339,-17.352,-3.929,-0.02,-0.004,253.749,261.529,259.019
1780998883.853441,-16.958,-3.857,-0.019,-0.004,253.846,261.435,259.004
1780998883.864694,-16.958,-3.857,-0.019,-0.004,253.846,261.435,259.004
1780998883.879584,-15.268,-4.0,-0.016,-0.005,254.299,260.86,259.064
1780998883.8945339,-14.986,-4.143,-0.016,-0.005,254.278,260.818,259.129
1780998883.909545,-14.761,-3.929,-0.016,-0.004,254.333,260.833,259.054
1780998883.949844,-14.085,-3.571,-0.016,-0.004,254.53,260.74,258.931
1780998883.950179,-13.859,-3.714,-0.016,-0.004,254.51,260.697,258.995
1780998883.9505339,-13.859,-3.5,-0.016,-0.004,254.528,260.754,258.92
1780998883.965179,-13.859,-3.5,-0.016,-0.004,254.528,260.754,258.92
1780998883.9801228,-12.507,-3.143,-0.014,-0.003,254.942,260.418,258.803
1780998883.9952419,-12.113,-3.357,-0.013,-0.004,254.972,260.29,258.894
1780998884.006421,-11.662,-3.429,-0.013,-0.004,255.023,260.192,258.936
1780998884.021457,-11.155,-3.357,-0.012,-0.004,255.125,260.097,258.92
1780998884.036466,-10.986,-3.357,-0.012,-0.004,255.123,260.092,258.926
1780998884.0514429,-11.042,-3.286,-0.013,-0.004,255.072,260.167,258.908
1780998884.062588,-10.817,-3.071,-0.013,-0.004,255.136,260.165,258.841
1780998884.0772748,-10.423,-2.929,-0.012,-0.003,255.267,260.073,258.792
1780998884.0920231,-10.423,-2.929,-0.012,-0.003,255.267,260.073,258.792
1780998884.106876,-10.423,-2.929,-0.012,-0.003,255.267,260.073,258.792
1780998884.121932,-9.634,-2.857,-0.011,-0.003,255.478,259.858,258.779
1780998884.162606,-9.296,-2.643,-0.011,-0.003,255.561,259.835,258.714
1780998884.162977,-9.183,-2.357,-0.011,-0.003,255.609,259.876,258.623
1780998884.163687,-9.127,-2.214,-0.011,-0.002,255.611,259.912,258.586
1780998884.1788979,-9.127,-2.143,-0.011,-0.002,255.589,259.942,258.58
1780998884.189961,-9.408,-1.786,-0.011,-0.002,255.536,260.109,258.473
1780998884.204923,-9.183,-1.571,-0.011,-0.002,255.617,260.079,258.417
1780998884.219908,-9.296,-1.286,-0.011,-0.001,255.613,260.17,258.333
1780998884.234872,-9.577,-1.429,-0.012,-0.002,255.493,260.233,258.398
1780998884.246111,-9.69,-1.286,-0.012,-0.002,255.47,260.296,258.361
1780998884.2612832,-9.577,-1.429,-0.012,-0.002,255.475,260.226,258.424
1780998884.276242,-9.803,-1.5,-0.012,-0.002,255.392,260.276,258.462
1780998884.291073,-10.085,-1.286,-0.013,-0.002,255.346,260.4,258.391
1780998884.302335,-9.972,-1.643,-0.012,-0.002,255.323,260.285,258.527
1780998884.317536,-10.761,-1.357,-0.014,-0.002,255.145,260.588,258.423
1780998884.3323278,-10.592,-1.357,-0.013,-0.002,255.21,260.51,258.429
1780998884.3472152,-10.817,-1.429,-0.014,-0.002,255.146,260.55,258.458
1780998884.391121,-11.268,-1.571,-0.014,-0.002,255.003,260.653,258.51
1780998884.391524,-11.549,-1.714,-0.014,-0.002,254.919,260.693,258.56
1780998884.3918478,-11.493,-1.929,-0.014,-0.003,254.915,260.62,258.635
1780998884.404078,-12.0,-1.571,-0.015,-0.002,254.851,260.835,258.497
1780998884.4190369,-12.62,-1.929,-0.016,-0.003,254.634,260.945,258.623
1780998884.430149,-13.239,-1.643,-0.017,-0.002,254.528,261.179,258.512
1780998884.445188,-13.408,-2.071,-0.017,-0.003,254.439,261.116,258.668
1780998884.460248,-14.141,-1.929,-0.018,-0.003,254.286,261.352,258.607
1780998884.475359,-14.761,-2.214,-0.018,-0.003,254.096,261.469,258.7
1780998884.4865751,-14.704,-2.714,-0.018,-0.004,254.06,261.327,258.874
1780998884.5016582,-15.268,-2.643,-0.019,-0.004,253.953,261.499,258.827
1780998884.516412,-15.493,-3.071,-0.019,-0.004,253.859,261.461,258.965
1780998884.5310102,-15.493,-3.071,-0.019,-0.004,253.859,261.461,258.965
1780998884.546133,-15.493,-3.071,-0.019,-0.004,253.859,261.461,258.965
1780998884.557345,-17.07,-3.357,-0.021,-0.004,253.392,261.911,259.048
1780998884.572303,-17.634,-3.643,-0.022,-0.005,253.248,261.993,259.128
1780998884.614433,-17.634,-3.429,-0.022,-0.004,253.346,261.988,259.025
1780998884.614797,-18.085,-3.857,-0.022,-0.005,253.194,262.02,259.162
1780998884.615108,-18.31,-4.286,-0.022,-0.006,253.103,261.979,259.302
1780998884.6286569,-18.704,-4.357,-0.023,-0.006,253.02,262.068,259.309
1780998884.643893,-19.099,-4.357,-0.023,-0.006,252.921,262.193,259.3
1780998884.658758,-19.944,-4.929,-0.024,-0.006,252.621,262.345,259.492
1780998884.6737962,-20.451,-5.071,-0.025,-0.006,252.513,262.448,259.514
1780998884.684992,-20.62,-5.0,-0.025,-0.006,252.533,262.484,259.458
1780998884.700147,-20.845,-5.143,-0.025,-0.006,252.493,262.493,259.494
1780998884.714988,-21.296,-4.786,-0.026,-0.006,252.462,262.687,259.346
1780998884.7300532,-21.296,-5.0,-0.026,-0.006,252.459,262.614,259.419
1780998884.745121,-21.69,-5.0,-0.026,-0.006,252.367,262.733,259.41
1780998884.756453,-22.085,-5.429,-0.027,-0.007,252.214,262.754,259.562
1780998884.771625,-22.535,-5.286,-0.027,-0.006,252.143,262.917,259.49
1780998884.786554,-22.986,-5.429,-0.028,-0.007,252.026,263.01,259.534
1780998884.827038,-23.042,-5.357,-0.028,-0.006,252.053,263.012,259.502
1780998884.8274298,-23.38,-5.5,-0.028,-0.007,251.962,263.072,259.549
1780998884.827735,-23.437,-5.286,-0.028,-0.006,251.997,263.117,259.467
1780998884.842547,-23.606,-5.5,-0.028,-0.007,251.933,263.109,259.547
1780998884.8575318,-23.887,-5.5,-0.028,-0.007,251.876,263.183,259.542
1780998884.87248,-24.169,-5.571,-0.029,-0.007,251.803,263.248,259.565
1780998884.884353,-23.944,-5.5,-0.028,-0.007,251.892,263.167,259.54
1780998884.8991518,-24.056,-5.0,-0.029,-0.006,251.944,263.296,259.36
1780998884.91436,-24.282,-5.143,-0.029,-0.006,251.86,263.337,259.417
1780998884.929431,-24.113,-5.071,-0.029,-0.006,251.924,263.283,259.396
1780998884.9404428,-24.169,-5.214,-0.029,-0.006,251.887,263.268,259.452
1780998884.9555042,-24.282,-5.214,-0.029,-0.006,251.856,263.298,259.457
1780998884.9706008,-24.338,-5.143,-0.029,-0.006,251.854,263.328,259.432
1780998884.9856598,-24.282,-5.071,-0.029,-0.006,251.88,263.319,259.412
1780998885.00077,-24.0,-4.857,-0.028,-0.006,251.985,263.262,259.346
1780998885.043345,-23.662,-4.429,-0.028,-0.005,252.143,263.232,259.196
1780998885.043749,-23.718,-4.429,-0.028,-0.005,252.105,263.254,259.218
1780998885.04409,-23.831,-4.5,-0.028,-0.005,252.047,263.283,259.256
1780998885.056782,-23.944,-4.286,-0.028,-0.005,252.037,263.371,259.186
1780998885.068649,-23.831,-4.286,-0.028,-0.005,252.059,263.335,259.195
1780998885.0836658,-23.549,-4.214,-0.028,-0.005,252.139,263.259,259.176
1780998885.098725,-23.324,-4.571,-0.028,-0.006,252.134,263.115,259.315
1780998885.113278,-23.099,-3.929,-0.027,-0.005,252.285,263.179,259.086
1780998885.127381,-23.099,-3.929,-0.027,-0.005,252.285,263.179,259.086
1780998885.1390772,-23.099,-3.929,-0.027,-0.005,252.285,263.179,259.086
1780998885.154145,-21.972,-2.857,-0.026,-0.003,252.773,263.009,258.701
1780998885.169164,-21.577,-2.857,-0.025,-0.003,252.843,262.893,258.731
1780998885.1842601,-21.127,-2.857,-0.025,-0.003,252.909,262.771,258.772
1780998885.199111,-20.676,-2.714,-0.024,-0.003,253.006,262.678,258.752
1780998885.2104478,-20.394,-2.429,-0.024,-0.003,253.08,262.673,258.675
1780998885.225235,-19.944,-2.357,-0.024,-0.003,253.17,262.568,258.674
1780998885.266102,-19.437,-2.143,-0.023,-0.003,253.321,262.461,258.608
1780998885.266447,-18.873,-2.143,-0.022,-0.003,253.446,262.295,258.627
1780998885.266753,-18.592,-2.0,-0.022,-0.003,253.494,262.274,258.594
1780998885.281471,-17.915,-2.071,-0.021,-0.003,253.626,262.071,258.641
1780998885.296402,-17.69,-1.5,-0.021,-0.002,253.736,262.15,258.448
1780998885.311349,-17.69,-1.786,-0.021,-0.002,253.637,262.135,258.569
1780998885.326554,-16.958,-1.714,-0.02,-0.002,253.819,261.936,258.558
1780998885.3376708,-16.732,-1.5,-0.02,-0.002,253.873,261.941,258.495
1780998885.352648,-16.338,-1.429,-0.02,-0.002,253.972,261.847,258.477
1780998885.368481,-15.718,-1.5,-0.019,-0.002,254.096,261.665,258.514
1780998885.383511,-15.324,-1.071,-0.019,-0.002,254.238,261.661,258.366
1780998885.394849,-14.986,-1.214,-0.018,-0.002,254.267,261.562,258.428
1780998885.409933,-14.535,-1.214,-0.018,-0.002,254.357,261.452,258.436
1780998885.4249,-14.197,-1.143,-0.017,-0.002,254.427,261.392,258.418
1780998885.439851,-13.803,-1.214,-0.017,-0.002,254.502,261.274,258.45
1780998885.481535,-13.521,-1.071,-0.017,-0.002,254.569,261.246,258.405
1780998885.481979,-13.07,-1.0,-0.016,-0.002,254.669,261.153,258.386
1780998885.482313,-12.451,-0.714,-0.015,-0.001,254.859,261.041,258.292
1780998885.4959512,-12.056,-0.786,-0.015,-0.001,254.914,260.94,258.329
1780998885.5108778,-11.775,-0.786,-0.015,-0.001,254.957,260.886,258.335
1780998885.521982,-11.606,-0.857,-0.015,-0.002,254.957,260.855,258.365
1780998885.536983,-11.38,-0.714,-0.015,-0.001,255.026,260.831,258.315
1780998885.5520651,-11.211,-0.643,-0.014,-0.001,255.055,260.82,258.295
1780998885.5669608,-10.704,-1.214,-0.014,-0.002,255.077,260.578,258.505
1780998885.582119,-10.535,-1.143,-0.014,-0.002,255.113,260.573,258.471
1780998885.594078,-9.859,-1.5,-0.013,-0.003,255.227,260.318,258.596
1780998885.608914,-9.803,-1.214,-0.013,-0.002,255.269,260.392,258.48
1780998885.624059,-9.69,-1.0,-0.013,-0.002,255.322,260.42,258.397
1780998885.638988,-9.634,-1.214,-0.013,-0.002,255.28,260.386,258.474
1780998885.650326,-9.577,-0.786,-0.013,-0.001,255.349,260.476,258.316
1780998885.6651,-9.296,-1.5,-0.012,-0.002,255.29,260.272,258.574
1780998885.7091131,-9.239,-1.571,-0.012,-0.003,255.281,260.266,258.589
1780998885.709562,-9.296,-1.786,-0.013,-0.003,255.22,260.259,258.66
1780998885.709898,-9.239,-1.929,-0.013,-0.003,255.205,260.237,258.698
1780998885.72141,-8.901,-2.214,-0.012,-0.003,255.253,260.088,258.792
1780998885.7364101,-9.183,-2.143,-0.013,-0.003,255.179,260.211,258.75
1780998885.751323,-9.183,-2.0,-0.013,-0.003,255.204,260.253,258.683
1780998885.7625349,-9.239,-2.571,-0.013,-0.004,255.09,260.176,258.88
1780998885.77745,-9.296,-2.429,-0.013,-0.003,255.104,260.228,258.815
1780998885.79247,-9.127,-2.786,-0.013,-0.004,255.095,260.117,258.932
1780998885.807519,-8.958,-3.071,-0.012,-0.004,255.102,260.018,259.022
1780998885.819298,-9.183,-3.5,-0.013,-0.005,254.968,260.02,259.164
1780998885.833936,-9.352,-2.929,-0.013,-0.004,255.027,260.191,258.933
1780998885.8487911,-9.352,-2.929,-0.013,-0.004,255.027,260.191,258.933
1780998885.863528,-9.352,-2.929,-0.013,-0.004,255.027,260.191,258.933
1780998885.8745432,-9.352,-2.929,-0.013,-0.004,255.027,260.191,258.933
1780998885.889493,-9.352,-2.929,-0.013,-0.004,255.027,260.191,258.933
1780998885.932236,-10.592,-3.643,-0.015,-0.005,254.539,260.46,259.194
1780998885.9325929,-10.704,-3.429,-0.015,-0.005,254.582,260.516,259.093
1780998885.9329128,-11.268,-3.643,-0.016,-0.005,254.418,260.636,259.154
1780998885.9455302,-12.056,-3.429,-0.017,-0.005,254.259,260.911,259.058
1780998885.9605172,-11.662,-4.0,-0.016,-0.005,254.318,260.638,259.259
1780998885.975403,-12.282,-3.786,-0.017,-0.005,254.203,260.859,259.169
1780998885.9901261,-12.676,-4.286,-0.017,-0.006,254.025,260.878,259.346
1780998886.001216,-12.732,-4.286,-0.017,-0.006,254.023,260.887,259.339
1780998886.016383,-12.732,-4.286,-0.017,-0.006,254.023,260.887,259.339
1780998886.0311732,-13.803,-4.429,-0.019,-0.006,253.735,261.175,259.375
1780998886.046528,-13.972,-4.286,-0.019,-0.006,253.76,261.217,259.308
1780998886.057558,-14.704,-4.286,-0.02,-0.006,253.59,261.417,259.302
1780998886.0725188,-14.817,-4.0,-0.02,-0.005,253.632,261.481,259.194
1780998886.0878038,-15.099,-4.071,-0.02,-0.005,253.568,261.519,259.227
1780998886.102603,-15.211,-4.0,-0.02,-0.005,253.578,261.536,259.2
1780998886.1459022,-15.662,-3.786,-0.021,-0.005,253.492,261.718,259.121
1780998886.146257,-15.662,-3.786,-0.021,-0.005,253.492,261.718,259.121
1780998886.14659,-16.958,-3.786,-0.023,-0.005,253.129,262.138,259.122
1780998886.158806,-16.958,-3.857,-0.022,-0.005,253.153,262.077,259.154
1780998886.1737878,-17.521,-3.643,-0.023,-0.005,253.076,262.246,259.079
1780998886.188842,-17.634,-3.357,-0.023,-0.004,253.13,262.285,258.982
1780998886.200129,-17.859,-3.5,-0.023,-0.004,253.076,262.284,259.043
1780998886.2151859,-18.366,-3.571,-0.024,-0.005,252.95,262.397,259.076
1780998886.229994,-18.423,-3.429,-0.024,-0.004,252.968,262.43,259.025
1780998886.2447958,-18.873,-3.857,-0.024,-0.005,252.79,262.471,259.184
1780998886.2557728,-18.817,-3.929,-0.024,-0.005,252.807,262.424,259.209
1780998886.270737,-18.817,-3.929,-0.024,-0.005,252.807,262.424,259.209
1780998886.285555,-18.817,-3.929,-0.024,-0.005,252.807,262.424,259.209
1780998886.300394,-20.0,-4.214,-0.026,-0.006,252.472,262.723,259.302
1780998886.315754,-20.62,-4.429,-0.027,-0.006,252.296,262.858,259.373
1780998886.3595672,-20.62,-4.429,-0.026,-0.006,252.345,262.809,259.363
1780998886.360013,-20.732,-4.143,-0.026,-0.005,252.4,262.866,259.248
1780998886.360368,-21.127,-4.357,-0.027,-0.006,252.287,262.926,259.319
1780998886.371518,-21.183,-4.571,-0.027,-0.006,252.265,262.878,259.388
1780998886.382633,-21.352,-4.714,-0.027,-0.006,252.215,262.894,259.429
1780998886.398378,-21.408,-4.786,-0.027,-0.006,252.202,262.889,259.449
1780998886.4133928,-21.521,-5.143,-0.027,-0.007,252.135,262.838,259.573
1780998886.427677,-21.972,-5.143,-0.028,-0.007,252.029,262.983,259.557
1780998886.443349,-21.972,-5.429,-0.028,-0.007,252.002,262.917,259.649
1780998886.4545522,-22.141,-5.5,-0.028,-0.007,251.96,262.952,259.663
1780998886.469625,-22.423,-5.5,-0.028,-0.007,251.898,263.04,259.651
1780998886.484595,-22.423,-5.214,-0.028,-0.007,251.954,263.092,259.539
1780998886.499548,-22.254,-5.143,-0.028,-0.006,252.019,263.042,259.512
1780998886.510936,-22.141,-5.214,-0.028,-0.007,252.042,262.989,259.536
1780998886.5256588,-22.479,-5.429,-0.028,-0.007,251.914,263.062,259.613
1780998886.5407329,-22.141,-5.643,-0.028,-0.007,251.978,262.902,259.69
1780998886.582697,-21.915,-5.5,-0.027,-0.007,252.063,262.861,259.632
1780998886.583027,-21.859,-5.714,-0.027,-0.007,252.037,262.806,259.714
1780998886.583389,-21.746,-5.286,-0.027,-0.007,252.133,262.86,259.554
1780998886.596735,-21.465,-5.143,-0.027,-0.006,252.226,262.805,259.501
1780998886.611627,-21.521,-5.429,-0.027,-0.007,252.152,262.775,259.612
1780998886.6267369,-21.239,-4.857,-0.026,-0.006,252.31,262.805,259.406
1780998886.641692,-21.127,-5.071,-0.026,-0.006,252.288,262.737,259.495
1780998886.653412,-20.958,-5.143,-0.026,-0.007,252.303,262.678,259.534
1780998886.668556,-21.183,-4.714,-0.027,-0.006,252.296,262.85,259.38
1780998886.683732,-20.563,-4.643,-0.026,-0.006,252.459,262.662,259.373
1780998886.6987798,-20.451,-4.357,-0.026,-0.005,252.515,262.696,259.278
1780998886.7098072,-20.056,-4.429,-0.025,-0.006,252.588,262.562,259.323
1780998886.724503,-19.775,-4.286,-0.025,-0.005,252.672,262.507,259.281
1780998886.739241,-19.775,-4.286,-0.025,-0.005,252.672,262.507,259.281
1780998886.754011,-19.775,-4.286,-0.025,-0.005,252.672,262.507,259.281
1780998886.79746,-18.704,-3.357,-0.023,-0.004,253.122,262.335,258.945
1780998886.797825,-18.366,-3.571,-0.023,-0.004,253.141,262.205,259.046
1780998886.798152,-17.915,-3.357,-0.022,-0.004,253.247,262.136,258.994
1780998886.810171,-17.69,-3.429,-0.022,-0.004,253.245,262.085,259.044
1780998886.82522,-17.408,-3.143,-0.022,-0.004,253.323,262.084,258.96
1780998886.836571,-16.958,-3.0,-0.021,-0.004,253.446,261.983,258.92
1780998886.851337,-17.014,-2.714,-0.022,-0.004,253.432,262.089,258.835
1780998886.866313,-16.732,-2.786,-0.021,-0.004,253.488,261.988,258.87
1780998886.8812008,-15.944,-2.286,-0.02,-0.003,253.786,261.83,258.694
1780998886.896286,-15.606,-2.143,-0.02,-0.003,253.843,261.784,258.676
1780998886.907378,-15.211,-1.929,-0.02,-0.003,253.936,261.733,258.623
1780998886.922507,-15.042,-2.357,-0.019,-0.003,253.876,261.616,258.799
1780998886.937561,-14.761,-1.786,-0.019,-0.003,254.005,261.667,258.61
1780998886.95245,-14.31,-1.5,-0.019,-0.002,254.14,261.603,258.526
1780998886.9645371,-13.972,-1.643,-0.018,-0.003,254.169,261.492,258.6
1780998886.979298,-13.634,-1.286,-0.018,-0.002,254.285,261.483,258.483
1780998887.0231009,-13.07,-1.357,-0.017,-0.002,254.397,261.313,258.525
1780998887.023542,-13.07,-1.143,-0.017,-0.002,254.405,261.376,258.457
1780998887.0243158,-12.62,-1.571,-0.017,-0.003,254.425,261.175,258.626
1780998887.0354419,-12.282,-0.929,-0.017,-0.002,254.596,261.22,258.401
1780998887.050695,-12.056,-1.0,-0.016,-0.002,254.611,261.16,258.442
1780998887.065572,-11.718,-0.714,-0.016,-0.001,254.718,261.135,258.352
1780998887.080535,-11.38,-1.143,-0.016,-0.002,254.709,260.968,258.521
1780998887.095638,-11.211,-1.0,-0.015,-0.002,254.763,260.957,258.473
1780998887.106827,-11.042,-0.714,-0.015,-0.002,254.83,260.983,258.377
1780998887.121856,-10.592,-0.857,-0.015,-0.002,254.91,260.835,258.434
1780998887.136776,-10.479,-1.0,-0.015,-0.002,254.892,260.793,258.494
1780998887.151861,-10.31,-0.786,-0.015,-0.002,254.958,260.8,258.417
1780998887.163559,-10.254,-0.929,-0.015,-0.002,254.925,260.781,258.469
1780998887.1787362,-9.803,-0.786,-0.014,-0.002,255.059,260.687,258.418
1780998887.1937191,-9.577,-0.786,-0.014,-0.002,255.109,260.632,258.417
1780998887.2370071,-9.465,-1.286,-0.014,-0.003,255.037,260.526,258.597
1780998887.237361,-9.352,-1.214,-0.014,-0.002,255.064,260.53,258.565
1780998887.237684,-9.296,-1.071,-0.014,-0.002,255.087,260.561,258.509
1780998887.249748,-9.408,-1.214,-0.014,-0.002,255.02,260.588,258.555
1780998887.264744,-9.352,-1.357,-0.014,-0.003,255.005,260.551,258.606
1780998887.2760682,-9.014,-1.214,-0.013,-0.002,255.121,260.481,258.55
1780998887.291035,-9.07,-1.5,-0.014,-0.003,255.046,260.462,258.648
1780998887.306038,-9.014,-1.5,-0.014,-0.003,255.058,260.459,258.639
1780998887.321127,-8.958,-1.643,-0.013,-0.003,255.046,260.426,258.684
1780998887.332337,-9.183,-1.429,-0.014,-0.003,255.012,260.552,258.597
1780998887.34738,-9.183,-1.5,-0.014,-0.003,254.997,260.54,258.625
1780998887.362365,-9.183,-1.643,-0.014,-0.003,254.971,260.516,258.676
1780998887.3773508,-9.127,-1.429,-0.014,-0.003,255.026,260.542,258.593
1780998887.389056,-9.239,-1.5,-0.014,-0.003,254.984,260.567,258.613
1780998887.4039738,-9.352,-1.643,-0.014,-0.003,254.926,260.576,258.666
1780998887.419082,-9.408,-1.714,-0.014,-0.003,254.898,260.581,258.691
1780998887.4629629,-9.577,-1.857,-0.014,-0.003,254.83,260.61,258.736
1780998887.4633348,-9.746,-1.714,-0.015,-0.003,254.812,260.687,258.681
1780998887.463666,-10.197,-1.929,-0.015,-0.003,254.654,260.785,258.755
1780998887.475189,-10.085,-1.857,-0.015,-0.003,254.717,260.748,258.723
1780998887.4900029,-10.366,-2.143,-0.015,-0.004,254.6,260.775,258.823
1780998887.5050979,-10.817,-2.071,-0.016,-0.003,254.491,260.926,258.794
1780998887.516356,-10.986,-2.357,-0.016,-0.004,254.415,260.914,258.887
1780998887.5313091,-10.986,-2.429,-0.016,-0.004,254.43,260.884,258.9
1780998887.5464268,-11.662,-2.571,-0.017,-0.004,254.229,261.071,258.938
1780998887.561579,-11.324,-2.714,-0.017,-0.004,254.332,260.917,258.975
1780998887.57294,-11.887,-2.857,-0.017,-0.004,254.164,261.063,259.015
1780998887.588453,-12.113,-3.0,-0.018,-0.005,254.09,261.102,259.058
1780998887.602769,-12.169,-3.0,-0.018,-0.004,254.098,261.109,259.043
1780998887.617486,-12.451,-3.143,-0.018,-0.005,253.998,261.17,259.093
1780998887.632137,-12.451,-3.143,-0.018,-0.005,253.998,261.17,259.093
1780998887.6768398,-12.451,-3.143,-0.018,-0.005,253.998,261.17,259.093
1780998887.6771991,-13.915,-3.429,-0.02,-0.005,253.548,261.577,259.194
1780998887.6775281,-14.254,-3.143,-0.021,-0.005,253.537,261.714,259.076
1780998887.688852,-14.31,-3.714,-0.02,-0.005,253.475,261.576,259.276
1780998887.7000058,-14.817,-3.643,-0.021,-0.005,253.386,261.722,259.234
1780998887.715001,-15.042,-3.714,-0.021,-0.005,253.351,261.747,259.248
1780998887.730059,-15.268,-3.357,-0.021,-0.005,253.379,261.857,259.113
1780998887.7449868,-15.437,-3.357,-0.021,-0.005,253.357,261.884,259.112
1780998887.7596989,-15.662,-3.071,-0.022,-0.004,253.353,261.998,259.008
1780998887.7708201,-15.662,-3.071,-0.022,-0.004,253.353,261.998,259.008
1780998887.7856178,-15.662,-3.071,-0.022,-0.004,253.353,261.998,259.008
1780998887.8007581,-16.676,-3.857,-0.023,-0.006,252.956,262.157,259.295
1780998887.815746,-17.127,-4.071,-0.024,-0.006,252.84,262.224,259.361
1780998887.830948,-17.352,-4.0,-0.024,-0.006,252.833,262.277,259.319
1780998887.842119,-17.746,-4.214,-0.024,-0.006,252.71,262.346,259.39
1780998887.857114,-18.197,-4.071,-0.025,-0.006,252.64,262.498,259.326
1780998887.897853,-17.915,-4.357,-0.024,-0.006,252.703,262.318,259.425
1780998887.8982038,-18.423,-4.286,-0.025,-0.006,252.597,262.485,259.386
1780998887.898792,-18.479,-4.643,-0.025,-0.006,252.548,262.415,259.507
1780998887.913852,-18.592,-4.857,-0.025,-0.007,252.508,262.395,259.571
1780998887.9289348,-18.873,-4.929,-0.025,-0.007,252.433,262.467,259.587
1780998887.944,-18.873,-5.214,-0.025,-0.007,252.409,262.402,259.675
1780998887.9589398,-19.211,-5.0,-0.026,-0.007,252.371,262.548,259.58
1780998887.970075,-19.268,-4.5,-0.026,-0.006,252.46,262.65,259.384
1780998887.9852421,-19.38,-4.929,-0.026,-0.007,252.369,262.589,259.543
1780998888.0001001,-19.775,-4.714,-0.026,-0.006,252.303,262.757,259.46
1780998888.015291,-19.831,-4.857,-0.026,-0.006,252.272,262.735,259.515
1780998888.02654,-20.0,-4.643,-0.027,-0.006,252.271,262.818,259.437
1780998888.041397,-19.831,-5.0,-0.026,-0.007,252.268,262.674,259.577
1780998888.056322,-20.056,-5.071,-0.027,-0.007,252.196,262.733,259.602
1780998888.0713532,-19.887,-4.714,-0.026,-0.006,252.312,262.739,259.466
1780998888.114496,-19.831,-4.643,-0.026,-0.006,252.339,262.733,259.441
1780998888.114857,-19.831,-4.5,-0.026,-0.006,252.356,262.757,259.399
1780998888.115181,-20.0,-4.571,-0.026,-0.006,252.294,262.799,259.43
1780998888.127454,-19.831,-4.714,-0.026,-0.006,252.317,262.711,259.487
1780998888.1421142,-19.718,-4.429,-0.026,-0.006,252.392,262.733,259.382
1780998888.153684,-19.718,-4.429,-0.026,-0.006,252.392,262.733,259.382
1780998888.168418,-19.718,-4.429,-0.026,-0.006,252.392,262.733,259.382
1780998888.183389,-19.718,-4.429,-0.026,-0.006,252.392,262.733,259.382
1780998888.1984918,-18.592,-4.071,-0.024,-0.005,252.769,262.421,259.255
1780998888.2133381,-18.648,-4.143,-0.025,-0.006,252.702,262.451,259.3
1780998888.2246542,-18.366,-3.643,-0.024,-0.005,252.833,262.469,259.138
1780998888.239729,-18.028,-3.571,-0.024,-0.005,252.908,262.387,259.131
1780998888.254706,-17.69,-3.286,-0.023,-0.004,253.016,262.354,259.043
1780998888.2695858,-17.746,-3.429,-0.024,-0.005,252.953,262.356,259.111
1780998888.284606,-17.577,-3.429,-0.023,-0.005,252.974,262.314,259.128
1780998888.3287811,-17.465,-3.214,-0.023,-0.005,253.016,262.334,259.062
1780998888.329155,-16.901,-2.857,-0.023,-0.004,253.205,262.233,258.949
1780998888.329481,-16.789,-2.786,-0.023,-0.004,253.227,262.223,258.933
1780998888.340221,-16.789,-2.786,-0.023,-0.004,253.227,262.223,258.933
1780998888.351399,-16.282,-2.429,-0.022,-0.003,253.422,262.128,258.81
1780998888.366385,-15.944,-2.071,-0.021,-0.003,253.528,262.111,258.71
1780998888.381479,-15.662,-2.0,-0.021,-0.003,253.575,262.056,258.71
1780998888.396518,-15.38,-2.214,-0.021,-0.003,253.576,261.945,258.813
1780998888.411504,-14.93,-1.571,-0.02,-0.003,253.773,261.948,258.596
1780998888.422688,-14.761,-1.786,-0.02,-0.003,253.747,261.872,258.697
1780998888.438462,-14.31,-1.5,-0.02,-0.003,253.902,261.793,258.604
1780998888.453332,-14.366,-1.571,-0.02,-0.003,253.836,261.825,258.644
1780998888.4684958,-13.803,-1.357,-0.019,-0.002,254.004,261.697,258.583
1780998888.479569,-13.746,-1.286,-0.019,-0.002,253.997,261.719,258.571
1780998888.494754,-13.296,-0.929,-0.019,-0.002,254.161,261.655,258.455
1780998888.509693,-13.07,-1.0,-0.019,-0.002,254.185,261.585,258.495
1780998888.548324,-13.014,-0.5,-0.019,-0.001,254.26,261.681,258.323
1780998888.548671,-12.394,-0.714,-0.018,-0.002,254.37,261.453,258.421
1780998888.550684,-12.225,-0.429,-0.018,-0.001,254.43,261.482,258.329
1780998888.5656419,-12.056,-0.786,-0.017,-0.002,254.389,261.378,258.473
1780998888.5807118,-11.887,-0.429,-0.017,-0.001,254.472,261.411,258.351
1780998888.595668,-11.606,-0.5,-0.017,-0.002,254.51,261.329,258.388
1780998888.606744,-11.268,-0.286,-0.017,-0.001,254.627,261.273,258.317
1780998888.621867,-11.099,-0.143,-0.016,-0.001,254.665,261.269,258.28
1780998888.657892,-10.93,0.0,-0.016,-0.001,254.708,261.26,258.243
1780998888.658297,-11.099,-0.214,-0.017,-0.001,254.596,261.292,258.332
1780998888.666813,-11.042,-0.357,-0.017,-0.002,254.574,261.258,258.388
1780998888.678602,-10.535,-0.5,-0.016,-0.002,254.686,261.084,258.434
1780998888.693609,-10.535,-0.786,-0.016,-0.002,254.623,261.055,258.529
1780998888.70856,-10.028,-1.214,-0.015,-0.003,254.689,260.828,258.676
1780998888.7234979,-10.028,-1.214,-0.016,-0.003,254.675,260.863,258.658
1780998888.734729,-9.69,-1.357,-0.015,-0.003,254.74,260.758,258.689
1780998888.749811,-9.577,-1.5,-0.015,-0.003,254.736,260.726,258.724
1780998888.764731,-9.577,-1.571,-0.015,-0.003,254.715,260.736,258.737
1780998888.779933,-9.352,-1.714,-0.015,-0.003,254.751,260.649,258.782
1780998888.791105,-9.07,-1.643,-0.014,-0.003,254.837,260.596,258.742
1780998888.806023,-9.183,-2.286,-0.015,-0.004,254.683,260.536,258.964
1780998888.821127,-9.296,-2.714,-0.015,-0.005,254.574,260.516,259.102
1780998888.836143,-9.014,-2.643,-0.015,-0.004,254.671,260.46,259.052
1780998888.8796659,-8.901,-2.786,-0.014,-0.005,254.682,260.42,259.079
1780998888.880022,-9.014,-2.929,-0.015,-0.005,254.621,260.444,259.12
1780998888.8803608,-9.014,-3.0,-0.015,-0.005,254.609,260.449,259.129
1780998888.8920739,-8.789,-3.429,-0.014,-0.005,254.608,260.31,259.266
1780998888.9039218,-8.958,-3.714,-0.015,-0.006,254.514,260.332,259.346
1780998888.919035,-8.901,-3.786,-0.015,-0.006,254.524,260.312,259.356
1780998888.934091,-9.127,-3.786,-0.015,-0.006,254.464,260.394,259.34
1780998888.949007,-9.127,-3.429,-0.015,-0.005,254.532,260.471,259.191
1780998888.960097,-9.239,-4.0,-0.015,-0.006,254.408,260.405,259.391
1780998888.975184,-9.183,-4.143,-0.015,-0.006,254.406,260.364,259.432
1780998888.990177,-9.408,-4.429,-0.015,-0.006,254.307,260.387,259.518
1780998889.005183,-9.521,-4.571,-0.016,-0.007,254.264,260.403,259.549
1780998889.0166552,-9.408,-4.429,-0.015,-0.006,254.331,260.396,259.483
1780998889.0313191,-9.521,-4.571,-0.015,-0.006,254.28,260.41,259.525
1780998889.046488,-9.352,-4.571,-0.015,-0.006,254.335,260.355,259.519
1780998889.061471,-9.746,-4.214,-0.016,-0.006,254.286,260.549,259.383
1780998889.104424,-10.085,-4.571,-0.016,-0.006,254.135,260.582,259.515
1780998889.104806,-10.141,-4.643,-0.016,-0.007,254.116,260.579,259.538
1780998889.1051679,-10.31,-4.5,-0.017,-0.006,254.1,260.654,259.482
1780998889.117471,-10.592,-4.571,-0.017,-0.006,254.018,260.718,259.509
1780998889.132437,-10.761,-4.143,-0.017,-0.006,254.056,260.834,259.355
1780998889.1442492,-10.986,-4.071,-0.017,-0.006,254.016,260.895,259.339
1780998889.159234,-11.268,-4.0,-0.018,-0.006,253.959,260.981,259.318
1780998889.174256,-11.38,-3.929,-0.018,-0.006,253.944,261.013,259.303
1780998889.1892638,-11.549,-3.929,-0.018,-0.006,253.902,261.052,259.312
1780998889.204353,-11.718,-4.071,-0.018,-0.006,253.84,261.059,259.373
1780998889.2154229,-12.056,-3.714,-0.019,-0.005,253.814,261.215,259.25
1780998889.230668,-12.282,-3.643,-0.019,-0.005,253.777,261.275,259.233
1780998889.245214,-12.451,-3.643,-0.019,-0.005,253.732,261.323,259.236
1780998889.260076,-12.451,-3.643,-0.019,-0.005,253.732,261.323,259.236
1780998889.2710881,-12.451,-3.643,-0.019,-0.005,253.732,261.323,259.236
1780998889.285803,-12.451,-3.643,-0.019,-0.005,253.732,261.323,259.236
1780998889.329965,-13.803,-3.429,-0.021,-0.005,253.382,261.807,259.158
1780998889.330333,-14.085,-3.143,-0.021,-0.005,253.376,261.911,259.064
1780998889.330671,-14.085,-2.929,-0.021,-0.004,253.447,261.888,259.009
1780998889.341761,-14.366,-2.857,-0.021,-0.004,253.397,261.96,258.996
1780998889.356846,-14.93,-2.786,-0.022,-0.004,253.272,262.113,258.988
1780998889.371743,-14.873,-2.286,-0.022,-0.004,253.395,262.145,258.823
1780998889.3868139,-15.042,-2.357,-0.022,-0.004,253.349,262.15,258.869
1780998889.398617,-15.493,-1.929,-0.023,-0.003,253.305,262.348,258.731
1780998889.4136682,-16.056,-2.0,-0.023,-0.003,253.146,262.486,258.776
1780998889.428525,-16.338,-2.143,-0.024,-0.004,253.049,262.538,258.835
1780998889.443506,-16.113,-1.786,-0.023,-0.003,253.193,262.49,258.721
1780998889.458536,-16.507,-1.571,-0.024,-0.003,253.129,262.631,258.66
1780998889.469808,-16.62,-1.643,-0.024,-0.003,253.102,262.62,258.7
1780998889.484819,-16.901,-1.429,-0.024,-0.003,253.07,262.728,258.635
1780998889.499617,-17.183,-1.5,-0.024,-0.003,252.989,262.781,258.674
1780998889.5434592,-17.296,-1.571,-0.025,-0.003,252.955,262.788,258.706
1780998889.543932,-17.352,-1.071,-0.025,-0.002,253.033,262.884,258.531
1780998889.544278,-17.746,-1.5,-0.025,-0.003,252.86,262.904,258.702
1780998889.5557241,-17.746,-1.286,-0.025,-0.003,252.909,262.922,258.632
1780998889.570815,-17.859,-1.214,-0.025,-0.003,252.897,262.957,258.613
1780998889.585844,-17.859,-1.286,-0.025,-0.003,252.894,262.928,258.644
1780998889.596927,-17.972,-1.143,-0.025,-0.003,252.888,262.987,258.595
1780998889.611944,-18.028,-1.214,-0.025,-0.003,252.859,262.987,258.627
1780998889.626862,-17.859,-1.286,-0.025,-0.003,252.9,262.91,258.653
1780998889.641919,-17.915,-1.071,-0.025,-0.002,252.919,262.968,258.579
1780998889.656966,-17.859,-1.0,-0.025,-0.002,252.946,262.963,258.553
1780998889.668941,-18.028,-1.5,-0.025,-0.003,252.815,262.922,258.736
1780998889.683937,-17.915,-1.571,-0.025,-0.003,252.837,262.871,258.758
1780998889.698914,-18.028,-1.643,-0.025,-0.003,252.792,262.9,258.782
1780998889.71369,-18.028,-1.571,-0.025,-0.003,252.806,262.92,258.747
1780998889.758218,-17.972,-2.143,-0.025,-0.004,252.73,262.796,258.946
1780998889.758592,-17.859,-2.5,-0.025,-0.005,252.71,262.704,259.055
1780998889.758912,-17.859,-2.571,-0.025,-0.005,252.704,262.709,259.057
1780998889.769755,-17.859,-3.0,-0.025,-0.005,252.642,262.636,259.194
1780998889.7848918,-17.746,-2.929,-0.025,-0.005,252.689,262.624,259.152
1780998889.7961018,-17.521,-3.214,-0.025,-0.005,252.709,262.507,259.24
1780998889.8109708,-17.465,-3.5,-0.025,-0.006,252.678,262.454,259.324
1780998889.8259861,-17.915,-3.643,-0.025,-0.006,252.528,262.603,259.352
1780998889.841033,-17.408,-3.714,-0.025,-0.006,252.666,262.43,259.361
1780998889.852284,-17.296,-4.143,-0.024,-0.006,252.63,262.331,259.495
1780998889.86732,-17.07,-4.5,-0.024,-0.007,252.636,262.203,259.609
1780998889.882557,-16.901,-4.357,-0.024,-0.007,252.705,262.2,259.535
1780998889.8970969,-16.901,-4.571,-0.024,-0.007,252.661,262.184,259.599
1780998889.912286,-16.563,-4.571,-0.024,-0.007,252.754,262.097,259.578
1780998889.924073,-16.507,-4.929,-0.024,-0.007,252.703,262.037,259.693
1780998889.9391098,-16.225,-5.071,-0.023,-0.007,252.749,261.946,259.728
1780998889.980279,-16.113,-4.714,-0.023,-0.007,252.836,261.996,259.583
1780998889.980629,-15.831,-5.214,-0.023,-0.007,252.819,261.833,259.758
1780998889.98096,-15.493,-4.714,-0.022,-0.007,252.982,261.852,259.557
1780998889.9950562,-15.38,-4.929,-0.022,-0.007,252.957,261.801,259.634
1780998890.0101771,-15.324,-4.857,-0.022,-0.007,252.966,261.818,259.608
1780998890.025047,-14.761,-4.857,-0.022,-0.007,253.107,261.65,259.611
1780998890.0400798,-14.817,-4.714,-0.022,-0.007,253.099,261.714,259.56
1780998890.051248,-14.366,-4.571,-0.021,-0.006,253.229,261.615,259.51
1780998890.06624,-13.915,-4.643,-0.021,-0.007,253.325,261.473,259.541
1780998890.081231,-14.141,-5.071,-0.021,-0.007,253.167,261.488,259.702
1780998890.09624,-13.634,-4.714,-0.02,-0.007,253.35,261.413,259.572
1780998890.1111639,-13.521,-4.5,-0.02,-0.006,253.393,261.438,259.499
1780998890.122056,-13.014,-4.571,-0.02,-0.007,253.512,261.269,259.53
1780998890.137368,-12.958,-4.786,-0.02,-0.007,253.482,261.22,259.612
1780998890.152301,-12.338,-4.286,-0.019,-0.006,253.709,261.142,259.436
1780998890.194637,-12.451,-4.143,-0.019,-0.006,253.662,261.239,259.394
1780998890.1950378,-11.887,-3.929,-0.018,-0.006,253.825,261.119,259.331
1780998890.195353,-11.606,-3.786,-0.018,-0.006,253.893,261.078,259.296
1780998890.208859,-11.324,-3.714,-0.018,-0.005,253.965,261.015,259.279
1780998890.223806,-11.493,-3.429,-0.018,-0.005,253.926,261.145,259.195
1780998890.238821,-11.324,-3.071,-0.018,-0.005,254.003,261.168,259.088
1780998890.249933,-10.986,-2.929,-0.018,-0.005,254.096,261.095,259.059
1780998890.2649019,-10.986,-3.0,-0.018,-0.005,254.052,261.096,259.105
1780998890.279962,-10.592,-2.429,-0.017,-0.004,254.234,261.088,258.916
1780998890.294993,-10.535,-2.214,-0.017,-0.004,254.267,261.116,258.852
1780998890.306133,-10.197,-2.071,-0.017,-0.004,254.362,261.041,258.822
1780998890.321287,-9.972,-2.214,-0.016,-0.004,254.381,260.95,258.89
1780998890.336215,-9.803,-2.286,-0.016,-0.004,254.382,260.895,258.942
1780998890.3512619,-9.577,-1.786,-0.016,-0.003,254.507,260.93,258.773
1780998890.362776,-9.577,-1.929,-0.016,-0.004,254.458,260.916,258.839
1780998890.3773031,-9.577,-1.714,-0.016,-0.003,254.48,260.965,258.769
1780998890.419787,-9.408,-1.357,-0.016,-0.003,254.567,260.985,258.656
1780998890.420216,-9.352,-1.357,-0.016,-0.003,254.563,260.966,258.678
1780998890.420556,-9.408,-1.071,-0.016,-0.003,254.576,261.046,258.589
1780998890.434022,-9.465,-0.786,-0.016,-0.002,254.586,261.116,258.51
1780998890.449017,-9.183,-0.357,-0.016,-0.002,254.732,261.103,258.367
1780998890.4639108,-9.183,-0.429,-0.016,-0.002,254.704,261.083,258.416
1780998890.475059,-9.127,-0.357,-0.016,-0.002,254.714,261.077,258.411
1780998890.490144,-9.014,0.0,-0.016,-0.001,254.796,261.106,258.297
1780998890.505194,-9.296,-0.143,-0.016,-0.002,254.677,261.167,258.365
1780998890.5202198,-9.183,0.0,-0.016,-0.001,254.724,261.152,258.328
1780998890.531279,-9.239,0.143,-0.016,-0.001,254.723,261.195,258.289
1780998890.546591,-9.239,0.071,-0.016,-0.001,254.699,261.174,258.335
1780998890.5615208,-9.352,0.571,-0.016,-0.001,254.747,261.301,258.164
1780998890.576562,-9.465,0.357,-0.017,-0.001,254.671,261.29,258.254
1780998890.5884092,-9.521,0.286,-0.017,-0.001,254.644,261.281,258.291
1780998890.603613,-9.859,0.143,-0.017,-0.001,254.521,261.36,258.348
1780998890.646386,-9.634,0.429,-0.017,-0.001,254.64,261.334,258.246
1780998890.646739,-9.915,0.071,-0.017,-0.002,254.502,261.352,258.375
1780998890.647071,-9.972,0.071,-0.017,-0.002,254.492,261.365,258.374
1780998890.659668,-10.31,0.286,-0.018,-0.001,254.438,261.514,258.291
1780998890.674657,-10.085,-0.214,-0.017,-0.002,254.428,261.335,258.471
1780998890.6858351,-10.31,-0.143,-0.018,-0.002,254.385,261.419,258.438
1780998890.700887,-10.592,-0.357,-0.018,-0.002,254.281,261.462,258.508
1780998890.7158,-11.155,-0.357,-0.019,-0.002,254.133,261.639,258.499
1780998890.731115,-10.873,-0.5,-0.018,-0.002,254.21,261.507,258.542
1780998890.7459872,-11.268,-1.429,-0.019,-0.004,253.958,261.459,258.859
1780998890.757214,-11.662,-1.714,-0.019,-0.004,253.812,261.536,258.945
1780998890.7723289,-11.38,-2.0,-0.019,-0.004,253.878,261.389,259.013
1780998890.7873752,-11.437,-2.5,-0.019,-0.005,253.809,261.314,259.161
1780998890.802368,-11.718,-3.0,-0.019,-0.006,253.673,261.318,259.306
1780998890.8146062,-11.775,-3.214,-0.019,-0.006,253.646,261.306,259.347
1780998890.829393,-11.944,-3.429,-0.02,-0.006,253.587,261.331,259.387
1780998890.8717928,-12.113,-3.857,-0.02,-0.006,253.496,261.309,259.509
1780998890.872221,-12.113,-3.786,-0.02,-0.006,253.525,261.329,259.459
1780998890.874201,-12.282,-4.571,-0.02,-0.007,253.366,261.247,259.714
1780998890.885344,-12.225,-4.714,-0.02,-0.007,253.386,261.211,259.726
1780998890.9003782,-12.394,-5.357,-0.02,-0.008,253.256,261.156,259.925
1780998890.915377,-12.338,-5.357,-0.02,-0.008,253.295,261.148,259.889
1780998890.93045,-12.338,-5.714,-0.02,-0.008,253.258,261.086,259.992
1780998890.941746,-12.507,-5.429,-0.02,-0.008,253.268,261.204,259.865
1780998890.9567108,-13.239,-5.857,-0.021,-0.009,253.002,261.364,260.007
1780998890.971814,-13.239,-5.714,-0.021,-0.008,253.05,261.387,259.93
1780998890.9867089,-13.352,-5.857,-0.021,-0.008,253.015,261.392,259.965
1780998891.001784,-13.521,-6.071,-0.021,-0.009,252.949,261.402,260.03
1780998891.0136251,-13.69,-5.857,-0.022,-0.008,252.952,261.494,259.936
1780998891.0286279,-13.408,-6.143,-0.021,-0.009,253.001,261.338,260.034
1780998891.0436769,-13.577,-6.429,-0.021,-0.009,252.912,261.339,260.133
1780998891.084151,-13.972,-6.357,-0.022,-0.009,252.818,261.486,260.094
1780998891.084529,-13.803,-6.5,-0.022,-0.009,252.855,261.396,260.141
1780998891.084885,-13.915,-6.357,-0.022,-0.009,252.863,261.456,260.074
1780998891.0995991,-14.254,-6.286,-0.022,-0.009,252.791,261.572,260.041
1780998891.114728,-14.31,-6.429,-0.022,-0.009,252.762,261.551,260.095
1780998891.129733,-14.197,-6.143,-0.022,-0.008,252.849,261.562,259.986
1780998891.1409202,-14.592,-5.929,-0.023,-0.008,252.774,261.727,259.91
1780998891.1558988,-14.592,-6.214,-0.023,-0.009,252.731,261.657,260.027
1780998891.17088,-14.254,-5.786,-0.022,-0.008,252.901,261.619,259.873
1780998891.185925,-14.366,-5.714,-0.022,-0.008,252.875,261.663,259.859
1780998891.2008479,-14.592,-5.5,-0.023,-0.008,252.842,261.772,259.791
1780998891.212227,-14.535,-5.429,-0.022,-0.008,252.867,261.759,259.775
1780998891.226985,-14.423,-4.643,-0.022,-0.006,253.019,261.864,259.504
1780998891.2419431,-14.479,-4.571,-0.022,-0.006,253.001,261.892,259.498
1780998891.256969,-14.592,-4.5,-0.023,-0.006,252.966,261.929,259.502
1780998891.298005,-14.479,-3.929,-0.022,-0.006,253.079,261.986,259.322
1780998891.298371,-14.366,-3.357,-0.022,-0.005,253.183,262.044,259.151
1780998891.2987719,-14.535,-3.214,-0.023,-0.005,253.143,262.12,259.123
1780998891.3136,-14.197,-2.929,-0.022,-0.005,253.269,262.042,259.059
1780998891.328712,-14.254,-2.643,-0.022,-0.004,253.277,262.1,258.996
1780998891.339775,-14.085,-1.643,-0.022,-0.003,253.47,262.225,258.666
1780998891.354922,-14.31,-1.286,-0.022,-0.003,253.435,262.354,258.585
1780998891.369911,-14.197,-1.214,-0.022,-0.003,253.451,262.311,258.606
1780998891.3850439,-14.028,-0.929,-0.022,-0.002,253.53,262.301,258.53
1780998891.396224,-13.972,-0.5,-0.022,-0.002,253.591,262.353,258.416
1780998891.411082,-13.972,-0.429,-0.022,-0.002,253.581,262.35,258.43
1780998891.426063,-13.69,-0.357,-0.022,-0.002,253.651,262.261,258.436
1780998891.441011,-13.746,-0.071,-0.022,-0.002,253.66,262.335,258.358
1780998891.455876,-13.634,0.0,-0.022,-0.002,253.686,262.301,258.361
1780998891.467227,-13.521,0.429,-0.021,-0.001,253.778,262.345,258.221
1780998891.481886,-13.634,0.643,-0.022,-0.001,253.761,262.422,258.168
1780998891.525054,-13.634,0.857,-0.022,-0.001,253.777,262.458,258.118
1780998891.52546,-13.408,0.786,-0.021,-0.001,253.813,262.36,258.169
1780998891.525794,-13.296,1.143,-0.021,-0.0,253.889,262.386,258.063
1780998891.538527,-13.183,1.429,-0.021,0.0,253.963,262.405,257.967
1780998891.553448,-13.127,1.071,-0.021,-0.0,253.903,262.318,258.111
1780998891.568513,-13.239,1.286,-0.021,-0.0,253.893,262.403,258.044
1780998891.579686,-12.958,1.214,-0.021,-0.0,253.949,262.301,258.078
1780998891.594578,-13.07,0.786,-0.021,-0.001,253.832,262.257,258.244
1780998891.60976,-13.127,0.929,-0.021,-0.001,253.833,262.313,258.192
1780998891.624533,-12.845,0.929,-0.021,-0.001,253.912,262.224,258.19
1780998891.635825,-12.62,0.714,-0.02,-0.001,253.929,262.117,258.27
1780998891.650778,-12.563,1.0,-0.02,-0.001,253.982,262.173,258.161
1780998891.665824,-12.394,0.643,-0.02,-0.001,253.96,262.062,258.288
1780998891.6807559,-12.732,0.857,-0.021,-0.001,253.89,262.233,258.204
1780998891.691913,-12.451,0.714,-0.02,-0.001,253.945,262.113,258.257
1780998891.706927,-12.563,0.5,-0.021,-0.001,253.872,262.119,258.33
1780998891.749067,-12.789,0.429,-0.021,-0.001,253.797,262.194,258.341
1780998891.749412,-12.62,-0.214,-0.021,-0.002,253.744,262.021,258.56
1780998891.749758,-12.676,-0.214,-0.021,-0.002,253.732,262.056,258.54
1780998891.7637792,-12.676,-0.786,-0.021,-0.003,253.646,261.957,258.727
1780998891.778781,-12.676,-1.071,-0.021,-0.003,253.607,261.911,258.812
1780998891.7938938,-12.676,-1.357,-0.021,-0.004,253.572,261.87,258.889
1780998891.804862,-12.732,-1.571,-0.021,-0.004,253.531,261.864,258.94
1780998891.819906,-12.676,-1.786,-0.021,-0.004,253.521,261.824,258.988
1780998891.8348951,-12.62,-2.143,-0.021,-0.005,253.489,261.755,259.089
1780998891.849739,-12.901,-2.571,-0.021,-0.005,253.347,261.785,259.216
1780998891.8646631,-12.563,-2.786,-0.021,-0.005,253.417,261.635,259.283
1780998891.8757918,-25.972,50.143,-0.042,0.077,258.474,279.31,242.352
1780998891.890644,-12.113,-2.143,-0.019,-0.007,253.537,261.243,259.527
1780998891.9052448,-12.451,-3.143,-0.02,-0.008,253.282,261.209,259.844
1780998891.920314,-12.451,-3.143,-0.02,-0.008,253.282,261.209,259.844
1780998891.962559,-12.113,-5.071,-0.02,-0.011,253.075,260.772,260.507
1780998891.962913,-12.225,-5.571,-0.02,-0.011,253.004,260.815,260.546
1780998891.963247,-11.831,-6.357,-0.019,-0.011,253.042,260.67,260.647
1780998891.9765198,-11.887,-7.286,-0.02,-0.012,252.912,260.629,260.836
1780998891.991446,-11.549,-8.0,-0.019,-0.012,252.927,260.481,260.968
1780998892.0032508,-11.606,-8.0,-0.019,-0.012,252.944,260.579,260.849
1780998892.0183501,-11.662,-8.429,-0.02,-0.012,252.875,260.559,260.949
1780998892.033271,-11.775,-8.643,-0.02,-0.012,252.833,260.608,260.948
1780998892.0482502,-11.887,-9.071,-0.02,-0.013,252.755,260.607,261.039
1780998892.063283,-11.831,-9.214,-0.02,-0.013,252.769,260.596,261.033
1780998892.074555,-12.0,-9.214,-0.02,-0.013,252.74,260.676,260.987
1780998892.0895731,-12.113,-9.714,-0.02,-0.013,252.64,260.637,261.14
1780998892.104585,-11.831,-9.714,-0.02,-0.013,252.737,260.563,261.103
1780998892.119678,-11.944,-9.571,-0.02,-0.013,252.735,260.637,261.031
1780998892.130937,-12.0,-9.643,-0.02,-0.013,252.717,260.647,261.042
1780998892.145468,-12.056,-9.714,-0.02,-0.013,252.697,260.658,261.053
1780998892.186194,-12.056,-9.714,-0.02,-0.013,252.697,260.658,261.053
1780998892.1866229,-12.056,-9.714,-0.02,-0.013,252.697,260.658,261.053
1780998892.189567,-12.056,-9.714,-0.02,-0.013,252.697,260.658,261.053
1780998892.200654,-12.056,-9.714,-0.02,-0.013,252.697,260.658,261.053
1780998892.215654,-12.394,-8.714,-0.021,-0.011,252.766,260.957,260.675
1780998892.230741,-12.394,-8.071,-0.021,-0.01,252.865,261.058,260.462
1780998892.2456892,-12.563,-7.286,-0.021,-0.009,252.936,261.236,260.206
1780998892.2569559,-12.789,-7.071,-0.021,-0.009,252.894,261.325,260.167
1780998892.272023,-12.958,-6.643,-0.022,-0.009,252.908,261.442,260.036
1780998892.287078,-12.901,-6.0,-0.021,-0.008,253.014,261.512,259.849
1780998892.302023,-12.845,-5.429,-0.021,-0.007,253.108,261.566,259.691
1780998892.317014,-12.789,-4.929,-0.021,-0.007,253.187,261.612,259.56
1780998892.328785,-12.901,-4.571,-0.021,-0.006,253.191,261.685,259.485
1780998892.34387,-13.07,-4.214,-0.022,-0.006,253.194,261.801,259.37
1780998892.3586931,-13.577,-3.643,-0.022,-0.005,253.137,262.071,259.177
1780998892.4003499,-13.239,-2.571,-0.022,-0.004,253.392,262.111,258.859
1780998892.4007308,-13.465,-1.714,-0.022,-0.003,253.442,262.3,258.626
1780998892.401075,-13.408,-1.429,-0.022,-0.003,253.478,262.288,258.599
1780998892.415125,-13.465,-0.571,-0.022,-0.002,253.579,262.426,258.36
1780998892.42997,-13.634,-0.429,-0.022,-0.002,253.526,262.472,258.376
1780998892.445067,-13.577,-0.143,-0.022,-0.001,253.574,262.482,258.314
1780998892.456296,-13.803,0.143,-0.023,-0.001,253.534,262.58,258.267
1780998892.471199,-14.366,0.786,-0.023,-0.0,253.461,262.863,258.085
1780998892.486238,-14.197,0.786,-0.023,-0.001,253.495,262.772,258.133
1780998892.501298,-14.254,1.5,-0.023,0.0,253.589,262.895,257.919
1780998892.512394,-14.31,1.571,-0.023,0.0,253.572,262.892,257.94
1780998892.527377,-14.535,1.714,-0.023,0.0,253.524,262.978,257.913
1780998892.542186,-14.648,1.857,-0.024,0.0,253.509,263.019,257.892
1780998892.554158,-14.535,2.071,-0.023,0.001,253.571,263.0,257.842
1780998892.5692852,-14.817,2.214,-0.024,0.001,253.505,263.107,257.816
1780998892.584085,-14.817,2.643,-0.024,0.001,253.571,263.177,257.682
1780998892.6260428,-14.761,2.429,-0.024,0.001,253.548,263.091,257.784
1780998892.626482,-14.817,2.571,-0.024,0.001,253.547,263.124,257.755
1780998892.6268082,-14.986,2.786,-0.024,0.001,253.53,263.217,257.69
1780998892.6399648,-14.817,2.357,-0.024,0.001,253.508,263.06,257.855
1780998892.6512792,-14.93,2.286,-0.024,0.001,253.462,263.085,257.882
1780998892.666334,-15.042,2.214,-0.024,0.0,253.417,263.104,257.912
1780998892.6812139,-15.155,2.0,-0.024,0.0,253.353,263.098,257.987
1780998892.6963332,-15.324,1.929,-0.024,-0.0,253.302,263.142,258.003
1780998892.708236,-15.38,1.643,-0.025,-0.0,253.246,263.108,258.094
1780998892.723378,-15.268,1.5,-0.024,-0.001,253.263,263.044,258.134
1780998892.738369,-15.437,1.0,-0.025,-0.001,253.148,263.006,258.294
1780998892.753338,-15.437,0.643,-0.025,-0.002,253.104,262.95,258.394
1780998892.764842,-15.549,0.214,-0.025,-0.002,253.021,262.917,258.514
1780998892.7796512,-15.268,0.143,-0.024,-0.002,253.112,262.817,258.507
1780998892.7948349,-15.493,-0.571,-0.025,-0.003,252.939,262.77,258.739
1780998892.809555,-15.324,-0.5,-0.024,-0.003,253.008,262.741,258.691
1780998892.8506198,-15.042,-1.071,-0.024,-0.004,253.002,262.557,258.869
1780998892.850976,-15.324,-1.286,-0.024,-0.004,252.89,262.641,258.914
1780998892.851286,-14.761,-2.0,-0.024,-0.005,252.943,262.34,259.138
1780998892.865611,-14.761,-2.0,-0.024,-0.005,252.951,262.375,259.096
1780998892.880596,-14.197,-2.714,-0.023,-0.006,253.002,262.081,259.317
1780998892.891773,-14.423,-2.929,-0.023,-0.006,252.903,262.141,259.37
1780998892.9069319,-14.31,-3.357,-0.023,-0.006,252.872,262.057,259.485
1780998892.921846,-14.254,-4.0,-0.023,-0.007,252.792,261.95,259.676
1780998892.9369369,-14.028,-4.5,-0.023,-0.008,252.784,261.82,259.81
1780998892.95196,-13.972,-4.929,-0.023,-0.008,252.736,261.763,259.919
1780998892.963669,-14.028,-5.786,-0.023,-0.009,252.587,261.652,260.195
1780998892.978812,-13.69,-5.786,-0.023,-0.009,252.701,261.58,260.136
1780998892.993821,-13.803,-6.214,-0.023,-0.01,252.605,261.559,260.265
1780998893.008765,-13.746,-6.714,-0.023,-0.01,252.553,261.478,260.404
1780998893.020114,-13.465,-6.643,-0.022,-0.01,252.651,261.438,260.331
1780998893.035223,-13.408,-7.143,-0.022,-0.01,252.596,261.349,260.481
1780998893.0780349,-13.239,-7.571,-0.022,-0.011,252.579,261.244,260.605
1780998893.0784261,-13.239,-7.571,-0.022,-0.011,252.581,261.278,260.568
1780998893.080032,-13.352,-8.0,-0.022,-0.011,252.482,261.253,260.707
1780998893.091211,-13.296,-8.286,-0.022,-0.012,252.456,261.208,260.781
1780998893.106105,-13.014,-8.071,-0.022,-0.011,252.574,261.185,260.668
1780998893.120831,-12.901,-8.214,-0.022,-0.011,252.582,261.127,260.716
1780998893.135635,-12.901,-8.214,-0.022,-0.011,252.582,261.127,260.716
1780998893.14644,-12.901,-8.214,-0.022,-0.011,252.582,261.127,260.716
1780998893.161342,-12.901,-8.214,-0.022,-0.011,252.582,261.127,260.716
1780998893.176458,-12.62,-8.714,-0.021,-0.012,252.58,260.946,260.899
1780998893.191316,-12.394,-8.143,-0.021,-0.011,252.737,261.006,260.659
1780998893.20634,-12.225,-8.0,-0.021,-0.011,252.795,261.004,260.595
1780998893.217773,-12.338,-7.714,-0.021,-0.01,252.796,261.115,260.484
1780998893.233431,-12.169,-7.857,-0.021,-0.011,252.809,261.038,260.545
1780998893.248142,-12.338,-7.571,-0.021,-0.01,252.792,261.157,260.447
1780998893.289954,-12.338,-7.071,-0.021,-0.01,252.856,261.255,260.278
1780998893.2903638,-12.0,-6.929,-0.021,-0.01,252.956,261.168,260.251
1780998893.290712,-12.225,-6.357,-0.021,-0.009,252.967,261.348,260.061
1780998893.3043342,-12.169,-6.214,-0.021,-0.009,252.985,261.349,260.04
1780998893.319575,-12.169,-5.929,-0.021,-0.008,253.021,261.399,259.952
1780998893.334422,-11.831,-5.429,-0.021,-0.008,253.181,261.373,259.797
1780998893.34574,-12.0,-4.857,-0.021,-0.007,253.202,261.529,259.623
1780998893.360804,-11.887,-4.357,-0.021,-0.006,253.291,261.572,259.482
1780998893.375975,-11.718,-4.0,-0.021,-0.006,253.372,261.568,259.396
1780998893.390938,-11.775,-3.214,-0.021,-0.005,253.456,261.719,259.16
1780998893.4060318,-11.606,-2.571,-0.021,-0.004,253.577,261.766,258.982
1780998893.4174058,-11.493,-2.143,-0.02,-0.004,253.658,261.797,258.864
1780998893.432472,-11.775,-1.571,-0.021,-0.003,253.637,261.978,258.717
1780998893.4472792,-11.831,-1.071,-0.021,-0.003,253.673,262.064,258.596
1780998893.462244,-11.831,-0.857,-0.021,-0.002,253.682,262.076,258.575
1780998893.504102,-11.944,-0.214,-0.021,-0.002,253.735,262.213,258.39
1780998893.504537,-11.831,0.286,-0.021,-0.001,253.829,262.246,258.258
1780998893.5048919,-12.0,0.429,-0.021,-0.001,253.781,262.31,258.251
1780998893.519221,-11.268,0.286,-0.02,-0.001,253.956,262.019,258.333
1780998893.53039,-12.113,0.571,-0.021,-0.001,253.737,262.347,258.263
1780998893.545496,-12.225,0.643,-0.022,-0.001,253.702,262.376,258.274
1780998893.5604548,-11.944,1.143,-0.021,-0.001,253.857,262.362,258.12
1780998893.575496,-11.944,1.0,-0.021,-0.001,253.823,262.32,258.195
1780998893.586787,-11.944,1.286,-0.021,-0.0,253.864,262.367,258.108
1780998893.601892,-11.887,1.357,-0.021,-0.0,253.881,262.35,258.106
1780998893.616779,-12.225,1.857,-0.022,0.0,253.855,262.551,257.948
1780998893.631816,-11.662,2.214,-0.021,0.001,254.07,262.42,257.839
1780998893.643392,-11.831,2.214,-0.021,0.001,254.007,262.472,257.859
1780998893.658394,-11.831,2.5,-0.021,0.001,254.04,262.529,257.771
1780998893.6732202,-11.606,2.286,-0.021,0.001,254.057,262.401,257.871
1780998893.688145,-11.493,2.286,-0.021,0.001,254.078,262.366,257.88
1780998893.729813,-11.662,1.857,-0.021,-0.0,253.954,262.337,258.04
1780998893.730149,-11.775,1.857,-0.021,-0.0,253.923,262.378,258.035
1780998893.730461,-12.0,1.571,-0.021,-0.001,253.811,262.4,258.135
1780998893.744225,-11.944,1.357,-0.021,-0.001,253.8,262.339,258.203
1780998893.755424,-11.944,0.857,-0.021,-0.002,253.725,262.248,258.368
1780998893.770568,-12.225,0.929,-0.022,-0.001,253.668,262.367,258.319
1780998893.78554,-12.056,0.643,-0.021,-0.002,253.674,262.262,258.41
1780998893.800638,-11.887,0.571,-0.021,-0.002,253.72,262.2,258.418
1780998893.8119628,-12.225,0.214,-0.022,-0.002,253.566,262.257,258.533
1780998893.8270001,-12.169,-0.143,-0.022,-0.003,253.538,262.183,258.632
1780998893.8419409,-12.451,-0.429,-0.022,-0.003,253.422,262.237,258.707
1780998893.8569028,-12.113,-0.786,-0.022,-0.003,253.479,262.068,258.803
1780998893.868824,-12.394,-1.214,-0.022,-0.004,253.341,262.096,258.929
1780998893.884073,-12.676,-1.643,-0.022,-0.005,253.207,262.116,259.057
1780998893.8987389,-12.282,-1.714,-0.022,-0.005,253.322,261.979,259.059
1780998893.913467,-12.338,-2.429,-0.022,-0.005,253.203,261.88,259.286
1780998893.956834,-12.338,-2.429,-0.022,-0.005,253.203,261.88,259.286
1780998893.9572759,-12.338,-2.429,-0.022,-0.005,253.203,261.88,259.286
1780998893.957619,-12.62,-4.214,-0.022,-0.008,252.833,261.635,259.934
1780998893.9692109,-12.394,-4.571,-0.022,-0.009,252.855,261.505,260.035
1780998893.984233,-12.507,-5.0,-0.022,-0.009,252.795,261.51,260.098
1780998893.9952462,-12.338,-5.429,-0.022,-0.009,252.812,261.407,260.179
1780998894.0102751,-12.732,-5.929,-0.022,-0.01,252.652,261.475,260.294
1780998894.025301,-12.789,-6.286,-0.022,-0.01,252.609,261.456,260.362
1780998894.040351,-12.732,-6.714,-0.022,-0.01,252.58,261.384,260.465
1780998894.0554,-12.62,-6.857,-0.022,-0.01,252.607,261.337,260.48
1780998894.06675,-12.901,-7.143,-0.023,-0.011,252.499,261.401,260.54
1780998894.081675,-12.62,-7.357,-0.022,-0.011,252.564,261.284,260.582
1780998894.0966542,-12.789,-7.5,-0.022,-0.011,252.508,261.331,260.6
1780998894.1121101,-12.901,-7.714,-0.023,-0.011,252.46,261.343,260.643
1780998894.1234188,-12.901,-7.929,-0.023,-0.011,252.439,261.316,260.694
1780998894.1383848,-13.014,-7.714,-0.023,-0.011,252.455,261.405,260.587
1780998894.1800299,-12.901,-8.286,-0.023,-0.012,252.401,261.258,260.795
1780998894.1803699,-13.07,-8.143,-0.023,-0.011,252.385,261.351,260.721
1780998894.183284,-12.845,-8.071,-0.022,-0.011,252.468,261.294,260.681
1780998894.1945019,-12.958,-8.286,-0.023,-0.012,252.404,261.298,260.752
1780998894.209558,-13.127,-8.214,-0.023,-0.011,252.368,261.375,260.717
1780998894.224512,-13.07,-8.286,-0.023,-0.012,252.374,261.345,260.74
1780998894.239434,-13.127,-8.143,-0.023,-0.011,252.382,261.391,260.685
1780998894.2507079,-13.07,-7.714,-0.023,-0.011,252.47,261.451,260.525
1780998894.265704,-12.958,-7.571,-0.023,-0.01,252.52,261.441,260.479
1780998894.2807412,-13.014,-7.571,-0.023,-0.011,252.499,261.453,260.491
1780998894.295787,-12.958,-7.357,-0.023,-0.01,252.54,261.47,260.426
1780998894.3107789,-13.014,-6.929,-0.023,-0.01,252.584,261.563,260.285
1780998894.321894,-13.014,-6.643,-0.023,-0.009,252.622,261.612,260.194
1780998894.3371289,-13.07,-6.5,-0.023,-0.009,252.615,261.645,260.171
1780998894.351947,-13.014,-6.071,-0.023,-0.009,252.684,261.697,260.042
1780998894.395882,-12.958,-5.786,-0.023,-0.008,252.73,261.719,259.968
1780998894.396246,-12.845,-5.214,-0.023,-0.008,252.837,261.779,259.79
1780998894.396579,-12.789,-5.071,-0.023,-0.008,252.854,261.771,259.778
1780998894.4084852,-13.127,-4.5,-0.023,-0.007,252.827,261.979,259.609
1780998894.423167,-13.127,-4.5,-0.023,-0.007,252.827,261.979,259.609
1780998894.4380429,-13.127,-4.5,-0.023,-0.007,252.827,261.979,259.609
1780998894.4489868,-13.127,-4.5,-0.023,-0.007,252.827,261.979,259.609
1780998894.46399,-13.127,-4.5,-0.023,-0.007,252.827,261.979,259.609
1780998894.478814,-13.127,-4.5,-0.023,-0.007,252.827,261.979,259.609
1780998894.493829,-12.901,-2.071,-0.023,-0.003,253.274,262.352,258.762
1780998894.508878,-12.732,-1.571,-0.022,-0.003,253.353,262.344,258.682
1780998894.5199769,-12.732,-0.571,-0.023,-0.002,253.469,262.5,258.411
1780998894.535174,-12.845,0.0,-0.023,-0.001,253.481,262.615,258.292
1780998894.550085,-12.62,0.429,-0.022,-0.001,253.576,262.59,258.212
1780998894.565299,-12.563,0.286,-0.022,-0.001,253.544,262.523,258.309
1780998894.608514,-12.507,0.643,-0.022,-0.001,253.588,262.553,258.233
1780998894.60895,-12.901,0.643,-0.023,-0.001,253.452,262.662,258.28
1780998894.609289,-12.845,1.071,-0.023,-0.001,253.526,262.703,258.162
1780998894.6211681,-12.958,1.143,-0.023,-0.001,253.49,262.736,258.17
1780998894.6323142,-12.676,1.429,-0.023,-0.0,253.608,262.681,258.094
1780998894.647208,-12.789,1.357,-0.023,-0.001,253.554,262.698,258.136
1780998894.662158,-12.732,1.143,-0.023,-0.001,253.528,262.625,258.232
1780998894.677116,-12.789,1.643,-0.023,-0.0,253.591,262.738,258.06
1780998894.688722,-12.958,1.5,-0.023,-0.001,253.51,262.755,258.132
1780998894.703808,-13.014,1.214,-0.023,-0.001,253.442,262.711,258.246
1780998894.718826,-12.901,1.643,-0.023,-0.0,253.544,262.756,258.094
1780998894.733825,-13.07,1.5,-0.023,-0.001,253.469,262.782,258.151
1780998894.7450829,-13.014,1.143,-0.023,-0.001,253.424,262.69,258.284
1780998894.760085,-13.127,1.143,-0.023,-0.001,253.393,262.73,258.28
1780998894.775095,-13.07,0.786,-0.023,-0.002,253.354,262.642,258.405
1780998894.7900941,-13.352,0.714,-0.024,-0.002,253.267,262.729,258.419
1780998894.8326788,-13.352,0.286,-0.024,-0.002,253.208,262.649,258.557
1780998894.833046,-12.901,-0.071,-0.023,-0.003,253.289,262.439,258.664
1780998894.833345,-13.296,-0.643,-0.024,-0.004,253.091,262.477,258.846
1780998894.846292,-13.183,-0.643,-0.023,-0.003,253.14,262.457,258.81
1780998894.857366,-13.296,-1.143,-0.024,-0.004,253.037,262.414,258.964
1780998894.8732429,-13.239,-1.714,-0.023,-0.005,252.971,262.292,259.152
1780998894.888217,-13.408,-1.929,-0.024,-0.005,252.906,262.326,259.191
1780998894.902369,-13.521,-2.286,-0.024,-0.006,252.833,262.31,259.287
1780998894.918303,-13.296,-3.0,-0.023,-0.006,252.799,262.113,259.512
1780998894.929568,-13.69,-3.643,-0.024,-0.007,252.605,262.145,259.699
1780998894.944444,-13.521,-3.786,-0.024,-0.007,252.654,262.085,259.703
1780998894.959457,-13.859,-4.786,-0.024,-0.009,252.417,262.022,260.03
1780998894.9744372,-14.028,-4.786,-0.025,-0.008,252.393,262.094,259.988
1780998894.985835,-13.803,-4.929,-0.024,-0.008,252.459,262.007,259.996
1780998895.0009658,-13.634,-5.429,-0.024,-0.009,252.445,261.879,260.137
1780998895.0155551,-13.521,-5.286,-0.024,-0.009,252.516,261.892,260.043
1780998895.060385,-13.465,-5.714,-0.024,-0.009,252.47,261.813,260.172
1780998895.0608158,-13.577,-6.0,-0.024,-0.01,252.396,261.816,260.253
1780998895.061147,-13.521,-6.214,-0.024,-0.01,252.385,261.768,260.312
1780998895.071559,-13.408,-6.357,-0.024,-0.01,252.406,261.723,260.332
1780998895.086671,-13.408,-6.5,-0.024,-0.01,252.39,261.714,260.359
1780998895.101604,-13.183,-6.857,-0.023,-0.01,252.401,261.588,260.47
1780998895.116837,-13.296,-6.643,-0.024,-0.01,252.41,261.688,260.362
1780998895.1283772,-13.127,-6.857,-0.023,-0.01,252.426,261.606,260.423
1780998895.1434371,-13.408,-7.0,-0.024,-0.01,252.324,261.685,260.463
1780998895.158556,-12.958,-7.357,-0.023,-0.011,252.393,261.484,260.581
1780998895.1734772,-13.183,-7.5,-0.024,-0.011,252.309,261.548,260.614
1780998895.184928,-13.183,-7.714,-0.024,-0.011,252.277,261.519,260.68
1780998895.1997418,-13.127,-7.429,-0.023,-0.011,252.34,261.569,260.558
1780998895.214643,-12.789,-7.429,-0.023,-0.011,252.43,261.466,260.556
1780998895.2297301,-12.845,-7.286,-0.023,-0.011,252.431,261.521,260.5
1780998895.2752068,-12.507,-7.071,-0.023,-0.01,252.549,261.46,260.426
1780998895.275645,-12.338,-7.0,-0.022,-0.01,252.594,261.43,260.404
1780998895.275977,-12.563,-6.857,-0.023,-0.01,252.538,261.543,260.358
1780998895.285876,-12.056,-6.857,-0.022,-0.01,252.669,261.379,260.369
1780998895.300962,-12.056,-6.786,-0.022,-0.01,252.664,261.402,260.352
1780998895.312187,-12.113,-6.714,-0.022,-0.01,252.645,261.444,260.333
1780998895.3272629,-12.0,-6.5,-0.022,-0.01,252.703,261.45,260.26
1780998895.3422,-11.831,-6.0,-0.022,-0.009,252.813,261.495,260.093
1780998895.3572092,-11.718,-5.714,-0.022,-0.009,252.87,261.507,260.016
1780998895.372066,-11.549,-5.071,-0.022,-0.008,252.999,261.573,259.808
1780998895.383984,-11.662,-4.786,-0.022,-0.007,252.985,261.659,259.74
1780998895.399032,-11.606,-4.429,-0.022,-0.007,253.035,261.7,259.644
1780998895.4141319,-11.831,-4.071,-0.022,-0.007,253.014,261.837,259.536
1780998895.4292521,-11.549,-3.929,-0.022,-0.006,253.096,261.758,259.521
1780998895.440502,-11.324,-3.0,-0.022,-0.005,253.286,261.85,259.222
1780998895.455264,-11.324,-2.714,-0.022,-0.005,253.305,261.893,259.16
1780998895.497022,-11.155,-2.143,-0.021,-0.004,253.417,261.935,258.998
1780998895.497372,-10.761,-1.786,-0.021,-0.004,253.556,261.856,258.92
1780998895.500142,-10.93,-1.143,-0.021,-0.003,253.578,262.025,258.736
1780998895.511364,-10.592,-0.786,-0.021,-0.003,253.716,261.972,258.636
1780998895.5264268,-10.648,-0.5,-0.021,-0.003,253.708,262.029,258.592
1780998895.541452,-10.592,-0.143,-0.021,-0.002,253.751,262.065,258.511
1780998895.556384,-10.535,-0.214,-0.021,-0.002,253.729,262.019,258.578
1780998895.571449,-10.817,-0.429,-0.021,-0.003,253.59,262.064,258.686
1780998895.5832691,-10.817,-0.143,-0.021,-0.003,253.624,262.118,258.598
1780998895.598271,-10.535,-0.071,-0.021,-0.003,253.71,262.035,258.583
1780998895.613326,-10.648,-0.143,-0.021,-0.003,253.658,262.055,258.62
1780998895.628371,-10.704,-0.429,-0.021,-0.003,253.588,262.016,258.734
1780998895.6395981,-10.817,-0.714,-0.021,-0.004,253.505,261.999,258.84
1780998895.654716,-10.704,-1.143,-0.021,-0.004,253.467,261.89,258.985
1780998895.6694798,-10.817,-1.857,-0.021,-0.005,253.327,261.802,259.223
1780998895.7121742,-10.93,-1.786,-0.021,-0.005,253.317,261.862,259.176
1780998895.712526,-10.873,-2.143,-0.021,-0.005,253.288,261.788,259.279
1780998895.7128582,-10.986,-2.857,-0.022,-0.006,253.155,261.704,259.506
1780998895.725735,-11.042,-3.071,-0.022,-0.007,253.125,261.697,259.547
1780998895.740726,-11.042,-3.357,-0.022,-0.007,253.093,261.658,259.621
1780998895.7557602,-10.817,-3.643,-0.021,-0.007,253.124,261.544,259.695
1780998895.766995,-11.211,-4.143,-0.022,-0.008,252.946,261.596,259.845
1780998895.781962,-10.986,-4.214,-0.022,-0.008,253.013,261.517,259.845
1780998895.797013,-11.606,-4.429,-0.022,-0.008,252.817,261.699,259.889
1780998895.8119638,-11.493,-5.0,-0.022,-0.009,252.779,261.565,260.062
1780998895.827041,-11.718,-5.286,-0.023,-0.009,252.689,261.596,260.135
1780998895.838898,-12.0,-5.357,-0.023,-0.009,252.618,261.685,260.128
1780998895.8539882,-11.549,-5.357,-0.022,-0.009,252.761,261.546,260.1
1780998895.868942,-11.268,-5.643,-0.022,-0.009,252.802,261.402,260.195
1780998895.883915,-11.775,-5.5,-0.023,-0.009,252.69,261.607,260.122
1780998895.925774,-11.775,-5.643,-0.023,-0.009,252.677,261.583,260.16
1780998895.926181,-11.775,-6.0,-0.023,-0.01,252.629,261.518,260.279
1780998895.9265122,-11.831,-5.857,-0.023,-0.009,252.647,261.569,260.207
1780998895.939884,-11.887,-6.0,-0.023,-0.01,252.615,261.561,260.252
1780998895.954956,-11.887,-6.143,-0.023,-0.01,252.597,261.532,260.301
1780998895.9661949,-12.282,-6.214,-0.023,-0.01,252.483,261.65,260.315
1780998895.981237,-11.944,-6.0,-0.023,-0.009,252.624,261.579,260.225
1780998895.996015,-12.225,-6.286,-0.023,-0.01,252.503,261.617,260.325
1780998896.0111911,-12.113,-6.143,-0.023,-0.01,252.565,261.608,260.263
1780998896.026196,-12.507,-6.214,-0.024,-0.01,252.451,261.719,260.285
1780998896.037272,-12.732,-6.071,-0.024,-0.009,252.414,261.819,260.23
1780998896.052351,-12.789,-5.786,-0.024,-0.009,252.451,261.881,260.127
1780998896.06729,-12.676,-5.857,-0.024,-0.009,252.478,261.817,260.159
1780998896.08244,-12.958,-5.857,-0.024,-0.009,252.399,261.904,260.164
1780998896.094134,-12.901,-5.357,-0.024,-0.008,252.499,261.967,259.99
1780998896.109316,-12.789,-5.214,-0.024,-0.008,252.552,261.947,259.95
1780998896.151225,-12.507,-5.429,-0.023,-0.009,252.595,261.803,260.04
1780998896.151624,-12.845,-5.571,-0.024,-0.009,252.471,261.885,260.101
1780998896.154092,-12.451,-5.143,-0.023,-0.008,252.649,261.83,259.952
1780998896.165372,-12.676,-5.071,-0.024,-0.008,252.588,261.917,259.938
1780998896.180222,-12.676,-4.857,-0.024,-0.008,252.612,261.951,259.878
1780998896.195393,-12.451,-4.571,-0.023,-0.008,252.712,261.923,259.793
1780998896.210377,-12.338,-4.357,-0.023,-0.007,252.765,261.923,259.732
1780998896.221261,-12.676,-4.429,-0.024,-0.008,252.645,262.024,259.77
1780998896.236109,-12.507,-4.429,-0.023,-0.008,252.691,261.965,259.775
1780998896.250697,-12.507,-4.429,-0.023,-0.008,252.691,261.965,259.775
1780998896.2652931,-12.507,-4.429,-0.023,-0.008,252.691,261.965,259.775
1780998896.280158,-12.507,-4.429,-0.023,-0.008,252.691,261.965,259.775
1780998896.291309,-12.507,-4.429,-0.023,-0.008,252.691,261.965,259.775
1780998896.306166,-12.507,-4.429,-0.023,-0.008,252.691,261.965,259.775
1780998896.3210611,-12.394,-2.5,-0.023,-0.005,253.024,262.295,259.089
1780998896.362933,-12.056,-2.214,-0.023,-0.004,253.143,262.22,259.029
1780998896.363277,-12.0,-1.857,-0.023,-0.004,253.176,262.257,258.958
1780998896.3635871,-11.831,-1.571,-0.023,-0.004,253.247,262.247,258.89
1780998896.377014,-11.662,-1.357,-0.022,-0.004,253.292,262.222,258.864
1780998896.391805,-11.606,-1.214,-0.022,-0.004,253.298,262.226,258.853
1780998896.406838,-11.493,-1.214,-0.022,-0.004,253.302,262.183,258.889
1780998896.418655,-11.493,-0.929,-0.022,-0.004,253.324,262.235,258.816
1780998896.433598,-11.155,-0.643,-0.022,-0.003,253.445,262.177,258.738
1780998896.448888,-11.268,-0.786,-0.022,-0.003,253.375,262.185,258.807
1780998896.463564,-11.38,-0.643,-0.022,-0.003,253.347,262.249,258.777
1780998896.478729,-11.042,-0.286,-0.022,-0.003,253.485,262.205,258.669
1780998896.489939,-11.324,-0.214,-0.022,-0.003,253.398,262.314,258.661
1780998896.504982,-10.93,-0.286,-0.022,-0.003,253.489,262.164,258.702
1780998896.519858,-10.704,-0.571,-0.021,-0.004,253.489,262.037,258.822
1780998896.5348601,-10.817,0.0,-0.022,-0.003,253.546,262.194,258.613
1780998896.5777678,-10.704,-0.214,-0.022,-0.003,253.529,262.118,258.702
1780998896.578131,-11.324,-0.357,-0.023,-0.003,253.316,262.304,258.76
1780998896.578463,-10.873,-0.357,-0.022,-0.003,253.445,262.151,258.763
1780998896.590933,-11.155,-0.429,-0.022,-0.003,253.351,262.234,258.788
1780998896.6057868,-11.268,-0.643,-0.022,-0.004,253.291,262.227,258.86
1780998896.6169221,-11.268,-0.714,-0.022,-0.004,253.284,262.213,258.881
1780998896.632062,-11.155,-0.643,-0.022,-0.004,253.334,262.186,258.851
1780998896.646981,-11.493,-1.214,-0.023,-0.005,253.145,262.19,259.055
1780998896.662092,-11.549,-1.143,-0.023,-0.004,253.154,262.227,259.01
1780998896.673989,-11.549,-1.5,-0.023,-0.005,253.106,262.162,259.125
1780998896.6889029,-11.887,-1.786,-0.023,-0.005,252.979,262.222,259.208
1780998896.7040489,-11.887,-1.714,-0.023,-0.005,253.001,262.237,259.17
1780998896.718996,-11.775,-2.143,-0.023,-0.006,252.979,262.116,259.309
1780998896.7338932,-11.887,-2.143,-0.023,-0.006,252.959,262.161,259.289
1780998896.745099,-12.113,-2.714,-0.023,-0.006,252.812,262.128,259.484
1780998896.760187,-12.113,-2.714,-0.023,-0.006,252.823,262.135,259.464
1780998896.800488,-12.056,-2.929,-0.023,-0.006,252.818,262.083,259.52
1780998896.800834,-12.225,-2.929,-0.024,-0.006,252.778,262.148,259.503
1780998896.801187,-12.282,-3.357,-0.024,-0.007,252.701,262.089,259.646
1780998896.8156369,-12.282,-3.357,-0.024,-0.007,252.701,262.089,259.646
1780998896.830423,-12.282,-3.357,-0.024,-0.007,252.701,262.089,259.646
1780998896.8454132,-12.282,-3.357,-0.024,-0.007,252.701,262.089,259.646
1780998896.86053,-12.507,-4.143,-0.024,-0.008,252.533,262.024,259.896
1780998896.871792,-12.507,-4.429,-0.024,-0.008,252.507,261.977,259.972
1780998896.886863,-12.676,-4.571,-0.024,-0.008,252.461,262.016,259.986
1780998896.901712,-12.676,-4.857,-0.024,-0.009,252.438,261.968,260.058
1780998896.916894,-12.789,-5.143,-0.024,-0.009,252.373,261.966,260.134
1780998896.928798,-12.845,-4.929,-0.024,-0.009,252.41,262.033,260.027
1780998896.943557,-12.676,-5.214,-0.024,-0.009,252.422,261.928,260.115
1780998896.958661,-12.732,-5.5,-0.024,-0.009,252.362,261.901,260.209
1780998896.97367,-12.732,-5.214,-0.024,-0.009,252.42,261.965,260.082
1780998897.0138319,-12.563,-5.286,-0.024,-0.009,252.464,261.898,260.097
1780998897.0141912,-12.62,-5.5,-0.024,-0.009,252.415,261.886,260.163
1780998897.0147882,-12.732,-5.929,-0.024,-0.01,252.312,261.85,260.315
1780998897.029721,-12.507,-6.0,-0.024,-0.01,252.37,261.773,260.324
1780998897.0447202,-12.507,-6.071,-0.024,-0.01,252.362,261.773,260.333
1780998897.059829,-12.338,-5.929,-0.024,-0.01,252.432,261.753,260.273
1780998897.070954,-12.169,-5.929,-0.023,-0.01,252.478,261.709,260.264
1780998897.085818,-12.169,-6.214,-0.023,-0.01,252.425,261.666,260.366
1780998897.1010828,-12.338,-5.857,-0.024,-0.009,252.434,261.798,260.227
1780998897.115988,-12.056,-6.071,-0.023,-0.01,252.472,261.668,260.311
1780998897.12708,-12.056,-6.0,-0.023,-0.01,252.477,261.691,260.283
1780998897.142154,-12.282,-5.714,-0.024,-0.009,252.454,261.829,260.173
1780998897.157156,-12.056,-6.0,-0.023,-0.01,252.466,261.695,260.29
1780998897.171915,-11.887,-5.571,-0.023,-0.009,252.582,261.727,260.128
1780998897.187031,-12.169,-5.429,-0.024,-0.009,252.513,261.853,260.084
1780998897.2295492,-12.056,-5.286,-0.024,-0.009,252.558,261.844,260.043
1780998897.229902,-11.887,-5.429,-0.023,-0.009,252.57,261.758,260.112
1780998897.230241,-11.718,-5.071,-0.023,-0.008,252.667,261.776,259.984
1780998897.243742,-11.606,-4.929,-0.023,-0.008,252.707,261.767,259.947
1780998897.25498,-11.437,-4.929,-0.023,-0.008,252.744,261.713,259.958
1780998897.269993,-11.606,-4.714,-0.023,-0.008,252.715,261.811,259.896
1780998897.2850182,-11.437,-4.571,-0.023,-0.008,252.77,261.781,259.863
1780998897.299973,-11.606,-4.286,-0.023,-0.008,252.753,261.892,259.776
1780998897.315051,-11.324,-4.0,-0.023,-0.007,252.871,261.849,259.684
1780998897.326325,-11.324,-3.429,-0.023,-0.006,252.946,261.959,259.495
1780998897.341331,-11.211,-3.143,-0.023,-0.006,253.004,261.971,259.419
1780998897.356482,-11.042,-2.929,-0.022,-0.006,253.064,261.95,259.373
1780998897.371298,-10.817,-2.571,-0.022,-0.005,253.161,261.94,259.274
1780998897.382529,-10.761,-2.429,-0.022,-0.005,253.172,261.946,259.257
1780998897.397343,-10.761,-2.714,-0.022,-0.006,253.108,261.889,259.382
1780998897.412374,-10.592,-1.429,-0.022,-0.004,253.344,262.077,258.943
1780998897.45342,-10.592,-1.429,-0.022,-0.004,253.316,262.067,258.983
1780998897.453853,-10.479,-1.0,-0.022,-0.004,253.394,262.104,258.863
1780998897.4542131,-10.254,-1.0,-0.022,-0.004,253.435,262.02,258.897
1780998897.469087,-10.366,-0.857,-0.022,-0.004,253.402,262.084,258.873
1780998897.4840488,-10.085,-0.5,-0.021,-0.003,253.527,262.052,258.766
1780998897.498988,-10.028,-0.357,-0.021,-0.003,253.552,262.06,258.732
1780998897.5140858,-10.197,-0.143,-0.022,-0.003,253.515,262.158,258.68
1780998897.5251908,-10.028,0.143,-0.021,-0.003,253.599,262.151,258.595
1780998897.5403168,-10.085,0.071,-0.022,-0.003,253.553,262.149,258.647
1780998897.5553558,-9.915,0.143,-0.021,-0.003,253.6,262.108,258.634
1780998897.5666618,-9.915,0.357,-0.021,-0.002,253.627,262.15,258.566
1780998897.581475,-9.746,-0.143,-0.021,-0.003,253.577,261.997,258.765
1780998897.596534,-9.972,0.286,-0.021,-0.003,253.571,262.162,258.615
1780998897.611587,-9.746,0.286,-0.021,-0.003,253.629,262.082,258.627
1780998897.623397,-9.69,0.286,-0.021,-0.003,253.635,262.068,258.633
1780998897.664331,-9.69,0.071,-0.021,-0.003,253.594,262.031,258.714
1780998897.664652,-9.296,-0.143,-0.021,-0.003,253.662,261.869,258.793
1780998897.6682692,-9.408,0.0,-0.021,-0.003,253.648,261.945,258.735
1780998897.679494,-9.408,-0.357,-0.021,-0.004,253.579,261.886,258.867
1780998897.694437,-9.183,-0.286,-0.021,-0.004,253.652,261.835,258.835
1780998897.709419,-9.352,-0.5,-0.021,-0.004,253.565,261.866,258.901
1780998897.724363,-9.465,-0.357,-0.021,-0.004,253.556,261.939,258.841
1780998897.7355509,-9.239,-0.357,-0.021,-0.004,253.624,261.87,258.832
1780998897.750744,-9.352,-0.286,-0.021,-0.003,253.605,261.929,258.797
1780998897.765753,-9.521,-0.786,-0.021,-0.004,253.471,261.892,258.979
1780998897.780679,-9.408,-0.571,-0.021,-0.004,253.542,261.9,258.894
1780998897.792017,-9.408,-0.714,-0.021,-0.004,253.517,261.879,258.941
1780998897.807304,-9.465,-0.786,-0.021,-0.004,253.492,261.891,258.957
1780998897.8218398,-9.521,-1.143,-0.021,-0.005,253.419,261.844,259.081
1780998897.836948,-9.69,-1.429,-0.021,-0.005,253.332,261.849,259.172
1780998897.879924,-9.859,-1.0,-0.022,-0.004,253.369,261.992,258.997
1780998897.8802922,-9.972,-1.5,-0.022,-0.005,253.263,261.931,259.171
1780998897.880616,-9.972,-1.571,-0.022,-0.005,253.257,261.919,259.188
1780998897.8938088,-10.197,-1.714,-0.022,-0.005,253.178,261.969,259.228
1780998897.9049978,-9.803,-1.857,-0.021,-0.005,253.282,261.807,259.268
1780998897.9201121,-10.085,-1.929,-0.022,-0.005,253.196,261.893,259.281
1780998897.934988,-10.31,-1.643,-0.022,-0.005,253.191,262.027,259.159
1780998897.95005,-10.141,-2.357,-0.022,-0.006,253.128,261.832,259.414
1780998897.961237,-10.254,-2.357,-0.022,-0.006,253.103,261.876,259.4
1780998897.9762938,-10.535,-2.571,-0.023,-0.006,253.001,261.931,259.461
1780998897.9911811,-10.254,-2.357,-0.022,-0.006,253.132,261.879,259.365
1780998898.0062249,-10.479,-2.571,-0.022,-0.006,253.039,261.915,259.434
1780998898.0212328,-10.479,-3.214,-0.022,-0.007,252.942,261.79,259.662
1780998898.032659,-10.873,-2.929,-0.023,-0.007,252.883,261.983,259.543
1780998898.048146,-10.648,-2.857,-0.023,-0.006,252.969,261.918,259.509
1780998898.063214,-10.704,-2.786,-0.023,-0.006,252.971,261.953,259.474
1780998898.10689,-10.761,-3.071,-0.023,-0.007,252.913,261.917,259.573
1780998898.1073081,-11.099,-3.143,-0.023,-0.007,252.816,262.015,259.588
1780998898.107661,-10.761,-3.571,-0.023,-0.007,252.854,261.818,259.734
1780998898.119199,-11.155,-3.429,-0.023,-0.007,252.773,261.983,259.666
1780998898.13417,-10.986,-3.786,-0.023,-0.008,252.768,261.858,259.792
1780998898.149098,-10.986,-3.786,-0.023,-0.008,252.78,261.861,259.775
1780998898.160165,-11.324,-3.786,-0.023,-0.008,252.692,261.974,259.766
1780998898.1751308,-11.268,-3.786,-0.023,-0.007,252.717,261.954,259.757
1780998898.1902442,-11.099,-3.857,-0.023,-0.008,252.759,261.885,259.776
1780998898.2051,-11.324,-4.143,-0.023,-0.008,252.652,261.905,259.876
1780998898.220151,-11.268,-4.071,-0.023,-0.008,252.686,261.902,259.841
1780998898.231411,-11.437,-4.214,-0.024,-0.008,252.621,261.933,259.885
1780998898.246474,-11.268,-4.357,-0.023,-0.008,252.655,261.851,259.926
1780998898.261356,-11.437,-4.071,-0.024,-0.008,252.657,261.966,259.812
1780998898.276384,-11.549,-4.286,-0.024,-0.008,252.59,261.961,259.893
1780998898.3184881,-11.324,-4.143,-0.023,-0.008,252.68,261.912,259.839
1780998898.318857,-11.437,-4.143,-0.024,-0.008,252.646,261.95,259.84
1780998898.319177,-11.606,-3.857,-0.024,-0.007,252.642,262.062,259.738
1780998898.332444,-11.38,-3.714,-0.023,-0.007,252.725,262.012,259.691
1780998898.347966,-11.775,-3.5,-0.024,-0.007,252.642,262.183,259.622
1780998898.35917,-11.775,-3.571,-0.024,-0.007,252.626,262.161,259.66
1780998898.3741848,-11.493,-3.286,-0.024,-0.007,252.749,262.114,259.568
1780998898.3891819,-11.437,-3.286,-0.024,-0.007,252.752,262.097,259.58
1780998898.404275,-11.324,-3.357,-0.023,-0.007,252.767,262.039,259.619
1780998898.4155269,-11.38,-3.0,-0.023,-0.006,252.801,262.125,259.499
1780998898.4306161,-11.493,-3.0,-0.024,-0.006,252.758,262.164,259.51
1780998898.445647,-11.549,-3.143,-0.024,-0.007,252.712,262.15,259.575
1780998898.460536,-11.155,-3.0,-0.023,-0.007,252.844,262.044,259.529
1780998898.475569,-11.155,-2.857,-0.023,-0.006,252.859,262.071,259.486
1780998898.4869099,-11.211,-2.857,-0.023,-0.006,252.836,262.089,259.494
1780998898.501945,-11.155,-2.571,-0.023,-0.006,252.893,262.126,259.396
1780998898.5458229,-12.62,-32.143,-0.026,-0.052,247.778,257.055,271.772
1780998898.546177,-10.986,-34.286,-0.023,-0.052,248.194,256.515,271.863
1780998898.54721,-8.845,-65.857,-0.02,-0.097,244.443,251.072,289.545
1780998898.55894,-14.141,-43.0,-0.028,-0.058,246.854,256.903,273.461
1780998898.5739572,-11.099,-53.857,-0.023,-0.074,246.1,254.156,279.102
1780998898.589043,-25.746,8.643,-0.046,0.025,251.971,271.803,252.523
1780998898.6037009,-5.408,-13.786,-0.014,-0.012,254.029,259.343,260.877
1780998898.6149042,-5.07,-8.286,-0.013,-0.004,254.925,260.256,258.978
