Timestamp,x_err,y_err,x_out,y_out,a_theta,b_theta,c_theta
1780999087.9951181,0.0,0.0,0.0,0.0,258.008,258.008,258.008
1780999088.029888,0.0,0.0,0.0,0.0,258.008,258.008,258.008
1780999088.03015,0.0,0.0,0.0,0.0,258.008,258.008,258.008
1780999088.036889,0.0,0.0,0.0,0.0,258.008,258.008,258.008
1780999088.051983,0.0,0.0,0.0,0.0,258.008,258.008,258.008
1780999088.063185,0.0,0.0,0.0,0.0,258.008,258.008,258.008
1780999088.078351,0.0,0.0,0.0,0.0,258.008,258.008,258.008
1780999088.089691,0.0,0.0,0.0,0.0,258.008,258.008,258.008
1780999088.1049001,0.0,0.0,0.0,0.0,258.008,258.008,258.008
1780999088.166229,0.0,0.0,0.0,0.0,258.008,258.008,258.008
1780999088.1664808,0.0,0.0,0.0,0.0,258.008,258.008,258.008
1780999088.1667142,0.0,0.0,0.0,0.0,258.008,258.008,258.008
1780999088.166944,0.0,0.0,0.0,0.0,258.008,258.008,258.008
1780999088.1736908,0.0,0.0,0.0,0.0,258.008,258.008,258.008
1780999088.188385,0.0,0.0,0.0,0.0,258.008,258.008,258.008
1780999088.199221,0.0,0.0,0.0,0.0,258.008,258.008,258.008
1780999088.214262,0.0,0.0,0.0,0.0,258.008,258.008,258.008
1780999088.2442849,0.0,0.0,0.0,0.0,258.008,258.008,258.008
1780999088.244562,0.0,0.0,0.0,0.0,258.008,258.008,258.008
1780999088.2544441,0.0,0.0,0.0,0.0,258.008,258.008,258.008
1780999088.269191,0.0,0.0,0.0,0.0,258.008,258.008,258.008
1780999088.2801762,0.0,0.0,0.0,0.0,258.008,258.008,258.008
1780999088.2947588,0.0,0.0,0.0,0.0,258.008,258.008,258.008
1780999088.30623,0.0,0.0,0.0,0.0,258.008,258.008,258.008
1780999088.320313,0.0,0.0,0.0,0.0,258.008,258.008,258.008
1780999088.3351018,0.0,0.0,0.0,0.0,258.008,258.008,258.008
1780999088.346529,0.0,0.0,0.0,0.0,258.008,258.008,258.008
1780999088.361301,0.0,0.0,0.0,0.0,258.008,258.008,258.008
1780999088.3754292,0.0,0.0,0.0,0.0,258.008,258.008,258.008
1780999088.38714,0.0,0.0,0.0,0.0,258.008,258.008,258.008
1780999088.4017081,0.0,0.0,0.0,0.0,258.008,258.008,258.008
1780999088.412662,0.0,0.0,0.0,0.0,258.008,258.008,258.008
1780999088.4273002,0.0,0.0,0.0,0.0,258.008,258.008,258.008
1780999088.4560971,0.0,0.0,0.0,0.0,258.008,258.008,258.008
1780999088.456515,0.0,0.0,0.0,0.0,258.008,258.008,258.008
1780999088.467722,0.0,0.0,0.0,0.0,258.008,258.008,258.008
1780999088.4823549,0.0,0.0,0.0,0.0,258.008,258.008,258.008
1780999088.493418,0.0,0.0,0.0,0.0,258.008,258.008,258.008
1780999088.5079522,0.0,0.0,0.0,0.0,258.008,258.008,258.008
1780999088.518976,0.0,0.0,0.0,0.0,258.008,258.008,258.008
1780999088.533739,0.0,0.0,0.0,0.0,258.008,258.008,258.008
1780999088.54838,0.0,0.0,0.0,0.0,258.008,258.008,258.008
1780999088.5594282,0.0,0.0,0.0,0.0,258.008,258.008,258.008
1780999088.574257,0.0,0.0,0.0,0.0,258.008,258.008,258.008
1780999088.589089,0.0,0.0,0.0,0.0,258.008,258.008,258.008
1780999088.600138,0.0,0.0,0.0,0.0,258.008,258.008,258.008
1780999088.61455,0.0,0.0,0.0,0.0,258.008,258.008,258.008
1780999088.625643,0.0,0.0,0.0,0.0,258.008,258.008,258.008
1780999088.640213,0.0,0.0,0.0,0.0,258.008,258.008,258.008
1780999088.677923,0.0,0.0,0.0,0.0,258.008,258.008,258.008
1780999088.678244,0.0,0.0,0.0,0.0,258.008,258.008,258.008
1780999088.681234,0.0,0.0,0.0,0.0,258.008,258.008,258.008
1780999088.695543,0.0,0.0,0.0,0.0,258.008,258.008,258.008
1780999088.7069252,0.0,0.0,0.0,0.0,258.008,258.008,258.008
1780999088.721508,0.0,0.0,0.0,0.0,258.008,258.008,258.008
1780999088.7326221,0.0,0.0,0.0,0.0,258.008,258.008,258.008
1780999088.7472289,0.0,0.0,0.0,0.0,258.008,258.008,258.008
1780999088.761996,0.0,0.0,0.0,0.0,258.008,258.008,258.008
1780999088.7731378,0.0,0.0,0.0,0.0,258.008,258.008,258.008
1780999088.787788,0.0,0.0,0.0,0.0,258.008,258.008,258.008
1780999088.80259,0.0,0.0,0.0,0.0,258.008,258.008,258.008
1780999088.813511,0.0,0.0,0.0,0.0,258.008,258.008,258.008
1780999088.828355,0.0,0.0,0.0,0.0,258.008,258.008,258.008
1780999088.843433,66.085,5.286,0.073,0.006,276.228,245.495,256.61
1780999088.854774,66.085,4.929,0.073,0.005,276.144,245.439,256.731
1780999088.892871,65.915,4.143,0.073,0.004,275.883,245.362,256.993
1780999088.893335,65.803,3.214,0.072,0.003,275.632,245.257,257.285
1780999088.8965619,66.31,3.643,0.073,0.004,276.016,245.196,257.103
1780999088.9112132,66.31,3.643,0.073,0.004,276.016,245.196,257.103
1780999088.922248,66.31,3.643,0.073,0.004,276.016,245.196,257.103
1780999088.9371011,66.31,3.643,0.073,0.004,276.016,245.196,257.103
1780999088.951927,63.718,3.643,0.069,0.004,274.848,245.861,257.101
1780999088.9629812,60.732,3.786,0.065,0.004,273.612,246.636,257.05
1780999088.977952,58.31,4.0,0.061,0.004,272.701,247.261,256.974
1780999088.992922,54.761,3.643,0.056,0.004,271.33,248.025,257.101
1780999089.004274,54.028,3.286,0.056,0.003,271.063,248.094,257.222
1780999089.019209,50.761,4.357,0.052,0.005,270.242,248.981,256.838
1780999089.034188,48.676,5.643,0.05,0.007,270.058,249.495,256.403
1780999089.045474,47.549,5.786,0.049,0.007,269.85,249.657,256.382
1780999089.0605922,45.239,6.429,0.046,0.008,269.282,250.226,256.191
1780999089.075443,42.817,7.643,0.044,0.009,268.9,250.832,255.828
1780999089.113626,39.549,7.571,0.04,0.009,267.908,251.474,255.915
1780999089.113974,36.056,7.857,0.035,0.009,266.756,252.419,255.837
1780999089.117159,34.986,7.5,0.034,0.009,266.406,252.555,255.979
1780999089.128294,29.69,7.429,0.027,0.009,264.731,253.844,256.032
1780999089.143329,25.915,7.214,0.022,0.008,263.658,254.654,256.122
1780999089.158338,22.028,6.929,0.017,0.008,262.589,255.475,256.228
1780999089.169515,20.507,7.429,0.016,0.009,262.333,255.873,256.056
1780999089.1844962,17.07,7.143,0.012,0.008,261.445,256.567,256.164
1780999089.199489,13.859,7.5,0.008,0.009,260.774,257.312,256.043
1780999089.211531,8.62,7.429,0.003,0.008,259.531,258.466,256.082
1780999089.226248,7.437,7.429,0.002,0.008,259.305,258.685,256.086
1780999089.237473,2.535,7.357,-0.004,0.008,258.192,259.776,256.115
1780999089.252606,-0.056,7.214,-0.006,0.008,257.647,260.288,256.165
1780999089.2673888,-5.352,6.071,-0.013,0.006,256.255,261.349,256.563
1780999089.282492,-6.986,6.929,-0.014,0.008,256.057,261.911,256.25
1780999089.293895,-12.225,6.643,-0.02,0.007,254.913,263.111,256.337
1780999089.333567,-15.887,5.714,-0.024,0.006,254.093,263.73,256.638
1780999089.3339431,-19.549,5.286,-0.027,0.005,253.341,264.499,256.757
1780999089.334599,-21.803,5.357,-0.03,0.006,252.953,265.038,256.705
1780999089.3497448,-24.225,5.0,-0.032,0.005,252.437,265.563,256.807
1780999089.364373,-27.324,4.429,-0.036,0.004,251.707,266.295,256.979
1780999089.379597,-31.718,4.071,-0.042,0.004,250.543,267.716,257.084
1780999089.390594,-33.521,3.286,-0.043,0.003,250.2,267.886,257.327
1780999089.40632,-36.901,3.429,-0.048,0.003,249.43,269.061,257.248
1780999089.420465,-40.0,3.357,-0.05,0.003,248.997,269.729,257.214
1780999089.432477,-40.0,3.357,-0.05,0.003,248.997,269.729,257.214
1780999089.447232,-45.521,1.929,-0.057,0.001,247.716,271.087,257.64
1780999089.462293,-46.254,1.071,-0.057,0.0,247.523,271.009,257.926
1780999089.4770749,-49.07,0.571,-0.06,-0.0,246.968,271.716,258.04
1780999089.488399,-50.873,0.143,-0.062,-0.001,246.675,272.06,258.13
1780999089.503485,-53.296,-0.714,-0.064,-0.002,246.149,272.568,258.379
1780999089.518191,-54.648,-0.714,-0.065,-0.002,246.011,272.87,258.323
1780999089.55685,-56.169,-1.429,-0.067,-0.003,245.712,273.086,258.525
1780999089.557311,-57.239,-1.571,-0.067,-0.003,245.598,273.279,258.522
1780999089.5591471,-58.197,-2.357,-0.068,-0.004,245.398,273.287,258.759
1780999089.574035,-58.873,-2.571,-0.068,-0.004,245.405,273.271,258.762
1780999089.588759,-58.873,-2.571,-0.068,-0.004,245.405,273.271,258.762
1780999089.603776,-58.873,-2.571,-0.068,-0.004,245.405,273.271,258.762
1780999089.614645,-60.113,-5.0,-0.069,-0.007,244.868,273.052,259.586
1780999089.629833,-59.493,-5.714,-0.068,-0.008,245.046,272.505,259.776
1780999089.6448882,-59.493,-5.929,-0.067,-0.008,245.152,272.367,259.75
1780999089.659751,-59.324,-6.5,-0.066,-0.008,245.207,272.12,259.869
1780999089.674855,-58.592,-6.857,-0.065,-0.009,245.391,271.723,259.948
1780999089.686684,-57.296,-7.357,-0.063,-0.009,245.692,271.114,260.052
1780999089.701679,-56.789,-7.429,-0.062,-0.009,245.816,270.912,260.057
1780999089.716465,-54.873,-8.357,-0.059,-0.01,246.168,269.985,260.368
1780999089.731284,-53.803,-8.0,-0.058,-0.009,246.477,269.737,260.188
1780999089.7710211,-51.606,-8.071,-0.055,-0.009,246.992,268.976,260.184
1780999089.771414,-49.972,-8.143,-0.053,-0.009,247.312,268.522,260.174
1780999089.772507,-47.887,-8.143,-0.051,-0.009,247.754,267.925,260.141
1780999089.7874749,-46.366,-8.0,-0.048,-0.009,248.138,267.451,260.083
1780999089.8025012,-45.239,-8.643,-0.047,-0.01,248.243,267.043,260.312
1780999089.813909,-42.085,-8.429,-0.043,-0.01,249.018,266.091,260.219
1780999089.828626,-39.042,-8.143,-0.039,-0.009,249.686,265.338,260.1
1780999089.843578,-36.394,-8.0,-0.036,-0.009,250.285,264.619,260.049
1780999089.858597,-33.296,-7.5,-0.032,-0.008,251.053,263.84,259.873
1780999089.8697898,-31.662,-6.857,-0.031,-0.007,251.428,263.614,259.652
1780999089.884866,-28.845,-6.357,-0.028,-0.006,252.027,263.043,259.502
1780999089.8999732,-25.69,-5.929,-0.024,-0.006,252.723,262.337,259.384
1780999089.9148228,-22.648,-5.214,-0.021,-0.005,253.437,261.732,259.168
1780999089.929485,-19.549,-4.571,-0.017,-0.004,254.165,261.095,258.984
1780999089.941416,-19.549,-4.571,-0.017,-0.004,254.165,261.095,258.984
1780999089.956324,-14.592,-3.214,-0.011,-0.002,255.672,259.896,258.538
1780999089.9948092,-10.873,-2.214,-0.005,-0.001,256.843,258.998,258.204
1780999089.995183,-8.958,-1.214,-0.004,0.0,257.296,258.822,257.917
1780999089.997113,-4.507,-0.5,0.001,0.001,258.341,257.908,257.777
1780999090.012249,-1.465,0.571,0.004,0.002,259.185,257.39,257.468
1780999090.027431,1.07,1.143,0.007,0.003,259.797,256.933,257.337
1780999090.038497,4.169,1.857,0.01,0.004,260.484,256.428,257.194
1780999090.053447,7.437,3.214,0.014,0.005,261.534,255.871,256.782
1780999090.068408,9.577,4.214,0.017,0.007,262.29,255.503,256.468
1780999090.079573,11.437,4.571,0.019,0.007,262.822,255.114,256.388
1780999090.09454,15.268,5.571,0.023,0.008,263.985,254.372,256.127
1780999090.106571,18.085,6.429,0.026,0.009,264.607,254.016,255.96
1780999090.1215549,20.676,7.214,0.029,0.01,265.35,253.596,255.767
1780999090.1355782,22.704,7.357,0.03,0.01,265.776,253.228,255.793
1780999090.147393,23.38,7.786,0.031,0.01,265.954,253.197,255.678
1780999090.1624,26.31,8.786,0.034,0.011,266.922,252.704,255.403
1780999090.177193,29.296,9.5,0.038,0.012,268.039,252.06,255.191
1780999090.21682,31.437,9.643,0.04,0.012,268.534,251.67,255.217
1780999090.2171872,33.07,10.714,0.042,0.014,269.232,251.48,254.882
1780999090.2181828,34.93,11.143,0.044,0.014,269.697,251.211,254.816
1780999090.22937,35.944,11.571,0.044,0.014,269.859,251.169,254.74
1780999090.244469,37.352,11.929,0.045,0.015,270.059,251.059,254.708
1780999090.259356,38.704,11.786,0.046,0.014,270.194,250.846,254.834
1780999090.274464,39.549,12.0,0.046,0.014,270.274,250.805,254.818
1780999090.286324,40.507,12.071,0.047,0.014,270.427,250.686,254.831
1780999090.301331,41.239,11.857,0.048,0.014,270.526,250.528,254.927
1780999090.316576,41.69,11.929,0.048,0.014,270.545,250.518,254.924
1780999090.327808,42.028,11.357,0.048,0.013,270.406,250.424,255.126
1780999090.3426182,42.197,10.857,0.048,0.012,270.259,250.374,255.289
1780999090.357673,42.141,10.643,0.047,0.012,270.141,250.4,255.349
1780999090.368983,41.746,9.857,0.046,0.011,269.766,250.437,255.592
1780999090.384054,41.296,8.929,0.046,0.009,269.378,250.453,255.87
1780999090.3990872,40.451,7.357,0.044,0.007,268.737,250.466,256.353
1780999090.43967,39.38,6.357,0.043,0.006,268.189,250.621,256.617
1780999090.440096,38.479,5.357,0.041,0.005,267.703,250.712,256.908
1780999090.4404202,37.296,4.643,0.04,0.004,267.237,250.912,257.068
1780999090.451859,36.056,3.786,0.038,0.003,266.64,251.111,257.343
1780999090.466822,34.986,2.286,0.037,0.001,266.114,251.132,257.763
1780999090.481855,34.592,2.0,0.037,0.001,265.975,251.183,257.825
1780999090.493164,32.845,0.929,0.034,-0.0,265.321,251.455,258.087
1780999090.50827,31.606,-0.5,0.033,-0.002,264.791,251.521,258.48
1780999090.523381,29.521,-2.643,0.03,-0.005,263.829,251.701,259.143
1780999090.534456,28.563,-2.214,0.029,-0.004,263.737,252.003,258.889
1780999090.549366,27.042,-2.5,0.028,-0.004,263.311,252.326,258.919
1780999090.5641978,24.225,-4.357,0.024,-0.006,262.148,252.762,259.521
1780999090.57916,21.296,-4.0,0.019,-0.006,261.333,253.624,259.346
1780999090.590338,19.606,-5.929,0.018,-0.008,260.636,253.665,259.979
1780999090.605331,17.69,-6.571,0.016,-0.009,260.118,253.996,260.127
1780999090.620406,14.873,-6.714,0.012,-0.009,259.512,254.618,260.049
1780999090.6606238,12.789,-7.786,0.01,-0.01,258.959,254.862,260.345
1780999090.660985,10.254,-8.286,0.008,-0.01,258.362,255.346,260.43
1780999090.662186,7.718,-8.643,0.005,-0.011,257.703,255.913,260.502
1780999090.676975,6.986,-9.071,0.004,-0.011,257.498,255.989,260.635
1780999090.6880682,3.493,-9.571,-0.0,-0.011,256.644,256.741,260.735
1780999090.703033,0.62,-10.0,-0.004,-0.012,255.91,257.387,260.839
1780999090.717951,-1.465,-10.0,-0.007,-0.012,255.39,257.951,260.812
1780999090.733133,-4.225,-10.286,-0.01,-0.012,254.751,258.568,260.871
1780999090.744221,-7.324,-10.571,-0.013,-0.012,254.122,259.199,260.92
1780999090.7593899,-8.845,-10.857,-0.014,-0.013,253.839,259.437,260.994
1780999090.774166,-12.169,-10.429,-0.018,-0.012,253.249,260.295,260.788
1780999090.789022,-13.915,-10.143,-0.02,-0.011,252.981,260.728,260.659
1780999090.8038669,-17.239,-9.929,-0.024,-0.011,252.246,261.666,260.57
1780999090.8152142,-18.085,-9.286,-0.025,-0.01,252.208,261.962,260.326
1780999090.8304682,-21.239,-8.857,-0.029,-0.009,251.579,262.871,260.176
1780999090.845243,-23.944,-8.143,-0.032,-0.008,251.129,263.684,259.93
1780999090.8876421,-26.93,-7.571,-0.035,-0.008,250.652,264.459,259.767
1780999090.88799,-28.394,-6.286,-0.036,-0.006,250.687,264.874,259.351
1780999090.888326,-30.423,-5.286,-0.037,-0.005,250.488,265.464,259.054
1780999090.901838,-32.62,-4.429,-0.04,-0.003,250.139,266.223,258.79
1780999090.916785,-33.296,-4.071,-0.04,-0.003,250.129,266.318,258.719
1780999090.931644,-33.296,-4.071,-0.04,-0.003,250.129,266.318,258.719
1780999090.9427898,-36.169,-2.143,-0.044,-0.001,249.808,267.458,258.121
1780999090.9579132,-38.028,-1.643,-0.046,-0.0,249.483,268.033,258.016
1780999090.972862,-39.324,-0.857,-0.047,0.001,249.398,268.368,257.841
1780999090.987919,-40.225,-0.143,-0.048,0.002,249.308,268.773,257.616
1780999090.999138,-41.577,1.0,-0.049,0.003,249.237,269.245,257.322
1780999091.014337,-42.254,1.571,-0.049,0.003,249.247,269.351,257.227
1780999091.028903,-43.493,2.857,-0.05,0.005,249.191,269.881,256.878
1780999091.0438132,-43.718,3.429,-0.05,0.006,249.241,270.025,256.711
1780999091.055146,-44.451,4.357,-0.051,0.007,249.223,270.377,256.463
1780999091.070187,-44.563,5.214,-0.051,0.007,249.372,270.411,256.272
1780999091.1027,-44.845,5.286,-0.051,0.007,249.334,270.373,256.342
1780999091.103044,-44.845,5.786,-0.05,0.008,249.43,270.36,256.246
1780999091.1117032,-44.563,6.429,-0.05,0.008,249.608,270.302,256.093
1780999091.126673,-44.394,6.571,-0.049,0.008,249.67,270.217,256.088
1780999091.141747,-43.944,7.071,-0.049,0.009,249.853,270.104,255.973
1780999091.1528268,-43.211,7.571,-0.048,0.009,250.11,269.911,255.837
1780999091.167823,-41.746,7.714,-0.045,0.009,250.475,269.364,255.857
1780999091.1830752,-41.183,8.429,-0.045,0.01,250.72,269.319,255.626
1780999091.194219,-40.394,8.214,-0.044,0.01,250.841,269.001,255.74
1780999091.20929,-39.155,8.357,-0.042,0.01,251.12,268.626,255.73
1780999091.224295,-37.69,7.286,-0.04,0.008,251.27,267.909,256.134
1780999091.239861,-36.732,7.571,-0.039,0.009,251.553,267.652,256.034
1780999091.2502131,-35.887,8.0,-0.038,0.009,251.785,267.523,255.89
1780999091.265343,-33.915,7.571,-0.035,0.009,252.234,266.738,256.047
1780999091.280315,-32.282,7.357,-0.033,0.008,252.566,266.217,256.123
1780999091.292278,-30.028,7.071,-0.031,0.008,253.006,265.557,256.208
1780999091.326087,-28.113,6.714,-0.028,0.007,253.385,264.946,256.327
1780999091.326429,-26.704,6.5,-0.027,0.007,253.638,264.563,256.39
1780999091.3369431,-25.296,6.286,-0.025,0.007,253.897,264.176,256.453
1780999091.348052,-22.592,6.0,-0.022,0.006,254.457,263.422,256.532
1780999091.3632908,-20.225,5.143,-0.019,0.005,254.828,262.7,256.79
1780999091.3780851,-17.915,4.429,-0.017,0.004,255.209,262.03,257.004
1780999091.389409,-16.563,4.357,-0.015,0.004,255.478,261.734,256.998
1780999091.4043589,-14.197,3.857,-0.013,0.004,255.918,261.105,257.131
1780999091.419213,-12.338,3.571,-0.011,0.003,256.306,260.603,257.205
1780999091.434186,-9.465,2.214,-0.007,0.002,256.812,259.59,257.658
1780999091.445566,-7.718,2.429,-0.005,0.002,257.24,259.27,257.536
1780999091.4605298,-5.014,1.929,-0.002,0.001,257.836,258.517,257.675
1780999091.475672,-2.479,1.357,0.001,0.001,258.287,257.919,257.82
1780999091.4873102,0.056,1.071,0.004,0.001,258.809,257.366,257.859
1780999091.502347,2.423,0.643,0.006,0.0,259.258,256.833,257.96
1780999091.5174248,3.887,0.143,0.008,-0.0,259.486,256.473,258.106
1780999091.557742,6.197,0.071,0.01,-0.0,260.003,256.015,258.076
1780999091.558134,7.718,-0.5,0.012,-0.001,260.249,255.62,258.249
1780999091.5584488,10.817,-0.786,0.015,-0.001,260.989,254.9,258.298
1780999091.5694468,12.282,-1.286,0.017,-0.002,261.301,254.464,258.464
1780999091.584383,14.423,-1.357,0.019,-0.002,261.763,254.079,258.441
1780999091.599371,16.394,-1.643,0.021,-0.002,262.139,253.692,258.506
1780999091.611279,17.859,-1.071,0.023,-0.001,262.599,253.51,258.275
1780999091.6262798,20.225,-1.857,0.025,-0.002,263.022,252.92,258.528
1780999091.6414,-60.845,39.857,-0.102,0.063,246.137,309.6,244.964
1780999091.6561751,22.817,-1.929,0.032,-0.004,264.211,251.59,258.922
1780999091.667296,23.099,-2.786,0.031,-0.005,264.004,251.521,259.188
1780999091.682341,26.141,-4.571,0.035,-0.008,264.592,250.528,259.79
1780999091.697183,26.535,-4.429,0.035,-0.007,264.519,250.739,259.611
1780999091.7122,27.437,-4.286,0.035,-0.006,264.664,250.759,259.458
1780999091.723278,28.958,-5.0,0.036,-0.007,264.864,250.447,259.638
1780999091.738273,29.803,-4.214,0.036,-0.005,265.075,250.622,259.246
1780999091.77706,30.817,-4.071,0.037,-0.005,265.253,250.584,259.13
1780999091.777469,31.211,-3.714,0.037,-0.004,265.343,250.654,258.971
1780999091.779237,31.775,-2.857,0.037,-0.003,265.61,250.73,258.649
1780999091.794167,32.282,-2.143,0.037,-0.002,265.773,250.822,258.403
1780999091.8091788,32.676,-1.286,0.037,-0.001,265.949,250.931,258.129
1780999091.820412,32.394,0.0,0.036,0.001,265.991,251.266,257.72
1780999091.835326,32.338,0.714,0.036,0.002,266.05,251.411,257.509
1780999091.850552,32.282,0.857,0.036,0.002,265.971,251.46,257.522
1780999091.8622642,31.662,1.0,0.035,0.002,265.719,251.652,257.527
1780999091.877389,30.986,1.643,0.034,0.003,265.589,251.933,257.33
1780999091.892128,30.479,1.214,0.033,0.002,265.312,251.981,257.516
1780999091.903421,29.634,1.429,0.032,0.002,265.064,252.227,257.461
1780999091.9184582,28.394,1.929,0.03,0.003,264.764,252.596,257.323
1780999091.929618,27.042,1.643,0.028,0.002,264.287,252.859,257.456
1780999091.944787,26.197,1.857,0.027,0.003,264.061,253.108,257.387
1780999091.9594948,25.183,2.286,0.026,0.003,263.858,253.403,257.253
1780999091.999962,23.324,3.143,0.023,0.004,263.461,253.997,256.976
1780999092.000303,22.366,3.5,0.022,0.005,263.28,254.236,256.887
1780999092.0010948,21.183,4.0,0.021,0.006,263.012,254.618,256.728
1780999092.012366,19.944,4.5,0.019,0.006,262.778,254.948,256.598
1780999092.027539,18.31,5.071,0.017,0.007,262.473,255.348,256.46
1780999092.0425768,16.056,4.857,0.015,0.006,261.818,255.804,256.589
1780999092.05374,14.93,5.214,0.014,0.007,261.615,256.087,256.489
1780999092.068761,13.014,4.857,0.011,0.006,261.065,256.426,256.654
1780999092.083963,11.099,5.357,0.009,0.007,260.692,256.918,256.508
1780999092.0950348,9.014,5.5,0.007,0.007,260.207,257.399,256.484
1780999092.110074,8.507,5.786,0.006,0.007,260.153,257.545,256.391
1780999092.125046,5.296,5.429,0.002,0.006,259.24,258.276,256.542
1780999092.136907,4.169,5.571,0.002,0.007,259.104,258.452,256.5
1780999092.1518478,2.93,5.429,0.0,0.006,258.8,258.699,256.554
1780999092.16331,0.62,5.429,-0.002,0.006,258.249,259.248,256.559
1780999092.178431,-1.352,5.0,-0.005,0.006,257.683,259.671,256.71
1780999092.218633,-3.775,5.071,-0.008,0.006,257.145,260.267,256.678
1780999092.2190132,-5.577,5.0,-0.009,0.006,256.779,260.629,256.704
1780999092.219378,-7.211,5.0,-0.011,0.006,256.412,261.031,256.699
1780999092.234118,-9.014,5.0,-0.013,0.006,256.064,261.428,256.683
1780999092.249352,-11.437,4.643,-0.016,0.005,255.467,261.964,256.8
1780999092.2604349,-13.577,4.286,-0.018,0.005,254.961,262.416,256.909
1780999092.2762089,-14.535,4.214,-0.019,0.005,254.794,262.593,256.921
1780999092.291115,-16.676,4.143,-0.022,0.005,254.338,263.12,256.923
1780999092.306286,-17.859,3.571,-0.023,0.004,254.017,263.287,257.11
1780999092.3173492,-20.225,3.5,-0.026,0.004,253.509,263.895,257.107
1780999092.332355,-21.07,3.714,-0.027,0.004,253.361,264.169,257.023
1780999092.347373,-23.155,3.214,-0.029,0.004,252.809,264.657,257.187
1780999092.3585558,-23.549,3.143,-0.029,0.003,252.751,264.708,257.204
1780999092.373344,-26.254,2.357,-0.033,0.002,251.998,265.354,257.461
1780999092.388195,-26.254,2.357,-0.033,0.002,251.998,265.354,257.461
1780999092.40299,-28.958,2.429,-0.037,0.002,251.324,266.272,257.417
1780999092.442809,-29.577,2.5,-0.037,0.003,251.334,266.323,257.363
1780999092.443236,-31.155,1.357,-0.039,0.001,250.788,266.57,257.76
1780999092.443935,-39.324,1.357,-0.05,0.001,248.8,269.415,257.685
1780999092.4549031,-32.507,1.0,-0.039,0.001,250.726,266.587,257.815
1780999092.470003,-33.521,0.357,-0.04,-0.0,250.404,266.763,258.028
1780999092.48497,-34.93,0.071,-0.042,-0.0,250.165,267.038,258.066
1780999092.499854,-35.38,-0.429,-0.042,-0.001,250.075,266.99,258.208
1780999092.511627,-35.718,0.143,-0.042,0.0,250.216,267.109,257.949
1780999092.5267258,-35.944,-0.643,-0.041,-0.001,250.143,266.914,258.197
1780999092.54168,-36.394,-0.929,-0.042,-0.001,250.038,266.964,258.273
1780999092.556601,-36.507,-1.071,-0.042,-0.001,250.062,266.916,258.286
1780999092.571639,-36.507,-1.571,-0.041,-0.002,250.041,266.769,258.434
1780999092.582952,-36.225,-1.643,-0.041,-0.002,250.154,266.626,258.427
1780999092.5980601,-36.056,-1.5,-0.04,-0.002,250.25,266.593,258.346
1780999092.613156,-35.493,-1.786,-0.04,-0.002,250.374,266.336,258.425
1780999092.652412,-35.155,-2.357,-0.039,-0.003,250.378,266.105,258.62
1780999092.652843,-34.197,-1.786,-0.038,-0.002,250.728,265.901,258.398
1780999092.653766,-33.127,-2.214,-0.036,-0.002,250.921,265.486,258.541
1780999092.6688828,-32.958,-2.643,-0.036,-0.003,250.872,265.388,258.683
1780999092.684215,-32.0,-2.5,-0.035,-0.003,251.131,265.133,258.615
1780999092.6990469,-30.423,-2.214,-0.033,-0.002,251.55,264.734,258.497
1780999092.710314,-29.746,-2.929,-0.032,-0.003,251.574,264.419,258.752
1780999092.725132,-29.183,-2.357,-0.031,-0.002,251.775,264.413,258.532
1780999092.740138,-27.042,-2.643,-0.029,-0.003,252.239,263.728,258.634
1780999092.755135,-26.254,-2.429,-0.028,-0.002,252.43,263.586,258.551
1780999092.767115,-24.169,-2.214,-0.025,-0.002,252.979,263.01,258.475
1780999092.781937,-22.423,-2.143,-0.023,-0.002,253.355,262.582,258.459
1780999092.797172,-20.676,-1.429,-0.021,-0.001,253.882,262.242,258.206
1780999092.8120708,-19.831,-1.929,-0.02,-0.002,253.987,261.915,258.396
1780999092.827105,-17.859,-1.786,-0.018,-0.002,254.42,261.468,258.354
1780999092.8676102,-16.282,-1.571,-0.016,-0.001,254.755,261.166,258.284
1780999092.8680031,-14.592,-1.071,-0.014,-0.0,255.168,260.88,258.119
1780999092.868361,-12.394,-1.214,-0.011,-0.001,255.69,260.24,258.185
1780999092.8829,-10.592,-1.286,-0.009,-0.001,256.03,259.825,258.232
1780999092.8941429,-9.521,-0.929,-0.008,-0.0,256.292,259.667,258.115
1780999092.909235,-7.493,-0.429,-0.006,0.0,256.868,259.233,257.948
1780999092.924094,-5.634,0.071,-0.004,0.001,257.327,258.918,257.792
1780999092.939164,-3.887,0.357,-0.002,0.001,257.778,258.537,257.714
1780999092.9504058,-2.085,0.357,-0.0,0.001,258.122,258.154,257.75
1780999092.9661598,-0.282,0.214,0.002,0.001,258.521,257.683,257.825
1780999092.9804401,1.577,0.857,0.004,0.002,259.012,257.404,257.622
1780999092.9923599,3.211,1.214,0.006,0.002,259.46,257.077,257.515
1780999093.0072901,5.183,1.5,0.008,0.002,259.925,256.699,257.45
1780999093.018576,6.479,1.786,0.01,0.003,260.327,256.412,257.358
1780999093.033356,7.944,2.286,0.011,0.003,260.671,256.233,257.217
1780999093.0482738,10.141,2.786,0.014,0.004,261.419,255.711,257.051
1780999093.088875,10.704,3.429,0.014,0.005,261.554,255.778,256.858
1780999093.08928,11.38,3.5,0.015,0.005,261.71,255.642,256.853
1780999093.089618,13.634,4.643,0.017,0.007,262.432,255.331,256.515
1780999093.1003242,15.268,4.929,0.019,0.007,262.876,254.996,256.46
1780999093.115367,15.887,5.143,0.02,0.007,262.963,254.952,256.428
1780999093.131208,17.352,5.643,0.021,0.007,263.336,254.741,256.315
1780999093.142258,18.592,5.643,0.022,0.007,263.563,254.5,256.362
1780999093.157268,19.606,6.0,0.023,0.008,263.805,254.38,256.275
1780999093.172582,20.169,6.0,0.023,0.007,263.889,254.287,256.298
1780999093.183655,21.014,6.357,0.024,0.008,264.105,254.196,256.205
1780999093.198694,22.197,6.571,0.025,0.008,264.422,253.973,256.163
1780999093.2137291,22.479,7.0,0.025,0.009,264.477,254.04,256.046
1780999093.224888,23.155,7.143,0.026,0.009,264.672,253.911,256.013
1780999093.239844,23.718,7.0,0.027,0.008,264.737,253.783,256.09
1780999093.254656,23.606,7.357,0.026,0.009,264.682,253.929,255.985
1780999093.2666721,24.0,7.0,0.027,0.008,264.725,253.767,256.117
1780999093.307316,23.887,6.786,0.026,0.008,264.597,253.794,256.198
1780999093.307749,24.169,6.643,0.027,0.008,264.623,253.725,256.248
1780999093.30807,23.831,6.429,0.026,0.007,264.427,253.819,256.318
1780999093.322598,23.775,6.286,0.026,0.007,264.369,253.831,256.355
1780999093.333947,23.549,5.714,0.025,0.006,264.175,253.812,256.543
1780999093.349011,22.761,5.429,0.024,0.006,263.864,254.001,256.617
1780999093.364156,22.028,4.643,0.023,0.005,263.497,254.078,256.86
1780999093.3752582,21.239,4.214,0.022,0.004,263.198,254.224,256.972
1780999093.390316,20.338,3.786,0.021,0.004,262.856,254.399,257.096
1780999093.405388,19.718,2.643,0.02,0.002,262.518,254.356,257.447
1780999093.4172502,18.479,2.0,0.019,0.002,262.083,254.582,257.608
1780999093.432095,17.465,1.786,0.017,0.002,261.784,254.811,257.644
1780999093.447209,17.07,1.571,0.017,0.001,261.697,254.853,257.681
1780999093.458474,15.944,0.929,0.016,0.001,261.315,255.022,257.86
1780999093.4735801,14.761,0.714,0.014,0.001,261.005,255.275,257.888
1780999093.4885519,13.746,0.357,0.013,0.0,260.728,255.449,257.969
1780999093.529946,12.958,0.286,0.012,0.0,260.54,255.628,257.961
1780999093.530643,11.437,-0.643,0.01,-0.001,259.999,255.846,258.256
1780999093.530963,9.859,-0.857,0.008,-0.001,259.55,256.227,258.297
1780999093.541406,8.282,-0.929,0.006,-0.001,259.19,256.593,258.272
1780999093.556443,6.761,-1.786,0.005,-0.002,258.706,256.8,258.538
1780999093.5714712,5.634,-1.429,0.003,-0.002,258.523,257.132,258.38
1780999093.58636,4.056,-2.0,0.002,-0.002,258.036,257.433,258.562
1780999093.597471,3.606,-2.286,0.001,-0.003,257.903,257.477,258.651
1780999093.612446,1.07,-2.5,-0.002,-0.003,257.27,258.085,258.679
1780999093.627607,0.394,-2.929,-0.003,-0.003,257.048,258.169,258.822
1780999093.638452,-1.915,-3.429,-0.006,-0.004,256.393,258.698,258.969
1780999093.653325,-2.648,-3.357,-0.006,-0.004,256.322,258.832,258.908
1780999093.668406,-4.789,-3.357,-0.009,-0.004,255.815,259.395,258.879
1780999093.6834838,-5.803,-3.357,-0.01,-0.004,255.649,259.6,258.853
1780999093.6948779,-7.606,-3.0,-0.012,-0.003,255.235,260.19,258.712
1780999093.70974,-9.014,-2.857,-0.014,-0.003,255.045,260.462,258.65
1780999093.746964,-10.986,-2.786,-0.016,-0.003,254.6,260.98,258.625
1780999093.747406,-11.775,-2.429,-0.017,-0.002,254.552,261.167,258.498
1780999093.751147,-13.859,-1.857,-0.019,-0.001,254.157,261.826,258.298
1780999093.766112,-15.324,-1.786,-0.02,-0.001,253.916,262.108,258.293
1780999093.7810729,-16.451,-1.286,-0.022,-0.001,253.777,262.446,258.129
1780999093.796097,-17.465,-1.071,-0.022,-0.0,253.664,262.627,258.083
1780999093.811248,-19.099,0.143,-0.024,0.001,253.519,263.243,257.678
1780999093.8224158,-20.169,-0.214,-0.025,0.001,253.268,263.357,257.844
1780999093.8372989,-21.239,0.0,-0.026,0.001,253.103,263.605,257.799
1780999093.8522801,-21.915,0.429,-0.027,0.001,253.045,263.823,257.666
1780999093.863719,-22.761,0.214,-0.027,0.001,252.865,263.927,257.768
1780999093.878763,-24.225,0.357,-0.029,0.001,252.556,264.339,257.738
1780999093.893701,-24.62,0.714,-0.029,0.002,252.582,264.424,257.635
1780999093.908588,-25.408,0.857,-0.03,0.002,252.454,264.62,257.601
1780999093.919898,-25.408,0.857,-0.03,0.002,252.454,264.62,257.601
1780999093.960696,-26.592,1.357,-0.031,0.002,252.273,265.021,257.449
1780999093.961077,-27.155,2.071,-0.032,0.003,252.288,265.255,257.231
1780999093.961486,-27.493,2.286,-0.032,0.003,252.275,265.316,257.193
1780999093.976456,-27.549,2.643,-0.032,0.004,252.353,265.326,257.1
1780999093.991436,-27.944,2.571,-0.032,0.004,252.246,265.406,257.146
1780999094.006451,-27.437,2.571,-0.031,0.004,252.413,265.168,257.17
1780999094.017633,-27.662,2.786,-0.032,0.004,252.391,265.254,257.121
1780999094.032908,-27.549,3.357,-0.031,0.005,252.521,265.296,256.945
1780999094.047717,-27.606,3.643,-0.031,0.005,252.544,265.345,256.878
1780999094.062752,-27.437,3.429,-0.031,0.004,252.554,265.227,256.969
1780999094.074062,-26.817,3.929,-0.03,0.005,252.795,265.108,256.812
1780999094.0891688,-26.423,4.0,-0.03,0.005,252.893,264.981,256.816
1780999094.104213,-25.859,4.429,-0.029,0.006,253.094,264.888,256.684
1780999094.115442,-25.07,4.286,-0.028,0.005,253.268,264.596,256.75
1780999094.130655,-24.394,4.5,-0.027,0.006,253.462,264.431,256.689
1780999094.145476,-23.662,4.357,-0.026,0.005,253.591,264.197,256.756
1780999094.185457,-23.042,4.714,-0.025,0.006,253.768,264.114,256.643
1780999094.185847,-21.915,4.5,-0.024,0.006,253.992,263.745,256.73
1780999094.187032,-21.127,4.786,-0.023,0.006,254.201,263.601,256.639
1780999094.202204,-20.789,4.429,-0.023,0.005,254.189,263.469,256.768
1780999094.213315,-19.38,5.071,-0.021,0.006,254.636,263.198,256.544
1780999094.2283862,-18.704,4.643,-0.02,0.006,254.671,262.976,256.706
1780999094.2434921,-17.07,4.429,-0.018,0.005,255.032,262.476,256.782
1780999094.258401,-15.718,4.857,-0.017,0.006,255.415,262.211,256.629
1780999094.269771,-14.93,4.286,-0.016,0.005,255.485,261.907,256.833
1780999094.28475,-14.085,4.286,-0.015,0.005,255.673,261.703,256.828
1780999094.299569,-12.451,4.0,-0.013,0.005,256.043,261.19,256.925
1780999094.3112519,-11.211,4.214,-0.011,0.005,256.377,260.917,256.84
1780999094.3263721,-9.465,4.071,-0.009,0.005,256.748,260.471,256.883
1780999094.340472,-8.394,3.857,-0.008,0.005,256.951,260.185,256.95
1780999094.355351,-7.944,4.071,-0.008,0.005,257.081,260.132,256.87
1780999094.367077,-5.465,3.357,-0.004,0.004,257.617,259.316,257.114
1780999094.402606,-4.845,3.286,-0.004,0.004,257.688,259.235,257.123
1780999094.402933,-4.845,3.286,-0.004,0.004,257.688,259.235,257.123
1780999094.407722,-1.972,2.714,-0.0,0.003,258.313,258.423,257.296
1780999094.422603,-1.577,2.857,0.0,0.003,258.407,258.392,257.234
1780999094.437527,0.507,1.786,0.003,0.002,258.814,257.61,257.609
1780999094.448473,1.746,2.429,0.004,0.003,259.137,257.565,257.34
1780999094.463854,1.746,2.429,0.004,0.003,259.137,257.565,257.34
1780999094.474881,4.676,2.286,0.007,0.003,259.85,256.857,257.363
1780999094.489758,4.676,2.286,0.007,0.003,259.85,256.857,257.363
1780999094.504906,6.986,1.929,0.01,0.002,260.391,256.241,257.472
1780999094.5167801,8.225,1.714,0.011,0.002,260.548,256.041,257.527
1780999094.531682,8.676,1.429,0.011,0.002,260.523,255.986,257.609
1780999094.546858,9.465,1.786,0.012,0.002,260.794,255.87,257.471
1780999094.557993,10.648,1.5,0.013,0.002,260.958,255.638,257.555
1780999094.5726888,11.268,1.5,0.013,0.002,261.016,255.597,257.543
1780999094.587771,12.451,1.5,0.015,0.002,261.365,255.287,257.537
1780999094.6272068,13.127,1.5,0.015,0.002,261.449,255.227,257.522
1780999094.6276429,13.746,1.286,0.016,0.002,261.494,255.125,257.585
1780999094.627976,14.817,1.5,0.017,0.002,261.787,254.942,257.505
1780999094.640073,14.986,1.143,0.017,0.002,261.705,254.893,257.631
1780999094.655139,15.493,1.429,0.017,0.002,261.847,254.874,257.52
1780999094.6670861,15.831,1.5,0.017,0.002,261.898,254.858,257.489
1780999094.682015,16.451,2.0,0.018,0.003,262.136,254.82,257.311
1780999094.697271,16.507,1.357,0.018,0.002,261.986,254.728,257.544
1780999094.708353,16.901,1.214,0.018,0.002,262.044,254.634,257.589
1780999094.7233632,17.183,1.286,0.019,0.002,262.111,254.602,257.561
1780999094.738444,17.127,1.357,0.018,0.002,262.072,254.663,257.534
1780999094.7497149,16.958,1.429,0.018,0.002,262.008,254.745,257.506
1780999094.764503,16.958,1.357,0.018,0.002,261.982,254.745,257.53
1780999094.7795022,17.07,1.429,0.018,0.002,262.021,254.735,257.504
1780999094.7915058,16.845,1.357,0.018,0.002,261.923,254.8,257.527
1780999094.8065012,16.62,1.857,0.017,0.003,261.941,254.952,257.352
1780999094.84659,16.507,1.786,0.017,0.003,261.895,254.963,257.383
1780999094.8469381,15.887,1.786,0.016,0.003,261.696,255.132,257.391
1780999094.847475,15.38,1.929,0.016,0.003,261.575,255.284,257.345
1780999094.862547,15.042,1.786,0.015,0.003,261.471,255.329,257.396
1780999094.8738172,14.197,1.929,0.014,0.003,261.245,255.575,257.351
1780999094.888824,13.127,1.429,0.013,0.002,260.853,255.759,257.53
1780999094.903817,12.901,1.143,0.013,0.002,260.788,255.724,257.627
1780999094.915027,11.493,1.143,0.011,0.002,260.376,256.113,257.617
1780999094.9300969,10.704,1.357,0.01,0.002,260.215,256.343,257.536
1780999094.945164,9.972,0.857,0.009,0.001,259.975,256.401,257.706
1780999094.95694,8.62,1.429,0.007,0.002,259.735,256.84,257.49
1780999094.972075,8.451,1.571,0.007,0.002,259.768,256.859,257.439
1780999094.983263,7.211,1.357,0.006,0.002,259.418,257.115,257.517
1780999094.998355,6.254,1.5,0.005,0.002,259.224,257.347,257.473
1780999095.013472,5.127,1.357,0.003,0.002,258.924,257.582,257.531
1780999095.024516,4.451,1.786,0.003,0.003,258.848,257.802,257.385
1780999095.0642502,3.662,1.143,0.002,0.002,258.574,257.838,257.617
1780999095.064678,2.028,1.214,-0.0,0.002,258.141,258.302,257.585
1780999095.065324,1.014,1.357,-0.001,0.002,257.962,258.539,257.528
1780999095.0801458,0.282,1.5,-0.002,0.002,257.832,258.724,257.475
1780999095.095201,-1.127,1.286,-0.004,0.002,257.432,259.056,257.551
1780999095.1068878,-2.479,1.929,-0.006,0.003,257.249,259.481,257.322
1780999095.1219368,-2.986,1.643,-0.006,0.003,257.118,259.506,257.43
1780999095.136826,-4.394,1.714,-0.008,0.003,256.777,259.889,257.406
1780999095.147875,-5.07,1.929,-0.008,0.003,256.686,260.061,257.334
1780999095.163093,-6.028,1.714,-0.009,0.003,256.434,260.244,257.415
1780999095.178072,-7.662,1.643,-0.011,0.002,256.056,260.629,257.436
1780999095.189288,-8.676,1.929,-0.012,0.003,255.882,260.929,257.332
1780999095.204267,-9.014,1.429,-0.013,0.002,255.733,260.898,257.514
1780999095.21924,-10.704,1.714,-0.015,0.003,255.365,261.416,257.408
1780999095.234265,-12.0,1.714,-0.016,0.003,255.111,261.697,257.412
1780999095.246368,-13.014,1.643,-0.017,0.002,254.923,261.883,257.436
1780999095.287248,-14.141,1.571,-0.019,0.002,254.659,262.158,257.458
1780999095.287681,-14.31,1.714,-0.018,0.003,254.745,262.118,257.405
1780999095.288032,-15.493,1.143,-0.02,0.002,254.395,262.299,257.606
1780999095.3025348,-16.563,1.5,-0.021,0.002,254.233,262.631,257.473
1780999095.317375,-17.183,1.214,-0.021,0.002,254.094,262.682,257.575
1780999095.332314,-18.197,1.429,-0.023,0.002,253.889,263.012,257.492
1780999095.343588,-18.028,1.5,-0.022,0.002,254.031,262.871,257.469
1780999095.3585122,-19.099,1.0,-0.023,0.002,253.71,263.065,257.634
1780999095.3737128,-19.099,0.857,-0.023,0.001,253.755,262.969,257.674
1780999095.3849118,-19.944,0.071,-0.024,0.0,253.432,263.053,257.943
1780999095.3998878,-20.338,0.5,-0.024,0.001,253.431,263.244,257.772
1780999095.414614,-20.507,-0.286,-0.024,-0.0,253.306,263.099,258.037
1780999095.429811,-20.789,-0.143,-0.025,0.0,253.3,263.201,257.951
1780999095.441737,-21.127,-0.071,-0.025,0.0,253.254,263.308,257.905
1780999095.456535,-21.07,-0.071,-0.025,0.0,253.306,263.257,257.893
1780999095.471515,-21.239,-0.5,-0.025,-0.0,253.205,263.218,258.039
1780999095.512558,-21.183,-0.5,-0.025,-0.0,253.246,263.182,258.026
1780999095.5129302,-21.07,-0.357,-0.024,0.0,253.324,263.162,257.96
1780999095.513292,-20.845,-0.286,-0.024,0.0,253.413,263.098,257.923
1780999095.527489,-20.845,-0.5,-0.024,0.0,253.373,263.064,257.998
1780999095.542559,-20.62,-0.214,-0.024,0.0,253.48,263.053,257.892
1780999095.5538108,-20.507,-0.5,-0.024,0.0,253.457,262.966,257.995
1780999095.56884,-19.887,-0.214,-0.023,0.0,253.671,262.828,257.891
1780999095.5837388,-19.606,-0.429,-0.022,0.0,253.694,262.715,257.971
1780999095.598878,-18.648,-0.714,-0.021,-0.0,253.897,262.366,258.074
1780999095.6139781,-18.31,-0.429,-0.021,0.0,254.01,262.35,257.968
1780999095.62499,-18.141,-0.429,-0.021,0.0,254.033,262.321,257.969
1780999095.640073,-17.239,0.071,-0.019,0.001,254.342,262.16,257.79
1780999095.654937,-16.282,-0.071,-0.018,0.001,254.541,261.867,257.851
1780999095.6672041,-16.056,0.357,-0.018,0.001,254.621,261.93,257.708
1780999095.681827,-15.099,0.357,-0.017,0.001,254.841,261.665,257.723
1780999095.697312,-14.535,1.0,-0.016,0.002,255.072,261.643,257.502
1780999095.73898,-13.69,0.571,-0.015,0.001,255.173,261.34,257.679
1780999095.73941,-12.789,0.429,-0.014,0.001,255.35,261.084,257.735
1780999095.739756,-12.056,0.643,-0.013,0.001,255.533,260.958,257.664
1780999095.753088,-11.099,0.571,-0.012,0.001,255.73,260.705,257.698
1780999095.76456,-10.366,0.286,-0.011,0.001,255.852,260.464,257.802
1780999095.7793841,-9.127,0.857,-0.01,0.002,256.25,260.249,257.598
1780999095.794188,-7.944,0.857,-0.009,0.002,256.52,259.957,257.601
1780999095.809174,-7.38,0.571,-0.008,0.001,256.569,259.787,257.715
1780999095.821084,-5.972,0.929,-0.006,0.002,256.963,259.498,257.595
1780999095.8360682,-5.296,0.786,-0.006,0.002,257.072,259.324,257.653
1780999095.8511229,-4.62,1.357,-0.005,0.002,257.277,259.303,257.466
1780999095.862273,-3.887,1.5,-0.004,0.003,257.464,259.15,257.428
1780999095.87727,-2.535,2.143,-0.003,0.003,257.891,258.926,257.22
1780999095.892108,-2.085,2.071,-0.002,0.003,257.982,258.799,257.255
1780999095.903221,-1.465,2.429,-0.001,0.004,258.203,258.698,257.135
1780999095.918271,-1.465,2.429,-0.001,0.004,258.203,258.698,257.135
1780999095.9594822,1.296,3.071,0.002,0.005,259.034,258.066,256.944
1780999095.959936,2.085,3.286,0.003,0.005,259.215,257.939,256.894
1780999095.960277,2.085,3.286,0.003,0.005,259.215,257.939,256.894
1780999095.973821,3.549,3.429,0.005,0.005,259.594,257.595,256.87
1780999095.985091,4.225,4.0,0.006,0.006,259.809,257.568,256.693
1780999096.000129,5.07,4.286,0.006,0.006,259.981,257.466,256.63
1780999096.0118122,5.859,4.0,0.007,0.005,260.042,257.269,256.769
1780999096.026827,6.761,4.214,0.008,0.006,260.252,257.12,256.718
1780999096.042083,7.211,4.643,0.008,0.006,260.402,257.115,256.582
1780999096.0532281,8.0,4.5,0.009,0.006,260.528,256.922,256.656
1780999096.0681448,8.676,4.786,0.01,0.006,260.706,256.839,256.574
1780999096.083179,9.07,4.929,0.01,0.006,260.771,256.809,256.542
1780999096.09453,9.352,4.857,0.01,0.006,260.797,256.748,256.579
1780999096.109393,9.859,4.929,0.01,0.006,260.908,256.656,256.569
1780999096.121541,10.254,5.071,0.011,0.006,261.003,256.606,256.53
1780999096.136416,10.817,4.571,0.011,0.006,261.037,256.392,256.713
1780999096.177419,10.817,5.0,0.011,0.006,261.085,256.497,256.563
1780999096.177789,11.211,4.929,0.012,0.006,261.156,256.405,256.59
1780999096.178113,11.549,5.071,0.012,0.006,261.258,256.36,256.541
1780999096.1924522,11.662,4.929,0.012,0.006,261.232,256.331,256.595
1780999096.203573,11.493,4.929,0.012,0.006,261.158,256.4,256.594
1780999096.218666,11.662,5.071,0.012,0.006,261.22,256.392,256.545
1780999096.233744,11.831,4.786,0.012,0.006,261.206,256.302,256.648
1780999096.2448251,11.268,4.786,0.011,0.006,261.009,256.486,256.645
1780999096.260043,11.662,4.786,0.012,0.006,261.14,256.369,256.641
1780999096.274865,11.155,4.786,0.011,0.006,260.972,256.524,256.64
1780999096.286686,10.93,4.643,0.011,0.006,260.885,256.564,256.681
1780999096.30205,10.479,4.571,0.01,0.006,260.737,256.678,256.706
1780999096.316781,10.254,4.643,0.01,0.006,260.696,256.744,256.678
1780999096.328046,9.915,4.429,0.009,0.006,260.573,256.792,256.744
1780999096.343093,9.577,4.214,0.009,0.005,260.454,256.842,256.806
1780999096.357719,9.408,4.214,0.009,0.005,260.427,256.879,256.794
1780999096.397929,9.408,4.214,0.009,0.005,260.427,256.879,256.794
1780999096.3984158,7.718,3.286,0.006,0.004,259.765,257.196,257.103
1780999096.398745,7.155,3.0,0.006,0.004,259.606,257.279,257.172
1780999096.409965,6.761,2.643,0.005,0.003,259.468,257.306,257.278
1780999096.424778,6.366,2.5,0.005,0.003,259.341,257.391,257.316
1780999096.436565,5.07,2.143,0.003,0.003,258.889,257.715,257.431
1780999096.451692,4.507,2.214,0.002,0.003,258.836,257.84,257.359
1780999096.466641,4.113,2.0,0.002,0.003,258.735,257.883,257.415
1780999096.477973,3.493,1.786,0.002,0.002,258.593,257.979,257.458
1780999096.492786,2.31,1.214,-0.0,0.002,258.145,258.228,257.654
1780999096.503982,1.972,1.214,-0.0,0.002,258.114,258.285,257.628
1780999096.519128,1.183,0.786,-0.001,0.001,257.896,258.384,257.746
1780999096.534016,0.507,1.0,-0.002,0.002,257.824,258.569,257.636
1780999096.5453749,-0.732,0.357,-0.003,0.001,257.416,258.781,257.836
1780999096.560247,-1.014,0.071,-0.004,0.0,257.347,258.77,257.917
1780999096.575076,-2.254,0.071,-0.005,0.001,257.059,259.099,257.885
1780999096.6136918,-2.93,-0.214,-0.006,0.0,256.892,259.194,257.962
1780999096.6141639,-3.887,-0.5,-0.007,-0.0,256.646,259.379,258.033
1780999096.616744,-4.676,-0.5,-0.008,-0.0,256.492,259.566,258.007
1780999096.6317282,-5.296,-0.929,-0.008,-0.001,256.288,259.634,258.151
1780999096.646846,-6.141,-0.786,-0.009,-0.0,256.147,259.864,258.074
1780999096.657826,-6.592,-1.143,-0.01,-0.001,256.035,259.871,258.182
1780999096.672959,-7.662,-1.286,-0.011,-0.001,255.769,260.127,258.211
1780999096.6879392,-8.169,-1.429,-0.011,-0.001,255.675,260.2,258.239
1780999096.7031019,-8.676,-1.429,-0.012,-0.001,255.573,260.323,258.227
1780999096.714407,-9.521,-1.214,-0.013,-0.001,255.43,260.575,258.135
1780999096.729223,-10.817,-1.429,-0.015,-0.001,255.075,260.888,258.209
1780999096.744235,-11.155,-1.5,-0.015,-0.001,255.038,260.908,258.229
1780999096.759218,-11.718,-1.357,-0.015,-0.001,254.962,261.058,258.167
1780999096.770459,-12.676,-1.429,-0.016,-0.001,254.732,261.297,258.184
1780999096.785503,-12.958,-1.429,-0.017,-0.001,254.686,261.345,258.186
1780999096.8003871,-13.239,-0.857,-0.017,0.0,254.758,261.485,257.979
1780999096.840966,-14.085,-1.357,-0.018,-0.001,254.477,261.603,258.165
1780999096.841419,-14.423,-1.143,-0.018,-0.0,254.464,261.693,258.096
1780999096.8418748,-14.31,-1.071,-0.018,-0.0,254.548,261.62,258.074
1780999096.85693,-14.986,-0.929,-0.019,-0.0,254.403,261.837,258.025
1780999096.871969,-15.268,-0.929,-0.019,-0.0,254.344,261.899,258.03
1780999096.886816,-15.38,-0.714,-0.019,0.0,254.375,261.938,257.961
1780999096.8978539,-15.493,-0.643,-0.019,0.0,254.377,261.952,257.945
1780999096.913106,-15.887,-0.286,-0.019,0.001,254.343,262.121,257.825
1780999096.928205,-16.225,-0.143,-0.02,0.001,254.279,262.229,257.794
1780999096.943252,-16.056,-0.143,-0.019,0.001,254.344,262.137,257.809
1780999096.9541912,-16.113,0.0,-0.019,0.001,254.357,262.169,257.766
1780999096.969168,-16.169,-0.143,-0.019,0.001,254.32,262.139,257.833
1780999096.9842072,-15.831,-0.643,-0.019,-0.0,254.337,261.92,258.018
1780999096.999191,-15.718,-0.857,-0.019,-0.0,254.334,261.852,258.085
1780999097.0107148,-15.831,-1.214,-0.019,-0.001,254.246,261.84,258.19
1780999097.0254788,-15.493,-1.5,-0.018,-0.001,254.299,261.683,258.281
1780999097.065595,-14.986,-1.286,-0.018,-0.001,254.485,261.578,258.181
1780999097.06596,-14.592,-1.357,-0.017,-0.001,254.573,261.462,258.196
1780999097.070107,-14.197,-1.143,-0.017,-0.0,254.7,261.405,258.115
1780999097.0819619,-13.972,-1.214,-0.016,-0.001,254.732,261.343,258.14
1780999097.096799,-13.296,-1.357,-0.016,-0.001,254.881,261.126,258.187
1780999097.11183,-12.958,-1.357,-0.015,-0.001,254.96,261.044,258.182
1780999097.127054,-12.507,-1.571,-0.015,-0.001,255.021,260.897,258.257
1780999097.138164,-12.0,-1.5,-0.014,-0.001,255.149,260.797,258.218
1780999097.1532118,-11.211,-1.571,-0.013,-0.001,255.331,260.573,258.241
1780999097.1681888,-10.761,-1.643,-0.013,-0.001,255.404,260.467,258.266
1780999097.183084,-9.803,-1.286,-0.011,-0.001,255.704,260.275,258.136
1780999097.198011,-9.352,-1.429,-0.011,-0.001,255.776,260.14,258.192
1780999097.209485,-8.507,-1.071,-0.01,-0.0,256.032,259.994,258.067
1780999097.224374,-8.0,-1.071,-0.009,-0.0,256.117,259.895,258.075
1780999097.23925,-7.324,-0.929,-0.009,-0.0,256.283,259.763,258.031
1780999097.279485,-6.592,-0.786,-0.008,0.0,256.486,259.593,257.988
1780999097.279935,-5.972,-0.429,-0.007,0.001,256.662,259.526,257.872
1780999097.280994,-5.296,-0.5,-0.006,0.0,256.807,259.338,257.908
1780999097.296187,-4.451,-0.071,-0.005,0.001,257.07,259.206,257.769
1780999097.307295,-3.268,-0.643,-0.004,0.0,257.256,258.785,257.993
1780999097.322297,-3.099,0.214,-0.004,0.001,257.379,258.96,257.698
1780999097.337384,-1.972,0.857,-0.003,0.002,257.759,258.78,257.494
1780999097.348491,-1.634,1.0,-0.002,0.002,257.83,258.739,257.464
1780999097.363662,-1.014,1.071,-0.002,0.002,257.975,258.594,257.462
1780999097.378371,-0.225,1.357,-0.001,0.003,258.215,258.436,257.379
1780999097.3894882,0.732,2.071,0.001,0.004,258.548,258.334,257.153
1780999097.404585,1.014,2.357,0.001,0.004,258.624,258.338,257.074
1780999097.419324,1.465,2.429,0.001,0.004,258.686,258.26,257.091
1780999097.430557,1.803,2.357,0.001,0.004,258.751,258.157,257.129
1780999097.445261,1.803,2.357,0.001,0.004,258.751,258.157,257.129
1780999097.460165,3.38,3.071,0.004,0.005,259.357,257.81,256.885
1780999097.500752,3.775,4.071,0.004,0.006,259.579,257.916,256.569
1780999097.501122,4.169,4.214,0.004,0.006,259.644,257.861,256.561
1780999097.501472,4.563,4.5,0.005,0.007,259.708,257.842,256.519
1780999097.512769,5.127,4.643,0.005,0.007,259.819,257.742,256.512
1780999097.527761,5.352,5.071,0.005,0.007,259.886,257.787,256.405
1780999097.539042,5.746,4.929,0.006,0.007,259.938,257.662,256.479
1780999097.554091,6.085,5.071,0.006,0.007,260.004,257.616,256.462
1780999097.569004,6.761,5.214,0.007,0.007,260.185,257.464,256.44
1780999097.580277,7.099,5.929,0.007,0.008,260.365,257.519,256.219
1780999097.5951529,7.099,5.857,0.007,0.008,260.315,257.523,256.262
1780999097.607083,7.549,6.286,0.007,0.008,260.489,257.485,256.137
1780999097.622058,7.775,6.5,0.008,0.008,260.552,257.474,256.09
1780999097.637015,7.324,6.5,0.007,0.008,260.374,257.624,256.108
1780999097.648334,7.606,6.286,0.007,0.008,260.398,257.51,256.198
1780999097.663541,7.887,5.714,0.007,0.007,260.368,257.335,256.397
1780999097.678287,7.606,5.357,0.007,0.007,260.199,257.373,256.517
1780999097.7182121,7.38,4.857,0.007,0.006,260.033,257.369,256.678
1780999097.718587,7.662,5.143,0.007,0.006,260.186,257.346,256.556
1780999097.7189279,7.606,5.143,0.007,0.006,260.173,257.373,256.542
1780999097.731231,7.155,4.643,0.006,0.006,259.94,257.431,256.704
1780999097.74612,7.324,4.571,0.006,0.006,259.994,257.369,256.714
1780999097.7571971,7.155,3.857,0.006,0.005,259.827,257.297,256.944
1780999097.772192,6.817,3.643,0.006,0.004,259.705,257.368,256.99
1780999097.786931,6.535,3.214,0.005,0.004,259.553,257.381,257.121
1780999097.797941,6.423,3.357,0.005,0.004,259.557,257.442,257.057
1780999097.81303,6.423,3.357,0.005,0.004,259.557,257.442,257.057
1780999097.82429,5.521,1.643,0.004,0.002,258.964,257.414,257.659
1780999097.839354,4.958,1.357,0.003,0.001,258.819,257.533,257.681
1780999097.854441,4.507,1.0,0.003,0.001,258.692,257.598,257.741
1780999097.8662558,4.169,0.429,0.002,0.001,258.555,257.588,257.886
1780999097.8811011,3.493,0.357,0.002,0.001,258.381,257.773,257.873
1780999097.896076,3.437,0.071,0.002,0.0,258.378,257.723,257.926
1780999097.937572,2.986,-0.286,0.001,-0.0,258.235,257.779,258.012
1780999097.938022,2.141,-0.429,0.0,-0.0,258.004,257.992,258.029
1780999097.9383638,2.141,-0.571,0.0,-0.0,258.022,257.945,258.057
1780999097.948513,1.239,-1.0,-0.001,-0.001,257.724,258.118,258.184
1780999097.96335,0.789,-1.0,-0.001,-0.001,257.65,258.227,258.149
1780999097.978496,0.113,-1.214,-0.002,-0.001,257.465,258.366,258.198
1780999097.993529,-0.225,-1.143,-0.003,-0.001,257.432,258.449,258.149
1780999098.00462,-0.732,-1.357,-0.003,-0.001,257.277,258.542,258.213
1780999098.019625,-1.296,-1.429,-0.004,-0.001,257.154,258.664,258.217
1780999098.034652,-2.254,-1.357,-0.005,-0.001,256.934,258.937,258.172
1780999098.049763,-2.704,-1.786,-0.005,-0.001,256.784,258.952,258.311
1780999098.06165,-3.437,-1.714,-0.006,-0.001,256.635,259.142,258.276
1780999098.0767832,-4.169,-1.5,-0.007,-0.001,256.47,259.398,258.194
1780999098.0914319,-4.394,-1.5,-0.007,-0.001,256.468,259.408,258.186
1780999098.106435,-5.07,-1.143,-0.008,-0.0,256.381,259.633,258.057
1780999098.1461902,-5.577,-1.5,-0.009,-0.001,256.219,259.668,258.19
1780999098.146613,-5.746,-1.429,-0.009,-0.001,256.232,259.68,258.165
1780999098.1474361,-6.592,-1.357,-0.01,-0.001,256.036,259.914,258.141
1780999098.162551,-6.873,-1.071,-0.01,-0.0,256.031,260.02,258.043
1780999098.1736891,-7.437,-1.071,-0.011,-0.0,255.907,260.146,258.049
1780999098.188568,-7.887,-0.786,-0.011,0.0,255.865,260.287,257.958
1780999098.203475,-8.62,-0.643,-0.012,0.0,255.706,260.492,257.927
1780999098.214714,-8.845,-0.571,-0.012,0.0,255.688,260.522,257.917
1780999098.2296362,-9.183,-0.286,-0.012,0.001,255.663,260.65,257.821
1780999098.244681,-9.577,-0.071,-0.013,0.001,255.611,260.772,257.76
1780999098.259747,-9.972,0.5,-0.013,0.002,255.622,260.955,257.575
1780999098.271679,-10.479,0.5,-0.014,0.002,255.498,261.065,257.599
1780999098.286687,-10.704,0.643,-0.014,0.002,255.472,261.132,257.564
1780999098.301505,-10.93,1.5,-0.014,0.003,255.573,261.317,257.286
1780999098.3128278,-10.986,1.5,-0.014,0.003,255.569,261.284,257.321
1780999098.327717,-11.718,1.786,-0.015,0.003,255.411,261.532,257.254
1780999098.369143,-11.831,2.286,-0.015,0.004,255.475,261.616,257.11
1780999098.369524,-11.493,2.357,-0.015,0.004,255.595,261.488,257.106
1780999098.369874,-11.831,2.5,-0.015,0.004,255.516,261.601,257.082
1780999098.38364,-12.0,2.571,-0.015,0.004,255.482,261.641,257.08
1780999098.39848,-11.887,2.5,-0.015,0.004,255.506,261.565,257.126
1780999098.409893,-12.0,3.0,-0.015,0.005,255.558,261.677,256.969
1780999098.424782,-12.113,3.357,-0.015,0.005,255.586,261.767,256.858
1780999098.439927,-12.169,3.857,-0.015,0.006,255.654,261.854,256.71
1780999098.454922,-11.944,3.857,-0.015,0.006,255.713,261.761,256.734
1780999098.4667552,-11.831,3.571,-0.015,0.005,255.686,261.655,256.859
1780999098.481715,-11.493,3.929,-0.014,0.006,255.84,261.61,256.743
1780999098.4970748,-11.437,3.714,-0.014,0.005,255.808,261.552,256.828
1780999098.5081952,-11.549,3.357,-0.014,0.005,255.702,261.528,256.959
1780999098.523135,-11.324,3.571,-0.014,0.005,255.795,261.508,256.883
1780999098.538028,-10.986,3.786,-0.014,0.005,255.917,261.449,256.812
1780999098.553094,-10.31,3.929,-0.013,0.005,256.122,261.267,256.773
1780999098.594026,-10.141,4.0,-0.012,0.005,256.168,261.242,256.75
1780999098.59448,-9.746,4.286,-0.012,0.006,256.316,261.18,256.657
1780999098.594822,-9.352,4.0,-0.012,0.005,256.349,261.028,256.766
1780999098.605246,-8.789,4.071,-0.011,0.006,256.498,260.893,256.741
1780999098.620853,-8.507,3.929,-0.011,0.005,256.532,260.799,256.794
1780999098.635884,-8.225,4.0,-0.01,0.005,256.593,260.764,256.765
1780999098.6469371,-7.831,3.786,-0.01,0.005,256.642,260.637,256.834
1780999098.6617181,-7.493,3.5,-0.009,0.005,256.671,260.5,256.934
1780999098.676515,-7.493,3.5,-0.009,0.005,256.671,260.5,256.934
1780999098.6915572,-7.493,3.5,-0.009,0.005,256.671,260.5,256.934
1780999098.7026792,-5.972,3.429,-0.007,0.005,257.072,260.059,256.948
1780999098.717636,-5.408,3.143,-0.007,0.004,257.141,259.901,257.029
1780999098.732712,-5.127,2.714,-0.007,0.004,257.121,259.774,257.17
1780999098.744014,-4.732,2.714,-0.006,0.004,257.196,259.713,257.153
1780999098.758705,-4.394,3.0,-0.006,0.004,257.306,259.719,257.038
1780999098.773493,-4.394,3.0,-0.006,0.004,257.306,259.719,257.038
1780999098.812438,-3.042,2.857,-0.004,0.004,257.686,259.274,257.087
1780999098.812803,-2.648,2.286,-0.004,0.003,257.643,259.124,257.274
1780999098.814621,-1.803,2.5,-0.003,0.004,257.888,258.977,257.174
1780999098.8263009,-1.521,2.143,-0.003,0.003,257.854,258.896,257.287
1780999098.841158,-1.239,1.929,-0.002,0.003,257.856,258.84,257.338
1780999098.856009,-1.127,1.857,-0.002,0.003,257.865,258.81,257.359
1780999098.8671072,-0.113,1.214,-0.001,0.002,258.053,258.391,257.584
1780999098.881925,0.113,1.214,-0.001,0.002,258.089,258.374,257.565
1780999098.897194,0.789,1.143,0.0,0.002,258.237,258.225,257.565
1780999098.908243,1.127,0.929,0.0,0.002,258.272,258.13,257.625
1780999098.9231849,1.352,1.071,0.0,0.002,258.321,258.155,257.551
1780999098.938136,1.915,0.786,0.001,0.002,258.404,257.987,257.636
1780999098.949484,2.141,0.929,0.001,0.002,258.478,257.977,257.574
1780999098.9642391,2.141,0.429,0.001,0.001,258.352,257.937,257.738
1780999098.979127,2.648,0.0,0.002,0.001,258.411,257.747,257.869
1780999098.990355,3.324,0.5,0.003,0.001,258.686,257.672,257.673
1780999099.031884,3.437,0.071,0.003,0.001,258.617,257.594,257.819
1780999099.0322518,3.718,0.286,0.003,0.001,258.717,257.588,257.727
1780999099.032543,3.775,0.214,0.003,0.001,258.697,257.59,257.744
1780999099.046876,3.437,0.071,0.002,0.001,258.551,257.686,257.792
1780999099.058134,3.493,0.143,0.002,0.001,258.57,257.703,257.757
1780999099.073123,3.662,1.143,0.002,0.003,258.79,257.841,257.403
1780999099.0880609,4.113,1.214,0.003,0.003,258.919,257.721,257.396
1780999099.099381,4.225,1.5,0.003,0.003,258.989,257.74,257.309
1780999099.114531,4.225,2.286,0.003,0.004,259.103,257.88,257.061
1780999099.126237,4.225,2.214,0.003,0.004,259.058,257.864,257.12
1780999099.141164,4.563,2.714,0.003,0.005,259.24,257.844,256.963
1780999099.156306,4.563,3.214,0.003,0.005,259.306,257.925,256.82
1780999099.167557,4.62,3.0,0.003,0.005,259.261,257.863,256.925
1780999099.182365,4.338,3.214,0.003,0.005,259.189,257.985,256.874
1780999099.197568,4.338,3.429,0.003,0.005,259.221,258.016,256.813
1780999099.208721,4.451,3.286,0.003,0.005,259.222,257.946,256.881
1780999099.249258,4.225,3.571,0.003,0.005,259.192,258.06,256.798
1780999099.2496011,4.394,3.714,0.003,0.005,259.261,258.021,256.77
1780999099.2499561,4.056,3.857,0.003,0.006,259.172,258.147,256.732
1780999099.2648199,4.338,4.071,0.003,0.006,259.298,258.083,256.674
1780999099.2763038,3.944,4.143,0.002,0.006,259.18,258.205,256.667
1780999099.291383,3.887,4.571,0.002,0.006,259.241,258.288,256.529
1780999099.306271,3.549,4.429,0.002,0.006,259.105,258.351,256.598
1780999099.317606,3.437,4.429,0.002,0.006,259.077,258.364,256.612
1780999099.332629,2.817,4.714,0.001,0.007,258.946,258.59,256.519
1780999099.343798,2.761,4.214,0.001,0.006,258.849,258.494,256.705
1780999099.358697,2.366,4.429,0.0,0.006,258.788,258.63,256.632
1780999099.373767,2.31,4.571,0.0,0.006,258.824,258.647,256.581
1780999099.38495,1.634,4.071,-0.0,0.005,258.545,258.743,256.757
1780999099.399901,1.408,4.0,-0.001,0.005,258.485,258.782,256.779
1780999099.41484,0.958,3.857,-0.001,0.005,258.351,258.87,256.823
1780999099.4266188,0.563,3.929,-0.002,0.005,258.281,258.98,256.786
1780999099.46629,-0.169,3.714,-0.003,0.005,258.025,259.164,256.859
1780999099.4666681,-0.169,3.714,-0.003,0.005,258.025,259.164,256.859
1780999099.467177,-0.169,3.714,-0.003,0.005,258.025,259.164,256.859
1780999099.4821088,-1.352,2.857,-0.004,0.004,257.582,259.324,257.142
1780999099.4973938,-1.972,2.643,-0.005,0.003,257.378,259.467,257.207
1780999099.5084312,-2.535,2.357,-0.006,0.003,257.238,259.544,257.274
1780999099.523394,-2.592,2.5,-0.005,0.004,257.32,259.541,257.194
1780999099.538303,-2.704,2.071,-0.005,0.003,257.272,259.453,257.327
1780999099.549396,-3.324,1.929,-0.006,0.003,257.093,259.605,257.36
1780999099.564485,-3.324,1.929,-0.006,0.003,257.093,259.605,257.36
1780999099.579319,-4.507,1.643,-0.008,0.002,256.726,259.905,257.442
1780999099.594275,-4.676,1.5,-0.008,0.002,256.725,259.88,257.467
1780999099.606317,-5.296,1.357,-0.009,0.002,256.582,260.011,257.487
1780999099.621264,-5.408,1.143,-0.009,0.002,256.553,259.98,257.546
1780999099.636302,-5.577,0.786,-0.009,0.002,256.491,259.937,257.651
1780999099.6474948,-5.972,0.857,-0.009,0.002,256.436,260.05,257.598
1780999099.6896799,-6.648,1.143,-0.01,0.002,256.325,260.298,257.475
1780999099.690092,-7.099,0.643,-0.01,0.002,256.133,260.324,257.645
1780999099.6904352,-7.324,0.643,-0.011,0.002,256.116,260.366,257.624
1780999099.703369,-7.549,0.571,-0.011,0.002,256.073,260.395,257.641
1780999099.718441,-7.775,0.429,-0.011,0.001,256.019,260.413,257.678
1780999099.729599,-8.0,0.214,-0.011,0.001,255.947,260.424,257.741
1780999099.744622,-8.113,0.5,-0.011,0.002,255.984,260.499,257.633
1780999099.759653,-8.451,0.214,-0.012,0.001,255.859,260.531,257.731
1780999099.7715352,-8.676,0.357,-0.012,0.001,255.843,260.608,257.674
1780999099.7864902,-9.183,0.357,-0.013,0.001,255.714,260.755,257.669
1780999099.801331,-8.958,0.071,-0.012,0.001,255.751,260.609,257.768
1780999099.816407,-9.183,0.5,-0.012,0.002,255.778,260.748,257.609
1780999099.82788,-9.183,0.214,-0.012,0.001,255.75,260.672,257.709
1780999099.842525,-9.521,-0.071,-0.013,0.001,255.614,260.713,257.812
1780999099.857462,-9.408,0.143,-0.012,0.001,255.695,260.711,257.73
1780999099.8687758,-9.239,0.286,-0.012,0.001,255.785,260.672,257.674
1780999099.909683,-9.465,0.071,-0.012,0.001,255.689,260.699,257.747
1780999099.910174,-9.634,0.071,-0.013,0.001,255.65,260.746,257.743
1780999099.910528,-9.577,0.357,-0.013,0.002,255.72,260.776,257.642
1780999099.9248698,-9.465,0.214,-0.012,0.001,255.73,260.711,257.693
1780999099.939877,-9.408,-0.071,-0.012,0.001,255.695,260.643,257.795
1780999099.9517262,-9.127,0.143,-0.012,0.001,255.817,260.595,257.713
1780999099.9666612,-9.127,-0.143,-0.012,0.001,255.764,260.549,257.812
1780999099.9817019,-9.07,-0.143,-0.012,0.001,255.778,260.538,257.809
1780999099.9967308,-8.676,-0.143,-0.011,0.001,255.892,260.418,257.804
1780999100.007778,-8.563,-0.214,-0.011,0.001,255.902,260.384,257.827
1780999100.022739,-9.014,0.0,-0.012,0.001,255.794,260.59,257.742
1780999100.037759,-8.394,0.143,-0.011,0.001,255.996,260.424,257.692
1780999100.048963,-8.113,-0.214,-0.011,0.001,256.008,260.277,257.82
1780999100.0640042,-8.056,-0.357,-0.011,0.001,255.982,260.25,257.872
1780999100.078819,-7.493,0.214,-0.01,0.001,256.243,260.187,257.664
1780999100.093745,-6.986,0.5,-0.009,0.002,256.414,260.101,257.572
1780999100.135511,-7.042,0.357,-0.009,0.002,256.347,260.111,257.63
1780999100.1358888,-6.31,0.571,-0.008,0.002,256.576,259.937,257.564
1780999100.1362472,-6.028,0.857,-0.008,0.002,256.672,259.932,257.471
1780999100.146611,-5.915,0.786,-0.008,0.002,256.655,259.908,257.512
1780999100.1617799,-5.634,0.714,-0.008,0.002,256.691,259.83,257.55
1780999100.176955,-5.239,0.857,-0.007,0.002,256.817,259.746,257.503
1780999100.1879208,-5.014,0.786,-0.007,0.002,256.836,259.694,257.534
1780999100.202938,-4.62,1.286,-0.007,0.003,257.01,259.691,257.36
1780999100.218,-4.169,0.643,-0.006,0.002,257.001,259.454,257.599
1780999100.229262,-4.056,1.357,-0.006,0.003,257.141,259.573,257.342
1780999100.244389,-3.549,1.357,-0.005,0.003,257.261,259.439,257.351
1780999100.259237,-3.155,1.571,-0.005,0.003,257.392,259.375,257.283
1780999100.271132,-2.648,1.643,-0.004,0.003,257.516,259.254,257.275
1780999100.286137,-2.592,2.143,-0.004,0.004,257.573,259.359,257.117
1780999100.30113,-2.254,2.143,-0.004,0.004,257.647,259.268,257.132
1780999100.3160279,-1.972,2.143,-0.004,0.004,257.695,259.206,257.143
1780999100.357706,-1.521,2.071,-0.003,0.004,257.787,259.074,257.18
1780999100.358125,-1.239,1.643,-0.003,0.003,257.76,258.935,257.341
1780999100.358463,-1.352,1.857,-0.003,0.003,257.753,259.023,257.263
1780999100.3676429,-1.352,1.857,-0.003,0.003,257.753,259.023,257.263
1780999100.3824482,-1.352,1.857,-0.003,0.003,257.753,259.023,257.263
1780999100.397505,-1.352,1.857,-0.003,0.003,257.753,259.023,257.263
1780999100.4084191,0.113,2.5,-0.001,0.004,258.319,258.684,257.035
1780999100.423455,0.282,2.357,-0.001,0.004,258.275,258.658,257.104
1780999100.438447,0.676,1.786,-0.001,0.003,258.243,258.473,257.315
1780999100.449694,0.958,2.071,-0.0,0.003,258.357,258.467,257.209
1780999100.464458,0.901,1.929,-0.001,0.003,258.273,258.503,257.257
1780999100.47973,1.127,1.429,-0.0,0.003,258.225,258.375,257.429
1780999100.491542,1.408,1.357,-0.0,0.002,258.282,258.308,257.439
1780999100.506527,1.296,1.286,-0.0,0.002,258.222,258.351,257.456
1780999100.521389,1.465,1.071,-0.0,0.002,258.22,258.285,257.523
1780999100.532714,1.69,0.857,0.0,0.002,258.242,258.201,257.585
1780999100.5740402,1.915,0.929,0.0,0.002,258.311,258.171,257.545
1780999100.574463,1.915,0.714,0.0,0.002,258.264,258.151,257.612
1780999100.574781,1.915,0.714,0.0,0.002,258.256,258.171,257.599
1780999100.588501,1.915,0.357,0.0,0.001,258.187,258.122,257.716
1780999100.599713,1.859,1.0,0.0,0.002,258.283,258.27,257.476
1780999100.6145961,2.085,0.929,0.0,0.002,258.337,258.192,257.5
1780999100.629697,2.254,0.786,0.001,0.002,258.358,258.121,257.548
1780999100.641391,2.141,0.786,0.0,0.002,258.322,258.165,257.541
1780999100.656477,1.915,0.571,0.0,0.002,258.21,258.2,257.617
1780999100.667632,1.972,0.643,0.0,0.002,258.243,258.197,257.588
1780999100.682661,1.859,0.929,-0.0,0.002,258.26,258.285,257.483
1780999100.697559,1.69,0.786,-0.0,0.002,258.184,258.31,257.534
1780999100.708909,1.859,0.786,-0.0,0.002,258.239,258.254,257.534
1780999100.723762,1.69,1.0,-0.0,0.002,258.232,258.343,257.455
1780999100.73883,1.352,0.714,-0.001,0.002,258.08,258.389,257.559
1780999100.74999,1.183,0.857,-0.001,0.002,258.06,258.457,257.512
1780999100.791252,0.901,1.143,-0.001,0.003,258.031,258.588,257.411
1780999100.791668,1.127,1.143,-0.001,0.003,258.113,258.501,257.417
1780999100.791988,1.014,1.071,-0.001,0.002,258.074,258.509,257.447
1780999100.806752,0.732,1.357,-0.001,0.003,258.048,258.634,257.35
1780999100.82163,0.507,1.5,-0.002,0.003,258.01,258.718,257.306
1780999100.832763,0.338,1.714,-0.002,0.003,258.003,258.786,257.246
1780999100.847702,0.338,1.857,-0.002,0.003,258.034,258.791,257.211
1780999100.8624861,-0.113,1.929,-0.003,0.004,257.912,258.929,257.198
1780999100.873505,-0.113,1.929,-0.003,0.004,257.912,258.929,257.198
1780999100.888227,-0.113,1.929,-0.003,0.004,257.912,258.929,257.198
1780999100.903154,-0.113,1.929,-0.003,0.004,257.912,258.929,257.198
1780999100.914377,-1.127,1.714,-0.004,0.003,257.562,259.203,257.278
1780999100.929445,-1.296,1.929,-0.004,0.003,257.588,259.251,257.206
1780999100.9444091,-1.69,2.071,-0.005,0.004,257.528,259.358,257.163
1780999100.956379,-2.028,1.714,-0.005,0.003,257.394,259.359,257.295
1780999100.9712,-2.479,2.0,-0.005,0.004,257.339,259.522,257.194
1780999101.0117278,-2.423,2.0,-0.005,0.004,257.376,259.477,257.199
1780999101.012091,-2.761,1.643,-0.006,0.003,257.231,259.492,257.331
1780999101.012416,-3.324,1.571,-0.006,0.003,257.076,259.634,257.349
1780999101.027086,-3.324,1.429,-0.006,0.003,257.072,259.585,257.401
1780999101.0422459,-3.493,1.643,-0.006,0.003,257.069,259.671,257.321
1780999101.053387,-4.0,0.929,-0.007,0.002,256.826,259.671,257.566
1780999101.068446,-4.225,1.071,-0.007,0.002,256.827,259.743,257.496
1780999101.083509,-4.676,1.143,-0.008,0.002,256.736,259.876,257.46
1780999101.0947149,-4.901,0.929,-0.008,0.002,256.662,259.884,257.528
1780999101.109882,-4.901,0.714,-0.008,0.002,256.649,259.826,257.596
1780999101.1248,-5.521,0.929,-0.009,0.002,256.53,260.045,257.506
1780999101.1368341,-5.859,0.929,-0.009,0.002,256.456,260.131,257.501
1780999101.151746,-5.972,0.857,-0.009,0.002,256.439,260.126,257.523
1780999101.166688,-6.085,0.286,-0.009,0.001,256.323,260.039,257.725
1780999101.178,-6.197,0.714,-0.009,0.002,256.386,260.142,257.561
1780999101.1930969,-6.085,0.429,-0.009,0.002,256.392,260.037,257.656
1780999101.234219,-6.366,0.214,-0.009,0.001,256.298,260.076,257.714
1780999101.2345998,-6.648,-0.143,-0.01,0.001,256.175,260.095,257.823
1780999101.234944,-6.986,-0.143,-0.01,0.001,256.089,260.198,257.812
1780999101.248884,-6.704,-0.214,-0.01,0.001,256.184,260.083,257.824
1780999101.264103,-6.817,-0.571,-0.01,0.0,256.108,260.046,257.938
1780999101.2750568,-6.873,-0.429,-0.01,0.001,256.136,260.094,257.863
1780999101.290123,-6.986,-0.714,-0.01,0.0,256.063,260.077,257.955
1780999101.305137,-6.873,-1.0,-0.01,-0.0,256.062,259.992,258.038
1780999101.320847,-7.042,-1.071,-0.01,-0.0,256.009,260.044,258.042
1780999101.332048,-6.817,-1.429,-0.01,-0.001,256.027,259.906,258.158
1780999101.3471282,-6.93,-1.429,-0.01,-0.001,256.005,259.95,258.137
1780999101.3621,-6.704,-1.571,-0.009,-0.001,256.056,259.86,258.172
1780999101.377167,-6.761,-1.571,-0.01,-0.001,256.041,259.884,258.164
1780999101.388314,-6.761,-1.5,-0.01,-0.001,256.055,259.906,258.128
1780999101.403152,-6.592,-1.786,-0.009,-0.001,256.055,259.811,258.22
1780999101.418062,-6.535,-1.643,-0.009,-0.001,256.095,259.829,258.162
1780999101.459577,-6.535,-1.643,-0.009,-0.001,256.093,259.837,258.156
1780999101.4599948,-6.141,-1.714,-0.009,-0.001,256.198,259.702,258.178
1780999101.4603221,-6.141,-1.643,-0.009,-0.001,256.199,259.732,258.148
1780999101.4738739,-6.028,-1.714,-0.009,-0.001,256.211,259.693,258.173
1780999101.488949,-5.972,-1.857,-0.009,-0.001,256.195,259.66,258.223
1780999101.500113,-5.803,-1.429,-0.008,-0.0,256.311,259.694,258.07
1780999101.514986,-5.69,-1.5,-0.008,-0.0,256.324,259.648,258.1
1780999101.530252,-5.634,-1.143,-0.008,0.0,256.39,259.707,257.975
1780999101.545108,-5.352,-0.857,-0.008,0.001,256.508,259.676,257.885
1780999101.55693,-5.183,-0.786,-0.008,0.001,256.547,259.64,257.88
1780999101.5718322,-4.732,-0.5,-0.007,0.001,256.708,259.556,257.797
1780999101.586696,-4.394,0.0,-0.007,0.002,256.878,259.549,257.63
1780999101.597897,-4.169,0.214,-0.006,0.002,256.941,259.528,257.587
1780999101.612871,-3.944,0.143,-0.006,0.002,256.96,259.456,257.638
1780999101.627882,-3.718,1.0,-0.006,0.003,257.147,259.558,257.351
1780999101.639227,-3.775,1.214,-0.006,0.003,257.141,259.618,257.299
1780999101.675575,-3.211,1.357,-0.005,0.003,257.3,259.472,257.281
1780999101.676002,-2.93,1.5,-0.005,0.003,257.372,259.419,257.26
1780999101.683966,-2.648,1.857,-0.005,0.004,257.483,259.41,257.158
1780999101.6950872,-2.535,2.071,-0.005,0.004,257.514,259.424,257.113
1780999101.7101262,-2.197,2.5,-0.004,0.004,257.673,259.399,256.98
1780999101.725038,-2.141,2.643,-0.004,0.005,257.679,259.418,256.956
1780999101.736768,-1.634,3.071,-0.004,0.005,257.875,259.346,256.832
1780999101.75189,-1.465,3.286,-0.004,0.005,257.924,259.344,256.785
1780999101.766773,-1.521,3.0,-0.004,0.005,257.831,259.313,256.907
1780999101.777969,-1.521,3.571,-0.004,0.006,257.907,259.422,256.728
1780999101.793102,-1.127,3.929,-0.003,0.006,258.066,259.362,256.629
1780999101.808032,-1.014,4.071,-0.003,0.006,258.1,259.354,256.604
1780999101.819419,-0.845,3.929,-0.003,0.006,258.116,259.275,256.664
1780999101.834136,-0.62,4.214,-0.003,0.006,258.206,259.263,256.588
1780999101.848981,-0.845,4.571,-0.003,0.007,258.178,259.41,256.475
1780999101.860248,-0.451,4.714,-0.002,0.007,258.298,259.31,256.453
1780999101.8959968,-0.394,4.714,-0.002,0.007,258.296,259.297,256.468
1780999101.896588,-0.113,4.357,-0.002,0.006,258.294,259.15,256.61
1780999101.9049118,-0.169,4.571,-0.002,0.006,258.292,259.221,256.543
1780999101.9167979,0.169,4.429,-0.002,0.006,258.357,259.096,256.6
1780999101.931693,0.338,4.5,-0.002,0.006,258.412,259.066,256.575
1780999101.946753,-0.169,4.286,-0.002,0.006,258.202,259.2,256.651
1780999101.957851,-0.225,4.571,-0.003,0.006,258.231,259.273,256.554
1780999101.972851,-0.113,4.5,-0.002,0.006,258.249,259.226,256.58
1780999101.987905,0.338,4.643,-0.002,0.006,258.414,259.112,256.53
1780999101.999212,-0.056,4.571,-0.002,0.006,258.268,259.232,256.557
1780999102.013986,0.394,4.714,-0.002,0.007,258.43,259.115,256.511
1780999102.029012,0.676,4.857,-0.001,0.007,258.53,259.058,256.469
1780999102.040847,0.451,4.929,-0.002,0.007,258.454,259.156,256.449
1780999102.0558138,0.507,5.0,-0.002,0.007,258.48,259.151,256.428
1780999102.070844,0.62,4.929,-0.001,0.007,258.5,259.101,256.457
1780999102.0821152,0.451,4.857,-0.002,0.007,258.426,259.146,256.486
1780999102.12501,0.282,4.857,-0.002,0.007,258.367,259.206,256.485
1780999102.1254761,0.169,4.786,-0.002,0.007,258.32,259.228,256.51
1780999102.125813,0.225,4.571,-0.002,0.006,258.305,259.168,256.582
1780999102.1378949,0.113,4.357,-0.002,0.006,258.243,259.161,256.648
1780999102.1491961,0.169,4.214,-0.002,0.006,258.249,259.116,256.687
1780999102.1641788,0.0,4.5,-0.002,0.006,258.253,259.223,256.58
1780999102.1789608,0.113,4.429,-0.002,0.006,258.283,259.173,256.599
1780999102.19087,-0.113,4.429,-0.003,0.006,258.217,259.249,256.59
1780999102.205866,-0.169,4.286,-0.003,0.006,258.185,259.238,256.631
1780999102.220099,-0.056,3.643,-0.002,0.005,258.109,259.086,256.852
1780999102.234855,-0.056,3.714,-0.002,0.005,258.13,259.106,256.812
1780999102.24647,-0.056,3.714,-0.002,0.005,258.13,259.106,256.812
1780999102.261258,-0.056,3.714,-0.002,0.005,258.13,259.106,256.812
1780999102.276027,-0.056,3.714,-0.002,0.005,258.13,259.106,256.812
1780999102.286985,-0.056,3.714,-0.002,0.005,258.13,259.106,256.812
1780999102.301905,-0.056,3.714,-0.002,0.005,258.13,259.106,256.812
1780999102.342676,-0.056,3.714,-0.002,0.005,258.13,259.106,256.812
1780999102.343144,-0.732,1.5,-0.003,0.002,257.545,258.924,257.567
1780999102.343487,-1.183,0.786,-0.004,0.001,257.342,258.951,257.744
1780999102.3578,-1.465,0.143,-0.004,0.0,257.181,258.931,257.926
1780999102.368947,-1.408,-0.357,-0.004,-0.0,257.153,258.829,258.056
1780999102.384049,-2.197,-0.643,-0.005,-0.0,256.923,259.044,258.078
1780999102.398925,-2.028,-1.286,-0.005,-0.001,256.92,258.874,258.248
1780999102.414081,-2.028,-0.929,-0.005,-0.0,257.032,258.95,258.06
1780999102.4250371,-2.085,-1.714,-0.005,-0.001,256.914,258.83,258.298
1780999102.440864,-2.085,-1.857,-0.005,-0.001,256.911,258.812,258.318
1780999102.455144,-2.423,-2.143,-0.005,-0.002,256.79,258.878,258.378
1780999102.470062,-2.423,-2.357,-0.005,-0.002,256.783,258.845,258.417
1780999102.4821792,-2.423,-2.571,-0.005,-0.002,256.772,258.814,258.46
1780999102.497151,-2.648,-3.214,-0.005,-0.003,256.618,258.777,258.655
1780999102.5121338,-2.535,-3.071,-0.005,-0.002,256.705,258.771,258.571
1780999102.527174,-2.873,-3.071,-0.006,-0.002,256.615,258.885,258.551
1780999102.567723,-2.817,-3.429,-0.006,-0.003,256.591,258.806,258.654
1780999102.568053,-2.873,-3.429,-0.006,-0.003,256.587,258.832,258.633
1780999102.5684102,-2.817,-3.429,-0.006,-0.003,256.618,258.817,258.616
1780999102.583051,-2.873,-3.714,-0.006,-0.003,256.562,258.784,258.706
1780999102.594217,-3.211,-3.714,-0.006,-0.003,256.468,258.893,258.695
1780999102.609269,-2.873,-3.643,-0.006,-0.003,256.598,258.797,258.656
1780999102.624245,-2.986,-3.429,-0.006,-0.002,256.607,258.869,258.575
1780999102.639223,-2.873,-2.929,-0.005,-0.002,256.728,258.914,258.406
1780999102.651099,-3.155,-2.5,-0.006,-0.001,256.708,259.075,258.268
1780999102.666021,-3.099,-2.429,-0.006,-0.001,256.734,259.057,258.258
1780999102.6810508,-3.042,-2.714,-0.006,-0.002,256.694,258.983,258.372
1780999102.6960058,-3.042,-2.286,-0.006,-0.001,256.763,259.05,258.235
1780999102.70721,-3.042,-1.429,-0.006,0.0,256.908,259.191,257.948
1780999102.722246,-3.155,-0.929,-0.006,0.001,256.948,259.302,257.8
1780999102.7371368,-3.211,-0.929,-0.006,0.001,256.912,259.299,257.839
1780999102.751908,-3.155,-0.357,-0.006,0.002,257.021,259.376,257.654
1780999102.793292,-3.042,-0.714,-0.006,0.001,256.977,259.255,257.816
1780999102.793674,-2.817,-0.214,-0.005,0.001,257.117,259.267,257.663
1780999102.7940218,-2.479,-0.429,-0.005,0.001,257.163,259.118,257.761
1780999102.80408,-2.479,-0.071,-0.005,0.002,257.214,259.184,257.646
1780999102.819042,-2.366,0.0,-0.005,0.002,257.239,259.163,257.641
1780999102.83409,-2.085,0.429,-0.004,0.002,257.377,259.155,257.51
1780999102.8490639,-1.972,0.786,-0.004,0.003,257.45,259.184,257.409
1780999102.86087,-1.746,1.0,-0.004,0.003,257.528,259.149,257.364
1780999102.8760011,-1.746,1.0,-0.004,0.003,257.51,259.148,257.384
1780999102.89101,-1.69,1.429,-0.004,0.003,257.578,259.208,257.258
1780999102.902169,-1.634,1.714,-0.004,0.004,257.62,259.241,257.184
1780999102.917264,-1.577,1.929,-0.004,0.004,257.654,259.258,257.134
1780999102.932132,-1.352,2.071,-0.004,0.004,257.734,259.21,257.102
1780999102.943755,-1.408,2.5,-0.004,0.004,257.768,259.303,256.977
1780999102.9586408,-1.465,2.714,-0.004,0.005,257.77,259.354,256.927
1780999102.973505,-1.577,2.929,-0.004,0.005,257.757,259.422,256.874
1780999103.0142322,-1.408,3.071,-0.004,0.005,257.823,259.387,256.843
1780999103.014674,-1.352,3.071,-0.004,0.005,257.83,259.365,256.857
1780999103.015006,-1.634,3.286,-0.004,0.005,257.767,259.489,256.802
1780999103.026434,-1.296,3.643,-0.004,0.006,257.925,259.435,256.698
1780999103.0413198,-1.408,3.571,-0.004,0.006,257.86,259.451,256.746
1780999103.05626,-1.014,4.071,-0.003,0.006,258.066,259.413,256.581
1780999103.071276,-1.127,4.071,-0.004,0.006,258.012,259.442,256.605
1780999103.082607,-1.07,4.071,-0.003,0.006,258.013,259.42,256.625
1780999103.097573,-0.901,4.143,-0.003,0.006,258.066,259.38,256.612
1780999103.1126988,-1.07,4.071,-0.004,0.006,257.991,259.421,256.647
1780999103.1238441,-1.127,4.214,-0.004,0.006,257.992,259.462,256.606
1780999103.1388102,-1.07,4.5,-0.004,0.007,258.056,259.493,256.515
1780999103.1536682,-1.07,4.214,-0.004,0.006,257.996,259.44,256.623
1780999103.165032,-1.127,4.429,-0.004,0.006,258.018,259.491,256.553
1780999103.180303,-1.296,4.571,-0.004,0.007,257.989,259.568,256.508
1780999103.19489,-1.408,4.429,-0.004,0.006,257.927,259.571,256.566
1780999103.237112,-1.465,4.357,-0.004,0.006,257.899,259.57,256.594
1780999103.237494,-1.634,4.143,-0.004,0.006,257.811,259.583,256.668
1780999103.237841,-1.634,4.071,-0.004,0.006,257.807,259.567,256.688
1780999103.2476149,-1.577,4.071,-0.004,0.006,257.833,259.546,256.682
1780999103.2627158,-1.746,4.0,-0.004,0.006,257.773,259.588,256.702
1780999103.277611,-1.803,3.786,-0.005,0.005,257.73,259.564,256.766
1780999103.292546,-1.803,3.714,-0.005,0.005,257.724,259.551,256.785
1780999103.303762,-1.915,3.929,-0.005,0.006,257.739,259.627,256.697
1780999103.3187149,-2.085,3.5,-0.005,0.005,257.624,259.597,256.839
1780999103.333983,-2.479,3.357,-0.005,0.005,257.489,259.695,256.879
1780999103.345078,-2.085,3.143,-0.005,0.005,257.595,259.521,256.94
1780999103.360138,-2.479,2.857,-0.005,0.004,257.432,259.598,257.029
1780999103.376307,-2.479,2.429,-0.005,0.004,257.373,259.521,257.161
1780999103.387035,-2.535,2.071,-0.005,0.003,257.318,259.478,257.257
1780999103.4020019,-2.535,2.143,-0.005,0.004,257.353,259.498,257.202
1780999103.4169421,-2.648,2.143,-0.005,0.004,257.332,259.539,257.184
1780999103.477191,-2.761,1.714,-0.006,0.003,257.24,259.499,257.315
1780999103.477532,-2.986,1.5,-0.006,0.003,257.152,259.533,257.369
1780999103.477813,-3.042,1.429,-0.006,0.003,257.144,259.535,257.377
1780999103.4780889,-3.211,0.786,-0.006,0.002,256.993,259.475,257.586
1780999103.484287,-3.268,0.643,-0.006,0.002,256.966,259.47,257.618
1780999103.499016,-3.437,0.071,-0.006,0.001,256.844,259.425,257.786
1780999103.514385,-3.38,0.429,-0.006,0.002,256.95,259.483,257.621
1780999103.5260081,-4.056,-0.143,-0.007,0.001,256.669,259.592,257.802
1780999103.5409658,-3.887,-0.357,-0.007,0.001,256.705,259.494,257.86
1780999103.55597,-4.225,-0.143,-0.007,0.001,256.662,259.642,257.76
1780999103.5672681,-3.944,0.071,-0.007,0.001,256.809,259.586,257.665
1780999103.582176,-3.831,-0.071,-0.007,0.001,256.827,259.522,257.709
1780999103.597573,-3.775,-0.143,-0.007,0.001,256.837,259.493,257.727
1780999103.608472,-3.324,0.0,-0.006,0.001,256.995,259.379,257.677
1780999103.6234381,-3.324,-0.143,-0.006,0.001,256.96,259.363,257.729
1780999103.638422,-3.268,0.071,-0.006,0.002,257.009,259.395,257.648
1780999103.678585,-3.38,0.071,-0.006,0.002,256.969,259.437,257.647
1780999103.6790211,-3.38,-0.143,-0.006,0.001,256.93,259.401,257.722
1780999103.6796238,-3.099,0.429,-0.006,0.002,257.11,259.42,257.521
1780999103.694745,-3.606,0.786,-0.007,0.003,257.006,259.647,257.407
1780999103.70637,-3.437,0.929,-0.006,0.003,257.077,259.605,257.375
1780999103.7213829,-3.493,1.286,-0.006,0.003,257.111,259.685,257.265
1780999103.736379,-3.211,1.643,-0.006,0.004,257.252,259.654,257.154
1780999103.747498,-3.099,2.0,-0.006,0.004,257.331,259.675,257.055
1780999103.7626681,-3.099,2.0,-0.006,0.004,257.309,259.669,257.083
1780999103.7776499,-2.873,2.643,-0.006,0.005,257.469,259.709,256.885
1780999103.788785,-2.761,3.0,-0.005,0.005,257.551,259.732,256.783
1780999103.803808,-2.93,3.071,-0.006,0.005,257.483,259.791,256.794
1780999103.818733,-2.817,3.0,-0.006,0.005,257.484,259.73,256.851
1780999103.833996,-2.761,3.071,-0.005,0.005,257.497,259.721,256.846
1780999103.845071,-2.761,3.5,-0.006,0.006,257.561,259.797,256.712
1780999103.8602262,-2.761,3.286,-0.006,0.005,257.513,259.753,256.8
1780999103.901587,-2.93,3.357,-0.006,0.005,257.465,259.817,256.787
1780999103.901976,-2.704,3.429,-0.005,0.005,257.535,259.754,256.778
1780999103.9023192,-2.817,3.571,-0.006,0.006,257.52,259.812,256.737
1780999103.916641,-2.761,3.786,-0.006,0.006,257.575,259.83,256.666
1780999103.92783,-2.704,3.929,-0.005,0.006,257.614,259.834,256.624
1780999103.942834,-2.817,3.857,-0.006,0.006,257.561,259.851,256.66
1780999103.9577742,-2.873,4.071,-0.006,0.006,257.577,259.901,256.597
1780999103.968933,-2.93,4.0,-0.006,0.006,257.542,259.902,256.631
1780999103.984022,-2.761,4.0,-0.006,0.006,257.596,259.84,256.635
1780999103.998982,-2.986,3.643,-0.006,0.005,257.46,259.845,256.766
1780999104.010259,-2.873,3.786,-0.006,0.006,257.522,259.834,256.714
1780999104.025864,-2.986,3.571,-0.006,0.005,257.454,259.832,256.784
1780999104.040173,-2.93,3.429,-0.006,0.005,257.451,259.791,256.826
1780999104.055713,-3.155,3.429,-0.006,0.005,257.385,259.87,256.816
1780999104.0670059,-2.873,3.143,-0.006,0.005,257.427,259.73,256.907
1780999104.081988,-2.873,3.071,-0.006,0.005,257.423,259.722,256.918
1780999104.125043,-2.93,2.714,-0.006,0.004,257.346,259.681,257.035
1780999104.1254961,-2.93,2.571,-0.006,0.004,257.326,259.669,257.066
1780999104.125838,-2.873,2.357,-0.006,0.004,257.309,259.624,257.126
1780999104.138067,-2.592,2.214,-0.005,0.004,257.374,259.524,257.157
1780999104.14914,-2.648,2.357,-0.005,0.004,257.388,259.578,257.091
1780999104.16418,-2.31,2.143,-0.005,0.004,257.458,259.443,257.151
1780999104.179146,-2.592,1.5,-0.005,0.003,257.259,259.432,257.36
1780999104.1910038,-2.817,1.071,-0.006,0.002,257.123,259.439,257.49
1780999104.2061381,-2.704,0.929,-0.006,0.002,257.148,259.393,257.509
1780999104.221144,-2.704,0.714,-0.006,0.002,257.118,259.361,257.57
1780999104.2323358,-2.648,0.857,-0.005,0.002,257.17,259.381,257.499
1780999104.2474298,-2.592,0.571,-0.005,0.002,257.146,259.326,257.577
1780999104.262364,-2.761,-0.071,-0.006,0.001,256.99,259.275,257.783
1780999104.277408,-2.704,-0.071,-0.006,0.001,257.017,259.269,257.762
1780999104.2887459,-2.479,-0.214,-0.005,0.001,257.075,259.181,257.788
1780999104.3035362,-2.197,-0.429,-0.005,0.001,257.134,259.065,257.843
1780999104.345772,-2.366,-0.357,-0.005,0.001,257.102,259.151,257.791
1780999104.346136,-2.592,-0.714,-0.005,0.0,256.977,259.166,257.902
1780999104.346465,-2.479,-0.643,-0.005,0.001,257.031,259.148,257.865
1780999104.359396,-2.704,-0.643,-0.006,0.001,256.968,259.228,257.851
1780999104.374414,-2.592,-1.143,-0.005,-0.0,256.92,259.108,258.018
1780999104.386204,-2.592,-1.143,-0.005,0.0,256.926,259.122,257.997
1780999104.401233,-2.197,-1.357,-0.005,-0.0,257.016,258.969,258.056
1780999104.4162638,-2.366,-1.143,-0.005,0.0,257.003,259.074,257.967
1780999104.4312398,-2.423,-1.286,-0.005,0.0,256.964,259.075,258.005
1780999104.442528,-2.592,-1.286,-0.006,0.0,256.913,259.138,257.995
1780999104.457407,-2.366,-1.429,-0.005,-0.0,256.96,259.042,258.042
1780999104.4724321,-2.31,-1.286,-0.005,0.0,257.002,259.059,257.983
1780999104.487463,-2.254,-1.429,-0.005,-0.0,256.995,259.015,258.033
1780999104.4987478,-2.31,-1.286,-0.005,0.0,257.002,259.06,257.981
1780999104.5138009,-2.704,-1.214,-0.006,0.0,256.894,259.199,257.955
1780999104.5285828,-2.535,-1.214,-0.005,0.0,256.948,259.137,257.961
1780999104.568963,-2.592,-1.214,-0.006,0.0,256.932,259.154,257.96
1780999104.569352,-2.761,-0.857,-0.006,0.001,256.945,259.27,257.834
1780999104.5697129,-2.535,-1.0,-0.005,0.0,256.985,259.165,257.895
1780999104.584576,-2.648,-0.786,-0.006,0.001,256.989,259.236,257.823
1780999104.59626,-2.592,-0.714,-0.005,0.001,257.016,259.223,257.807
1780999104.6113431,-2.817,-0.5,-0.006,0.001,256.981,259.334,257.735
1780999104.6262112,-2.197,-0.429,-0.005,0.001,257.175,259.14,257.728
1780999104.637341,-2.423,0.0,-0.005,0.002,257.172,259.291,257.584
1780999104.652398,-2.423,-0.214,-0.005,0.001,257.123,259.244,257.679
1780999104.667393,-2.479,0.071,-0.005,0.002,257.152,259.31,257.586
1780999104.678658,-2.648,0.214,-0.006,0.002,257.12,259.385,257.545
1780999104.6937711,-2.535,0.857,-0.005,0.003,257.261,259.454,257.337
1780999104.7087512,-2.648,1.0,-0.006,0.003,257.237,259.503,257.313
1780999104.7236311,-2.592,1.429,-0.006,0.004,257.324,259.548,257.183
1780999104.7350059,-2.592,1.214,-0.005,0.003,257.277,259.497,257.279
1780999104.7499762,-2.704,1.714,-0.006,0.004,257.318,259.615,257.125
1780999104.791936,-2.479,2.0,-0.005,0.004,257.425,259.585,257.047
1780999104.792396,-2.592,2.0,-0.006,0.004,257.374,259.614,257.071
1780999104.792762,-2.648,2.071,-0.006,0.004,257.356,259.634,257.069
1780999104.8064861,-2.479,2.143,-0.005,0.004,257.417,259.587,257.053
1780999104.8175519,-2.479,2.214,-0.005,0.004,257.419,259.592,257.047
1780999104.832706,-2.648,2.857,-0.006,0.005,257.474,259.757,256.835
1780999104.8477728,-2.254,3.143,-0.005,0.005,257.636,259.666,256.761
1780999104.8590138,-2.93,3.0,-0.006,0.005,257.39,259.85,256.83
1780999104.8740008,-2.479,3.143,-0.005,0.005,257.549,259.714,256.802
1780999104.888852,-2.761,3.214,-0.006,0.005,257.468,259.809,256.791
1780999104.900268,-2.93,3.143,-0.006,0.005,257.4,259.843,256.827
1780999104.915034,-2.817,3.286,-0.006,0.005,257.46,259.828,256.782
1780999104.9304252,-2.93,3.5,-0.006,0.006,257.465,259.897,256.711
1780999104.9456708,-3.042,3.429,-0.006,0.006,257.419,259.912,256.742
1780999104.95695,-3.042,3.286,-0.006,0.005,257.398,259.879,256.795
1780999104.971848,-3.155,3.214,-0.006,0.005,257.352,259.898,256.822
1780999105.012836,-3.042,2.929,-0.006,0.005,257.337,259.805,256.925
1780999105.0133061,-3.042,2.929,-0.006,0.005,257.341,259.804,256.922
1780999105.013652,-3.099,2.857,-0.006,0.005,257.315,259.81,256.942
1780999105.0278459,-3.042,2.786,-0.006,0.005,257.322,259.786,256.958
1780999105.038933,-2.93,2.357,-0.006,0.004,257.286,259.674,257.101
1780999105.05407,-2.873,2.214,-0.006,0.004,257.281,259.644,257.135
1780999105.068987,-2.873,2.0,-0.006,0.004,257.247,259.616,257.195
1780999105.080739,-2.873,1.571,-0.006,0.003,257.183,259.549,257.324
1780999105.09582,-2.986,1.429,-0.006,0.003,257.13,259.568,257.358
1780999105.110881,-2.986,1.571,-0.006,0.003,257.169,259.607,257.282
1780999105.121866,-2.761,1.143,-0.006,0.003,257.172,259.464,257.417
1780999105.136878,-2.817,1.214,-0.006,0.003,257.173,259.505,257.376
1780999105.151892,-2.592,0.929,-0.005,0.002,257.194,259.393,257.463
1780999105.166868,-2.592,0.786,-0.005,0.002,257.172,259.377,257.501
1780999105.178176,-2.592,0.929,-0.006,0.002,257.2,259.418,257.433
1780999105.193084,-2.423,0.571,-0.005,0.002,257.192,259.309,257.546
1780999105.2345788,-2.648,0.357,-0.006,0.002,257.09,259.355,257.605
1780999105.234957,-2.31,0.143,-0.005,0.001,257.158,259.215,257.672
1780999105.235301,-2.31,0.071,-0.005,0.001,257.147,259.22,257.677
1780999105.249092,-2.366,-0.143,-0.005,0.001,257.093,259.214,257.739
1780999105.260916,-2.197,-0.214,-0.005,0.001,257.133,259.165,257.746
1780999105.2759528,-2.197,-0.071,-0.005,0.001,257.161,259.205,257.679
1780999105.2909482,-2.254,-0.286,-0.005,0.001,257.104,259.19,257.751
1780999105.305923,-1.915,-0.429,-0.005,0.001,257.185,259.069,257.787
1780999105.317257,-1.972,-0.571,-0.005,0.001,257.139,259.076,257.827
1780999105.332277,-2.197,-0.357,-0.005,0.001,257.108,259.197,257.74
1780999105.347421,-1.746,-0.714,-0.005,0.001,257.18,258.995,257.864
1780999105.358735,-2.141,-0.286,-0.005,0.001,257.134,259.207,257.703
1780999105.373492,-1.69,-0.571,-0.004,0.001,257.222,259.016,257.801
1780999105.388323,-1.803,-0.357,-0.005,0.001,257.218,259.099,257.724
1780999105.403332,-1.577,-0.357,-0.004,0.001,257.282,259.035,257.722
1780999105.4146152,-1.69,-0.5,-0.005,0.001,257.214,259.051,257.775
1780999105.457648,-1.521,-0.357,-0.004,0.001,257.288,259.028,257.724
1780999105.458107,-1.408,-0.071,-0.004,0.002,257.362,259.05,257.627
1780999105.458466,-1.408,-0.214,-0.004,0.001,257.327,259.029,257.683
1780999105.471151,-1.239,0.0,-0.004,0.002,257.405,259.021,257.612
1780999105.486156,-1.296,0.429,-0.004,0.002,257.458,259.118,257.465
1780999105.5012329,-1.127,0.286,-0.004,0.002,257.474,259.036,257.529
1780999105.5124109,-1.296,0.571,-0.004,0.002,257.46,259.141,257.441
1780999105.527313,-1.239,0.786,-0.004,0.003,257.505,259.157,257.38
1780999105.542412,-1.352,0.929,-0.004,0.003,257.489,259.215,257.34
1780999105.55359,-1.296,0.857,-0.004,0.003,257.483,259.177,257.382
1780999105.5685408,-1.352,1.071,-0.004,0.003,257.501,259.229,257.314
1780999105.5835478,-1.352,0.786,-0.004,0.003,257.441,259.171,257.43
1780999105.594832,-1.296,1.071,-0.004,0.003,257.509,259.205,257.33
1780999105.609983,-1.577,0.929,-0.005,0.003,257.394,259.265,257.387
1780999105.624697,-1.296,1.286,-0.004,0.003,257.544,259.233,257.268
1780999105.6366389,-1.465,1.214,-0.004,0.003,257.476,259.273,257.297
1780999105.678869,-1.634,1.357,-0.005,0.003,257.444,259.345,257.259
1780999105.679334,-1.465,1.571,-0.004,0.004,257.535,259.324,257.189
1780999105.679667,-1.465,1.5,-0.004,0.003,257.517,259.304,257.226
1780999105.692687,-1.408,1.786,-0.004,0.004,257.584,259.329,257.135
1780999105.707625,-1.183,2.0,-0.004,0.004,257.688,259.289,257.071
1780999105.722657,-1.521,2.071,-0.004,0.004,257.591,259.402,257.058
1780999105.7339342,-1.634,2.071,-0.005,0.004,257.554,259.432,257.066
1780999105.748784,-1.803,1.929,-0.005,0.004,257.474,259.449,257.13
1780999105.763874,-1.69,2.357,-0.005,0.004,257.586,259.484,256.984
1780999105.775011,-1.803,2.286,-0.005,0.004,257.536,259.497,257.022
1780999105.789909,-1.972,1.857,-0.005,0.004,257.407,259.468,257.177
1780999105.804947,-1.803,2.357,-0.005,0.004,257.553,259.502,257.0
1780999105.8169868,-1.972,2.0,-0.005,0.004,257.441,259.477,257.134
1780999105.831785,-2.085,2.571,-0.005,0.005,257.515,259.613,256.931
1780999105.84698,-2.31,2.357,-0.006,0.004,257.406,259.64,257.013
1780999105.85805,-2.141,2.357,-0.005,0.004,257.465,259.573,257.019
1780999105.899563,-2.423,2.357,-0.006,0.004,257.383,259.657,257.021
1780999105.899931,-2.31,2.071,-0.005,0.004,257.372,259.558,257.125
1780999105.9002671,-2.648,2.071,-0.006,0.004,257.273,259.664,257.124
1780999105.913982,-2.479,1.857,-0.006,0.004,257.292,259.566,257.199
1780999105.928807,-2.592,2.214,-0.006,0.004,257.331,259.665,257.065
1780999105.943848,-2.423,2.357,-0.005,0.004,257.411,259.633,257.016
1780999105.955675,-2.592,2.214,-0.006,0.004,257.334,259.658,257.069
1780999105.970678,-2.648,2.143,-0.006,0.004,257.305,259.659,257.096
1780999105.985725,-2.366,2.357,-0.005,0.004,257.431,259.604,257.023
1780999105.996968,-2.873,2.643,-0.006,0.005,257.329,259.813,256.925
1780999106.0119848,-2.986,2.357,-0.006,0.004,257.244,259.789,257.033
1780999106.026955,-2.986,2.571,-0.006,0.005,257.285,259.823,256.959
1780999106.038122,-3.155,2.643,-0.006,0.005,257.253,259.884,256.934
1780999106.053123,-2.93,3.0,-0.006,0.005,257.39,259.866,256.814
1780999106.0682728,-2.93,2.429,-0.006,0.004,257.288,259.757,257.02
1780999106.079482,-2.93,2.571,-0.006,0.005,257.313,259.782,256.97
1780999106.121578,-3.211,2.429,-0.007,0.004,257.203,259.845,257.02
1780999106.122,-3.324,2.214,-0.007,0.004,257.137,259.841,257.09
1780999106.1223412,-3.099,2.214,-0.006,0.004,257.216,259.769,257.08
1780999106.1358762,-2.93,2.143,-0.006,0.004,257.259,259.707,257.096
1780999106.1508522,-3.099,2.0,-0.006,0.004,257.183,259.736,257.144
1780999106.1658509,-2.986,2.286,-0.006,0.004,257.273,259.756,257.035
1780999106.1771898,-2.986,1.857,-0.006,0.004,257.202,259.679,257.18
1780999106.1918662,-3.155,2.071,-0.006,0.004,257.193,259.777,257.095
1780999106.2070029,-3.155,2.143,-0.006,0.004,257.21,259.788,257.068
1780999106.218125,-3.211,2.0,-0.006,0.004,257.17,259.78,257.115
1780999106.233215,-2.817,1.786,-0.006,0.004,257.257,259.615,257.187
1780999106.2480152,-2.873,1.929,-0.006,0.004,257.263,259.667,257.13
1780999106.259388,-2.817,1.786,-0.006,0.004,257.252,259.628,257.179
1780999106.274372,-2.592,1.857,-0.006,0.004,257.33,259.576,257.151
1780999106.289273,-2.479,2.0,-0.005,0.004,257.379,259.582,257.096
1780999106.301172,-2.423,1.857,-0.005,0.004,257.361,259.545,257.15
1780999106.343457,-2.479,1.5,-0.006,0.003,257.274,259.508,257.272
1780999106.34381,-2.197,1.429,-0.005,0.003,257.347,259.414,257.29
1780999106.344136,-2.31,1.571,-0.005,0.003,257.337,259.489,257.227
1780999106.357093,-2.31,1.5,-0.005,0.003,257.322,259.484,257.247
1780999106.372061,-2.366,1.214,-0.005,0.003,257.251,259.457,257.344
1780999106.387157,-2.141,1.143,-0.005,0.003,257.311,259.379,257.359
1780999106.3983319,-2.141,0.714,-0.005,0.002,257.239,259.309,257.499
1780999106.4134579,-2.254,0.857,-0.005,0.003,257.237,259.386,257.427
1780999106.428391,-2.085,0.571,-0.005,0.002,257.239,259.292,257.516
1780999106.4395578,-2.085,0.5,-0.005,0.002,257.227,259.293,257.526
1780999106.454613,-1.803,0.071,-0.005,0.001,257.237,259.134,257.671
1780999106.4695108,-2.254,0.5,-0.005,0.002,257.178,259.371,257.5
1780999106.481437,-1.972,0.357,-0.005,0.002,257.243,259.262,257.54
1780999106.49652,-1.915,-0.071,-0.005,0.001,257.19,259.175,257.679
1780999106.511368,-1.859,-0.143,-0.005,0.001,257.197,259.153,257.694
1780999106.526187,-2.028,-0.286,-0.005,0.001,257.125,259.191,257.728
1780999106.566627,-2.028,-0.5,-0.005,0.001,257.097,259.161,257.786
1780999106.567013,-1.972,-0.571,-0.005,0.001,257.108,259.137,257.798
1780999106.567363,-1.915,-0.5,-0.005,0.001,257.141,259.14,257.763
1780999106.5784068,-1.803,-0.357,-0.005,0.001,257.207,259.138,257.697
1780999106.5933309,-1.972,-0.857,-0.005,0.001,257.066,259.108,257.87
1780999106.608347,-1.859,-1.0,-0.005,0.0,257.076,259.054,257.911
1780999106.623296,-1.859,-0.643,-0.005,0.001,257.14,259.131,257.772
1780999106.63451,-1.859,-0.857,-0.005,0.001,257.105,259.091,257.847
1780999106.649617,-1.859,-0.643,-0.005,0.001,257.139,259.133,257.771
1780999106.66446,-1.521,-0.786,-0.004,0.001,257.213,259.005,257.821
1780999106.6765099,-1.859,-0.5,-0.005,0.001,257.157,259.177,257.71
1780999106.691514,-1.746,-0.643,-0.005,0.001,257.165,259.113,257.763
1780999106.706476,-1.577,-0.429,-0.005,0.001,257.253,259.097,257.691
1780999106.7214038,-1.69,-0.643,-0.005,0.001,257.176,259.101,257.765
1780999106.732608,-1.803,-0.786,-0.005,0.001,257.118,259.109,257.816
1780999106.747498,-1.859,-0.5,-0.005,0.001,257.149,259.177,257.717
1780999106.790283,-2.028,-0.429,-0.005,0.001,257.109,259.244,257.693
1780999106.79071,-1.859,-0.214,-0.005,0.002,257.204,259.222,257.619
1780999106.791054,-1.859,-0.071,-0.005,0.002,257.226,259.239,257.58
1780999106.803604,-1.803,-0.071,-0.005,0.002,257.238,259.217,257.589
1780999106.81868,-1.69,0.143,-0.005,0.002,257.305,259.215,257.524
1780999106.829685,-1.634,0.071,-0.005,0.002,257.3,259.179,257.563
1780999106.844813,-1.746,0.143,-0.005,0.002,257.271,259.23,257.544
1780999106.859732,-1.746,0.143,-0.005,0.002,257.268,259.226,257.55
1780999106.871565,-1.408,-0.5,-0.004,0.001,257.253,259.004,257.782
1780999106.886745,-1.07,-1.571,-0.004,-0.001,257.164,258.721,258.15
1780999106.901679,-0.451,-2.357,-0.003,-0.002,257.218,258.409,258.405
1780999106.916756,0.845,-4.429,-0.001,-0.005,257.246,257.703,259.092
1780999106.927967,2.479,-6.786,0.001,-0.008,257.323,256.901,259.845
1780999106.9428911,4.789,-10.143,0.004,-0.012,257.424,255.781,260.941
1780999106.957731,7.042,-12.571,0.007,-0.015,257.673,254.842,261.718
1780999106.969036,8.225,-14.214,0.009,-0.018,257.733,254.297,262.274
1780999107.0110972,10.366,-17.071,0.012,-0.021,257.857,253.391,263.197
1780999107.011456,11.775,-18.857,0.013,-0.023,257.943,252.895,263.696
1780999107.013692,14.366,-20.5,0.017,-0.025,258.415,252.103,264.136
1780999107.0247092,17.07,-23.929,0.02,-0.029,258.586,251.022,265.306
1780999107.039819,18.197,-25.0,0.021,-0.031,258.717,250.659,265.625
1780999107.054583,-7.549,-26.429,-0.019,-0.032,250.983,258.148,265.859
1780999107.0694778,-7.549,-26.429,-0.019,-0.032,250.983,258.148,265.859
1780999107.084543,-7.549,-26.429,-0.019,-0.032,250.983,258.148,265.859
1780999107.0965939,21.634,-31.429,0.026,-0.038,258.828,249.102,267.584
1780999107.111451,23.944,-33.357,0.028,-0.039,259.061,248.58,268.035
1780999107.126425,23.944,-33.357,0.028,-0.039,259.061,248.58,268.035
1780999107.141065,26.817,-33.5,0.032,-0.039,259.907,247.915,267.972
1780999107.15249,26.817,-33.5,0.032,-0.039,259.907,247.915,267.972
1780999107.1673658,31.887,-29.857,0.038,-0.033,261.99,247.525,266.157
1780999107.1822479,32.789,-29.571,0.039,-0.032,262.237,247.444,266.0
1780999107.2246258,32.789,-29.571,0.039,-0.032,262.237,247.444,266.0
1780999107.225067,35.775,-26.286,0.042,-0.027,263.534,247.46,264.618
1780999107.225409,35.775,-26.286,0.042,-0.027,263.534,247.46,264.618
1780999107.2377658,36.394,-22.786,0.041,-0.022,264.087,248.043,263.301
1780999107.252676,36.394,-22.786,0.041,-0.022,264.087,248.043,263.301
1780999107.264106,36.338,-19.357,0.041,-0.017,264.657,248.638,261.999
1780999107.2787771,36.282,-16.857,0.04,-0.014,264.907,249.094,261.204
1780999107.293791,36.507,-14.571,0.04,-0.01,265.349,249.403,260.426
1780999107.308843,36.394,-11.214,0.039,-0.006,265.667,249.954,259.491
1780999107.320777,36.676,-8.857,0.039,-0.004,266.062,250.224,258.833
1780999107.334987,36.845,-6.643,0.039,-0.001,266.39,250.485,258.253
1780999107.349878,36.676,-5.429,0.039,0.0,266.49,250.7,257.926
1780999107.361802,36.338,-0.357,0.038,0.007,267.161,251.491,256.498
1780999107.376631,35.662,1.071,0.037,0.008,267.041,251.819,256.243
1780999107.3915951,35.662,1.071,0.037,0.008,267.041,251.819,256.243
1780999107.4028459,33.746,4.929,0.034,0.013,267.015,252.882,255.144
1780999107.4454348,32.563,6.714,0.032,0.014,266.786,253.299,254.897
1780999107.445876,31.549,8.357,0.031,0.015,266.678,253.711,254.564
1780999107.446212,30.197,9.571,0.029,0.017,266.403,254.234,254.256
1780999107.458935,28.451,12.357,0.027,0.02,266.294,254.954,253.63
1780999107.474048,26.873,14.143,0.025,0.021,266.062,255.468,253.313
1780999107.485858,24.563,16.357,0.022,0.023,265.679,256.286,252.835
1780999107.500858,23.775,17.357,0.021,0.024,265.616,256.515,252.669
1780999107.51584,22.085,19.0,0.02,0.026,265.386,257.056,252.346
1780999107.5271869,19.775,20.071,0.017,0.026,264.834,257.7,252.192
1780999107.54218,17.859,21.643,0.014,0.028,264.522,258.409,251.799
1780999107.5570922,15.775,22.214,0.012,0.029,263.971,258.975,251.735
1780999107.568386,14.535,22.714,0.01,0.029,263.723,259.263,251.681
1780999107.5835578,12.0,23.643,0.007,0.03,263.165,259.971,251.515
1780999107.598429,9.69,23.5,0.005,0.029,262.508,260.415,251.672
1780999107.609802,7.437,23.857,0.002,0.029,261.989,260.952,251.644
1780999107.6247091,6.085,24.286,0.001,0.03,261.74,261.307,251.55
1780999107.6652968,4.338,23.857,-0.001,0.029,261.199,261.64,251.727
1780999107.6657002,1.127,23.929,-0.005,0.029,260.366,262.469,251.747
1780999107.6665401,-1.296,23.143,-0.008,0.027,259.663,262.876,252.024
1780999107.681618,-3.944,22.714,-0.011,0.027,258.972,263.452,252.161
1780999107.696485,-5.352,22.0,-0.012,0.025,258.477,263.716,252.391
1780999107.7075882,-7.718,21.143,-0.015,0.024,257.759,264.203,252.648
1780999107.722692,-9.859,19.357,-0.018,0.022,256.973,264.423,253.199
1780999107.737621,-12.0,18.5,-0.02,0.021,256.473,264.764,253.394
1780999107.7527292,-14.141,17.214,-0.022,0.019,255.887,265.043,253.729
1780999107.7641249,-15.606,16.357,-0.023,0.018,255.484,265.257,253.946
1780999107.7793028,-17.239,14.429,-0.025,0.016,254.859,265.314,254.515
1780999107.7942998,-19.38,12.357,-0.027,0.013,254.164,265.487,255.07
1780999107.809195,-21.408,11.0,-0.029,0.012,253.624,265.786,255.376
1780999107.821107,-23.268,9.143,-0.032,0.009,252.954,265.98,255.91
1780999107.8360808,-24.507,7.571,-0.033,0.007,252.532,266.01,256.331
1780999107.850854,-26.254,5.429,-0.035,0.005,251.873,266.117,256.948
1780999107.893642,-27.493,3.143,-0.036,0.002,251.437,265.986,257.535
1780999107.894104,-28.338,0.857,-0.037,-0.001,251.012,265.758,258.202
1780999107.894444,-29.803,-0.714,-0.038,-0.002,250.614,265.913,258.518
1780999107.906889,-30.254,-2.286,-0.038,-0.004,250.4,265.718,258.931
1780999107.922005,-31.38,-4.857,-0.039,-0.007,249.835,265.569,259.717
1780999107.933147,-32.282,-6.143,-0.04,-0.008,249.618,265.617,259.929
1780999107.947993,-33.408,-8.286,-0.041,-0.011,249.185,265.57,260.486
1780999107.963153,-33.915,-10.071,-0.042,-0.012,248.968,265.382,260.918
1780999107.9781919,-34.254,-12.429,-0.042,-0.015,248.686,265.035,261.584
1780999107.993133,-34.704,-13.571,-0.042,-0.016,248.546,264.994,261.795
1780999108.004498,-34.986,-14.286,-0.042,-0.017,248.407,264.958,262.002
1780999108.019705,-35.549,-16.714,-0.043,-0.02,248.026,264.7,262.725
1780999108.034656,-35.38,-18.071,-0.042,-0.021,247.99,264.417,263.045
1780999108.0495548,-35.662,-19.0,-0.043,-0.022,247.878,264.39,263.216
1780999108.064544,-35.155,-19.929,-0.042,-0.022,247.96,264.086,263.408
1780999108.108156,-35.099,-20.714,-0.042,-0.023,247.923,263.971,263.57
1780999108.108614,-35.099,-20.714,-0.042,-0.023,247.923,263.971,263.57
1780999108.10896,-33.972,-22.143,-0.04,-0.025,248.021,263.314,264.102
1780999108.121017,-32.845,-22.857,-0.038,-0.025,248.251,262.901,264.223
1780999108.136168,-32.338,-22.857,-0.038,-0.025,248.399,262.85,264.084
1780999108.147533,-31.775,-23.357,-0.037,-0.025,248.465,262.673,264.18
1780999108.162205,-30.592,-23.357,-0.035,-0.025,248.769,262.344,264.125
1780999108.177192,-28.958,-22.786,-0.033,-0.024,249.249,262.026,263.838
1780999108.192158,-29.127,-23.571,-0.034,-0.025,249.057,261.968,264.144
1780999108.207276,-27.099,-21.857,-0.031,-0.022,249.822,261.71,263.44
1780999108.222293,-25.465,-20.571,-0.029,-0.021,250.353,261.537,262.956
1780999108.23366,-23.831,-19.571,-0.027,-0.019,250.826,261.298,262.621
1780999108.248817,-22.761,-18.643,-0.026,-0.018,251.126,261.228,262.328
1780999108.26377,-21.69,-17.643,-0.025,-0.017,251.485,261.132,261.995
1780999108.278584,-19.606,-16.214,-0.022,-0.015,252.188,260.785,261.517
1780999108.319857,-17.972,-15.143,-0.02,-0.013,252.762,260.49,261.149
1780999108.320252,-15.887,-12.929,-0.017,-0.01,253.478,260.349,260.474
1780999108.32061,-14.535,-12.0,-0.016,-0.009,253.857,260.161,260.239
1780999108.334516,-13.239,-10.571,-0.015,-0.008,254.306,260.082,259.821
1780999108.349581,-11.324,-8.429,-0.012,-0.005,255.15,259.898,259.088
1780999108.364438,-8.958,-5.571,-0.009,-0.001,256.02,259.774,258.293
1780999108.3761148,-7.831,-4.429,-0.008,-0.0,256.344,259.693,258.037
1780999108.391178,-5.915,-2.214,-0.006,0.003,257.216,259.519,257.32
1780999108.40643,-3.831,-0.143,-0.003,0.005,257.978,259.303,256.772
1780999108.4174771,-2.085,1.929,-0.002,0.007,258.519,259.229,256.317
1780999108.4325278,-0.056,4.429,0.001,0.011,259.383,259.099,255.619
1780999108.447366,1.746,5.929,0.002,0.012,259.868,258.896,255.358
1780999108.458508,1.746,5.929,0.002,0.012,259.868,258.896,255.358
1780999108.4732711,4.507,8.0,0.006,0.014,260.899,258.468,254.82
1780999108.488134,6.93,10.929,0.009,0.018,261.979,258.311,254.011
1780999108.49943,8.282,12.286,0.01,0.02,262.553,258.166,253.65
1780999108.543861,10.197,13.714,0.013,0.021,263.176,257.904,253.365
1780999108.5442939,10.986,14.5,0.013,0.021,263.305,257.875,253.284
1780999108.5446022,13.521,16.5,0.016,0.024,264.304,257.518,252.788
1780999108.556017,15.211,17.857,0.017,0.025,264.754,257.349,252.579
1780999108.571024,15.944,18.143,0.018,0.025,264.943,257.21,252.557
1780999108.582196,17.408,19.071,0.019,0.025,265.289,257.03,252.447
1780999108.597342,18.423,19.714,0.02,0.026,265.571,256.901,252.344
1780999108.612076,20.282,20.643,0.022,0.026,266.129,256.598,252.189
1780999108.62326,20.338,20.643,0.022,0.026,266.05,256.616,252.233
1780999108.638206,22.085,21.714,0.025,0.028,266.832,256.302,251.922
1780999108.6531541,22.93,22.214,0.025,0.028,266.955,256.244,251.882
1780999108.668193,23.662,22.5,0.026,0.028,267.121,256.135,251.859
1780999108.6792939,23.831,22.5,0.025,0.028,267.024,256.145,251.923
1780999108.6943119,24.056,22.357,0.025,0.027,267.011,256.079,251.995
1780999108.709329,25.239,21.571,0.027,0.026,267.103,255.678,252.302
1780999108.7211132,25.577,20.857,0.027,0.025,266.978,255.519,252.55
1780999108.762948,25.972,20.357,0.027,0.024,266.944,255.377,252.712
1780999108.763388,26.085,19.5,0.027,0.023,266.722,255.289,252.968
1780999108.7636962,25.972,18.071,0.026,0.021,266.33,255.16,253.4
1780999108.7772422,25.859,17.143,0.026,0.02,266.089,255.105,253.645
1780999108.792459,25.521,15.429,0.025,0.017,265.629,254.973,254.144
1780999108.803623,25.239,14.5,0.025,0.016,265.368,254.939,254.391
1780999108.8187919,24.789,13.0,0.024,0.014,264.971,254.871,254.785
1780999108.833791,24.394,12.071,0.024,0.013,264.728,254.875,254.984
1780999108.844905,23.718,10.643,0.023,0.012,264.299,254.863,255.358
1780999108.860697,23.437,8.857,0.023,0.009,263.913,254.664,255.891
1780999108.875743,23.268,7.857,0.022,0.008,263.742,254.572,256.133
1780999108.886771,21.859,5.286,0.02,0.005,262.882,254.591,256.873
1780999108.901802,21.69,4.071,0.02,0.004,262.74,254.469,257.128
1780999108.916777,21.69,4.071,0.02,0.004,262.74,254.469,257.128
1780999108.9280288,19.887,0.929,0.018,-0.0,261.699,254.501,258.05
1780999108.942768,19.042,-1.0,0.017,-0.002,261.244,254.451,258.533
1780999108.985921,17.521,-2.714,0.015,-0.005,260.481,254.616,259.091
1780999108.9863849,16.676,-4.786,0.014,-0.007,259.979,254.515,259.695
1780999108.986746,15.549,-6.0,0.012,-0.008,259.562,254.648,259.966
1780999108.998935,14.085,-7.714,0.011,-0.01,259.026,254.783,260.363
1780999109.014037,12.901,-9.571,0.01,-0.012,258.553,254.803,260.829
1780999109.029094,11.437,-11.5,0.008,-0.014,257.976,254.897,261.333
1780999109.0408142,10.141,-12.5,0.007,-0.015,257.618,255.086,261.503
1780999109.055802,9.239,-12.714,0.006,-0.014,257.441,255.294,261.461
1780999109.070761,7.38,-14.429,0.003,-0.016,256.768,255.506,261.954
1780999109.081847,7.042,-14.643,0.003,-0.017,256.698,255.552,261.981
1780999109.0969222,4.451,-16.0,-0.001,-0.018,255.828,256.046,262.394
1780999109.111954,3.437,-16.571,-0.002,-0.019,255.506,256.222,262.561
1780999109.126879,1.634,-17.286,-0.004,-0.02,255.02,256.571,262.725
1780999109.138211,-0.113,-17.929,-0.006,-0.02,254.64,256.874,262.824
1780999109.153281,-1.859,-18.0,-0.008,-0.02,254.34,257.274,262.727
1780999109.168246,-3.38,-18.357,-0.009,-0.02,254.038,257.55,262.774
1780999109.211325,-4.901,-18.214,-0.011,-0.019,253.807,257.917,262.641
1780999109.211705,-6.423,-18.286,-0.012,-0.019,253.524,258.248,262.613
1780999109.21204,-7.718,-18.5,-0.014,-0.019,253.222,258.523,262.67
1780999109.224551,-9.014,-18.0,-0.015,-0.018,253.08,258.886,262.446
1780999109.2394712,-10.479,-17.571,-0.017,-0.018,252.828,259.329,262.273
1780999109.254473,-11.775,-16.857,-0.018,-0.017,252.712,259.712,262.006
1780999109.2693892,-12.113,-16.5,-0.018,-0.016,252.716,259.833,261.876
1780999109.281034,-14.535,-14.929,-0.022,-0.014,252.365,260.796,261.299
1780999109.296224,-15.887,-13.714,-0.023,-0.012,252.262,261.318,260.896
1780999109.3111591,-16.394,-13.286,-0.024,-0.012,252.227,261.489,260.767
1780999109.3261921,-18.028,-11.929,-0.025,-0.01,252.096,262.059,260.36
1780999109.341027,-18.704,-11.429,-0.026,-0.01,252.052,262.225,260.251
1780999109.3522618,-20.225,-9.571,-0.028,-0.007,251.983,262.955,259.635
1780999109.367145,-20.958,-8.0,-0.028,-0.005,252.106,263.272,259.201
1780999109.382167,-21.634,-6.429,-0.028,-0.003,252.217,263.593,258.781
1780999109.424883,-22.085,-5.429,-0.029,-0.002,252.272,263.815,258.519
1780999109.425343,-22.93,-3.786,-0.03,-0.0,252.315,264.306,258.031
1780999109.4256861,-23.268,-1.786,-0.03,0.002,252.554,264.621,257.493
1780999109.43816,-24.056,-0.071,-0.031,0.004,252.599,265.061,257.063
1780999109.453186,-24.282,0.571,-0.031,0.005,252.632,265.149,256.952
1780999109.464343,-25.183,3.143,-0.032,0.008,252.786,265.889,256.162
1780999109.479286,-25.127,4.0,-0.032,0.009,252.934,265.977,255.933
1780999109.494209,-25.521,6.214,-0.032,0.012,253.155,266.448,255.317
1780999109.5090759,-25.296,7.071,-0.032,0.012,253.326,266.407,255.175
1780999109.520739,-25.296,7.071,-0.032,0.012,253.326,266.407,255.175
1780999109.5358222,-25.296,7.071,-0.032,0.012,253.326,266.407,255.175
1780999109.5507882,-25.014,10.714,-0.031,0.017,253.928,266.886,254.179
1780999109.565988,-24.958,10.714,-0.031,0.016,253.856,266.699,254.399
1780999109.577305,-24.563,11.5,-0.03,0.016,254.025,266.605,254.304
1780999109.592281,-23.944,12.286,-0.029,0.017,254.266,266.459,254.179
1780999109.607019,-23.268,12.429,-0.028,0.017,254.412,266.187,254.251
1780999109.6492531,-23.155,13.071,-0.028,0.018,254.528,266.274,254.066
1780999109.649585,-21.803,13.5,-0.026,0.018,254.937,265.864,253.99
1780999109.649948,-20.732,13.786,-0.025,0.018,255.2,265.554,253.982
1780999109.662899,-20.169,13.929,-0.024,0.018,255.288,265.419,254.005
1780999109.678037,-18.648,13.643,-0.022,0.017,255.664,264.827,254.122
1780999109.689208,-17.972,13.929,-0.021,0.018,255.838,264.698,254.059
1780999109.704253,-17.352,13.357,-0.021,0.017,255.816,264.459,254.278
1780999109.7191832,-15.606,13.214,-0.018,0.016,256.221,263.915,254.34
1780999109.734466,-14.479,12.714,-0.017,0.016,256.373,263.539,254.51
1780999109.7461681,-13.521,11.786,-0.016,0.014,256.409,263.145,254.813
1780999109.7613282,-12.056,11.286,-0.014,0.013,256.706,262.637,254.965
1780999109.776345,-10.93,11.214,-0.013,0.014,256.97,262.348,254.962
1780999109.79121,-9.296,10.5,-0.011,0.013,257.273,261.772,255.178
1780999109.802451,-7.831,9.643,-0.009,0.011,257.457,261.303,255.42
1780999109.817229,-7.831,9.643,-0.009,0.011,257.457,261.303,255.42
1780999109.8322299,-5.577,8.286,-0.006,0.01,257.832,260.445,255.84
1780999109.878197,-4.113,7.0,-0.005,0.008,257.972,259.888,256.224
1780999109.878668,-2.366,6.214,-0.003,0.007,258.251,259.421,256.393
1780999109.879005,-1.577,5.286,-0.002,0.006,258.254,259.146,256.653
1780999109.884224,0.676,3.714,0.0,0.004,258.566,258.373,257.097
1780999109.8992288,0.676,3.714,0.0,0.004,258.566,258.373,257.097
1780999109.914312,3.155,1.857,0.003,0.002,258.898,257.518,257.618
1780999109.9260218,4.62,0.571,0.005,0.0,259.017,257.088,257.936
1780999109.9408488,5.634,0.0,0.006,-0.0,259.166,256.83,258.052
1780999109.955731,7.211,-0.714,0.007,-0.001,259.441,256.445,258.178
1780999109.96715,8.113,-1.5,0.008,-0.002,259.519,256.175,258.381
1780999109.9819698,9.915,-2.5,0.011,-0.003,259.843,255.605,258.66
1780999109.997417,10.704,-3.429,0.011,-0.004,259.852,255.357,258.914
1780999110.008229,12.225,-4.357,0.013,-0.005,260.108,254.888,259.162
1780999110.023276,13.296,-5.643,0.014,-0.006,260.119,254.56,259.507
1780999110.038111,14.197,-6.286,0.015,-0.007,260.207,254.377,259.619
1780999110.049553,15.324,-6.714,0.016,-0.007,260.418,254.144,259.666
1780999110.093345,16.0,-7.571,0.017,-0.008,260.426,253.907,259.919
1780999110.093736,16.789,-8.071,0.017,-0.008,260.524,253.744,260.003
1780999110.094207,17.69,-8.429,0.018,-0.009,260.711,253.513,260.075
1780999110.106008,18.986,-8.929,0.02,-0.009,261.019,253.102,260.233
1780999110.121042,19.437,-9.643,0.02,-0.01,260.946,253.008,260.41
1780999110.136051,20.056,-9.643,0.021,-0.01,261.105,252.919,260.355
1780999110.1508648,20.338,-10.286,0.021,-0.011,261.014,252.851,260.521
1780999110.1621702,20.451,-10.286,0.021,-0.011,261.035,252.853,260.498
1780999110.176975,21.127,-10.643,0.021,-0.011,261.14,252.697,260.572
1780999110.192069,21.465,-10.857,0.022,-0.011,261.168,252.646,260.603
1780999110.207159,21.634,-10.214,0.022,-0.01,261.322,252.752,260.33
1780999110.2183821,22.028,-11.0,0.022,-0.011,261.262,252.563,260.605
1780999110.233553,22.141,-10.714,0.022,-0.01,261.327,252.622,260.474
1780999110.248414,22.085,-10.286,0.022,-0.01,261.36,252.741,260.306
1780999110.263468,22.085,-9.643,0.022,-0.009,261.459,252.867,260.066
1780999110.30651,22.085,-9.429,0.022,-0.008,261.485,252.905,259.998
1780999110.3069608,22.085,-9.429,0.022,-0.008,261.485,252.905,259.998
1780999110.307313,22.085,-9.429,0.022,-0.008,261.485,252.905,259.998
1780999110.315784,20.732,-7.357,0.02,-0.005,261.411,253.608,259.287
1780999110.3309288,20.338,-6.786,0.019,-0.005,261.381,253.759,259.152
1780999110.3458738,20.0,-6.214,0.019,-0.004,261.373,253.914,258.989
1780999110.360998,19.211,-5.929,0.018,-0.004,261.165,254.123,258.961
1780999110.372152,18.535,-4.857,0.017,-0.003,261.159,254.427,258.64
1780999110.387056,17.69,-4.071,0.016,-0.002,261.049,254.726,258.425
1780999110.4022138,16.901,-3.429,0.015,-0.001,260.937,254.973,258.27
1780999110.413322,16.338,-2.286,0.014,0.0,260.985,255.27,257.912
1780999110.42827,15.775,-1.786,0.014,0.001,260.909,255.451,257.795
1780999110.443558,14.254,-0.857,0.012,0.002,260.616,255.944,257.562
1780999110.45473,13.127,0.214,0.01,0.003,260.493,256.339,257.276
1780999110.4697611,12.225,1.143,0.009,0.004,260.402,256.684,257.013
1780999110.484433,11.099,1.643,0.008,0.005,260.183,256.969,256.934
1780999110.527067,10.028,2.357,0.007,0.006,260.008,257.328,256.742
1780999110.527442,8.225,3.571,0.004,0.007,259.672,258.054,256.347
1780999110.5277739,7.324,3.429,0.003,0.007,259.385,258.24,256.438
1780999110.537202,5.746,4.214,0.001,0.008,259.095,258.737,256.235
1780999110.552067,4.732,5.143,0.0,0.009,259.05,259.009,256.018
1780999110.567174,3.944,5.857,-0.001,0.01,258.994,259.253,255.84
1780999110.578243,2.704,6.571,-0.002,0.01,258.817,259.59,255.691
1780999110.593199,1.69,7.786,-0.003,0.012,258.802,259.954,255.368
1780999110.607996,0.0,8.214,-0.005,0.012,258.426,260.403,255.311
1780999110.6192698,0.0,8.214,-0.005,0.012,258.426,260.403,255.311
1780999110.634219,-2.254,8.929,-0.008,0.013,257.945,261.074,255.158
1780999110.649269,-26.254,50.571,-0.045,0.077,257.91,280.323,242.315
1780999110.660992,-4.958,10.357,-0.01,0.013,257.502,261.564,255.143
1780999110.675643,-6.085,9.071,-0.011,0.011,256.964,261.66,255.578
1780999110.690511,-6.085,9.071,-0.011,0.011,256.964,261.66,255.578
1780999110.701678,-8.563,9.0,-0.015,0.011,256.31,262.398,255.563
1780999110.745892,-9.014,9.0,-0.015,0.011,256.235,262.501,255.546
1780999110.746316,-10.592,8.786,-0.017,0.011,255.78,262.949,255.604
1780999110.746644,-11.324,8.786,-0.018,0.011,255.691,263.087,255.572
1780999110.7572238,-12.282,8.714,-0.019,0.011,255.452,263.348,255.583
1780999110.772187,-12.282,8.714,-0.019,0.011,255.452,263.348,255.583
1780999110.786915,-14.986,8.714,-0.022,0.011,254.854,264.086,255.548
1780999110.797865,-15.268,8.5,-0.023,0.011,254.8,264.075,255.613
1780999110.812924,-15.268,8.5,-0.023,0.011,254.8,264.075,255.613
1780999110.827968,-17.296,8.429,-0.025,0.011,254.396,264.568,255.603
1780999110.843362,-18.535,8.0,-0.026,0.01,254.134,264.742,255.724
1780999110.854192,-18.648,7.429,-0.025,0.009,254.11,264.567,255.897
1780999110.8692632,-19.324,7.0,-0.026,0.009,253.977,264.598,256.008
1780999110.884254,-19.831,6.214,-0.026,0.008,253.821,264.525,256.232
1780999110.896075,-20.225,5.857,-0.026,0.007,253.754,264.525,256.302
1780999110.9111629,-20.732,5.429,-0.027,0.007,253.622,264.568,256.402
1780999110.9261608,-20.732,4.571,-0.027,0.006,253.537,264.363,256.669
1780999110.967631,-21.296,4.071,-0.027,0.005,253.369,264.436,256.782
1780999110.9680152,-21.296,3.286,-0.027,0.004,253.309,264.266,256.994
1780999110.968371,-21.521,2.357,-0.027,0.003,253.155,264.16,257.25
1780999110.982178,-21.183,1.143,-0.026,0.002,253.11,263.81,257.608
1780999110.993568,-20.901,0.786,-0.026,0.001,253.168,263.662,257.678
1780999111.008419,-20.901,0.0,-0.026,0.001,253.085,263.54,257.877
1780999111.0234292,-20.958,-0.286,-0.026,0.0,253.061,263.544,257.899
1780999111.03846,-20.732,-1.429,-0.026,-0.001,252.964,263.285,258.239
1780999111.0497549,-20.451,-2.143,-0.025,-0.002,252.953,263.095,258.425
1780999111.064341,-20.169,-2.143,-0.025,-0.002,253.047,263.04,258.373
1780999111.079272,-20.169,-2.143,-0.025,-0.002,253.047,263.04,258.373
1780999111.094151,-18.592,-3.714,-0.022,-0.004,253.245,262.211,258.926
1780999111.1092749,-17.746,-4.071,-0.021,-0.004,253.424,261.938,258.987
1780999111.121359,-17.127,-4.929,-0.021,-0.005,253.441,261.692,259.202
1780999111.1361642,-16.282,-5.214,-0.02,-0.005,253.613,261.482,259.214
1780999111.15131,-15.718,-5.857,-0.019,-0.006,253.648,261.25,259.399
1780999111.1939268,-14.592,-6.071,-0.018,-0.006,253.902,260.956,259.405
1780999111.1943018,-13.465,-6.143,-0.016,-0.006,254.171,260.69,259.369
1780999111.194635,-12.507,-6.5,-0.015,-0.006,254.333,260.422,259.455
1780999111.2072792,-11.606,-6.643,-0.014,-0.006,254.513,260.214,259.464
1780999111.2221398,-10.873,-6.571,-0.014,-0.006,254.676,260.097,259.402
1780999111.23715,-9.859,-6.857,-0.012,-0.006,254.88,259.787,259.489
1780999111.248245,-8.901,-6.714,-0.011,-0.006,255.163,259.542,259.427
1780999111.263493,-7.775,-6.643,-0.01,-0.006,255.42,259.317,259.377
1780999111.278479,-6.761,-6.571,-0.009,-0.006,255.635,259.125,259.34
1780999111.293616,-5.465,-6.857,-0.007,-0.006,255.872,258.775,259.44
1780999111.304707,-4.113,-6.357,-0.006,-0.005,256.264,258.552,259.251
1780999111.319834,-3.606,-6.071,-0.005,-0.005,256.394,258.518,259.15
1780999111.334738,-2.197,-6.143,-0.004,-0.005,256.697,258.164,259.191
1780999111.349777,-1.07,-5.429,-0.002,-0.004,257.061,258.038,258.941
1780999111.361608,0.225,-5.643,-0.001,-0.004,257.298,257.692,259.049
1780999111.376532,1.014,-4.286,-0.0,-0.002,257.659,257.786,258.585
1780999111.418622,2.028,-4.286,0.001,-0.003,257.892,257.523,258.615
1780999111.4190001,2.028,-4.286,0.001,-0.003,257.892,257.523,258.615
1780999111.41936,4.225,-2.786,0.004,-0.001,258.702,257.208,258.125
1780999111.432603,4.789,-0.5,0.004,0.003,259.133,257.524,257.384
1780999111.443734,4.958,1.786,0.004,0.006,259.494,257.91,256.656
1780999111.458722,5.408,5.071,0.004,0.011,260.192,258.366,255.562
1780999111.473421,6.197,11.071,0.005,0.019,261.423,259.179,253.697
1780999111.4846878,6.197,11.071,0.005,0.019,261.423,259.179,253.697
1780999111.49981,6.704,17.857,0.006,0.029,262.676,260.183,251.734
1780999111.51456,7.324,21.071,0.006,0.032,263.272,260.471,250.996
1780999111.526438,8.0,25.5,0.007,0.038,264.124,260.961,249.902
1780999111.541321,7.831,29.286,0.007,0.042,264.556,261.599,249.039
1780999111.556275,8.732,30.714,0.008,0.043,265.039,261.498,248.753
1780999111.5675972,8.732,34.714,0.008,0.048,265.591,262.121,247.838
1780999111.582603,8.789,37.429,0.008,0.051,265.907,262.476,247.324
1780999111.597515,8.789,40.357,0.007,0.053,266.169,262.829,246.86
1780999111.6426072,8.732,42.0,0.007,0.054,266.284,263.033,246.619
1780999111.643014,9.408,43.643,0.008,0.055,266.604,262.949,246.454
1780999111.643369,9.014,43.857,0.007,0.055,266.418,263.078,246.488
1780999111.649676,9.408,46.143,0.008,0.058,266.893,263.284,245.994
1780999111.6647239,8.62,47.143,0.007,0.058,266.662,263.66,245.873
1780999111.6806242,8.789,47.571,0.007,0.058,266.651,263.548,245.965
1780999111.691631,7.831,48.143,0.005,0.058,266.303,263.88,245.962
1780999111.706696,7.831,47.857,0.005,0.057,266.18,263.718,246.172
1780999111.7178829,7.042,47.5,0.004,0.056,265.788,263.87,246.339
1780999111.7327611,6.648,46.857,0.004,0.054,265.51,263.832,246.571
1780999111.747415,6.31,46.286,0.003,0.053,265.286,263.793,246.764
1780999111.75881,6.31,46.286,0.003,0.053,265.286,263.793,246.764
1780999111.7737339,5.521,43.5,0.002,0.049,264.452,263.5,247.611
1780999111.788678,4.732,40.929,0.001,0.046,263.783,263.258,248.311
1780999111.799792,4.451,38.857,0.001,0.043,263.373,262.956,248.868
1780999111.8147142,4.113,36.929,0.001,0.04,262.979,262.717,249.371
1780999111.859512,3.662,34.286,0.0,0.037,262.476,262.411,250.023
1780999111.860013,3.437,31.143,0.0,0.033,261.967,261.951,250.82
1780999111.860352,3.268,29.571,-0.0,0.031,261.67,261.735,251.248
1780999111.871182,3.042,25.786,-0.0,0.025,260.94,261.121,252.394
1780999111.8822742,2.31,23.5,-0.0,0.023,260.633,260.822,252.921
1780999111.8976839,1.746,18.929,-0.001,0.017,259.744,260.277,254.2
1780999111.912292,1.014,15.071,-0.002,0.013,259.039,259.999,255.103
1780999111.9273028,1.014,15.071,-0.002,0.013,259.039,259.999,255.103
1780999111.9384582,0.394,10.214,-0.003,0.007,258.139,259.438,256.486
1780999111.953608,-0.676,6.071,-0.005,0.002,257.271,259.152,257.62
1780999111.9686751,-1.803,0.286,-0.006,-0.005,256.238,258.661,259.169
1780999111.979955,-2.31,-4.0,-0.007,-0.009,255.657,258.235,260.224
1780999111.994791,-2.592,-5.643,-0.007,-0.011,255.39,258.092,260.664
1780999112.009676,-3.268,-8.0,-0.008,-0.014,254.886,257.942,261.381
1780999112.024545,-3.662,-14.0,-0.008,-0.023,253.86,257.051,263.54
1780999112.036236,-3.437,-18.0,-0.008,-0.027,253.505,256.435,264.672
1780999112.079461,-4.225,-21.286,-0.009,-0.031,252.851,256.186,265.778
1780999112.0799282,-3.944,-23.571,-0.008,-0.033,252.803,255.882,266.207
1780999112.0809028,-5.014,-26.5,-0.01,-0.036,252.238,255.855,266.969
1780999112.096006,-5.521,-29.5,-0.01,-0.038,251.928,255.696,267.576
1780999112.1070342,-5.69,-31.429,-0.01,-0.039,251.843,255.597,267.814
1780999112.122091,-5.69,-31.429,-0.01,-0.039,251.843,255.597,267.814
1780999112.1368582,-6.479,-35.714,-0.011,-0.044,251.103,255.203,269.335
1780999112.1518002,-6.479,-35.714,-0.011,-0.044,251.103,255.203,269.335
1780999112.1629171,-7.775,-37.0,-0.013,-0.045,250.719,255.473,269.521
1780999112.178095,-8.225,-38.143,-0.013,-0.045,250.655,255.528,269.54
1780999112.1930392,-8.338,-38.571,-0.013,-0.044,250.75,255.574,269.345
1780999112.2082849,-8.507,-38.214,-0.013,-0.042,250.904,255.747,268.905
1780999112.2231958,-8.901,-37.929,-0.014,-0.041,250.946,255.946,268.591
1780999112.234515,-9.127,-37.429,-0.014,-0.04,251.016,256.109,268.287
1780999112.249532,-9.352,-36.5,-0.014,-0.039,251.163,256.331,267.808
1780999112.292109,-9.465,-35.357,-0.014,-0.037,251.346,256.544,267.296
1780999112.2925901,-9.465,-35.357,-0.014,-0.037,251.346,256.544,267.296
1780999112.2929459,-9.296,-31.0,-0.014,-0.03,252.102,257.231,265.491
1780999112.305685,-9.577,-30.071,-0.014,-0.029,252.144,257.424,265.213
1780999112.3206851,-9.577,-30.071,-0.014,-0.029,252.144,257.424,265.213
1780999112.335424,-10.085,-24.357,-0.015,-0.021,252.893,258.54,263.042
1780999112.350316,-13.972,-22.429,-0.021,-0.019,252.032,260.026,262.483
1780999112.3614888,-9.69,-19.5,-0.014,-0.014,253.738,259.103,261.455
1780999112.3763251,-9.69,-19.5,-0.014,-0.014,253.738,259.103,261.455
1780999112.3913112,-10.254,-12.071,-0.015,-0.004,254.702,260.527,258.953
1780999112.406202,-10.197,-10.929,-0.015,-0.003,254.838,260.632,258.706
1780999112.421213,-10.197,-7.0,-0.015,0.002,255.436,261.292,257.452
1780999112.432392,-9.239,-1.857,-0.013,0.009,256.438,261.753,256.013
1780999112.447509,-9.296,2.286,-0.013,0.013,256.842,262.282,255.144
1780999112.4623349,-8.789,6.071,-0.012,0.016,257.38,262.574,254.371
1780999112.490547,-8.451,8.357,-0.012,0.018,257.708,262.733,253.924
1780999112.4909172,-8.394,11.786,-0.012,0.022,258.074,263.15,253.229
1780999112.5037498,-8.282,13.5,-0.012,0.023,258.254,263.303,252.936
1780999112.5188851,-8.0,16.929,-0.012,0.026,258.729,263.683,252.19
1780999112.530672,-7.775,18.643,-0.011,0.027,258.898,263.761,251.975
1780999112.544735,-7.775,19.786,-0.011,0.028,258.98,263.881,251.804
1780999112.559746,-6.93,22.286,-0.01,0.032,259.651,264.036,251.089
1780999112.5714948,-6.366,24.714,-0.009,0.035,260.135,264.224,250.522
1780999112.586755,-5.859,27.0,-0.009,0.037,260.498,264.362,250.104
1780999112.601612,-5.408,29.5,-0.008,0.039,260.899,264.581,249.597
1780999112.616509,-4.789,30.643,-0.008,0.04,261.179,264.514,249.417
1780999112.627518,-4.282,31.786,-0.007,0.041,261.496,264.533,249.142
1780999112.64255,-4.282,31.786,-0.007,0.041,261.496,264.533,249.142
1780999112.657535,-2.873,33.857,-0.005,0.044,262.203,264.395,248.675
1780999112.668824,-2.366,34.643,-0.004,0.044,262.365,264.33,248.595
1780999112.683869,-2.197,34.357,-0.005,0.043,262.161,264.172,248.88
1780999112.727694,-1.634,34.214,-0.004,0.042,262.17,263.931,249.06
1780999112.728068,-1.296,34.286,-0.004,0.041,262.172,263.829,249.138
1780999112.728387,-1.07,34.0,-0.003,0.041,262.159,263.697,249.252
1780999112.7396648,-1.07,34.0,-0.003,0.041,262.159,263.697,249.252
1780999112.754571,0.451,32.214,-0.001,0.038,262.226,262.874,249.852
1780999112.766421,1.014,31.643,-0.001,0.037,262.25,262.629,250.03
1780999112.781298,1.69,30.571,-0.0,0.035,262.207,262.286,250.345
1780999112.796176,2.197,29.571,0.0,0.034,262.155,261.992,250.63
1780999112.807293,2.479,28.714,0.001,0.033,262.065,261.804,250.861
1780999112.822273,2.479,28.714,0.001,0.033,262.065,261.804,250.861
1780999112.837128,-10.423,25.071,-0.02,0.028,257.224,265.685,251.955
1780999112.84833,3.549,23.286,0.003,0.025,261.516,260.439,252.489
1780999112.863443,3.437,20.071,0.002,0.02,260.866,259.951,253.487
1780999112.8782809,4.169,19.286,0.003,0.02,260.977,259.653,253.658
1780999112.889262,4.563,14.929,0.004,0.013,260.298,258.812,255.042
1780999112.904105,4.958,14.0,0.004,0.012,260.285,258.621,255.234
1780999112.947062,5.07,11.571,0.004,0.009,259.898,258.246,255.949
1780999112.947507,5.239,7.143,0.004,0.004,259.274,257.701,257.072
1780999112.947816,5.127,4.571,0.003,0.002,258.909,257.554,257.572
1780999112.960803,5.127,4.571,0.003,0.002,258.909,257.554,257.572
1780999112.971723,6.028,-0.357,0.004,-0.004,258.446,256.672,258.932
1780999112.986816,6.028,-0.357,0.004,-0.004,258.446,256.672,258.932
1780999113.0016682,6.817,-5.0,0.005,-0.01,257.961,255.812,260.341
1780999113.012688,6.704,-7.714,0.005,-0.013,257.549,255.566,261.043
1780999113.027839,7.211,-11.0,0.006,-0.017,257.178,254.94,262.144
1780999113.0428832,7.662,-12.786,0.006,-0.019,257.13,254.694,262.477
1780999113.0579588,7.268,-15.357,0.005,-0.021,256.73,254.638,262.986
1780999113.069181,7.38,-17.0,0.006,-0.022,256.588,254.48,263.331
1780999113.084342,7.38,-18.786,0.005,-0.023,256.426,254.377,263.636
1780999113.099165,7.549,-20.571,0.006,-0.024,256.302,254.19,264.0
1780999113.111287,7.38,-21.857,0.005,-0.026,256.104,254.125,264.307
1780999113.126135,7.268,-23.5,0.005,-0.027,255.908,254.013,264.671
1780999113.1697211,7.099,-24.143,0.005,-0.027,255.819,254.034,264.751
1780999113.170099,7.099,-25.071,0.005,-0.028,255.757,253.971,264.9
1780999113.170461,7.211,-25.643,0.005,-0.028,255.773,253.921,264.942
1780999113.181928,7.042,-25.5,0.005,-0.027,255.814,254.051,264.736
1780999113.197288,6.761,-25.786,0.004,-0.027,255.729,254.126,264.744
1780999113.208396,6.535,-25.929,0.004,-0.027,255.666,254.184,264.749
1780999113.223296,6.197,-25.571,0.003,-0.027,255.674,254.357,264.531
1780999113.238236,5.746,-25.429,0.003,-0.026,255.586,254.515,264.446
1780999113.2532349,5.577,-25.143,0.003,-0.026,255.616,254.595,264.315
1780999113.2644072,5.014,-24.0,0.002,-0.024,255.668,254.931,263.856
1780999113.279626,4.958,-23.786,0.002,-0.024,255.7,254.957,263.789
1780999113.29471,5.014,-22.357,0.002,-0.022,255.966,255.142,263.268
1780999113.30662,4.901,-20.714,0.002,-0.019,256.201,255.401,262.703
1780999113.321532,4.451,-18.714,0.001,-0.017,256.384,255.814,262.034
1780999113.336457,4.113,-16.643,0.001,-0.014,256.6,256.195,261.375
1780999113.351457,4.282,-16.0,0.001,-0.013,256.748,256.223,261.184
1780999113.396492,3.606,-13.071,0.0,-0.01,256.992,256.833,260.266
1780999113.396957,3.324,-10.786,0.0,-0.007,257.235,257.197,259.626
1780999113.3972962,2.761,-8.071,-0.001,-0.003,257.521,257.813,258.697
1780999113.407238,2.423,-6.214,-0.001,-0.0,257.718,258.193,258.115
1780999113.418572,2.028,-4.071,-0.002,0.002,257.878,258.512,257.638
1780999113.433444,1.296,-1.643,-0.002,0.004,257.991,258.997,257.053
1780999113.448093,0.845,0.5,-0.003,0.006,258.149,259.343,256.567
1780999113.459368,0.62,1.357,-0.003,0.007,258.206,259.512,256.351
1780999113.474375,0.113,4.571,-0.004,0.012,258.602,260.212,255.319
1780999113.4895418,-0.845,7.786,-0.005,0.015,258.775,260.884,254.546
1780999113.501324,-1.465,10.714,-0.006,0.019,259.014,261.4,253.868
1780999113.516352,-1.915,12.929,-0.006,0.021,259.174,261.742,253.423
1780999113.531521,-2.085,13.929,-0.006,0.021,259.241,261.845,253.274
1780999113.542669,-2.366,15.643,-0.006,0.023,259.379,262.072,252.954
1780999113.557621,-2.817,17.0,-0.007,0.024,259.427,262.372,252.655
1780999113.572501,-3.38,18.286,-0.008,0.025,259.413,262.638,252.444
1780999113.6164632,-3.887,19.5,-0.008,0.027,259.436,262.941,252.171
1780999113.616805,-4.394,20.786,-0.009,0.028,259.474,263.256,251.877
1780999113.617109,-5.014,22.286,-0.01,0.03,259.52,263.646,251.517
1780999113.6285179,-5.408,23.5,-0.01,0.031,259.575,263.854,251.301
1780999113.63977,-5.352,24.0,-0.01,0.031,259.65,263.79,251.287
1780999113.655395,-5.352,24.5,-0.009,0.031,259.722,263.806,251.211
1780999113.670418,-5.634,25.143,-0.01,0.032,259.717,263.928,251.118
1780999113.6855521,-5.521,25.214,-0.009,0.031,259.737,263.813,251.192
1780999113.696691,-6.254,25.0,-0.01,0.031,259.448,263.96,251.327
1780999113.711891,-6.479,25.214,-0.011,0.031,259.415,264.028,251.301
1780999113.726822,-7.211,24.714,-0.012,0.03,259.105,264.134,251.489
1780999113.738137,-7.493,24.643,-0.012,0.03,259.026,264.185,251.518
1780999113.753139,-7.437,23.929,-0.012,0.029,258.947,263.98,251.753
1780999113.768209,-8.282,23.071,-0.013,0.027,258.573,264.087,252.001
1780999113.7833369,-8.113,23.0,-0.012,0.027,258.668,263.996,251.989
1780999113.794653,-8.113,20.643,-0.012,0.024,258.288,263.534,252.713
1780999113.837816,-8.056,19.714,-0.012,0.023,258.177,263.351,252.966
1780999113.83824,-8.113,18.214,-0.012,0.021,257.955,263.126,253.36
1780999113.839627,-7.887,16.643,-0.012,0.019,257.808,262.799,253.773
1780999113.851517,-7.662,14.714,-0.012,0.017,257.602,262.416,254.297
1780999113.866513,-7.662,12.786,-0.012,0.014,257.329,262.129,254.809
1780999113.881578,-7.38,11.929,-0.011,0.013,257.317,261.927,254.998
1780999113.892971,-7.493,10.0,-0.011,0.011,257.017,261.686,255.503
1780999113.907912,-7.38,7.929,-0.011,0.009,256.77,261.356,256.044
1780999113.92287,-7.38,5.786,-0.011,0.006,256.48,261.061,256.603
1780999113.933965,-7.155,4.429,-0.011,0.005,256.369,260.798,256.959
1780999113.948993,-7.155,4.429,-0.011,0.005,256.369,260.798,256.959
1780999113.963789,-6.986,0.214,-0.011,-0.001,255.789,260.092,258.225
1780999113.978879,-6.366,-1.643,-0.01,-0.003,255.691,259.593,258.815
1780999113.9899871,-5.915,-3.929,-0.009,-0.006,255.539,259.202,259.365
1780999114.005638,-5.803,-4.643,-0.009,-0.007,255.485,259.092,259.534
1780999114.020597,-5.239,-7.286,-0.008,-0.009,255.295,258.606,260.234
1780999114.062912,-4.958,-9.357,-0.008,-0.012,255.112,258.31,260.741
1780999114.063266,-4.451,-11.429,-0.008,-0.014,254.994,257.935,261.267
1780999114.0635898,-4.282,-12.857,-0.007,-0.015,254.881,257.779,261.56
1780999114.0764139,-4.113,-13.857,-0.007,-0.016,254.809,257.638,261.793
1780999114.091438,-4.113,-13.857,-0.007,-0.016,254.809,257.638,261.793
1780999114.106325,-3.042,-16.643,-0.006,-0.019,254.699,256.917,262.707
1780999114.1173701,-2.704,-18.0,-0.005,-0.021,254.59,256.63,263.155
1780999114.132477,-2.31,-18.5,-0.005,-0.021,254.668,256.539,263.168
1780999114.147548,-1.859,-19.571,-0.004,-0.022,254.671,256.374,263.35
1780999114.162366,-1.352,-20.143,-0.004,-0.022,254.764,256.257,263.374
1780999114.173436,-1.296,-20.429,-0.004,-0.022,254.748,256.27,263.378
1780999114.188247,-1.296,-20.429,-0.004,-0.022,254.748,256.27,263.378
1780999114.2030962,-1.296,-20.429,-0.004,-0.022,254.748,256.27,263.378
1780999114.21821,0.113,-20.643,-0.002,-0.022,255.136,255.843,263.415
1780999114.229312,0.62,-20.357,-0.001,-0.021,255.321,255.864,263.177
1780999114.244321,0.789,-20.071,-0.001,-0.021,255.404,255.93,263.006
1780999114.288247,1.408,-19.5,-0.001,-0.02,255.653,255.922,262.731
1780999114.2886982,1.746,-18.5,-0.0,-0.018,255.894,256.036,262.331
1780999114.289033,2.592,-17.5,0.001,-0.016,256.261,256.0,261.962
1780999114.3003452,2.592,-17.5,0.001,-0.016,256.261,256.0,261.962
1780999114.314633,2.592,-17.5,0.001,-0.016,256.261,256.0,261.962
1780999114.329372,3.155,-13.571,0.001,-0.01,257.101,256.533,260.469
1780999114.34109,3.155,-12.286,0.001,-0.009,257.23,256.752,260.1
1780999114.3560588,3.831,-10.0,0.002,-0.006,257.742,256.935,259.375
1780999114.370975,4.0,-8.357,0.002,-0.004,258.036,257.162,258.839
1780999114.3821719,3.718,-6.429,0.002,-0.001,258.185,257.555,258.287
1780999114.3972638,4.169,-4.643,0.002,0.001,258.486,257.655,257.886
1780999114.412184,4.394,-2.071,0.002,0.004,258.918,257.989,257.132
1780999114.423433,4.282,-0.571,0.002,0.005,259.043,258.232,256.773
1780999114.4384499,4.507,1.0,0.002,0.007,259.248,258.346,256.466
1780999114.453469,4.958,2.357,0.003,0.008,259.495,258.359,256.218
1780999114.4644659,4.789,4.5,0.002,0.01,259.698,258.722,255.681
1780999114.507255,4.563,5.571,0.002,0.011,259.745,258.934,255.436
1780999114.507705,4.845,6.929,0.002,0.013,259.97,259.006,255.161
1780999114.508024,4.338,8.5,0.002,0.014,259.997,259.367,254.8
1780999114.521597,4.338,10.286,0.002,0.016,260.242,259.602,254.361
1780999114.5328,4.338,11.571,0.002,0.018,260.426,259.779,254.035
1780999114.54773,4.169,12.643,0.001,0.019,260.479,259.942,253.839
1780999114.5627398,4.338,13.857,0.002,0.02,260.68,260.029,253.582
1780999114.5739079,4.394,15.286,0.002,0.022,260.917,260.223,253.2
1780999114.589004,4.394,16.143,0.002,0.023,261.021,260.326,253.017
1780999114.603966,4.169,17.071,0.001,0.023,261.044,260.484,252.858
1780999114.615697,3.831,17.786,0.001,0.024,261.005,260.655,252.742
1780999114.630958,4.0,18.857,0.001,0.025,261.212,260.729,252.497
1780999114.645791,3.606,18.786,0.001,0.025,261.035,260.797,252.591
1780999114.657011,3.493,19.5,0.0,0.025,261.102,260.904,252.441
1780999114.671833,3.549,19.643,0.001,0.025,261.119,260.855,252.468
1780999114.6867368,3.211,19.857,0.0,0.025,261.033,260.978,252.437
1780999114.730887,3.268,20.143,0.0,0.025,261.091,260.969,252.394
1780999114.7313411,2.873,19.714,-0.0,0.025,260.875,260.985,252.568
1780999114.7316911,2.31,19.5,-0.001,0.024,260.661,261.097,252.657
1780999114.739094,2.085,19.143,-0.001,0.024,260.543,261.075,252.78
1780999114.754208,1.69,18.643,-0.002,0.023,260.342,261.092,252.942
1780999114.7691798,1.07,18.071,-0.003,0.022,260.077,261.167,253.111
1780999114.78107,0.789,17.143,-0.003,0.021,259.87,261.07,253.381
1780999114.7958028,0.282,15.714,-0.003,0.019,259.51,260.96,253.803
1780999114.810791,0.225,15.5,-0.003,0.019,259.479,260.938,253.85
1780999114.8258739,-0.451,13.571,-0.004,0.016,258.934,260.797,254.477
1780999114.836978,-0.563,13.143,-0.004,0.015,258.898,260.762,254.541
1780999114.852126,-0.845,11.643,-0.005,0.014,258.648,260.588,254.932
1780999114.867251,-0.901,10.286,-0.005,0.012,258.485,260.382,255.273
1780999114.878402,-1.239,9.857,-0.005,0.012,258.363,260.438,255.338
1780999114.8934772,-1.408,8.357,-0.005,0.01,258.099,260.235,255.777
1780999114.90837,-1.803,6.429,-0.006,0.007,257.732,260.047,256.308
1780999114.950751,-2.31,4.786,-0.006,0.006,257.393,259.955,256.727
1780999114.951138,-2.479,3.786,-0.006,0.005,257.242,259.855,256.972
1780999114.951485,-2.93,2.0,-0.007,0.002,256.906,259.718,257.44
1780999114.9646459,-3.268,0.357,-0.007,0.001,256.635,259.573,257.855
1780999114.9763699,-3.437,-1.143,-0.007,-0.001,256.437,259.402,258.224
1780999114.991185,-3.493,-2.0,-0.007,-0.002,256.341,259.3,258.424
1780999115.0061948,-3.493,-2.0,-0.007,-0.002,256.341,259.3,258.424
1780999115.020957,-3.831,-4.929,-0.008,-0.006,255.762,258.887,259.445
1780999115.031924,-4.225,-5.857,-0.008,-0.007,255.577,258.902,259.626
1780999115.0473542,-4.394,-7.571,-0.009,-0.009,255.277,258.666,260.191
1780999115.0622551,-4.789,-9.286,-0.009,-0.011,255.024,258.566,260.572
1780999115.077388,-5.07,-10.571,-0.009,-0.012,254.814,258.474,260.9
1780999115.088542,-5.07,-11.714,-0.009,-0.013,254.748,258.341,261.113
1780999115.103622,-5.352,-12.429,-0.01,-0.013,254.654,258.369,261.188
1780999115.118432,-5.296,-13.5,-0.009,-0.014,254.585,258.212,261.431
1780999115.133497,-5.465,-14.071,-0.009,-0.015,254.52,258.214,261.503
1780999115.178269,-5.577,-15.0,-0.01,-0.016,254.401,258.125,261.733
1780999115.178657,-5.634,-15.286,-0.01,-0.016,254.379,258.119,261.764
1780999115.178984,-5.634,-15.786,-0.01,-0.016,254.347,258.063,261.86
1780999115.1894531,-5.803,-16.286,-0.01,-0.017,254.262,258.055,261.966
1780999115.2045782,-5.634,-16.5,-0.009,-0.017,254.316,257.988,261.976
1780999115.216512,-5.915,-16.286,-0.01,-0.016,254.302,258.133,261.837
1780999115.231562,-5.803,-16.286,-0.01,-0.016,254.356,258.108,261.802
1780999115.2465951,-5.69,-15.571,-0.009,-0.015,254.518,258.213,261.506
1780999115.261617,-5.803,-14.929,-0.01,-0.014,254.597,258.363,261.259
1780999115.2728589,-5.577,-14.429,-0.009,-0.013,254.736,258.37,261.096
1780999115.287803,-5.577,-13.286,-0.009,-0.011,254.91,258.565,260.699
1780999115.3028412,-5.352,-12.857,-0.009,-0.011,255.02,258.551,260.592
1780999115.3180149,-5.296,-11.929,-0.009,-0.01,255.157,258.678,260.31
1780999115.3331861,-5.183,-10.929,-0.009,-0.009,255.317,258.797,260.014
1780999115.344414,-5.127,-9.714,-0.009,-0.007,255.507,258.984,259.619
1780999115.35951,-4.958,-8.357,-0.009,-0.005,255.734,259.139,259.22
1780999115.403508,-4.676,-6.571,-0.008,-0.003,256.079,259.346,258.652
1780999115.403927,-4.338,-5.714,-0.008,-0.002,256.244,259.342,258.484
1780999115.404258,-4.282,-4.071,-0.008,0.0,256.492,259.594,257.981
1780999115.4155278,-4.282,-4.071,-0.008,0.0,256.492,259.594,257.981
1780999115.4305081,-4.113,-1.786,-0.007,0.003,256.917,259.945,257.212
1780999115.441628,-3.775,-0.429,-0.007,0.005,257.135,260.008,256.933
1780999115.456635,-3.493,0.357,-0.007,0.005,257.285,260.015,256.778
1780999115.471554,-3.099,1.571,-0.006,0.007,257.547,260.07,256.467
1780999115.486639,-2.761,2.786,-0.006,0.008,257.788,260.143,256.163
1780999115.49771,-2.592,4.286,-0.006,0.01,257.989,260.306,255.817
1780999115.512861,-2.141,5.786,-0.005,0.011,258.286,260.381,255.464
1780999115.5278752,-2.028,7.357,-0.005,0.013,258.49,260.585,255.083
1780999115.539147,-1.577,8.357,-0.004,0.014,258.777,260.606,254.795
1780999115.553975,-1.972,9.429,-0.005,0.015,258.729,260.881,254.592
1780999115.56901,-1.521,10.643,-0.005,0.017,259.025,260.922,254.28
1780999115.58071,-1.127,11.214,-0.004,0.017,259.153,260.843,254.234
1780999115.626081,-1.07,11.929,-0.004,0.017,259.201,260.918,254.122
1780999115.626463,-0.789,12.286,-0.004,0.018,259.304,260.865,254.075
1780999115.626795,-0.789,13.071,-0.004,0.018,259.371,260.982,253.909
1780999115.636746,-0.563,13.714,-0.004,0.019,259.495,261.004,253.777
1780999115.651715,-0.394,13.643,-0.003,0.019,259.514,260.925,253.83
1780999115.6667762,0.225,14.929,-0.002,0.021,259.931,260.957,253.425
1780999115.677921,0.338,15.357,-0.002,0.021,259.958,260.982,253.379
1780999115.692975,0.507,15.786,-0.002,0.021,260.014,260.991,253.321
1780999115.708044,0.62,15.786,-0.002,0.021,259.989,260.939,253.389
1780999115.7193768,1.014,15.786,-0.002,0.021,260.068,260.805,253.436
1780999115.7342699,0.901,15.571,-0.002,0.02,259.963,260.805,253.53
1780999115.7493298,1.183,15.571,-0.002,0.02,260.025,260.72,253.55
1780999115.764343,1.296,14.857,-0.002,0.019,259.906,260.563,253.797
1780999115.776288,1.521,14.286,-0.001,0.018,259.861,260.405,253.979
1780999115.791327,1.521,13.786,-0.001,0.017,259.765,260.334,254.13
1780999115.806189,1.972,13.571,-0.001,0.017,259.877,260.178,254.168
1780999115.8503182,1.577,12.429,-0.001,0.016,259.544,260.131,254.515
1780999115.850666,1.577,12.071,-0.001,0.015,259.501,260.104,254.579
1780999115.850989,1.352,11.214,-0.002,0.014,259.295,260.053,254.815
1780999115.858647,1.521,11.0,-0.002,0.014,259.333,259.98,254.848
1780999115.873714,1.521,9.786,-0.002,0.012,259.142,259.788,255.202
1780999115.888797,1.69,8.714,-0.001,0.011,259.038,259.576,255.496
1780999115.9006422,1.352,7.214,-0.002,0.009,258.702,259.46,255.924
1780999115.915692,1.803,6.429,-0.001,0.008,258.741,259.205,256.127
1780999115.930763,1.69,5.0,-0.001,0.007,258.497,259.044,256.515
1780999115.9419441,1.521,4.071,-0.002,0.005,258.314,258.968,256.765
1780999115.9567292,1.408,2.5,-0.002,0.004,258.06,258.781,257.196
1780999115.9716601,1.465,2.286,-0.002,0.004,258.086,258.769,257.181
1780999115.982937,1.746,0.857,-0.001,0.002,257.979,258.486,257.563
1780999115.997917,1.915,-0.143,-0.001,0.001,257.912,258.32,257.794
1780999116.012774,1.352,-1.786,-0.002,-0.001,257.508,258.263,258.258
1780999116.024009,1.408,-1.786,-0.002,-0.001,257.569,258.285,258.173
1780999116.067282,1.577,-4.0,-0.002,-0.004,257.264,257.869,258.903
1780999116.067659,1.69,-5.357,-0.001,-0.005,257.126,257.666,259.254
1780999116.0687518,1.69,-6.143,-0.001,-0.006,257.053,257.596,259.402
1780999116.080672,1.465,-7.429,-0.002,-0.007,256.819,257.501,259.746
1780999116.095724,1.352,-8.286,-0.002,-0.008,256.683,257.42,259.974
1780999116.110656,1.183,-8.643,-0.002,-0.008,256.631,257.466,259.981
1780999116.1218429,1.352,-9.786,-0.002,-0.01,256.54,257.257,260.298
1780999116.136899,1.239,-10.5,-0.002,-0.01,256.44,257.21,260.453
1780999116.1519842,0.958,-11.071,-0.002,-0.011,256.308,257.235,260.569
1780999116.167001,0.958,-11.286,-0.002,-0.011,256.308,257.216,260.59
1780999116.178196,0.676,-11.929,-0.003,-0.012,256.158,257.218,260.75
1780999116.1932921,0.563,-12.0,-0.003,-0.011,256.155,257.262,260.707
1780999116.208352,0.507,-12.286,-0.003,-0.012,256.125,257.247,260.754
1780999116.223252,0.563,-12.714,-0.003,-0.012,256.102,257.165,260.866
1780999116.234463,0.338,-12.143,-0.003,-0.011,256.16,257.343,260.614
1780999116.2496011,0.169,-12.571,-0.003,-0.012,256.045,257.322,260.761
1780999116.29323,-0.056,-12.286,-0.004,-0.011,256.047,257.443,260.631
1780999116.293684,-0.451,-12.071,-0.004,-0.011,255.984,257.59,260.543
1780999116.294017,-0.507,-11.571,-0.004,-0.01,256.068,257.676,260.363
1780999116.306069,-0.338,-11.429,-0.004,-0.01,256.155,257.626,260.322
1780999116.321049,-0.958,-10.786,-0.005,-0.009,256.081,257.909,260.106
1780999116.335971,-1.07,-10.071,-0.005,-0.008,256.174,258.049,259.861
1780999116.350879,-1.296,-9.571,-0.005,-0.007,256.191,258.195,259.692
1780999116.3620968,-1.465,-8.5,-0.005,-0.006,256.322,258.407,259.337
1780999116.377095,-1.69,-7.429,-0.006,-0.004,256.423,258.611,259.024
1780999116.3920279,-1.746,-6.786,-0.006,-0.004,256.493,258.682,258.881
1780999116.4069839,-1.859,-5.857,-0.006,-0.003,256.602,258.849,258.601
1780999116.418208,-1.69,-5.5,-0.005,-0.002,256.686,258.802,258.561
1780999116.433144,-1.859,-4.0,-0.006,-0.0,256.867,259.073,258.106
1780999116.448131,-2.085,-2.786,-0.006,0.001,256.983,259.326,257.741
1780999116.463386,-1.972,-1.286,-0.006,0.003,257.236,259.495,257.322
1780999116.5079339,-2.197,-0.429,-0.006,0.004,257.285,259.674,257.102
1780999116.508379,-2.197,0.929,-0.006,0.005,257.469,259.846,256.755
1780999116.508716,-2.197,2.357,-0.006,0.007,257.662,260.035,256.387
1780999116.51598,-2.479,4.0,-0.006,0.009,257.811,260.35,255.949
1780999116.5310888,-2.761,5.286,-0.007,0.01,257.891,260.593,255.648
1780999116.5460842,-2.986,6.071,-0.007,0.011,257.923,260.755,255.469
1780999116.557306,-2.986,6.786,-0.007,0.012,258.002,260.8,255.352
1780999116.5723038,-3.099,7.214,-0.007,0.012,258.001,260.839,255.318
1780999116.586988,-3.042,7.786,-0.007,0.012,258.094,260.884,255.188
1780999116.598204,-3.042,7.786,-0.007,0.012,258.094,260.884,255.188
1780999116.613397,-3.155,9.286,-0.007,0.015,258.295,261.163,254.746
1780999116.6282701,-3.155,10.286,-0.007,0.016,258.441,261.306,254.481
1780999116.643334,-3.155,10.643,-0.007,0.016,258.452,261.307,254.47
1780999116.654552,-3.211,11.357,-0.007,0.017,258.533,261.422,254.293
1780999116.669548,-3.437,11.929,-0.007,0.017,258.525,261.554,254.184
1780999116.684531,-3.437,12.0,-0.007,0.017,258.506,261.513,254.238
1780999116.728416,-3.38,11.929,-0.007,0.016,258.489,261.436,254.322
1780999116.728829,-3.324,12.143,-0.007,0.017,258.528,261.427,254.293
1780999116.729154,-3.493,12.286,-0.007,0.017,258.486,261.499,254.269
1780999116.741282,-3.268,12.143,-0.007,0.016,258.52,261.38,254.343
1780999116.752269,-3.211,11.929,-0.007,0.016,258.488,261.316,254.429
1780999116.7674592,-3.155,12.214,-0.007,0.016,258.549,261.351,254.342
1780999116.782378,-3.099,11.643,-0.007,0.015,258.458,261.222,254.541
1780999116.793634,-3.211,11.429,-0.007,0.015,258.38,261.224,254.612
1780999116.808626,-3.211,10.929,-0.007,0.014,258.295,261.138,254.768
1780999116.823594,-3.324,10.571,-0.007,0.014,258.204,261.121,254.87
1780999116.838516,-2.873,10.0,-0.006,0.013,258.251,260.878,255.044
1780999116.849803,-3.042,9.643,-0.007,0.013,258.142,260.89,255.137
1780999116.865438,-2.873,8.857,-0.006,0.012,258.069,260.707,255.373
1780999116.8805802,-2.704,7.929,-0.006,0.01,257.979,260.52,255.63
1780999116.8917398,-2.648,7.143,-0.006,0.01,257.882,260.398,255.835
1780999116.906525,-2.817,6.5,-0.006,0.009,257.743,260.379,255.988
1780999116.9493508,-2.479,6.071,-0.006,0.008,257.793,260.216,256.09
1780999116.949677,-2.704,5.214,-0.006,0.007,257.597,260.18,256.315
1780999116.949995,-2.197,4.429,-0.006,0.007,257.651,259.918,256.509
1780999116.9624069,-2.085,3.0,-0.005,0.005,257.465,259.666,256.93
1780999116.973637,-2.085,2.071,-0.005,0.004,257.339,259.55,257.167
1780999116.9887328,-2.366,1.357,-0.006,0.003,257.153,259.549,257.353
1780999117.0036962,-2.197,0.071,-0.006,0.001,257.022,259.311,257.716
1780999117.0187159,-2.254,-0.929,-0.006,0.0,256.873,259.205,257.971
1780999117.030565,-1.972,-1.143,-0.005,0.0,256.968,259.133,257.944
1780999117.0455308,-1.803,-1.929,-0.005,-0.001,256.903,258.973,258.168
1780999117.060481,-1.465,-2.714,-0.005,-0.002,256.901,258.78,258.36
1780999117.075445,-1.577,-3.571,-0.005,-0.002,256.75,258.718,258.577
1780999117.086741,-1.577,-4.286,-0.005,-0.003,256.646,258.627,258.777
1780999117.101611,-1.352,-5.5,-0.005,-0.005,256.54,258.396,259.119
1780999117.116647,-1.352,-6.143,-0.005,-0.005,256.456,258.317,259.288
1780999117.131588,-1.296,-6.286,-0.005,-0.005,256.484,258.331,259.245
1780999117.17705,-1.408,-6.929,-0.005,-0.006,256.366,258.297,259.403
1780999117.177519,-1.07,-7.214,-0.004,-0.006,256.447,258.177,259.441
1780999117.177854,-1.296,-7.5,-0.005,-0.006,256.347,258.234,259.486
1780999117.1875908,-0.958,-7.786,-0.004,-0.007,256.416,258.109,259.542
1780999117.19856,-0.901,-8.0,-0.004,-0.007,256.404,258.073,259.592
1780999117.213454,-0.901,-8.0,-0.004,-0.007,256.404,258.073,259.592
1780999117.2281878,-0.901,-8.0,-0.004,-0.007,256.404,258.073,259.592
1780999117.242815,-0.901,-8.0,-0.004,-0.007,256.404,258.073,259.592
1780999117.2537138,-0.901,-8.0,-0.004,-0.007,256.404,258.073,259.592
1780999117.268499,-0.901,-8.0,-0.004,-0.007,256.404,258.073,259.592
1780999117.283273,-0.901,-8.0,-0.004,-0.007,256.404,258.073,259.592
1780999117.298167,-0.282,-8.0,-0.003,-0.007,256.597,257.89,259.577
1780999117.3096142,-0.451,-7.643,-0.004,-0.006,256.607,258.039,259.413
1780999117.32462,-0.451,-7.0,-0.004,-0.005,256.713,258.17,259.168
1780999117.339455,-0.282,-6.929,-0.003,-0.005,256.764,258.14,259.146
1780999117.354379,0.0,-6.214,-0.003,-0.004,256.958,258.189,258.895
1780999117.3975549,0.169,-5.786,-0.003,-0.003,257.056,258.216,258.766
1780999117.397969,0.676,-5.214,-0.002,-0.003,257.279,258.162,258.591
1780999117.3983,0.451,-3.714,-0.003,-0.0,257.451,258.502,258.076
1780999117.407273,0.507,-3.429,-0.003,-0.0,257.471,258.517,258.041
1780999117.42238,0.732,-2.786,-0.002,0.001,257.607,258.545,257.877
1780999117.4372532,1.014,-1.643,-0.002,0.002,257.851,258.639,257.54
1780999117.448357,0.789,-1.214,-0.002,0.002,257.824,258.769,257.441
1780999117.463647,0.563,-0.5,-0.003,0.003,257.834,258.94,257.264
1780999117.4784598,0.563,0.643,-0.003,0.005,257.995,259.11,256.94
1780999117.489698,0.507,1.429,-0.003,0.006,258.078,259.227,256.747
1780999117.5046542,0.507,2.0,-0.003,0.006,258.154,259.302,256.601
1780999117.520287,0.169,2.786,-0.003,0.007,258.163,259.525,256.381
1780999117.531626,0.225,3.929,-0.003,0.008,258.344,259.66,256.078
1780999117.546571,-0.169,4.429,-0.004,0.009,258.27,259.822,255.998
1780999117.56159,0.169,4.786,-0.003,0.009,258.419,259.742,255.929
1780999117.5727942,0.338,5.5,-0.003,0.01,258.565,259.774,255.76
1780999117.613982,-0.113,5.929,-0.004,0.01,258.462,259.956,255.688
1780999117.6143758,0.056,6.5,-0.003,0.011,258.588,259.966,255.56
1780999117.6147032,-0.169,7.143,-0.004,0.012,258.608,260.12,255.397
1780999117.6288042,-0.169,7.357,-0.004,0.012,258.628,260.132,255.368
1780999117.64363,-0.394,7.714,-0.004,0.012,258.607,260.248,255.281
1780999117.658394,-0.845,7.643,-0.005,0.012,258.441,260.355,255.34
1780999117.66944,-0.845,7.643,-0.005,0.012,258.441,260.355,255.34
1780999117.6841888,-0.845,7.643,-0.005,0.012,258.441,260.355,255.34
1780999117.699021,-0.845,7.643,-0.005,0.012,258.441,260.355,255.34
1780999117.710523,-0.845,7.643,-0.005,0.012,258.441,260.355,255.34
1780999117.7254012,-0.845,7.643,-0.005,0.012,258.441,260.355,255.34
1780999117.739528,-0.845,7.643,-0.005,0.012,258.441,260.355,255.34
1780999117.7515469,0.0,0.0,0.0,0.0,258.008,258.008,258.008
1780999117.766309,-1.183,8.071,-0.002,0.009,258.792,259.407,255.887
1780999117.781085,-0.845,8.429,-0.001,0.01,258.964,259.356,255.773
1780999117.7922728,-1.296,7.786,-0.002,0.009,258.697,259.375,256.008
1780999117.834168,-1.183,7.929,-0.001,0.009,258.761,259.358,255.963
1780999117.834538,-1.465,6.714,-0.002,0.007,258.463,259.211,256.388
1780999117.834879,-1.746,6.714,-0.002,0.007,258.391,259.303,256.37
1780999117.848528,-1.69,6.714,-0.002,0.007,258.427,259.281,256.356
1780999117.86345,-1.972,6.429,-0.002,0.007,258.308,259.311,256.443
1780999117.8753479,-2.31,6.5,-0.003,0.007,258.241,259.423,256.401
1780999117.890316,-2.366,6.0,-0.003,0.006,258.162,259.335,256.561
1780999117.905272,-2.704,5.714,-0.003,0.006,258.025,259.389,256.644
1780999117.920248,-2.93,5.643,-0.004,0.006,257.979,259.441,256.639
1780999117.931324,-3.099,5.214,-0.004,0.005,257.884,259.408,256.764
1780999117.946486,-3.831,4.643,-0.005,0.005,257.589,259.529,256.939
1780999117.9615119,-4.0,4.5,-0.005,0.005,257.541,259.549,256.967
1780999117.9724119,-4.169,4.071,-0.005,0.004,257.458,259.514,257.082
1780999117.987421,-4.451,3.786,-0.005,0.004,257.351,259.546,257.159
1780999118.00229,-4.563,3.143,-0.005,0.003,257.251,259.451,257.35
1780999118.013716,-4.901,2.857,-0.006,0.002,257.111,259.507,257.436
1780999118.0591109,-5.183,2.429,-0.006,0.002,256.999,259.518,257.539
1780999118.0595598,-5.465,2.357,-0.007,0.002,256.949,259.591,257.519
1780999118.059893,-5.352,2.143,-0.006,0.002,256.985,259.51,257.56
1780999118.070273,-5.69,1.571,-0.007,0.001,256.806,259.511,257.74
1780999118.084544,-5.634,1.429,-0.007,0.001,256.839,259.466,257.751
1780999118.09625,-6.028,1.214,-0.007,0.001,256.72,259.554,257.787
1780999118.111188,-6.085,1.0,-0.007,0.001,256.703,259.529,257.828
1780999118.126178,-6.535,0.857,-0.008,0.001,256.561,259.645,257.86
1780999118.141171,-6.873,0.643,-0.008,0.0,256.453,259.704,257.913
1780999118.1524491,-7.042,0.357,-0.008,0.0,256.393,259.692,257.987
1780999118.167536,-7.38,0.571,-0.009,0.001,256.362,259.829,257.886
1780999118.182518,-6.986,0.714,-0.008,0.001,256.529,259.713,257.828
1780999118.193779,-6.986,0.786,-0.008,0.001,256.55,259.722,257.798
1780999118.208666,-7.155,0.5,-0.008,0.0,256.46,259.717,257.894
1780999118.223636,-7.38,0.643,-0.008,0.001,256.426,259.815,257.834
1780999118.234817,-7.493,0.5,-0.009,0.001,256.379,259.823,257.874
1780999118.2800498,-7.606,0.429,-0.009,0.0,256.344,259.841,257.894
1780999118.2805078,-8.0,-0.214,-0.009,-0.0,256.133,259.841,258.111
1780999118.280849,-8.282,-0.357,-0.01,-0.001,256.048,259.9,258.141
1780999118.2913542,-8.169,-0.071,-0.009,-0.0,256.153,259.91,258.023
1780999118.306318,-8.338,0.143,-0.01,0.0,256.156,259.994,257.939
1780999118.321485,-8.338,-0.071,-0.01,-0.0,256.128,259.944,258.016
1780999118.332551,-8.338,0.5,-0.009,0.001,256.235,260.041,257.812
1780999118.34755,-8.338,0.857,-0.009,0.001,256.296,260.095,257.698
1780999118.362595,-8.282,1.643,-0.009,0.002,256.438,260.21,257.443
1780999118.37378,-8.451,1.857,-0.01,0.003,256.413,260.288,257.394
1780999118.3887491,-8.282,1.857,-0.009,0.003,256.458,260.22,257.413
1780999118.403622,-8.056,2.643,-0.009,0.004,256.642,260.281,257.169
1780999118.418635,-7.944,2.571,-0.009,0.003,256.641,260.219,257.229
1780999118.4306822,-7.718,3.357,-0.009,0.004,256.83,260.286,256.975
1780999118.445652,-7.662,3.286,-0.008,0.004,256.814,260.247,257.028
1780999118.460712,-7.606,3.929,-0.008,0.005,256.915,260.339,256.841
1780999118.504503,-7.831,4.357,-0.009,0.006,256.893,260.479,256.731
1780999118.504905,-7.775,4.571,-0.009,0.006,256.924,260.484,256.695
1780999118.505229,-7.38,4.571,-0.008,0.006,257.028,260.349,256.719
1780999118.512606,-7.099,5.071,-0.008,0.006,257.175,260.348,256.573
1780999118.527766,-7.042,5.214,-0.008,0.006,257.189,260.357,256.551
1780999118.54286,-6.761,4.786,-0.007,0.006,257.166,260.191,256.73
1780999118.553994,-6.141,5.5,-0.007,0.007,257.451,260.136,256.499
1780999118.569067,-6.085,5.357,-0.007,0.006,257.414,260.102,256.568
1780999118.583974,-5.915,5.429,-0.006,0.006,257.445,260.075,256.562
1780999118.595945,-6.028,5.571,-0.007,0.006,257.412,260.147,256.528
1780999118.610921,-5.859,5.643,-0.007,0.007,257.462,260.113,256.51
1780999118.625988,-6.028,5.643,-0.007,0.007,257.401,260.176,256.512
1780999118.640894,-5.915,5.786,-0.007,0.007,257.447,260.169,256.473
1780999118.6522272,-5.859,5.571,-0.007,0.006,257.418,260.115,256.552
1780999118.667168,-5.915,4.571,-0.007,0.005,257.226,259.958,256.891
1780999118.68208,-5.859,3.857,-0.007,0.004,257.122,259.819,257.126
1780999118.725929,-6.085,3.643,-0.007,0.004,257.035,259.873,257.162
1780999118.7264252,-6.197,3.214,-0.007,0.003,256.942,259.849,257.277
1780999118.726777,-6.085,2.5,-0.007,0.002,256.871,259.703,257.489
1780999118.7346182,-6.085,2.214,-0.007,0.002,256.846,259.677,257.539
1780999118.750282,-6.085,2.214,-0.007,0.002,256.86,259.694,257.51
1780999118.765175,-5.972,1.643,-0.007,0.001,256.81,259.576,257.674
1780999118.7764008,-5.746,1.143,-0.007,0.001,256.805,259.433,257.817
1780999118.791251,-5.859,0.929,-0.007,0.001,256.746,259.461,257.849
1780999118.806347,-5.69,0.857,-0.007,0.001,256.793,259.412,257.85
1780999118.817634,-5.577,0.714,-0.006,0.001,256.812,259.374,257.867
1780999118.8326771,-5.634,0.214,-0.007,-0.0,256.715,259.322,258.018
1780999118.847466,-5.577,0.286,-0.006,0.0,256.757,259.341,257.956
1780999118.8624902,-5.634,-0.071,-0.007,-0.0,256.684,259.313,258.058
1780999118.8737311,-5.521,0.143,-0.006,0.0,256.76,259.329,257.964
1780999118.8887029,-5.296,-0.071,-0.006,-0.0,256.791,259.235,258.025
1780999118.903605,-5.014,0.0,-0.006,0.0,256.89,259.174,257.983
1780999118.947507,-4.732,-0.357,-0.005,-0.0,256.908,259.038,258.099
1780999118.947924,-4.789,-0.5,-0.005,-0.001,256.859,259.048,258.138
1780999118.948259,-4.958,-0.214,-0.006,-0.0,256.857,259.167,258.024
1780999118.960258,-4.732,-0.429,-0.005,-0.0,256.883,259.07,258.092
1780999118.971342,-4.507,-0.357,-0.005,-0.0,256.958,259.025,258.061
1780999118.986301,-4.338,0.0,-0.005,0.0,257.064,259.048,257.931
1780999119.0012171,-4.451,0.0,-0.005,0.0,257.013,259.095,257.936
1780999119.0162601,-4.169,0.571,-0.005,0.001,257.192,259.114,257.736
1780999119.0273678,-4.338,0.357,-0.005,0.001,257.079,259.133,257.832
1780999119.042349,-3.775,0.643,-0.004,0.001,257.285,259.01,257.744
1780999119.0573819,-3.493,0.714,-0.004,0.001,257.362,258.945,257.73
1780999119.068487,-3.549,1.214,-0.004,0.002,257.419,259.062,257.559
1780999119.083575,-3.211,1.0,-0.004,0.002,257.458,258.916,257.662
1780999119.098567,-3.211,1.786,-0.004,0.003,257.57,259.067,257.403
1780999119.110504,-2.761,1.929,-0.003,0.003,257.708,258.952,257.377
1780999119.1255648,-2.93,2.286,-0.003,0.003,257.697,259.073,257.27
1780999119.168975,-2.761,2.643,-0.003,0.004,257.78,259.086,257.176
1780999119.1693451,-2.761,2.929,-0.003,0.004,257.799,259.139,257.105
1780999119.1696799,-2.761,3.143,-0.003,0.004,257.808,259.178,257.059
1780999119.1816251,-2.817,3.929,-0.004,0.005,257.903,259.337,256.812
1780999119.192596,-2.535,4.071,-0.003,0.005,258.0,259.262,256.79
1780999119.207571,-2.535,4.143,-0.003,0.005,257.987,259.264,256.8
1780999119.2226958,-2.366,4.071,-0.003,0.005,258.006,259.187,256.855
1780999119.237522,-2.479,4.571,-0.003,0.006,258.037,259.305,256.712
1780999119.24882,-2.535,4.786,-0.003,0.006,258.047,259.355,256.655
1780999119.263894,-2.592,5.286,-0.003,0.007,258.099,259.456,256.507
1780999119.278968,-2.479,5.357,-0.003,0.007,258.135,259.418,256.509
1780999119.290655,-2.423,5.714,-0.003,0.007,258.205,259.457,256.403
1780999119.305768,-2.535,5.714,-0.003,0.007,258.16,259.488,256.418
1780999119.320698,-2.423,5.714,-0.003,0.007,258.183,259.444,256.438
1780999119.331965,-2.479,6.429,-0.003,0.008,258.28,259.587,256.208
1780999119.346862,-2.366,6.286,-0.003,0.008,258.276,259.513,256.282
1780999119.3913631,-2.254,6.286,-0.003,0.007,258.3,259.468,256.302
1780999119.391857,-2.479,6.5,-0.003,0.008,258.259,259.579,256.235
1780999119.3921971,-2.31,6.357,-0.003,0.007,258.275,259.495,256.3
1780999119.402556,-2.31,6.5,-0.003,0.008,258.3,259.517,256.256
1780999119.4138398,-2.366,6.643,-0.003,0.008,258.302,259.56,256.212
1780999119.42873,-2.535,6.429,-0.003,0.008,258.206,259.574,256.292
1780999119.4437912,-2.085,6.5,-0.003,0.008,258.358,259.439,256.273
1780999119.458826,-2.31,6.357,-0.003,0.007,258.26,259.487,256.323
1780999119.4705439,-2.535,6.214,-0.003,0.007,258.164,259.534,256.371
1780999119.485538,-2.423,6.429,-0.003,0.008,258.242,259.537,256.292
1780999119.500624,-2.817,6.143,-0.004,0.007,258.066,259.609,256.395
1780999119.511831,-2.817,5.714,-0.004,0.006,258.001,259.524,256.538
1780999119.527025,-2.817,5.714,-0.004,0.006,258.015,259.526,256.524
1780999119.541871,-2.873,5.643,-0.004,0.006,257.993,259.532,256.538
1780999119.553039,-2.704,5.357,-0.003,0.006,258.009,259.426,256.624
1780999119.567895,-2.873,5.214,-0.004,0.006,257.942,259.46,256.657
1780999119.612098,-2.986,5.071,-0.004,0.006,257.893,259.474,256.692
1780999119.612531,-3.042,4.929,-0.004,0.006,257.86,259.472,256.726
1780999119.612845,-3.155,4.714,-0.004,0.005,257.8,259.47,256.786
1780999119.6236968,-3.38,4.643,-0.004,0.005,257.733,259.534,256.792
1780999119.635576,-3.437,4.143,-0.004,0.005,257.645,259.46,256.949
1780999119.650605,-3.437,3.857,-0.004,0.004,257.614,259.416,257.022
1780999119.6653252,-3.099,3.786,-0.004,0.004,257.719,259.298,257.031
1780999119.680334,-3.437,3.5,-0.004,0.004,257.566,259.359,257.124
1780999119.691107,-3.437,3.5,-0.004,0.004,257.566,259.359,257.124
1780999119.705884,-3.437,3.5,-0.004,0.004,257.566,259.359,257.124
1780999119.720578,-3.437,3.5,-0.004,0.004,257.566,259.359,257.124
1780999119.7317271,-3.437,3.5,-0.004,0.004,257.566,259.359,257.124
1780999119.746599,-3.437,3.5,-0.004,0.004,257.566,259.359,257.124
1780999119.761387,-3.437,3.5,-0.004,0.004,257.566,259.359,257.124
1780999119.772686,0.0,0.0,0.0,0.0,258.008,258.008,258.008
1780999119.7873092,-3.718,1.429,-0.004,0.001,257.307,258.968,257.763
1780999119.82998,-3.718,1.429,-0.004,0.001,257.307,258.968,257.763
1780999119.830362,-3.606,0.643,-0.004,-0.0,257.218,258.801,258.017
1780999119.8306901,-3.775,0.5,-0.004,-0.0,257.166,258.853,258.018
1780999119.843439,-3.775,0.143,-0.004,-0.0,257.125,258.802,258.11
1780999119.858378,-4.113,0.143,-0.005,-0.0,257.047,258.922,258.071
1780999119.869521,-4.056,0.143,-0.005,-0.0,257.087,258.916,258.037
1780999119.885243,-4.169,-0.071,-0.005,-0.0,257.024,258.916,258.101
1780999119.900312,-4.113,0.143,-0.005,0.0,257.091,258.944,258.004
1780999119.9114828,-4.338,0.071,-0.005,-0.0,257.022,259.001,258.019
1780999119.926511,-4.394,0.429,-0.005,0.001,257.079,259.078,257.885
1780999119.941439,-4.282,0.286,-0.005,0.0,257.096,259.008,257.937
1780999119.952875,-4.563,0.357,-0.005,0.0,257.028,259.107,257.909
1780999119.96793,-4.62,0.5,-0.005,0.001,257.037,259.142,257.865
1780999119.9826958,-4.676,0.429,-0.005,0.0,257.011,259.141,257.893
1780999119.997965,-4.563,1.214,-0.005,0.002,257.177,259.243,257.625
1780999120.009021,-4.563,1.143,-0.005,0.002,257.162,259.222,257.661
1780999120.050061,-4.507,1.0,-0.005,0.001,257.148,259.17,257.726
1780999120.050391,-4.845,1.571,-0.006,0.002,257.141,259.375,257.534
1780999120.050665,-4.901,1.571,-0.006,0.002,257.121,259.372,257.557
1780999120.0655282,-4.789,1.714,-0.005,0.002,257.18,259.352,257.516
1780999120.080544,-4.845,1.929,-0.005,0.002,257.198,259.397,257.455
1780999120.091443,-5.07,2.214,-0.006,0.003,257.176,259.509,257.369
1780999120.1065972,-5.239,2.214,-0.006,0.003,257.122,259.548,257.385
1780999120.1216938,-5.408,2.643,-0.006,0.003,257.145,259.66,257.255
1780999120.132938,-5.408,2.857,-0.006,0.004,257.182,259.686,257.193
1780999120.147648,-5.408,3.214,-0.006,0.004,257.246,259.731,257.087
1780999120.162668,-5.465,2.929,-0.006,0.003,257.176,259.677,257.208
1780999120.174015,-5.634,3.071,-0.006,0.004,257.142,259.745,257.176
1780999120.1891148,-5.521,2.929,-0.006,0.003,257.151,259.674,257.236
1780999120.203892,-5.521,3.714,-0.006,0.005,257.285,259.81,256.972
1780999120.21898,-5.465,3.786,-0.006,0.005,257.304,259.789,256.973
1780999120.230618,-5.634,4.357,-0.006,0.005,257.345,259.938,256.791
1780999120.2750258,-5.69,4.143,-0.006,0.005,257.282,259.906,256.883
1780999120.2754822,-5.634,5.286,-0.006,0.007,257.49,260.085,256.51
1780999120.275875,-5.746,5.643,-0.007,0.007,257.499,260.154,256.435
1780999120.2867079,-5.634,5.786,-0.006,0.007,257.542,260.121,256.424
1780999120.3016052,-6.028,5.786,-0.007,0.007,257.408,260.241,256.443
1780999120.312741,-5.803,5.786,-0.007,0.007,257.471,260.152,256.466
1780999120.327735,-5.69,4.571,-0.006,0.005,257.288,259.884,256.899
1780999120.3427808,-5.69,4.0,-0.006,0.004,257.197,259.789,257.08
1780999120.353955,-5.915,3.571,-0.007,0.004,257.066,259.8,257.201
1780999120.369131,-5.69,3.0,-0.006,0.003,257.046,259.628,257.384
1780999120.3839302,-5.746,2.929,-0.006,0.003,257.034,259.655,257.371
1780999120.395879,-5.803,2.643,-0.007,0.002,256.985,259.639,257.436
1780999120.4108858,-5.634,2.214,-0.006,0.002,256.977,259.526,257.554
1780999120.425909,-5.915,1.929,-0.007,0.002,256.852,259.575,257.632
1780999120.440876,-5.859,1.5,-0.007,0.001,256.814,259.493,257.75
1780999120.4522429,-5.746,1.286,-0.006,0.001,256.831,259.44,257.784
1780999120.496842,-5.69,1.143,-0.006,0.001,256.84,259.421,257.794
1780999120.49727,-5.634,1.0,-0.006,0.001,256.843,259.397,257.814
1780999120.4975848,-5.465,0.786,-0.006,0.001,256.863,259.314,257.874
1780999120.5080278,-5.634,0.714,-0.006,0.001,256.802,259.374,257.878
1780999120.523036,-5.577,0.929,-0.006,0.001,256.864,259.407,257.783
1780999120.534111,-5.408,0.857,-0.006,0.001,256.905,259.348,257.799
1780999120.549067,-5.465,0.643,-0.006,0.001,256.851,259.333,257.868
1780999120.563979,-5.239,0.5,-0.006,0.0,256.894,259.25,257.905
1780999120.575823,-5.183,0.286,-0.006,0.0,256.87,259.21,257.968
1780999120.590822,-5.127,0.357,-0.006,0.0,256.899,259.218,257.931
1780999120.605738,-4.958,0.357,-0.006,0.0,256.946,259.175,257.925
1780999120.616964,-4.732,0.357,-0.005,0.0,257.011,259.119,257.914
1780999120.632033,-4.62,0.571,-0.005,0.001,257.075,259.141,257.828
1780999120.646986,-4.789,0.429,-0.005,0.001,256.986,259.18,257.881
1780999120.6619468,-4.676,0.286,-0.005,0.0,256.993,259.122,257.93
1780999120.673117,-4.563,0.571,-0.005,0.001,257.074,259.147,257.823
1780999120.71491,-4.789,0.571,-0.006,0.001,256.996,259.223,257.828
1780999120.715314,-4.507,0.857,-0.005,0.001,257.125,259.186,257.733
1780999120.715654,-4.451,0.643,-0.005,0.001,257.094,259.134,257.815
1780999120.729124,-4.225,1.071,-0.005,0.001,257.234,259.145,257.663
1780999120.744034,-4.169,1.214,-0.005,0.002,257.261,259.159,257.623
1780999120.7557352,-4.056,1.286,-0.005,0.002,257.289,259.14,257.612
1780999120.770815,-4.0,1.571,-0.005,0.002,257.341,259.179,257.523
1780999120.785484,-3.549,1.643,-0.004,0.002,257.48,259.05,257.508
1780999120.796554,-3.437,1.786,-0.004,0.002,257.523,259.047,257.468
1780999120.811462,-3.437,1.786,-0.004,0.002,257.523,259.047,257.468
1780999120.8263512,-3.437,1.786,-0.004,0.002,257.523,259.047,257.468
1780999120.8376698,-3.042,2.571,-0.003,0.004,257.765,259.072,257.203
1780999120.852593,-2.761,2.786,-0.003,0.004,257.85,259.028,257.162
1780999120.867567,-2.704,3.0,-0.003,0.004,257.871,259.051,257.119
1780999120.882529,-2.93,3.143,-0.003,0.004,257.793,259.156,257.095
1780999120.893707,-2.648,3.071,-0.003,0.004,257.853,259.052,257.136
1780999120.9383218,-2.704,3.214,-0.003,0.004,257.839,259.101,257.103
1780999120.938737,-2.817,3.571,-0.003,0.004,257.852,259.204,256.99
1780999120.939053,-2.817,3.643,-0.003,0.004,257.849,259.216,256.983
1780999120.950343,-2.648,3.643,-0.003,0.004,257.893,259.159,256.994
1780999120.965342,-2.592,4.214,-0.003,0.005,257.996,259.244,256.81
1780999120.976576,-2.479,4.0,-0.003,0.005,257.974,259.166,256.907
1780999120.991543,-2.592,4.429,-0.003,0.005,258.001,259.277,256.774
1780999121.00659,-2.366,4.786,-0.003,0.006,258.116,259.263,256.675
1780999121.017706,-2.592,5.714,-0.003,0.007,258.196,259.504,256.368
1780999121.0326982,-2.479,5.5,-0.003,0.007,258.173,259.414,256.476
1780999121.047483,-2.197,5.429,-0.003,0.007,258.235,259.3,256.523
1780999121.058812,-2.535,5.214,-0.003,0.006,258.075,259.365,256.618
1780999121.073765,-2.423,5.786,-0.003,0.007,258.211,259.43,256.423
1780999121.088825,-2.704,5.5,-0.003,0.006,258.062,259.461,256.539
1780999121.103856,-2.535,5.571,-0.003,0.006,258.123,259.411,256.527
1780999121.115751,-2.648,5.929,-0.003,0.007,258.15,259.505,256.411
1780999121.151377,-2.648,6.143,-0.003,0.007,258.19,259.536,256.344
1780999121.151665,-2.648,6.071,-0.003,0.007,258.174,259.513,256.381
1780999121.156678,-2.873,5.929,-0.004,0.007,258.073,259.554,256.44
1780999121.171658,-3.155,6.214,-0.004,0.007,258.037,259.689,256.347
1780999121.186711,-2.986,6.071,-0.004,0.007,258.068,259.595,256.406
1780999121.1978939,-2.986,6.071,-0.004,0.007,258.072,259.59,256.408
1780999121.213078,-3.211,6.214,-0.004,0.007,258.034,259.679,256.36
1780999121.2279859,-3.268,6.071,-0.004,0.007,257.995,259.662,256.414
1780999121.23916,-3.437,5.857,-0.004,0.007,257.91,259.676,256.483
1780999121.254358,-3.155,5.714,-0.004,0.006,257.981,259.555,256.529
1780999121.2693388,-3.268,5.5,-0.004,0.006,257.914,259.551,256.598
1780999121.281416,-3.493,5.286,-0.004,0.006,257.821,259.584,256.657
1780999121.2963252,-3.662,5.214,-0.005,0.006,257.771,259.627,256.666
1780999121.3112051,-3.831,5.214,-0.005,0.006,257.728,259.68,256.657
1780999121.326098,-3.887,4.929,-0.005,0.006,257.673,259.643,256.746
1780999121.337373,-4.056,4.357,-0.005,0.005,257.535,259.598,256.926
1780999121.3728042,-3.944,4.286,-0.005,0.005,257.578,259.548,256.931
1780999121.373137,-3.944,4.143,-0.005,0.005,257.568,259.524,256.964
1780999121.3783932,-4.338,4.357,-0.005,0.005,257.495,259.694,256.874
1780999121.3933911,-4.225,4.214,-0.005,0.005,257.53,259.628,256.903
1780999121.408386,-4.394,3.857,-0.005,0.004,257.433,259.611,257.015
1780999121.420148,-4.507,3.143,-0.006,0.003,257.289,259.516,257.25
1780999121.435311,-4.507,3.0,-0.005,0.003,257.281,259.494,257.279
1780999121.450279,-4.62,2.571,-0.006,0.003,257.196,259.46,257.396
1780999121.4613519,-4.845,2.5,-0.006,0.003,257.138,259.529,257.388
1780999121.476471,-4.563,2.357,-0.005,0.003,257.219,259.419,257.412
1780999121.491276,-5.014,2.357,-0.006,0.003,257.091,259.569,257.397
1780999121.5025668,-5.014,2.0,-0.006,0.002,257.048,259.506,257.5
1780999121.517626,-4.845,1.929,-0.006,0.002,257.102,259.447,257.504
1780999121.5325189,-5.014,1.929,-0.006,0.002,257.062,259.502,257.491
1780999121.5473878,-5.239,1.571,-0.006,0.002,256.942,259.514,257.6
1780999121.558806,-4.958,1.714,-0.006,0.002,257.066,259.45,257.537
1780999121.601415,-5.127,1.714,-0.006,0.002,257.028,259.509,257.517
1780999121.6018019,-5.239,1.714,-0.006,0.002,257.002,259.548,257.507
1780999121.602148,-5.296,1.5,-0.006,0.002,256.959,259.525,257.572
1780999121.615394,-5.352,1.5,-0.006,0.002,256.951,259.543,257.563
1780999121.630651,-5.521,1.5,-0.007,0.002,256.907,259.597,257.555
1780999121.6415942,-5.521,1.214,-0.007,0.002,256.862,259.542,257.654
1780999121.6566541,-5.465,1.357,-0.007,0.002,256.909,259.55,257.599
1780999121.671666,-5.239,1.5,-0.006,0.002,257.007,259.506,257.542
1780999121.6828952,-5.521,1.714,-0.007,0.002,256.957,259.637,257.466
1780999121.697796,-5.521,1.786,-0.007,0.002,256.97,259.642,257.448
1780999121.712857,-5.408,2.214,-0.006,0.003,257.076,259.678,257.307
1780999121.7242858,-5.521,2.714,-0.007,0.004,257.125,259.796,257.146
1780999121.73926,-5.803,2.571,-0.007,0.003,257.005,259.853,257.211
1780999121.754056,-5.577,2.714,-0.007,0.004,257.096,259.794,257.176
1780999121.769109,-5.408,2.857,-0.006,0.004,257.167,259.76,257.137
1780999121.7806919,-5.239,2.643,-0.006,0.003,257.172,259.666,257.222
1780999121.8241699,-5.07,2.429,-0.006,0.003,257.179,259.575,257.302
1780999121.824598,-4.845,2.357,-0.006,0.003,257.23,259.498,257.325
1780999121.824926,-4.789,2.357,-0.006,0.003,257.24,259.491,257.322
1780999121.836608,-4.958,2.143,-0.006,0.003,257.142,259.514,257.398
1780999121.851648,-5.183,2.286,-0.006,0.003,257.096,259.618,257.344
1780999121.862797,-5.014,2.357,-0.006,0.003,257.158,259.585,257.314
1780999121.87789,-4.789,2.5,-0.006,0.003,257.246,259.544,257.266
1780999121.892842,-4.676,2.714,-0.006,0.004,257.312,259.549,257.195
1780999121.903906,-4.732,2.286,-0.006,0.003,257.213,259.492,257.349
1780999121.918905,-4.676,2.286,-0.006,0.003,257.224,259.48,257.349
1780999121.933866,-4.563,2.429,-0.005,0.003,257.277,259.48,257.295
1780999121.945858,-4.451,2.571,-0.005,0.003,257.333,259.475,257.244
1780999121.9609652,-4.62,2.5,-0.006,0.003,257.261,259.521,257.272
1780999121.97575,-4.789,2.429,-0.006,0.003,257.192,259.565,257.3
1780999121.990665,-4.676,2.571,-0.006,0.003,257.247,259.559,257.25
1780999122.002047,-4.451,2.786,-0.005,0.004,257.348,259.527,257.18
1780999122.045493,-4.507,2.786,-0.006,0.004,257.319,259.549,257.188
1780999122.045923,-4.676,2.714,-0.006,0.003,257.248,259.593,257.216
1780999122.04623,-4.451,2.714,-0.005,0.003,257.316,259.523,257.215
1780999122.057974,-4.62,3.143,-0.006,0.004,257.336,259.658,257.066
1780999122.073018,-4.563,3.5,-0.006,0.005,257.409,259.696,256.957
1780999122.084116,-4.62,3.643,-0.006,0.005,257.41,259.726,256.928
1780999122.098984,-4.507,3.786,-0.006,0.005,257.466,259.708,256.889
1780999122.114104,-4.451,3.929,-0.005,0.005,257.5,259.714,256.85
1780999122.125814,-4.507,4.071,-0.006,0.005,257.504,259.752,256.81
1780999122.140887,-4.845,3.786,-0.006,0.005,257.338,259.8,256.929
1780999122.15584,-4.451,3.857,-0.005,0.005,257.474,259.682,256.907
1780999122.167187,-4.62,3.929,-0.006,0.005,257.429,259.75,256.886
1780999122.182156,-4.676,3.786,-0.006,0.005,257.386,259.739,256.939
1780999122.197183,-4.62,4.0,-0.006,0.005,257.44,259.76,256.866
1780999122.212063,-4.845,4.0,-0.006,0.005,257.369,259.831,256.869
1780999122.223478,-4.451,3.929,-0.005,0.005,257.476,259.687,256.899
1780999122.266465,-4.507,4.286,-0.006,0.005,257.518,259.774,256.775
1780999122.2668312,-4.507,4.071,-0.006,0.005,257.476,259.734,256.855
1780999122.267148,-4.394,4.214,-0.005,0.005,257.53,259.722,256.812
1780999122.2791739,-4.901,4.071,-0.006,0.005,257.343,259.861,256.866
1780999122.294228,-4.394,4.071,-0.005,0.005,257.495,259.697,256.872
1780999122.306046,-4.451,4.357,-0.006,0.005,257.527,259.766,256.775
1780999122.3211,-4.338,4.214,-0.005,0.005,257.534,259.698,256.832
1780999122.3361652,-4.282,4.643,-0.005,0.006,257.623,259.766,256.679
1780999122.347224,-4.451,4.5,-0.006,0.006,257.537,259.792,256.739
1780999122.3623621,-4.225,4.5,-0.005,0.006,257.602,259.719,256.745
1780999122.3772511,-4.394,4.643,-0.006,0.006,257.571,259.808,256.69
1780999122.388475,-4.169,4.857,-0.005,0.006,257.675,259.776,256.619
1780999122.4034078,-4.0,4.643,-0.005,0.006,257.682,259.682,256.701
1780999122.418474,-4.0,4.5,-0.005,0.005,257.647,259.665,256.752
1780999122.4335139,-3.944,4.214,-0.005,0.005,257.607,259.601,256.852
1780999122.445531,-3.887,4.214,-0.005,0.005,257.621,259.592,256.847
1780999122.49085,-3.775,4.429,-0.005,0.005,257.693,259.602,256.767
1780999122.491318,-3.887,4.5,-0.005,0.006,257.664,259.662,256.738
1780999122.491649,-3.775,4.571,-0.005,0.006,257.709,259.641,256.714
1780999122.5010638,-4.0,4.286,-0.005,0.005,257.585,259.665,256.813
1780999122.5161479,-3.775,4.357,-0.005,0.005,257.669,259.608,256.784
1780999122.528168,-3.775,4.571,-0.005,0.006,257.71,259.65,256.704
1780999122.542321,-4.056,4.286,-0.005,0.005,257.569,259.69,256.805
1780999122.557311,-4.113,4.643,-0.005,0.006,257.623,259.772,256.674
1780999122.5684521,-4.113,4.286,-0.005,0.005,257.562,259.703,256.799
1780999122.583529,-4.338,4.0,-0.006,0.005,257.446,259.721,256.897
1780999122.59845,-4.338,4.357,-0.006,0.005,257.513,259.787,256.769
1780999122.610487,-4.282,4.357,-0.006,0.005,257.535,259.767,256.765
1780999122.6254861,-4.394,4.571,-0.006,0.006,257.542,259.843,256.686
1780999122.640366,-4.225,3.929,-0.005,0.005,257.482,259.664,256.916
1780999122.6552598,-4.338,4.143,-0.006,0.005,257.49,259.742,256.834
1780999122.666646,-4.225,4.071,-0.005,0.005,257.514,259.691,256.858
1780999122.710523,-4.394,4.357,-0.006,0.005,257.516,259.801,256.753
1780999122.710882,-4.394,4.214,-0.006,0.005,257.492,259.773,256.802
1780999122.7112188,-3.831,4.214,-0.005,0.005,257.668,259.592,256.8
1780999122.722354,-4.451,4.429,-0.006,0.006,257.509,259.837,256.724
1780999122.737365,-4.225,4.143,-0.005,0.005,257.53,259.709,256.826
1780999122.74851,-4.507,4.214,-0.006,0.005,257.455,259.817,256.797
1780999122.763652,-4.225,4.286,-0.005,0.005,257.556,259.738,256.772
1780999122.7787368,-4.282,4.071,-0.005,0.005,257.497,259.718,256.85
1780999122.7904,-4.225,4.0,-0.005,0.005,257.502,259.691,256.87
1780999122.805428,-4.113,4.5,-0.005,0.006,257.627,259.753,256.688
1780999122.82032,-4.113,4.286,-0.005,0.005,257.582,259.715,256.768
1780999122.831629,-4.056,4.286,-0.005,0.005,257.596,259.702,256.767
1780999122.847075,-3.944,4.357,-0.005,0.006,257.638,259.682,256.744
1780999122.861716,-4.225,4.286,-0.005,0.005,257.534,259.761,256.772
1780999122.8768861,-4.282,4.357,-0.006,0.006,257.53,259.795,256.743
1780999122.888045,-4.225,4.214,-0.005,0.005,257.522,259.749,256.795
1780999122.930961,-4.113,4.143,-0.005,0.005,257.546,259.701,256.817
1780999122.93139,-4.282,4.071,-0.006,0.005,257.482,259.742,256.841
1780999122.931714,-4.282,4.214,-0.006,0.005,257.512,259.769,256.787
1780999122.944017,-4.225,4.5,-0.005,0.006,257.582,259.804,256.684
1780999122.95899,-4.282,4.143,-0.006,0.005,257.5,259.757,256.81
1780999122.970929,-4.225,4.214,-0.005,0.005,257.527,259.753,256.787
1780999122.9860091,-4.282,4.571,-0.006,0.006,257.574,259.837,256.66
1780999123.000871,-4.507,4.286,-0.006,0.005,257.453,259.859,256.76
1780999123.0121138,-4.225,4.429,-0.005,0.006,257.571,259.794,256.704
1780999123.027192,-4.169,4.286,-0.005,0.005,257.56,259.749,256.758
1780999123.042081,-4.282,4.357,-0.006,0.006,257.537,259.802,256.73
1780999123.053488,-4.451,4.214,-0.006,0.005,257.457,259.832,256.78
1780999123.068413,-4.225,4.071,-0.005,0.005,257.505,259.731,256.829
1780999123.0832798,-4.507,4.357,-0.006,0.006,257.472,259.881,256.72
1780999123.09811,-4.282,4.0,-0.006,0.005,257.477,259.745,256.843
1780999123.1094642,-4.338,4.357,-0.006,0.006,257.523,259.831,256.716
1780999123.151658,-4.113,4.071,-0.005,0.005,257.542,259.705,256.817
1780999123.152034,-4.394,4.071,-0.006,0.005,257.46,259.798,256.81
1780999123.1523771,-4.225,4.214,-0.006,0.005,257.539,259.771,256.757
1780999123.165849,-4.338,4.286,-0.006,0.006,257.515,259.821,256.734
1780999123.1808739,-4.225,4.143,-0.006,0.005,257.524,259.758,256.785
1780999123.1920981,-4.113,4.286,-0.005,0.006,257.582,259.752,256.733
1780999123.2071302,-4.282,4.286,-0.006,0.006,257.526,259.811,256.732
1780999123.222107,-4.169,4.286,-0.005,0.006,257.562,259.775,256.731
1780999123.233343,-4.169,4.214,-0.005,0.005,257.547,259.762,256.757
1780999123.2481658,-4.0,4.286,-0.005,0.006,257.612,259.719,256.735
1780999123.2634492,-4.169,4.429,-0.005,0.006,257.583,259.803,256.684
1780999123.274556,-4.169,4.357,-0.005,0.006,257.566,259.793,256.71
1780999123.2895129,-4.056,4.571,-0.005,0.006,257.638,259.797,256.635
1780999123.304522,-4.0,4.214,-0.005,0.005,257.587,259.711,256.767
1780999123.319367,-4.225,4.286,-0.006,0.006,257.529,259.801,256.738
1780999123.331423,-4.225,4.429,-0.006,0.006,257.557,259.829,256.685
1780999123.3740869,-4.056,4.286,-0.005,0.006,257.584,259.748,256.735
1780999123.374544,-4.225,4.571,-0.006,0.006,257.58,259.857,256.635
1780999123.3748639,-4.282,4.214,-0.006,0.005,257.497,259.81,256.762
1780999123.387321,-4.394,4.571,-0.006,0.006,257.53,259.914,256.632
1780999123.4023,-4.282,4.214,-0.006,0.005,257.505,259.81,256.755
1780999123.413461,-4.451,3.786,-0.006,0.005,257.381,259.785,256.901
1780999123.428489,-4.563,4.143,-0.006,0.005,257.418,259.891,256.763
1780999123.4435189,-4.732,4.0,-0.006,0.005,257.346,259.919,256.808
1780999123.4552908,-4.394,4.0,-0.006,0.005,257.454,259.811,256.803
1780999123.470274,-4.338,4.071,-0.006,0.005,257.486,259.811,256.772
1780999123.4851289,-4.451,3.929,-0.006,0.005,257.426,259.823,256.82
1780999123.49651,-4.338,3.857,-0.006,0.005,257.45,259.775,256.842
1780999123.511609,-4.282,3.714,-0.006,0.005,257.442,259.735,256.888
1780999123.5263538,-4.169,3.857,-0.005,0.005,257.503,259.729,256.833
1780999123.5413241,-4.0,4.0,-0.005,0.005,257.58,259.705,256.78
1780999123.552586,-4.169,3.929,-0.006,0.005,257.51,259.75,256.807
1780999123.596834,-4.169,3.929,-0.006,0.005,257.505,259.753,256.808
1780999123.5972638,-4.0,3.786,-0.005,0.005,257.53,259.676,256.857
1780999123.59758,-3.831,3.714,-0.005,0.005,257.567,259.611,256.882
1780999123.608434,-4.225,3.857,-0.006,0.005,257.467,259.775,256.826
1780999123.623557,-4.0,3.929,-0.005,0.005,257.546,259.717,256.802
1780999123.635336,-4.282,3.786,-0.006,0.005,257.432,259.782,256.853
1780999123.650329,-4.056,4.143,-0.005,0.006,257.567,259.775,256.726
1780999123.665302,-4.451,4.143,-0.006,0.006,257.445,259.897,256.731
1780999123.676461,-4.338,3.929,-0.006,0.005,257.444,259.816,256.808
1780999123.691503,-4.338,4.357,-0.006,0.006,257.525,259.897,256.652
1780999123.706313,-4.282,4.214,-0.006,0.006,257.517,259.85,256.705
1780999123.717589,-4.113,4.214,-0.005,0.006,257.572,259.792,256.705
1780999123.732502,-4.338,4.0,-0.006,0.005,257.462,259.827,256.781
1780999123.747415,-4.507,4.143,-0.006,0.006,257.44,259.907,256.726
1780999123.76239,-4.338,4.214,-0.006,0.006,257.505,259.863,256.704
1780999123.7736828,-4.507,4.143,-0.006,0.006,257.437,259.903,256.732
1780999123.816961,-4.507,4.143,-0.006,0.006,257.436,259.901,256.735
1780999123.817332,-4.394,4.214,-0.006,0.006,257.483,259.88,256.709
1780999123.817672,-4.338,4.143,-0.006,0.006,257.486,259.85,256.734
1780999123.830166,-4.282,4.357,-0.006,0.006,257.541,259.874,256.658
1780999123.8451478,-4.225,4.286,-0.006,0.006,257.539,259.843,256.69
1780999123.856321,-4.169,4.5,-0.006,0.006,257.59,259.869,256.614
1780999123.8712242,-4.225,4.429,-0.006,0.006,257.555,259.874,256.644
1780999123.8863301,-4.056,4.571,-0.005,0.006,257.632,259.849,256.593
1780999123.8978,-4.225,4.071,-0.006,0.005,257.486,259.812,256.772
1780999123.912413,-4.282,4.143,-0.006,0.006,257.478,259.849,256.744
1780999123.92749,-3.944,4.5,-0.005,0.006,257.645,259.812,256.615
1780999123.938507,-4.113,4.571,-0.006,0.006,257.598,259.881,256.595
1780999123.953662,-4.056,4.429,-0.006,0.006,257.588,259.838,256.646
1780999123.968576,-4.0,4.214,-0.005,0.006,257.565,259.784,256.72
1780999123.983606,-4.225,4.0,-0.006,0.005,257.457,259.821,256.791
1780999123.9956028,-4.056,4.429,-0.006,0.006,257.592,259.845,256.635
1780999124.039574,-4.113,4.286,-0.006,0.006,257.551,259.835,256.685
1780999124.040002,-4.056,4.071,-0.006,0.005,257.537,259.778,256.753
1780999124.0403259,-4.169,3.714,-0.006,0.005,257.443,259.747,256.875
1780999124.051327,-4.62,3.929,-0.006,0.005,257.347,259.934,256.793
1780999124.06631,-4.394,3.857,-0.006,0.005,257.413,259.845,256.812
1780999124.077356,-4.282,3.714,-0.006,0.005,257.428,259.784,256.854
1780999124.0923982,-4.338,3.786,-0.006,0.005,257.427,259.822,256.82
1780999124.107487,-4.563,3.643,-0.006,0.005,257.338,259.873,256.86
1780999124.118604,-4.338,4.071,-0.006,0.006,257.49,259.877,256.705
1780999124.133648,-4.563,3.786,-0.006,0.005,257.368,259.898,256.806
1780999124.148513,-4.338,3.643,-0.006,0.005,257.413,259.802,256.853
1780999124.1605508,-4.451,3.714,-0.006,0.005,257.392,259.856,256.822
1780999124.175489,-4.338,3.357,-0.006,0.005,257.365,259.751,256.949
1780999124.190391,-4.394,3.643,-0.006,0.005,257.399,259.827,256.842
1780999124.205274,-4.338,3.786,-0.006,0.005,257.448,259.84,256.783
1780999124.216651,-4.394,3.714,-0.006,0.005,257.415,259.844,256.811
1780999124.25998,-4.394,3.929,-0.006,0.006,257.447,259.888,256.737
1780999124.260393,-4.0,4.0,-0.005,0.006,257.58,259.773,256.715
1780999124.260714,-4.225,4.0,-0.006,0.006,257.499,259.852,256.72
1780999124.272628,-3.887,3.857,-0.005,0.005,257.57,259.719,256.777
1780999124.28764,-4.056,4.357,-0.006,0.006,257.6,259.869,256.605
1780999124.2988002,-3.831,4.571,-0.005,0.006,257.702,259.836,256.536
1780999124.313994,-4.0,4.286,-0.006,0.006,257.592,259.837,256.642
1780999124.32885,-4.225,3.857,-0.006,0.005,257.44,259.831,256.798
1780999124.340724,-4.0,4.429,-0.006,0.006,257.616,259.865,256.592
1780999124.355811,-4.451,4.429,-0.006,0.006,257.472,260.01,256.597
1780999124.370802,-4.394,4.286,-0.006,0.006,257.466,259.958,256.652
1780999124.381962,-4.394,4.214,-0.006,0.006,257.455,259.94,256.68
1780999124.397125,-4.282,4.357,-0.006,0.006,257.517,259.929,256.63
1780999124.4122,-4.507,4.143,-0.006,0.006,257.405,259.965,256.706
1780999124.42719,-4.225,4.286,-0.006,0.006,257.523,259.895,256.655
1780999124.438366,-4.394,3.929,-0.006,0.005,257.408,259.886,256.778
1780999124.480704,-4.451,4.0,-0.006,0.005,257.404,259.918,256.752
1780999124.4811509,-4.451,4.071,-0.006,0.006,257.426,259.929,256.72
1780999124.481468,-4.225,4.286,-0.006,0.006,257.534,259.897,256.644
1780999124.4942489,-4.394,4.143,-0.006,0.006,257.452,259.927,256.695
1780999124.5091798,-4.338,4.214,-0.006,0.006,257.484,259.923,256.668
1780999124.520913,-4.113,4.214,-0.006,0.006,257.555,259.852,256.665
1780999124.535763,-4.225,3.929,-0.006,0.005,257.468,259.838,256.764
1780999124.550792,-4.225,4.143,-0.006,0.006,257.507,259.882,256.684
1780999124.562036,-4.225,4.214,-0.006,0.006,257.519,259.898,256.657
1780999124.577268,-4.282,4.071,-0.006,0.006,257.47,259.894,256.709
1780999124.5921018,-4.394,4.286,-0.006,0.006,257.471,259.975,256.632
1780999124.603233,-4.056,4.143,-0.006,0.006,257.551,259.837,256.683
1780999124.618489,-4.0,4.0,-0.006,0.006,257.541,259.797,256.731
1780999124.63328,-4.225,4.071,-0.006,0.006,257.48,259.891,256.702
1780999124.6482759,-3.831,3.714,-0.005,0.005,257.539,259.705,256.821
1780999124.659468,-3.887,3.786,-0.005,0.005,257.534,259.744,256.788
1780999124.702635,-3.887,3.786,-0.005,0.005,257.534,259.744,256.788
1780999124.7030241,-3.887,3.714,-0.005,0.005,257.521,259.737,256.807
1780999124.70337,-3.887,3.714,-0.005,0.005,257.521,259.737,256.807
1780999124.7154381,-3.887,3.714,-0.005,0.005,257.521,259.737,256.807
1780999124.7306528,-3.831,3.786,-0.005,0.005,257.551,259.736,256.779
1780999124.741591,-4.056,3.643,-0.006,0.005,257.454,259.788,256.825
1780999124.7567449,-4.113,3.714,-0.006,0.005,257.452,259.822,256.795
1780999124.771693,-3.831,4.0,-0.005,0.006,257.589,259.782,256.697
1780999124.7827818,-3.887,4.0,-0.005,0.006,257.569,259.801,256.699
1780999124.7978082,-3.831,3.929,-0.005,0.006,257.568,259.772,256.728
1780999124.812989,-3.887,4.357,-0.006,0.006,257.622,259.873,256.579
1780999124.8242838,-3.606,4.143,-0.005,0.006,257.667,259.74,256.661
1780999124.839114,-4.056,4.071,-0.006,0.006,257.511,259.874,256.687
1780999124.853971,-4.056,3.929,-0.006,0.006,257.487,259.848,256.736
1780999124.869102,-4.113,4.214,-0.006,0.006,257.526,259.918,256.631
1780999124.880844,-3.944,4.071,-0.006,0.006,257.554,259.839,256.678
1780999124.926084,-4.0,4.0,-0.006,0.006,257.524,259.845,256.702
1780999124.92655,-3.944,4.0,-0.006,0.006,257.541,259.829,256.701
1780999124.926898,-4.225,3.929,-0.006,0.006,257.445,259.903,256.725
1780999124.936907,-4.282,4.0,-0.006,0.006,257.445,259.937,256.694
1780999124.952012,-4.394,3.929,-0.006,0.006,257.404,259.954,256.718
1780999124.962996,-4.394,3.857,-0.006,0.006,257.395,259.936,256.743
1780999124.978046,-4.282,3.929,-0.006,0.006,257.451,259.909,256.714
1780999124.9930859,-4.676,4.071,-0.007,0.006,257.356,260.065,256.661
1780999125.0042088,-4.394,4.143,-0.006,0.006,257.46,259.982,256.635
1780999125.019286,-4.507,3.857,-0.006,0.006,257.373,259.967,256.735
1780999125.034225,-4.563,3.429,-0.006,0.005,257.289,259.9,256.883
1780999125.046099,-4.451,3.429,-0.006,0.005,257.331,259.867,256.873
1780999125.0611799,-4.507,2.857,-0.006,0.004,257.222,259.785,257.059
1780999125.076077,-4.507,2.857,-0.006,0.004,257.234,259.797,257.035
1780999125.091091,-4.507,2.857,-0.006,0.004,257.235,259.802,257.029
1780999125.102423,-4.507,2.857,-0.006,0.004,257.242,259.807,257.018
1780999125.1461031,-4.507,3.0,-0.006,0.005,257.27,259.845,256.954
1780999125.14658,-4.169,3.071,-0.006,0.005,257.391,259.752,256.922
1780999125.146935,-4.451,3.357,-0.006,0.005,257.355,259.899,256.818
1780999125.1582332,-4.676,3.214,-0.007,0.005,257.257,259.941,256.876
1780999125.173409,-4.451,3.714,-0.006,0.006,257.413,259.954,256.709
1780999125.1843789,-4.563,3.643,-0.006,0.006,257.357,259.971,256.748
1780999125.2000508,-4.507,3.714,-0.006,0.006,257.383,259.966,256.727
1780999125.215053,-4.451,3.714,-0.006,0.006,257.397,259.945,256.733
1780999125.226259,-4.451,3.571,-0.006,0.005,257.367,259.918,256.788
1780999125.241271,-4.507,3.5,-0.006,0.005,257.338,259.921,256.813
1780999125.256198,-4.676,3.429,-0.007,0.005,257.273,259.966,256.836
1780999125.267413,-4.507,3.429,-0.006,0.005,257.331,259.912,256.829
1780999125.282559,-4.563,3.429,-0.006,0.005,257.313,259.937,256.824
1780999125.297297,-4.451,3.286,-0.006,0.005,257.321,259.879,256.871
1780999125.312327,-4.282,3.0,-0.006,0.005,257.323,259.782,256.961
1780999125.3237498,-4.338,3.143,-0.006,0.005,257.335,259.832,256.901
1780999125.366484,-4.338,2.786,-0.006,0.004,257.275,259.77,257.02
1780999125.366869,-4.338,2.714,-0.006,0.004,257.268,259.759,257.037
1780999125.36721,-4.507,2.857,-0.006,0.005,257.247,259.847,256.974
1780999125.380221,-4.338,2.786,-0.006,0.004,257.289,259.781,256.996
1780999125.395256,-4.845,3.0,-0.007,0.005,257.175,259.984,256.916
1780999125.406423,-4.789,2.786,-0.007,0.004,257.16,259.923,256.99
1780999125.421469,-4.676,2.857,-0.007,0.005,257.214,259.901,256.957
1780999125.436547,-4.563,2.714,-0.006,0.004,257.229,259.835,257.005
1780999125.447507,-4.958,2.929,-0.007,0.005,257.148,260.001,256.928
1780999125.4625869,-4.789,2.857,-0.007,0.005,257.192,259.928,256.953
1780999125.4776251,-4.901,3.071,-0.007,0.005,257.198,260.003,256.876
1780999125.4888551,-4.901,3.071,-0.007,0.005,257.198,260.003,256.875
1780999125.503819,-4.676,3.286,-0.007,0.005,257.304,259.965,256.806
1780999125.518782,-4.789,3.357,-0.007,0.005,257.277,260.01,256.79
1780999125.533737,-4.62,3.571,-0.006,0.006,257.361,259.994,256.722
1780999125.5456939,-4.732,3.571,-0.007,0.006,257.319,260.023,256.737
1780999125.589962,-4.789,3.429,-0.007,0.005,257.273,260.013,256.791
1780999125.5904052,-4.62,3.214,-0.007,0.005,257.282,259.917,256.873
1780999125.5907571,-4.676,3.5,-0.007,0.005,257.311,259.992,256.773
1780999125.601485,-4.732,3.214,-0.007,0.005,257.243,259.961,256.871
1780999125.616599,-4.451,3.0,-0.006,0.005,257.292,259.834,256.942
1780999125.6276789,-4.507,2.571,-0.006,0.004,257.203,259.782,257.08
1780999125.6426759,-4.451,2.571,-0.006,0.004,257.229,259.776,257.06
1780999125.657613,-4.789,2.571,-0.007,0.004,257.13,259.899,257.042
1780999125.668727,-4.676,2.357,-0.007,0.004,257.13,259.83,257.107
1780999125.6836941,-4.62,2.357,-0.007,0.004,257.153,259.818,257.097
1780999125.698546,-4.451,1.929,-0.006,0.003,257.133,259.69,257.238
1780999125.710409,-4.732,1.714,-0.007,0.003,257.016,259.755,257.294
1780999125.7254379,-4.62,1.571,-0.007,0.003,257.032,259.702,257.329
1780999125.740267,-4.451,1.429,-0.006,0.003,257.065,259.628,257.367
1780999125.755199,-4.563,1.5,-0.007,0.003,257.05,259.692,257.319
1780999125.76651,-4.394,1.571,-0.006,0.003,257.118,259.66,257.282
1780999125.811389,-4.338,1.357,-0.006,0.003,257.099,259.614,257.345
1780999125.8117619,-4.225,1.214,-0.006,0.003,257.107,259.56,257.389
1780999125.8120902,-4.113,1.214,-0.006,0.003,257.137,259.536,257.382
1780999125.8223171,-4.056,1.429,-0.006,0.003,257.19,259.571,257.296
1780999125.8372679,-4.0,1.357,-0.006,0.003,257.19,259.551,257.315
1780999125.8483222,-3.944,1.357,-0.006,0.003,257.201,259.539,257.316
1780999125.8632681,-3.831,1.143,-0.006,0.003,257.193,259.471,257.389
1780999125.8783941,-3.831,1.643,-0.006,0.003,257.274,259.57,257.212
1780999125.8902469,-3.662,1.571,-0.005,0.003,257.303,259.515,257.236
1780999125.9052281,-3.437,1.286,-0.005,0.003,257.313,259.4,257.337
1780999125.9201589,-3.606,1.5,-0.005,0.003,257.292,259.5,257.261
1780999125.931205,-3.042,1.143,-0.005,0.003,257.391,259.265,257.389
1780999125.946471,-2.986,1.214,-0.005,0.003,257.409,259.276,257.361
1780999125.961378,-3.042,1.429,-0.005,0.003,257.42,259.344,257.284
1780999125.9762838,-3.155,1.5,-0.005,0.003,257.39,259.4,257.26
1780999125.987529,-2.648,1.5,-0.004,0.003,257.537,259.245,257.263
1780999126.0304089,-2.648,1.5,-0.004,0.003,257.523,259.258,257.264
1780999126.0307689,-2.366,1.5,-0.004,0.003,257.595,259.18,257.268
1780999126.0310779,-2.535,1.857,-0.004,0.004,257.593,259.308,257.146
1780999126.04344,-2.423,1.929,-0.004,0.004,257.625,259.292,257.13
1780999126.058516,-2.479,1.786,-0.004,0.004,257.57,259.292,257.185
1780999126.0702028,-2.254,1.429,-0.004,0.003,257.569,259.161,257.312
1780999126.085186,-2.197,1.357,-0.004,0.003,257.569,259.14,257.333
1780999126.100119,-2.141,1.5,-0.004,0.003,257.606,259.157,257.28
1780999126.111121,-2.197,1.357,-0.004,0.003,257.555,259.158,257.329
1780999126.126152,-2.085,1.5,-0.004,0.003,257.612,259.156,257.274
1780999126.141203,-2.085,1.286,-0.004,0.003,257.573,259.123,257.346
1780999126.152595,-1.915,1.286,-0.004,0.003,257.621,259.075,257.344
1780999126.167556,-1.859,1.5,-0.004,0.003,257.672,259.103,257.266
1780999126.182246,-1.915,1.929,-0.004,0.004,257.725,259.204,257.116
1780999126.197258,-2.085,1.786,-0.004,0.004,257.638,259.232,257.175
1780999126.208639,-1.972,1.929,-0.004,0.004,257.695,259.221,257.129
1780999126.251511,-2.085,1.929,-0.004,0.004,257.655,259.255,257.136
1780999126.251887,-1.915,2.357,-0.004,0.004,257.78,259.275,256.993
1780999126.252207,-2.085,2.357,-0.004,0.004,257.716,259.328,257.005
1780999126.264371,-2.028,2.357,-0.004,0.004,257.73,259.305,257.014
1780999126.280025,-2.197,2.357,-0.004,0.004,257.676,259.352,257.021
1780999126.2911592,-2.197,2.643,-0.004,0.005,257.725,259.397,256.93
1780999126.306148,-2.197,2.071,-0.004,0.004,257.62,259.285,257.141
1780999126.321156,-2.254,2.5,-0.004,0.004,257.683,259.381,256.988
1780999126.332222,-2.366,2.5,-0.004,0.004,257.652,259.413,256.988
1780999126.347521,-2.31,2.643,-0.004,0.005,257.691,259.414,256.948
1780999126.3623538,-2.366,3.143,-0.004,0.005,257.758,259.515,256.785
1780999126.373597,-2.423,3.0,-0.004,0.005,257.711,259.499,256.847
1780999126.3886578,-2.423,3.214,-0.004,0.005,257.746,259.53,256.783
1780999126.403597,-2.479,2.929,-0.004,0.005,257.674,259.485,256.897
1780999126.418553,-2.479,3.071,-0.004,0.005,257.7,259.508,256.85
1780999126.430567,-2.197,3.071,-0.004,0.005,257.787,259.418,256.849
1780999126.473788,-2.423,3.071,-0.004,0.005,257.715,259.49,256.852
1780999126.474242,-1.972,3.071,-0.004,0.005,257.855,259.339,256.858
1780999126.4745688,-2.366,3.214,-0.004,0.005,257.751,259.494,256.812
1780999126.486382,-2.366,3.571,-0.004,0.006,257.811,259.556,256.695
1780999126.501411,-2.535,3.571,-0.005,0.006,257.756,259.605,256.701
1780999126.5125918,-2.141,3.643,-0.004,0.006,257.889,259.484,256.685
1780999126.527563,-2.366,3.571,-0.004,0.006,257.8,259.54,256.72
1780999126.542712,-2.366,3.5,-0.004,0.005,257.785,259.52,256.754
1780999126.553791,-2.479,3.929,-0.004,0.006,257.828,259.632,256.606
1780999126.568943,-2.31,3.929,-0.004,0.006,257.88,259.574,256.609
1780999126.583853,-2.592,3.786,-0.005,0.006,257.764,259.631,256.669
1780999126.595851,-2.704,3.857,-0.005,0.006,257.744,259.679,256.643
1780999126.610922,-2.704,3.643,-0.005,0.006,257.708,259.632,256.722
1780999126.6257641,-2.648,3.714,-0.005,0.006,257.744,259.627,256.692
1780999126.640633,-2.592,3.429,-0.005,0.005,257.717,259.554,256.789
1780999126.651924,-2.704,3.5,-0.005,0.005,257.698,259.606,256.758
1780999126.6955898,-2.648,3.5,-0.005,0.005,257.718,259.589,256.754
1780999126.696054,-2.704,3.286,-0.005,0.005,257.666,259.568,256.825
1780999126.696397,-2.986,3.571,-0.005,0.006,257.633,259.713,256.719
1780999126.7077591,-2.761,3.571,-0.005,0.006,257.707,259.64,256.716
1780999126.722744,-2.817,3.429,-0.005,0.005,257.664,259.629,256.769
1780999126.733862,-2.648,3.571,-0.005,0.006,257.744,259.598,256.72
1780999126.748907,-2.93,3.786,-0.005,0.006,257.695,259.729,256.644
1780999126.763849,-2.873,3.714,-0.005,0.006,257.702,259.696,256.667
1780999126.775712,-2.873,3.929,-0.005,0.006,257.742,259.73,256.597
1780999126.790878,-2.986,4.143,-0.005,0.006,257.748,259.801,256.524
1780999126.805835,-3.099,3.714,-0.005,0.006,257.636,259.751,256.68
1780999126.817089,-3.042,4.214,-0.005,0.007,257.747,259.82,256.506
1780999126.832182,-3.155,4.143,-0.005,0.006,257.696,259.839,256.539
1780999126.8470342,-3.099,3.786,-0.005,0.006,257.646,259.749,256.672
1780999126.862001,-2.93,4.143,-0.005,0.006,257.763,259.761,256.547
1780999126.873237,-3.211,4.071,-0.005,0.006,257.661,259.838,256.574
1780999126.916051,-3.099,3.929,-0.005,0.006,257.672,259.771,256.626
1780999126.9164329,-3.099,3.857,-0.005,0.006,257.662,259.759,256.648
1780999126.916777,-2.93,4.0,-0.005,0.006,257.746,259.733,256.59
1780999126.9289799,-3.155,3.929,-0.005,0.006,257.661,259.793,256.616
1780999126.943943,-3.155,4.071,-0.005,0.006,257.686,259.819,256.568
1780999126.9557068,-3.042,3.929,-0.005,0.006,257.696,259.755,256.618
1780999126.970544,-3.155,3.571,-0.005,0.006,257.597,259.728,256.741
1780999126.985392,-3.155,3.357,-0.005,0.005,257.563,259.69,256.81
1780999126.996334,-2.93,3.214,-0.005,0.005,257.611,259.594,256.855
1780999127.0112782,-3.099,2.214,-0.005,0.004,257.381,259.468,257.203
1780999127.02624,-3.324,0.5,-0.006,0.001,257.015,259.232,257.8
