Timestamp,x_err,y_err,x_out,y_out,a_theta,b_theta,c_theta
1781098499.734956,0.0,0.0,0.0,0.0,258.008,258.008,258.008
1781098499.8387141,0.0,0.0,0.0,0.0,258.008,258.008,258.008
1781098499.888722,0.0,0.0,0.0,0.0,258.008,258.008,258.008
1781098499.8889868,0.0,0.0,0.0,0.0,258.008,258.008,258.008
1781098499.889215,0.0,0.0,0.0,0.0,258.008,258.008,258.008
1781098499.8894348,0.0,0.0,0.0,0.0,258.008,258.008,258.008
1781098499.889652,0.0,0.0,0.0,0.0,258.008,258.008,258.008
1781098499.889867,0.0,0.0,0.0,0.0,258.008,258.008,258.008
1781098499.8900821,0.0,0.0,0.0,0.0,258.008,258.008,258.008
1781098499.8902988,0.0,0.0,0.0,0.0,258.008,258.008,258.008
1781098499.8905149,0.0,0.0,0.0,0.0,258.008,258.008,258.008
1781098499.890728,0.0,0.0,0.0,0.0,258.008,258.008,258.008
1781098499.90328,0.0,0.0,0.0,0.0,258.008,258.008,258.008
1781098499.914786,0.0,0.0,0.0,0.0,258.008,258.008,258.008
1781098499.9295712,0.0,0.0,0.0,0.0,258.008,258.008,258.008
1781098499.9412868,0.0,0.0,0.0,0.0,258.008,258.008,258.008
1781098499.973396,0.0,0.0,0.0,0.0,258.008,258.008,258.008
1781098499.9736488,0.0,0.0,0.0,0.0,258.008,258.008,258.008
1781098499.98184,0.0,0.0,0.0,0.0,258.008,258.008,258.008
1781098499.996641,0.0,0.0,0.0,0.0,258.008,258.008,258.008
1781098500.011457,0.0,0.0,0.0,0.0,258.008,258.008,258.008
1781098500.02249,0.0,0.0,0.0,0.0,258.008,258.008,258.008
1781098500.0372171,0.0,0.0,0.0,0.0,258.008,258.008,258.008
1781098500.048244,0.0,0.0,0.0,0.0,258.008,258.008,258.008
1781098500.063041,0.0,0.0,0.0,0.0,258.008,258.008,258.008
1781098500.077961,0.0,0.0,0.0,0.0,258.008,258.008,258.008
1781098500.088824,0.0,0.0,0.0,0.0,258.008,258.008,258.008
1781098500.1036758,0.0,0.0,0.0,0.0,258.008,258.008,258.008
1781098500.118363,0.0,0.0,0.0,0.0,258.008,258.008,258.008
1781098500.129448,0.0,0.0,0.0,0.0,258.008,258.008,258.008
1781098500.1445708,0.0,0.0,0.0,0.0,258.008,258.008,258.008
1781098500.155624,0.0,0.0,0.0,0.0,258.008,258.008,258.008
1781098500.1918762,0.0,0.0,0.0,0.0,258.008,258.008,258.008
1781098500.192218,0.0,0.0,0.0,0.0,258.008,258.008,258.008
1781098500.1964831,0.0,0.0,0.0,0.0,258.008,258.008,258.008
1781098500.2112699,0.0,0.0,0.0,0.0,258.008,258.008,258.008
1781098500.22597,0.0,0.0,0.0,0.0,258.008,258.008,258.008
1781098500.237164,0.0,0.0,0.0,0.0,258.008,258.008,258.008
1781098500.251837,0.0,0.0,0.0,0.0,258.008,258.008,258.008
1781098500.262917,0.0,0.0,0.0,0.0,258.008,258.008,258.008
1781098500.2776818,0.0,0.0,0.0,0.0,258.008,258.008,258.008
1781098500.292505,0.0,0.0,0.0,0.0,258.008,258.008,258.008
1781098500.303524,0.0,0.0,0.0,0.0,258.008,258.008,258.008
1781098500.318379,0.0,0.0,0.0,0.0,258.008,258.008,258.008
1781098500.3330681,0.0,0.0,0.0,0.0,258.008,258.008,258.008
1781098500.3441432,0.0,0.0,0.0,0.0,258.008,258.008,258.008
1781098500.3591669,0.0,0.0,0.0,0.0,258.008,258.008,258.008
1781098500.370044,0.0,0.0,0.0,0.0,258.008,258.008,258.008
1781098500.4277499,0.0,0.0,0.0,0.0,258.008,258.008,258.008
1781098500.428143,0.0,0.0,0.0,0.0,258.008,258.008,258.008
1781098500.428441,0.0,0.0,0.0,0.0,258.008,258.008,258.008
1781098500.428732,0.0,0.0,0.0,0.0,258.008,258.008,258.008
1781098500.440166,0.0,0.0,0.0,0.0,258.008,258.008,258.008
1781098500.452362,0.0,0.0,0.0,0.0,258.008,258.008,258.008
1781098500.46645,0.0,0.0,0.0,0.0,258.008,258.008,258.008
1781098500.477511,0.0,0.0,0.0,0.0,258.008,258.008,258.008
1781098500.4922829,0.0,0.0,0.0,0.0,258.008,258.008,258.008
1781098500.507104,0.0,0.0,0.0,0.0,258.008,258.008,258.008
1781098500.518102,0.0,0.0,0.0,0.0,258.008,258.008,258.008
1781098500.532821,0.0,0.0,0.0,0.0,258.008,258.008,258.008
1781098500.5476558,0.0,0.0,0.0,0.0,258.008,258.008,258.008
1781098500.5586078,0.0,0.0,0.0,0.0,258.008,258.008,258.008
1781098500.573494,0.0,0.0,0.0,0.0,258.008,258.008,258.008
1781098500.5845618,0.0,0.0,0.0,0.0,258.008,258.008,258.008
1781098500.6193979,0.0,0.0,0.0,0.0,258.008,258.008,258.008
1781098500.619808,0.0,0.0,0.0,0.0,258.008,258.008,258.008
1781098500.625121,0.0,0.0,0.0,0.0,258.008,258.008,258.008
1781098500.639817,0.0,0.0,0.0,0.0,258.008,258.008,258.008
1781098500.654698,0.0,0.0,0.0,0.0,258.008,258.008,258.008
1781098500.6662452,0.0,0.0,0.0,0.0,258.008,258.008,258.008
1781098500.681036,0.0,0.0,0.0,0.0,258.008,258.008,258.008
1781098500.69218,0.0,0.0,0.0,0.0,258.008,258.008,258.008
1781098500.706885,0.0,0.0,0.0,0.0,258.008,258.008,258.008
1781098500.722263,0.0,0.0,0.0,0.0,258.008,258.008,258.008
1781098500.732702,0.0,0.0,0.0,0.0,258.008,258.008,258.008
1781098500.7476811,0.0,0.0,0.0,0.0,258.008,258.008,258.008
1781098500.762639,0.0,0.0,0.0,0.0,258.008,258.008,258.008
1781098500.7735958,0.0,0.0,0.0,0.0,258.008,258.008,258.008
1781098500.788217,0.0,0.0,0.0,0.0,258.008,258.008,258.008
1781098500.799191,0.0,0.0,0.0,0.0,258.008,258.008,258.008
1781098500.8424268,0.0,0.0,0.0,0.0,258.008,258.008,258.008
1781098500.842775,0.0,0.0,0.0,0.0,258.008,258.008,258.008
1781098500.843088,0.0,0.0,0.0,0.0,258.008,258.008,258.008
1781098500.854372,0.0,0.0,0.0,0.0,258.008,258.008,258.008
1781098500.869211,0.0,0.0,0.0,0.0,258.008,258.008,258.008
1781098500.880265,0.0,0.0,0.0,0.0,258.008,258.008,258.008
1781098500.8950698,0.0,0.0,0.0,0.0,258.008,258.008,258.008
1781098500.906726,0.0,0.0,0.0,0.0,258.008,258.008,258.008
1781098500.921537,0.0,0.0,0.0,0.0,258.008,258.008,258.008
1781098500.936244,0.0,0.0,0.0,0.0,258.008,258.008,258.008
1781098500.947366,0.0,0.0,0.0,0.0,258.008,258.008,258.008
1781098500.962206,0.0,0.0,0.0,0.0,258.008,258.008,258.008
1781098500.977031,0.0,0.0,0.0,0.0,258.008,258.008,258.008
1781098500.9880478,0.0,0.0,0.0,0.0,258.008,258.008,258.008
1781098501.002825,0.0,0.0,0.0,0.0,258.008,258.008,258.008
1781098501.013978,0.0,0.0,0.0,0.0,258.008,258.008,258.008
1781098501.0578392,0.0,0.0,0.0,0.0,258.008,258.008,258.008
1781098501.0581892,0.0,0.0,0.0,0.0,258.008,258.008,258.008
1781098501.058501,0.0,0.0,0.0,0.0,258.008,258.008,258.008
1781098501.068943,0.0,0.0,0.0,0.0,258.008,258.008,258.008
1781098501.083776,0.0,0.0,0.0,0.0,258.008,258.008,258.008
1781098501.094809,0.0,0.0,0.0,0.0,258.008,258.008,258.008
1781098501.10961,0.0,0.0,0.0,0.0,258.008,258.008,258.008
1781098501.1214368,0.0,0.0,0.0,0.0,258.008,258.008,258.008
1781098501.1360672,0.0,0.0,0.0,0.0,258.008,258.008,258.008
1781098501.1501162,0.0,0.0,0.0,0.0,258.008,258.008,258.008
1781098501.162005,0.0,0.0,0.0,0.0,258.008,258.008,258.008
1781098501.17681,0.0,0.0,0.0,0.0,258.008,258.008,258.008
1781098501.191734,0.0,0.0,0.0,0.0,258.008,258.008,258.008
1781098501.202522,0.0,0.0,0.0,0.0,258.008,258.008,258.008
1781098501.217262,0.0,0.0,0.0,0.0,258.008,258.008,258.008
1781098501.228671,0.0,0.0,0.0,0.0,258.008,258.008,258.008
1781098501.2735932,0.0,0.0,0.0,0.0,258.008,258.008,258.008
1781098501.273937,0.0,0.0,0.0,0.0,258.008,258.008,258.008
1781098501.274256,0.0,0.0,0.0,0.0,258.008,258.008,258.008
1781098501.283503,0.0,0.0,0.0,0.0,258.008,258.008,258.008
1781098501.298514,0.0,0.0,0.0,0.0,258.008,258.008,258.008
1781098501.3093572,0.0,0.0,0.0,0.0,258.008,258.008,258.008
1781098501.3241322,0.0,0.0,0.0,0.0,258.008,258.008,258.008
1781098501.335273,0.0,0.0,0.0,0.0,258.008,258.008,258.008
1781098501.3500319,0.0,0.0,0.0,0.0,258.008,258.008,258.008
1781098501.3647969,0.0,0.0,0.0,0.0,258.008,258.008,258.008
1781098501.376501,0.0,0.0,0.0,0.0,258.008,258.008,258.008
1781098501.391401,0.0,0.0,0.0,0.0,258.008,258.008,258.008
1781098501.406232,0.0,0.0,0.0,0.0,258.008,258.008,258.008
1781098501.4171462,0.0,0.0,0.0,0.0,258.008,258.008,258.008
1781098501.431972,0.0,0.0,0.0,0.0,258.008,258.008,258.008
1781098501.4431639,0.0,0.0,0.0,0.0,258.008,258.008,258.008
1781098501.488031,0.0,0.0,0.0,0.0,258.008,258.008,258.008
1781098501.48844,0.0,0.0,0.0,0.0,258.008,258.008,258.008
1781098501.4887629,0.0,0.0,0.0,0.0,258.008,258.008,258.008
1781098501.498205,0.0,0.0,0.0,0.0,258.008,258.008,258.008
1781098501.513011,0.0,0.0,0.0,0.0,258.008,258.008,258.008
1781098501.52395,0.0,0.0,0.0,0.0,258.008,258.008,258.008
1781098501.5389051,0.0,0.0,0.0,0.0,258.008,258.008,258.008
1781098501.549836,0.0,0.0,0.0,0.0,258.008,258.008,258.008
1781098501.56462,0.0,0.0,0.0,0.0,258.008,258.008,258.008
1781098501.579351,0.0,0.0,0.0,0.0,258.008,258.008,258.008
1781098501.5910559,0.0,0.0,0.0,0.0,258.008,258.008,258.008
1781098501.605352,0.0,0.0,0.0,0.0,258.008,258.008,258.008
1781098501.620141,0.0,0.0,0.0,0.0,258.008,258.008,258.008
1781098501.6318011,0.0,0.0,0.0,0.0,258.008,258.008,258.008
1781098501.646621,0.0,0.0,0.0,0.0,258.008,258.008,258.008
1781098501.657492,0.0,0.0,0.0,0.0,258.008,258.008,258.008
1781098501.7015429,0.0,0.0,0.0,0.0,258.008,258.008,258.008
1781098501.7020109,0.0,0.0,0.0,0.0,258.008,258.008,258.008
1781098501.702345,0.0,0.0,0.0,0.0,258.008,258.008,258.008
1781098501.712817,0.0,0.0,0.0,0.0,258.008,258.008,258.008
1781098501.72777,0.0,0.0,0.0,0.0,258.008,258.008,258.008
1781098501.738796,0.0,0.0,0.0,0.0,258.008,258.008,258.008
1781098501.753431,0.0,0.0,0.0,0.0,258.008,258.008,258.008
1781098501.764446,0.0,0.0,0.0,0.0,258.008,258.008,258.008
1781098501.779209,0.0,0.0,0.0,0.0,258.008,258.008,258.008
1781098501.794147,0.0,0.0,0.0,0.0,258.008,258.008,258.008
1781098501.805293,0.0,0.0,0.0,0.0,258.008,258.008,258.008
1781098501.820013,0.0,0.0,0.0,0.0,258.008,258.008,258.008
1781098501.834808,0.0,0.0,0.0,0.0,258.008,258.008,258.008
1781098501.8465972,0.0,0.0,0.0,0.0,258.008,258.008,258.008
1781098501.861279,0.0,0.0,0.0,0.0,258.008,258.008,258.008
1781098501.872345,0.0,0.0,0.0,0.0,258.008,258.008,258.008
1781098501.919127,0.0,0.0,0.0,0.0,258.008,258.008,258.008
1781098501.919551,0.0,0.0,0.0,0.0,258.008,258.008,258.008
1781098501.919876,0.0,0.0,0.0,0.0,258.008,258.008,258.008
1781098501.927388,0.0,0.0,0.0,0.0,258.008,258.008,258.008
1781098501.9421382,0.0,0.0,0.0,0.0,258.008,258.008,258.008
1781098501.953226,0.0,0.0,0.0,0.0,258.008,258.008,258.008
1781098501.967927,0.0,0.0,0.0,0.0,258.008,258.008,258.008
1781098501.9790568,0.0,0.0,0.0,0.0,258.008,258.008,258.008
1781098501.993866,0.0,0.0,0.0,0.0,258.008,258.008,258.008
1781098502.008672,0.0,0.0,0.0,0.0,258.008,258.008,258.008
1781098502.019614,0.0,0.0,0.0,0.0,258.008,258.008,258.008
1781098502.03437,0.0,0.0,0.0,0.0,258.008,258.008,258.008
1781098502.049248,0.0,0.0,0.0,0.0,258.008,258.008,258.008
1781098502.060534,0.0,0.0,0.0,0.0,258.008,258.008,258.008
1781098502.074924,0.0,0.0,0.0,0.0,258.008,258.008,258.008
1781098502.0868218,0.0,0.0,0.0,0.0,258.008,258.008,258.008
1781098502.1283789,0.0,0.0,0.0,0.0,258.008,258.008,258.008
1781098502.1287382,0.0,0.0,0.0,0.0,258.008,258.008,258.008
1781098502.1290722,0.0,0.0,0.0,0.0,258.008,258.008,258.008
1781098502.1419678,0.0,0.0,0.0,0.0,258.008,258.008,258.008
1781098502.1568651,0.0,0.0,0.0,0.0,258.008,258.008,258.008
1781098502.167789,0.0,0.0,0.0,0.0,258.008,258.008,258.008
1781098502.1825469,0.0,0.0,0.0,0.0,258.008,258.008,258.008
1781098502.193589,0.0,0.0,0.0,0.0,258.008,258.008,258.008
1781098502.208384,0.0,0.0,0.0,0.0,258.008,258.008,258.008
1781098502.2232242,0.0,0.0,0.0,0.0,258.008,258.008,258.008
1781098502.2343109,0.0,0.0,0.0,0.0,258.008,258.008,258.008
1781098502.248998,0.0,0.0,0.0,0.0,258.008,258.008,258.008
1781098502.263912,0.0,0.0,0.0,0.0,258.008,258.008,258.008
1781098502.274865,0.0,0.0,0.0,0.0,258.008,258.008,258.008
1781098502.289674,0.0,0.0,0.0,0.0,258.008,258.008,258.008
1781098502.3014,0.0,0.0,0.0,0.0,258.008,258.008,258.008
1781098502.34421,0.0,0.0,0.0,0.0,258.008,258.008,258.008
1781098502.344568,0.0,0.0,0.0,0.0,258.008,258.008,258.008
1781098502.344913,0.0,0.0,0.0,0.0,258.008,258.008,258.008
1781098502.356589,0.0,0.0,0.0,0.0,258.008,258.008,258.008
1781098502.371562,0.0,0.0,0.0,0.0,258.008,258.008,258.008
1781098502.382401,0.0,0.0,0.0,0.0,258.008,258.008,258.008
1781098502.3971531,0.0,0.0,0.0,0.0,258.008,258.008,258.008
1781098502.408281,0.0,0.0,0.0,0.0,258.008,258.008,258.008
1781098502.423028,0.0,0.0,0.0,0.0,258.008,258.008,258.008
1781098502.4379241,0.0,0.0,0.0,0.0,258.008,258.008,258.008
1781098502.448894,0.0,0.0,0.0,0.0,258.008,258.008,258.008
1781098502.4636889,0.0,0.0,0.0,0.0,258.008,258.008,258.008
1781098502.478501,0.0,0.0,0.0,0.0,258.008,258.008,258.008
1781098502.489517,0.0,0.0,0.0,0.0,258.008,258.008,258.008
1781098502.504302,0.0,0.0,0.0,0.0,258.008,258.008,258.008
1781098502.515305,0.0,0.0,0.0,0.0,258.008,258.008,258.008
1781098502.559149,0.0,0.0,0.0,0.0,258.008,258.008,258.008
1781098502.559521,0.0,0.0,0.0,0.0,258.008,258.008,258.008
1781098502.559862,0.0,0.0,0.0,0.0,258.008,258.008,258.008
1781098502.571247,0.0,0.0,0.0,0.0,258.008,258.008,258.008
1781098502.585958,0.0,0.0,0.0,0.0,258.008,258.008,258.008
1781098502.597041,0.0,0.0,0.0,0.0,258.008,258.008,258.008
1781098502.6118631,0.0,0.0,0.0,0.0,258.008,258.008,258.008
1781098502.622891,0.0,0.0,0.0,0.0,258.008,258.008,258.008
1781098502.637774,0.0,0.0,0.0,0.0,258.008,258.008,258.008
1781098502.652386,0.0,0.0,0.0,0.0,258.008,258.008,258.008
1781098502.663452,0.0,0.0,0.0,0.0,258.008,258.008,258.008
1781098502.678522,0.0,0.0,0.0,0.0,258.008,258.008,258.008
1781098502.693332,0.0,0.0,0.0,0.0,258.008,258.008,258.008
1781098502.704654,59.268,-1.0,0.065,-0.001,272.927,246.082,258.195
1781098502.719929,59.606,-0.929,0.066,-0.001,273.108,245.996,258.167
1781098502.734882,60.113,0.286,0.067,0.001,273.621,246.039,257.745
1781098502.777046,60.282,1.714,0.067,0.003,274.023,246.186,257.288
1781098502.77739,60.901,2.071,0.068,0.003,274.325,246.065,257.221
1781098502.777705,60.901,2.071,0.068,0.003,274.325,246.065,257.221
1781098502.787551,60.901,2.071,0.068,0.003,274.325,246.065,257.221
1781098502.8023958,60.0,2.786,0.066,0.004,274.092,246.399,256.99
1781098502.8176,60.0,2.786,0.066,0.004,274.092,246.399,256.99
1781098502.828777,57.521,1.0,0.063,0.001,272.602,246.722,257.674
1781098502.843918,55.831,-0.357,0.06,-0.001,271.633,246.917,258.163
1781098502.859041,54.535,-2.571,0.059,-0.004,270.749,246.856,258.916
1781098502.870393,52.676,-4.357,0.056,-0.007,269.746,247.03,259.505
1781098502.8853161,51.324,-5.929,0.055,-0.009,269.031,247.101,260.005
1781098502.90028,50.085,-6.214,0.053,-0.009,268.67,247.337,260.018
1781098502.91595,47.662,-6.571,0.05,-0.009,267.945,247.83,260.032
1781098502.927361,45.803,-5.929,0.048,-0.007,267.652,248.309,259.706
1781098502.942162,43.944,-5.571,0.046,-0.007,267.278,248.731,259.523
1781098502.957255,42.479,-5.857,0.045,-0.007,266.827,248.987,259.609
1781098502.9977531,40.0,-5.571,0.041,-0.006,266.146,249.596,259.486
1781098502.9981592,38.366,-5.714,0.04,-0.007,265.695,249.9,259.529
1781098502.998508,35.38,-6.429,0.036,-0.008,264.665,250.477,259.783
1781098503.0137348,31.324,-6.714,0.031,-0.008,263.514,251.324,259.863
1781098503.024918,29.183,-6.571,0.028,-0.008,263.028,251.786,259.79
1781098503.039862,26.141,-6.571,0.025,-0.008,262.316,252.394,259.774
1781098503.0549839,23.042,-6.071,0.021,-0.007,261.59,253.183,259.585
1781098503.070098,20.056,-5.143,0.018,-0.005,261.1,253.91,259.256
1781098503.107442,17.07,-4.286,0.015,-0.004,260.582,254.629,258.978
1781098503.107815,13.915,-2.714,0.012,-0.002,260.129,255.528,258.462
1781098503.112183,11.718,-1.786,0.009,-0.001,259.765,256.136,258.182
1781098503.123474,9.014,-1.0,0.006,0.0,259.293,256.77,257.99
1781098503.138677,6.085,-0.143,0.003,0.001,258.757,257.502,257.773
1781098503.15378,4.0,0.643,0.001,0.002,258.404,258.081,257.544
1781098503.164706,2.141,2.0,-0.002,0.004,258.144,258.802,257.092
1781098503.179886,-1.521,2.857,-0.006,0.005,257.319,259.883,256.87
1781098503.195157,-5.014,4.0,-0.01,0.006,256.715,260.815,256.595
1781098503.206822,-8.507,5.071,-0.014,0.007,256.102,261.756,256.345
1781098503.2221582,-10.535,6.143,-0.016,0.009,255.764,262.508,256.009
1781098503.237131,-13.634,7.286,-0.02,0.01,255.22,263.479,255.702
1781098503.24836,-15.493,8.571,-0.022,0.012,255.07,264.063,255.351
1781098503.2634208,-20.225,10.071,-0.027,0.013,254.201,265.548,254.982
1781098503.278403,-22.31,10.929,-0.03,0.014,253.824,266.316,254.739
1781098503.2933881,-24.507,12.143,-0.032,0.016,253.651,266.856,254.482
1781098503.338196,-25.577,12.571,-0.032,0.016,253.562,267.028,254.436
1781098503.338603,-28.282,13.214,-0.035,0.016,253.023,267.897,254.305
1781098503.338936,-29.915,14.286,-0.037,0.018,252.876,268.455,254.026
1781098503.349787,-32.901,16.0,-0.041,0.02,252.447,269.682,253.547
1781098503.361792,-33.915,17.214,-0.041,0.021,252.564,269.871,253.29
1781098503.3768718,-33.296,17.714,-0.039,0.022,252.93,269.466,253.217
1781098503.392064,-34.423,18.143,-0.04,0.022,252.746,269.803,253.156
1781098503.4071,-35.606,18.357,-0.041,0.022,252.509,270.137,253.153
1781098503.418299,-36.732,18.5,-0.042,0.022,252.319,270.347,253.193
1781098503.433404,-38.366,19.429,-0.044,0.023,252.111,270.976,252.957
1781098503.448413,-39.775,19.286,-0.046,0.022,251.781,271.292,253.069
1781098503.463543,-40.958,19.643,-0.047,0.023,251.575,271.718,252.983
1781098503.474905,-40.676,19.429,-0.046,0.022,251.71,271.354,253.098
1781098503.489789,-41.127,19.571,-0.046,0.022,251.653,271.48,253.069
1781098503.505053,-41.408,18.857,-0.046,0.021,251.522,271.307,253.325
1781098503.52,-41.465,18.714,-0.046,0.021,251.536,271.22,253.371
1781098503.56228,-41.634,18.571,-0.046,0.021,251.505,271.21,253.41
1781098503.562717,-41.127,17.714,-0.045,0.019,251.542,270.779,253.679
1781098503.56306,-41.296,17.143,-0.045,0.019,251.432,270.716,253.837
1781098503.5771992,-41.127,16.643,-0.045,0.018,251.414,270.544,253.98
1781098503.588516,-39.831,16.071,-0.043,0.017,251.702,269.932,254.128
1781098503.603693,-39.155,15.0,-0.042,0.016,251.711,269.507,254.434
1781098503.618695,-38.141,13.571,-0.041,0.014,251.755,268.897,254.848
1781098503.6336331,-37.465,12.5,-0.04,0.013,251.768,268.483,255.153
1781098503.645071,-36.507,11.857,-0.039,0.012,251.922,268.074,255.309
1781098503.6602712,-35.099,11.143,-0.037,0.011,252.186,267.499,255.485
1781098503.674998,-33.352,10.0,-0.035,0.01,252.442,266.801,255.775
1781098503.690203,-32.62,8.571,-0.034,0.008,252.38,266.366,256.197
1781098503.701967,-30.704,7.429,-0.031,0.006,252.703,265.574,256.514
1781098503.717193,-26.761,6.571,-0.026,0.006,253.629,264.186,256.725
1781098503.7320719,-25.577,5.357,-0.025,0.004,253.647,263.835,257.014
1781098503.747225,-24.901,4.857,-0.024,0.004,253.722,263.596,257.146
1781098503.791305,-22.141,4.214,-0.021,0.003,254.299,262.81,257.242
1781098503.791656,-19.437,2.571,-0.018,0.001,254.723,261.778,257.743
1781098503.791979,-17.915,1.857,-0.016,0.0,254.998,261.245,257.952
1781098503.799669,-13.127,0.5,-0.009,-0.001,256.026,259.771,258.29
1781098503.814711,-11.606,-0.571,-0.008,-0.002,256.148,259.349,258.576
1781098503.829751,-10.592,-0.5,-0.007,-0.002,256.326,259.284,258.455
1781098503.844676,-8.845,-1.429,-0.005,-0.003,256.628,258.669,258.752
1781098503.8595278,-7.211,-1.571,-0.004,-0.003,256.965,258.363,258.712
1781098503.871294,-3.662,-2.357,0.002,-0.004,257.85,257.227,258.96
1781098503.886346,-2.761,-2.571,0.002,-0.004,258.0,257.047,258.994
1781098503.901404,0.732,-3.214,0.007,-0.005,258.79,256.139,259.143
1781098503.912905,7.099,-4.214,0.015,-0.006,260.417,254.364,259.426
1781098503.927916,9.803,-4.429,0.017,-0.006,260.88,253.986,259.386
1781098503.9429,11.662,-4.286,0.019,-0.005,261.278,253.745,259.265
1781098503.9541419,13.465,-4.286,0.021,-0.005,261.643,253.475,259.211
1781098503.9690182,14.366,-3.929,0.021,-0.005,261.9,253.391,259.059
1781098504.013249,17.296,-3.071,0.025,-0.003,262.947,252.801,258.728
1781098504.013651,19.831,-3.0,0.028,-0.003,263.549,252.334,258.691
1781098504.013977,19.831,-3.0,0.028,-0.003,263.549,252.334,258.691
1781098504.024857,24.113,-2.143,0.034,-0.002,265.092,251.38,258.371
1781098504.0397801,25.634,-1.929,0.035,-0.001,265.337,251.246,258.306
1781098504.054782,27.944,-1.929,0.038,-0.001,266.011,250.721,258.311
1781098504.066676,30.817,-1.0,0.041,-0.0,266.923,250.316,257.992
1781098504.0815601,32.113,-0.5,0.042,0.001,267.168,250.269,257.841
1781098504.096664,34.028,0.429,0.043,0.002,267.778,250.083,257.546
1781098504.107851,35.718,1.5,0.044,0.003,268.209,250.049,257.234
1781098504.122862,37.183,2.357,0.046,0.004,268.69,249.929,256.983
1781098504.1381361,39.268,4.429,0.048,0.007,269.704,249.816,256.317
1781098504.149159,40.113,5.143,0.048,0.008,269.917,249.815,256.155
1781098504.164441,42.197,6.5,0.051,0.01,270.788,249.569,255.772
1781098504.17935,43.099,7.429,0.051,0.011,270.98,249.61,255.586
1781098504.1911511,44.0,8.143,0.052,0.011,271.289,249.552,255.424
1781098504.237132,44.451,8.357,0.052,0.011,271.315,249.529,255.429
1781098504.237563,44.394,8.929,0.051,0.012,271.176,249.709,255.335
1781098504.237918,44.732,9.786,0.051,0.013,271.315,249.801,255.133
1781098504.247521,45.239,10.643,0.052,0.014,271.558,249.829,254.928
1781098504.262781,45.408,11.143,0.052,0.014,271.646,249.877,254.813
1781098504.274067,45.352,11.929,0.051,0.015,271.679,250.027,254.629
1781098504.289122,45.465,12.571,0.051,0.016,271.778,250.088,254.494
1781098504.3041542,44.563,12.929,0.05,0.016,271.442,250.381,254.421
1781098504.315844,43.268,13.929,0.048,0.017,271.111,250.845,254.167
1781098504.330217,43.211,14.071,0.048,0.017,271.118,250.841,254.166
1781098504.3460228,43.211,14.071,0.048,0.017,271.118,250.841,254.166
1781098504.357267,41.07,14.5,0.045,0.017,270.385,251.425,254.084
1781098504.3724318,39.887,14.071,0.043,0.017,269.876,251.599,254.276
1781098504.38733,39.887,14.071,0.043,0.017,269.876,251.599,254.276
1781098504.3986108,37.577,13.5,0.04,0.016,268.96,252.047,254.495
1781098504.413931,35.324,13.5,0.037,0.016,268.247,252.57,254.5
1781098504.458308,33.465,13.714,0.035,0.016,267.765,252.992,254.438
1781098504.4586601,31.662,13.714,0.033,0.016,267.266,253.368,254.446
1781098504.458991,30.592,13.786,0.032,0.016,267.006,253.588,254.427
1781098504.469878,28.394,13.714,0.029,0.016,266.313,254.106,254.457
1781098504.484885,26.366,13.714,0.027,0.016,265.784,254.529,254.459
1781098504.496994,24.282,13.643,0.025,0.016,265.237,254.955,254.482
1781098504.512073,22.028,13.0,0.022,0.015,264.528,255.338,254.691
1781098504.527265,20.62,12.643,0.021,0.014,264.114,255.579,254.801
1781098504.538666,18.028,11.929,0.018,0.013,263.311,256.054,255.018
1781098504.554032,15.437,11.571,0.015,0.013,262.601,256.595,255.105
1781098504.569094,13.014,11.286,0.012,0.013,261.98,257.095,255.165
1781098504.580363,10.817,10.643,0.01,0.012,261.381,257.463,255.344
1781098504.596222,9.014,10.286,0.007,0.011,260.886,257.83,255.439
1781098504.611385,6.704,9.857,0.005,0.011,260.306,258.277,255.541
1781098504.622473,3.775,9.571,0.001,0.011,259.468,259.027,255.607
1781098504.637562,2.592,8.571,0.0,0.009,259.099,259.068,255.917
1781098504.681925,-0.507,8.143,-0.004,0.009,258.237,259.834,256.017
1781098504.6823292,-3.211,7.357,-0.007,0.008,257.468,260.394,256.243
1781098504.6826491,-6.085,7.0,-0.011,0.007,256.735,261.097,256.315
1781098504.693778,-8.451,5.714,-0.013,0.006,256.122,261.362,256.685
1781098504.70509,-10.986,5.643,-0.016,0.006,255.556,262.026,256.653
1781098504.720203,-12.338,5.214,-0.017,0.005,255.286,262.215,256.756
1781098504.735129,-13.859,4.643,-0.019,0.005,254.934,262.447,256.909
1781098504.7471821,-16.958,4.143,-0.022,0.004,254.228,263.157,257.005
1781098504.762202,-18.93,3.5,-0.024,0.004,253.818,263.467,257.159
1781098504.777432,-19.606,3.429,-0.024,0.004,253.695,263.612,257.16
1781098504.792068,-22.141,2.357,-0.028,0.002,252.961,264.123,257.491
1781098504.803582,-22.592,2.071,-0.028,0.002,252.875,264.145,257.564
1781098504.818209,-25.07,1.214,-0.031,0.001,252.211,264.687,257.808
1781098504.833295,-25.408,1.357,-0.031,0.001,252.23,264.758,257.725
1781098504.848375,-27.944,1.071,-0.034,0.001,251.73,265.363,257.747
1781098504.892289,-28.62,0.857,-0.034,0.001,251.657,265.418,257.779
1781098504.892664,-29.183,0.571,-0.034,0.001,251.586,265.437,257.841
1781098504.8929868,-29.972,0.357,-0.035,0.001,251.509,265.514,257.86
1781098504.9016829,-30.986,-0.071,-0.035,0.0,251.307,265.649,257.967
1781098504.916672,-31.549,-0.429,-0.036,-0.0,251.222,265.661,258.051
1781098504.931749,-32.563,-0.5,-0.037,-0.0,251.003,265.946,258.05
1781098504.946761,-32.789,-0.5,-0.037,-0.0,251.045,265.934,258.014
1781098504.96188,-33.183,-0.571,-0.037,-0.0,251.009,265.983,258.012
1781098504.9731462,-33.352,-0.714,-0.037,-0.0,251.009,265.949,258.041
1781098504.9887419,-33.352,-0.643,-0.037,-0.0,251.072,265.919,257.998
1781098505.0033479,-33.465,-0.857,-0.037,-0.0,251.039,265.882,258.065
1781098505.01842,-33.183,-0.429,-0.036,0.0,251.207,265.85,257.906
1781098505.0300329,-32.845,-0.357,-0.036,0.0,251.318,265.734,257.882
1781098505.0446038,-32.676,-0.357,-0.035,0.0,251.363,265.672,257.885
1781098505.0598772,-31.662,0.0,-0.034,0.001,251.689,265.391,257.768
1781098505.074806,-30.592,0.214,-0.032,0.001,251.98,265.095,257.705
1781098505.119256,-29.915,0.929,-0.032,0.002,252.232,265.054,257.464
1781098505.119724,-29.915,0.929,-0.032,0.002,252.232,265.054,257.464
1781098505.120061,-27.718,1.714,-0.029,0.003,252.895,264.509,257.223
1781098505.127486,-26.704,2.571,-0.028,0.004,253.216,264.407,256.969
1781098505.142765,-25.465,3.286,-0.026,0.006,253.655,264.142,256.736
1781098505.157658,-24.225,3.286,-0.024,0.005,253.871,263.81,256.8
1781098505.172808,-23.211,3.714,-0.023,0.006,254.15,263.608,256.686
1781098505.1840692,-21.746,4.286,-0.022,0.006,254.53,263.321,256.545
1781098505.199151,-19.944,4.5,-0.019,0.006,254.949,262.859,256.524
1781098505.214302,-18.254,4.714,-0.017,0.007,255.335,262.451,256.494
1781098505.226282,-16.113,6.143,-0.015,0.009,256.061,262.141,256.039
1781098505.241318,-14.592,6.214,-0.013,0.008,256.349,261.783,256.074
1781098505.256408,-12.958,6.929,-0.011,0.01,256.914,261.421,255.843
1781098505.271295,-11.887,7.286,-0.01,0.01,257.161,261.243,255.762
1781098505.282538,-9.746,7.929,-0.007,0.011,257.788,260.766,255.588
1781098505.297861,-6.704,8.5,-0.003,0.011,258.674,260.005,255.442
1781098505.34252,-4.451,9.357,-0.001,0.012,259.363,259.57,255.198
1781098505.342885,-4.056,9.571,-0.0,0.013,259.427,259.555,255.151
1781098505.343203,-0.563,9.286,0.004,0.012,260.201,258.596,255.334
1781098505.353954,0.563,10.5,0.005,0.014,260.61,258.61,254.947
1781098505.3650491,3.493,11.286,0.008,0.014,261.425,258.042,254.752
1781098505.380139,4.958,11.714,0.01,0.015,261.799,257.796,254.653
1781098505.3960161,7.099,12.429,0.012,0.016,262.361,257.458,254.481
1781098505.4070761,9.183,13.286,0.014,0.017,262.96,257.152,254.256
1781098505.422403,11.38,14.071,0.017,0.018,263.689,256.731,254.039
1781098505.437252,12.394,14.357,0.017,0.018,263.9,256.597,253.99
1781098505.44832,14.535,14.571,0.02,0.018,264.603,256.041,253.941
1781098505.463357,17.014,14.714,0.023,0.018,265.289,255.455,253.948
1781098505.478446,18.423,14.571,0.025,0.018,265.541,255.157,254.035
1781098505.4894059,18.423,14.571,0.025,0.018,265.541,255.157,254.035
1781098505.504501,21.803,14.857,0.029,0.018,266.485,254.448,253.977
1781098505.5194,23.662,14.786,0.031,0.018,267.049,253.967,254.012
1781098505.562952,25.07,14.643,0.032,0.017,267.203,253.772,254.087
1781098505.563339,25.408,14.786,0.032,0.018,267.261,253.769,254.045
1781098505.563662,27.324,14.857,0.035,0.018,267.905,253.292,254.025
1781098505.5759768,27.887,14.214,0.035,0.017,267.772,253.174,254.248
1781098505.587181,27.887,14.214,0.035,0.017,267.772,253.174,254.248
1781098505.602248,30.93,13.571,0.038,0.016,268.504,252.424,254.452
1781098505.617218,30.986,13.214,0.038,0.015,268.357,252.422,254.567
1781098505.628536,32.282,12.286,0.039,0.014,268.492,252.042,254.858
1781098505.643695,32.958,11.786,0.039,0.013,268.445,251.958,254.982
1781098505.658648,33.746,12.0,0.04,0.014,268.688,251.88,254.877
1781098505.670027,34.085,11.643,0.04,0.013,268.597,251.868,254.96
1781098505.6850822,34.254,11.286,0.04,0.013,268.51,251.84,255.056
1781098505.700064,34.817,11.071,0.04,0.013,268.586,251.745,255.097
1781098505.712171,34.93,10.929,0.04,0.013,268.526,251.776,255.111
1781098505.726978,35.042,10.571,0.04,0.012,268.459,251.728,255.213
1781098505.741688,35.042,10.571,0.04,0.012,268.459,251.728,255.213
1781098505.78617,34.479,8.714,0.039,0.009,267.82,251.608,255.842
1781098505.7866309,34.479,7.786,0.039,0.008,267.641,251.523,256.076
1781098505.786965,33.408,7.214,0.037,0.008,267.163,251.776,256.19
1781098505.794472,32.901,6.143,0.037,0.007,266.811,251.768,256.485
1781098505.809667,32.225,5.429,0.036,0.006,266.469,251.856,256.673
1781098505.824669,31.38,4.786,0.035,0.005,266.128,251.993,256.808
1781098505.836523,30.592,4.0,0.034,0.004,265.795,252.082,256.993
1781098505.851402,29.915,3.786,0.033,0.004,265.586,252.226,257.015
1781098505.8665159,29.915,3.786,0.033,0.004,265.586,252.226,257.015
1781098505.8779478,27.887,3.143,0.03,0.004,264.873,252.653,257.166
1781098505.893286,26.817,2.357,0.029,0.003,264.483,252.773,257.376
1781098505.90787,25.239,1.929,0.027,0.002,263.958,253.113,257.474
1781098505.919138,24.225,1.357,0.026,0.002,263.612,253.257,257.627
1781098505.93435,22.31,0.857,0.023,0.001,263.038,253.641,257.733
1781098505.94941,20.958,0.214,0.022,0.0,262.642,253.831,257.89
1781098505.9614642,19.268,-0.214,0.02,0.0,262.175,254.153,257.977
1781098506.0060742,18.028,0.071,0.019,0.001,261.938,254.49,257.839
1781098506.006467,16.225,-0.143,0.016,0.001,261.482,254.862,257.872
1781098506.0068102,14.535,-0.571,0.015,0.0,261.02,255.159,257.994
1781098506.017676,12.62,-0.286,0.012,0.001,260.623,255.653,257.856
1781098506.032715,11.155,-0.5,0.011,0.0,260.283,255.919,257.906
1781098506.044235,9.746,-0.929,0.009,-0.0,259.86,256.177,258.047
1781098506.059103,8.225,-1.0,0.008,-0.0,259.539,256.481,258.046
1781098506.074236,6.197,-0.929,0.005,-0.0,259.018,257.015,258.01
1781098506.086285,4.507,-0.5,0.003,0.001,258.746,257.439,257.847
1781098506.10162,2.592,-0.286,0.001,0.001,258.354,257.895,257.777
1781098506.1166542,1.014,0.071,-0.001,0.002,258.041,258.329,257.656
1781098506.1281018,-0.732,0.5,-0.003,0.002,257.743,258.773,257.516
1781098506.143192,-2.704,0.5,-0.005,0.002,257.242,259.274,257.53
1781098506.1580749,-4.901,0.714,-0.007,0.002,256.786,259.807,257.476
1781098506.172947,-6.254,1.286,-0.009,0.003,256.589,260.213,257.287
1781098506.1840699,-7.549,1.857,-0.01,0.004,256.41,260.598,257.105
1781098506.2276638,-9.465,2.357,-0.013,0.005,255.971,261.25,256.941
1781098506.2280378,-10.648,3.571,-0.014,0.006,256.003,261.625,256.565
1781098506.2283561,-12.225,3.286,-0.016,0.006,255.579,261.934,256.712
1781098506.241045,-13.127,4.786,-0.016,0.008,255.669,262.367,256.23
1781098506.256159,-14.423,5.214,-0.018,0.008,255.487,262.654,256.158
1781098506.2714171,-15.606,5.857,-0.019,0.009,255.36,262.971,256.006
1781098506.282571,-16.901,6.786,-0.02,0.01,255.236,263.399,255.756
1781098506.297795,-17.972,7.143,-0.021,0.01,255.078,263.649,255.698
1781098506.312763,-18.366,7.714,-0.021,0.011,255.135,263.737,255.564
1781098506.323869,-18.141,7.643,-0.02,0.011,255.211,263.595,255.61
1781098506.339052,-18.141,7.643,-0.02,0.011,255.211,263.595,255.61
1781098506.354035,-20.225,9.0,-0.023,0.012,254.871,264.49,255.187
1781098506.3690739,-20.0,10.143,-0.022,0.014,255.2,264.464,254.881
1781098506.3805041,-22.254,10.571,-0.026,0.014,254.633,265.25,254.793
1781098506.396086,-22.93,10.786,-0.026,0.014,254.518,265.415,254.772
1781098506.4112918,-23.493,11.429,-0.027,0.015,254.523,265.589,254.625
1781098506.457778,-23.887,11.5,-0.027,0.015,254.471,265.604,254.664
1781098506.458136,-23.831,11.929,-0.026,0.015,254.6,265.562,254.569
1781098506.458465,-24.113,12.357,-0.026,0.016,254.617,265.665,254.468
1781098506.467377,-23.606,12.357,-0.026,0.016,254.781,265.418,254.506
1781098506.4824262,-23.831,12.714,-0.026,0.016,254.774,265.546,254.409
1781098506.4937038,-23.549,12.929,-0.025,0.016,254.894,265.449,254.369
1781098506.508876,-23.211,12.571,-0.025,0.016,254.921,265.235,254.517
1781098506.523854,-22.704,12.571,-0.024,0.015,255.055,265.055,254.533
1781098506.539118,-22.141,12.786,-0.023,0.016,255.243,264.909,254.468
1781098506.550272,-21.634,12.786,-0.023,0.016,255.355,264.759,254.482
1781098506.5659,-21.07,12.786,-0.022,0.016,255.496,264.589,254.484
1781098506.5811021,-20.169,12.571,-0.021,0.015,255.681,264.28,254.56
1781098506.596243,-19.437,12.357,-0.02,0.015,255.815,264.043,254.628
1781098506.607599,-18.31,11.929,-0.018,0.014,256.044,263.614,254.767
1781098506.622608,-17.296,11.714,-0.017,0.014,256.246,263.316,254.825
1781098506.637762,-16.394,11.571,-0.016,0.014,256.425,263.084,254.85
1781098506.681615,-15.831,11.214,-0.015,0.014,256.487,262.888,254.96
1781098506.6820312,-14.535,11.286,-0.014,0.014,256.818,262.574,254.911
1781098506.6823602,-13.239,10.286,-0.012,0.012,256.979,262.025,255.238
1781098506.693901,-12.338,10.5,-0.011,0.013,257.234,261.857,255.141
1781098506.709047,-10.423,9.714,-0.009,0.012,257.586,261.219,255.372
1781098506.7201421,-9.183,9.214,-0.008,0.011,257.775,260.877,255.5
1781098506.734962,-9.183,9.214,-0.008,0.011,257.775,260.877,255.5
1781098506.749918,-6.535,8.5,-0.004,0.01,258.394,259.997,255.715
1781098506.761923,-5.69,7.643,-0.003,0.009,258.414,259.699,255.974
1781098506.777344,-3.887,7.357,-0.001,0.009,258.797,259.278,256.004
1781098506.792157,-2.423,6.786,0.001,0.008,259.07,258.838,256.162
1781098506.8035898,-0.563,6.857,0.003,0.008,259.592,258.395,256.093
1781098506.818381,0.958,5.857,0.004,0.007,259.749,257.941,256.384
1781098506.8333719,2.535,6.143,0.006,0.008,260.213,257.639,256.244
1781098506.8449411,3.944,5.429,0.008,0.007,260.425,257.216,256.46
1781098506.859715,5.634,5.0,0.01,0.006,260.739,256.826,256.555
1781098506.905508,6.986,4.786,0.011,0.006,260.992,256.57,256.577
1781098506.905917,8.338,4.214,0.012,0.006,261.193,256.236,256.726
1781098506.906226,9.014,3.571,0.013,0.005,261.207,256.031,256.92
1781098506.9129658,11.211,3.714,0.016,0.005,261.93,255.449,256.849
1781098506.927781,12.056,3.143,0.016,0.004,261.95,255.292,256.992
1781098506.9427562,12.056,3.143,0.016,0.004,261.95,255.292,256.992
1781098506.954016,14.197,2.786,0.019,0.004,262.501,254.726,257.076
1781098506.968794,14.873,2.357,0.02,0.004,262.538,254.582,257.192
1781098506.983885,16.563,4.071,0.022,0.006,263.409,254.433,256.567
1781098506.995955,18.028,4.071,0.023,0.006,263.716,254.169,256.571
1781098507.01113,19.718,4.357,0.025,0.007,264.23,253.83,256.477
1781098507.0263271,22.761,5.571,0.029,0.008,265.329,253.319,256.072
1781098507.0373461,26.817,7.071,0.034,0.011,266.831,252.586,255.6
1781098507.0519848,28.169,7.357,0.036,0.011,267.283,252.313,255.523
1781098507.067124,28.169,7.357,0.036,0.011,267.283,252.313,255.523
1781098507.07851,36.958,10.714,0.049,0.016,271.136,250.572,254.437
1781098507.1238651,39.775,10.929,0.052,0.016,271.903,250.04,254.457
1781098507.12423,44.958,12.0,0.059,0.017,274.169,248.903,254.128
1781098507.1245592,46.479,12.214,0.06,0.017,274.616,248.655,254.101
1781098507.134208,49.803,12.714,0.063,0.017,275.443,248.204,254.056
1781098507.149295,49.803,12.714,0.063,0.017,275.443,248.204,254.056
1781098507.161244,55.042,13.214,0.07,0.018,277.483,247.142,253.953
1781098507.1761322,58.197,13.786,0.072,0.018,278.362,246.76,253.852
1781098507.191154,58.197,13.786,0.072,0.018,278.362,246.76,253.852
1781098507.202434,61.634,14.857,0.077,0.02,280.165,246.137,253.517
1781098507.217366,63.38,16.071,0.077,0.021,280.603,246.191,253.218
1781098507.23238,63.944,16.0,0.078,0.021,280.624,246.126,253.279
1781098507.243825,65.69,16.571,0.08,0.022,281.5,245.847,253.12
1781098507.258543,67.099,16.643,0.08,0.021,281.577,245.742,253.196
1781098507.273649,67.38,16.714,0.08,0.021,281.552,245.752,253.198
1781098507.288737,68.113,16.143,0.08,0.02,281.257,245.669,253.445
1781098507.299558,68.113,16.143,0.08,0.02,281.257,245.669,253.445
1781098507.3429382,68.0,14.571,0.079,0.018,280.569,245.521,253.982
1781098507.3432891,67.437,13.286,0.078,0.016,279.627,245.623,254.393
1781098507.343607,65.972,12.0,0.075,0.014,278.408,245.916,254.769
1781098507.356952,64.901,10.714,0.073,0.012,277.525,246.061,255.137
1781098507.372046,64.056,9.786,0.072,0.011,276.919,246.163,255.396
1781098507.3831391,63.268,8.786,0.071,0.01,276.354,246.23,255.677
1781098507.39841,61.239,7.357,0.068,0.008,275.214,246.536,256.069
1781098507.4135199,59.944,6.857,0.066,0.008,274.708,246.773,256.136
1781098507.424438,58.761,6.071,0.065,0.007,274.126,246.938,256.343
1781098507.439552,58.479,5.786,0.064,0.007,274.007,246.953,256.408
1781098507.4547179,55.549,4.286,0.06,0.005,272.549,247.452,256.863
1781098507.466632,51.662,2.143,0.055,0.002,270.668,248.086,257.531
1781098507.481787,50.31,0.643,0.054,0.0,270.051,248.131,257.956
1781098507.496835,46.479,-0.357,0.049,-0.001,268.734,248.871,258.148
1781098507.507856,43.268,-1.643,0.045,-0.002,267.643,249.376,258.461
1781098507.522932,42.197,-2.214,0.044,-0.003,267.257,249.52,258.62
1781098507.5714822,38.986,-3.214,0.039,-0.004,265.997,250.181,258.939
1781098507.572011,35.944,-4.214,0.035,-0.005,264.856,250.786,259.253
1781098507.572362,32.563,-5.571,0.032,-0.007,263.917,251.255,259.57
1781098507.579135,28.901,-6.214,0.027,-0.007,262.858,252.011,259.694
1781098507.5947452,24.225,-7.714,0.021,-0.009,261.357,252.884,260.147
1781098507.605878,19.887,-8.5,0.017,-0.01,260.324,253.676,260.278
1781098507.6209788,20.62,-8.643,0.019,-0.01,260.713,253.33,260.278
1781098507.635843,14.197,-9.357,0.01,-0.01,258.85,254.864,260.454
1781098507.6472058,8.901,-9.214,0.003,-0.01,257.565,256.221,260.315
1781098507.662144,5.296,-9.357,0.0,-0.01,256.968,256.853,260.269
1781098507.677054,4.056,-9.286,-0.001,-0.009,256.766,257.107,260.215
1781098507.691852,-1.577,-9.429,-0.009,-0.009,255.198,258.699,260.244
1781098507.703089,-4.169,-9.429,-0.012,-0.009,254.618,259.344,260.22
1781098507.718122,-9.014,-8.857,-0.019,-0.008,253.488,260.833,259.982
1781098507.7330549,-12.338,-8.643,-0.021,-0.008,253.146,261.34,259.868
1781098507.748118,-17.07,-8.286,-0.027,-0.007,252.028,262.806,259.724
1781098507.796183,-17.803,-7.929,-0.026,-0.007,252.236,262.697,259.591
1781098507.796624,-19.155,-7.429,-0.028,-0.006,252.094,263.064,259.408
1781098507.796963,-26.141,-6.429,-0.036,-0.005,250.783,265.074,259.062
1781098507.803941,-29.915,-5.071,-0.041,-0.003,250.111,266.512,258.574
1781098507.818756,-32.958,-3.857,-0.043,-0.001,249.917,267.193,258.217
1781098507.8301141,-35.042,-2.0,-0.045,0.002,249.772,268.167,257.578
1781098507.8458629,-37.408,-1.929,-0.047,0.001,249.389,268.623,257.644
1781098507.8608599,-39.099,-1.071,-0.048,0.002,249.296,269.042,257.416
1781098507.875894,-41.915,-0.143,-0.051,0.003,248.989,269.753,257.204
1781098507.887167,-43.831,0.714,-0.052,0.004,248.877,270.168,257.012
1781098507.902401,-46.423,2.357,-0.055,0.006,248.583,271.277,256.507
1781098507.917422,-47.493,3.929,-0.055,0.008,248.739,271.599,256.096
1781098507.9289868,-49.972,4.929,-0.058,0.009,248.342,272.572,255.838
1781098507.943962,-51.099,6.0,-0.058,0.01,248.352,272.887,255.605
1781098507.959044,-52.507,7.214,-0.059,0.012,248.288,273.408,255.314
1781098507.973762,-53.465,8.071,-0.06,0.012,248.266,273.693,255.144
1781098508.015158,-53.465,8.071,-0.06,0.012,248.266,273.693,255.144
1781098508.0155299,-55.437,9.929,-0.063,0.015,248.053,274.942,254.545
1781098508.015875,-54.254,10.786,-0.06,0.016,248.583,274.273,254.405
1781098508.02977,-55.662,11.643,-0.062,0.017,248.348,275.04,254.159
1781098508.0415459,-55.606,11.786,-0.061,0.017,248.425,274.779,254.245
1781098508.056522,-55.155,12.643,-0.06,0.018,248.691,274.662,254.033
1781098508.071512,-55.099,13.0,-0.06,0.018,248.76,274.615,253.989
1781098508.0864902,-55.099,13.0,-0.06,0.018,248.76,274.615,253.989
1781098508.120519,-53.296,14.214,-0.057,0.019,249.412,274.055,253.658
1781098508.120878,-52.225,14.429,-0.056,0.019,249.67,273.595,253.689
1781098508.1276429,-50.648,14.857,-0.053,0.02,250.143,273.017,253.578
1781098508.1427882,-49.803,15.0,-0.052,0.02,250.322,272.72,253.592
1781098508.1539881,-47.944,15.5,-0.05,0.02,250.838,272.098,253.479
1781098508.168948,-47.042,15.429,-0.049,0.02,250.981,271.782,253.55
1781098508.1838279,-44.451,14.714,-0.045,0.019,251.484,270.658,253.825
1781098508.1988428,-41.803,14.429,-0.041,0.018,252.129,269.598,253.934
1781098508.232599,-40.451,14.071,-0.04,0.018,252.317,269.164,254.063
1781098508.233004,-37.746,13.643,-0.036,0.017,252.951,268.113,254.212
1781098508.241024,-34.873,12.929,-0.033,0.016,253.489,267.112,254.444
1781098508.255946,-31.887,11.857,-0.029,0.014,254.0,266.037,254.787
1781098508.2671628,-29.408,11.714,-0.026,0.014,254.522,265.369,254.806
1781098508.28228,-26.31,11.571,-0.023,0.014,255.132,264.631,254.809
1781098508.2973702,-23.099,10.857,-0.019,0.013,255.775,263.624,255.024
1781098508.312466,-20.789,10.357,-0.016,0.013,256.286,262.862,255.179
1781098508.323637,-17.69,9.714,-0.013,0.012,256.799,262.109,255.338
1781098508.3388941,-14.31,8.929,-0.008,0.011,257.6,260.964,255.589
1781098508.353861,-10.817,7.714,-0.005,0.009,258.118,260.052,255.928
1781098508.364844,-7.38,7.143,-0.001,0.009,258.874,259.136,256.064
1781098508.3799942,-3.944,6.5,0.004,0.008,259.737,258.084,256.257
1781098508.395181,-0.507,5.643,0.007,0.007,260.292,257.353,256.45
1781098508.407087,2.479,5.214,0.01,0.006,260.93,256.669,256.534
1781098508.421819,6.648,4.5,0.015,0.006,261.784,255.734,256.692
1781098508.466372,6.648,4.5,0.015,0.006,261.784,255.734,256.692
1781098508.466791,6.648,4.5,0.015,0.006,261.784,255.734,256.692
1781098508.467106,14.366,3.357,0.025,0.004,263.888,253.593,257.025
1781098508.477706,17.972,2.071,0.03,0.002,264.721,252.519,257.443
1781098508.4890728,20.225,1.857,0.033,0.002,265.293,252.037,257.471
1781098508.503932,25.07,0.929,0.038,0.001,266.454,250.925,257.705
1781098508.519021,28.056,0.571,0.041,0.001,267.082,250.418,257.745
1781098508.530848,30.873,0.143,0.044,0.001,267.657,249.934,257.813
1781098508.54607,32.507,-0.143,0.044,0.001,267.852,249.764,257.846
1781098508.561337,35.549,0.357,0.047,0.002,268.64,249.434,257.579
1781098508.5723698,38.31,-0.286,0.049,0.001,269.119,248.955,257.742
1781098508.587657,40.732,-0.571,0.051,0.001,269.603,248.589,257.779
1781098508.602504,42.197,-1.071,0.053,0.0,269.816,248.313,257.93
1781098508.613992,44.225,-1.071,0.054,0.0,270.291,248.038,257.878
1781098508.6291552,46.141,-1.429,0.056,-0.0,270.672,247.714,257.96
1781098508.6439009,48.113,-1.571,0.058,-0.0,271.158,247.382,257.977
1781098508.690345,49.803,-1.571,0.06,0.0,271.592,247.129,257.945
1781098508.690701,50.761,-1.714,0.061,-0.0,271.872,246.915,257.986
1781098508.691034,51.775,-1.929,0.061,-0.0,272.006,246.79,258.034
1781098508.700701,52.958,-1.429,0.063,0.0,272.486,246.653,257.84
1781098508.711822,53.803,-1.0,0.063,0.001,272.737,246.632,257.681
1781098508.726911,54.028,-1.071,0.063,0.001,272.75,246.6,257.71
1781098508.7422001,54.873,-1.0,0.064,0.001,273.006,246.463,257.685
1781098508.753401,54.986,-1.214,0.064,0.001,272.851,246.491,257.765
1781098508.768401,54.761,-1.214,0.063,0.001,272.648,246.614,257.768
1781098508.78362,54.648,-0.929,0.063,0.001,272.598,246.727,257.671
1781098508.795097,54.423,-0.643,0.062,0.002,272.53,246.847,257.579
1781098508.8100312,53.915,-0.643,0.061,0.002,272.299,246.983,257.59
1781098508.8249018,53.07,-0.214,0.06,0.002,272.054,247.257,257.451
1781098508.83678,52.113,-0.143,0.059,0.002,271.693,247.494,257.442
1781098508.851985,51.099,-0.214,0.057,0.002,271.298,247.715,257.482
1781098508.866793,49.352,-0.357,0.055,0.002,270.62,248.106,257.544
1781098508.911401,47.549,-0.5,0.053,0.002,270.0,248.47,257.605
1781098508.911814,45.972,-0.214,0.051,0.002,269.593,248.826,257.515
1781098508.912149,44.563,0.429,0.049,0.003,269.337,249.184,257.309
1781098508.919389,42.93,1.429,0.047,0.004,269.08,249.651,256.986
1781098508.93431,41.577,1.786,0.046,0.005,268.732,249.978,256.895
1781098508.949163,40.282,2.429,0.044,0.006,268.429,250.385,256.685
1781098508.9608,36.958,3.143,0.039,0.007,267.382,251.361,256.46
1781098508.975801,36.958,3.143,0.039,0.007,267.382,251.361,256.46
1781098508.990955,32.789,4.143,0.033,0.008,266.238,252.504,256.171
1781098509.002274,30.817,4.071,0.031,0.008,265.606,252.949,256.228
1781098509.017411,26.592,5.0,0.026,0.009,264.628,253.969,255.991
1781098509.0326998,23.324,5.214,0.023,0.009,263.864,254.607,255.991
1781098509.0441191,21.014,5.429,0.02,0.009,263.323,255.096,255.964
1781098509.059223,18.254,6.286,0.017,0.01,262.86,255.731,255.731
1781098509.074115,15.662,6.929,0.015,0.011,262.401,256.292,255.577
1781098509.0850859,13.521,7.214,0.012,0.011,261.92,256.783,255.522
1781098509.13007,11.324,7.643,0.01,0.012,261.361,257.43,255.394
1781098509.130413,7.437,8.214,0.005,0.012,260.406,258.491,255.246
1781098509.130732,4.789,8.5,0.002,0.012,259.835,259.107,255.191
1781098509.141624,4.789,8.5,0.002,0.012,259.835,259.107,255.191
1781098509.156651,-0.563,9.357,-0.005,0.014,258.533,260.696,254.943
1781098509.167862,-1.577,9.5,-0.006,0.014,258.369,260.894,254.918
1781098509.1827369,-6.817,10.143,-0.012,0.014,257.242,262.262,254.774
1781098509.1979752,-7.831,10.5,-0.013,0.015,257.121,262.51,254.674
1781098509.209044,-11.831,10.214,-0.018,0.014,256.106,263.487,254.816
1781098509.224093,-12.901,10.786,-0.019,0.015,256.013,263.804,254.636
1781098509.2392042,-17.465,11.143,-0.024,0.015,255.095,264.96,254.572
1781098509.2545779,-20.338,11.143,-0.027,0.015,254.485,265.658,254.606
1781098509.2662342,-22.986,11.286,-0.029,0.015,254.08,266.174,254.595
1781098509.2815099,-25.521,11.214,-0.031,0.015,253.637,266.668,254.647
1781098509.296851,-27.211,11.357,-0.033,0.015,253.363,267.062,254.612
1781098509.311807,-29.408,11.357,-0.035,0.015,252.995,267.52,254.627
1781098509.3612108,-31.662,11.214,-0.037,0.015,252.568,268.015,254.681
1781098509.36184,-33.859,10.643,-0.039,0.014,252.074,268.425,254.877
1781098509.362171,-35.042,10.786,-0.04,0.014,251.97,268.641,254.818
1781098509.3698292,-36.845,10.5,-0.042,0.014,251.603,269.04,254.899
1781098509.3793,-37.803,10.429,-0.043,0.014,251.442,269.244,254.914
1781098509.3944771,-38.648,9.929,-0.043,0.013,251.289,269.259,255.063
1781098509.409533,-40.507,9.5,-0.045,0.012,250.846,269.718,255.188
1781098509.424636,-41.352,8.714,-0.046,0.011,250.624,269.708,255.434
1781098509.4361331,-41.915,8.5,-0.046,0.011,250.557,269.756,255.469
1781098509.451096,-41.915,8.5,-0.046,0.011,250.557,269.756,255.469
1781098509.4662,-43.099,7.214,-0.048,0.009,250.065,269.895,255.898
1781098509.477659,-43.775,6.714,-0.048,0.009,249.937,269.949,255.997
1781098509.4927528,-43.662,6.143,-0.048,0.008,249.988,269.702,256.13
1781098509.5078342,-43.718,5.786,-0.047,0.008,250.005,269.598,256.19
1781098509.522871,-43.887,5.357,-0.047,0.007,249.956,269.547,256.284
1781098509.533909,-43.268,5.0,-0.046,0.007,250.103,269.222,256.372
1781098509.578779,-42.704,4.714,-0.045,0.007,250.237,268.956,256.433
1781098509.579197,-41.915,3.643,-0.044,0.005,250.301,268.466,256.748
1781098509.5795252,-41.239,2.786,-0.043,0.004,250.356,268.096,256.983
1781098509.5909472,-40.845,2.643,-0.043,0.004,250.442,267.947,257.009
1781098509.606077,-38.93,1.714,-0.04,0.003,250.82,267.056,257.318
1781098509.621265,-38.085,0.714,-0.039,0.002,250.858,266.693,257.578
1781098509.632402,-36.225,0.429,-0.036,0.002,251.297,266.067,257.621
1781098509.647536,-33.859,0.429,-0.033,0.002,251.876,265.412,257.543
1781098509.662706,-32.113,0.071,-0.031,0.002,252.201,264.929,257.607
1781098509.677792,-30.817,-0.357,-0.03,0.001,252.423,264.52,257.723
1781098509.689043,-28.958,-0.429,-0.028,0.001,252.861,263.992,257.715
1781098509.704087,-26.986,-0.714,-0.025,0.001,253.234,263.48,257.77
1781098509.7191098,-24.901,-1.071,-0.023,0.001,253.628,262.915,257.858
1781098509.734221,-22.535,-1.5,-0.02,0.0,254.088,262.254,257.973
1781098509.7463691,-19.775,-1.571,-0.017,0.0,254.711,261.551,257.966
1781098509.761281,-18.592,-1.571,-0.016,0.0,254.938,261.32,257.945
1781098509.807182,-16.901,-1.714,-0.014,0.0,255.293,260.889,257.979
1781098509.8075452,-13.69,-1.714,-0.01,0.0,256.056,260.086,257.954
1781098509.807873,-11.099,-2.143,-0.007,-0.0,256.624,259.336,258.097
1781098509.8172889,-8.338,-1.214,-0.004,0.001,257.394,258.896,257.746
1781098509.8324769,-6.648,-1.286,-0.002,0.001,257.82,258.434,257.774
1781098509.843889,-4.056,-0.857,0.002,0.002,258.514,257.891,257.624
1781098509.858956,-1.183,-0.714,0.005,0.002,259.152,257.302,257.588
1781098509.874084,1.465,-0.429,0.007,0.002,259.759,256.809,257.499
1781098509.8860412,4.056,-0.214,0.01,0.002,260.344,256.311,257.445
1781098509.901087,7.099,0.571,0.014,0.004,261.301,255.691,257.181
1781098509.916172,9.014,0.929,0.016,0.004,261.791,255.351,257.077
1781098509.9275699,11.268,1.357,0.018,0.005,262.401,254.927,256.958
1781098509.942351,14.085,2.071,0.021,0.005,263.164,254.466,256.751
1781098509.9573991,16.958,4.0,0.025,0.008,264.442,254.027,256.089
1781098509.9685261,17.521,3.0,0.026,0.007,264.292,253.78,256.475
1781098509.983579,19.831,3.857,0.029,0.008,265.159,253.339,256.194
1781098510.028254,23.042,4.571,0.033,0.009,266.158,252.729,255.999
1781098510.0286138,25.127,5.071,0.035,0.009,266.721,252.403,255.882
1781098510.0289311,26.704,5.643,0.036,0.01,267.125,252.227,255.74
1781098510.0407832,28.958,5.929,0.038,0.01,267.619,251.873,255.719
1781098510.051881,30.592,6.786,0.039,0.011,268.047,251.764,255.497
1781098510.0669901,32.338,7.286,0.041,0.011,268.476,251.54,255.399
1781098510.082156,33.69,7.643,0.042,0.012,268.867,251.328,255.321
1781098510.0934532,35.268,8.429,0.044,0.013,269.358,251.164,255.121
1781098510.1082509,36.225,9.0,0.044,0.013,269.679,251.082,254.966
1781098510.123355,38.141,9.143,0.047,0.014,270.387,250.615,254.937
1781098510.13451,38.704,9.643,0.047,0.014,270.531,250.638,254.806
1781098510.1494122,39.38,10.071,0.048,0.015,270.721,250.603,254.705
1781098510.164497,40.451,10.5,0.049,0.015,271.077,250.45,254.609
1781098510.176451,41.07,10.714,0.049,0.015,271.144,250.419,254.594
1781098510.19149,41.521,10.786,0.049,0.015,271.211,250.366,254.601
1781098510.206342,42.085,11.0,0.05,0.015,271.328,250.316,254.571
1781098510.2523332,41.972,11.357,0.049,0.016,271.231,250.461,254.487
1781098510.252755,41.972,11.5,0.049,0.016,271.168,250.52,254.469
1781098510.2530718,42.197,11.429,0.049,0.015,271.174,250.471,254.517
1781098510.2588952,41.69,11.357,0.048,0.015,270.916,250.613,254.552
1781098510.273772,41.296,11.286,0.047,0.015,270.723,250.709,254.591
1781098510.288935,40.225,11.0,0.046,0.015,270.238,250.95,254.69
1781098510.300784,39.549,9.714,0.045,0.013,269.722,250.905,255.123
1781098510.3150022,38.535,9.5,0.044,0.012,269.331,251.134,255.174
1781098510.330857,38.31,9.357,0.043,0.012,269.245,251.162,255.209
1781098510.342002,35.606,7.643,0.04,0.01,267.971,251.59,255.742
1781098510.3572109,34.93,7.5,0.039,0.01,267.804,251.713,255.742
1781098510.372298,33.521,7.286,0.037,0.01,267.403,252.005,255.753
1781098510.3834398,32.563,7.429,0.036,0.01,267.182,252.247,255.673
1781098510.398585,31.38,6.786,0.035,0.009,266.772,252.391,255.853
1781098510.41405,29.69,6.929,0.033,0.01,266.353,252.803,255.762
1781098510.425107,27.549,6.214,0.03,0.009,265.606,253.194,255.97
1781098510.470707,26.31,5.5,0.029,0.008,265.145,253.355,256.189
1781098510.471148,23.887,5.071,0.025,0.007,264.336,253.902,256.31
1781098510.471509,22.761,4.5,0.024,0.007,263.991,254.035,256.47
1781098510.4818711,19.831,3.929,0.021,0.006,263.124,254.637,256.609
1781098510.496969,17.746,3.643,0.018,0.006,262.526,255.091,256.677
1781098510.508208,16.676,3.571,0.017,0.006,262.329,255.277,256.662
1781098510.523176,13.803,2.714,0.014,0.005,261.468,255.802,256.913
1781098510.538211,11.493,2.214,0.011,0.004,260.697,256.352,257.07
1781098510.5492759,10.479,2.5,0.01,0.005,260.523,256.638,256.946
1781098510.564381,7.38,1.571,0.006,0.003,259.661,257.186,257.213
1781098510.5762858,5.07,1.0,0.004,0.003,259.122,257.571,257.348
1781098510.5913842,1.972,0.714,0.0,0.003,258.374,258.268,257.387
1781098510.606661,0.451,0.214,-0.001,0.002,257.998,258.504,257.527
1781098510.618021,-1.972,0.143,-0.004,0.002,257.506,259.034,257.498
1781098510.633128,-4.451,-0.071,-0.006,0.002,256.962,259.562,257.533
1781098510.6483588,-6.761,0.0,-0.009,0.002,256.514,260.095,257.476
1781098510.6930099,-9.014,0.071,-0.011,0.003,256.077,260.617,257.425
1781098510.693366,-10.704,0.0,-0.013,0.002,255.704,261.007,257.44
1781098510.693692,-12.62,-0.214,-0.015,0.002,255.308,261.383,257.499
1781098510.7048478,-14.592,-0.214,-0.017,0.002,254.867,261.893,257.485
1781098510.7167099,-16.845,0.0,-0.02,0.003,254.45,262.462,257.399
1781098510.731858,-18.761,-0.143,-0.022,0.002,254.067,262.858,257.443
1781098510.7468941,-20.901,0.071,-0.024,0.003,253.667,263.418,257.362
1781098510.76211,-22.085,-0.071,-0.025,0.003,253.423,263.653,257.413
1781098510.773335,-23.493,0.5,-0.027,0.003,253.288,264.048,257.207
1781098510.788894,-25.521,0.571,-0.029,0.003,252.869,264.576,257.192
1781098510.8035982,-26.93,0.929,-0.03,0.004,252.67,264.951,257.08
1781098510.818717,-28.225,1.429,-0.031,0.005,252.51,265.332,256.926
1781098510.830004,-29.296,1.714,-0.032,0.005,252.371,265.597,256.849
1781098510.844952,-29.972,1.857,-0.033,0.005,252.274,265.758,256.817
1781098510.859503,-30.254,2.071,-0.033,0.005,252.263,265.852,256.75
1781098510.871605,-32.113,2.786,-0.036,0.006,251.885,266.632,256.506
1781098510.917948,-32.789,3.0,-0.036,0.007,251.841,266.726,256.477
1781098510.918366,-33.239,3.357,-0.037,0.007,251.836,266.849,256.38
1781098510.918686,-33.746,3.786,-0.037,0.008,251.84,266.975,256.274
1781098510.927553,-33.69,4.357,-0.036,0.008,251.987,266.986,256.107
1781098510.9426491,-33.746,4.857,-0.036,0.009,252.091,267.003,255.983
1781098510.957691,-33.859,5.214,-0.036,0.009,252.139,267.035,255.906
1781098510.9689028,-34.085,5.643,-0.036,0.01,252.153,267.162,255.789
1781098510.983941,-33.577,5.643,-0.035,0.01,252.299,266.918,255.832
1781098510.99892,-33.07,5.786,-0.035,0.01,252.456,266.732,255.818
1781098511.014037,-32.563,6.214,-0.034,0.01,252.648,266.625,255.701
1781098511.026051,-32.62,6.5,-0.034,0.01,252.64,266.714,255.638
1781098511.041131,-31.38,6.714,-0.032,0.011,253.007,266.307,255.586
1781098511.0562072,-30.085,7.429,-0.03,0.012,253.435,266.023,255.375
1781098511.07132,-29.183,7.571,-0.029,0.012,253.642,265.776,255.365
1781098511.082388,-28.507,7.571,-0.029,0.012,253.783,265.575,255.386
1781098511.09743,-26.986,7.786,-0.026,0.012,254.197,265.129,255.334
1781098511.143329,-26.085,8.0,-0.025,0.012,254.421,264.919,255.282
1781098511.143681,-25.014,7.929,-0.024,0.012,254.649,264.594,255.324
1781098511.144001,-23.155,8.429,-0.022,0.013,255.157,264.169,255.173
1781098511.153363,-21.465,8.0,-0.02,0.012,255.496,263.581,255.337
1781098511.168164,-19.831,8.286,-0.018,0.012,255.879,263.235,255.256
1781098511.1792698,-19.831,8.286,-0.018,0.012,255.879,263.235,255.256
1781098511.194258,-16.789,8.643,-0.014,0.013,256.684,262.447,255.152
1781098511.209194,-15.042,8.5,-0.012,0.012,257.132,261.892,255.208
1781098511.22122,-13.577,8.214,-0.01,0.012,257.387,261.497,255.313
1781098511.236222,-10.479,8.286,-0.006,0.012,258.14,260.716,255.297
1781098511.251193,-10.479,8.286,-0.006,0.012,258.14,260.716,255.297
1781098511.266347,-6.93,8.357,-0.002,0.012,259.02,259.832,255.275
1781098511.2774458,-4.676,8.214,0.001,0.012,259.536,259.261,255.324
1781098511.292454,-4.113,8.0,0.001,0.012,259.588,259.132,255.396
1781098511.307461,-1.07,8.0,0.005,0.012,260.393,258.352,255.389
1781098511.318578,1.239,7.5,0.008,0.011,260.859,257.737,255.552
1781098511.3629482,1.859,7.786,0.008,0.011,261.021,257.695,255.446
1781098511.363369,5.014,7.357,0.012,0.011,261.687,256.94,255.577
1781098511.36369,6.704,7.0,0.014,0.01,262.091,256.453,255.694
1781098511.374919,8.394,7.0,0.015,0.01,262.372,256.228,255.666
1781098511.386789,10.817,6.786,0.017,0.01,262.896,255.713,255.717
1781098511.401984,13.07,5.786,0.02,0.009,263.223,255.111,256.036
1781098511.4169998,14.31,5.929,0.021,0.009,263.524,254.926,255.962
1781098511.428324,16.225,6.071,0.023,0.009,263.994,254.601,255.885
1781098511.4434712,18.31,6.143,0.025,0.01,264.523,254.2,255.841
1781098511.458324,20.225,5.857,0.027,0.009,264.993,253.728,255.929
1781098511.469843,20.676,5.714,0.028,0.009,265.048,253.643,255.972
1781098511.484855,22.761,5.5,0.03,0.009,265.597,253.146,256.027
1781098511.4996538,24.62,5.357,0.032,0.009,266.012,252.795,256.051
1781098511.511563,25.915,4.571,0.034,0.007,266.245,252.361,256.317
1781098511.5265238,26.761,4.714,0.034,0.008,266.434,252.286,256.241
1781098511.5415318,27.099,4.429,0.035,0.007,266.427,252.208,256.33
1781098511.589493,29.183,3.571,0.037,0.006,266.881,251.611,256.597
1781098511.589838,29.746,3.643,0.037,0.006,266.97,251.597,256.539
1781098511.590168,29.746,3.643,0.037,0.006,266.97,251.597,256.539
1781098511.593676,31.549,3.0,0.04,0.005,267.443,251.049,256.748
1781098511.60865,32.0,2.929,0.04,0.006,267.397,251.109,256.721
1781098511.619902,33.07,2.643,0.041,0.005,267.577,250.925,256.776
1781098511.634955,32.958,2.429,0.04,0.005,267.398,251.014,256.824
1781098511.650711,33.352,2.143,0.04,0.005,267.376,250.97,256.889
1781098511.662032,33.634,2.0,0.04,0.005,267.372,250.959,256.906
1781098511.6771011,33.577,1.857,0.04,0.005,267.267,251.02,256.924
1781098511.692214,33.746,1.929,0.04,0.005,267.314,251.033,256.872
1781098511.703456,33.634,1.357,0.039,0.004,267.132,250.997,257.06
1781098511.718493,33.408,1.643,0.039,0.005,267.104,251.131,256.936
1781098511.733557,32.845,1.357,0.038,0.004,266.842,251.251,257.021
1781098511.745139,32.113,0.786,0.037,0.003,266.476,251.359,257.208
1781098511.760052,31.211,0.786,0.036,0.003,266.178,251.601,257.193
1781098511.80637,30.423,0.571,0.035,0.003,265.91,251.76,257.245
1781098511.806744,29.746,0.571,0.034,0.003,265.744,251.908,257.225
1781098511.8070679,28.62,0.643,0.033,0.004,265.439,252.186,257.183
1781098511.817146,27.887,0.571,0.032,0.003,265.223,252.341,257.201
1781098511.82848,26.817,1.0,0.03,0.004,265.024,252.642,257.047
1781098511.8435469,26.479,1.357,0.03,0.005,265.038,252.745,256.925
1781098511.858698,24.451,1.571,0.027,0.005,264.462,253.27,256.864
1781098511.869932,22.873,1.286,0.026,0.004,263.968,253.571,256.977
1781098511.884918,22.028,1.429,0.025,0.005,263.791,253.768,256.926
1781098511.900723,20.282,1.357,0.023,0.005,263.305,254.147,256.958
1781098511.9121542,18.535,1.286,0.02,0.004,262.832,254.522,256.988
1781098511.927176,16.845,1.429,0.019,0.005,262.437,254.913,256.94
1781098511.942435,15.606,1.571,0.017,0.005,262.151,255.21,256.893
1781098511.9533901,13.915,2.0,0.015,0.005,261.821,255.636,256.757
1781098511.968705,13.803,2.357,0.015,0.006,261.905,255.679,256.637
1781098511.9832692,10.535,2.786,0.011,0.007,261.067,256.561,256.517
1781098512.0298262,10.535,2.786,0.011,0.007,261.067,256.561,256.517
1781098512.030236,7.493,3.143,0.007,0.007,260.332,257.338,256.428
1781098512.030554,5.07,3.5,0.004,0.007,259.678,258.083,256.313
1781098512.036355,3.887,3.857,0.003,0.008,259.514,258.342,256.217
1781098512.051289,2.141,4.214,0.001,0.008,259.171,258.781,256.121
1781098512.0626209,0.225,5.0,-0.001,0.009,258.916,259.281,255.888
1781098512.077659,-1.803,5.5,-0.003,0.01,258.559,259.78,255.76
1781098512.09277,-3.718,5.429,-0.005,0.01,258.12,260.155,255.831
1781098512.1040509,-5.183,5.786,-0.007,0.01,257.845,260.551,255.731
1781098512.1191611,-6.704,6.286,-0.008,0.011,257.632,260.924,255.594
1781098512.1340852,-8.62,6.571,-0.01,0.011,257.25,261.399,255.534
1781098512.14609,-10.479,7.071,-0.012,0.012,256.87,261.976,255.388
1781098512.1611469,-11.944,7.286,-0.014,0.012,256.627,262.282,255.354
1781098512.1760929,-11.944,7.286,-0.014,0.012,256.627,262.282,255.354
1781098512.191061,-14.366,7.357,-0.017,0.012,256.067,262.894,255.366
1781098512.202394,-15.775,7.429,-0.018,0.012,255.71,263.318,255.352
1781098512.247211,-17.465,8.429,-0.02,0.013,255.551,263.861,255.043
1781098512.247634,-17.634,8.429,-0.02,0.013,255.554,263.839,255.059
1781098512.24796,-19.775,8.286,-0.023,0.013,254.999,264.399,255.136
1781098512.258152,-19.831,8.286,-0.022,0.013,255.04,264.339,255.146
1781098512.273199,-19.831,8.286,-0.022,0.013,255.04,264.339,255.146
1781098512.2882051,-22.93,8.571,-0.026,0.013,254.353,265.247,255.077
1781098512.2991738,-23.38,9.0,-0.027,0.014,254.351,265.417,254.939
1781098512.314058,-23.944,8.643,-0.027,0.013,254.231,265.391,255.081
1781098512.329063,-23.944,8.643,-0.027,0.013,254.231,265.391,255.081
1781098512.34407,-25.408,8.714,-0.029,0.013,253.92,265.791,255.068
1781098512.355953,-26.085,8.429,-0.029,0.013,253.777,265.841,255.173
1781098512.371108,-26.197,8.214,-0.029,0.012,253.8,265.722,255.248
1781098512.386123,-26.366,7.786,-0.028,0.012,253.791,265.56,255.39
1781098512.397484,-26.592,7.571,-0.028,0.011,253.778,265.506,255.448
1781098512.412742,-26.31,7.286,-0.028,0.011,253.881,265.276,255.534
1781098512.427467,-26.254,7.0,-0.027,0.011,253.896,265.162,255.614
1781098512.4749582,-26.085,7.143,-0.027,0.011,253.994,265.12,255.549
1781098512.4753122,-25.69,6.571,-0.026,0.01,254.037,264.852,255.73
1781098512.475631,-25.577,6.071,-0.026,0.009,254.002,264.728,255.872
1781098512.4837031,-24.958,5.857,-0.025,0.009,254.155,264.495,255.912
1781098512.494933,-23.944,5.214,-0.024,0.008,254.335,264.052,256.108
1781098512.50996,-23.831,5.286,-0.024,0.009,254.367,264.077,256.053
1781098512.525595,-22.817,4.571,-0.022,0.008,254.523,263.653,256.261
1781098512.540848,-21.746,4.429,-0.021,0.008,254.78,263.334,256.277
1781098512.5518951,-20.732,3.786,-0.02,0.007,254.924,262.952,256.466
1781098512.566782,-19.944,3.857,-0.019,0.007,255.117,262.808,256.398
1781098512.581882,-19.324,3.5,-0.018,0.007,255.22,262.559,256.513
1781098512.59316,-17.634,2.857,-0.016,0.006,255.565,261.951,256.711
1781098512.608376,-16.732,2.643,-0.015,0.006,255.716,261.75,256.74
1781098512.623401,-15.155,1.643,-0.013,0.004,255.965,261.127,257.062
1781098512.6385212,-14.141,1.357,-0.012,0.004,256.129,260.904,257.103
1781098512.6494699,-13.014,1.214,-0.01,0.004,256.385,260.612,257.116
1781098512.695701,-11.662,0.714,-0.009,0.003,256.609,260.237,257.244
1781098512.6961138,-9.915,0.643,-0.007,0.003,257.024,259.82,257.223
1781098512.696438,-8.282,0.571,-0.005,0.003,257.398,259.439,257.214
1781098512.706676,-6.704,0.429,-0.003,0.003,257.731,259.064,257.245
1781098512.721926,-5.07,0.357,-0.001,0.003,258.139,258.64,257.254
1781098512.732909,-3.042,0.357,0.001,0.003,258.625,258.175,257.234
1781098512.74808,-1.352,0.214,0.003,0.003,258.979,257.794,257.266
1781098512.7631638,0.338,0.071,0.005,0.003,259.341,257.404,257.303
1781098512.774417,1.915,0.143,0.006,0.003,259.707,257.091,257.264
1781098512.7895522,2.535,0.143,0.007,0.003,259.805,257.006,257.255
1781098512.804886,4.338,0.357,0.009,0.004,260.281,256.642,257.169
1781098512.816708,6.197,0.071,0.011,0.003,260.68,256.174,257.267
1781098512.831702,7.775,0.143,0.013,0.003,261.055,255.858,257.239
1781098512.846998,8.845,0.571,0.014,0.004,261.385,255.709,257.083
1781098512.858282,10.761,0.357,0.016,0.004,261.817,255.243,257.165
1781098512.8731892,12.394,0.571,0.018,0.004,262.24,254.935,257.095
1781098512.919656,13.803,1.0,0.019,0.005,262.632,254.728,256.955
1781098512.92015,14.704,1.286,0.02,0.005,262.885,254.595,256.865
1781098512.920467,15.211,1.5,0.021,0.005,263.046,254.523,256.796
1781098512.92607,17.352,2.286,0.024,0.006,263.759,254.156,256.547
1781098512.941369,18.085,2.071,0.024,0.006,263.907,253.947,256.635
1781098512.956297,19.493,2.714,0.026,0.007,264.396,253.737,256.429
1781098512.9674292,20.789,3.071,0.027,0.007,264.726,253.549,256.342
1781098512.982448,20.789,3.071,0.027,0.007,264.726,253.549,256.342
1781098512.9975271,22.873,4.071,0.03,0.009,265.461,253.239,256.044
1781098513.008847,23.718,4.214,0.031,0.009,265.658,253.097,256.028
1781098513.023978,24.0,4.929,0.03,0.01,265.719,253.235,255.833
1781098513.0392141,25.07,5.357,0.031,0.01,266.042,253.078,255.73
1781098513.05088,25.746,5.357,0.032,0.01,266.143,252.956,255.773
1781098513.065991,26.197,5.571,0.032,0.01,266.266,252.905,255.726
1781098513.081192,26.535,6.143,0.032,0.011,266.393,252.957,255.568
1781098513.092435,27.042,6.357,0.033,0.011,266.522,252.892,255.531
1781098513.14046,27.38,6.643,0.033,0.011,266.617,252.875,255.471
1781098513.1408188,27.775,6.929,0.034,0.011,266.747,252.837,255.405
1781098513.141136,27.718,7.0,0.033,0.011,266.696,252.881,255.402
1781098513.148745,27.718,7.643,0.033,0.012,266.777,253.003,255.209
1781098513.164153,27.437,7.429,0.033,0.012,266.589,253.049,255.313
1781098513.1757922,27.324,7.857,0.032,0.012,266.616,253.148,255.189
1781098513.1909199,27.042,7.786,0.032,0.012,266.485,253.207,255.234
1781098513.206041,26.761,8.357,0.032,0.013,266.504,253.36,255.06
1781098513.217212,26.197,8.357,0.031,0.013,266.305,253.495,255.083
1781098513.232078,25.634,8.286,0.03,0.013,266.103,253.611,255.128
1781098513.247343,25.408,8.071,0.03,0.012,265.987,253.628,255.206
1781098513.258476,23.887,8.214,0.028,0.013,265.478,254.083,255.16
1781098513.2734752,22.986,7.571,0.026,0.012,265.101,254.167,255.388
1781098513.288766,21.859,7.143,0.025,0.011,264.675,254.377,255.531
1781098513.299756,21.07,7.214,0.024,0.011,264.493,254.566,255.494
1781098513.314979,20.113,6.571,0.023,0.01,264.15,254.661,255.689
1781098513.36037,18.873,6.357,0.022,0.01,263.803,254.911,255.734
1781098513.3607209,17.577,6.357,0.02,0.01,263.486,255.208,255.708
1781098513.361048,16.732,6.071,0.019,0.01,263.268,255.318,255.787
1781098513.3682802,15.718,6.429,0.018,0.01,263.074,255.623,255.65
1781098513.383484,14.31,6.357,0.016,0.01,262.704,255.935,255.665
1781098513.398466,13.296,5.786,0.015,0.009,262.376,256.037,255.854
1781098513.4097621,11.606,5.571,0.013,0.009,261.895,256.407,255.916
1781098513.424881,10.704,5.429,0.012,0.009,261.661,256.584,255.951
1781098513.440623,8.958,5.786,0.01,0.01,261.291,257.072,255.806
1781098513.451879,7.606,5.429,0.009,0.009,260.928,257.302,255.912
1781098513.466923,5.972,5.357,0.007,0.009,260.524,257.669,255.925
1781098513.4821792,5.07,5.286,0.006,0.009,260.315,257.852,255.941
1781098513.493471,3.437,5.286,0.004,0.009,259.934,258.234,255.927
1781098513.5082219,1.69,4.786,0.002,0.008,259.431,258.56,256.086
1781098513.5196722,0.676,4.643,0.001,0.008,259.182,258.766,256.124
1781098513.534818,-0.901,4.643,-0.001,0.008,258.788,259.177,256.108
1781098513.579752,-2.31,4.357,-0.002,0.008,258.46,259.431,256.182
1781098513.580114,-3.887,4.214,-0.004,0.008,258.043,259.82,256.219
1781098513.580443,-5.296,4.0,-0.006,0.008,257.737,260.083,256.27
1781098513.591725,-6.873,4.143,-0.008,0.008,257.377,260.525,256.209
1781098513.606625,-7.606,4.214,-0.008,0.008,257.276,260.669,256.175
1781098513.6178958,-8.789,3.929,-0.009,0.008,257.019,260.851,256.261
1781098513.632879,-10.535,3.571,-0.012,0.007,256.526,261.261,256.372
1781098513.647774,-11.831,3.714,-0.013,0.007,256.315,261.567,256.305
1781098513.659084,-11.831,3.714,-0.013,0.007,256.315,261.567,256.305
1781098513.674015,-13.915,3.286,-0.016,0.007,255.718,262.071,256.447
1781098513.689168,-14.704,3.786,-0.016,0.008,255.679,262.32,256.263
1781098513.703989,-16.113,3.357,-0.018,0.007,255.235,262.658,256.41
1781098513.7150788,-16.845,3.714,-0.018,0.008,255.244,262.799,256.276
1781098513.730894,-17.408,3.786,-0.019,0.008,255.18,262.902,256.249
1781098513.745991,-18.197,3.929,-0.02,0.008,255.089,263.067,256.196
1781098513.757132,-18.93,3.929,-0.02,0.008,254.971,263.199,256.2
1781098513.803553,-19.493,3.929,-0.021,0.008,254.865,263.317,256.204
1781098513.8039901,-20.338,4.0,-0.022,0.008,254.717,263.517,256.181
1781098513.8043258,-20.451,4.214,-0.021,0.008,254.775,263.533,256.107
1781098513.8133068,-21.239,4.071,-0.022,0.008,254.584,263.691,256.165
1781098513.828337,-21.183,4.286,-0.022,0.008,254.701,263.632,256.096
1781098513.8435671,-21.69,4.643,-0.022,0.009,254.655,263.819,255.98
1781098513.8546581,-21.408,4.5,-0.022,0.009,254.749,263.64,256.04
1781098513.869598,-21.69,4.857,-0.022,0.009,254.741,263.789,255.92
1781098513.884625,-21.521,4.571,-0.022,0.009,254.76,263.645,256.025
1781098513.8997278,-21.634,4.643,-0.022,0.009,254.75,263.684,256.001
1781098513.911672,-21.577,4.643,-0.022,0.009,254.771,263.658,256.002
1781098513.9267259,-20.845,4.929,-0.021,0.009,255.029,263.462,255.911
1781098513.9416478,-20.451,4.857,-0.02,0.009,255.125,263.314,255.942
1781098513.956786,-19.831,4.857,-0.019,0.009,255.282,263.123,255.952
1781098513.968051,-19.155,5.214,-0.018,0.01,255.509,262.994,255.835
1781098513.982989,-18.479,5.286,-0.017,0.01,255.676,262.819,255.821
1781098514.029719,-17.577,5.357,-0.016,0.01,255.904,262.579,255.806
1781098514.030112,-17.07,5.5,-0.016,0.01,256.041,262.474,255.763
1781098514.0304298,-16.169,5.714,-0.015,0.01,256.285,262.271,255.7
1781098514.0396311,-15.324,5.643,-0.014,0.01,256.455,262.041,255.737
1781098514.054515,-14.31,5.5,-0.012,0.01,256.662,261.746,255.797
1781098514.066276,-13.577,5.786,-0.012,0.01,256.885,261.611,255.7
1781098514.081472,-12.169,5.786,-0.01,0.01,257.255,261.199,255.71
1781098514.096674,-11.268,5.714,-0.009,0.01,257.45,260.961,255.737
1781098514.108022,-10.085,5.714,-0.007,0.01,257.709,260.69,255.734
1781098514.123028,-8.845,6.0,-0.006,0.01,258.035,260.454,255.637
1781098514.13851,-7.606,6.0,-0.005,0.01,258.303,260.165,255.646
1781098514.149312,-5.859,6.214,-0.002,0.011,258.771,259.755,255.582
1781098514.1644108,-5.07,6.143,-0.002,0.011,258.924,259.57,255.609
1781098514.179931,-3.775,6.071,-0.0,0.01,259.197,259.264,255.639
1781098514.1944718,-2.535,6.286,0.001,0.011,259.509,259.028,255.568
1781098514.206475,-0.845,6.286,0.003,0.011,259.923,258.612,255.576
1781098514.2526379,0.282,6.143,0.005,0.01,260.175,258.311,255.629
1781098514.253037,1.634,6.357,0.006,0.011,260.516,258.054,255.562
1781098514.253346,2.817,6.5,0.007,0.011,260.798,257.835,255.514
1781098514.262868,4.451,6.5,0.009,0.011,261.202,257.45,255.519
1781098514.273879,4.845,6.286,0.009,0.011,261.198,257.373,255.597
1781098514.289137,6.592,6.429,0.012,0.011,261.715,256.944,255.549
1781098514.3043342,7.944,6.786,0.013,0.011,262.094,256.72,255.429
1781098514.316155,9.183,6.857,0.014,0.011,262.38,256.479,255.413
1781098514.331242,10.31,6.714,0.016,0.011,262.637,256.193,255.467
1781098514.34258,11.268,6.571,0.017,0.011,262.796,256.002,255.517
1781098514.3575912,12.451,6.571,0.018,0.011,263.068,255.763,255.517
1781098514.372728,13.69,6.643,0.019,0.011,263.38,255.516,255.491
1781098514.383901,14.479,6.5,0.02,0.011,263.543,255.327,255.539
1781098514.399009,15.437,6.714,0.021,0.011,263.798,255.188,255.459
1781098514.414238,16.563,6.643,0.022,0.011,264.057,254.946,255.481
1781098514.426292,17.634,6.643,0.023,0.011,264.322,254.724,255.479
1781098514.4738822,18.366,6.571,0.024,0.011,264.459,254.588,255.5
1781098514.4742389,18.986,6.357,0.025,0.011,264.57,254.427,255.57
1781098514.47457,19.606,6.357,0.025,0.011,264.694,254.329,255.565
1781098514.482423,20.282,5.929,0.026,0.01,264.765,254.135,255.703
1781098514.4975019,20.789,5.5,0.026,0.01,264.789,253.99,255.831
1781098514.508666,21.127,5.857,0.027,0.01,264.945,253.998,255.692
1781098514.523846,21.915,5.714,0.028,0.01,265.137,253.807,255.727
1781098514.538861,22.028,5.429,0.027,0.01,265.064,253.784,255.812
1781098514.5506718,22.535,5.214,0.028,0.009,265.159,253.652,255.868
1781098514.565723,22.761,5.357,0.028,0.01,265.241,253.643,255.809
1781098514.581032,22.704,5.0,0.028,0.009,265.118,253.64,255.916
1781098514.592115,22.817,5.071,0.028,0.009,265.154,253.649,255.876
1781098514.607296,22.704,4.786,0.028,0.009,265.038,253.66,255.962
1781098514.6224241,22.648,5.071,0.028,0.009,265.071,253.74,255.852
1781098514.633661,22.592,4.857,0.027,0.009,265.003,253.726,255.923
1781098514.648462,22.31,4.5,0.027,0.009,264.844,253.75,256.034
1781098514.693716,22.028,4.786,0.027,0.009,264.82,253.879,255.92
1781098514.6940851,21.521,4.571,0.026,0.009,264.601,253.988,255.994
1781098514.694402,21.014,4.0,0.025,0.008,264.332,254.026,256.185
1781098514.7049012,20.338,4.0,0.024,0.008,264.156,254.196,256.161
1781098514.716529,19.662,3.571,0.023,0.008,263.898,254.289,256.288
1781098514.7315378,19.099,3.429,0.023,0.007,263.695,254.42,256.33
1781098514.746828,17.577,2.857,0.02,0.006,263.081,254.757,256.523
1781098514.757845,16.789,2.571,0.02,0.006,262.875,254.875,256.585
1781098514.7726982,16.169,2.714,0.019,0.007,262.807,255.017,256.5
1781098514.783815,16.0,2.5,0.019,0.006,262.742,255.008,256.567
1781098514.798949,14.761,3.071,0.017,0.007,262.466,255.455,256.358
1781098514.814018,13.746,2.929,0.016,0.007,262.212,255.64,256.4
1781098514.8249779,13.239,3.143,0.016,0.007,262.195,255.737,256.316
1781098514.839982,13.239,3.143,0.016,0.007,262.195,255.737,256.316
1781098514.855871,11.211,3.357,0.013,0.008,261.632,256.318,256.242
1781098514.866865,9.972,3.286,0.012,0.008,261.333,256.562,256.27
1781098514.911707,9.972,3.286,0.012,0.008,261.333,256.562,256.27
1781098514.9120588,8.0,3.5,0.009,0.008,260.764,257.165,256.197
1781098514.9123719,6.704,3.429,0.008,0.008,260.49,257.394,256.225
1781098514.922997,6.423,3.357,0.007,0.008,260.437,257.418,256.252
1781098514.938317,4.225,3.643,0.005,0.008,259.936,257.992,256.159
1781098514.949263,3.549,3.929,0.004,0.009,259.872,258.152,256.065
1781098514.964397,1.972,4.286,0.002,0.009,259.523,258.609,255.952
1781098514.9760342,0.789,4.0,0.001,0.009,259.197,258.817,256.062
1781098514.9911392,0.225,4.214,0.0,0.009,259.109,258.979,255.991
1781098515.0063,-1.352,4.5,-0.002,0.009,258.768,259.413,255.904
1781098515.017438,-2.592,4.643,-0.003,0.009,258.554,259.662,255.875
1781098515.032584,-3.606,5.286,-0.004,0.01,258.492,259.946,255.669
1781098515.047617,-4.845,5.214,-0.005,0.01,258.21,260.182,255.721
1781098515.05905,-5.521,5.429,-0.005,0.01,258.116,260.341,255.663
1781098515.073986,-6.535,5.643,-0.006,0.011,257.943,260.579,255.61
1781098515.089172,-7.831,5.714,-0.008,0.011,257.66,260.884,255.604
1781098515.1366131,-8.845,5.714,-0.009,0.011,257.45,261.091,255.619
1781098515.1370409,-9.915,5.786,-0.01,0.011,257.235,261.338,255.605
1781098515.137362,-10.761,5.786,-0.011,0.011,257.038,261.543,255.612
1781098515.1462731,-11.324,6.214,-0.011,0.011,257.036,261.7,255.472
1781098515.157313,-12.282,7.071,-0.012,0.012,256.976,262.076,255.196
1781098515.1724539,-12.845,6.0,-0.013,0.011,256.692,261.951,255.584
1781098515.1875808,-13.634,7.071,-0.014,0.012,256.703,262.338,255.23
1781098515.202615,-13.859,7.214,-0.014,0.012,256.699,262.383,255.194
1781098515.244493,-14.423,7.214,-0.014,0.012,256.58,262.492,255.215
1781098515.244788,-14.817,7.286,-0.015,0.012,256.52,262.568,255.207
1781098515.245058,-15.38,7.357,-0.015,0.012,256.405,262.707,255.197
1781098515.255717,-16.113,7.357,-0.016,0.012,256.229,262.892,255.209
1781098515.27089,-16.056,7.571,-0.016,0.013,256.313,262.873,255.143
1781098515.28586,-16.62,7.571,-0.017,0.013,256.181,263.013,255.15
1781098515.300844,-16.732,7.071,-0.017,0.012,256.096,262.909,255.325
1781098515.3121889,-16.845,7.071,-0.017,0.012,256.092,262.918,255.32
1781098515.339749,-16.845,6.857,-0.016,0.012,256.079,262.854,255.39
1781098515.342369,-17.014,6.786,-0.017,0.011,256.036,262.881,255.409
1781098515.353639,-17.127,6.929,-0.017,0.012,256.036,262.943,255.354
1781098515.368767,-16.845,6.929,-0.016,0.012,256.136,262.837,255.349
1781098515.38387,-17.014,6.5,-0.017,0.011,256.02,262.812,255.486
1781098515.3994539,-16.507,6.214,-0.016,0.011,256.128,262.59,255.574
1781098515.410752,-16.113,6.214,-0.015,0.011,256.244,262.475,255.56
1781098515.4258308,-15.718,6.214,-0.015,0.011,256.36,262.358,255.549
1781098515.459668,-15.211,5.929,-0.014,0.01,256.446,262.17,255.63
1781098515.46001,-14.761,5.714,-0.013,0.01,256.522,262.022,255.688
1781098515.4670238,-14.028,5.643,-0.012,0.01,256.708,261.811,255.694
1781098515.4821398,-13.352,5.143,-0.012,0.009,256.79,261.548,255.85
1781098515.4972951,-12.732,5.857,-0.011,0.011,257.077,261.523,255.592
1781098515.508577,-11.887,5.429,-0.01,0.01,257.209,261.227,255.73
1781098515.523532,-10.986,5.571,-0.009,0.01,257.452,261.034,255.669
1781098515.538552,-10.028,5.214,-0.008,0.01,257.623,260.73,255.78
1781098515.549723,-9.296,4.929,-0.007,0.009,257.729,260.524,255.867
1781098515.5649421,-8.507,4.571,-0.006,0.009,257.865,260.263,255.977
1781098515.5798311,-7.775,4.071,-0.005,0.008,257.942,260.024,256.124
1781098515.594662,-7.268,3.929,-0.005,0.008,258.031,259.899,256.156
1781098515.606673,-5.634,3.571,-0.002,0.008,258.46,259.338,256.271
1781098515.62169,-4.789,2.929,-0.001,0.007,258.521,259.086,256.451
1781098515.636704,-4.0,2.929,-0.001,0.007,258.716,258.921,256.421
1781098515.647976,-2.873,2.357,0.001,0.006,258.94,258.501,256.61
1781098515.694556,-2.254,2.143,0.002,0.006,259.031,258.364,256.656
1781098515.694901,-0.732,1.714,0.004,0.005,259.371,257.907,256.776
1781098515.6952178,-0.451,1.643,0.004,0.005,259.411,257.86,256.784
1781098515.70384,1.07,1.643,0.006,0.005,259.866,257.439,256.767
1781098515.71563,2.254,1.429,0.007,0.005,260.068,257.207,256.805
1781098515.730628,3.775,1.429,0.009,0.005,260.48,256.843,256.78
1781098515.74579,4.62,1.357,0.01,0.005,260.648,256.684,256.782
1781098515.757202,5.352,1.571,0.01,0.006,260.789,256.654,256.68
1781098515.772605,6.592,0.786,0.011,0.005,260.927,256.274,256.934
1781098515.787562,7.549,1.071,0.012,0.005,261.188,256.162,256.806
1781098515.798789,8.282,0.786,0.013,0.005,261.304,255.967,256.896
1781098515.813807,9.183,0.786,0.014,0.005,261.499,255.808,256.878
1781098515.8256488,10.31,1.071,0.015,0.005,261.834,255.626,256.756
1781098515.8407722,11.042,0.857,0.016,0.005,261.936,255.466,256.827
1781098515.855996,11.549,0.786,0.016,0.005,262.032,255.361,256.847
1781098515.8669288,12.563,0.714,0.018,0.005,262.268,255.127,256.872
1781098515.914504,12.732,1.071,0.018,0.006,262.336,255.193,256.743
1781098515.9148622,13.746,1.143,0.019,0.006,262.602,254.983,256.718
1781098515.91518,14.31,1.643,0.019,0.006,262.833,254.949,256.546
1781098515.923357,15.042,1.429,0.02,0.006,262.957,254.76,256.63
1781098515.938587,15.493,1.571,0.02,0.006,263.058,254.713,256.59
1781098515.9496372,16.507,2.0,0.022,0.007,263.439,254.526,256.445
1781098515.964829,16.62,2.214,0.022,0.007,263.462,254.567,256.383
1781098515.980497,17.07,2.571,0.022,0.008,263.607,254.541,256.283
1781098515.991745,17.183,2.786,0.022,0.008,263.612,254.582,256.235
1781098516.0067751,17.634,3.286,0.023,0.008,263.807,254.56,256.088
1781098516.021922,17.577,3.214,0.022,0.008,263.732,254.58,256.133
1781098516.033077,17.634,3.643,0.022,0.009,263.789,254.65,256.013
1781098516.04833,17.859,4.143,0.023,0.009,263.926,254.674,255.868
1781098516.063201,18.028,4.571,0.023,0.01,264.03,254.702,255.751
1781098516.074363,18.141,4.714,0.023,0.01,264.072,254.691,255.725
1781098516.089445,18.085,4.929,0.023,0.01,264.063,254.741,255.683
1781098516.136079,17.859,5.286,0.022,0.011,264.031,254.859,255.591
1781098516.136553,17.746,5.429,0.022,0.011,264.002,254.904,255.571
1781098516.136928,17.239,5.643,0.021,0.011,263.863,255.071,255.52
1781098516.1462731,17.07,5.643,0.021,0.011,263.805,255.105,255.536
1781098516.157644,16.958,6.0,0.021,0.011,263.843,255.171,255.438
1781098516.172742,16.676,6.0,0.021,0.011,263.755,255.223,255.462
1781098516.187907,16.0,6.357,0.02,0.012,263.608,255.452,255.359
1781098516.198857,15.155,6.357,0.019,0.012,263.333,255.676,255.372
1781098516.21398,14.817,6.5,0.018,0.012,263.285,255.75,255.34
1781098516.22894,13.803,6.643,0.017,0.012,263.013,256.025,255.304
1781098516.240924,12.62,6.429,0.015,0.012,262.628,256.278,255.391
1781098516.256309,12.113,6.214,0.015,0.011,262.463,256.349,255.467
1781098516.268648,11.155,6.214,0.014,0.011,262.218,256.571,255.466
1781098516.282623,10.479,6.286,0.013,0.011,262.088,256.716,255.439
1781098516.297316,9.577,6.286,0.012,0.011,261.869,256.919,255.435
1781098516.308546,9.127,6.143,0.012,0.011,261.744,256.981,255.486
1781098516.350179,8.169,6.786,0.01,0.012,261.629,257.311,255.269
1781098516.350542,7.493,7.0,0.01,0.012,261.52,257.478,255.205
1781098516.350786,6.423,6.714,0.009,0.012,261.185,257.68,255.312
1781098516.365761,5.746,6.571,0.008,0.012,260.989,257.812,255.363
1781098516.3809521,4.845,6.5,0.007,0.012,260.764,257.991,255.395
1781098516.3921149,3.775,6.429,0.006,0.011,260.492,258.23,255.416
1781098516.4072,2.817,6.429,0.004,0.011,260.274,258.446,255.409
1781098516.418505,2.254,6.571,0.004,0.012,260.182,258.59,255.357
1781098516.433562,1.183,6.214,0.003,0.011,259.86,258.774,255.481
1781098516.448583,0.225,6.286,0.002,0.011,259.659,259.008,255.447
1781098516.459999,-0.451,6.286,0.001,0.011,259.508,259.16,255.445
1781098516.475626,-1.183,6.357,0.0,0.011,259.35,259.349,255.416
1781098516.490829,-2.254,6.071,-0.001,0.011,259.054,259.549,255.506
1781098516.502057,-2.93,5.857,-0.002,0.011,258.902,259.639,255.566
1781098516.51723,-4.282,5.714,-0.003,0.011,258.545,259.967,255.599
1781098516.532313,-5.014,5.786,-0.004,0.011,258.425,260.131,255.561
1781098516.577727,-5.577,5.214,-0.005,0.01,258.204,260.152,255.754
1781098516.5780811,-6.479,5.143,-0.006,0.01,257.999,260.356,255.761
1781098516.578397,-7.324,5.071,-0.007,0.01,257.817,260.545,255.763
1781098516.584685,-8.563,4.714,-0.008,0.009,257.456,260.814,255.866
1781098516.599803,-8.451,4.214,-0.008,0.009,257.436,260.654,256.033
1781098516.614797,-9.69,4.0,-0.009,0.008,257.11,260.951,256.079
1781098516.6304908,-10.31,3.5,-0.01,0.008,256.932,260.989,256.219
1781098516.641692,-10.817,2.857,-0.01,0.007,256.757,260.974,256.407
1781098516.6566741,-11.268,3.0,-0.011,0.007,256.731,261.099,256.318
1781098516.6715379,-11.775,3.286,-0.011,0.008,256.676,261.289,256.198
1781098516.68256,-11.775,3.286,-0.011,0.008,256.676,261.289,256.198
1781098516.697348,-11.775,3.286,-0.011,0.008,256.676,261.289,256.198
1781098516.7123,-11.775,3.286,-0.011,0.008,256.676,261.289,256.198
1781098516.727422,-13.07,2.286,-0.013,0.006,256.165,261.486,256.529
1781098516.73866,-13.577,2.143,-0.014,0.006,256.051,261.589,256.548
1781098516.753651,-13.465,1.714,-0.013,0.006,256.098,261.415,256.661
1781098516.801405,-13.859,1.857,-0.013,0.006,256.074,261.539,256.572
1781098516.801824,-13.915,1.786,-0.013,0.006,256.094,261.517,256.571
1781098516.802154,-13.465,1.857,-0.013,0.006,256.27,261.366,256.533
1781098516.809858,-13.634,1.857,-0.013,0.006,256.243,261.408,256.522
1781098516.825644,-13.577,1.857,-0.013,0.007,256.279,261.375,256.515
1781098516.83682,-13.69,1.643,-0.013,0.006,256.223,261.368,256.578
1781098516.8518279,-13.465,1.857,-0.012,0.007,256.337,261.337,256.492
1781098516.8668559,-13.127,1.714,-0.012,0.006,256.412,261.205,256.537
1781098516.878231,-12.845,1.643,-0.011,0.006,256.482,261.106,256.559
1781098516.893267,-12.507,1.571,-0.011,0.006,256.565,260.994,256.58
1781098516.9082088,-11.662,1.143,-0.01,0.006,256.731,260.657,256.726
1781098516.9234009,-11.268,1.857,-0.009,0.007,256.954,260.692,256.472
1781098516.934567,-10.704,2.143,-0.009,0.007,257.128,260.608,256.377
1781098516.9494998,-10.141,2.286,-0.008,0.007,257.292,260.48,256.335
1781098516.964402,-10.197,2.357,-0.008,0.007,257.267,260.527,256.315
1781098516.979298,-10.197,2.357,-0.008,0.007,257.267,260.527,256.315
1781098517.0266838,-8.282,2.929,-0.005,0.008,257.947,260.023,256.121
1781098517.027072,-8.0,3.0,-0.005,0.008,258.012,259.972,256.106
1781098517.027401,-7.493,3.929,-0.004,0.01,258.231,260.056,255.816
1781098517.032201,-6.986,4.071,-0.004,0.01,258.349,259.961,255.791
1781098517.04731,-5.69,4.286,-0.002,0.01,258.729,259.624,255.744
1781098517.062342,-5.183,4.429,-0.002,0.01,258.802,259.56,255.735
1781098517.07359,-4.676,4.857,-0.001,0.011,258.97,259.521,255.611
1781098517.088811,-3.831,5.0,-0.0,0.011,259.16,259.341,255.601
1781098517.1039,-2.648,5.429,0.001,0.011,259.515,259.109,255.485
1781098517.115538,-1.803,5.786,0.002,0.012,259.744,258.98,255.394
1781098517.130836,-1.07,5.929,0.003,0.012,259.935,258.821,255.367
1781098517.145795,-0.394,6.357,0.003,0.012,260.131,258.75,255.253
1781098517.1571789,0.394,6.429,0.004,0.012,260.296,258.576,255.266
1781098517.172522,1.465,7.714,0.005,0.014,260.787,258.536,254.858
1781098517.187456,1.803,7.5,0.006,0.014,260.785,258.424,254.964
1781098517.198595,2.986,7.429,0.007,0.013,261.096,258.081,255.008
1781098517.246273,3.606,7.143,0.008,0.013,261.143,257.917,255.123
1781098517.246628,4.676,7.071,0.009,0.013,261.415,257.624,255.159
1781098517.246956,4.958,6.571,0.009,0.012,261.345,257.503,255.338
1781098517.254974,5.408,6.714,0.01,0.012,261.495,257.418,255.285
1781098517.266467,6.648,7.286,0.011,0.013,261.917,257.226,255.095
1781098517.281601,7.38,7.571,0.012,0.013,262.106,257.14,255.01
1781098517.2967858,8.0,7.357,0.013,0.013,262.208,256.964,255.091
1781098517.308056,8.451,7.5,0.013,0.013,262.293,256.922,255.056
1781098517.3229692,9.577,7.714,0.014,0.013,262.629,256.689,254.989
1781098517.334134,10.197,7.786,0.015,0.013,262.794,256.557,254.973
1781098517.34933,10.648,8.0,0.016,0.014,262.929,256.504,254.907
1781098517.364477,11.155,8.071,0.016,0.014,263.038,256.424,254.89
1781098517.376487,11.38,7.643,0.016,0.013,262.952,256.339,255.049
1781098517.391366,12.0,7.714,0.017,0.013,263.122,256.216,255.021
1781098517.406493,12.338,7.643,0.017,0.013,263.186,256.138,255.043
1781098517.4175549,12.789,7.214,0.018,0.012,263.223,255.962,255.185
1781098517.465131,13.07,7.357,0.018,0.013,263.301,255.961,255.118
1781098517.4655402,13.521,7.286,0.018,0.013,263.405,255.858,255.129
1781098517.465865,13.408,6.929,0.018,0.012,263.268,255.861,255.245
1781098517.474059,13.972,7.071,0.019,0.012,263.464,255.753,255.183
1781098517.489163,14.028,6.643,0.019,0.012,263.37,255.7,255.317
1781098517.500911,13.972,6.643,0.018,0.012,263.333,255.747,255.302
1781098517.515955,13.972,6.357,0.018,0.012,263.271,255.711,255.391
1781098517.531018,14.197,6.357,0.019,0.012,263.346,255.668,255.369
1781098517.5422971,14.028,6.071,0.018,0.011,263.229,255.69,255.449
1781098517.557526,14.085,5.357,0.018,0.01,263.113,255.566,255.674
1781098517.572565,13.746,5.429,0.018,0.011,263.021,255.698,255.623
1781098517.583764,13.803,5.214,0.018,0.01,263.011,255.649,255.68
1781098517.599104,13.465,4.786,0.017,0.01,262.834,255.683,255.801
1781098517.614052,12.958,4.5,0.017,0.009,262.639,255.786,255.87
1781098517.625673,12.732,4.143,0.016,0.009,262.519,255.789,255.974
1781098517.640726,12.732,4.143,0.016,0.009,262.519,255.789,255.974
1781098517.6875362,11.549,3.286,0.015,0.008,261.966,255.995,256.262
1781098517.687893,11.38,2.786,0.015,0.007,261.902,255.937,256.379
1781098517.68821,10.535,2.286,0.014,0.007,261.603,256.088,256.499
1781098517.693239,10.592,2.0,0.014,0.006,261.596,256.013,256.581
1781098517.708252,9.352,1.5,0.012,0.006,261.176,256.28,256.698
1781098517.723398,9.127,1.214,0.012,0.006,261.14,256.266,256.745
1781098517.73471,8.225,1.214,0.011,0.006,260.93,256.506,256.698
1781098517.749793,8.0,0.857,0.011,0.005,260.846,256.484,256.798
1781098517.764929,7.099,1.0,0.01,0.006,260.656,256.743,256.715
1781098517.776542,6.423,0.571,0.009,0.005,260.435,256.829,256.837
1781098517.791678,5.803,0.571,0.008,0.005,260.311,256.969,256.813
1781098517.8029928,5.239,0.571,0.008,0.005,260.182,257.105,256.798
1781098517.817992,4.676,0.286,0.007,0.005,260.023,257.174,256.88
1781098517.833097,3.944,0.286,0.006,0.005,259.858,257.347,256.865
1781098517.844506,3.211,0.286,0.005,0.005,259.696,257.517,256.85
1781098517.859371,2.535,0.357,0.005,0.005,259.542,257.699,256.818
1781098517.906477,1.746,0.5,0.004,0.005,259.389,257.902,256.764
1781098517.90686,0.845,0.357,0.003,0.005,259.145,258.089,256.814
1781098517.9071748,0.056,0.286,0.002,0.005,258.956,258.249,256.84
1781098517.9164102,-0.282,0.857,0.001,0.006,259.003,258.411,256.637
1781098517.9277818,-1.014,0.571,0.001,0.006,258.785,258.517,256.743
1781098517.9429529,-2.028,0.857,-0.001,0.006,258.589,258.816,256.644
1781098517.9579751,-2.704,0.929,-0.001,0.006,258.457,258.967,256.627
1781098517.969357,-3.211,1.286,-0.002,0.007,258.407,259.143,256.507
1781098517.984475,-3.887,0.929,-0.003,0.006,258.191,259.221,256.642
1781098517.9994109,-4.507,1.429,-0.003,0.007,258.149,259.441,256.473
1781098518.011437,-5.183,1.143,-0.004,0.006,257.946,259.529,256.588
1781098518.02651,-5.803,1.929,-0.005,0.007,257.957,259.8,256.32
1781098518.041116,-5.803,1.929,-0.005,0.007,257.957,259.8,256.32
1781098518.052321,-5.803,1.929,-0.005,0.007,257.957,259.8,256.32
1781098518.0675771,-7.38,2.714,-0.007,0.008,257.668,260.365,256.074
1781098518.082509,-7.887,3.0,-0.007,0.009,257.616,260.483,256.015
1781098518.129853,-8.225,3.286,-0.007,0.009,257.595,260.587,255.94
1781098518.130201,-8.563,3.571,-0.008,0.009,257.585,260.666,255.877
1781098518.13052,-9.014,3.929,-0.008,0.01,257.543,260.805,255.79
1781098518.1357388,-9.521,4.357,-0.009,0.01,257.488,260.985,255.679
1781098518.150683,-9.521,4.929,-0.008,0.011,257.617,261.028,255.515
1781098518.165689,-9.803,5.143,-0.009,0.011,257.579,261.118,255.469
1781098518.180876,-10.085,4.929,-0.009,0.011,257.47,261.114,255.578
1781098518.192009,-10.31,5.143,-0.009,0.011,257.46,261.18,255.528
1781098518.207071,-10.31,5.214,-0.009,0.011,257.489,261.154,255.523
1781098518.2222168,-10.592,5.286,-0.009,0.011,257.428,261.231,255.514
1781098518.2334661,-10.761,5.571,-0.009,0.011,257.433,261.323,255.426
1781098518.2488441,-10.873,5.714,-0.01,0.012,257.431,261.365,255.39
1781098518.263529,-10.761,5.571,-0.009,0.011,257.441,261.28,255.457
1781098518.2786071,-10.648,5.643,-0.009,0.011,257.487,261.24,255.448
1781098518.2898922,-10.31,5.786,-0.009,0.011,257.617,261.144,255.41
1781098518.3059719,-10.31,5.643,-0.009,0.011,257.586,261.116,255.464
1781098518.355687,-10.141,5.857,-0.008,0.012,257.67,261.107,255.392
1781098518.356121,-9.577,5.571,-0.008,0.011,257.782,260.88,255.491
1781098518.356462,-9.69,5.429,-0.008,0.011,257.707,260.911,255.534
1781098518.361878,-8.958,5.857,-0.007,0.012,257.989,260.772,255.39
1781098518.376878,-8.789,6.071,-0.007,0.012,258.057,260.775,255.322
1781098518.38834,-8.056,6.214,-0.006,0.012,258.275,260.589,255.284
1781098518.403368,-7.38,6.286,-0.005,0.012,258.461,260.411,255.269
1781098518.4184341,-7.38,6.214,-0.005,0.012,258.402,260.434,255.304
1781098518.429664,-6.535,6.429,-0.004,0.012,258.661,260.235,255.242
1781098518.444849,-6.423,6.643,-0.004,0.013,258.704,260.266,255.174
1781098518.4605389,-5.577,6.143,-0.003,0.012,258.832,259.941,255.352
1781098518.4717572,-5.296,6.0,-0.003,0.012,258.85,259.88,255.391
1781098518.487376,-4.507,6.214,-0.002,0.012,259.094,259.717,255.312
1781098518.5018828,-4.169,6.071,-0.001,0.012,259.142,259.618,255.359
1781098518.513237,-3.606,6.0,-0.001,0.012,259.259,259.48,255.379
1781098518.528459,-2.817,6.071,0.0,0.012,259.476,259.296,255.347
1781098518.575278,-2.141,5.857,0.001,0.011,259.594,259.107,255.414
1781098518.575671,-1.465,5.786,0.002,0.011,259.739,258.944,255.432
1781098518.575996,-1.183,5.857,0.002,0.012,259.805,258.911,255.403
1781098518.584482,-0.169,5.571,0.003,0.011,260.024,258.6,255.494
1781098518.5963001,0.901,5.429,0.005,0.011,260.287,258.309,255.528
1781098518.61132,1.296,5.286,0.005,0.011,260.325,258.231,255.568
1781098518.6265988,1.521,5.143,0.005,0.011,260.331,258.184,255.607
1781098518.6378958,2.31,5.0,0.006,0.01,260.505,257.977,255.646
1781098518.652865,2.873,4.571,0.007,0.01,260.552,257.787,255.785
1781098518.664099,3.718,4.643,0.008,0.01,260.79,257.604,255.743
1781098518.679212,4.0,4.786,0.008,0.01,260.875,257.591,255.679
1781098518.694496,4.901,4.071,0.009,0.009,260.981,257.257,255.907
1781098518.705956,5.296,4.214,0.009,0.01,261.087,257.233,255.834
1781098518.721165,5.296,4.214,0.009,0.01,261.087,257.233,255.834
1781098518.7363808,6.535,3.714,0.011,0.009,261.364,256.816,255.991
1781098518.747642,6.873,3.571,0.011,0.009,261.382,256.777,256.013
1781098518.7952251,7.493,3.5,0.012,0.009,261.518,256.65,256.015
1781098518.795587,7.718,3.214,0.012,0.008,261.498,256.579,256.104
1781098518.795902,8.113,3.071,0.012,0.008,261.555,256.494,256.136
1781098518.803553,8.62,2.929,0.013,0.008,261.671,256.354,256.171
1781098518.814362,8.62,2.929,0.013,0.008,261.671,256.354,256.171
1781098518.829459,8.62,2.929,0.013,0.008,261.671,256.354,256.171
1781098518.8447082,10.197,2.0,0.015,0.007,261.965,255.8,256.46
1781098518.856435,11.211,2.0,0.016,0.007,262.261,255.578,256.417
1781098518.8715541,11.268,1.929,0.016,0.007,262.204,255.634,256.413
1781098518.886501,11.155,1.857,0.016,0.007,262.119,255.7,256.422
1781098518.8977878,11.268,1.714,0.016,0.007,262.097,255.689,256.454
1781098518.9129689,10.535,1.571,0.014,0.007,261.798,255.924,256.487
1781098518.924273,9.972,1.429,0.014,0.006,261.594,256.073,256.521
1781098518.939383,9.803,1.214,0.013,0.006,261.508,256.088,256.586
1781098518.9545019,9.408,1.0,0.013,0.006,261.364,256.166,256.639
1781098518.966092,8.676,0.857,0.012,0.006,261.135,256.344,256.671
1781098519.012964,8.0,0.643,0.011,0.006,260.923,256.487,256.724
1781098519.013319,7.887,0.429,0.011,0.005,260.882,256.464,256.785
1781098519.01364,7.324,0.286,0.01,0.005,260.72,256.583,256.815
1781098519.0226,7.099,0.643,0.01,0.006,260.761,256.683,256.678
1781098519.033752,6.535,0.857,0.009,0.006,260.66,256.856,256.599
1781098519.048756,6.085,1.071,0.009,0.006,260.579,257.006,256.525
1781098519.063943,5.239,1.0,0.008,0.006,260.331,257.208,256.557
1781098519.075642,5.014,1.143,0.008,0.007,260.331,257.251,256.514
1781098519.090899,4.62,0.857,0.007,0.006,260.182,257.288,256.617
1781098519.1058292,3.944,1.143,0.006,0.007,260.064,257.501,256.518
1781098519.117023,3.662,1.357,0.006,0.007,260.064,257.573,256.447
1781098519.1318662,3.155,1.643,0.005,0.007,259.981,257.748,256.354
1781098519.143168,3.155,1.643,0.005,0.007,259.981,257.748,256.354
1781098519.1581619,1.915,2.143,0.004,0.008,259.724,258.154,256.201
1781098519.17327,0.732,2.214,0.002,0.008,259.412,258.463,256.198
1781098519.1840498,0.732,2.143,0.003,0.008,259.456,258.377,256.239
1781098519.230562,0.732,2.143,0.003,0.008,259.456,258.377,256.239
1781098519.2310169,-56.62,57.214,-0.087,0.094,251.675,309.733,239.45
1781098519.231338,-0.789,3.071,0.003,0.007,259.414,258.163,256.486
1781098519.2398431,-0.789,3.071,0.003,0.007,259.414,258.163,256.486
1781098519.254737,-0.789,3.071,0.003,0.007,259.414,258.163,256.486
1781098519.266309,-1.521,1.786,0.002,0.005,258.943,258.206,256.895
1781098519.281253,-2.648,2.5,-0.0,0.007,258.758,258.791,256.505
1781098519.296093,-2.761,2.214,-0.0,0.006,258.686,258.792,256.574
1781098519.307412,-2.761,2.214,-0.0,0.006,258.686,258.792,256.574
1781098519.322622,-4.507,4.0,-0.003,0.009,258.52,259.688,255.882
1781098519.338047,-4.958,4.429,-0.003,0.01,258.505,259.878,255.72
1781098519.349032,-5.239,5.571,-0.004,0.012,258.662,260.138,255.33
1781098519.3640609,-5.408,5.786,-0.004,0.012,258.662,260.196,255.277
1781098519.379309,-5.408,6.643,-0.004,0.013,258.829,260.308,255.017
1781098519.394333,-5.408,7.571,-0.003,0.015,258.997,260.435,254.745
1781098519.4061399,-5.352,8.357,-0.003,0.015,259.146,260.513,254.536
1781098519.454001,-5.352,9.0,-0.003,0.016,259.248,260.605,254.359
1781098519.454463,-5.408,10.214,-0.003,0.018,259.419,260.808,254.021
1781098519.4548218,-5.07,10.714,-0.003,0.018,259.576,260.738,253.94
1781098519.462455,-5.577,11.643,-0.004,0.019,259.545,261.043,253.697
1781098519.477484,-5.07,12.571,-0.003,0.02,259.847,261.0,253.463
1781098519.492707,-5.577,13.143,-0.004,0.021,259.757,261.251,253.323
1781098519.503995,-5.577,13.429,-0.004,0.021,259.778,261.26,253.297
1781098519.518954,-5.803,14.143,-0.004,0.022,259.808,261.426,253.126
1781098519.533935,-5.408,14.857,-0.003,0.023,260.041,261.387,252.952
1781098519.545913,-5.465,15.357,-0.003,0.023,260.075,261.467,252.852
1781098519.561027,-5.127,16.357,-0.003,0.025,260.333,261.514,252.584
1781098519.5759869,-4.901,16.5,-0.002,0.025,260.402,261.449,252.58
1781098519.5910761,-4.901,16.643,-0.003,0.025,260.376,261.461,252.592
1781098519.602477,-4.056,17.214,-0.001,0.025,260.719,261.278,252.45
1781098519.617488,-3.606,17.643,-0.001,0.026,260.896,261.213,252.352
1781098519.6324558,-3.606,18.0,-0.001,0.026,260.911,261.29,252.274
1781098519.679161,-3.324,17.786,-0.001,0.026,260.93,261.158,252.37
1781098519.679508,-2.873,17.929,0.0,0.026,261.059,261.051,252.35
1781098519.679828,-2.141,17.857,0.001,0.025,261.238,260.819,252.397
1781098519.685447,-1.803,18.071,0.001,0.026,261.342,260.778,252.343
1781098519.7005088,-1.239,18.0,0.002,0.026,261.469,260.613,252.378
1781098519.7155452,-0.958,18.0,0.002,0.026,261.532,260.548,252.38
1781098519.7307782,-0.282,17.786,0.003,0.025,261.669,260.333,252.451
1781098519.7419572,0.282,17.571,0.004,0.025,261.764,260.165,252.518
1781098519.7569652,1.239,17.286,0.005,0.024,261.999,259.842,252.602
1781098519.772097,1.577,17.0,0.005,0.024,262.021,259.729,252.685
1781098519.7833989,1.972,16.786,0.006,0.024,262.064,259.636,252.731
1781098519.7983801,2.704,16.643,0.007,0.024,262.243,259.443,252.751
1781098519.8095639,3.493,15.857,0.008,0.023,262.326,259.099,252.99
1781098519.8250408,3.718,15.214,0.008,0.022,262.245,258.968,253.177
1781098519.84048,4.282,14.786,0.008,0.021,262.316,258.803,253.267
1781098519.8515751,5.07,14.0,0.009,0.02,262.398,258.499,253.475
1781098519.900697,5.634,13.571,0.01,0.02,262.495,258.275,253.6
1781098519.90111,6.31,12.857,0.011,0.019,262.547,258.04,253.773
1781098519.901421,6.704,12.214,0.011,0.018,262.533,257.868,253.945
1781098519.90803,7.38,11.786,0.012,0.018,262.649,257.681,254.021
1781098519.9230819,7.775,11.143,0.012,0.017,262.632,257.538,254.171
1781098519.9343019,8.451,10.286,0.013,0.016,262.675,257.265,254.393
1781098519.949135,9.127,10.214,0.014,0.016,262.88,257.105,254.369
1781098519.9642298,9.127,10.214,0.014,0.016,262.88,257.105,254.369
1781098519.976228,9.803,8.286,0.015,0.013,262.713,256.629,254.973
1781098519.9912908,10.366,7.429,0.015,0.013,262.725,256.426,255.161
1781098520.006409,10.592,7.071,0.015,0.012,262.724,256.367,255.22
1781098520.017746,10.93,6.357,0.016,0.012,262.693,256.236,255.375
1781098520.032712,11.211,5.571,0.016,0.011,262.636,256.102,255.558
1781098520.047816,11.268,5.0,0.016,0.01,262.549,256.071,255.666
1781098520.058805,12.113,4.429,0.017,0.01,262.729,255.765,255.812
1781098520.0734878,12.113,4.429,0.017,0.01,262.729,255.765,255.812
1781098520.121145,12.113,4.429,0.017,0.01,262.729,255.765,255.812
1781098520.121602,12.958,2.643,0.018,0.007,262.662,255.307,256.333
1781098520.121927,12.958,2.571,0.018,0.007,262.647,255.329,256.324
1781098520.130402,13.352,2.286,0.018,0.007,262.723,255.25,256.337
1781098520.141784,13.296,2.071,0.018,0.007,262.66,255.303,256.339
1781098520.1567638,13.352,1.714,0.018,0.007,262.613,255.282,256.402
1781098520.171787,13.577,1.5,0.018,0.007,262.653,255.209,256.442
1781098520.1828659,13.521,1.286,0.018,0.007,262.595,255.233,256.469
1781098520.197933,13.634,1.214,0.018,0.007,262.623,255.221,256.455
1781098520.209315,13.634,1.143,0.018,0.007,262.616,255.235,256.448
1781098520.2243981,13.521,1.357,0.018,0.007,262.623,255.317,256.358
1781098520.2395468,13.577,1.429,0.018,0.007,262.662,255.324,256.316
1781098520.251424,13.465,1.5,0.018,0.008,262.641,255.376,256.282
1781098520.266386,13.352,1.714,0.018,0.008,262.648,255.443,256.208
1781098520.281556,13.577,2.0,0.018,0.008,262.782,255.421,256.111
1781098520.2930188,13.07,2.0,0.017,0.008,262.609,255.562,256.123
1781098520.341123,13.014,2.357,0.017,0.009,262.665,255.625,256.009
1781098520.341482,12.901,2.714,0.017,0.009,262.699,255.714,255.89
1781098520.341803,12.901,2.714,0.017,0.009,262.699,255.714,255.89
1781098520.3483698,12.901,2.714,0.017,0.009,262.699,255.714,255.89
1781098520.363414,11.775,4.286,0.015,0.012,262.625,256.295,255.377
1781098520.37467,11.211,5.0,0.015,0.012,262.583,256.517,255.196
1781098520.389627,10.93,5.714,0.014,0.013,262.635,256.677,254.995
1781098520.4054232,10.761,6.214,0.014,0.014,262.679,256.764,254.872
1781098520.416682,10.31,6.857,0.014,0.015,262.653,256.939,254.725
1781098520.4315891,9.972,7.5,0.013,0.015,262.671,257.081,254.573
1781098520.446362,9.69,7.857,0.013,0.016,262.647,257.184,254.495
1781098520.457566,9.69,7.857,0.013,0.016,262.647,257.184,254.495
1781098520.472416,9.69,7.857,0.013,0.016,262.647,257.184,254.495
1781098520.483582,8.563,9.929,0.011,0.019,262.67,257.879,253.817
1781098520.498694,7.831,10.714,0.011,0.019,262.585,258.12,253.666
1781098520.5139341,7.549,11.214,0.011,0.02,262.594,258.182,253.601
1781098520.561297,7.099,11.786,0.01,0.02,262.56,258.323,253.499
1781098520.561644,6.535,12.571,0.009,0.021,262.532,258.548,253.317
1781098520.561974,6.535,12.571,0.009,0.021,262.532,258.548,253.317
1781098520.566725,5.352,13.5,0.008,0.022,262.325,258.986,253.093
1781098520.5819142,4.901,14.429,0.008,0.023,262.373,259.191,252.867
1781098520.597016,4.394,14.929,0.007,0.024,262.318,259.338,252.781
1781098520.608012,3.887,15.214,0.006,0.024,262.218,259.49,252.73
1781098520.6230159,3.831,15.429,0.006,0.024,262.25,259.515,252.681
1781098520.6383739,2.704,16.214,0.005,0.025,262.043,259.952,252.468
1781098520.649329,2.197,16.357,0.004,0.025,261.939,260.034,252.484
1781098520.664499,1.915,16.357,0.004,0.025,261.871,260.059,252.52
1781098520.679554,1.239,16.5,0.004,0.025,261.718,260.216,252.512
1781098520.691463,0.563,16.286,0.003,0.024,261.501,260.315,252.612
1781098520.706651,-0.338,16.857,0.002,0.025,261.366,260.635,252.447
1781098520.721673,-0.901,16.857,0.001,0.025,261.217,260.766,252.461
1781098520.732734,-1.521,16.929,0.0,0.025,261.082,260.906,252.456
1781098520.778375,-1.746,16.786,0.0,0.025,261.034,260.883,252.517
1781098520.778742,-2.028,16.5,0.0,0.024,260.939,260.866,252.615
1781098520.779062,-2.197,16.357,0.0,0.024,260.908,260.848,252.657
1781098520.789044,-2.761,16.429,-0.001,0.024,260.769,261.023,252.627
1781098520.8037279,-2.761,16.429,-0.001,0.024,260.769,261.023,252.627
1781098520.818602,-2.761,16.429,-0.001,0.024,260.769,261.023,252.627
1781098520.830374,-2.761,16.429,-0.001,0.024,260.769,261.023,252.627
1781098520.845524,-4.0,14.929,-0.002,0.022,260.13,261.116,253.108
1781098520.86081,-4.338,14.571,-0.003,0.022,260.019,261.131,253.194
1781098520.872298,-4.507,13.714,-0.003,0.021,259.89,260.994,253.429
1781098520.887157,-4.676,13.286,-0.003,0.02,259.833,260.953,253.517
1781098520.901988,-4.789,12.643,-0.003,0.019,259.744,260.862,253.677
1781098520.9170592,-4.901,12.214,-0.003,0.019,259.669,260.818,253.784
1781098520.92854,-4.845,11.5,-0.003,0.018,259.618,260.668,253.964
1781098520.943475,-5.239,10.786,-0.003,0.017,259.415,260.678,254.14
1781098520.958378,-5.07,10.429,-0.003,0.017,259.452,260.574,254.199
1781098521.0071511,-5.07,9.357,-0.003,0.016,259.302,260.395,254.499
1781098521.007513,-4.732,9.143,-0.002,0.016,259.4,260.269,254.523
1781098521.0078359,-4.451,8.143,-0.002,0.014,259.342,260.032,254.792
1781098521.015241,-4.563,7.5,-0.002,0.014,259.221,259.996,254.937
1781098521.026598,-4.451,6.714,-0.002,0.013,259.144,259.859,255.133
1781098521.041656,-4.282,5.857,-0.002,0.012,259.071,259.694,255.355
1781098521.0566661,-4.338,5.429,-0.002,0.011,258.997,259.667,255.45
1781098521.067997,-3.944,5.286,-0.001,0.011,259.124,259.562,255.428
1781098521.082722,-3.493,4.429,-0.0,0.01,259.133,259.304,255.661
1781098521.097622,-3.606,4.071,-0.001,0.01,259.041,259.312,255.741
1781098521.108709,-3.606,4.071,-0.001,0.01,259.041,259.312,255.741
1781098521.123908,-2.648,2.571,0.001,0.008,259.091,258.799,256.179
1781098521.139224,-2.085,2.214,0.001,0.008,259.215,258.634,256.22
1781098521.1508758,-2.028,1.357,0.001,0.007,259.076,258.533,256.45
1781098521.165923,-1.465,1.429,0.002,0.007,259.271,258.417,256.376
1781098521.1811142,-1.183,0.857,0.002,0.007,259.252,258.294,256.512
1781098521.2274292,-0.789,0.5,0.003,0.006,259.306,258.172,256.58
1781098521.2277792,-0.62,0.143,0.003,0.006,259.281,258.124,256.651
1781098521.228106,0.451,0.071,0.004,0.006,259.598,257.834,256.631
1781098521.23364,0.563,-0.143,0.004,0.006,259.576,257.802,256.683
1781098521.248723,0.958,-0.143,0.005,0.006,259.672,257.74,256.654
1781098521.260679,1.972,0.286,0.006,0.007,260.045,257.557,256.48
1781098521.275764,2.366,0.357,0.006,0.007,260.143,257.499,256.446
1781098521.290785,2.423,0.5,0.006,0.007,260.153,257.54,256.397
1781098521.301905,3.324,0.786,0.008,0.007,260.453,257.354,256.299
1781098521.317028,4.0,1.0,0.008,0.008,260.659,257.227,256.233
1781098521.332161,4.0,1.5,0.008,0.009,260.693,257.358,256.072
1781098521.343505,4.62,1.571,0.009,0.009,260.869,257.204,256.062
1781098521.3583202,4.901,1.571,0.009,0.008,260.908,257.153,256.076
1781098521.3693938,5.127,1.714,0.009,0.009,260.992,257.12,256.032
1781098521.384104,5.127,1.714,0.009,0.009,260.992,257.12,256.032
1781098521.399138,5.127,1.714,0.009,0.009,260.992,257.12,256.032
1781098521.447521,6.761,3.643,0.012,0.011,261.811,256.995,255.412
1781098521.4479492,7.606,4.357,0.013,0.012,262.127,256.896,255.228
1781098521.448271,7.324,4.429,0.012,0.012,261.975,257.016,255.246
1781098521.452273,7.38,5.143,0.012,0.013,262.042,257.147,255.059
1781098521.467274,8.113,5.643,0.013,0.014,262.307,257.02,254.949
1781098521.478474,8.676,6.643,0.013,0.015,262.616,257.035,254.665
1781098521.493678,8.732,6.929,0.013,0.015,262.634,257.077,254.609
1781098521.5087261,9.183,7.857,0.014,0.016,262.89,257.106,254.36
1781098521.520753,9.915,8.571,0.015,0.017,263.201,257.012,254.184
1781098521.535657,9.915,8.929,0.015,0.017,263.214,257.08,254.108
1781098521.550837,10.085,9.857,0.015,0.019,263.38,257.188,253.864
1781098521.562103,10.479,10.429,0.015,0.019,263.556,257.16,253.742
1781098521.5771751,10.479,10.929,0.015,0.02,263.589,257.241,253.638
1781098521.592305,10.648,11.429,0.015,0.02,263.687,257.27,253.529
1781098521.603661,10.873,11.714,0.016,0.02,263.786,257.242,253.473
1781098521.618846,10.761,12.357,0.015,0.021,263.826,257.377,253.313
1781098521.665932,10.986,12.857,0.016,0.022,263.962,257.377,253.199
1781098521.666295,10.873,13.571,0.015,0.023,264.022,257.522,253.015
1781098521.666618,10.986,14.357,0.016,0.023,264.174,257.606,252.812
1781098521.675633,10.986,14.429,0.016,0.024,264.174,257.61,252.809
1781098521.690603,10.986,14.5,0.015,0.023,264.146,257.602,252.839
1781098521.701771,10.986,14.5,0.015,0.023,264.12,257.585,252.876
1781098521.716834,10.817,14.571,0.015,0.023,264.056,257.639,252.878
1781098521.7319171,10.986,14.429,0.015,0.023,264.08,257.554,252.937
1781098521.7433228,10.761,14.643,0.015,0.023,264.039,257.649,252.883
1781098521.75832,10.535,14.929,0.015,0.024,264.02,257.751,252.805
1781098521.773432,10.254,14.929,0.014,0.023,263.921,257.821,252.821
1781098521.784853,10.141,14.357,0.014,0.023,263.784,257.734,253.015
1781098521.799691,9.746,14.714,0.014,0.023,263.736,257.911,252.891
1781098521.814434,9.577,14.571,0.014,0.023,263.674,257.913,252.94
1781098521.8265688,9.577,14.571,0.014,0.023,263.674,257.913,252.94
1781098521.841413,8.62,13.714,0.012,0.022,263.197,258.043,253.219
1781098521.890073,8.282,13.571,0.012,0.021,263.093,258.101,253.252
1781098521.89042,7.718,13.357,0.011,0.021,262.918,258.209,253.3
1781098521.89074,7.268,13.143,0.011,0.021,262.766,258.292,253.352
1781098521.897743,6.704,12.357,0.01,0.02,262.493,258.297,253.581
1781098521.909033,6.423,11.857,0.01,0.019,262.351,258.277,253.721
1781098521.924086,6.028,11.5,0.009,0.019,262.221,258.316,253.797
1781098521.939241,5.859,11.5,0.009,0.019,262.237,258.343,253.758
1781098521.9511502,5.352,10.929,0.009,0.018,262.018,258.383,253.91
1781098521.966153,5.014,10.571,0.008,0.018,261.88,258.416,254.0
1781098521.977538,4.451,9.929,0.008,0.017,261.638,258.457,254.173
1781098521.992703,4.169,9.357,0.007,0.016,261.508,258.429,254.314
1781098522.007534,4.113,8.643,0.008,0.016,261.427,258.306,254.501
1781098522.0189528,3.662,8.643,0.007,0.016,261.298,258.449,254.482
1781098522.034026,3.437,7.929,0.007,0.015,261.11,258.387,254.707
1781098522.048714,2.31,7.357,0.005,0.014,260.691,258.63,254.856
1781098522.0608692,1.859,6.857,0.005,0.014,260.547,258.66,254.958
1781098522.110516,1.183,6.714,0.004,0.014,260.366,258.831,254.962
1781098522.1109529,1.183,5.857,0.004,0.012,260.292,258.649,255.201
1781098522.111274,0.563,5.286,0.003,0.012,260.07,258.729,255.33
1781098522.1170208,0.394,4.786,0.003,0.011,260.005,258.682,255.434
1781098522.128341,0.113,4.5,0.003,0.011,259.911,258.713,255.492
1781098522.143175,0.225,3.857,0.003,0.01,259.897,258.554,255.656
1781098522.157839,0.056,4.071,0.003,0.011,259.902,258.648,255.561
1781098522.16903,0.056,4.071,0.003,0.011,259.902,258.648,255.561
1781098522.184072,0.056,4.071,0.003,0.011,259.902,258.648,255.561
1781098522.19905,-1.521,2.571,0.001,0.009,259.202,258.862,256.014
1781098522.211166,-1.972,2.071,0.0,0.008,259.061,258.898,256.113
1781098522.22623,-2.085,2.0,0.0,0.008,259.066,258.91,256.097
1781098522.2377899,-2.31,1.929,0.0,0.009,259.05,258.959,256.066
1781098522.252686,-2.197,2.214,0.001,0.009,259.199,258.962,255.921
1781098522.2675772,-2.423,1.786,0.0,0.009,259.089,258.945,256.043
1781098522.278859,-2.648,1.571,0.0,0.008,259.006,258.969,256.098
1781098522.325838,-2.986,1.286,-0.0,0.008,258.885,259.01,256.175
1781098522.326199,-3.155,1.143,-0.0,0.008,258.846,259.024,256.199
1781098522.326519,-3.155,1.143,-0.0,0.008,258.878,259.016,256.176
1781098522.3356469,-3.042,1.214,-0.0,0.008,258.953,258.981,256.137
1781098522.3504992,-3.437,1.143,-0.001,0.008,258.828,259.088,256.154
1781098522.3656268,-3.437,1.571,-0.001,0.009,258.928,259.153,255.998
1781098522.3766122,-3.549,1.571,-0.001,0.009,258.899,259.179,256.001
1781098522.3912551,-3.493,1.857,-0.001,0.009,258.973,259.209,255.902
1781098522.406286,-3.493,1.857,-0.001,0.009,258.973,259.209,255.902
1781098522.417324,-3.493,1.857,-0.001,0.009,258.973,259.209,255.902
1781098522.432409,-3.099,2.786,0.0,0.011,259.261,259.238,255.602
1781098522.447531,-2.873,3.571,0.0,0.012,259.454,259.296,255.368
1781098522.458814,-2.704,3.643,0.001,0.012,259.501,259.246,255.371
1781098522.4739609,-2.141,3.857,0.001,0.012,259.688,259.096,255.337
1781098522.488956,-2.141,4.714,0.001,0.013,259.804,259.253,255.083
1781098522.500752,-1.521,5.571,0.002,0.014,260.133,259.206,254.825
1781098522.54906,-1.577,5.786,0.002,0.014,260.115,259.262,254.789
1781098522.5494242,-1.408,6.357,0.002,0.015,260.222,259.31,254.648
1781098522.549742,-0.845,6.786,0.003,0.015,260.45,259.203,254.54
1781098522.556792,-0.62,7.5,0.003,0.016,260.595,259.262,254.355
1781098522.571966,-0.338,7.643,0.004,0.016,260.673,259.198,254.344
1781098522.583013,0.056,8.357,0.004,0.017,260.917,259.204,254.12
1781098522.598165,0.451,9.071,0.005,0.018,261.108,259.214,253.942
1781098522.609399,0.901,9.786,0.005,0.019,261.316,259.203,253.769
1781098522.624458,0.789,9.714,0.005,0.019,261.22,259.226,253.832
1781098522.6394691,0.789,9.786,0.005,0.019,261.176,259.24,253.859
1781098522.651343,1.127,10.929,0.005,0.02,261.45,259.336,253.53
1781098522.666265,1.577,11.0,0.006,0.02,261.557,259.199,253.561
1781098522.681511,1.746,11.214,0.006,0.02,261.617,259.187,253.52
1781098522.692961,2.085,11.929,0.006,0.021,261.813,259.212,253.328
1781098522.707819,2.423,12.357,0.007,0.022,261.954,259.184,253.231
1781098522.7228868,2.817,13.071,0.007,0.022,262.167,259.197,253.037
1781098522.767338,3.099,13.214,0.007,0.023,262.251,259.14,253.017
1781098522.7677171,3.606,13.214,0.008,0.022,262.362,258.99,253.057
1781098522.7680352,3.662,13.571,0.008,0.023,262.399,259.053,252.969
1781098522.776033,3.944,13.857,0.008,0.023,262.504,259.027,252.904
1781098522.7909918,4.056,13.714,0.008,0.023,262.481,258.974,252.971
1781098522.806109,4.62,13.929,0.009,0.023,262.676,258.849,252.919
1781098522.81744,4.901,14.0,0.009,0.023,262.741,258.792,252.915
1781098522.832274,5.127,14.143,0.01,0.023,262.808,258.766,252.883
1781098522.868439,4.958,14.0,0.009,0.023,262.71,258.8,252.935
1781098522.868819,4.958,14.0,0.009,0.023,262.71,258.8,252.935
1781098522.872854,4.958,14.0,0.009,0.023,262.71,258.8,252.935
1781098522.884059,4.958,14.0,0.009,0.023,262.71,258.8,252.935
1781098522.899312,5.972,13.357,0.011,0.022,262.907,258.384,253.148
1781098522.914331,6.366,13.0,0.011,0.021,262.936,258.24,253.256
1781098522.926285,6.479,12.786,0.011,0.021,262.903,258.212,253.31
1781098522.941322,6.817,12.857,0.012,0.021,263.011,258.159,253.267
1781098522.956464,6.704,12.357,0.011,0.021,262.858,258.129,253.425
1781098522.9677062,6.817,12.0,0.011,0.02,262.818,258.067,253.516
1781098522.982823,7.042,11.429,0.012,0.019,262.782,257.929,253.676
1781098522.9980102,6.761,10.786,0.011,0.019,262.564,257.937,253.854
1781098523.00932,7.042,10.429,0.011,0.018,262.607,257.819,253.929
1781098523.024218,7.099,9.714,0.012,0.017,262.499,257.697,254.135
1781098523.039371,7.042,8.929,0.011,0.016,262.344,257.602,254.36
1781098523.0512261,7.155,8.214,0.012,0.015,262.271,257.485,254.535
1781098523.099469,7.211,7.571,0.012,0.015,262.199,257.395,254.684
1781098523.099908,7.099,7.143,0.011,0.014,262.1,257.38,254.785
1781098523.100223,6.873,6.714,0.011,0.014,261.975,257.409,254.867
1781098523.107699,7.099,6.071,0.011,0.013,261.965,257.259,255.021
1781098523.118986,7.211,5.5,0.012,0.013,261.928,257.153,255.155
1781098523.133996,7.099,5.071,0.011,0.012,261.83,257.132,255.262
1781098523.1491451,7.155,4.714,0.011,0.012,261.817,257.082,255.323
1781098523.1610901,7.099,4.071,0.011,0.011,261.708,257.014,255.487
1781098523.1761138,7.155,3.571,0.012,0.011,261.666,256.933,255.603
1781098523.191354,6.986,3.286,0.011,0.01,261.576,256.954,255.664
1781098523.2026749,7.042,2.643,0.011,0.01,261.509,256.845,255.83
1781098523.217849,6.704,2.429,0.011,0.009,261.39,256.933,255.852
1781098523.229192,6.479,2.0,0.011,0.009,261.272,256.943,255.95
1781098523.24419,6.479,1.786,0.011,0.009,261.258,256.914,255.991
1781098523.259258,6.535,1.286,0.011,0.008,261.214,256.825,256.119
1781098523.271462,6.141,1.071,0.01,0.008,261.077,256.917,256.153
1781098523.33121,6.197,0.929,0.01,0.008,261.1,256.879,256.17
1781098523.331591,6.085,0.857,0.01,0.008,261.069,256.905,256.173
1781098523.331892,6.197,0.571,0.01,0.008,261.079,256.825,256.242
1781098523.332184,6.085,0.357,0.01,0.008,261.027,256.828,256.287
1781098523.338779,5.577,0.571,0.01,0.008,260.916,257.023,256.197
1781098523.353861,5.296,0.571,0.009,0.008,260.848,257.103,256.18
1781098523.368916,5.127,0.5,0.009,0.008,260.804,257.131,256.194
1781098523.3808582,4.958,0.714,0.009,0.008,260.813,257.203,256.115
1781098523.395904,4.676,0.929,0.008,0.009,260.776,257.315,256.038
1781098523.4109702,4.394,1.214,0.008,0.009,260.761,257.429,255.941
1781098523.4222798,4.225,1.214,0.008,0.009,260.725,257.453,255.951
1781098523.437453,4.056,1.714,0.008,0.01,260.78,257.567,255.789
1781098523.448724,3.944,1.929,0.008,0.01,260.791,257.62,255.728
1781098523.4638238,3.718,1.929,0.007,0.01,260.728,257.659,255.748
1781098523.4788532,3.493,2.286,0.007,0.01,260.733,257.76,255.646
1781098523.490551,3.099,2.857,0.007,0.011,260.721,257.951,255.472
1781098523.53986,-33.69,52.214,-0.051,0.088,257.903,284.739,240.396
1781098523.5402188,2.31,4.286,0.007,0.011,260.819,257.833,255.497
1781098523.540531,2.31,4.286,0.007,0.011,260.819,257.833,255.497
1781098523.546713,3.437,3.929,0.009,0.011,261.102,257.521,255.54
1781098523.561729,3.437,3.929,0.009,0.011,261.102,257.521,255.54
1781098523.572844,3.155,4.714,0.008,0.012,261.146,257.785,255.246
1781098523.588015,2.93,5.214,0.008,0.013,261.144,257.989,255.053
1781098523.599146,2.366,6.286,0.007,0.015,261.141,258.382,254.684
1781098523.614251,2.028,6.643,0.006,0.015,261.081,258.557,254.574
1781098523.629508,1.577,7.786,0.005,0.017,261.139,258.899,254.204
1781098523.641341,1.183,9.0,0.005,0.019,261.221,259.21,253.845
1781098523.6565278,0.901,9.214,0.004,0.019,261.149,259.291,253.836
1781098523.672012,1.014,9.429,0.005,0.019,261.215,259.266,253.8
1781098523.6828449,1.014,10.357,0.005,0.02,261.376,259.391,253.544
1781098523.698059,0.789,10.643,0.004,0.02,261.339,259.472,253.504
1781098523.709167,0.732,11.357,0.004,0.021,261.438,259.586,253.314
1781098523.757519,0.62,11.571,0.004,0.021,261.431,259.635,253.277
1781098523.757874,0.282,11.786,0.004,0.021,261.343,259.744,253.255
1781098523.7582002,0.394,12.357,0.004,0.022,261.479,259.774,253.111
1781098523.765974,0.056,12.571,0.004,0.022,261.398,259.885,253.082
1781098523.781075,-0.169,12.857,0.003,0.023,261.373,259.986,253.013
1781098523.792205,-0.394,13.286,0.003,0.023,261.372,260.099,252.913
1781098523.807383,-0.845,13.643,0.002,0.024,261.289,260.299,252.808
1781098523.822644,-1.127,13.929,0.002,0.024,261.256,260.391,252.755
1781098523.837687,-1.352,13.429,0.002,0.023,261.095,260.328,252.951
1781098523.8488169,-1.408,13.857,0.002,0.023,261.169,260.404,252.819
1781098523.8638809,-1.577,13.429,0.002,0.023,261.05,260.347,252.973
1781098523.879002,-1.746,13.214,0.002,0.022,260.971,260.338,253.05
1781098523.890781,-1.803,13.286,0.001,0.022,260.984,260.352,253.027
1781098523.905809,-1.972,13.357,0.001,0.023,260.951,260.413,253.002
1781098523.920924,-2.254,13.071,0.001,0.022,260.823,260.439,253.091
1781098523.932021,-2.197,12.571,0.001,0.021,260.77,260.319,253.244
1781098523.979854,-2.197,12.357,0.001,0.021,260.751,260.277,253.298
1781098523.9802601,-2.197,12.0,0.001,0.021,260.707,260.215,253.392
1781098523.980581,-2.197,11.786,0.001,0.021,260.684,260.181,253.442
1781098523.9886122,-2.254,11.143,0.001,0.02,260.571,260.091,253.623
1781098524.003548,-2.535,10.571,0.001,0.019,260.399,260.09,253.777
1781098524.015249,-2.535,10.143,0.001,0.019,260.353,260.022,253.879
1781098524.0304372,-2.479,9.857,0.001,0.018,260.34,259.964,253.944
1781098524.045412,-2.423,9.643,0.001,0.018,260.34,259.918,253.986
1781098524.056586,-2.197,8.571,0.001,0.017,260.239,259.671,254.301
1781098524.071862,-2.085,8.143,0.002,0.016,260.224,259.588,254.389
1781098524.086962,-1.972,7.714,0.002,0.016,260.209,259.507,254.478
1781098524.098144,-2.085,7.0,0.001,0.015,260.052,259.437,254.685
1781098524.113235,-2.085,6.357,0.001,0.014,259.963,259.356,254.842
1781098524.128412,-2.254,5.5,0.001,0.013,259.78,259.291,255.07
1781098524.1394901,-1.577,5.357,0.002,0.013,260.008,259.086,255.052
1781098524.1548219,-1.859,4.786,0.002,0.012,259.82,259.101,255.211
1781098524.204086,-1.408,4.286,0.002,0.012,259.89,258.893,255.341
1781098524.204469,-0.901,3.857,0.003,0.011,259.991,258.706,255.424
1781098524.204787,-0.901,3.857,0.003,0.011,259.991,258.706,255.424
1781098524.21103,-0.845,3.071,0.003,0.01,259.869,258.583,255.654
1781098524.221927,-0.845,3.071,0.003,0.01,259.869,258.583,255.654
1781098524.236782,-0.845,3.071,0.003,0.01,259.869,258.583,255.654
1781098524.25181,-0.845,3.071,0.003,0.01,259.869,258.583,255.654
1781098524.2631402,-0.113,1.143,0.004,0.008,259.764,258.083,256.232
1781098524.278133,0.282,0.786,0.005,0.008,259.841,257.977,256.263
1781098524.2932649,0.563,0.571,0.005,0.008,259.9,257.926,256.257
1781098524.304713,0.732,0.214,0.005,0.007,259.892,257.871,256.318
1781098524.32049,0.563,0.071,0.005,0.007,259.813,257.932,256.333
1781098524.331619,0.789,-0.143,0.005,0.007,259.846,257.869,256.363
1781098524.346865,0.958,0.214,0.005,0.008,259.968,257.917,256.202
1781098524.3618932,1.465,-0.143,0.006,0.007,260.06,257.727,256.3
1781098524.3730292,1.521,-0.214,0.006,0.007,260.059,257.721,256.307
1781098524.421453,1.915,-0.214,0.006,0.008,260.174,257.632,256.287
1781098524.421878,2.085,-0.5,0.006,0.007,260.159,257.562,256.37
1781098524.4222221,2.366,-0.071,0.007,0.008,260.312,257.58,256.209
1781098524.429367,2.423,0.214,0.007,0.008,260.37,257.629,256.107
1781098524.4442072,2.93,0.286,0.007,0.008,260.522,257.509,256.084
1781098524.45605,3.211,0.5,0.008,0.009,260.624,257.478,256.02
1781098524.471117,3.493,1.071,0.008,0.01,260.789,257.512,255.835
1781098524.482324,4.056,1.357,0.009,0.01,261.002,257.4,255.748
1781098524.497375,4.056,1.786,0.009,0.01,261.034,257.492,255.631
1781098524.512618,4.394,2.143,0.009,0.011,261.165,257.458,255.544
1781098524.5237901,4.056,2.643,0.008,0.012,261.119,257.658,255.393
1781098524.538927,4.282,2.857,0.009,0.012,261.193,257.624,255.359
1781098524.553922,4.62,3.357,0.009,0.012,261.366,257.605,255.222
1781098524.565703,4.845,3.857,0.009,0.013,261.498,257.619,255.09
1781098524.5809548,4.62,4.143,0.009,0.013,261.451,257.733,255.022
1781098524.5921369,5.07,4.571,0.01,0.014,261.65,257.659,254.916
1781098524.640067,5.127,5.214,0.01,0.015,261.752,257.75,254.738
1781098524.6404521,5.127,5.643,0.01,0.015,261.797,257.815,254.637
1781098524.6407712,5.183,6.071,0.01,0.016,261.872,257.864,254.525
1781098524.648469,5.408,6.714,0.01,0.016,262.031,257.891,254.36
1781098524.6635242,5.408,7.071,0.01,0.017,262.062,257.939,254.288
1781098524.675564,5.239,7.571,0.01,0.017,262.065,258.068,254.164
1781098524.69035,5.577,8.0,0.01,0.018,262.24,258.028,254.049
1781098524.701348,5.296,8.214,0.01,0.018,262.162,258.143,254.009
1781098524.716109,5.296,8.214,0.01,0.018,262.162,258.143,254.009
1781098524.731276,5.296,8.214,0.01,0.018,262.162,258.143,254.009
1781098524.742293,5.521,9.5,0.01,0.02,262.481,258.296,253.592
1781098524.757408,5.465,10.071,0.01,0.021,262.556,258.404,253.428
1781098524.772356,5.352,10.714,0.01,0.021,262.592,258.511,253.299
1781098524.7835488,5.296,10.571,0.01,0.021,262.517,258.476,253.395
1781098524.7986188,5.014,11.0,0.009,0.021,262.476,258.604,253.312
1781098524.8137522,5.014,11.5,0.009,0.022,262.552,258.659,253.197
1781098524.8618581,4.958,11.571,0.009,0.022,262.534,258.659,253.213
1781098524.862256,4.451,11.357,0.008,0.021,262.308,258.763,253.31
1781098524.862578,4.62,11.929,0.009,0.022,262.472,258.786,253.149
1781098524.866785,4.507,11.857,0.009,0.022,262.414,258.783,253.201
1781098524.881989,4.113,12.214,0.008,0.022,262.349,258.951,253.104
1781098524.897092,4.056,12.0,0.008,0.022,262.293,258.904,253.195
1781098524.908393,3.944,12.214,0.008,0.022,262.303,258.964,253.132
1781098524.923429,3.831,11.786,0.008,0.021,262.192,258.899,253.286
1781098524.938643,3.606,11.857,0.008,0.021,262.147,258.963,253.266
1781098524.9503958,3.211,11.571,0.007,0.021,261.977,259.021,253.359
1781098524.965447,3.324,11.643,0.007,0.021,262.046,258.987,253.33
1781098524.9805,2.93,11.286,0.007,0.021,261.869,259.032,253.443
1781098524.991942,2.648,11.286,0.006,0.021,261.794,259.115,253.431
1781098525.0068521,2.085,10.929,0.006,0.02,261.574,259.212,253.535
1781098525.0181718,1.521,11.214,0.005,0.021,261.472,259.426,253.429
1781098525.033149,1.521,10.643,0.005,0.02,261.407,259.29,253.609
1781098525.07969,0.958,10.071,0.004,0.019,261.16,259.35,253.771
1781098525.080121,0.845,9.429,0.004,0.018,261.052,259.255,253.953
1781098525.080433,0.62,9.214,0.004,0.018,260.976,259.283,253.995
1781098525.089333,0.789,9.143,0.004,0.018,261.063,259.214,253.982
1781098525.1012428,0.282,8.929,0.004,0.018,260.896,259.328,254.025
1781098525.116416,0.451,8.643,0.004,0.018,260.94,259.212,254.093
1781098525.131376,0.394,8.357,0.004,0.017,260.892,259.175,254.168
1781098525.142677,0.0,8.214,0.004,0.017,260.757,259.276,254.197
1781098525.1576278,-0.394,7.5,0.003,0.016,260.536,259.27,254.401
1781098525.1690428,-0.62,7.357,0.003,0.016,260.486,259.309,254.409
1781098525.184046,-1.014,6.929,0.002,0.016,260.309,259.354,254.528
1781098525.199116,-1.127,6.571,0.002,0.015,260.253,259.319,254.611
1781098525.2109828,-1.183,6.143,0.002,0.015,260.201,259.255,254.718
1781098525.226039,-1.408,5.929,0.002,0.014,260.125,259.292,254.752
1781098525.2410219,-1.352,5.929,0.002,0.015,260.168,259.276,254.728
1781098525.2524219,-1.521,5.357,0.002,0.014,260.036,259.227,254.895
1781098525.289969,-1.69,5.429,0.002,0.014,260.029,259.293,254.839
1781098525.290303,-2.197,4.786,0.001,0.013,259.78,259.336,255.028
1781098525.29367,-2.141,4.429,0.001,0.013,259.759,259.252,255.126
1781098525.308717,-2.31,4.286,0.001,0.013,259.717,259.281,255.138
1781098525.323837,-2.648,3.786,0.001,0.012,259.549,259.302,255.273
1781098525.335509,-2.592,3.643,0.001,0.012,259.571,259.261,255.291
1781098525.350571,-2.423,3.357,0.001,0.012,259.594,259.156,255.368
1781098525.365428,-2.704,3.357,0.001,0.012,259.534,259.251,255.335
1781098525.376739,-2.592,3.214,0.001,0.012,259.565,259.197,255.357
1781098525.391808,-2.592,2.786,0.001,0.011,259.505,259.129,255.477
1781098525.406877,-2.423,2.857,0.001,0.011,259.582,259.093,255.439
1781098525.418275,-2.704,2.571,0.001,0.011,259.453,259.139,255.516
1781098525.433206,-2.761,2.5,0.001,0.011,259.438,259.152,255.518
1781098525.448344,-2.423,2.357,0.001,0.011,259.536,259.025,255.545
1781098525.459819,-2.592,2.071,0.001,0.011,259.435,259.037,255.629
1781098525.475316,-2.535,2.214,0.001,0.011,259.483,259.054,255.568
1781098525.5261781,-2.423,2.143,0.001,0.011,259.517,259.01,255.578
1781098525.526526,-2.535,2.143,0.001,0.011,259.48,259.056,255.569
1781098525.526842,-2.366,2.286,0.001,0.011,259.558,259.036,255.515
1781098525.531462,-2.592,2.143,0.001,0.011,259.459,259.086,255.56
1781098525.54266,-2.197,2.143,0.002,0.011,259.591,258.965,255.551
1781098525.557816,-2.141,2.0,0.002,0.011,259.574,258.931,255.598
1781098525.5727592,-1.972,2.286,0.002,0.011,259.674,258.941,255.496
1781098525.5839849,-1.972,2.357,0.002,0.011,259.682,258.96,255.471
1781098525.5989828,-1.577,2.286,0.002,0.011,259.785,258.832,255.495
1781098525.611064,-1.465,2.5,0.002,0.011,259.846,258.85,255.423
1781098525.625851,-1.127,2.714,0.003,0.012,259.978,258.792,255.355
1781098525.640564,-1.07,3.0,0.003,0.012,260.041,258.831,255.26
1781098525.651586,-1.07,3.0,0.003,0.012,260.041,258.831,255.26
1781098525.666388,-1.07,3.0,0.003,0.012,260.041,258.831,255.26
1781098525.6813812,-1.07,3.0,0.003,0.012,260.041,258.831,255.26
1781098525.692953,0.169,4.0,0.005,0.014,260.581,258.638,254.948
1781098525.74152,0.0,4.714,0.004,0.015,260.619,258.832,254.732
1781098525.741863,0.282,4.929,0.005,0.015,260.696,258.789,254.703
1781098525.742177,0.563,5.0,0.005,0.015,260.765,258.719,254.706
1781098525.748769,0.62,5.286,0.005,0.015,260.788,258.759,254.648
1781098525.7639868,0.676,6.0,0.005,0.016,260.895,258.874,254.445
1781098525.77579,1.183,6.5,0.006,0.016,261.109,258.805,254.318
1781098525.79093,1.07,6.714,0.005,0.017,261.08,258.878,254.276
1781098525.8022761,1.408,6.714,0.006,0.016,261.151,258.768,254.314
1781098525.817292,1.296,6.786,0.006,0.016,261.1,258.812,254.32
1781098525.832293,1.634,7.143,0.006,0.017,261.255,258.77,254.221
1781098525.843679,1.69,7.143,0.006,0.017,261.249,258.761,254.234
1781098525.858465,1.915,7.357,0.006,0.017,261.33,258.736,254.186
1781098525.873438,2.197,7.5,0.007,0.017,261.442,258.675,254.144
1781098525.884516,2.254,7.571,0.007,0.017,261.451,258.677,254.133
1781098525.899198,2.648,7.643,0.007,0.017,261.585,258.569,254.116
1781098525.911204,2.648,7.643,0.007,0.017,261.585,258.569,254.116
1781098525.959467,3.155,7.857,0.008,0.018,261.764,258.462,254.058
1781098525.9598248,3.437,8.214,0.008,0.018,261.891,258.454,253.955
1781098525.9601438,3.493,8.214,0.008,0.018,261.864,258.454,253.978
1781098525.967227,3.662,8.571,0.008,0.018,261.947,258.483,253.879
1781098525.982391,3.831,8.643,0.008,0.019,261.981,258.459,253.871
1781098525.9936798,4.056,8.429,0.009,0.018,261.992,258.358,253.956
1781098526.008659,4.394,8.643,0.009,0.018,262.12,258.307,253.893
1781098526.020704,4.338,8.5,0.009,0.018,262.044,258.313,253.953
1781098526.035712,4.225,8.5,0.009,0.018,261.988,258.363,253.955
1781098526.050755,4.732,8.714,0.009,0.018,262.191,258.248,253.886
1781098526.062015,4.732,8.429,0.009,0.018,262.112,258.217,253.983
1781098526.077384,4.732,8.357,0.009,0.018,262.086,258.219,254.003
1781098526.092176,4.901,8.429,0.009,0.018,262.145,258.193,253.977
1781098526.103828,4.958,8.357,0.01,0.018,262.142,258.175,253.996
1781098526.118912,5.183,8.071,0.01,0.018,262.157,258.063,254.088
1781098526.130807,4.958,8.286,0.009,0.018,262.119,258.186,254.007
1781098526.177888,5.014,8.143,0.009,0.018,262.1,258.16,254.047
1781098526.178234,5.183,7.643,0.01,0.017,262.063,258.021,254.21
1781098526.178557,5.127,7.5,0.01,0.017,262.022,258.024,254.242
1781098526.1869829,5.014,7.0,0.009,0.016,261.901,257.981,254.388
1781098526.202018,4.845,6.786,0.009,0.016,261.814,258.004,254.443
1781098526.213231,4.901,6.571,0.009,0.016,261.811,257.955,254.492
1781098526.228436,5.07,6.357,0.01,0.015,261.848,257.875,254.535
1781098526.239468,4.789,6.214,0.009,0.015,261.742,257.948,254.56
1781098526.254563,4.676,6.143,0.009,0.015,261.699,257.977,254.57
1781098526.270218,4.676,6.0,0.009,0.015,261.691,257.955,254.597
1781098526.2814772,4.394,5.429,0.009,0.014,261.509,257.944,254.77
1781098526.296536,4.394,5.786,0.009,0.015,261.606,258.007,254.624
1781098526.311522,4.225,5.429,0.008,0.015,261.497,257.996,254.731
1781098526.322939,4.169,5.357,0.008,0.015,261.486,258.002,254.734
1781098526.33801,4.056,4.714,0.008,0.014,261.343,257.922,254.939
1781098526.349018,4.056,4.571,0.008,0.014,261.341,257.903,254.959
1781098526.3964002,3.775,4.357,0.008,0.013,261.226,257.956,255.011
1781098526.3967638,3.606,3.857,0.008,0.013,261.107,257.92,255.152
1781098526.397079,3.493,3.643,0.008,0.012,261.058,257.92,255.196
1781098526.405846,3.211,3.286,0.007,0.012,260.929,257.947,255.288
1781098526.420911,3.437,3.214,0.008,0.012,261.002,257.863,255.301
1781098526.431713,3.437,3.214,0.008,0.012,261.002,257.863,255.301
1781098526.4463942,3.437,3.214,0.008,0.012,261.002,257.863,255.301
1781098526.457394,3.437,3.214,0.008,0.012,261.002,257.863,255.301
1781098526.4723022,3.437,3.214,0.008,0.012,261.002,257.863,255.301
1781098526.487015,3.437,3.214,0.008,0.012,261.002,257.863,255.301
1781098526.4981,3.437,3.214,0.008,0.012,261.002,257.863,255.301
1781098526.51318,2.085,2.214,0.006,0.01,260.378,258.109,255.636
1781098526.5284858,1.972,1.857,0.006,0.01,260.349,258.068,255.702
1781098526.539465,1.521,2.071,0.005,0.011,260.288,258.238,255.594
1781098526.554802,1.408,1.857,0.005,0.01,260.269,258.218,255.632
1781098526.566496,1.465,1.929,0.005,0.011,260.347,258.197,255.58
1781098526.615734,1.296,2.0,0.005,0.011,260.334,258.252,255.539
1781098526.6160982,1.07,1.929,0.005,0.011,260.266,258.301,255.555
1781098526.6164181,1.239,1.929,0.005,0.011,260.353,258.234,255.538
1781098526.622655,0.958,1.857,0.005,0.011,260.269,258.3,255.554
1781098526.637826,0.451,2.143,0.004,0.011,260.177,258.497,255.45
1781098526.648891,0.563,2.143,0.004,0.011,260.229,258.447,255.45
1781098526.663827,0.507,2.286,0.004,0.012,260.255,258.476,255.398
1781098526.675702,0.225,2.143,0.004,0.011,260.141,258.534,255.449
1781098526.6905448,0.113,2.643,0.004,0.012,260.211,258.636,255.288
1781098526.705647,0.113,2.643,0.004,0.012,260.211,258.636,255.288
1781098526.716654,0.113,2.857,0.004,0.012,260.255,258.667,255.218
1781098526.7314281,0.113,2.857,0.004,0.012,260.255,258.667,255.218
1781098526.746064,0.113,2.857,0.004,0.012,260.255,258.667,255.218
1781098526.75721,0.113,2.857,0.004,0.012,260.255,258.667,255.218
1781098526.7723598,0.113,2.857,0.004,0.012,260.255,258.667,255.218
1781098526.783029,0.113,2.857,0.004,0.012,260.255,258.667,255.218
1781098526.829615,0.113,2.857,0.004,0.012,260.255,258.667,255.218
1781098526.8299499,0.0,0.0,0.0,0.0,258.008,258.008,258.008
1781098526.830247,-0.507,4.214,-0.001,0.005,258.413,258.738,256.891
1781098526.838798,-0.901,4.0,-0.001,0.005,258.253,258.816,256.972
1781098526.853836,-0.732,4.0,-0.001,0.005,258.32,258.744,256.976
1781098526.865612,-0.732,4.571,-0.001,0.005,258.436,258.826,256.783
1781098526.8806322,-0.845,4.857,-0.001,0.006,258.451,258.895,256.703
1781098526.8956108,-0.676,4.929,-0.001,0.006,258.517,258.847,256.685
1781098526.906952,-0.676,6.071,-0.001,0.007,258.712,259.032,256.319
1781098526.922091,-0.732,6.786,-0.001,0.008,258.799,259.153,256.12
1781098526.9368682,-0.451,7.5,-0.0,0.009,259.002,259.174,255.907
1781098526.951484,-0.451,7.5,-0.0,0.009,259.002,259.174,255.907
1781098526.9627872,-0.451,7.5,-0.0,0.009,259.002,259.174,255.907
1781098526.97794,0.113,10.357,0.0,0.013,259.67,259.492,254.985
1781098526.9929721,0.225,11.643,0.001,0.015,259.856,259.64,254.677
1781098527.004271,0.225,12.0,0.0,0.015,259.866,259.676,254.635
1781098527.053314,0.338,12.571,0.001,0.015,259.937,259.701,254.547
1781098527.053746,0.563,13.571,0.001,0.017,260.134,259.774,254.301
1781098527.054065,1.07,14.5,0.002,0.018,260.407,259.748,254.079
1781098527.061173,0.958,15.214,0.001,0.018,260.456,259.898,253.899
1781098527.072418,1.07,15.857,0.001,0.019,260.54,259.949,253.778
1781098527.087622,1.183,16.857,0.002,0.02,260.702,260.064,253.531
1781098527.1027899,1.803,17.5,0.002,0.021,260.955,259.953,253.407
1781098527.113875,1.915,18.5,0.002,0.022,261.115,260.083,253.151
1781098527.12899,2.028,18.286,0.003,0.021,261.066,259.989,253.278
1781098527.14428,2.141,19.0,0.003,0.022,261.185,260.068,253.102
1781098527.1559591,2.141,19.5,0.003,0.023,261.236,260.144,252.991
1781098527.170934,2.141,20.071,0.003,0.023,261.304,260.234,252.853
1781098527.1856909,2.197,19.929,0.003,0.023,261.281,260.181,252.919
1781098527.1966631,2.197,19.929,0.003,0.023,261.281,260.181,252.919
1781098527.2112992,2.197,19.929,0.003,0.023,261.281,260.181,252.919
1781098527.226696,2.197,19.929,0.003,0.023,261.281,260.181,252.919
1781098527.2751648,3.606,21.929,0.005,0.026,262.065,260.086,252.332
1781098527.27553,3.718,21.786,0.005,0.025,261.996,260.019,252.449
1781098527.2758489,3.831,21.929,0.005,0.025,261.997,260.013,252.452
1781098527.2790241,3.944,21.929,0.005,0.025,261.986,259.982,252.49
1781098527.294153,4.282,21.714,0.005,0.025,262.034,259.838,252.576
1781098527.309164,4.394,21.714,0.005,0.025,262.038,259.816,252.592
1781098527.321145,4.732,21.571,0.006,0.024,262.096,259.7,252.646
1781098527.3360882,4.789,21.357,0.006,0.024,262.05,259.669,252.714
1781098527.350806,4.845,20.929,0.006,0.023,261.976,259.584,252.852
1781098527.362156,4.845,20.929,0.006,0.023,261.976,259.584,252.852
1781098527.3769631,5.408,20.286,0.006,0.022,262.037,259.307,253.048
1781098527.391941,5.408,20.286,0.006,0.022,262.037,259.307,253.048
1781098527.403222,5.803,19.214,0.007,0.021,261.958,259.038,253.359
1781098527.41815,6.028,18.643,0.007,0.02,261.922,258.92,253.499
1781098527.433103,6.366,18.429,0.008,0.02,261.995,258.812,253.535
1781098527.44494,6.479,18.071,0.008,0.02,261.965,258.749,253.619
1781098527.4925241,6.366,17.429,0.007,0.019,261.812,258.72,253.777
1781098527.492886,6.423,16.714,0.007,0.018,261.703,258.604,253.979
1781098527.493205,6.592,15.714,0.008,0.017,261.59,258.425,254.246
1781098527.50159,6.817,14.357,0.008,0.015,261.43,258.165,254.631
1781098527.512874,6.648,14.0,0.008,0.015,261.328,258.195,254.694
1781098527.527921,6.93,13.286,0.008,0.014,261.326,258.028,254.853
1781098527.54312,6.535,12.643,0.007,0.013,261.097,258.072,255.017
1781098527.554375,6.704,11.786,0.008,0.012,261.039,257.915,255.218
1781098527.5694091,6.423,11.286,0.007,0.012,260.883,257.943,255.333
1781098527.584349,6.31,10.786,0.007,0.011,260.8,257.93,255.421
1781098527.5963368,6.535,9.786,0.007,0.01,260.734,257.718,255.685
1781098527.611477,6.535,9.357,0.007,0.01,260.701,257.68,255.753
1781098527.62642,6.761,8.571,0.008,0.009,260.651,257.497,255.976
1781098527.637749,6.648,8.071,0.008,0.008,260.544,257.474,256.097
1781098527.652684,6.704,6.786,0.008,0.007,260.355,257.259,256.483
1781098527.664149,6.592,6.571,0.007,0.007,260.331,257.305,256.461
1781098527.712516,6.592,6.714,0.007,0.007,260.387,257.355,256.36
1781098527.712862,6.761,6.286,0.008,0.007,260.396,257.258,256.446
1781098527.7131782,6.704,5.643,0.008,0.006,260.287,257.194,256.612
1781098527.720852,6.704,5.357,0.008,0.006,260.259,257.172,256.66
1781098527.735855,6.761,5.214,0.008,0.006,260.269,257.147,256.675
1781098527.747038,6.704,5.0,0.008,0.006,260.235,257.151,256.704
1781098527.762188,6.648,4.643,0.008,0.005,260.173,257.124,256.789
1781098527.773319,6.761,4.5,0.008,0.005,260.209,257.082,256.796
1781098527.788495,6.648,4.286,0.008,0.005,260.142,257.091,256.851
1781098527.80357,6.648,4.357,0.008,0.005,260.169,257.116,256.8
1781098527.815413,6.648,4.357,0.008,0.005,260.184,257.12,256.782
1781098527.8306198,6.535,4.071,0.007,0.005,260.104,257.109,256.869
1781098527.84572,6.648,4.5,0.008,0.006,260.232,257.151,256.706
1781098527.856978,6.31,4.571,0.007,0.006,260.143,257.263,256.678
1781098527.872041,6.423,4.857,0.007,0.006,260.244,257.275,256.573
1781098527.883094,6.479,4.929,0.007,0.006,260.278,257.264,256.552
1781098527.931017,6.141,5.357,0.007,0.007,260.25,257.432,256.411
1781098527.931426,5.915,6.0,0.007,0.008,260.301,257.593,256.207
1781098527.931749,6.085,6.143,0.007,0.008,260.378,257.545,256.181
1781098527.9395,5.69,6.429,0.006,0.008,260.301,257.707,256.096
1781098527.9551628,5.634,6.5,0.006,0.008,260.297,257.709,256.097
1781098527.966377,5.296,6.571,0.006,0.008,260.2,257.803,256.096
1781098527.981515,4.901,7.357,0.005,0.01,260.221,258.036,255.85
1781098527.9929001,5.014,7.571,0.006,0.01,260.301,258.015,255.797
1781098528.007987,4.732,7.929,0.005,0.01,260.27,258.132,255.712
1781098528.023083,4.732,8.643,0.005,0.011,260.404,258.22,255.506
1781098528.034335,4.507,9.357,0.005,0.012,260.462,258.375,255.304
1781098528.04948,4.0,9.786,0.004,0.012,260.373,258.584,255.188
1781098528.065304,4.113,10.571,0.005,0.013,260.549,258.644,254.972
1781098528.0765781,3.887,11.214,0.004,0.014,260.584,258.786,254.807
1781098528.091378,3.662,11.5,0.004,0.014,260.551,258.861,254.767
1781098528.106673,3.606,11.714,0.004,0.015,260.567,258.887,254.728
1781098528.1568441,3.549,12.571,0.004,0.016,260.699,259.019,254.485
1781098528.157193,3.155,12.857,0.004,0.016,260.61,259.153,254.442
1781098528.157516,3.099,13.357,0.003,0.017,260.685,259.247,254.288
1781098528.158574,3.099,13.929,0.003,0.017,260.79,259.335,254.113
1781098528.173227,3.099,13.929,0.003,0.017,260.79,259.335,254.113
1781098528.187948,3.099,13.929,0.003,0.017,260.79,259.335,254.113
1781098528.1992488,3.099,13.929,0.003,0.017,260.79,259.335,254.113
1781098528.214418,1.915,16.643,0.002,0.021,260.898,260.166,253.267
1781098528.230129,1.859,17.071,0.002,0.021,260.934,260.159,253.242
1781098528.2413619,2.085,17.357,0.002,0.021,261.041,260.057,253.239
1781098528.25663,2.028,18.071,0.002,0.022,261.135,260.144,253.079
1781098528.267725,2.028,18.214,0.002,0.022,261.146,260.131,253.081
1781098528.282638,1.746,18.429,0.002,0.022,261.076,260.214,253.068
1781098528.297649,1.803,18.857,0.002,0.023,261.163,260.236,252.974
1781098528.308921,1.746,18.857,0.002,0.023,261.134,260.216,253.016
1781098528.324233,1.69,18.786,0.002,0.022,261.092,260.204,253.063
1781098528.373363,1.634,19.0,0.002,0.023,261.106,260.24,253.02
1781098528.3737001,1.465,19.071,0.002,0.023,261.06,260.292,253.014
1781098528.373996,1.521,18.857,0.002,0.022,261.036,260.217,253.101
1781098528.381105,1.634,18.857,0.002,0.022,261.074,260.172,253.108
1781098528.392179,1.69,18.714,0.002,0.022,261.07,260.122,253.155
1781098528.407288,1.521,18.5,0.002,0.022,260.981,260.133,253.223
1781098528.422554,1.577,18.429,0.002,0.021,260.996,260.102,253.239
1781098528.433621,1.408,18.143,0.002,0.021,260.893,260.105,253.326
1781098528.448632,1.634,17.643,0.002,0.02,260.885,259.947,253.475
1781098528.463873,1.521,17.643,0.002,0.02,260.861,259.992,253.454
1781098528.47584,1.408,17.5,0.002,0.02,260.807,260.013,253.483
1781098528.490769,1.408,16.929,0.002,0.02,260.719,259.916,253.649
1781098528.5059788,1.239,16.429,0.002,0.019,260.585,259.888,253.794
1781098528.517153,1.239,16.0,0.002,0.018,260.531,259.829,253.895
1781098528.532372,1.127,15.5,0.002,0.018,260.428,259.792,254.02
1781098528.547492,1.296,14.643,0.002,0.017,260.356,259.602,254.258
1781098528.592392,1.352,14.214,0.002,0.016,260.316,259.524,254.365
1781098528.592742,1.127,13.714,0.002,0.016,260.185,259.535,254.474
1781098528.593042,1.183,13.214,0.002,0.015,260.147,259.452,254.585
1781098528.6008608,1.183,12.786,0.002,0.015,260.098,259.402,254.675
1781098528.615891,1.521,12.286,0.002,0.014,260.144,259.233,254.79
1781098528.631069,1.577,12.143,0.002,0.014,260.154,259.211,254.802
1781098528.6424088,1.634,11.357,0.002,0.013,260.045,259.087,255.016
1781098528.6574552,1.634,10.429,0.002,0.012,259.901,258.958,255.27
1781098528.672419,2.085,10.214,0.003,0.012,260.035,258.81,255.286
1781098528.683298,2.085,10.357,0.003,0.012,260.066,258.85,255.219
1781098528.698127,2.085,10.357,0.003,0.012,260.066,258.85,255.219
1781098528.7092211,2.085,10.357,0.003,0.012,260.066,258.85,255.219
1781098528.723883,2.085,10.357,0.003,0.012,260.066,258.85,255.219
1781098528.739054,2.085,10.357,0.003,0.012,260.066,258.85,255.219
1781098528.7508721,2.93,7.429,0.004,0.008,259.805,258.094,256.183
1781098528.76581,3.042,6.786,0.004,0.008,259.752,258.035,256.29
1781098528.8150778,3.211,6.357,0.004,0.007,259.737,257.931,256.406
1781098528.815468,3.042,6.071,0.004,0.007,259.652,258.011,256.408
1781098528.8157718,3.324,5.857,0.004,0.007,259.727,257.945,256.401
1781098528.82225,3.606,5.643,0.005,0.007,259.797,257.87,256.409
1781098528.833407,3.606,5.571,0.005,0.007,259.788,257.889,256.398
1781098528.848442,3.887,5.5,0.005,0.007,259.871,257.83,256.378
1781098528.86031,3.944,5.143,0.005,0.007,259.826,257.786,256.463
1781098528.875461,4.394,5.286,0.006,0.007,260.001,257.704,256.378
1781098528.890453,4.62,4.929,0.006,0.007,260.003,257.59,256.487
1781098528.901657,4.507,5.0,0.006,0.007,259.98,257.664,256.438
1781098528.9168499,4.507,4.786,0.006,0.007,259.939,257.646,256.493
1781098528.931903,4.507,5.071,0.006,0.007,259.99,257.712,256.381
1781098528.943336,4.901,5.429,0.006,0.008,260.174,257.667,256.253
1781098528.958219,5.127,5.786,0.006,0.008,260.295,257.675,256.132
1781098528.969367,5.408,5.786,0.007,0.008,260.366,257.597,256.142
1781098528.984601,5.634,6.0,0.007,0.009,260.462,257.576,256.073
1781098529.032442,5.634,6.214,0.007,0.009,260.476,257.625,256.014
1781098529.032927,6.254,6.429,0.008,0.009,260.691,257.484,255.952
1781098529.033244,6.423,6.643,0.008,0.009,260.757,257.48,255.895
1781098529.041353,6.085,7.071,0.007,0.01,260.705,257.666,255.762
1781098529.052341,6.423,7.571,0.008,0.011,260.881,257.644,255.622
1781098529.067214,6.141,7.929,0.007,0.011,260.846,257.796,255.508
1781098529.0784059,6.085,8.286,0.007,0.011,260.877,257.866,255.413
1781098529.093473,6.085,8.286,0.007,0.011,260.877,257.866,255.413
1781098529.108355,6.535,9.286,0.008,0.013,261.177,257.888,255.12
1781098529.12039,6.479,9.857,0.008,0.014,261.236,257.998,254.963
1781098529.1354282,6.479,10.071,0.008,0.014,261.25,258.018,254.93
1781098529.1504698,6.366,10.5,0.008,0.014,261.257,258.105,254.842
1781098529.161798,6.648,11.143,0.008,0.015,261.442,258.108,254.674
1781098529.176849,6.254,11.786,0.007,0.016,261.404,258.327,254.501
1781098529.1916642,6.31,11.571,0.008,0.015,261.364,258.25,254.609
1781098529.203129,6.648,12.5,0.008,0.016,261.631,258.291,254.334
1781098529.2547898,6.535,12.571,0.008,0.016,261.576,258.316,254.36
1781098529.255185,6.479,13.071,0.008,0.017,261.632,258.407,254.225
1781098529.255504,6.535,13.357,0.008,0.017,261.686,258.416,254.17
1781098529.259147,6.366,13.714,0.008,0.018,261.684,258.52,254.074
1781098529.27398,6.366,13.714,0.008,0.018,261.684,258.52,254.074
1781098529.285646,6.366,13.714,0.008,0.018,261.684,258.52,254.074
1781098529.3003361,6.366,13.714,0.008,0.018,261.684,258.52,254.074
1781098529.311363,6.366,13.714,0.008,0.018,261.684,258.52,254.074
1781098529.3262012,6.366,13.714,0.008,0.018,261.684,258.52,254.074
1781098529.340878,6.366,13.714,0.008,0.018,261.684,258.52,254.074
1781098529.352383,6.366,13.714,0.008,0.018,261.684,258.52,254.074
1781098529.367213,5.577,16.071,0.006,0.018,261.447,258.899,253.931
1781098529.382155,5.577,16.071,0.006,0.018,261.447,258.899,253.931
1781098529.393417,6.141,16.429,0.007,0.019,261.699,258.778,253.822
1781098529.408502,5.746,16.214,0.006,0.018,261.509,258.855,253.918
1781098529.423539,5.521,16.571,0.006,0.019,261.482,258.975,253.832
1781098529.4735548,5.296,17.357,0.006,0.02,261.543,259.171,253.599
1781098529.473891,5.69,17.5,0.006,0.02,261.694,259.044,253.584
1781098529.4741912,5.634,17.571,0.006,0.02,261.678,259.064,253.579
1781098529.4767191,5.408,17.929,0.006,0.02,261.657,259.183,253.488
1781098529.491741,5.577,18.357,0.006,0.021,261.781,259.189,253.375
1781098529.5068989,5.69,18.5,0.006,0.021,261.832,259.165,253.353
1781098529.517998,5.634,18.571,0.006,0.021,261.816,259.188,253.347
1781098529.532852,5.69,18.714,0.006,0.021,261.852,259.187,253.316
1781098529.5479748,5.521,18.714,0.006,0.021,261.784,259.235,253.332
1781098529.5591722,5.69,18.857,0.006,0.021,261.863,259.199,253.296
1781098529.5742888,5.634,18.643,0.006,0.021,261.799,259.175,253.373
1781098529.589261,5.408,18.286,0.006,0.02,261.657,259.176,253.495
1781098529.601393,5.521,18.571,0.006,0.021,261.76,259.188,253.395
1781098529.616382,5.183,18.571,0.006,0.021,261.658,259.292,253.389
1781098529.631698,5.07,18.143,0.005,0.02,261.547,259.245,253.528
1781098529.6427572,5.239,18.0,0.006,0.02,261.596,259.159,253.564
1781098529.691605,4.958,17.571,0.005,0.019,261.439,259.174,253.687
1781098529.6919522,4.338,17.214,0.004,0.019,261.191,259.309,253.781
1781098529.692271,4.789,17.0,0.005,0.019,261.324,259.124,253.834
1781098529.698934,4.225,16.286,0.004,0.018,261.033,259.176,254.042
1781098529.7141252,4.113,15.857,0.004,0.017,260.958,259.133,254.149
1781098529.725848,4.113,15.214,0.004,0.016,260.88,259.021,254.321
1781098529.740878,3.831,15.214,0.004,0.017,260.817,259.119,254.288
1781098529.7522619,3.718,14.929,0.004,0.016,260.764,259.11,254.344
1781098529.7674491,3.775,14.357,0.004,0.016,260.709,258.993,254.501
1781098529.782402,3.493,14.071,0.004,0.015,260.605,259.042,254.549
1781098529.793727,3.324,13.214,0.004,0.014,260.434,258.948,254.791
1781098529.808831,3.155,12.786,0.003,0.014,260.327,258.932,254.904
1781098529.82385,2.986,12.571,0.003,0.014,260.276,258.959,254.925
1781098529.835875,2.93,12.214,0.003,0.013,260.227,258.93,254.996
1781098529.850989,2.986,11.929,0.003,0.013,260.23,258.868,255.052
1781098529.865969,2.761,11.643,0.003,0.013,260.128,258.897,255.118
1781098529.913963,2.704,11.071,0.003,0.012,260.029,258.816,255.285
1781098529.914311,2.479,10.5,0.003,0.011,259.895,258.797,255.427
1781098529.9146318,2.423,10.286,0.003,0.011,259.852,258.78,255.483
1781098529.918164,1.746,9.786,0.002,0.011,259.574,258.908,255.62
1781098529.933344,1.746,9.714,0.002,0.011,259.613,258.895,255.597
1781098529.948443,1.634,9.714,0.002,0.011,259.617,258.933,255.556
1781098529.960577,1.972,9.571,0.002,0.011,259.736,258.804,255.568
1781098529.975328,1.465,9.071,0.002,0.01,259.501,258.878,255.717
1781098529.9867132,1.634,8.643,0.002,0.01,259.509,258.752,255.829
1781098530.00168,1.465,8.5,0.002,0.01,259.46,258.786,255.843
1781098530.01684,0.958,8.571,0.001,0.01,259.339,258.965,255.787
1781098530.028349,1.239,8.143,0.001,0.009,259.371,258.795,255.918
1781098530.043187,1.07,8.071,0.001,0.009,259.328,258.838,255.918
1781098530.058256,0.958,8.214,0.001,0.01,259.343,258.901,255.843
1781098530.070678,1.07,8.0,0.001,0.009,259.362,258.825,255.897
1781098530.08516,1.07,8.0,0.001,0.009,259.372,258.831,255.883
1781098530.1338828,1.07,8.0,0.001,0.009,259.387,258.833,255.867
1781098530.134304,1.127,7.786,0.001,0.009,259.372,258.78,255.931
1781098530.134621,1.127,7.786,0.001,0.009,259.377,258.783,255.923
1781098530.137655,1.014,7.786,0.001,0.009,259.343,258.826,255.915
1781098530.1524532,1.183,7.643,0.002,0.009,259.376,258.746,255.96
1781098530.167522,1.07,8.143,0.001,0.01,259.434,258.878,255.78
1781098530.178677,1.127,8.143,0.001,0.01,259.455,258.855,255.782
1781098530.193734,1.07,8.357,0.001,0.01,259.474,258.912,255.71
1781098530.20574,1.014,8.714,0.001,0.011,259.516,258.989,255.597
1781098530.2208052,1.239,8.786,0.002,0.011,259.597,258.922,255.586
1781098530.235882,1.296,8.786,0.002,0.011,259.611,258.902,255.592
1781098530.247246,1.183,8.571,0.002,0.01,259.523,258.901,255.675
1781098530.262208,1.408,9.0,0.002,0.011,259.671,258.911,255.526
1781098530.277142,1.521,9.143,0.002,0.011,259.721,258.905,255.486
1781098530.288976,1.69,9.286,0.002,0.011,259.794,258.875,255.448
1781098530.303597,2.085,10.0,0.003,0.012,260.031,258.881,255.222
1781098530.355257,2.479,10.357,0.003,0.013,260.203,258.82,255.121
1781098530.355595,2.366,10.5,0.003,0.013,260.155,258.89,255.1
1781098530.355895,2.704,10.857,0.004,0.013,260.312,258.85,254.994
1781098530.3566778,2.704,11.571,0.003,0.014,260.41,258.978,254.785
1781098530.3717818,2.648,11.929,0.003,0.015,260.421,259.053,254.705
1781098530.386854,2.93,12.214,0.004,0.015,260.532,259.009,254.646
1781098530.398131,2.817,12.786,0.003,0.016,260.581,259.143,254.477
1781098530.413207,2.93,12.857,0.004,0.016,260.597,259.108,254.495
1781098530.428113,3.155,13.857,0.004,0.017,260.826,259.211,254.194
1781098530.4392471,3.324,13.786,0.004,0.017,260.844,259.135,254.249
1781098530.454262,3.211,14.143,0.004,0.017,260.851,259.229,254.156
1781098530.4694452,3.437,14.214,0.004,0.017,260.929,259.165,254.145
1781098530.481055,3.437,14.929,0.004,0.018,261.039,259.289,253.934
1781098530.496096,3.606,15.214,0.004,0.019,261.128,259.275,253.868
1781098530.5112529,3.662,15.714,0.004,0.019,261.213,259.34,253.734
1781098530.5224981,3.831,15.857,0.005,0.019,261.272,259.298,253.721
1781098530.571677,3.944,16.5,0.005,0.02,261.392,259.368,253.551
1781098530.572144,3.944,16.5,0.005,0.02,261.356,259.359,253.592
1781098530.572493,4.113,16.5,0.005,0.02,261.398,259.297,253.611
1781098530.578603,3.944,16.357,0.005,0.019,261.29,259.318,253.686
1781098530.593785,3.944,16.929,0.005,0.02,261.387,259.41,253.518
1781098530.605561,4.225,16.929,0.005,0.02,261.458,259.32,253.537
1781098530.620708,4.169,16.786,0.005,0.02,261.399,259.313,253.595
1781098530.635732,4.169,17.0,0.005,0.02,261.429,259.354,253.532
1781098530.646875,4.394,16.929,0.005,0.02,261.478,259.268,253.568
1781098530.662109,4.338,17.0,0.005,0.02,261.467,259.303,253.545
1781098530.6774411,4.563,16.857,0.005,0.02,261.506,259.206,253.6
1781098530.68871,4.507,17.071,0.005,0.02,261.522,259.27,253.527
1781098530.703558,4.62,16.5,0.006,0.019,261.447,259.134,253.717
1781098530.718626,4.676,16.643,0.006,0.02,261.489,259.152,253.664
1781098530.7305589,4.62,16.714,0.005,0.02,261.483,259.194,253.63
1781098530.7456598,4.676,16.714,0.006,0.02,261.502,259.181,253.625
1781098530.7931771,4.62,16.429,0.005,0.019,261.434,259.153,253.711
1781098530.7935512,4.676,16.286,0.006,0.019,261.43,259.116,253.748
1781098530.7938728,4.563,16.214,0.005,0.019,261.381,259.149,253.76
1781098530.797986,4.563,15.643,0.005,0.018,261.278,259.052,253.94
1781098530.813108,4.789,15.429,0.006,0.018,261.327,258.954,253.987
1781098530.828253,4.394,15.0,0.005,0.017,261.129,259.017,254.104
1781098530.839434,4.451,14.857,0.005,0.017,261.143,258.985,254.121
1781098530.855154,4.62,14.643,0.005,0.017,261.173,258.901,254.172
1781098530.8702478,4.394,14.071,0.005,0.016,261.013,258.882,254.332
1781098530.881409,4.451,13.714,0.005,0.016,260.992,258.81,254.417
1781098530.8965561,4.169,13.286,0.005,0.016,260.843,258.839,254.524
1781098530.9116979,3.887,12.643,0.004,0.015,260.657,258.825,254.704
1781098530.923033,3.944,12.643,0.005,0.015,260.7,258.817,254.673
1781098530.93804,3.944,11.857,0.005,0.014,260.586,258.689,254.895
1781098530.95314,3.831,11.714,0.004,0.014,260.556,258.718,254.895
1781098530.964382,3.493,11.286,0.004,0.013,260.403,258.759,254.996
1781098531.01227,3.662,11.0,0.004,0.013,260.43,258.66,255.064
1781098531.012612,3.211,10.357,0.004,0.012,260.206,258.693,255.239
1781098531.0132532,3.099,10.357,0.004,0.012,260.21,258.732,255.197
1781098531.0210292,3.493,10.0,0.004,0.012,260.302,258.553,255.282
1781098531.036099,3.493,9.786,0.004,0.012,260.275,258.528,255.331
1781098531.047404,3.606,9.143,0.004,0.011,260.213,258.398,255.511
1781098531.06251,3.775,8.929,0.005,0.011,260.251,258.329,255.543
1781098531.0738208,3.775,8.5,0.005,0.01,260.189,258.273,255.654
1781098531.088873,3.718,8.286,0.005,0.01,260.14,258.268,255.703
1781098531.103786,3.775,8.071,0.005,0.01,260.138,258.236,255.736
1781098531.115679,3.718,7.643,0.005,0.01,260.057,258.199,255.846
1781098531.130711,3.718,7.714,0.005,0.01,260.085,258.23,255.79
1781098531.145886,3.944,7.714,0.005,0.01,260.167,258.169,255.773
1781098531.157186,3.718,7.429,0.005,0.01,260.049,258.205,255.848
1781098531.172137,3.831,6.786,0.005,0.009,259.979,258.066,256.047
1781098531.183157,3.831,7.071,0.005,0.009,260.041,258.13,255.927
1781098531.230461,3.944,7.071,0.005,0.009,260.086,258.109,255.906
1781098531.230828,3.887,7.143,0.005,0.009,260.089,258.149,255.865
1781098531.231147,4.056,7.0,0.005,0.009,260.123,258.079,255.9
1781098531.239367,4.0,7.286,0.005,0.01,260.162,258.153,255.794
1781098531.2553759,4.0,6.929,0.005,0.009,260.099,258.089,255.912
1781098531.266252,4.056,6.929,0.005,0.009,260.118,258.08,255.904
1781098531.2813818,4.056,7.143,0.005,0.01,260.161,258.123,255.822
1781098531.292748,4.0,6.929,0.005,0.009,260.103,258.103,255.895
1781098531.307766,3.887,7.286,0.005,0.01,260.135,258.201,255.772
1781098531.322975,4.225,7.714,0.005,0.01,260.321,258.166,255.634
1781098531.334209,3.831,7.5,0.005,0.01,260.144,258.243,255.723
1781098531.349393,4.056,7.929,0.005,0.011,260.294,258.244,255.584
1781098531.3644311,4.225,8.357,0.005,0.011,260.42,258.264,255.448
1781098531.376503,3.887,8.5,0.005,0.011,260.326,258.388,255.417
1781098531.391415,4.056,8.786,0.005,0.012,260.428,258.374,255.336
1781098531.402661,4.056,8.786,0.005,0.012,260.423,258.366,255.349
1781098531.450798,3.831,9.071,0.005,0.012,260.392,258.479,255.269
1781098531.4512582,4.056,9.786,0.005,0.013,260.59,258.521,255.049
1781098531.4515781,4.056,10.143,0.005,0.014,260.641,258.572,254.956
1781098531.458879,4.0,10.286,0.005,0.014,260.641,258.603,254.926
1781098531.473753,3.831,10.714,0.005,0.014,260.652,258.713,254.813
1781098531.4857368,4.113,11.143,0.005,0.015,260.81,258.681,254.7
1781098531.500621,3.944,11.714,0.005,0.015,260.838,258.82,254.545
1781098531.5156748,3.831,12.143,0.005,0.016,260.869,258.918,254.428
1781098531.5270169,4.0,12.5,0.005,0.016,260.972,258.905,254.347
1781098531.54191,3.775,12.786,0.005,0.017,260.931,259.007,254.289
1781098531.5570939,3.775,12.857,0.005,0.017,260.929,258.999,254.298
1781098531.5681658,3.944,12.929,0.005,0.017,260.989,258.946,254.294
1781098531.5833569,4.169,13.429,0.005,0.017,261.145,258.95,254.151
1781098531.598432,4.0,13.786,0.005,0.018,261.141,259.054,254.059
1781098531.610386,3.887,14.071,0.005,0.018,261.143,259.124,253.993
1781098531.6251562,3.887,14.143,0.005,0.018,261.148,259.127,253.986
1781098531.674073,3.831,14.5,0.005,0.018,261.183,259.196,253.892
1781098531.6744268,4.282,14.571,0.005,0.018,261.334,259.052,253.891
1781098531.674747,3.944,15.071,0.005,0.019,261.298,259.241,253.749
1781098531.681432,3.775,15.214,0.005,0.019,261.261,259.313,253.717
1781098531.692702,3.775,15.286,0.005,0.019,261.265,259.307,253.719
1781098531.7075882,3.831,15.5,0.005,0.019,261.319,259.314,253.665
1781098531.7225258,3.944,15.5,0.005,0.019,261.35,259.267,253.68
1781098531.7337441,3.887,15.714,0.005,0.02,261.367,259.321,253.616
1781098531.748658,3.775,15.714,0.005,0.02,261.323,259.35,253.628
1781098531.760823,3.831,15.357,0.005,0.019,261.273,259.26,253.755
1781098531.77566,3.606,15.786,0.004,0.02,261.285,259.406,253.611
1781098531.790723,3.831,15.429,0.005,0.019,261.296,259.26,253.734
1781098531.802212,3.887,15.5,0.005,0.019,261.333,259.253,253.708
1781098531.817195,3.662,15.214,0.005,0.019,261.209,259.272,253.799
1781098531.832196,3.718,15.286,0.005,0.019,261.251,259.267,253.767
1781098531.843721,3.831,15.357,0.005,0.019,261.305,259.248,253.737
1781098531.892498,3.493,14.786,0.004,0.018,261.092,259.252,253.921
1781098531.892875,3.549,14.643,0.005,0.018,261.099,259.212,253.952
1781098531.893193,3.606,14.143,0.005,0.017,261.041,259.108,254.098
1781098531.9004438,3.437,14.0,0.004,0.017,260.978,259.144,254.12
1781098531.915445,3.324,13.857,0.004,0.017,260.926,259.163,254.15
1781098531.926739,3.493,13.571,0.005,0.017,260.947,259.068,254.219
1781098531.941789,3.268,13.214,0.004,0.017,260.825,259.086,254.311
1781098531.956888,3.437,12.714,0.004,0.016,260.81,258.95,254.449
1781098531.968131,3.099,12.5,0.004,0.016,260.674,259.03,254.497
1781098531.98315,3.155,12.071,0.004,0.015,260.645,258.943,254.604
1781098531.998254,2.761,11.286,0.004,0.014,260.396,258.939,254.834
1781098532.010176,2.592,10.786,0.003,0.014,260.285,258.921,254.952
1781098532.025441,2.93,10.714,0.004,0.014,260.408,258.812,254.942
1781098532.040433,2.592,10.714,0.003,0.014,260.327,258.931,254.905
1781098532.051522,2.817,10.643,0.004,0.014,260.406,258.856,254.902
1781098532.0666728,2.873,10.714,0.004,0.014,260.456,258.858,254.855
1781098532.11589,2.704,10.5,0.004,0.014,260.369,258.879,254.915
1781098532.116334,2.592,10.286,0.003,0.013,260.309,258.881,254.968
1781098532.1166568,2.648,10.286,0.004,0.014,260.347,258.87,254.943
1781098532.122287,2.535,10.571,0.003,0.014,260.368,258.96,254.839
1781098532.133285,2.535,10.571,0.003,0.014,260.368,258.96,254.839
1781098532.148062,2.535,10.571,0.003,0.014,260.368,258.96,254.839
1781098532.163167,2.535,10.571,0.003,0.014,260.368,258.96,254.839
1781098532.174279,2.31,8.857,0.003,0.012,259.997,258.72,255.405
1781098532.190068,1.972,8.429,0.003,0.011,259.837,258.758,255.517
1781098532.201232,1.465,8.0,0.002,0.011,259.642,258.852,255.61
1781098532.2162318,1.577,7.5,0.002,0.01,259.635,258.733,255.729
1781098532.2315269,1.803,7.5,0.003,0.01,259.733,258.669,255.699
1781098532.242697,1.69,7.214,0.002,0.01,259.679,258.665,255.753
1781098532.257767,1.577,7.214,0.002,0.01,259.665,258.71,255.723
1781098532.2728488,1.69,7.357,0.003,0.01,259.749,258.705,255.65
1781098532.284099,1.465,7.5,0.002,0.011,259.712,258.807,255.588
1781098532.329406,1.352,7.071,0.002,0.01,259.614,258.759,255.724
1781098532.329838,1.465,7.286,0.002,0.01,259.711,258.762,255.632
1781098532.330133,1.183,7.5,0.002,0.011,259.667,258.889,255.552
1781098532.340905,1.296,7.571,0.002,0.011,259.722,258.863,255.525
1781098532.3521779,1.127,7.857,0.002,0.011,259.726,258.96,255.43
1781098532.3674161,1.239,8.214,0.002,0.012,259.828,258.979,255.317
1781098532.382422,1.07,8.429,0.002,0.012,259.811,259.062,255.255
1781098532.393777,1.127,8.786,0.002,0.013,259.896,259.097,255.144
1781098532.408871,0.732,8.929,0.001,0.013,259.792,259.233,255.113
1781098532.42079,0.958,9.0,0.002,0.013,259.877,259.157,255.105
1781098532.4358652,1.07,9.071,0.002,0.013,259.919,259.128,255.094
1781098532.450785,1.07,8.929,0.002,0.013,259.887,259.098,255.151
1781098532.462257,1.07,9.143,0.002,0.013,259.924,259.135,255.083
1781098532.47721,1.183,9.0,0.002,0.013,259.929,259.071,255.138
1781098532.492094,1.465,9.143,0.003,0.013,260.039,259.007,255.097
1781098532.503517,1.127,9.143,0.002,0.013,259.922,259.115,255.103
1781098532.553001,1.972,9.5,0.003,0.013,260.255,258.909,254.99
1781098532.553442,1.577,9.714,0.003,0.014,260.144,259.082,254.931
1781098532.553764,1.915,10.143,0.003,0.014,260.319,259.055,254.796
1781098532.560472,2.141,10.214,0.003,0.014,260.391,258.998,254.783
1781098532.571776,2.479,10.429,0.004,0.015,260.513,258.934,254.733
1781098532.586872,2.479,10.286,0.004,0.014,260.46,258.917,254.797
1781098532.6018271,2.761,10.643,0.004,0.015,260.591,258.905,254.69
1781098532.613065,2.817,10.643,0.004,0.015,260.591,258.895,254.698
1781098532.628072,2.817,11.071,0.004,0.015,260.656,258.974,254.566
1781098532.643129,2.592,11.5,0.004,0.016,260.643,259.117,254.445
1781098532.654779,2.535,12.143,0.004,0.017,260.729,259.24,254.255
1781098532.6696541,2.479,12.071,0.003,0.017,260.685,259.233,254.3
1781098532.685044,2.592,12.643,0.004,0.017,260.816,259.287,254.134
1781098532.696403,2.817,12.857,0.004,0.018,260.91,259.241,254.092
1781098532.711466,2.648,13.071,0.004,0.018,260.878,259.323,254.046
1781098532.726378,2.817,13.214,0.004,0.018,260.952,259.287,254.013
1781098532.776181,2.704,13.357,0.004,0.018,260.922,259.344,253.987
1781098532.7765372,3.042,13.357,0.004,0.018,261.022,259.225,254.007
1781098532.77686,2.648,13.786,0.004,0.019,260.964,259.428,253.874
1781098532.778347,2.648,13.786,0.004,0.019,260.964,259.428,253.874
1781098532.7930539,2.648,13.786,0.004,0.019,260.964,259.428,253.874
1781098532.807722,2.648,13.786,0.004,0.019,260.964,259.428,253.874
1781098532.818795,2.648,13.786,0.004,0.019,260.964,259.428,253.874
1781098532.8335948,2.648,13.786,0.004,0.019,260.964,259.428,253.874
1781098532.845419,2.648,13.786,0.004,0.019,260.964,259.428,253.874
1781098532.860532,0.0,0.0,0.0,0.0,258.008,258.008,258.008
1781098532.875652,3.099,13.643,0.003,0.015,260.513,259.078,254.599
1781098532.886831,2.93,13.429,0.003,0.015,260.413,259.091,254.677
1781098532.901852,2.873,13.0,0.003,0.014,260.321,259.026,254.821
1781098532.9168699,3.099,12.786,0.003,0.014,260.361,258.919,254.884
1781098532.928394,2.986,12.857,0.003,0.014,260.341,258.977,254.848
1781098532.943365,2.817,12.643,0.003,0.014,260.258,258.998,254.904
1781098532.993024,3.099,12.429,0.003,0.014,260.32,258.88,254.958
1781098532.993402,2.873,12.357,0.003,0.014,260.242,258.95,254.964
1781098532.993703,3.268,12.286,0.004,0.013,260.364,258.816,254.978
1781098533.000082,3.437,11.929,0.004,0.013,260.357,258.711,255.082
1781098533.011424,3.493,11.857,0.004,0.013,260.366,258.697,255.087
1781098533.026571,3.493,11.929,0.004,0.013,260.377,258.727,255.05
1781098533.04158,3.606,11.929,0.004,0.013,260.416,258.704,255.035
1781098533.0527518,3.662,11.714,0.004,0.013,260.391,258.655,255.105
1781098533.067871,3.606,11.786,0.004,0.013,260.381,258.7,255.071
1781098533.082983,3.887,12.0,0.004,0.013,260.51,258.662,254.989
1781098533.094511,3.775,11.857,0.004,0.013,260.444,258.682,255.031
1781098533.109407,4.056,11.857,0.005,0.013,260.535,258.6,255.026
1781098533.125088,4.0,11.5,0.005,0.013,260.445,258.563,255.142
1781098533.13644,4.225,11.5,0.005,0.013,260.513,258.508,255.132
1781098533.151335,4.225,11.643,0.005,0.013,260.538,258.547,255.073
1781098533.166453,4.394,11.571,0.005,0.013,260.579,258.487,255.092
1781098533.2147079,4.394,11.643,0.005,0.013,260.587,258.508,255.064
1781098533.215123,4.113,11.5,0.005,0.013,260.465,258.578,255.109
1781098533.21545,4.62,12.0,0.005,0.014,260.721,258.517,254.934
1781098533.2188082,4.451,11.857,0.005,0.013,260.633,258.549,254.985
1781098533.23385,4.62,12.071,0.005,0.014,260.718,258.543,254.913
1781098533.2458072,4.789,12.286,0.006,0.014,260.808,258.532,254.842
1781098533.260662,4.958,12.286,0.006,0.014,260.853,258.485,254.846
1781098533.2757251,4.845,12.286,0.006,0.014,260.809,258.523,254.849
1781098533.2871182,4.958,12.286,0.006,0.014,260.838,258.488,254.856
1781098533.30209,4.958,12.429,0.006,0.014,260.855,258.517,254.814
1781098533.3171442,5.014,12.286,0.006,0.014,260.836,258.476,254.87
1781098533.3285189,4.958,12.5,0.006,0.014,260.854,258.536,254.796
1781098533.3436632,5.014,12.571,0.006,0.014,260.887,258.527,254.776
1781098533.3587751,4.958,12.5,0.006,0.014,260.849,258.533,254.804
1781098533.370523,5.127,12.429,0.006,0.014,260.889,258.466,254.831
1781098533.385789,5.014,12.5,0.006,0.014,260.868,258.516,254.803
1781098533.4353752,5.127,12.5,0.006,0.014,260.908,258.48,254.801
1781098533.435821,4.901,12.571,0.006,0.014,260.852,258.563,254.773
1781098533.436157,4.789,12.5,0.005,0.014,260.806,258.585,254.794
1781098533.442008,4.732,12.214,0.005,0.014,260.74,258.549,254.888
1781098533.4531572,4.958,12.5,0.006,0.014,260.873,258.528,254.787
1781098533.468232,4.901,12.357,0.006,0.014,260.832,258.522,254.829
1781098533.483305,4.901,12.214,0.006,0.014,260.812,258.497,254.871
1781098533.495459,4.732,12.0,0.005,0.014,260.722,258.512,254.938
1781098533.510392,4.789,12.429,0.005,0.014,260.83,258.572,254.785
1781098533.5252979,4.732,12.071,0.005,0.014,260.753,258.523,254.9
1781098533.536682,4.563,11.857,0.005,0.014,260.668,258.537,254.964
1781098533.5517051,4.789,11.786,0.006,0.013,260.736,258.453,254.982
1781098533.566808,4.507,11.857,0.005,0.014,260.661,258.559,254.95
1781098533.5781388,4.507,12.071,0.005,0.014,260.71,258.594,254.872
1781098533.593077,4.451,11.929,0.005,0.014,260.671,258.585,254.917
1781098533.608143,4.394,11.929,0.005,0.014,260.658,258.601,254.912
1781098533.656469,4.282,12.0,0.005,0.014,260.644,258.647,254.883
1781098533.656824,4.225,12.143,0.005,0.014,260.655,258.69,254.833
1781098533.657166,4.394,12.143,0.005,0.014,260.714,258.63,254.835
1781098533.661102,4.225,12.143,0.005,0.014,260.666,258.68,254.832
1781098533.676244,4.0,12.286,0.004,0.014,260.628,258.772,254.78
1781098533.687454,4.0,12.214,0.005,0.014,260.621,258.753,254.804
1781098533.702236,3.944,12.429,0.004,0.015,260.652,258.803,254.729
1781098533.717172,3.718,12.214,0.004,0.014,260.546,258.824,254.806
1781098533.72843,3.831,12.357,0.004,0.014,260.619,258.805,254.757
1781098533.743517,3.775,12.357,0.004,0.014,260.605,258.817,254.758
1781098533.7584682,3.718,12.286,0.004,0.014,260.58,258.816,254.782
1781098533.770572,3.831,12.643,0.004,0.015,260.689,258.838,254.662
1781098533.785623,3.662,12.571,0.004,0.015,260.624,258.872,254.69
1781098533.800513,3.493,12.357,0.004,0.014,260.531,258.882,254.765
1781098533.8120801,3.606,12.571,0.004,0.015,260.615,258.877,254.693
1781098533.8266728,3.606,12.714,0.004,0.015,260.647,258.902,254.641
1781098533.876083,3.437,12.643,0.004,0.015,260.581,258.938,254.667
1781098533.8764448,3.493,12.5,0.004,0.015,260.578,258.889,254.716
1781098533.876765,3.38,12.857,0.004,0.015,260.612,258.986,254.595
1781098533.882986,3.324,12.643,0.004,0.015,260.562,258.956,254.668
1781098533.89426,3.099,12.5,0.004,0.015,260.466,258.995,254.718
1781098533.909278,3.268,12.571,0.004,0.015,260.542,258.952,254.69
1781098533.924973,3.324,12.571,0.004,0.015,260.57,258.929,254.687
1781098533.936141,3.042,12.571,0.004,0.015,260.483,259.014,254.686
1781098533.951215,2.986,12.714,0.003,0.015,260.499,259.053,254.634
1781098533.966332,2.648,12.643,0.003,0.015,260.382,259.144,254.656
1781098533.977623,3.042,12.857,0.004,0.015,260.564,259.049,254.579
1781098533.9928472,2.873,12.571,0.003,0.015,260.459,259.049,254.675
1781098534.007809,2.93,12.5,0.004,0.015,260.473,259.016,254.692
1781098534.0190752,2.592,12.5,0.003,0.015,260.367,259.124,254.689
1781098534.034007,2.761,12.571,0.003,0.015,260.446,259.079,254.659
1781098534.0490088,2.761,12.571,0.003,0.015,260.456,259.077,254.651
1781098534.097216,2.873,12.357,0.004,0.015,260.458,258.998,254.723
1781098534.097617,2.761,12.286,0.003,0.015,260.413,259.026,254.738
1781098534.097944,2.817,12.5,0.003,0.015,260.475,259.047,254.661
1781098534.102175,2.704,12.071,0.003,0.014,260.365,259.002,254.803
1781098534.117166,2.873,12.214,0.004,0.015,260.455,258.978,254.744
1781098534.128457,2.761,12.286,0.003,0.015,260.438,259.029,254.712
1781098534.143492,2.704,12.071,0.003,0.014,260.381,259.009,254.782
1781098534.158514,2.873,12.357,0.004,0.015,260.499,259.009,254.676
1781098534.170632,2.873,12.214,0.004,0.015,260.476,258.985,254.719
1781098534.185513,2.817,12.0,0.004,0.014,260.421,258.969,254.784
1781098534.200479,2.704,12.143,0.003,0.015,260.413,259.034,254.73
1781098534.21184,2.704,12.0,0.003,0.014,260.391,259.009,254.773
1781098534.2268002,2.704,12.071,0.003,0.015,260.41,259.025,254.741
1781098534.241996,2.704,12.071,0.003,0.015,260.413,259.027,254.736
1781098534.25305,2.648,12.0,0.003,0.014,260.383,259.035,254.756
1781098534.2682931,2.592,11.929,0.003,0.014,260.354,259.041,254.777
1781098534.316609,2.31,12.143,0.003,0.015,260.309,259.17,254.698
1781098534.317045,2.592,12.0,0.003,0.015,260.379,259.052,254.744
1781098534.3173702,2.648,11.857,0.003,0.014,260.375,259.008,254.789
1781098534.3250828,3.042,12.071,0.004,0.015,260.544,258.925,254.713
1781098534.336307,2.535,12.0,0.003,0.015,260.361,259.077,254.737
1781098534.351368,2.761,11.857,0.003,0.014,260.412,258.977,254.784
1781098534.3664372,2.761,11.929,0.003,0.014,260.425,258.995,254.756
1781098534.377656,2.761,12.0,0.003,0.015,260.441,259.008,254.729
1781098534.3926988,2.873,12.0,0.004,0.015,260.478,258.973,254.728
1781098534.407734,2.704,11.929,0.003,0.015,260.416,259.013,254.747
1781098534.4189749,2.592,11.786,0.003,0.014,260.359,259.02,254.792
1781098534.434022,2.704,12.0,0.003,0.015,260.437,259.025,254.717
1781098534.449037,2.761,12.0,0.004,0.015,260.459,259.009,254.712
1781098534.461081,2.704,12.071,0.003,0.015,260.456,259.041,254.685
1781098534.4761658,2.648,12.143,0.003,0.015,260.454,259.071,254.658
1781098534.491105,2.592,11.929,0.003,0.015,260.397,259.051,254.729
1781098534.541288,2.93,12.0,0.004,0.015,260.524,258.959,254.699
1781098534.5416791,2.93,12.143,0.004,0.015,260.549,258.99,254.648
1781098534.5419781,2.817,11.857,0.004,0.015,260.46,258.973,254.744
1781098534.543636,2.535,11.857,0.003,0.015,260.371,259.063,254.741
1781098534.558656,2.817,12.214,0.004,0.015,260.533,259.04,254.615
1781098534.5704849,2.873,11.857,0.004,0.015,260.483,258.959,254.737
1781098534.58543,2.761,12.071,0.004,0.015,260.49,259.035,254.66
1781098534.600372,2.873,12.0,0.004,0.015,260.514,258.986,254.684
1781098534.611785,2.817,12.0,0.004,0.015,260.496,259.007,254.68
1781098534.6267378,2.761,11.786,0.004,0.014,260.439,258.988,254.75
1781098534.6417222,2.817,11.643,0.004,0.014,260.431,258.948,254.793
1781098534.653093,2.93,12.0,0.004,0.015,260.538,258.98,254.667
1781098534.667995,2.873,12.071,0.004,0.015,260.535,259.01,254.642
1781098534.6830862,2.761,11.857,0.004,0.015,260.459,259.006,254.714
1781098534.694568,2.592,11.857,0.003,0.015,260.406,259.061,254.711
1781098534.7101839,2.761,11.929,0.004,0.015,260.48,259.018,254.684
1781098534.7594419,2.648,11.929,0.003,0.015,260.447,259.055,254.68
1781098534.7597902,2.592,11.929,0.003,0.015,260.431,259.074,254.677
1781098534.760095,2.704,11.929,0.003,0.015,260.473,259.037,254.673
1781098534.766094,2.648,11.857,0.003,0.015,260.444,259.042,254.695
1781098534.777405,2.648,11.643,0.003,0.014,260.41,259.003,254.762
1781098534.792477,2.592,12.0,0.003,0.015,260.464,259.088,254.634
1781098534.807583,2.704,11.857,0.004,0.015,260.479,259.023,254.681
1781098534.818741,2.704,11.5,0.004,0.014,260.413,258.957,254.802
1781098534.8338182,2.648,11.857,0.003,0.015,260.469,259.047,254.667
1781098534.8488069,2.535,11.929,0.003,0.015,260.447,259.1,254.638
1781098534.860824,2.704,11.786,0.004,0.015,260.48,259.02,254.683
1781098534.875803,2.704,11.857,0.004,0.015,260.495,259.035,254.655
1781098534.890934,2.704,11.786,0.004,0.015,260.481,259.021,254.68
1781098534.9020102,2.648,11.643,0.003,0.015,260.439,259.015,254.724
1781098534.9170828,2.761,11.714,0.004,0.015,260.489,258.996,254.696
1781098534.9321,2.648,11.714,0.003,0.015,260.453,259.035,254.692
1781098534.980326,2.817,11.571,0.004,0.015,260.486,258.955,254.737
1781098534.980732,2.761,11.643,0.004,0.015,260.48,258.992,254.708
1781098534.981046,2.704,11.786,0.004,0.015,260.494,259.038,254.654
1781098534.985292,2.93,11.5,0.004,0.015,260.519,258.914,254.745
1781098535.000404,2.648,11.5,0.003,0.015,260.429,259.008,254.739
1781098535.0118,2.592,11.286,0.003,0.014,260.372,258.991,254.807
1781098535.02685,2.761,11.5,0.004,0.015,260.472,258.978,254.729
1781098535.0417762,2.761,11.357,0.004,0.014,260.447,258.955,254.773
1781098535.0530891,2.873,11.643,0.004,0.015,260.538,258.973,254.673
1781098535.0680242,2.817,11.929,0.004,0.015,260.571,259.044,254.578
1781098535.083157,2.704,11.786,0.003,0.015,260.502,259.056,254.629
1781098535.095413,2.817,11.929,0.004,0.015,260.566,259.044,254.582
1781098535.110334,2.592,11.857,0.003,0.015,260.479,259.101,254.608
1781098535.125228,2.817,12.071,0.004,0.015,260.596,259.067,254.535
1781098535.136427,2.761,12.286,0.004,0.016,260.615,259.123,254.465
1781098535.151356,2.817,11.929,0.004,0.015,260.567,259.035,254.59
1781098535.199984,2.873,12.071,0.004,0.015,260.612,259.047,254.538
1781098535.2004201,2.761,11.929,0.004,0.015,260.546,259.056,254.589
1781098535.200742,2.592,12.143,0.003,0.016,260.536,259.148,254.514
1781098535.2076,2.704,12.071,0.004,0.015,260.558,259.097,254.54
1781098535.218658,2.873,11.929,0.004,0.015,260.588,259.017,254.588
1781098535.233686,2.817,12.214,0.004,0.016,260.622,259.089,254.49
1781098535.248734,2.873,12.0,0.004,0.015,260.603,259.032,254.56
1781098535.260603,2.761,12.0,0.004,0.015,260.569,259.072,254.553
1781098535.275498,2.93,11.929,0.004,0.015,260.612,259.006,254.576
1781098535.2907038,2.873,12.071,0.004,0.016,260.622,259.053,254.523
1781098535.3019168,2.986,12.286,0.004,0.016,260.7,259.055,254.452
1781098535.316909,2.93,11.929,0.004,0.015,260.615,259.007,254.573
1781098535.332175,3.042,12.071,0.004,0.016,260.681,258.999,254.52
1781098535.343651,2.704,12.214,0.004,0.016,260.598,259.137,254.467
1781098535.358711,2.592,11.929,0.003,0.015,260.51,259.119,254.563
1781098535.373738,2.817,11.857,0.004,0.015,260.576,259.036,254.581
1781098535.4224918,2.93,11.929,0.004,0.015,260.633,259.016,254.548
1781098535.4229178,2.986,11.786,0.004,0.015,260.625,258.975,254.593
1781098535.423226,2.817,11.643,0.004,0.015,260.543,259.01,254.634
1781098535.426872,3.042,11.643,0.004,0.015,260.622,258.942,254.626
1781098535.442184,3.042,11.643,0.004,0.015,260.624,258.943,254.623
1781098535.4533818,2.93,11.786,0.004,0.015,260.619,259.009,254.567
1781098535.468454,2.93,11.643,0.004,0.015,260.593,258.985,254.613
1781098535.48343,2.873,11.857,0.004,0.015,260.622,259.045,254.531
1781098535.495393,2.761,11.643,0.004,0.015,260.546,259.045,254.6
1781098535.510334,3.042,11.5,0.004,0.015,260.617,258.933,254.64
1781098535.525592,2.93,11.571,0.004,0.015,260.598,258.987,254.606
1781098535.536782,3.099,11.429,0.004,0.015,260.628,258.91,254.651
1781098535.551827,2.873,11.429,0.004,0.015,260.554,258.985,254.648
1781098535.566751,2.817,11.571,0.004,0.015,260.566,259.027,254.598
1781098535.578023,3.099,11.571,0.004,0.015,260.661,258.935,254.599
1781098535.593409,2.986,11.643,0.004,0.015,260.639,258.985,254.572
1781098535.642096,3.155,11.857,0.004,0.016,260.734,258.97,254.5
1781098535.642455,3.099,11.643,0.004,0.015,260.672,258.951,254.573
1781098535.642776,3.155,11.786,0.004,0.016,260.717,258.96,254.524
1781098535.6500218,2.873,11.714,0.004,0.015,260.612,259.036,254.549
1781098535.661391,3.268,11.929,0.004,0.016,260.784,258.949,254.474
1781098535.676499,3.155,12.0,0.004,0.016,260.756,259.001,254.452
1781098535.691419,3.155,11.857,0.004,0.016,260.726,258.976,254.502
1781098535.702634,3.042,12.0,0.004,0.016,260.716,259.037,254.454
1781098535.717685,3.211,12.071,0.004,0.016,260.783,258.995,254.433
1781098535.732658,3.042,11.929,0.004,0.016,260.697,259.025,254.482
1781098535.7439911,3.099,11.857,0.004,0.016,260.704,258.995,254.503
1781098535.7590332,3.211,11.786,0.004,0.016,260.729,258.948,254.525
1781098535.774049,3.324,11.857,0.004,0.016,260.779,258.927,254.499
1781098535.786177,3.155,12.0,0.004,0.016,260.752,259.009,254.448
1781098535.801077,3.155,12.071,0.004,0.016,260.768,259.024,254.419
1781098535.816203,2.93,11.929,0.004,0.016,260.67,259.069,254.466
1781098535.862568,3.268,11.857,0.004,0.016,260.768,258.954,254.484
1781098535.8629708,3.211,11.643,0.004,0.015,260.709,258.938,254.551
1781098535.863293,3.493,11.714,0.005,0.016,260.817,258.867,254.521
1781098535.868738,3.38,11.786,0.005,0.016,260.791,258.921,254.494
1781098535.883657,3.324,11.571,0.004,0.015,260.735,258.902,254.562
1781098535.895595,3.38,11.714,0.005,0.016,260.786,258.913,254.506
1781098535.910691,3.211,11.5,0.004,0.015,260.697,258.93,254.57
1781098535.925627,3.268,11.571,0.004,0.015,260.733,258.928,254.539
1781098535.9369311,3.211,11.643,0.004,0.016,260.729,258.965,254.508
1781098535.9518669,3.493,11.5,0.005,0.015,260.793,258.854,254.554
1781098535.9668858,3.324,11.357,0.004,0.015,260.714,258.886,254.596
1781098535.978198,3.211,11.429,0.004,0.015,260.694,258.937,254.566
1781098535.993452,3.437,11.429,0.005,0.015,260.774,258.868,254.558
1781098536.008374,3.324,11.357,0.004,0.015,260.722,258.896,254.579
1781098536.020326,3.493,11.286,0.005,0.015,260.764,258.829,254.603
1781098536.035378,3.493,11.643,0.005,0.016,260.835,258.898,254.476
1781098536.082346,3.606,11.571,0.005,0.016,260.858,258.852,254.498
1781098536.082719,3.606,11.286,0.005,0.015,260.801,258.806,254.592
1781098536.0830479,3.493,11.214,0.005,0.015,260.754,258.831,254.611
1781098536.091794,3.493,11.5,0.005,0.016,260.808,258.887,254.511
1781098536.102928,3.718,11.429,0.005,0.015,260.869,258.803,254.534
1781098536.1178591,3.718,11.5,0.005,0.016,260.88,258.82,254.508
1781098536.133017,3.606,11.214,0.005,0.015,260.788,258.806,254.604
1781098536.14423,3.718,11.357,0.005,0.015,260.855,258.801,254.548
1781098536.15995,3.38,11.286,0.004,0.015,260.731,258.898,254.569
1781098536.17506,3.606,11.643,0.005,0.016,260.877,258.893,254.443
1781098536.1865869,3.606,11.429,0.005,0.016,260.84,258.854,254.512
1781098536.2015512,3.606,11.5,0.005,0.016,260.853,258.868,254.488
1781098536.2165928,3.549,11.571,0.005,0.016,260.849,258.898,254.463
1781098536.228204,3.549,11.143,0.005,0.015,260.774,258.819,254.604
1781098536.242871,3.606,11.286,0.005,0.015,260.826,258.829,254.548
1781098536.2578518,3.662,11.286,0.005,0.015,260.847,258.814,254.544
1781098536.30723,3.662,11.357,0.005,0.016,260.865,258.828,254.515
1781098536.3075762,3.662,11.286,0.005,0.015,260.856,258.816,254.533
1781098536.307883,3.606,11.143,0.005,0.015,260.814,258.807,254.58
1781098536.310959,3.493,11.357,0.005,0.016,260.822,258.883,254.501
1781098536.3259819,3.493,11.214,0.005,0.015,260.799,258.855,254.548
1781098536.337186,3.493,11.357,0.005,0.016,260.829,258.881,254.497
1781098536.352232,3.606,11.0,0.005,0.015,260.802,258.781,254.614
1781098536.367203,3.493,11.0,0.005,0.015,260.77,258.818,254.608
1781098536.378485,3.268,11.286,0.004,0.016,260.752,258.947,254.505
1781098536.3935711,3.437,11.071,0.005,0.015,260.771,258.851,254.577
1781098536.4086778,3.324,11.071,0.004,0.015,260.74,258.889,254.569
1781098536.420639,3.493,11.071,0.005,0.015,260.802,258.839,254.56
1781098536.435827,3.606,10.929,0.005,0.015,260.813,258.782,254.604
1781098536.4506292,3.493,10.857,0.005,0.015,260.765,258.806,254.625
1781098536.4619572,3.718,10.929,0.005,0.015,260.857,258.751,254.594
1781098536.4769568,3.549,11.071,0.005,0.015,260.828,258.833,254.543
1781098536.52528,3.662,10.929,0.005,0.015,260.839,258.77,254.592
1781098536.5256388,3.549,10.857,0.005,0.015,260.79,258.795,254.613
1781098536.525959,3.549,11.0,0.005,0.015,260.818,258.825,254.559
1781098536.5331998,3.549,10.857,0.005,0.015,260.795,258.8,254.603
1781098536.544985,3.437,11.071,0.005,0.016,260.8,258.875,254.529
1781098536.5600471,3.718,11.071,0.005,0.015,260.893,258.783,254.531
1781098536.5749881,3.493,11.286,0.005,0.016,260.86,258.896,254.455
1781098536.5863,3.493,11.286,0.005,0.016,260.863,258.897,254.452
1781098536.601344,3.606,11.071,0.005,0.016,260.861,258.821,254.524
1781098536.616386,3.606,11.214,0.005,0.016,260.888,258.848,254.475
1781098536.6277719,3.662,11.286,0.005,0.016,260.921,258.841,254.452
1781098536.642891,3.493,10.857,0.005,0.015,260.784,258.816,254.598
1781098536.657908,3.606,11.0,0.005,0.015,260.852,258.806,254.546
1781098536.669157,3.38,11.357,0.005,0.016,260.85,258.942,254.422
1781098536.684169,3.493,11.143,0.005,0.016,260.847,258.865,254.496
1781098536.699163,3.493,11.286,0.005,0.016,260.879,258.889,254.445
1781098536.7468958,3.493,11.214,0.005,0.016,260.869,258.874,254.468
1781098536.7472472,3.493,11.286,0.005,0.016,260.886,258.887,254.441
1781098536.7475688,3.549,11.214,0.005,0.016,260.891,258.857,254.463
1781098536.7524,3.437,11.214,0.005,0.016,260.859,258.9,254.452
1781098536.767426,3.493,10.929,0.005,0.015,260.826,258.829,254.548
1781098536.778732,3.268,11.286,0.004,0.016,260.825,258.964,254.424
1781098536.793786,3.718,11.143,0.005,0.016,260.949,258.791,254.473
1781098536.808737,3.549,11.143,0.005,0.016,260.893,258.85,254.468
1781098536.820649,3.662,11.214,0.005,0.016,260.944,258.828,254.443
1781098536.835708,3.493,11.357,0.005,0.016,260.914,258.912,254.392
1781098536.850749,3.38,10.929,0.005,0.015,260.798,258.865,254.54
1781098536.861936,3.493,11.214,0.005,0.016,260.898,258.883,254.434
1781098536.877193,3.606,11.071,0.005,0.016,260.908,258.822,254.481
1781098536.8919969,3.718,11.143,0.005,0.016,260.959,258.802,254.454
1781098536.9033768,3.493,10.929,0.005,0.016,260.844,258.836,254.525
1781098536.9183092,3.549,11.214,0.005,0.016,260.921,258.871,254.424
1781098536.968064,3.662,10.929,0.005,0.016,260.906,258.787,254.515
1781098536.968491,3.831,10.786,0.005,0.015,260.936,258.714,254.557
1781098536.968792,3.493,11.0,0.005,0.016,260.865,258.866,254.48
1781098536.975501,3.718,11.071,0.005,0.016,260.957,258.808,254.451
1781098536.986611,3.549,10.929,0.005,0.016,260.874,258.836,254.498
1781098537.0016189,3.831,10.929,0.005,0.016,260.968,258.749,254.495
1781098537.016691,3.493,10.929,0.005,0.016,260.855,258.86,254.493
1781098537.027883,3.493,10.929,0.005,0.016,260.862,258.858,254.489
1781098537.043071,3.493,11.0,0.005,0.016,260.879,258.868,254.465
1781098537.058097,3.549,11.143,0.005,0.016,260.93,258.876,254.411
1781098537.069195,3.662,11.071,0.005,0.016,260.957,258.823,254.437
1781098537.084897,3.493,11.143,0.005,0.016,260.915,258.891,254.411
1781098537.099982,3.493,11.071,0.005,0.016,260.906,258.874,254.434
1781098537.111287,3.606,11.071,0.005,0.016,260.947,258.839,254.431
1781098537.126564,3.493,11.0,0.005,0.016,260.896,258.864,254.453
1781098537.141456,3.493,10.929,0.005,0.016,260.884,258.85,254.477
1781098537.189698,3.549,10.786,0.005,0.016,260.881,258.803,254.523
1781098537.1900868,3.493,10.929,0.005,0.016,260.893,258.854,254.465
1781098537.190428,3.606,10.786,0.005,0.016,260.91,258.795,254.505
1781098537.19402,3.437,11.071,0.005,0.016,260.909,258.902,254.406
1781098537.209146,3.493,11.286,0.005,0.016,260.97,258.922,254.333
1781098537.221081,3.493,11.0,0.005,0.016,260.919,258.866,254.43
1781098537.236096,3.268,11.0,0.005,0.016,260.848,258.94,254.425
1781098537.2510662,3.493,10.786,0.005,0.016,260.889,258.829,254.492
1781098537.2623,3.38,11.0,0.005,0.016,260.893,258.906,254.417
1781098537.2773492,3.662,10.786,0.005,0.016,260.95,258.78,254.483
1781098537.292325,3.718,10.929,0.005,0.016,260.995,258.794,254.429
1781098537.3036768,3.493,10.714,0.005,0.016,260.88,258.83,254.499
1781098537.318733,3.493,10.929,0.005,0.016,260.919,258.871,254.425
1781098537.333649,4.0,10.714,0.006,0.016,261.046,258.675,254.495
1781098537.345723,3.662,10.643,0.005,0.016,260.92,258.772,254.517
1781098537.3607569,3.493,11.0,0.005,0.016,260.937,258.892,254.39
1781098537.409728,3.549,11.071,0.005,0.016,260.971,258.886,254.365
1781098537.410113,3.437,10.643,0.005,0.016,260.854,258.839,254.513
1781098537.41043,3.549,11.143,0.005,0.016,260.99,258.895,254.34
1781098537.4168582,3.606,11.357,0.005,0.017,261.049,258.913,254.272
1781098537.4282398,3.38,11.357,0.005,0.017,260.973,258.983,254.273
1781098537.4433029,3.493,11.143,0.005,0.016,260.972,258.907,254.345
1781098537.4584162,3.718,11.143,0.005,0.016,261.05,258.833,254.344
1781098537.470183,3.437,11.286,0.005,0.017,260.988,258.948,254.293
1781098537.485058,3.493,11.071,0.005,0.016,260.967,258.889,254.366
1781098537.5000849,3.324,11.214,0.005,0.016,260.941,258.97,254.315
1781098537.511412,3.606,11.214,0.005,0.016,261.041,258.875,254.313
1781098537.526561,3.437,11.0,0.005,0.016,260.944,258.888,254.388
1781098537.5413692,3.268,11.143,0.005,0.016,260.916,258.969,254.337
1781098537.552931,3.493,11.143,0.005,0.016,260.993,258.897,254.335
1781098537.567741,3.493,11.143,0.005,0.016,260.995,258.899,254.332
1781098537.58289,3.549,11.071,0.005,0.016,261.0,258.87,254.355
1781098537.63211,3.606,11.0,0.005,0.016,261.008,258.842,254.374
1781098537.632464,3.493,11.071,0.005,0.016,260.988,258.891,254.346
1781098537.632769,3.437,11.0,0.005,0.016,260.955,258.896,254.371
1781098537.636013,3.662,10.857,0.005,0.016,261.005,258.803,254.412
1781098537.651104,3.662,11.214,0.005,0.017,261.075,258.873,254.284
1781098537.662373,3.606,10.929,0.005,0.016,261.002,258.842,254.379
1781098537.677407,3.662,11.214,0.005,0.017,261.077,258.879,254.278
1781098537.692541,3.662,10.929,0.005,0.016,261.022,258.829,254.373
1781098537.7038982,3.775,11.0,0.005,0.016,261.078,258.812,254.339
1781098537.7188349,3.606,10.714,0.005,0.016,260.968,258.815,254.433
1781098537.733761,3.887,10.929,0.006,0.016,261.107,258.767,254.354
1781098537.7457972,3.606,10.929,0.005,0.016,261.018,258.858,254.349
1781098537.760869,3.493,10.714,0.005,0.016,260.943,258.853,254.42
1781098537.775985,3.493,10.857,0.005,0.016,260.975,258.88,254.367
1781098537.7874439,3.549,10.857,0.005,0.016,261.0,258.862,254.362
1781098537.802183,3.549,10.857,0.005,0.016,261.003,258.861,254.361
1781098537.8483331,3.606,10.857,0.005,0.016,261.026,258.841,254.358
1781098537.848774,3.493,10.857,0.005,0.016,260.992,258.878,254.354
1781098537.849091,3.268,11.0,0.005,0.017,260.949,258.973,254.305
1781098537.858321,3.493,10.929,0.005,0.016,261.014,258.882,254.331
1781098537.870213,3.324,11.0,0.005,0.017,260.974,258.95,254.303
1781098537.885205,3.437,10.714,0.005,0.016,260.96,258.861,254.399
1781098537.900356,3.437,10.786,0.005,0.016,260.977,258.874,254.371
1781098537.9115672,3.549,10.786,0.005,0.016,261.019,258.842,254.363
1781098537.926785,3.437,10.857,0.005,0.016,260.993,258.891,254.34
1781098537.941715,3.606,10.714,0.005,0.016,261.021,258.813,254.388
1781098537.9529321,3.437,10.786,0.005,0.016,260.981,258.883,254.359
1781098537.9679139,3.437,10.643,0.005,0.016,260.952,258.859,254.407
1781098537.98308,3.662,10.714,0.005,0.016,261.041,258.803,254.38
1781098537.995189,3.662,11.0,0.005,0.017,261.098,258.855,254.28
1781098538.010195,3.437,10.643,0.005,0.016,260.955,258.864,254.4
1781098538.025161,3.493,11.143,0.005,0.017,261.07,258.941,254.226
1781098538.074761,3.718,11.143,0.005,0.017,261.147,258.868,254.225
1781098538.075114,3.493,10.786,0.005,0.016,261.003,258.875,254.347
1781098538.07543,3.493,11.071,0.005,0.017,261.062,258.926,254.247
1781098538.077853,3.718,11.0,0.005,0.017,261.124,258.842,254.27
1781098538.092892,3.606,11.0,0.005,0.017,261.087,258.878,254.27
1781098538.1042051,3.493,10.929,0.005,0.017,261.04,258.9,254.291
1781098538.1192331,3.437,10.929,0.005,0.017,261.024,258.919,254.288
1781098538.13482,2.986,10.857,0.004,0.017,260.871,259.046,254.307
1781098538.146097,3.493,10.929,0.005,0.017,261.064,258.899,254.271
1781098538.1613288,3.493,11.071,0.005,0.017,261.092,258.926,254.221
1781098538.176327,3.493,10.929,0.005,0.017,261.064,258.899,254.27
1781098538.1876612,3.437,10.714,0.005,0.016,261.006,258.879,254.341
1781098538.2028391,3.38,10.929,0.005,0.017,261.027,258.934,254.271
1781098538.2178261,3.606,10.714,0.005,0.016,261.061,258.826,254.341
1781098538.229491,3.606,10.857,0.005,0.017,261.091,258.855,254.288
1781098538.2443788,3.549,10.714,0.005,0.016,261.047,258.846,254.335
1781098538.293343,3.38,10.714,0.005,0.016,260.996,258.906,254.325
1781098538.293726,3.718,10.786,0.006,0.017,261.124,258.813,254.297
1781098538.294042,3.549,10.571,0.005,0.016,261.027,258.832,254.365
1781098538.301044,3.775,10.643,0.006,0.016,261.123,258.774,254.334
1781098538.312244,3.718,10.714,0.006,0.017,261.114,258.81,254.309
1781098538.3272908,3.493,10.643,0.005,0.016,261.029,258.87,254.329
1781098538.342475,3.493,10.786,0.005,0.017,261.059,258.9,254.275
1781098538.3536232,3.775,10.643,0.006,0.016,261.128,258.782,254.322
1781098538.368737,3.549,10.714,0.005,0.017,261.069,258.871,254.292
1781098538.383847,3.324,10.643,0.005,0.016,260.984,258.927,254.316
1781098538.3957381,3.549,10.714,0.005,0.017,261.082,258.866,254.285
1781098538.4108422,3.493,10.786,0.005,0.017,261.08,258.898,254.258
1781098538.4259121,3.38,10.643,0.005,0.017,261.016,258.906,254.306
1781098538.437108,3.493,10.786,0.005,0.017,261.08,258.895,254.26
1781098538.4519522,3.718,10.857,0.006,0.017,261.171,258.836,254.234
1781098538.467157,3.437,10.714,0.005,0.017,261.051,258.901,254.28
1781098538.515112,3.831,11.0,0.006,0.017,261.237,258.827,254.183
1781098538.515549,3.549,10.929,0.005,0.017,261.129,258.904,254.208
1781098538.515869,3.493,10.643,0.005,0.017,261.06,258.865,254.306
1781098538.520131,3.324,10.857,0.005,0.017,261.048,258.955,254.233
1781098538.53505,3.606,10.786,0.005,0.017,261.132,258.851,254.255
1781098538.5464032,3.606,10.786,0.005,0.017,261.132,258.855,254.251
1781098538.5616362,3.662,10.643,0.006,0.017,261.123,258.819,254.292
1781098538.5766459,3.775,10.714,0.006,0.017,261.178,258.799,254.262
1781098538.587925,3.831,10.571,0.006,0.017,261.171,258.759,254.305
1781098538.602973,3.437,10.571,0.005,0.017,261.042,258.888,254.301
1781098538.6179872,3.493,10.571,0.005,0.017,261.066,258.867,254.299
1781098538.629457,3.437,10.643,0.005,0.017,261.07,258.896,254.268
1781098538.644278,3.437,10.571,0.005,0.017,261.06,258.883,254.288
1781098538.660083,3.606,10.5,0.006,0.017,261.107,258.815,254.31
1781098538.67156,3.831,10.643,0.006,0.017,261.208,258.773,254.259
1781098538.686421,3.493,10.643,0.005,0.017,261.093,258.885,254.258
1781098538.734261,3.549,10.714,0.005,0.017,261.127,258.88,254.232
1781098538.734686,3.662,10.857,0.006,0.017,261.194,258.871,254.18
1781098538.735001,3.775,10.571,0.006,0.017,261.178,258.785,254.275
1781098538.742681,3.493,10.929,0.005,0.017,261.151,258.94,254.155
1781098538.7540789,3.493,10.786,0.005,0.017,261.125,258.912,254.205
1781098538.769024,3.606,10.786,0.005,0.017,261.164,258.876,254.203
1781098538.7840252,3.662,10.786,0.006,0.017,261.183,258.856,254.205
1781098538.7959309,3.775,10.786,0.006,0.017,261.222,258.821,254.203
1781098538.8108978,3.606,10.714,0.006,0.017,261.157,258.862,254.222
1781098538.826079,3.38,10.786,0.005,0.017,261.098,258.948,254.195
1781098538.837203,3.493,10.643,0.005,0.017,261.112,258.884,254.241
1781098538.8523269,3.268,10.643,0.005,0.017,261.044,258.957,254.234
1781098538.867379,3.099,10.5,0.005,0.017,260.967,258.983,254.279
1781098538.878701,3.549,10.643,0.006,0.017,261.152,258.861,254.228
1781098538.893656,3.493,10.786,0.005,0.017,261.161,258.905,254.178
1781098538.9085681,3.606,10.786,0.006,0.017,261.197,258.873,254.176
1781098538.9577558,3.549,10.643,0.005,0.017,261.148,258.871,254.222
1781098538.9581141,3.606,10.643,0.006,0.017,261.169,258.855,254.218
1781098538.958431,3.549,10.714,0.005,0.017,261.167,258.889,254.189
1781098538.961591,3.718,10.5,0.006,0.017,261.182,258.796,254.261
1781098538.9768052,3.718,10.929,0.006,0.017,261.264,258.88,254.111
1781098538.988252,3.831,10.857,0.006,0.017,261.286,258.832,254.136
1781098539.003135,3.549,10.714,0.005,0.017,261.16,258.903,254.181
1781098539.018067,3.775,10.571,0.006,0.017,261.208,258.805,254.23
1781098539.029975,3.718,10.714,0.006,0.017,261.223,258.853,254.172
1781098539.045132,3.887,10.643,0.006,0.017,261.27,258.786,254.193
1781098539.0601091,3.718,10.786,0.006,0.017,261.24,258.87,254.141
1781098539.071506,3.775,10.714,0.006,0.017,261.246,258.839,254.165
1781098539.086561,3.887,10.571,0.006,0.017,261.259,258.778,254.21
1781098539.101543,3.775,10.571,0.006,0.017,261.221,258.82,254.205
1781098539.1129248,3.775,10.714,0.006,0.017,261.248,258.848,254.155
1781098539.127856,3.606,10.429,0.006,0.017,261.141,258.85,254.247
1781098539.175319,3.718,10.5,0.006,0.017,261.198,258.828,254.217
1781098539.1756759,3.831,10.071,0.006,0.016,261.158,258.715,254.358
1781098539.175992,3.718,10.429,0.006,0.017,261.192,258.821,254.229
1781098539.1838348,3.606,10.357,0.006,0.017,261.143,258.847,254.248
1781098539.195786,3.606,10.357,0.006,0.017,261.152,258.847,254.24
1781098539.21084,3.775,10.071,0.006,0.016,261.162,258.742,254.329
1781098539.226052,3.718,10.286,0.006,0.017,261.186,258.804,254.25
1781098539.237386,3.775,10.071,0.006,0.016,261.168,258.751,254.316
1781098539.252373,3.718,9.929,0.006,0.016,261.127,258.747,254.356
1781098539.2673368,3.606,9.643,0.006,0.016,261.04,258.738,254.442
1781098539.278715,3.887,9.714,0.006,0.016,261.154,258.665,254.408
1781098539.293678,3.831,9.5,0.006,0.016,261.1,258.652,254.469
1781098539.305805,3.718,9.214,0.006,0.015,261.018,258.643,254.549
1781098539.3207538,3.493,9.143,0.005,0.015,260.943,258.707,254.556
1781098539.335695,3.662,9.071,0.006,0.015,260.993,258.645,254.57
1781098539.3470788,3.606,8.714,0.006,0.015,260.919,258.605,254.674
1781098539.3935812,3.775,8.714,0.006,0.015,260.988,258.559,254.656
1781098539.393939,3.606,8.429,0.006,0.015,260.889,258.572,254.731
1781098539.394252,3.549,8.429,0.006,0.015,260.88,258.595,254.718
1781098539.403265,3.493,7.929,0.005,0.014,260.781,258.528,254.87
1781098539.414964,3.493,7.929,0.005,0.014,260.8,258.535,254.846
1781098539.430202,3.38,7.571,0.005,0.014,260.713,258.515,254.944
1781098539.445169,3.268,7.143,0.005,0.013,260.61,258.476,255.074
1781098539.456291,3.268,7.143,0.005,0.013,260.632,258.483,255.048
1781098539.471672,3.38,7.286,0.005,0.013,260.716,258.482,254.972
1781098539.486578,3.268,6.857,0.005,0.013,260.602,258.446,255.11
1781098539.4978151,3.324,6.929,0.005,0.013,260.648,258.447,255.067
1781098539.5130088,3.268,6.857,0.005,0.013,260.63,258.454,255.076
1781098539.523895,3.099,6.643,0.005,0.013,260.548,258.472,255.134
1781098539.539237,3.099,6.571,0.005,0.013,260.547,258.458,255.148
1781098539.554114,3.042,6.5,0.005,0.013,260.526,258.466,255.16
1781098539.5658429,3.042,6.429,0.005,0.013,260.522,258.455,255.174
1781098539.609675,2.817,6.571,0.005,0.013,260.492,258.553,255.109
1781098539.610058,2.817,6.429,0.005,0.013,260.474,258.524,255.153
1781098539.6103811,2.592,6.357,0.004,0.013,260.402,258.58,255.166
1781098539.622359,2.93,6.214,0.005,0.012,260.498,258.445,255.205
1781098539.633506,2.592,6.0,0.004,0.012,260.36,258.512,255.268
1781098539.648684,2.423,5.929,0.004,0.012,260.302,258.554,255.281
1781098539.6639822,2.366,5.857,0.004,0.012,260.284,258.557,255.295
1781098539.6757991,2.423,5.786,0.004,0.012,260.308,258.522,255.306
1781098539.7144818,2.197,5.857,0.004,0.012,260.26,258.605,255.272
1781098539.714775,2.254,6.0,0.004,0.012,260.311,258.61,255.221
1781098539.716962,2.31,6.0,0.004,0.012,260.337,258.588,255.218
1781098539.7319849,2.423,6.286,0.004,0.013,260.429,258.599,255.122
1781098539.7431831,2.254,6.357,0.004,0.013,260.388,258.661,255.102
1781098539.758414,2.197,6.643,0.004,0.013,260.424,258.726,255.009
1781098539.773524,2.254,6.357,0.004,0.013,260.389,258.65,255.112
1781098539.785381,2.254,6.714,0.004,0.013,260.457,258.712,254.991
1781098539.8003688,2.028,6.5,0.004,0.013,260.341,258.742,255.068
1781098539.815444,2.366,6.357,0.004,0.013,260.427,258.604,255.119
1781098539.8268359,2.085,6.643,0.004,0.013,260.387,258.747,255.022
1781098539.8418639,2.197,6.286,0.004,0.013,260.361,258.638,255.148
1781098539.853281,2.366,6.643,0.004,0.013,260.483,258.649,255.027
1781098539.8682518,2.254,6.857,0.004,0.014,260.482,258.72,254.96
1781098539.883243,2.254,7.214,0.004,0.014,260.543,258.785,254.845
1781098539.895194,2.366,7.214,0.004,0.014,260.574,258.741,254.858
1781098539.943403,2.197,7.143,0.004,0.014,260.5,258.779,254.888
1781098539.943748,2.366,7.286,0.004,0.014,260.582,258.745,254.847
1781098539.944061,2.479,7.429,0.005,0.014,260.641,258.729,254.808
1781098539.951357,2.141,7.286,0.004,0.014,260.499,258.804,254.867
1781098539.962702,2.197,7.5,0.004,0.014,260.556,258.822,254.798
1781098539.977738,1.915,7.643,0.004,0.014,260.495,258.93,254.752
1781098539.99299,2.028,7.643,0.004,0.014,260.533,258.889,254.757
1781098540.004128,2.31,8.0,0.004,0.015,260.688,258.859,254.644
1781098540.019857,3.324,9.071,0.006,0.017,261.223,258.731,254.286
1781098540.034933,4.225,10.929,0.007,0.019,261.815,258.789,253.712
1781098540.046278,4.789,12.643,0.008,0.022,262.231,258.92,253.233
1781098540.0614169,4.958,14.071,0.008,0.023,262.455,259.112,252.868
1781098540.076292,5.014,15.071,0.008,0.024,262.6,259.261,252.612
1781098540.08797,4.901,15.143,0.008,0.024,262.483,259.274,252.699
1781098540.102866,5.07,13.357,0.008,0.021,262.136,258.874,253.356
1781098540.114191,4.282,9.857,0.006,0.016,261.19,258.518,254.513
1781098540.1588988,3.437,6.857,0.005,0.011,260.393,258.269,255.469
1781098540.1592488,2.93,5.5,0.004,0.009,260.011,258.201,255.887
