Timestamp,x_parc,y_parc,x_out,y_out,a_pos,b_pos,c_pos
1780889624.668767,0.0,0.0,0.0,0.0,258.008,258.008,258.008
1780889624.703446,0.0,0.0,0.0,0.0,258.008,258.008,258.008
1780889624.703747,0.0,0.0,0.0,0.0,258.008,258.008,258.008
1780889624.703979,0.0,0.0,0.0,0.0,258.008,258.008,258.008
1780889624.718637,0.0,0.0,0.0,0.0,258.008,258.008,258.008
1780889624.729158,0.0,0.0,0.0,0.0,258.008,258.008,258.008
1780889624.7431529,0.0,0.0,0.0,0.0,258.008,258.008,258.008
1780889624.753807,0.0,0.0,0.0,0.0,258.008,258.008,258.008
1780889624.768277,0.0,0.0,0.0,0.0,258.008,258.008,258.008
1780889624.778888,0.0,0.0,0.0,0.0,258.008,258.008,258.008
1780889624.8404322,0.0,0.0,0.0,0.0,258.008,258.008,258.008
1780889624.840699,0.0,0.0,0.0,0.0,258.008,258.008,258.008
1780889624.840925,0.0,0.0,0.0,0.0,258.008,258.008,258.008
1780889624.841145,0.0,0.0,0.0,0.0,258.008,258.008,258.008
1780889624.842669,0.0,0.0,0.0,0.0,258.008,258.008,258.008
1780889624.85316,0.0,0.0,0.0,0.0,258.008,258.008,258.008
1780889624.867265,0.0,0.0,0.0,0.0,258.008,258.008,258.008
1780889624.877596,0.0,0.0,0.0,0.0,258.008,258.008,258.008
1780889624.8911748,0.0,0.0,0.0,0.0,258.008,258.008,258.008
1780889624.918337,0.0,0.0,0.0,0.0,258.008,258.008,258.008
1780889624.9186208,0.0,0.0,0.0,0.0,258.008,258.008,258.008
1780889624.926193,0.0,0.0,0.0,0.0,258.008,258.008,258.008
1780889624.9397519,0.0,0.0,0.0,0.0,258.008,258.008,258.008
1780889624.950012,0.0,0.0,0.0,0.0,258.008,258.008,258.008
1780889624.9636438,0.0,0.0,0.0,0.0,258.008,258.008,258.008
1780889624.9740539,0.0,0.0,0.0,0.0,258.008,258.008,258.008
1780889624.988263,0.0,0.0,0.0,0.0,258.008,258.008,258.008
1780889624.998511,0.0,0.0,0.0,0.0,258.008,258.008,258.008
1780889625.020282,0.0,0.0,0.0,0.0,258.008,258.008,258.008
1780889625.0227048,0.0,0.0,0.0,0.0,258.008,258.008,258.008
1780889625.036492,0.0,0.0,0.0,0.0,258.008,258.008,258.008
1780889625.046957,0.0,0.0,0.0,0.0,258.008,258.008,258.008
1780889625.060401,0.0,0.0,0.0,0.0,258.008,258.008,258.008
1780889625.070903,0.0,0.0,0.0,0.0,258.008,258.008,258.008
1780889625.084335,0.0,0.0,0.0,0.0,258.008,258.008,258.008
1780889625.09468,0.0,0.0,0.0,0.0,258.008,258.008,258.008
1780889625.108782,0.0,0.0,0.0,0.0,258.008,258.008,258.008
1780889625.119164,0.0,0.0,0.0,0.0,258.008,258.008,258.008
1780889625.1327958,0.0,0.0,0.0,0.0,258.008,258.008,258.008
1780889625.143002,0.0,0.0,0.0,0.0,258.008,258.008,258.008
1780889625.157314,0.0,0.0,0.0,0.0,258.008,258.008,258.008
1780889625.167708,0.0,0.0,0.0,0.0,258.008,258.008,258.008
1780889625.1811771,0.0,0.0,0.0,0.0,258.008,258.008,258.008
1780889625.191699,0.0,0.0,0.0,0.0,258.008,258.008,258.008
1780889625.205728,0.0,0.0,0.0,0.0,258.008,258.008,258.008
1780889625.216137,0.0,0.0,0.0,0.0,258.008,258.008,258.008
1780889625.239285,0.0,0.0,0.0,0.0,258.008,258.008,258.008
1780889625.239894,0.0,0.0,0.0,0.0,258.008,258.008,258.008
1780889625.25345,0.0,0.0,0.0,0.0,258.008,258.008,258.008
1780889625.263882,0.0,0.0,0.0,0.0,258.008,258.008,258.008
1780889625.278005,0.0,0.0,0.0,0.0,258.008,258.008,258.008
1780889625.288448,0.0,0.0,0.0,0.0,258.008,258.008,258.008
1780889625.30192,0.0,0.0,0.0,0.0,258.008,258.008,258.008
1780889625.312261,0.0,0.0,0.0,0.0,258.008,258.008,258.008
1780889625.326369,0.0,0.0,0.0,0.0,258.008,258.008,258.008
1780889625.336653,0.0,0.0,0.0,0.0,258.008,258.008,258.008
1780889625.350253,0.0,0.0,0.0,0.0,258.008,258.008,258.008
1780889625.360557,0.0,0.0,0.0,0.0,258.008,258.008,258.008
1780889625.374021,0.0,0.0,0.0,0.0,258.008,258.008,258.008
1780889625.3845508,0.0,0.0,0.0,0.0,258.008,258.008,258.008
1780889625.398742,0.0,0.0,0.0,0.0,258.008,258.008,258.008
1780889625.409125,0.0,0.0,0.0,0.0,258.008,258.008,258.008
1780889625.4227571,0.0,0.0,0.0,0.0,258.008,258.008,258.008
1780889625.433036,0.0,0.0,0.0,0.0,258.008,258.008,258.008
1780889625.462424,0.0,0.0,0.0,0.0,258.008,258.008,258.008
1780889625.463048,0.0,0.0,0.0,0.0,258.008,258.008,258.008
1780889625.471025,0.0,0.0,0.0,0.0,258.008,258.008,258.008
1780889625.481537,0.0,0.0,0.0,0.0,258.008,258.008,258.008
1780889625.49554,0.0,0.0,0.0,0.0,258.008,258.008,258.008
1780889625.506023,0.0,0.0,0.0,0.0,258.008,258.008,258.008
1780889625.519884,0.0,0.0,0.0,0.0,258.008,258.008,258.008
1780889625.5300732,0.0,0.0,0.0,0.0,258.008,258.008,258.008
1780889625.543541,0.0,0.0,0.0,0.0,258.008,258.008,258.008
1780889625.553709,0.0,0.0,0.0,0.0,258.008,258.008,258.008
1780889625.5678122,0.0,0.0,0.0,0.0,258.008,258.008,258.008
1780889625.5781472,0.0,0.0,0.0,0.0,258.008,258.008,258.008
1780889625.592551,0.0,0.0,0.0,0.0,258.008,258.008,258.008
1780889625.602473,0.0,0.0,0.0,0.0,258.008,258.008,258.008
1780889625.616389,0.0,0.0,0.0,0.0,258.008,258.008,258.008
1780889625.626772,0.0,0.0,0.0,0.0,258.008,258.008,258.008
1780889625.640238,0.0,0.0,0.0,0.0,258.008,258.008,258.008
1780889625.650736,0.0,0.0,0.0,0.0,258.008,258.008,258.008
1780889625.6841228,0.0,0.0,0.0,0.0,258.008,258.008,258.008
1780889625.6845272,0.0,0.0,0.0,0.0,258.008,258.008,258.008
1780889625.68838,0.0,0.0,0.0,0.0,258.008,258.008,258.008
1780889625.698729,0.0,0.0,0.0,0.0,258.008,258.008,258.008
1780889625.7121,0.0,0.0,0.0,0.0,258.008,258.008,258.008
1780889625.722744,0.0,0.0,0.0,0.0,258.008,258.008,258.008
1780889625.7367492,0.0,0.0,0.0,0.0,258.008,258.008,258.008
1780889625.747138,0.0,0.0,0.0,0.0,258.008,258.008,258.008
1780889625.760661,0.0,0.0,0.0,0.0,258.008,258.008,258.008
1780889625.7711549,0.0,0.0,0.0,0.0,258.008,258.008,258.008
1780889625.784831,0.0,0.0,0.0,0.0,258.008,258.008,258.008
1780889625.79567,0.0,0.0,0.0,0.0,258.008,258.008,258.008
1780889625.809071,0.0,0.0,0.0,0.0,258.008,258.008,258.008
1780889625.819499,0.0,0.0,0.0,0.0,258.008,258.008,258.008
1780889625.832949,0.0,0.0,0.0,0.0,258.008,258.008,258.008
1780889625.8435872,0.0,0.0,0.0,0.0,258.008,258.008,258.008
1780889625.8575091,0.0,0.0,0.0,0.0,258.008,258.008,258.008
1780889625.8681479,0.0,0.0,0.0,0.0,258.008,258.008,258.008
1780889625.902467,0.0,0.0,0.0,0.0,258.008,258.008,258.008
1780889625.90292,0.0,0.0,0.0,0.0,258.008,258.008,258.008
1780889625.906039,0.0,0.0,0.0,0.0,258.008,258.008,258.008
1780889625.919728,-30.31,13.643,0.018,-0.008,260.77,253.59,259.931
1780889625.930144,-30.366,11.929,0.018,-0.007,260.949,253.723,259.609
1780889625.9439292,-30.366,11.929,0.018,-0.007,260.949,253.723,259.609
1780889625.954454,-30.366,11.929,0.018,-0.007,260.949,253.723,259.609
1780889625.968707,-30.366,11.929,0.018,-0.007,260.949,253.723,259.609
1780889625.982474,-27.944,6.714,0.016,-0.003,261.047,254.534,258.633
1780889625.9928372,-27.944,6.714,0.016,-0.003,261.047,254.534,258.633
1780889626.007165,-27.944,6.714,0.016,-0.003,261.047,254.534,258.633
1780889626.0179331,-24.225,3.143,0.013,0.0,260.762,255.388,258.0
1780889626.031788,-24.62,3.286,0.014,-0.0,260.813,255.235,258.112
1780889626.045983,-24.394,1.5,0.014,0.001,260.95,255.393,257.817
1780889626.056776,-24.394,1.5,0.014,0.001,260.95,255.393,257.817
1780889626.0703518,-22.535,0.714,0.013,0.001,260.713,255.674,257.749
1780889626.10752,-21.859,-0.071,0.012,0.002,260.679,255.811,257.64
1780889626.1079302,-21.239,-0.071,0.012,0.001,260.579,255.868,257.676
1780889626.10882,-20.789,-0.857,0.011,0.002,260.585,255.972,257.564
1780889626.1193972,-19.38,-1.5,0.011,0.002,260.424,256.173,257.509
1780889626.1332722,-18.479,-2.714,0.01,0.003,260.399,256.386,257.316
1780889626.143669,-18.423,-3.357,0.01,0.003,260.461,256.414,257.23
1780889626.158057,-17.465,-4.143,0.009,0.004,260.383,256.597,257.118
1780889626.16866,-16.113,-5.429,0.009,0.005,260.297,256.847,256.948
1780889626.182611,-15.268,-5.786,0.008,0.005,260.199,256.973,256.914
1780889626.1966982,-14.535,-6.357,0.008,0.005,260.143,257.101,256.84
1780889626.207338,-13.803,-7.143,0.007,0.006,260.108,257.248,256.727
1780889626.2212532,-12.282,-8.786,0.006,0.007,260.035,257.557,256.49
1780889626.231838,-11.437,-10.143,0.006,0.008,260.036,257.774,256.277
1780889626.246061,-10.423,-11.143,0.005,0.008,259.974,257.984,256.131
1780889626.2600472,-10.028,-12.0,0.005,0.009,260.002,258.08,256.012
1780889626.2701719,-8.507,-13.214,0.004,0.009,259.886,258.345,255.865
1780889626.284051,-8.507,-13.214,0.004,0.009,259.886,258.345,255.865
1780889626.3142211,-6.986,-15.214,0.003,0.011,259.836,258.732,255.543
1780889626.314531,-6.085,-16.071,0.002,0.011,259.78,258.907,255.43
1780889626.322512,-3.718,-18.0,0.001,0.013,259.598,259.368,255.166
1780889626.333001,-2.817,-18.786,0.0,0.013,259.539,259.534,255.067
1780889626.347402,-2.31,-19.5,-0.0,0.013,259.538,259.629,254.98
1780889626.361117,-0.225,-21.357,-0.002,0.015,259.402,260.041,254.728
1780889626.371892,0.901,-22.214,-0.002,0.015,259.313,260.254,254.616
1780889626.385953,1.746,-23.143,-0.003,0.016,259.278,260.427,254.492
1780889626.3966541,2.704,-23.643,-0.003,0.016,259.184,260.578,254.443
1780889626.410439,5.014,-25.0,-0.005,0.017,258.969,260.983,254.279
1780889626.424232,6.197,-25.286,-0.006,0.017,258.822,261.152,254.264
1780889626.4351208,6.704,-26.286,-0.006,0.017,258.855,261.277,254.123
1780889626.449381,7.549,-27.5,-0.006,0.018,258.85,261.482,253.946
1780889626.459858,8.958,-29.143,-0.007,0.019,258.809,261.769,253.733
1780889626.473662,9.915,-29.571,-0.008,0.019,258.71,261.919,253.694
1780889626.488012,10.592,-30.786,-0.008,0.02,258.731,262.099,253.518
1780889626.5222971,11.606,-31.143,-0.009,0.02,258.616,262.253,253.492
1780889626.522723,13.127,-32.857,-0.01,0.021,258.563,262.576,253.264
1780889626.523117,13.408,-32.929,-0.01,0.021,258.541,262.575,253.286
1780889626.537136,13.408,-32.929,-0.01,0.021,258.541,262.575,253.286
1780889626.550922,17.239,-34.571,-0.012,0.022,258.113,263.302,253.066
1780889626.561413,15.211,-34.857,-0.01,0.022,258.49,262.91,253.049
1780889626.575823,16.394,-35.071,-0.011,0.022,258.331,263.093,253.041
1780889626.5896242,16.394,-35.714,-0.011,0.023,258.405,263.109,252.959
1780889626.600395,17.127,-36.571,-0.011,0.023,258.391,263.236,252.866
1780889626.6140091,18.197,-37.214,-0.012,0.024,258.288,263.45,252.782
1780889626.6245608,18.423,-37.286,-0.012,0.024,258.271,263.453,252.795
1780889626.638942,18.423,-37.286,-0.012,0.024,258.271,263.453,252.795
1780889626.652782,20.845,-39.0,-0.014,0.025,258.066,263.975,252.553
1780889626.663287,21.014,-39.143,-0.014,0.025,258.067,263.973,252.553
1780889626.677675,21.014,-39.143,-0.014,0.025,258.067,263.973,252.553
1780889626.691245,22.986,-38.143,-0.015,0.024,257.673,264.181,252.745
1780889626.727701,23.324,-38.286,-0.015,0.024,257.655,264.211,252.737
1780889626.728182,24.113,-38.0,-0.016,0.024,257.524,264.282,252.8
1780889626.7285252,25.746,-37.786,-0.017,0.023,257.268,264.514,252.849
1780889626.740489,26.085,-37.5,-0.017,0.023,257.216,264.502,252.907
1780889626.7542741,27.155,-37.143,-0.018,0.023,257.041,264.619,252.975
1780889626.764829,27.493,-36.786,-0.018,0.022,256.984,264.603,253.042
1780889626.77921,27.944,-36.714,-0.018,0.022,256.935,264.641,253.057
1780889626.792902,28.282,-36.214,-0.018,0.022,256.891,264.584,253.145
1780889626.803555,28.338,-35.286,-0.018,0.021,256.822,264.469,253.304
1780889626.817794,28.732,-34.857,-0.018,0.021,256.746,264.473,253.373
1780889626.8285701,29.07,-34.0,-0.018,0.02,256.663,264.405,253.508
1780889626.8423738,29.465,-33.214,-0.019,0.02,256.553,264.379,253.634
1780889626.856687,29.183,-32.357,-0.018,0.019,256.544,264.224,253.771
1780889626.867167,29.69,-30.571,-0.019,0.018,256.326,264.121,254.065
1780889626.8809988,29.972,-29.5,-0.019,0.017,256.236,264.048,254.214
1780889626.8954508,29.859,-29.214,-0.019,0.017,256.252,263.995,254.242
1780889626.930685,29.634,-29.429,-0.018,0.017,256.328,263.975,254.185
1780889626.931186,29.521,-28.857,-0.018,0.017,256.313,263.896,254.267
1780889626.931595,28.958,-27.571,-0.018,0.016,256.319,263.669,254.452
1780889626.943949,28.676,-26.143,-0.017,0.015,256.25,263.479,254.681
1780889626.95842,28.282,-25.429,-0.017,0.014,256.263,263.347,254.782
1780889626.968928,27.944,-24.286,-0.017,0.014,256.239,263.199,254.932
1780889626.98275,27.493,-23.143,-0.016,0.013,256.22,263.019,255.108
1780889626.9970171,27.211,-22.429,-0.016,0.012,256.211,262.915,255.206
1780889627.007976,26.704,-21.286,-0.016,0.012,256.199,262.73,255.379
1780889627.021415,26.028,-19.643,-0.015,0.011,256.178,262.494,255.608
1780889627.032106,25.859,-18.643,-0.015,0.01,256.125,262.389,255.754
1780889627.046516,25.07,-17.643,-0.015,0.009,256.168,262.178,255.899
1780889627.060229,24.789,-16.929,-0.014,0.009,256.156,262.087,255.992
1780889627.0708768,23.38,-15.214,-0.013,0.008,256.235,261.733,256.234
1780889627.084716,23.099,-14.357,-0.013,0.007,256.207,261.633,256.352
1780889627.098958,22.648,-13.5,-0.013,0.007,256.205,261.505,256.471
1780889627.134588,21.465,-11.5,-0.012,0.005,256.219,261.176,256.759
1780889627.1349509,20.901,-10.857,-0.012,0.005,256.253,261.055,256.837
1780889627.1352232,20.113,-9.5,-0.011,0.004,256.257,260.826,257.047
1780889627.148004,20.0,-9.357,-0.011,0.004,256.264,260.833,257.033
1780889627.1617181,18.423,-7.143,-0.01,0.003,256.314,260.429,257.362
1780889627.1723678,17.803,-6.643,-0.01,0.003,256.366,260.318,257.414
1780889627.1867049,16.845,-5.857,-0.009,0.002,256.444,260.123,257.521
1780889627.197233,16.225,-5.357,-0.009,0.002,256.493,260.014,257.575
1780889627.211256,14.93,-4.714,-0.008,0.002,256.628,259.821,257.623
1780889627.225439,13.859,-3.5,-0.007,0.001,256.679,259.568,257.814
1780889627.235876,13.239,-2.714,-0.007,0.0,256.698,259.435,257.925
1780889627.249682,12.789,-1.643,-0.007,-0.0,256.664,259.302,258.088
1780889627.260344,10.93,-0.643,-0.005,-0.001,256.853,258.99,258.203
1780889627.27414,10.254,-0.071,-0.005,-0.001,256.897,258.87,258.275
1780889627.288664,9.465,0.643,-0.004,-0.002,256.946,258.719,258.375
1780889627.299536,7.549,1.786,-0.003,-0.002,257.123,258.39,258.522
1780889627.312949,7.211,2.0,-0.003,-0.002,257.143,258.361,258.53
1780889627.348806,6.535,2.643,-0.003,-0.003,257.178,258.236,258.621
1780889627.3492239,6.535,2.643,-0.003,-0.003,257.178,258.236,258.621
1780889627.3496199,4.282,3.357,-0.001,-0.003,257.438,257.897,258.698
1780889627.3617651,3.211,3.143,-0.0,-0.003,257.61,257.789,258.63
1780889627.37225,3.211,3.143,-0.0,-0.003,257.61,257.789,258.63
1780889627.386662,3.211,3.143,-0.0,-0.003,257.61,257.789,258.63
1780889627.400419,1.408,3.286,0.001,-0.003,257.865,257.533,258.633
1780889627.4108999,0.225,3.5,0.001,-0.003,257.983,257.417,258.631
1780889627.424764,0.225,3.5,0.001,-0.003,257.983,257.417,258.631
1780889627.435622,-1.408,3.429,0.003,-0.003,258.228,257.207,258.599
1780889627.449342,-2.479,3.071,0.003,-0.002,258.405,257.115,258.515
1780889627.459871,-2.479,3.071,0.003,-0.002,258.405,257.115,258.515
1780889627.473669,-4.676,2.143,0.005,-0.001,258.817,256.896,258.329
1780889627.484273,-5.634,1.571,0.005,-0.001,258.988,256.843,258.215
1780889627.4989738,-6.085,1.5,0.006,-0.001,259.028,256.821,258.197
1780889627.512375,-7.099,0.571,0.006,-0.0,259.205,256.824,258.021
1780889627.523108,-7.944,0.214,0.006,0.0,259.34,256.758,257.956
1780889627.537311,-8.113,-0.143,0.006,0.0,259.364,256.797,257.893
1780889627.5736918,-8.789,-0.929,0.007,0.001,259.514,256.792,257.752
1780889627.574154,-9.465,-1.214,0.007,0.001,259.616,256.739,257.707
1780889627.5745401,-10.873,-2.143,0.008,0.002,259.901,256.629,257.544
1780889627.5863512,-11.099,-3.143,0.008,0.003,259.993,256.712,257.372
1780889627.6000352,-11.775,-3.643,0.009,0.003,260.114,256.675,257.295
1780889627.610497,-12.563,-5.214,0.009,0.004,260.316,256.736,257.042
1780889627.624259,-13.183,-5.786,0.009,0.005,260.435,256.709,256.957
1780889627.635419,-13.577,-6.5,0.009,0.005,260.531,256.728,256.847
1780889627.649348,-14.028,-7.429,0.01,0.006,260.658,256.757,256.7
1780889627.663048,-14.761,-8.929,0.01,0.007,260.849,256.804,256.475
1780889627.6737301,-15.268,-9.786,0.01,0.007,260.981,256.812,256.346
1780889627.688006,-15.549,-10.857,0.01,0.008,261.095,256.874,256.18
1780889627.6987362,-16.394,-12.5,0.011,0.009,261.323,256.903,255.943
1780889627.712378,-16.901,-13.214,0.011,0.01,261.441,256.893,255.845
1780889627.7266262,-16.958,-14.571,0.011,0.01,261.546,257.012,255.633
1780889627.737272,-17.014,-15.0,0.011,0.011,261.56,257.044,255.59
1780889627.751047,-17.465,-17.0,0.011,0.012,261.762,257.155,255.301
1780889627.786277,-17.577,-17.714,0.011,0.012,261.817,257.2,255.208
1780889627.786665,-17.746,-18.5,0.011,0.013,261.89,257.242,255.103
1780889627.789674,-17.915,-19.5,0.011,0.014,261.986,257.302,254.96
1780889627.800333,-18.141,-21.071,0.011,0.014,262.116,257.399,254.752
1780889627.814166,-18.254,-22.071,0.011,0.015,262.204,257.466,254.611
1780889627.828439,-18.197,-22.786,0.011,0.016,262.235,257.532,254.521
1780889627.8389518,-18.535,-24.214,0.012,0.016,262.378,257.59,254.342
1780889627.8528051,-18.535,-24.786,0.011,0.017,262.406,257.633,254.276
1780889627.877564,-18.254,-25.571,0.011,0.017,262.409,257.741,254.173
1780889627.877941,-18.197,-25.857,0.011,0.017,262.403,257.764,254.156
1780889627.891542,-18.254,-27.714,0.011,0.018,262.552,257.904,253.896
1780889627.902078,-17.972,-28.357,0.011,0.019,262.544,257.995,253.817
1780889627.9165828,-17.746,-29.0,0.011,0.019,262.548,258.076,253.738
1780889627.930314,-17.746,-29.5,0.011,0.019,262.579,258.107,253.683
1780889627.940789,-17.127,-30.357,0.01,0.02,262.521,258.256,253.595
1780889627.954622,-17.352,-31.071,0.01,0.02,262.617,258.269,253.5
1780889627.982013,-17.127,-31.214,0.01,0.02,262.576,258.303,253.503
1780889627.9823842,-16.789,-31.857,0.01,0.021,262.568,258.402,253.419
1780889627.9930692,-16.789,-31.857,0.01,0.021,262.568,258.402,253.419
1780889628.00355,-16.789,-31.857,0.01,0.021,262.568,258.402,253.419
1780889628.017947,-15.38,-33.643,0.009,0.022,262.489,258.78,253.14
1780889628.031719,-14.366,-33.786,0.008,0.022,262.312,258.91,253.173
1780889628.042068,-14.479,-34.357,0.008,0.022,262.385,258.921,253.101
1780889628.056473,-13.972,-34.643,0.008,0.022,262.32,259.007,253.077
1780889628.0702379,-13.746,-34.857,0.008,0.022,262.3,259.041,253.064
1780889628.0809019,-12.901,-35.571,0.007,0.023,262.221,259.202,252.986
1780889628.094591,-12.169,-35.286,0.007,0.022,262.066,259.272,253.055
1780889628.105901,-11.718,-35.857,0.006,0.023,262.049,259.377,252.975
1780889628.1196108,-10.873,-36.071,0.006,0.023,261.935,259.489,252.973
1780889628.1334772,-10.31,-35.786,0.005,0.022,261.816,259.532,253.036
1780889628.144073,-9.746,-36.071,0.005,0.023,261.756,259.629,253.0
1780889628.158352,-9.127,-35.786,0.005,0.022,261.631,259.682,253.061
1780889628.19553,-7.944,-35.286,0.004,0.022,261.405,259.786,253.164
1780889628.196,-7.38,-35.286,0.003,0.022,261.325,259.857,253.17
1780889628.196934,-6.648,-35.071,0.003,0.022,261.196,259.936,253.211
1780889628.207447,-5.803,-34.571,0.002,0.021,261.022,260.007,253.3
1780889628.221272,-4.789,-33.857,0.002,0.021,260.825,260.063,253.423
1780889628.2318609,-4.169,-34.0,0.001,0.021,260.757,260.16,253.397
1780889628.2461498,-4.169,-34.0,0.001,0.021,260.757,260.16,253.397
1780889628.2598422,-2.873,-32.5,0.0,0.02,260.417,260.211,253.652
1780889628.270512,-1.634,-31.786,-0.0,0.019,260.201,260.307,253.76
1780889628.2841768,-1.127,-31.643,-0.001,0.019,260.134,260.358,253.775
1780889628.2947378,-0.338,-30.857,-0.001,0.018,259.957,260.395,253.901
1780889628.309201,0.394,-30.786,-0.002,0.018,259.86,260.491,253.902
1780889628.322985,1.408,-29.5,-0.002,0.017,259.634,260.499,254.1
1780889628.333633,2.141,-28.714,-0.003,0.017,259.472,260.529,254.222
1780889628.3482811,3.099,-28.5,-0.003,0.017,259.328,260.652,254.243
1780889628.358649,4.789,-26.857,-0.004,0.016,258.969,260.742,254.494
1780889628.372202,4.958,-26.071,-0.004,0.015,258.906,260.676,254.612
1780889628.408979,5.634,-25.143,-0.005,0.014,258.746,260.685,254.753
1780889628.409397,6.423,-24.857,-0.005,0.014,258.63,260.776,254.779
1780889628.4106848,7.549,-23.571,-0.006,0.014,258.404,260.811,254.96
1780889628.421281,8.169,-22.857,-0.006,0.013,258.276,260.832,255.062
1780889628.435466,8.62,-22.357,-0.006,0.013,258.195,260.847,255.126
1780889628.449445,8.62,-22.357,-0.006,0.013,258.195,260.847,255.126
1780889628.4599118,10.704,-20.0,-0.008,0.011,257.724,260.944,255.488
1780889628.473705,11.211,-19.286,-0.008,0.011,257.62,260.947,255.585
1780889628.484384,12.056,-18.5,-0.009,0.01,257.456,261.002,255.695
1780889628.498941,12.845,-17.571,-0.009,0.01,257.289,261.032,255.83
1780889628.5124722,13.465,-16.429,-0.009,0.009,257.17,261.003,255.972
1780889628.5230458,14.141,-15.714,-0.01,0.009,257.039,261.038,256.069
1780889628.5373151,14.648,-15.071,-0.01,0.008,256.941,261.051,256.154
1780889628.551148,15.493,-13.5,-0.011,0.007,256.706,261.031,256.405
1780889628.561752,16.056,-12.714,-0.011,0.007,256.589,261.042,256.512
1780889628.576011,16.958,-12.429,-0.012,0.006,256.464,261.159,256.528
1780889628.610382,17.352,-11.643,-0.012,0.006,256.374,261.139,256.637
1780889628.610902,18.423,-10.5,-0.012,0.005,256.185,261.192,256.779
1780889628.614201,18.648,-10.143,-0.012,0.005,256.157,261.187,256.811
1780889628.624577,18.761,-10.5,-0.012,0.006,256.209,261.233,256.717
1780889628.638983,18.028,-10.5,-0.012,0.006,256.356,261.101,256.691
1780889628.6526232,16.113,-8.929,-0.01,0.005,256.563,260.619,256.931
1780889628.663276,14.704,-7.857,-0.009,0.004,256.705,260.287,257.1
1780889628.6776,13.352,-6.571,-0.008,0.003,256.814,259.954,257.307
1780889628.6882691,11.38,-5.429,-0.006,0.002,257.03,259.541,257.485
1780889628.702085,7.606,-2.214,-0.003,-0.0,257.337,258.651,258.044
1780889628.716459,5.07,-0.857,-0.001,-0.001,257.611,258.165,258.251
1780889628.7269351,2.93,0.571,0.0,-0.002,257.81,257.748,258.47
1780889628.740672,-0.901,3.214,0.003,-0.004,258.146,257.028,258.866
1780889628.7515252,-2.479,4.857,0.004,-0.005,258.226,256.702,259.123
1780889628.7659469,-4.338,6.286,0.005,-0.006,258.371,256.355,259.339
1780889628.776323,-7.437,7.357,0.007,-0.006,258.748,255.855,259.486
1780889628.790245,-10.423,9.929,0.009,-0.008,258.929,255.331,259.864
1780889628.827832,-11.662,10.929,0.01,-0.008,259.006,255.135,259.998
1780889628.828279,-13.465,12.214,0.011,-0.009,259.147,254.828,260.189
1780889628.8286479,-15.38,12.857,0.012,-0.01,259.368,254.564,260.255
1780889628.8394911,-18.366,14.143,0.014,-0.01,259.666,254.164,260.395
1780889628.853135,-20.113,15.071,0.015,-0.011,259.828,253.901,260.524
1780889628.8676648,-21.859,16.0,0.016,-0.011,259.99,253.64,260.654
1780889628.878092,-23.549,16.5,0.017,-0.011,260.182,253.426,260.702
1780889628.891806,-26.648,17.357,0.019,-0.012,260.532,253.05,260.776
1780889628.906323,-28.732,17.714,0.02,-0.012,260.803,252.789,260.803
1780889628.917081,-30.254,18.0,0.021,-0.012,260.983,252.618,260.819
1780889628.930675,-32.901,18.714,0.023,-0.012,261.262,252.319,260.885
1780889628.941201,-34.704,18.714,0.024,-0.012,261.521,252.127,260.851
1780889628.9556348,-36.056,18.714,0.025,-0.012,261.7,252.0,260.821
1780889628.969472,-37.014,18.929,0.025,-0.012,261.791,251.911,260.836
1780889628.9801412,-39.775,18.786,0.027,-0.012,262.176,251.651,260.761
1780889628.993769,-41.239,18.5,0.028,-0.011,262.406,251.524,260.685
1780889629.028811,-42.423,18.643,0.028,-0.011,262.543,251.401,260.696
1780889629.029243,-43.775,18.643,0.029,-0.011,262.725,251.265,260.68
1780889629.032502,-45.69,17.214,0.03,-0.01,263.097,251.218,260.379
1780889629.042998,-46.817,17.0,0.031,-0.01,263.261,251.124,260.332
1780889629.057354,-47.718,16.214,0.031,-0.009,263.446,251.107,260.178
1780889629.0711749,-48.451,15.786,0.032,-0.009,263.564,251.082,260.096
1780889629.081565,-50.479,14.429,0.033,-0.008,264.012,250.946,259.838
1780889629.096192,-51.268,13.357,0.033,-0.007,264.203,250.963,259.642
1780889629.1098619,-51.887,12.786,0.034,-0.007,264.312,250.959,259.547
1780889629.1206012,-53.239,11.286,0.034,-0.006,264.594,250.957,259.294
1780889629.134186,-53.915,10.929,0.035,-0.005,264.695,250.919,259.245
1780889629.145417,-54.085,9.286,0.034,-0.004,264.844,251.059,258.954
1780889629.159168,-54.535,8.071,0.035,-0.003,264.999,251.117,258.75
1780889629.1729898,-55.211,5.857,0.035,-0.002,265.249,251.239,258.392
1780889629.183576,-55.493,5.286,0.035,-0.001,265.308,251.259,258.318
1780889629.1979752,-55.493,5.286,0.035,-0.001,265.308,251.259,258.318
1780889629.234147,-55.493,5.286,0.035,-0.001,265.308,251.259,258.318
1780889629.2345521,-56.056,0.0,0.035,0.002,265.87,251.631,257.42
1780889629.2349389,-56.056,0.0,0.035,0.002,265.87,251.631,257.42
1780889629.246472,-56.056,0.0,0.035,0.002,265.87,251.631,257.42
1780889629.260225,-56.056,0.0,0.035,0.002,265.87,251.631,257.42
1780889629.270825,-55.437,-6.357,0.034,0.007,266.326,252.24,256.38
1780889629.284466,-55.268,-7.286,0.034,0.008,266.335,252.329,256.277
1780889629.2956731,-54.704,-8.571,0.034,0.008,266.314,252.504,256.109
1780889629.309428,-53.746,-11.214,0.033,0.01,266.323,252.828,255.76
1780889629.323251,-53.746,-11.214,0.033,0.01,266.323,252.828,255.76
1780889629.3338702,-52.451,-13.429,0.032,0.011,266.277,253.182,255.428
1780889629.3485398,-51.944,-15.214,0.031,0.012,266.338,253.378,255.177
1780889629.358939,-50.817,-18.571,0.03,0.015,266.42,253.761,254.72
1780889629.372695,-49.972,-19.643,0.03,0.015,266.343,253.941,254.599
1780889629.38706,-48.958,-21.286,0.029,0.016,266.302,254.194,254.376
1780889629.39779,-48.169,-22.857,0.028,0.017,266.299,254.405,254.168
1780889629.4111621,-46.31,-25.5,0.027,0.019,266.193,254.823,253.839
1780889629.447642,-45.521,-26.143,0.027,0.019,266.097,254.949,253.791
1780889629.448147,-44.507,-27.643,0.026,0.02,266.056,255.186,253.593
1780889629.449902,-42.254,-30.429,0.024,0.021,265.916,255.67,253.235
1780889629.460468,-41.014,-30.929,0.023,0.022,265.732,255.849,253.209
1780889629.474337,-39.493,-31.857,0.022,0.022,265.548,256.111,253.106
1780889629.488696,-38.254,-32.571,0.021,0.022,265.398,256.308,253.038
1780889629.4993548,-35.324,-34.071,0.02,0.023,265.038,256.778,252.883
1780889629.513073,-33.577,-34.857,0.018,0.024,264.816,257.061,252.797
1780889629.5275788,-32.338,-35.357,0.018,0.024,264.661,257.237,252.758
1780889629.538152,-30.366,-35.786,0.016,0.024,264.37,257.523,252.729
1780889629.5519779,-27.155,-37.5,0.014,0.025,264.023,258.059,252.52
1780889629.5625489,-25.746,-38.786,0.013,0.026,263.934,258.332,252.343
1780889629.576769,-24.62,-38.929,0.013,0.026,263.779,258.454,252.36
1780889629.5905302,-22.535,-40.5,0.011,0.027,263.601,258.867,252.133
1780889629.6012359,-20.62,-40.571,0.01,0.027,263.302,259.111,252.161
1780889629.615551,-20.62,-40.571,0.01,0.027,263.302,259.111,252.161
1780889629.649311,-17.803,-41.5,0.008,0.027,262.938,259.584,252.042
1780889629.64973,-14.028,-41.571,0.005,0.027,262.379,260.048,252.099
1780889629.6533298,-11.718,-42.214,0.004,0.027,262.094,260.413,252.021
1780889629.663903,-9.69,-41.929,0.003,0.027,261.77,260.639,252.098
1780889629.6783638,-7.831,-42.429,0.002,0.027,261.559,260.916,252.039
1780889629.692074,-4.451,-42.357,-0.001,0.027,261.096,261.31,252.096
1780889629.702601,-2.479,-42.357,-0.002,0.027,260.823,261.563,252.116
1780889629.7171352,-0.789,-42.357,-0.003,0.027,260.601,261.769,252.133
1780889629.731062,3.042,-42.214,-0.005,0.026,260.074,262.249,252.186
1780889629.7415302,5.014,-42.143,-0.006,0.026,259.806,262.502,252.21
1780889629.755903,6.535,-41.929,-0.007,0.026,259.602,262.663,252.256
1780889629.76662,8.282,-41.643,-0.008,0.026,259.354,262.858,252.312
1780889629.7803352,11.944,-40.714,-0.01,0.025,258.807,263.251,252.476
1780889629.793974,13.521,-40.286,-0.011,0.025,258.582,263.408,252.55
1780889629.804846,15.324,-39.857,-0.012,0.024,258.321,263.608,252.621
1780889629.8188071,17.127,-38.643,-0.014,0.023,257.991,263.729,252.823
1780889629.854433,20.394,-37.786,-0.016,0.023,257.464,264.154,252.96
1780889629.8549068,22.31,-36.929,-0.017,0.022,257.164,264.332,253.095
1780889629.8575108,23.775,-36.643,-0.018,0.022,256.989,264.49,253.13
1780889629.8679879,25.408,-36.0,-0.019,0.022,256.754,264.643,253.226
1780889629.881716,28.507,-34.714,-0.02,0.021,256.312,264.927,253.414
1780889629.896051,30.197,-34.714,-0.021,0.021,256.127,265.167,253.397
1780889629.906591,30.197,-34.714,-0.021,0.021,256.127,265.167,253.397
1780889629.920275,34.648,-31.5,-0.024,0.018,255.317,265.506,253.907
1780889629.93093,36.0,-30.357,-0.025,0.018,255.093,265.565,254.078
1780889629.945395,37.577,-29.571,-0.026,0.017,254.867,265.708,254.185
1780889629.959141,39.155,-28.571,-0.027,0.016,254.622,265.83,254.329
1780889629.969727,41.69,-26.643,-0.028,0.015,254.233,265.974,254.602
1780889629.983567,42.648,-25.357,-0.029,0.014,254.057,265.957,254.794
1780889629.997903,44.282,-24.143,-0.03,0.013,253.785,266.079,254.97
1780889630.00855,45.239,-23.357,-0.03,0.013,253.652,266.123,255.071
1780889630.022246,47.493,-21.857,-0.031,0.012,253.335,266.29,255.26
1780889630.059173,48.394,-20.286,-0.032,0.011,253.139,266.243,255.501
1780889630.059608,49.465,-19.214,-0.032,0.01,252.961,266.287,255.65
1780889630.060868,51.38,-17.214,-0.033,0.009,252.647,266.356,255.923
1780889630.071337,52.394,-16.286,-0.034,0.009,252.487,266.411,256.046
1780889630.085681,52.394,-16.286,-0.034,0.009,252.487,266.411,256.046
1780889630.09952,53.915,-13.786,-0.035,0.007,252.121,266.391,256.452
1780889630.110094,54.648,-11.571,-0.035,0.005,251.966,266.23,256.753
1780889630.12387,55.887,-10.857,-0.036,0.005,251.789,266.364,256.832
1780889630.1347342,56.338,-10.429,-0.036,0.005,251.75,266.38,256.861
1780889630.149007,57.183,-8.857,-0.036,0.004,251.556,266.346,257.101
1780889630.162588,57.915,-6.714,-0.036,0.003,251.386,266.215,257.397
1780889630.173124,58.986,-6.0,-0.037,0.002,251.227,266.326,257.479
1780889630.18752,58.817,-5.357,-0.037,0.002,251.252,266.209,257.55
1780889630.198121,58.817,-4.643,-0.037,0.002,251.241,266.121,257.636
1780889630.211664,58.817,-4.643,-0.037,0.002,251.241,266.121,257.636
1780889630.225955,58.817,-4.643,-0.037,0.002,251.241,266.121,257.636
1780889630.2591481,59.493,-0.5,-0.037,-0.002,250.85,265.79,258.357
1780889630.2595892,58.648,1.0,-0.036,-0.002,250.946,265.478,258.52
1780889630.260598,58.648,1.0,-0.036,-0.002,250.946,265.478,258.52
1780889630.274365,58.592,2.0,-0.036,-0.003,250.913,265.37,258.652
1780889630.2887838,58.592,2.0,-0.036,-0.003,250.913,265.37,258.652
1780889630.29938,57.859,4.571,-0.035,-0.004,250.882,264.989,259.025
1780889630.313157,57.634,5.286,-0.035,-0.005,250.889,264.89,259.104
1780889630.323652,57.577,5.5,-0.035,-0.005,250.91,264.877,259.092
1780889630.338026,57.127,5.786,-0.035,-0.005,250.979,264.784,259.098
1780889630.351846,56.056,6.714,-0.034,-0.005,251.1,264.533,259.186
1780889630.362377,55.662,6.929,-0.033,-0.005,251.156,264.462,259.186
1780889630.376773,54.873,7.643,-0.033,-0.006,251.224,264.268,259.284
1780889630.387363,54.197,7.786,-0.032,-0.005,251.321,264.158,259.274
1780889630.401132,53.915,7.929,-0.032,-0.005,251.358,264.119,259.267
1780889630.4155982,52.225,8.143,-0.031,-0.005,251.589,263.82,259.278
1780889630.426095,51.38,8.571,-0.03,-0.006,251.676,263.657,259.33
1780889630.43972,50.761,8.5,-0.03,-0.006,251.769,263.587,259.289
1780889630.475944,48.507,8.571,-0.028,-0.005,252.085,263.213,259.279
1780889630.4763021,47.831,8.429,-0.028,-0.005,252.183,263.148,259.229
1780889630.4765792,46.873,8.214,-0.027,-0.005,252.326,263.039,259.169
1780889630.488877,45.465,8.357,-0.026,-0.005,252.503,262.815,259.18
1780889630.502634,43.662,7.714,-0.025,-0.004,252.779,262.646,259.032
1780889630.513363,42.254,7.643,-0.024,-0.004,252.968,262.446,259.01
1780889630.527648,41.69,7.143,-0.023,-0.004,253.067,262.439,258.907
1780889630.5381372,39.38,6.429,-0.022,-0.003,253.411,262.188,258.765
1780889630.551968,38.028,6.214,-0.021,-0.003,253.598,262.014,258.724
1780889630.566365,36.732,5.571,-0.02,-0.003,253.812,261.895,258.604
1780889630.576929,35.549,5.214,-0.019,-0.002,253.982,261.767,258.541
1780889630.590589,32.732,3.857,-0.018,-0.001,254.442,261.501,258.299
1780889630.601229,32.732,3.857,-0.018,-0.001,254.442,261.501,258.299
1780889630.616111,29.859,2.5,-0.016,-0.0,254.951,261.185,258.057
1780889630.629314,28.507,1.5,-0.015,0.001,255.191,261.099,257.888
1780889630.6397572,26.141,0.5,-0.013,0.001,255.524,260.879,257.748
1780889630.6535501,26.141,0.5,-0.013,0.001,255.524,260.879,257.748
1780889630.691606,23.155,-0.714,-0.011,0.002,256.036,260.537,257.543
1780889630.692069,23.155,-0.714,-0.011,0.002,256.036,260.537,257.543
1780889630.692363,20.056,-2.214,-0.009,0.003,256.587,260.211,257.291
1780889630.702518,17.014,-3.857,-0.007,0.004,257.139,259.915,257.018
1780889630.716798,15.887,-4.643,-0.006,0.005,257.304,259.859,256.906
1780889630.7272582,14.028,-5.5,-0.005,0.005,257.596,259.685,256.783
1780889630.741028,10.93,-7.0,-0.003,0.006,258.063,259.421,256.576
1780889630.751678,10.93,-7.0,-0.003,0.006,258.063,259.421,256.576
1780889630.766144,8.0,-8.857,-0.001,0.008,258.625,259.167,256.274
1780889630.7798169,6.648,-10.214,-0.001,0.009,258.88,259.127,256.068
1780889630.79039,3.775,-11.714,0.001,0.009,259.309,258.9,255.877
1780889630.804197,1.972,-12.929,0.002,0.01,259.632,258.769,255.698
1780889630.81475,0.62,-13.357,0.003,0.01,259.805,258.638,255.662
1780889630.8289611,-0.901,-14.429,0.004,0.011,260.071,258.539,255.509
1780889630.839689,-3.944,-16.143,0.006,0.012,260.656,258.253,255.244
1780889630.8530078,-5.183,-17.286,0.006,0.013,260.878,258.209,255.084
1780889630.867599,-6.93,-17.857,0.008,0.013,261.133,258.028,255.026
1780889630.9037282,-8.282,-19.143,0.008,0.014,261.394,257.977,254.841
1780889630.90414,-11.042,-21.214,0.01,0.015,261.882,257.817,254.561
1780889630.90608,-12.676,-22.071,0.011,0.016,262.155,257.677,254.454
1780889630.9168131,-13.746,-22.786,0.011,0.016,262.317,257.615,254.371
1780889630.930491,-16.563,-24.357,0.013,0.017,262.784,257.391,254.18
1780889630.940949,-17.746,-25.071,0.014,0.017,262.974,257.309,254.095
1780889630.9553301,-17.746,-25.071,0.014,0.017,262.974,257.309,254.095
1780889630.9690099,-20.282,-26.429,0.015,0.018,263.473,257.07,253.898
1780889630.979952,-22.986,-28.286,0.017,0.02,264.053,256.854,253.618
1780889630.9934888,-23.775,-28.857,0.017,0.02,264.151,256.825,253.563
1780889631.0078259,-25.239,-29.5,0.018,0.02,264.384,256.695,253.494
1780889631.018543,-26.31,-29.929,0.019,0.02,264.526,256.607,253.461
1780889631.032345,-28.338,-31.214,0.02,0.021,264.846,256.484,253.317
1780889631.042974,-29.352,-31.786,0.02,0.021,265.004,256.414,253.255
1780889631.057031,-30.141,-32.286,0.021,0.022,265.117,256.372,253.203
1780889631.071193,-32.169,-33.0,0.022,0.022,265.485,256.155,253.114
1780889631.109227,-32.789,-33.571,0.022,0.022,265.576,256.147,253.049
1780889631.1097631,-32.789,-33.571,0.022,0.022,265.576,256.147,253.049
1780889631.110132,-34.535,-34.571,0.023,0.023,265.927,255.999,252.911
1780889631.120049,-35.944,-34.929,0.024,0.023,266.064,255.883,252.914
1780889631.133782,-36.282,-35.5,0.024,0.023,266.114,255.914,252.845
1780889631.144327,-37.127,-35.5,0.024,0.023,266.202,255.814,252.871
1780889631.1587589,-37.69,-35.571,0.025,0.023,266.248,255.763,252.883
1780889631.1725702,-38.704,-35.786,0.025,0.023,266.339,255.682,252.89
1780889631.183191,-39.042,-36.0,0.025,0.023,266.37,255.676,252.872
1780889631.197628,-39.437,-35.857,0.025,0.023,266.376,255.627,252.913
1780889631.2112682,-40.056,-35.929,0.026,0.023,266.407,255.585,252.93
1780889631.221993,-40.394,-35.786,0.026,0.023,266.413,255.542,252.966
1780889631.23623,-40.394,-35.714,0.025,0.023,266.366,255.557,252.989
1780889631.2469802,-40.507,-35.786,0.025,0.023,266.36,255.565,252.986
1780889631.260555,-40.676,-35.643,0.025,0.022,266.315,255.559,253.026
1780889631.274414,-40.676,-35.143,0.025,0.022,266.235,255.53,253.117
1780889631.3111758,-40.676,-35.071,0.025,0.022,266.206,255.538,253.133
1780889631.311527,-40.62,-34.786,0.025,0.022,266.145,255.535,253.184
1780889631.312972,-40.338,-34.5,0.025,0.021,266.045,255.565,253.234
1780889631.323421,-40.338,-34.5,0.025,0.021,266.045,255.565,253.234
1780889631.337753,-39.718,-33.071,0.024,0.02,265.763,255.545,253.478
1780889631.348342,-38.873,-32.0,0.024,0.02,265.486,255.599,253.648
1780889631.362072,-38.535,-31.5,0.023,0.019,265.374,255.614,253.724
1780889631.3765628,-38.141,-30.929,0.023,0.019,265.246,255.631,253.811
1780889631.387223,-37.408,-30.286,0.022,0.018,265.052,255.692,253.91
1780889631.401057,-36.169,-29.5,0.021,0.018,264.771,255.819,254.018
1780889631.4152498,-35.493,-28.214,0.021,0.017,264.53,255.809,254.226
1780889631.426145,-34.93,-28.0,0.02,0.017,264.428,255.878,254.244
1780889631.439382,-34.93,-28.0,0.02,0.017,264.428,255.878,254.244
1780889631.450328,-32.563,-25.857,0.019,0.015,263.835,256.048,254.576
1780889631.464052,-32.0,-25.143,0.018,0.015,263.695,256.066,254.677
1780889631.478326,-31.211,-24.571,0.018,0.014,263.53,256.132,254.753
1780889631.511981,-29.352,-23.286,0.017,0.014,263.144,256.291,254.929
1780889631.5124202,-28.451,-22.643,0.016,0.013,262.96,256.364,255.017
1780889631.516862,-28.451,-22.643,0.016,0.013,262.96,256.364,255.017
1780889631.52745,-26.592,-21.0,0.015,0.012,262.51,256.496,255.281
1780889631.541217,-24.62,-18.929,0.013,0.011,262.059,256.592,255.585
1780889631.5519,-23.493,-18.429,0.013,0.01,261.868,256.71,255.641
1780889631.566218,-22.535,-17.643,0.012,0.01,261.679,256.774,255.748
1780889631.579943,-21.465,-17.071,0.011,0.01,261.493,256.874,255.817
1780889631.590548,-19.38,-15.786,0.01,0.009,261.121,257.049,255.983
1780889631.6042922,-17.859,-14.214,0.009,0.008,260.765,257.127,256.233
1780889631.61873,-16.845,-13.714,0.008,0.008,260.605,257.222,256.287
1780889631.6292648,-14.085,-12.214,0.006,0.007,260.118,257.482,256.487
1780889631.642947,-13.352,-11.357,0.006,0.006,259.975,257.495,256.608
1780889631.653501,-11.887,-10.929,0.005,0.006,259.751,257.667,256.65
1780889631.6682281,-10.648,-9.786,0.004,0.005,259.499,257.734,256.824
1780889631.681757,-8.169,-8.143,0.003,0.004,259.061,257.929,257.052
1780889631.718582,-7.042,-7.714,0.002,0.004,258.901,258.044,257.094
1780889631.71905,-5.972,-7.0,0.001,0.004,258.722,258.122,257.191
1780889631.7193449,-4.394,-6.429,0.0,0.003,258.475,258.296,257.261
1780889631.730765,-1.634,-5.071,-0.001,0.002,258.033,258.555,257.442
1780889631.741361,-0.507,-4.357,-0.002,0.002,257.851,258.64,257.54
1780889631.7557771,1.07,-3.714,-0.003,0.002,257.604,258.804,257.625
1780889631.769291,2.141,-2.786,-0.004,0.001,257.414,258.858,257.763
1780889631.779913,4.845,-2.0,-0.006,0.001,256.979,259.193,257.874
1780889631.7935848,5.521,-1.214,-0.006,0.0,256.871,259.191,257.985
1780889631.817935,5.521,-1.214,-0.006,0.0,256.871,259.191,257.985
1780889631.8184571,8.507,-0.143,-0.008,-0.001,256.375,259.545,258.149
1780889631.828945,11.211,0.214,-0.01,-0.001,255.996,259.916,258.179
1780889631.842793,12.338,0.643,-0.01,-0.001,255.861,260.014,258.225
1780889631.857335,13.915,0.714,-0.011,-0.001,255.686,260.223,258.205
1780889631.867997,14.873,1.071,-0.012,-0.001,255.581,260.3,258.242
1780889631.881501,17.521,1.5,-0.013,-0.001,255.277,260.607,258.265
1780889631.892095,18.592,1.786,-0.014,-0.001,255.155,260.712,258.293
1780889631.906729,20.113,2.0,-0.015,-0.001,254.969,260.901,258.309
1780889631.932168,21.183,2.143,-0.015,-0.001,254.858,261.02,258.313
1780889631.9324841,23.606,2.429,-0.017,-0.001,254.588,261.307,258.326
1780889631.944534,24.507,2.5,-0.017,-0.001,254.505,261.406,258.321
1780889631.955779,24.507,2.5,-0.017,-0.001,254.505,261.406,258.321
1780889631.969419,27.38,2.143,-0.019,-0.001,254.217,261.835,258.225
1780889631.983287,27.38,2.143,-0.019,-0.001,254.217,261.835,258.225
1780889631.993597,29.69,2.071,-0.021,-0.001,253.932,262.191,258.198
1780889632.007963,30.479,2.071,-0.021,-0.001,253.872,262.272,258.188
1780889632.035794,32.394,1.929,-0.022,-0.001,253.706,262.513,258.144
1780889632.036135,33.296,1.357,-0.022,-0.0,253.671,262.676,258.03
1780889632.0428102,34.141,1.071,-0.023,0.0,253.617,262.802,257.974
1780889632.057176,35.38,0.571,-0.024,0.001,253.521,263.019,257.879
1780889632.0708249,36.845,0.071,-0.024,0.001,253.432,263.226,257.787
1780889632.08144,37.408,-0.286,-0.025,0.001,253.418,263.312,257.724
1780889632.095788,38.141,-0.571,-0.025,0.001,253.371,263.422,257.675
1780889632.1065102,38.873,-1.571,-0.025,0.002,253.383,263.608,257.496
1780889632.120068,39.549,-2.214,-0.025,0.003,253.401,263.7,257.395
1780889632.133706,39.549,-2.214,-0.025,0.003,253.401,263.7,257.395
1780889632.144436,39.549,-2.214,-0.025,0.003,253.401,263.7,257.395
1780889632.158747,41.69,-4.143,-0.027,0.004,253.275,264.24,257.052
1780889632.16924,42.423,-4.643,-0.027,0.004,253.263,264.318,256.997
1780889632.183131,42.761,-5.571,-0.027,0.005,253.316,264.429,256.845
1780889632.1973839,43.042,-6.357,-0.027,0.006,253.362,264.515,256.721
1780889632.2079418,43.549,-6.857,-0.028,0.006,253.347,264.614,256.651
1780889632.2215521,43.549,-6.857,-0.028,0.006,253.347,264.614,256.651
1780889632.256743,43.549,-6.857,-0.028,0.006,253.347,264.614,256.651
1780889632.2571259,44.901,-9.714,-0.029,0.008,253.407,265.118,256.157
1780889632.259957,44.789,-10.929,-0.028,0.009,253.542,265.172,255.971
1780889632.2706602,44.901,-12.0,-0.028,0.01,253.626,265.256,255.814
1780889632.284354,45.07,-12.643,-0.028,0.01,253.663,265.306,255.734
1780889632.295553,45.07,-13.643,-0.028,0.011,253.754,265.365,255.591
1780889632.30931,44.901,-15.571,-0.028,0.012,253.947,265.453,255.32
1780889632.323071,44.732,-16.643,-0.028,0.013,254.062,265.495,255.167
1780889632.333588,44.451,-17.143,-0.027,0.013,254.142,265.458,255.116
1780889632.348106,43.718,-17.929,-0.027,0.013,254.313,265.372,255.014
1780889632.361772,43.38,-19.429,-0.026,0.014,254.471,265.414,254.82
1780889632.37249,42.93,-20.214,-0.026,0.015,254.594,265.388,254.718
1780889632.386801,42.704,-20.857,-0.026,0.015,254.669,265.392,254.64
1780889632.397465,42.366,-21.643,-0.025,0.015,254.772,265.391,254.537
1780889632.4110699,41.465,-22.571,-0.025,0.016,254.954,265.288,254.441
1780889632.425592,40.732,-23.0,-0.024,0.016,255.084,265.185,254.398
1780889632.469599,40.282,-23.429,-0.024,0.016,255.168,265.137,254.353
1780889632.4702232,39.268,-23.929,-0.023,0.016,255.323,264.99,254.322
1780889632.4706318,38.479,-24.214,-0.023,0.017,255.446,264.872,254.298
1780889632.474072,38.028,-24.786,-0.022,0.017,255.542,264.85,254.223
1780889632.488462,36.901,-24.857,-0.021,0.017,255.697,264.652,254.235
1780889632.499073,35.775,-25.5,-0.021,0.017,255.874,264.525,254.167
1780889632.512807,35.775,-25.5,-0.021,0.017,255.874,264.525,254.167
1780889632.5272121,33.803,-26.143,-0.019,0.018,256.209,264.243,254.077
1780889632.537693,33.183,-26.429,-0.019,0.018,256.297,264.175,254.048
1780889632.551424,32.563,-26.929,-0.018,0.018,256.405,264.131,253.982
1780889632.5662441,30.423,-27.357,-0.017,0.018,256.744,263.806,253.928
1780889632.5765738,29.352,-27.286,-0.016,0.018,256.866,263.629,253.96
1780889632.590359,27.38,-28.0,-0.015,0.019,257.159,263.401,253.874
1780889632.6009119,26.366,-27.786,-0.014,0.018,257.258,263.227,253.927
1780889632.6154869,25.352,-28.286,-0.014,0.019,257.424,263.127,253.855
1780889632.629089,24.338,-28.286,-0.013,0.019,257.543,262.978,253.87
1780889632.663581,22.028,-28.571,-0.012,0.019,257.854,262.667,253.844
1780889632.664118,21.127,-28.143,-0.011,0.018,257.915,262.5,253.93
1780889632.6677608,20.056,-28.929,-0.01,0.019,258.117,262.427,253.804
1780889632.6782029,20.056,-28.929,-0.01,0.019,258.117,262.427,253.804
1780889632.6919029,16.676,-28.071,-0.008,0.018,258.491,261.834,253.97
1780889632.7024739,15.042,-28.143,-0.007,0.018,258.716,261.603,253.963
1780889632.716933,14.141,-27.286,-0.006,0.017,258.734,261.41,254.117
1780889632.730688,11.887,-27.143,-0.005,0.017,259.042,261.059,254.143
1780889632.741266,11.042,-27.0,-0.004,0.017,259.117,260.953,254.168
1780889632.755923,11.042,-27.0,-0.004,0.017,259.117,260.953,254.168
1780889632.769225,8.789,-26.071,-0.003,0.016,259.351,260.533,254.329
1780889632.779917,6.592,-25.071,-0.002,0.016,259.518,260.182,254.493
1780889632.793819,5.352,-24.929,-0.001,0.016,259.662,260.018,254.51
1780889632.804323,4.056,-24.357,-0.0,0.015,259.774,259.804,254.602
1780889632.818683,2.986,-23.857,0.001,0.015,259.857,259.637,254.679
1780889632.829302,0.563,-23.286,0.002,0.014,260.114,259.299,254.757
1780889632.84288,-0.732,-22.214,0.003,0.014,260.182,259.042,254.933
1780889632.8802261,-1.634,-22.071,0.003,0.014,260.275,258.939,254.943
1780889632.880707,-1.634,-22.071,0.003,0.014,260.275,258.939,254.943
1780889632.881239,-4.789,-20.929,0.005,0.013,260.605,258.438,255.114
1780889632.8918421,-4.789,-20.929,0.005,0.013,260.605,258.438,255.114
1780889632.9061499,-7.099,-19.714,0.007,0.012,260.833,258.013,255.312
1780889632.919884,-8.0,-19.214,0.007,0.012,260.89,257.887,255.38
1780889632.930491,-10.197,-18.143,0.009,0.011,261.07,257.564,255.528
1780889632.944296,-10.986,-17.714,0.009,0.011,261.119,257.46,255.583
1780889632.955436,-11.831,-17.071,0.009,0.01,261.159,257.327,255.677
1780889632.969105,-13.972,-16.0,0.011,0.01,261.342,257.007,255.824
1780889632.982893,-13.972,-16.0,0.011,0.01,261.342,257.007,255.824
1780889632.993535,-16.507,-14.286,0.012,0.008,261.569,256.511,256.107
1780889633.007613,-16.676,-15.286,0.012,0.009,261.656,256.639,255.901
1780889633.021427,-16.676,-15.286,0.012,0.009,261.656,256.639,255.901
1780889633.032135,-19.155,-13.071,0.014,0.008,261.823,256.11,256.276
1780889633.046477,-20.113,-12.5,0.015,0.007,261.891,255.976,256.35
1780889633.085069,-20.563,-12.571,0.015,0.007,261.936,255.976,256.309
1780889633.085508,-22.31,-11.357,0.016,0.007,262.044,255.714,256.476
1780889633.085907,-22.423,-10.214,0.015,0.006,261.915,255.651,256.657
1780889633.095534,-23.437,-9.929,0.016,0.006,262.033,255.523,256.68
1780889633.109177,-23.662,-9.929,0.016,0.006,262.042,255.541,256.653
1780889633.119811,-23.662,-9.929,0.016,0.006,262.042,255.541,256.653
1780889633.133693,-25.634,-8.357,0.017,0.005,262.199,255.148,256.913
1780889633.147913,-25.915,-7.857,0.017,0.004,262.168,255.115,256.975
1780889633.158475,-26.648,-6.929,0.018,0.004,262.151,255.021,257.088
1780889633.172429,-26.93,-6.714,0.018,0.004,262.157,255.005,257.1
1780889633.1833441,-27.606,-6.571,0.018,0.004,262.239,254.932,257.1
1780889633.197567,-27.775,-6.357,0.018,0.004,262.226,254.928,257.116
1780889633.2110422,-28.338,-5.857,0.018,0.004,262.238,254.871,257.164
1780889633.221627,-28.394,-5.714,0.018,0.004,262.217,254.884,257.17
1780889633.235976,-28.676,-5.786,0.018,0.004,262.259,254.878,257.138
1780889633.2465432,-29.296,-5.357,0.019,0.003,262.309,254.775,257.199
1780889633.260291,-29.521,-5.714,0.019,0.004,262.356,254.827,257.102
1780889633.296948,-29.352,-5.286,0.018,0.004,262.27,254.838,257.168
1780889633.2974432,-28.958,-5.143,0.018,0.004,262.177,254.907,257.182
1780889633.29888,-28.901,-4.786,0.018,0.003,262.125,254.902,257.235
1780889633.3094258,-28.62,-4.714,0.018,0.003,262.06,254.97,257.224
1780889633.323294,-28.225,-4.786,0.017,0.003,261.996,255.049,257.2
1780889633.337568,-28.113,-4.571,0.017,0.003,261.955,255.057,257.23
1780889633.3481102,-27.718,-5.071,0.017,0.004,261.937,255.17,257.13
1780889633.36178,-26.817,-4.643,0.016,0.004,261.742,255.278,257.197
1780889633.372548,-26.479,-4.786,0.016,0.004,261.704,255.344,257.164
1780889633.3868952,-26.197,-5.071,0.016,0.004,261.69,255.412,257.107
1780889633.400639,-25.408,-5.5,0.015,0.004,261.609,255.566,257.023
1780889633.411187,-24.845,-6.143,0.014,0.005,261.584,255.704,256.906
1780889633.4254751,-24.282,-6.571,0.014,0.005,261.537,255.82,256.83
1780889633.436189,-24.056,-7.0,0.014,0.005,261.549,255.883,256.756
1780889633.44996,-23.155,-8.071,0.013,0.006,261.515,256.093,256.574
1780889633.4636118,-22.761,-8.929,0.013,0.007,261.539,256.216,256.429
1780889633.499897,-22.423,-9.571,0.013,0.007,261.551,256.309,256.325
1780889633.5003111,-22.141,-10.286,0.013,0.008,261.579,256.398,256.21
1780889633.500594,-20.958,-11.357,0.012,0.009,261.491,256.64,256.049
1780889633.512737,-20.451,-11.571,0.012,0.009,261.431,256.717,256.028
1780889633.527078,-19.662,-12.0,0.011,0.009,261.346,256.857,255.967
1780889633.5376499,-18.704,-12.5,0.01,0.009,261.241,257.028,255.894
1780889633.551291,-17.352,-13.286,0.009,0.01,261.108,257.261,255.787
1780889633.561866,-16.845,-13.429,0.009,0.01,261.049,257.325,255.779
1780889633.57625,-15.887,-14.643,0.008,0.011,261.018,257.56,255.579
1780889633.5898519,-15.887,-14.643,0.008,0.011,261.018,257.56,255.579
1780889633.600495,-13.521,-16.714,0.007,0.012,260.833,258.097,255.232
1780889633.614553,-12.62,-16.857,0.006,0.012,260.711,258.211,255.233
1780889633.628649,-12.338,-16.714,0.006,0.012,260.668,258.2,255.283
1780889633.63934,-10.254,-17.0,0.005,0.012,260.385,258.481,255.274
1780889633.653239,-8.958,-17.5,0.004,0.012,260.238,258.697,255.205
1780889633.663842,-8.169,-17.786,0.003,0.013,260.158,258.809,255.173
1780889633.678136,-7.493,-17.857,0.003,0.013,260.077,258.883,255.178
1780889633.714772,-5.408,-18.214,0.002,0.013,259.815,259.172,255.149
1780889633.7152011,-4.789,-18.714,0.001,0.013,259.787,259.278,255.076
1780889633.7165928,-3.718,-18.571,0.001,0.013,259.622,259.398,255.116
1780889633.7270458,-2.873,-18.643,0.0,0.013,259.517,259.503,255.117
1780889633.740917,-0.732,-19.143,-0.001,0.013,259.269,259.819,255.054
1780889633.755296,-0.056,-19.286,-0.002,0.013,259.202,259.902,255.04
1780889633.765733,1.127,-19.929,-0.002,0.014,259.098,260.119,254.938
1780889633.779382,1.972,-19.786,-0.003,0.013,258.977,260.202,254.976
1780889633.789906,2.761,-20.214,-0.003,0.014,258.919,260.332,254.912
1780889633.803626,4.676,-20.857,-0.005,0.014,258.697,260.672,254.81
1780889633.818057,5.521,-20.571,-0.005,0.014,258.566,260.738,254.874
1780889633.828521,7.887,-20.929,-0.007,0.014,258.25,261.127,254.821
1780889633.842119,8.507,-21.214,-0.007,0.014,258.215,261.207,254.782
1780889633.8527849,8.507,-21.214,-0.007,0.014,258.215,261.207,254.782
1780889633.867208,10.423,-21.286,-0.009,0.014,257.951,261.49,254.78
1780889633.880836,12.282,-21.857,-0.01,0.015,257.785,261.758,254.7
1780889633.918445,12.282,-21.857,-0.01,0.015,257.785,261.758,254.7
1780889633.918829,14.197,-21.714,-0.011,0.015,257.505,262.021,254.735
1780889633.91936,14.817,-22.0,-0.011,0.015,257.475,262.1,254.694
1780889633.9299588,16.62,-22.786,-0.012,0.015,257.338,262.386,254.575
1780889633.943764,17.408,-22.5,-0.013,0.015,257.224,262.441,254.635
1780889633.954369,18.31,-22.571,-0.013,0.015,257.125,262.555,254.631
1780889633.9687512,19.268,-22.429,-0.014,0.015,256.998,262.659,254.663
1780889633.982584,20.676,-23.357,-0.014,0.016,256.932,262.903,254.516
1780889633.99294,21.465,-22.857,-0.015,0.015,256.796,262.943,254.611
1780889634.007434,22.028,-22.929,-0.015,0.015,256.748,263.005,254.605
1780889634.021284,23.887,-22.714,-0.016,0.015,256.504,263.226,254.651
1780889634.031913,24.563,-22.714,-0.017,0.015,256.432,263.304,254.654
1780889634.046178,24.901,-22.857,-0.017,0.015,256.425,263.338,254.632
1780889634.056986,25.859,-22.857,-0.017,0.015,256.306,263.469,254.635
1780889634.0712671,27.211,-22.429,-0.018,0.015,256.119,263.592,254.713
1780889634.08432,27.493,-22.071,-0.018,0.014,256.075,263.569,254.776
1780889634.119143,27.887,-22.0,-0.018,0.014,256.037,263.599,254.787
1780889634.1195579,28.732,-22.214,-0.019,0.014,255.953,263.741,254.748
1780889634.123051,29.69,-21.643,-0.019,0.014,255.809,263.791,254.847
1780889634.133503,29.859,-21.643,-0.019,0.014,255.811,263.793,254.845
1780889634.1479082,30.366,-21.357,-0.02,0.014,255.732,263.827,254.892
1780889634.1584551,30.817,-20.857,-0.02,0.013,255.669,263.808,254.972
1780889634.172151,30.817,-20.857,-0.02,0.013,255.669,263.808,254.972
1780889634.186475,30.817,-20.857,-0.02,0.013,255.669,263.808,254.972
1780889634.19717,32.282,-19.714,-0.021,0.013,255.366,263.931,255.167
1780889634.210815,32.845,-19.286,-0.021,0.012,255.298,263.943,255.225
1780889634.225268,32.845,-19.0,-0.021,0.012,255.299,263.894,255.265
1780889634.2360792,33.127,-18.571,-0.021,0.012,255.242,263.884,255.331
1780889634.249675,33.239,-18.214,-0.021,0.012,255.217,263.853,255.383
1780889634.260263,33.296,-17.714,-0.021,0.011,255.208,263.788,255.448
1780889634.2739358,33.521,-17.214,-0.021,0.011,255.149,263.767,255.525
1780889634.2883358,33.408,-17.0,-0.021,0.011,255.167,263.717,255.55
1780889634.325232,33.577,-16.071,-0.021,0.01,255.096,263.639,255.689
1780889634.325695,33.577,-15.857,-0.021,0.01,255.093,263.614,255.713
1780889634.326839,33.69,-15.429,-0.021,0.01,255.053,263.588,255.776
1780889634.3373492,33.408,-15.0,-0.021,0.01,255.074,263.493,255.838
1780889634.3509939,33.915,-14.071,-0.021,0.009,254.941,263.492,255.974
1780889634.3616261,33.014,-14.214,-0.02,0.009,255.105,263.348,255.933
1780889634.375969,32.62,-13.5,-0.02,0.009,255.112,263.21,256.047
1780889634.389733,32.62,-12.929,-0.02,0.008,255.07,263.159,256.134
1780889634.400486,32.394,-11.929,-0.02,0.008,255.035,263.035,256.279
1780889634.414069,32.0,-11.857,-0.019,0.008,255.097,262.969,256.275
1780889634.428361,31.887,-11.714,-0.019,0.008,255.107,262.947,256.284
1780889634.439083,31.099,-11.214,-0.019,0.007,255.193,262.783,256.342
1780889634.452516,30.761,-10.571,-0.018,0.007,255.19,262.672,256.444
1780889634.4634712,30.479,-10.286,-0.018,0.007,255.21,262.609,256.479
1780889634.477622,30.085,-9.929,-0.018,0.006,255.241,262.52,256.528
1780889634.491416,29.296,-9.143,-0.017,0.006,255.293,262.338,256.639
1780889634.529016,29.296,-9.143,-0.017,0.006,255.293,262.338,256.639
1780889634.52944,29.296,-9.143,-0.017,0.006,255.293,262.338,256.639
1780889634.529707,27.155,-8.0,-0.016,0.005,255.519,261.872,256.83
1780889634.540472,26.592,-7.357,-0.015,0.005,255.536,261.768,256.908
1780889634.5542772,25.972,-7.286,-0.015,0.005,255.619,261.682,256.902
1780889634.565519,24.845,-7.286,-0.014,0.005,255.785,261.516,256.885
1780889634.579076,24.563,-7.071,-0.014,0.005,255.798,261.477,256.908
1780889634.589816,23.38,-7.071,-0.013,0.005,255.958,261.331,256.88
1780889634.603734,22.535,-6.5,-0.013,0.005,256.025,261.159,256.972
1780889634.617783,22.141,-6.214,-0.012,0.004,256.046,261.094,257.01
1780889634.6283898,21.408,-6.0,-0.012,0.004,256.127,260.978,257.036
1780889634.642038,20.0,-5.714,-0.011,0.004,256.29,260.772,257.063
1780889634.652462,19.211,-5.071,-0.011,0.004,256.339,260.607,257.168
1780889634.6669838,18.535,-5.286,-0.01,0.004,256.447,260.547,257.115
1780889634.6777658,17.859,-5.071,-0.01,0.004,256.515,260.444,257.143
1780889634.691241,16.113,-4.929,-0.009,0.004,256.736,260.202,257.149
1780889634.705467,15.268,-4.929,-0.008,0.004,256.848,260.094,257.139
1780889634.743444,14.423,-4.929,-0.007,0.004,256.959,259.986,257.13
1780889634.743915,13.014,-5.0,-0.007,0.004,257.14,259.824,257.103
1780889634.744301,12.451,-4.929,-0.006,0.004,257.198,259.756,257.11
1780889634.754173,11.38,-5.143,-0.006,0.004,257.363,259.631,257.065
1780889634.768683,10.761,-5.071,-0.005,0.004,257.429,259.554,257.073
1780889634.779148,9.239,-5.143,-0.004,0.004,257.622,259.374,257.054
1780889634.7927911,8.282,-5.5,-0.004,0.004,257.781,259.282,256.986
1780889634.803477,7.549,-5.5,-0.003,0.004,257.869,259.193,256.985
1780889634.818125,6.535,-5.714,-0.003,0.005,258.022,259.078,256.944
1780889634.828504,5.014,-6.143,-0.002,0.005,258.243,258.933,256.868
1780889634.842347,4.225,-6.357,-0.001,0.005,258.358,258.855,256.831
1780889634.857016,3.324,-6.643,-0.001,0.005,258.499,258.765,256.781
1780889634.867352,2.423,-6.929,-0.0,0.006,258.638,258.676,256.733
1780889634.881036,0.845,-7.214,0.001,0.006,258.852,258.507,256.69
1780889634.891668,-0.169,-7.5,0.002,0.006,259.009,258.399,256.643
1780889634.905972,-1.014,-8.357,0.002,0.007,259.192,258.372,256.493
1780889634.916805,-1.746,-8.071,0.002,0.006,259.247,258.256,256.554
1780889634.930221,-1.746,-8.071,0.002,0.006,259.247,258.256,256.554
1780889634.967545,-4.056,-8.929,0.004,0.007,259.673,257.993,256.406
1780889634.968004,-4.62,-9.929,0.004,0.008,259.817,258.028,256.236
1780889634.9686332,-4.62,-9.929,0.004,0.008,259.817,258.028,256.236
1780889634.979151,-6.873,-10.286,0.006,0.008,260.133,257.762,256.198
1780889634.9928472,-7.437,-10.929,0.006,0.008,260.243,257.763,256.095
1780889635.0035179,-8.113,-10.929,0.006,0.008,260.31,257.684,256.109
1780889635.0178208,-8.732,-11.571,0.007,0.009,260.432,257.674,256.006
1780889635.03158,-10.197,-12.429,0.008,0.009,260.675,257.573,255.88
1780889635.042078,-10.535,-12.643,0.008,0.009,260.71,257.564,255.857
1780889635.056455,-11.099,-13.0,0.008,0.01,260.799,257.531,255.807
1780889635.066983,-12.113,-13.286,0.009,0.01,260.958,257.419,255.771
1780889635.081012,-13.296,-14.143,0.009,0.01,261.161,257.356,255.647
1780889635.095108,-13.746,-14.714,0.009,0.011,261.254,257.358,255.56
1780889635.105881,-14.31,-16.071,0.01,0.012,261.444,257.413,255.336
1780889635.1195571,-14.873,-16.357,0.01,0.012,261.527,257.367,255.306
1780889635.133263,-15.718,-17.286,0.011,0.013,261.724,257.335,255.161
1780889635.1694741,-16.282,-17.714,0.011,0.013,261.821,257.301,255.107
1780889635.169845,-16.507,-17.929,0.011,0.013,261.84,257.301,255.091
1780889635.1701188,-17.296,-18.571,0.011,0.013,261.962,257.265,255.017
1780889635.182583,-17.803,-18.714,0.012,0.013,262.028,257.212,255.01
1780889635.196843,-18.085,-19.0,0.012,0.013,262.07,257.207,254.977
1780889635.207677,-18.366,-19.5,0.012,0.014,262.136,257.221,254.906
1780889635.221271,-19.155,-20.0,0.012,0.014,262.259,257.165,254.852
1780889635.2355719,-19.38,-20.143,0.012,0.014,262.281,257.154,254.843
1780889635.246413,-19.775,-20.857,0.013,0.015,262.393,257.167,254.733
1780889635.259956,-20.0,-21.429,0.013,0.015,262.433,257.201,254.665
1780889635.2712698,-20.056,-21.429,0.013,0.015,262.417,257.199,254.681
1780889635.284503,-20.225,-21.857,0.013,0.015,262.465,257.218,254.62
1780889635.300321,-20.338,-22.143,0.013,0.015,262.491,257.232,254.585
1780889635.309392,-20.169,-22.571,0.012,0.015,262.463,257.306,254.538
1780889635.323314,-20.451,-22.857,0.013,0.016,262.523,257.29,254.502
1780889635.337721,-20.451,-23.0,0.013,0.016,262.519,257.305,254.49
1780889635.3763971,-20.394,-23.0,0.012,0.016,262.493,257.316,254.502
1780889635.376843,-20.394,-23.214,0.012,0.016,262.487,257.338,254.486
1780889635.3771882,-20.338,-23.357,0.012,0.016,262.48,257.361,254.471
1780889635.386621,-20.282,-23.5,0.012,0.016,262.473,257.383,254.455
1780889635.400434,-19.944,-23.429,0.012,0.016,262.39,257.428,254.485
1780889635.410959,-19.887,-23.643,0.012,0.016,262.395,257.455,254.455
1780889635.4254808,-19.887,-23.5,0.012,0.016,262.375,257.44,254.486
1780889635.439293,-19.493,-23.714,0.012,0.016,262.323,257.521,254.455
1780889635.449714,-18.817,-23.571,0.011,0.016,262.185,257.608,254.492
1780889635.463763,-18.873,-23.429,0.011,0.016,262.181,257.581,254.521
1780889635.474258,-18.592,-23.929,0.011,0.016,262.183,257.668,254.437
1780889635.488503,-18.535,-23.714,0.011,0.016,262.153,257.651,254.479
1780889635.50211,-17.521,-23.786,0.01,0.016,261.989,257.807,254.475
1780889635.513004,-17.296,-23.929,0.01,0.016,261.97,257.848,254.453
1780889635.527235,-16.958,-23.714,0.01,0.016,261.896,257.874,254.494
1780889635.541058,-16.169,-23.214,0.009,0.015,261.728,257.938,254.582
1780889635.579655,-15.662,-22.857,0.009,0.015,261.615,257.977,254.644
1780889635.5800908,-15.099,-22.571,0.008,0.015,261.503,258.032,254.691
1780889635.5803678,-14.817,-22.571,0.008,0.015,261.469,258.068,254.688
1780889635.59021,-13.577,-22.071,0.007,0.014,261.238,258.2,254.769
1780889635.603734,-13.127,-21.929,0.007,0.014,261.164,258.248,254.79
1780889635.614341,-12.845,-21.286,0.007,0.014,261.072,258.222,254.898
1780889635.628649,-12.845,-21.286,0.007,0.014,261.072,258.222,254.898
1780889635.642503,-10.873,-20.643,0.005,0.013,260.72,258.456,254.993
1780889635.6529548,-10.197,-20.143,0.005,0.013,260.582,258.505,255.073
1780889635.6675022,-9.69,-19.714,0.005,0.013,260.481,258.532,255.139
1780889635.678188,-8.507,-19.357,0.004,0.013,260.302,258.662,255.18
1780889635.692136,-7.831,-18.857,0.004,0.012,260.167,258.71,255.258
1780889635.70641,-7.268,-18.214,0.003,0.012,260.04,258.726,255.36
1780889635.717005,-6.592,-17.929,0.003,0.012,259.929,258.794,255.397
1780889635.730647,-5.296,-17.714,0.002,0.011,259.753,258.954,255.41
1780889635.7412999,-4.732,-17.357,0.002,0.011,259.656,258.996,255.461
1780889635.755806,-4.0,-16.929,0.001,0.011,259.524,259.059,255.525
1780889635.793539,-3.211,-16.714,0.001,0.011,259.404,259.151,255.55
1780889635.793897,-2.028,-16.143,-0.0,0.011,259.22,259.254,255.627
1780889635.79425,-1.183,-15.571,-0.001,0.01,259.059,259.321,255.716
1780889635.803947,-0.563,-15.286,-0.001,0.01,258.963,259.377,255.752
1780889635.8181078,-0.563,-15.286,-0.001,0.01,258.963,259.377,255.752
1780889635.831927,1.521,-14.071,-0.003,0.009,258.543,259.587,255.955
1780889635.8423018,2.028,-13.786,-0.003,0.009,258.475,259.622,255.988
1780889635.856728,2.817,-13.286,-0.003,0.009,258.34,259.683,256.06
1780889635.8671942,3.493,-13.429,-0.004,0.009,258.283,259.788,256.016
1780889635.881065,4.845,-12.786,-0.004,0.008,258.084,259.905,256.099
1780889635.895366,5.521,-12.071,-0.005,0.008,257.946,259.927,256.211
1780889635.905911,5.972,-12.0,-0.005,0.008,257.905,259.975,256.207
1780889635.919817,7.606,-11.429,-0.006,0.008,257.662,260.151,256.279
1780889635.930537,8.338,-11.143,-0.007,0.007,257.556,260.224,256.315
1780889635.94416,8.958,-11.0,-0.007,0.007,257.48,260.292,256.325
1780889635.958446,9.521,-10.643,-0.007,0.007,257.393,260.33,256.375
1780889635.9970171,11.155,-10.071,-0.008,0.007,257.153,260.505,256.449
1780889635.997493,11.606,-9.571,-0.008,0.006,257.071,260.51,256.525
1780889635.9978611,12.225,-9.786,-0.009,0.007,257.027,260.614,256.472
1780889636.007453,12.225,-9.786,-0.009,0.007,257.027,260.614,256.472
1780889636.0211399,14.254,-8.643,-0.01,0.006,256.675,260.798,256.652
1780889636.0316029,14.648,-7.929,-0.01,0.005,256.585,260.772,256.766
1780889636.045843,15.211,-8.5,-0.011,0.006,256.584,260.903,256.645
1780889636.056542,15.211,-8.5,-0.011,0.006,256.584,260.903,256.645
1780889636.070197,16.958,-8.5,-0.012,0.006,256.344,261.177,256.632
1780889636.084034,17.352,-8.5,-0.012,0.006,256.319,261.217,256.621
1780889636.0951948,17.859,-8.357,-0.012,0.006,256.261,261.263,256.636
1780889636.1088488,18.254,-8.357,-0.012,0.006,256.233,261.305,256.626
1780889636.119591,20.394,-40.429,-0.014,0.032,258.851,264.917,251.091
1780889636.133426,16.394,-10.0,-0.011,0.007,256.667,261.017,256.457
1780889636.14768,16.451,-9.5,-0.011,0.006,256.634,260.97,256.533
1780889636.158179,16.451,-9.5,-0.011,0.006,256.634,260.97,256.533
1780889636.171952,16.451,-9.5,-0.011,0.006,256.634,260.97,256.533
1780889636.2090209,16.451,-9.5,-0.011,0.006,256.634,260.97,256.533
1780889636.209495,16.451,-9.5,-0.011,0.006,256.634,260.97,256.533
1780889636.2102962,20.789,-6.571,-0.014,0.004,255.757,261.399,257.022
1780889636.22091,20.789,-6.571,-0.014,0.004,255.757,261.399,257.022
1780889636.235322,22.141,-5.929,-0.015,0.004,255.528,261.553,257.114
1780889636.2458591,22.366,-6.143,-0.015,0.004,255.552,261.595,257.05
1780889636.259431,23.268,-5.643,-0.015,0.004,255.439,261.667,257.1
1780889636.273291,23.606,-5.5,-0.016,0.004,255.408,261.695,257.107
1780889636.2841759,23.437,-5.714,-0.015,0.004,255.485,261.672,257.049
1780889636.2984908,23.718,-6.214,-0.015,0.005,255.513,261.756,256.942
1780889636.308856,24.169,-6.429,-0.016,0.005,255.51,261.827,256.881
1780889636.322731,23.775,-6.643,-0.015,0.005,255.611,261.766,256.833
1780889636.3371148,24.056,-6.786,-0.015,0.005,255.597,261.817,256.801
1780889636.347861,24.113,-7.0,-0.015,0.005,255.624,261.836,256.756
1780889636.361352,24.225,-7.071,-0.015,0.006,255.639,261.841,256.736
1780889636.372007,24.056,-7.286,-0.015,0.006,255.696,261.823,256.694
1780889636.386351,23.831,-7.357,-0.015,0.006,255.746,261.783,256.68
1780889636.423174,24.113,-7.429,-0.015,0.006,255.717,261.832,256.666
1780889636.423597,23.437,-8.143,-0.014,0.006,255.895,261.773,256.538
1780889636.424255,23.493,-8.5,-0.014,0.007,255.921,261.813,256.476
1780889636.435698,23.493,-8.643,-0.014,0.007,255.935,261.822,256.454
1780889636.4492621,23.549,-8.643,-0.014,0.007,255.927,261.827,256.458
1780889636.4596019,23.099,-9.143,-0.014,0.007,256.043,261.789,256.375
1780889636.4734762,23.042,-9.786,-0.014,0.008,256.107,261.841,256.264
1780889636.487844,23.042,-9.857,-0.014,0.008,256.109,261.844,256.259
1780889636.4984488,22.704,-10.214,-0.014,0.008,256.186,261.813,256.21
1780889636.5120409,22.31,-11.071,-0.013,0.009,256.319,261.828,256.063
1780889636.526366,21.972,-11.071,-0.013,0.008,256.364,261.768,256.073
1780889636.537096,21.746,-11.143,-0.013,0.009,256.397,261.735,256.07
1780889636.5507588,20.958,-11.857,-0.012,0.009,256.565,261.673,255.959
1780889636.561377,20.901,-11.929,-0.012,0.009,256.569,261.672,255.956
1780889636.5757718,20.282,-12.0,-0.012,0.009,256.662,261.574,255.953
1780889636.589483,20.0,-12.286,-0.012,0.009,256.719,261.558,255.91
1780889636.6269639,19.155,-12.571,-0.011,0.009,256.851,261.451,255.877
1780889636.627389,18.592,-12.571,-0.011,0.009,256.926,261.361,255.885
1780889636.6278532,18.197,-12.929,-0.011,0.01,257.005,261.337,255.829
1780889636.6385138,17.915,-13.357,-0.01,0.01,257.073,261.339,255.761
1780889636.6520839,16.789,-13.357,-0.01,0.01,257.218,261.163,255.779
1780889636.662624,16.507,-13.929,-0.009,0.01,257.297,261.182,255.685
1780889636.676919,16.507,-13.929,-0.009,0.01,257.297,261.182,255.685
1780889636.690718,14.704,-14.929,-0.008,0.011,257.656,260.984,255.517
1780889636.701535,14.423,-15.286,-0.008,0.011,257.708,260.984,255.466
1780889636.715877,13.915,-15.286,-0.008,0.011,257.764,260.911,255.479
1780889636.7294762,13.296,-15.643,-0.007,0.011,257.871,260.855,255.428
1780889636.7400162,12.62,-16.5,-0.007,0.012,258.032,260.838,255.288
1780889636.753807,12.113,-16.5,-0.007,0.012,258.086,260.766,255.303
1780889636.7645,11.493,-17.0,-0.006,0.012,258.205,260.724,255.227
1780889636.778615,10.986,-16.929,-0.006,0.012,258.252,260.646,255.254
1780889636.7923908,9.69,-16.929,-0.005,0.012,258.406,260.458,255.279
1780889636.8305311,9.014,-17.857,-0.005,0.013,258.575,260.452,255.124
1780889636.83088,8.394,-17.643,-0.004,0.013,258.626,260.344,255.175
1780889636.831145,7.268,-18.214,-0.003,0.013,258.806,260.246,255.096
1780889636.841619,6.817,-18.143,-0.003,0.013,258.844,260.181,255.119
1780889636.8560798,6.254,-18.786,-0.003,0.013,258.969,260.167,255.015
1780889636.866622,5.803,-18.714,-0.003,0.013,259.007,260.102,255.039
1780889636.880199,4.394,-18.714,-0.002,0.013,259.183,259.903,255.057
1780889636.8907561,4.394,-18.286,-0.002,0.013,259.115,259.882,255.14
1780889636.90525,3.549,-18.929,-0.001,0.013,259.29,259.822,255.032
1780889636.918988,2.873,-19.071,-0.001,0.013,259.388,259.742,255.015
1780889636.929549,1.521,-19.643,-0.0,0.014,259.611,259.613,254.927
1780889636.9432802,1.183,-19.571,0.0,0.014,259.632,259.57,254.948
1780889636.953888,0.732,-19.786,0.0,0.014,259.7,259.535,254.917
1780889636.9682188,0.732,-19.786,0.0,0.014,259.7,259.535,254.917
1780889636.978799,-1.07,-20.357,0.002,0.014,259.997,259.331,254.833
1780889636.9924622,-1.577,-20.357,0.002,0.014,260.051,259.269,254.841
1780889637.0066402,-1.915,-20.357,0.002,0.014,260.079,259.234,254.848
1780889637.044076,-1.915,-20.357,0.002,0.014,260.079,259.234,254.848
1780889637.044471,-3.437,-19.571,0.003,0.013,260.23,258.931,254.993
1780889637.0447402,-3.887,-20.429,0.003,0.014,260.359,258.964,254.845
1780889637.055646,-3.887,-20.429,0.003,0.014,260.359,258.964,254.845
1780889637.069163,-4.845,-20.714,0.004,0.014,260.517,258.858,254.8
1780889637.079655,-5.014,-20.714,0.004,0.014,260.513,258.854,254.807
1780889637.09339,-5.014,-20.714,0.004,0.014,260.513,258.854,254.807
1780889637.1038961,-5.014,-20.714,0.004,0.014,260.513,258.854,254.807
1780889637.118622,-7.493,-21.857,0.006,0.015,261.013,258.581,254.612
1780889637.132205,-7.606,-21.786,0.006,0.015,260.95,258.609,254.643
1780889637.142615,-8.0,-21.571,0.006,0.015,260.963,258.547,254.688
1780889637.1568918,-7.775,-21.429,0.006,0.015,260.881,258.593,254.719
1780889637.1675022,-7.775,-21.357,0.005,0.015,260.848,258.606,254.737
1780889637.1814442,-8.394,-19.714,0.006,0.013,260.752,258.392,255.025
1780889637.1956108,-8.056,-18.929,0.005,0.013,260.601,258.394,255.16
1780889637.206265,-8.451,-18.714,0.006,0.012,260.634,258.329,255.191
1780889637.220022,-8.676,-17.5,0.006,0.012,260.532,258.217,255.391
1780889637.257638,-8.676,-17.286,0.006,0.011,260.504,258.216,255.418
1780889637.2579389,-8.789,-17.071,0.006,0.011,260.495,258.195,255.445
1780889637.258307,-8.732,-16.286,0.005,0.011,260.404,258.148,255.574
1780889637.269142,-8.845,-15.929,0.006,0.011,260.385,258.114,255.624
1780889637.2827132,-8.845,-15.929,0.006,0.011,260.385,258.114,255.624
1780889637.2931042,-8.845,-15.929,0.006,0.011,260.385,258.114,255.624
1780889637.3073852,-8.845,-15.929,0.006,0.011,260.385,258.114,255.624
1780889637.318049,-9.296,-14.214,0.006,0.009,260.293,257.9,255.916
1780889637.3317099,-9.014,-13.071,0.006,0.008,260.136,257.86,256.1
1780889637.3462532,-9.127,-12.786,0.006,0.008,260.131,257.835,256.128
1780889637.356794,-8.845,-12.571,0.005,0.008,260.068,257.879,256.145
1780889637.3705301,-8.563,-11.357,0.005,0.007,259.917,257.845,256.319
1780889637.381112,-8.451,-11.143,0.005,0.007,259.886,257.858,256.336
1780889637.395593,-8.169,-10.429,0.005,0.007,259.779,257.851,256.444
1780889637.409117,-8.225,-10.429,0.005,0.007,259.799,257.854,256.422
1780889637.4199622,-7.944,-9.571,0.005,0.006,259.69,257.843,256.536
1780889637.433573,-7.775,-9.214,0.004,0.006,259.639,257.847,256.581
1780889637.470856,-7.662,-8.929,0.004,0.006,259.604,257.848,256.613
1780889637.471178,-7.38,-8.357,0.004,0.006,259.514,257.849,256.697
1780889637.471468,-7.099,-7.786,0.004,0.005,259.437,257.856,256.763
1780889637.482568,-6.986,-7.714,0.004,0.005,259.424,257.874,256.757
1780889637.496854,-6.817,-7.286,0.004,0.005,259.368,257.867,256.818
1780889637.5074828,-6.366,-7.286,0.003,0.005,259.306,257.945,256.801
1780889637.52123,-6.141,-6.5,0.003,0.005,259.221,257.916,256.912
1780889637.531743,-5.803,-6.0,0.003,0.004,259.132,257.927,256.987
1780889637.546169,-5.296,-6.143,0.003,0.005,259.076,258.024,256.944
1780889637.556735,-5.239,-5.929,0.003,0.005,259.062,258.013,256.969
1780889637.570356,-4.62,-5.286,0.002,0.004,258.929,258.053,257.059
1780889637.5809731,-4.338,-5.571,0.002,0.004,258.925,258.124,256.993
1780889637.595509,-4.113,-5.071,0.002,0.004,258.855,258.111,257.072
1780889637.60906,-3.944,-5.214,0.002,0.004,258.856,258.15,257.034
1780889637.619744,-3.155,-4.643,0.001,0.004,258.702,258.218,257.116
1780889637.633426,-2.648,-5.071,0.001,0.004,258.675,258.336,257.027
1780889637.644181,-2.704,-4.357,0.001,0.004,258.633,258.253,257.149
1780889637.658329,-2.254,-4.571,0.001,0.004,258.594,258.342,257.1
1780889637.695669,-1.408,-4.357,0.0,0.004,258.466,258.447,257.122
1780889637.696146,-1.07,-4.643,-0.0,0.004,258.454,258.52,257.063
1780889637.6969259,-0.789,-4.571,-0.0,0.004,258.416,258.55,257.07
1780889637.707593,-0.676,-4.714,-0.0,0.004,258.426,258.573,257.038
1780889637.721347,0.169,-5.143,-0.001,0.005,258.356,258.732,256.952
1780889637.731871,0.563,-5.286,-0.001,0.005,258.319,258.798,256.925
1780889637.7462988,0.789,-5.786,-0.001,0.005,258.342,258.869,256.833
1780889637.75693,1.296,-5.786,-0.002,0.005,258.272,258.939,256.835
1780889637.770528,1.69,-6.0,-0.002,0.005,258.251,258.996,256.8
1780889637.7851079,1.972,-6.357,-0.002,0.006,258.25,259.062,256.737
1780889637.795637,2.423,-6.857,-0.002,0.006,258.234,259.169,256.65
1780889637.809443,2.592,-6.929,-0.002,0.006,258.223,259.188,256.642
1780889637.819956,3.775,-7.071,-0.003,0.006,258.068,259.364,256.626
1780889637.833587,4.113,-7.429,-0.003,0.006,258.058,259.437,256.566
1780889637.8444989,4.225,-8.071,-0.003,0.007,258.11,259.499,256.456
1780889637.8587132,4.732,-8.214,-0.004,0.007,258.051,259.579,256.438
1780889637.87235,5.465,-9.5,-0.004,0.008,258.071,259.784,256.224
1780889637.910485,5.577,-9.714,-0.004,0.008,258.081,259.803,256.198
1780889637.910871,5.972,-10.286,-0.004,0.008,258.077,259.903,256.107
1780889637.9111402,6.423,-10.429,-0.005,0.008,258.025,259.971,256.094
1780889637.921477,6.817,-11.214,-0.005,0.009,258.05,260.07,255.978
1780889637.9321432,7.718,-11.5,-0.006,0.009,257.937,260.228,255.94
1780889637.946441,7.831,-11.786,-0.006,0.009,257.953,260.252,255.902
1780889637.960182,8.563,-12.571,-0.006,0.01,257.923,260.406,255.789
1780889637.970675,8.845,-12.357,-0.006,0.01,257.864,260.411,255.841
1780889637.985245,9.127,-13.214,-0.006,0.01,257.906,260.521,255.7
1780889637.9956942,9.69,-13.5,-0.007,0.01,257.848,260.622,255.663
1780889638.0094879,10.423,-14.5,-0.007,0.011,257.836,260.797,255.514
1780889638.02327,10.648,-15.0,-0.007,0.011,257.852,260.861,255.441
1780889638.033778,10.873,-15.429,-0.007,0.012,257.861,260.917,255.381
1780889638.048317,11.042,-16.071,-0.007,0.012,257.897,260.986,255.283
1780889638.061955,11.662,-16.571,-0.008,0.012,257.852,261.094,255.229
1780889638.072806,11.944,-16.929,-0.008,0.013,257.844,261.155,255.182
1780889638.0869498,12.282,-17.357,-0.008,0.013,257.833,261.232,255.122
1780889638.125618,12.676,-17.643,-0.008,0.013,257.8,261.306,255.088
1780889638.126061,13.183,-18.0,-0.009,0.013,257.76,261.383,255.057
1780889638.12641,13.408,-18.5,-0.009,0.013,257.775,261.45,254.983
1780889638.1361458,13.352,-18.714,-0.009,0.014,257.807,261.441,254.96
1780889638.149844,14.141,-19.429,-0.009,0.014,257.753,261.606,254.864
1780889638.1636832,14.254,-19.929,-0.009,0.014,257.785,261.655,254.791
1780889638.174176,14.197,-19.857,-0.009,0.014,257.79,261.618,254.819
1780889638.188548,14.592,-20.286,-0.01,0.014,257.769,261.711,254.757
1780889638.199193,14.704,-20.643,-0.01,0.015,257.788,261.73,254.722
1780889638.212909,14.93,-21.071,-0.01,0.015,257.794,261.795,254.659
1780889638.22711,15.099,-21.357,-0.01,0.015,257.794,261.836,254.622
1780889638.237706,15.099,-21.357,-0.01,0.015,257.794,261.836,254.622
1780889638.2516868,15.099,-21.357,-0.01,0.015,257.794,261.836,254.622
1780889638.265951,15.831,-21.714,-0.01,0.015,257.712,261.982,254.572
1780889638.276663,15.831,-22.214,-0.01,0.016,257.761,262.013,254.498
1780889638.290167,15.887,-22.429,-0.01,0.016,257.775,262.01,254.487
1780889638.327223,15.718,-22.571,-0.01,0.016,257.816,261.98,254.475
1780889638.3275788,16.0,-22.429,-0.01,0.016,257.758,262.001,254.511
1780889638.328762,16.0,-22.857,-0.01,0.016,257.799,262.031,254.446
1780889638.3393128,16.282,-22.786,-0.01,0.016,257.75,262.049,254.477
1780889638.353154,16.338,-22.929,-0.01,0.016,257.755,262.062,254.46
1780889638.3674922,16.338,-22.786,-0.01,0.016,257.743,262.038,254.493
1780889638.3780181,16.169,-22.714,-0.01,0.016,257.765,261.993,254.512
1780889638.391881,16.451,-22.643,-0.01,0.015,257.716,262.02,254.534
1780889638.402557,16.0,-22.571,-0.01,0.015,257.784,261.929,254.551
1780889638.416948,16.225,-22.143,-0.01,0.015,257.708,261.921,254.629
1780889638.4306161,16.113,-22.0,-0.01,0.015,257.716,261.882,254.656
1780889638.4410932,16.113,-22.0,-0.01,0.015,257.716,261.882,254.656
1780889638.4554539,16.113,-22.0,-0.01,0.015,257.716,261.882,254.656
1780889638.468812,16.113,-22.0,-0.01,0.015,257.716,261.882,254.656
1780889638.479705,16.113,-22.0,-0.01,0.015,257.716,261.882,254.656
1780889638.493299,15.155,-21.286,-0.009,0.014,257.805,261.645,254.781
1780889638.529624,14.93,-20.929,-0.009,0.014,257.807,261.575,254.841
1780889638.530008,14.873,-20.857,-0.009,0.014,257.809,261.565,254.849
1780889638.532023,14.761,-20.214,-0.009,0.014,257.766,261.495,254.951
1780889638.542478,14.31,-20.143,-0.009,0.014,257.832,261.417,254.958
1780889638.5569248,14.254,-19.5,-0.009,0.013,257.781,261.353,255.065
1780889638.5707982,13.746,-19.286,-0.008,0.013,257.839,261.265,255.088
1780889638.5812402,13.521,-19.143,-0.008,0.013,257.861,261.222,255.105
1780889638.595757,13.352,-18.929,-0.008,0.013,257.867,261.183,255.135
1780889638.606285,13.183,-18.571,-0.008,0.012,257.859,261.129,255.19
1780889638.62014,12.338,-18.0,-0.007,0.012,257.938,260.955,255.272
1780889638.6338491,12.225,-17.857,-0.007,0.012,257.94,260.935,255.288
1780889638.645153,11.775,-17.429,-0.007,0.012,257.97,260.831,255.355
1780889638.658859,11.549,-17.071,-0.007,0.011,257.97,260.773,255.408
1780889638.6726139,11.268,-16.643,-0.007,0.011,257.969,260.715,255.462
1780889638.6832871,10.704,-16.214,-0.006,0.011,258.017,260.592,255.527
1780889638.697657,10.535,-15.857,-0.006,0.011,258.007,260.546,255.579
1780889638.736358,10.085,-15.571,-0.006,0.011,258.05,260.459,255.618
1780889638.73674,10.085,-15.571,-0.006,0.011,258.05,260.459,255.618
1780889638.737092,10.085,-15.571,-0.006,0.011,258.05,260.459,255.618
1780889638.7464168,8.62,-13.857,-0.005,0.009,258.123,260.066,255.911
1780889638.760201,8.225,-13.0,-0.005,0.009,258.096,259.968,256.028
1780889638.7707462,8.113,-12.929,-0.005,0.009,258.104,259.966,256.022
1780889638.785147,7.38,-12.571,-0.004,0.009,258.185,259.833,256.069
1780889638.798955,7.662,-12.357,-0.004,0.008,258.114,259.883,256.09
1780889638.8095229,6.592,-11.643,-0.004,0.008,258.211,259.682,256.186
1780889638.8233202,6.141,-11.286,-0.003,0.008,258.245,259.596,256.233
1780889638.833916,5.859,-10.643,-0.003,0.007,258.225,259.512,256.332
1780889638.848463,5.408,-10.929,-0.003,0.008,258.319,259.488,256.263
1780889638.8620532,4.789,-9.929,-0.003,0.007,258.314,259.336,256.413
1780889638.872807,4.507,-9.643,-0.002,0.007,258.327,259.285,256.448
1780889638.8870149,4.338,-9.786,-0.002,0.007,258.362,259.294,256.407
1780889638.8975081,4.338,-9.786,-0.002,0.007,258.362,259.294,256.407
1780889638.9110038,4.338,-9.786,-0.002,0.007,258.362,259.294,256.407
1780889638.949182,4.338,-9.786,-0.002,0.007,258.362,259.294,256.407
1780889638.949562,4.338,-9.786,-0.002,0.007,258.362,259.294,256.407
1780889638.949913,2.479,-7.571,-0.001,0.005,258.45,258.801,256.793
1780889638.960112,1.972,-7.143,-0.001,0.005,258.479,258.74,256.825
1780889638.973769,1.803,-6.857,-0.001,0.005,258.472,258.714,256.857
1780889638.985051,1.408,-6.5,-0.0,0.005,258.496,258.643,256.902
1780889638.998695,1.127,-6.429,-0.0,0.005,258.528,258.616,256.897
1780889639.009161,0.676,-6.214,-0.0,0.005,258.567,258.572,256.902
1780889639.022975,0.676,-5.786,-0.0,0.005,258.52,258.554,256.965
1780889639.033629,0.056,-5.929,0.0,0.005,258.628,258.488,256.923
1780889639.047832,-0.338,-5.571,0.001,0.005,258.651,258.413,256.975
1780889639.061478,-0.338,-5.143,0.0,0.004,258.599,258.414,257.025
1780889639.072343,-0.732,-5.429,0.001,0.005,258.684,258.395,256.96
1780889639.0865972,-0.901,-5.5,0.001,0.005,258.711,258.392,256.937
1780889639.097151,-1.014,-5.286,0.001,0.005,258.702,258.37,256.967
1780889639.110698,-1.521,-5.429,0.001,0.005,258.785,258.332,256.925
1780889639.121428,-1.69,-5.571,0.001,0.005,258.818,258.332,256.892
1780889639.1357539,-1.746,-5.643,0.001,0.005,258.826,258.343,256.874
1780889639.172967,-1.915,-6.0,0.001,0.005,258.88,258.361,256.804
1780889639.173386,-2.197,-5.929,0.001,0.005,258.903,258.329,256.813
1780889639.173753,-2.423,-6.357,0.002,0.006,258.973,258.342,256.733
1780889639.1842072,-2.761,-6.214,0.002,0.005,259.006,258.283,256.759
1780889639.198634,-2.423,-6.571,0.001,0.006,258.976,258.38,256.693
1780889639.209005,-2.93,-6.929,0.002,0.006,259.077,258.346,256.63
1780889639.2227972,-2.986,-7.286,0.002,0.006,259.111,258.376,256.568
1780889639.233393,-3.38,-7.357,0.002,0.006,259.173,258.324,256.558
1780889639.247864,-3.493,-7.643,0.002,0.007,259.209,258.338,256.51
1780889639.261478,-3.606,-8.143,0.002,0.007,259.256,258.376,256.43
1780889639.2722251,-3.775,-8.5,0.002,0.007,259.308,258.385,256.371
1780889639.2866292,-4.0,-8.714,0.002,0.007,259.355,258.372,256.339
1780889639.297055,-3.775,-9.214,0.002,0.008,259.354,258.458,256.257
1780889639.310747,-3.887,-9.714,0.002,0.008,259.401,258.488,256.184
1780889639.321517,-3.718,-9.929,0.002,0.008,259.384,258.535,256.155
1780889639.335555,-3.887,-10.5,0.002,0.009,259.458,258.56,256.061
1780889639.349382,-4.0,-10.857,0.002,0.009,259.501,258.573,256.008
1780889639.3879192,-3.944,-11.071,0.002,0.009,259.493,258.598,255.991
1780889639.388252,-3.831,-11.214,0.002,0.009,259.48,258.627,255.976
1780889639.388523,-3.831,-11.571,0.002,0.009,259.506,258.658,255.921
1780889639.398438,-3.831,-12.0,0.002,0.009,259.54,258.695,255.855
1780889639.412134,-4.113,-12.571,0.002,0.01,259.625,258.694,255.776
1780889639.422745,-4.0,-12.929,0.002,0.01,259.632,258.743,255.723
1780889639.4370291,-4.056,-13.143,0.002,0.01,259.653,258.749,255.697
1780889639.447584,-4.056,-13.071,0.002,0.01,259.639,258.738,255.721
1780889639.461322,-4.056,-14.286,0.002,0.011,259.739,258.843,255.528
1780889639.4721248,-3.944,-15.143,0.002,0.012,259.794,258.936,255.389
1780889639.4863129,-3.831,-15.071,0.002,0.011,259.76,258.941,255.417
1780889639.500278,-3.887,-15.929,0.002,0.012,259.843,259.005,255.279
1780889639.510549,-3.831,-15.929,0.002,0.012,259.825,259.006,255.295
1780889639.52493,-3.493,-16.357,0.002,0.012,259.802,259.094,255.233
1780889639.5354571,-3.493,-16.714,0.002,0.013,259.83,259.119,255.185
1780889639.549433,-3.662,-17.0,0.002,0.013,259.873,259.1,255.163
1780889639.5629911,-3.268,-16.929,0.002,0.012,259.794,259.15,255.189
1780889639.60022,-2.93,-17.5,0.001,0.013,259.788,259.252,255.099
1780889639.600658,-2.423,-18.0,0.001,0.013,259.748,259.373,255.024
1780889639.601032,-2.592,-18.786,0.001,0.014,259.843,259.396,254.914
1780889639.6121721,-2.592,-19.071,0.001,0.014,259.866,259.413,254.878
1780889639.6266081,-2.197,-18.571,0.001,0.013,259.749,259.42,254.979
1780889639.6371,-1.859,-18.429,0.001,0.013,259.678,259.452,255.014
1780889639.650819,-1.69,-18.643,0.0,0.013,259.671,259.481,254.993
1780889639.6614752,-1.408,-18.5,0.0,0.013,259.612,259.505,255.026
1780889639.675889,-0.958,-18.429,-0.0,0.013,259.533,259.564,255.045
1780889639.689683,-1.014,-18.429,0.0,0.013,259.547,259.544,255.05
1780889639.700178,-0.563,-18.429,-0.0,0.013,259.479,259.601,255.061
1780889639.7141278,-0.225,-18.571,-0.001,0.013,259.442,259.662,255.039
1780889639.7251751,0.113,-18.714,-0.001,0.013,259.405,259.722,255.018
1780889639.738991,1.014,-18.571,-0.001,0.013,259.254,259.839,255.05
1780889639.752528,0.732,-18.643,-0.001,0.013,259.316,259.787,255.04
1780889639.763278,1.07,-18.5,-0.001,0.013,259.254,259.82,255.068
1780889639.777514,1.352,-18.429,-0.002,0.013,259.208,259.85,255.082
1780889639.817317,1.915,-18.571,-0.002,0.013,259.145,259.938,255.06
1780889639.8177521,2.141,-18.357,-0.002,0.013,259.097,259.945,255.099
1780889639.818026,2.366,-18.429,-0.002,0.013,259.076,259.979,255.087
1780889639.8267388,2.704,-18.214,-0.002,0.013,259.009,260.005,255.125
1780889639.840437,3.099,-18.214,-0.003,0.013,258.964,260.052,255.124
1780889639.8509781,3.606,-17.929,-0.003,0.013,258.864,260.1,255.174
1780889639.8654451,3.775,-18.214,-0.003,0.013,258.875,260.146,255.122
1780889639.879148,4.113,-18.071,-0.003,0.013,258.817,260.178,255.147
1780889639.889763,4.845,-18.071,-0.004,0.013,258.719,260.281,255.144
1780889639.903496,5.577,-17.929,-0.004,0.013,258.599,260.379,255.169
1780889639.91415,5.07,-17.857,-0.004,0.013,258.688,260.274,255.18
1780889639.92845,5.746,-17.429,-0.004,0.012,258.549,260.337,255.254
1780889639.942209,6.254,-17.214,-0.005,0.012,258.472,260.382,255.286
1780889639.9526138,6.535,-16.929,-0.005,0.012,258.413,260.392,255.333
1780889639.967146,6.873,-17.0,-0.005,0.012,258.379,260.446,255.316
1780889639.9777558,7.042,-16.357,-0.005,0.011,258.305,260.403,255.425
1780889639.9914649,7.662,-16.571,-0.005,0.012,258.252,260.512,255.376
1780889640.043649,7.944,-16.571,-0.006,0.012,258.221,260.55,255.371
1780889640.0439749,8.282,-16.143,-0.006,0.011,258.14,260.555,255.443
1780889640.044249,8.507,-15.714,-0.006,0.011,258.093,260.535,255.507
1780889640.044514,8.789,-15.714,-0.006,0.011,258.061,260.575,255.501
1780889640.054778,8.732,-15.786,-0.006,0.011,258.09,260.565,255.482
1780889640.065145,8.732,-15.786,-0.006,0.011,258.09,260.565,255.482
1780889640.07887,8.732,-15.786,-0.006,0.011,258.09,260.565,255.482
1780889640.09274,8.732,-15.786,-0.006,0.011,258.09,260.565,255.482
1780889640.10322,10.028,-14.357,-0.007,0.01,257.762,260.638,255.731
1780889640.117617,10.366,-14.143,-0.007,0.01,257.707,260.666,255.758
1780889640.131317,10.817,-13.571,-0.007,0.01,257.619,260.671,255.838
1780889640.1419241,10.93,-13.714,-0.007,0.01,257.633,260.697,255.802
1780889640.156308,11.099,-13.143,-0.008,0.009,257.57,260.663,255.894
1780889640.166992,11.324,-12.643,-0.008,0.009,257.505,260.647,255.972
1780889640.180769,11.718,-12.571,-0.008,0.009,257.468,260.697,255.962
1780889640.195054,11.718,-12.0,-0.008,0.009,257.431,260.636,256.054
1780889640.227312,11.887,-12.0,-0.008,0.009,257.42,260.661,256.042
1780889640.227746,12.0,-11.5,-0.008,0.008,257.383,260.623,256.112
1780889640.23326,12.169,-11.5,-0.008,0.008,257.37,260.65,256.101
1780889640.243579,12.563,-11.143,-0.008,0.008,257.287,260.679,256.155
1780889640.257953,12.451,-11.286,-0.008,0.008,257.332,260.671,256.119
1780889640.268575,12.62,-11.143,-0.008,0.008,257.316,260.679,256.127
1780889640.2824042,12.845,-10.571,-0.008,0.008,257.238,260.659,256.222
1780889640.296608,13.07,-10.571,-0.009,0.008,257.214,260.696,256.212
1780889640.307057,12.958,-10.5,-0.008,0.008,257.236,260.668,256.216
1780889640.3209631,13.127,-10.286,-0.008,0.008,257.208,260.674,256.238
1780889640.335298,13.014,-10.143,-0.008,0.008,257.222,260.64,256.256
1780889640.346442,13.408,-10.143,-0.009,0.008,257.167,260.706,256.249
1780889640.359753,13.183,-10.143,-0.008,0.008,257.218,260.664,256.237
1780889640.370479,13.352,-10.0,-0.009,0.008,257.185,260.678,256.257
1780889640.3841228,13.352,-9.929,-0.009,0.008,257.184,260.671,256.264
1780889640.398633,13.634,-10.071,-0.009,0.008,257.159,260.732,256.233
1780889640.437166,13.634,-9.643,-0.009,0.007,257.132,260.687,256.3
1780889640.437533,13.746,-9.929,-0.009,0.008,257.146,260.733,256.244
1780889640.437897,13.577,-9.929,-0.009,0.008,257.178,260.703,256.24
1780889640.4475698,13.634,-9.857,-0.009,0.008,257.166,260.705,256.25
1780889640.461333,13.521,-10.071,-0.009,0.008,257.211,260.706,256.206
1780889640.4719,13.408,-10.143,-0.008,0.008,257.237,260.693,256.191
1780889640.4861,13.352,-10.286,-0.008,0.008,257.261,260.698,256.164
1780889640.499956,13.408,-10.429,-0.008,0.008,257.265,260.721,256.138
1780889640.510628,13.127,-10.286,-0.008,0.008,257.298,260.659,256.163
1780889640.5248861,13.183,-10.643,-0.008,0.008,257.321,260.704,256.099
1780889640.5354009,13.127,-10.5,-0.008,0.008,257.316,260.681,256.126
1780889640.549254,13.07,-10.643,-0.008,0.008,257.336,260.687,256.1
1780889640.563054,12.845,-10.929,-0.008,0.009,257.397,260.677,256.05
1780889640.573758,12.62,-11.071,-0.008,0.009,257.443,260.653,256.027
1780889640.588058,12.676,-10.857,-0.008,0.009,257.411,260.643,256.068
1780889640.601683,12.113,-11.143,-0.007,0.009,257.519,260.579,256.02
1780889640.638171,12.338,-11.0,-0.008,0.009,257.466,260.606,256.048
1780889640.638595,12.169,-10.929,-0.008,0.009,257.483,260.573,256.062
1780889640.638929,11.831,-11.5,-0.007,0.009,257.586,260.574,255.961
1780889640.650754,11.437,-11.571,-0.007,0.009,257.644,260.52,255.954
1780889640.665249,11.662,-11.429,-0.007,0.009,257.589,260.547,255.982
1780889640.6757472,11.38,-12.0,-0.007,0.009,257.682,260.558,255.882
1780889640.689392,11.042,-12.5,-0.007,0.01,257.769,260.555,255.8
1780889640.7031522,10.986,-12.214,-0.007,0.009,257.744,260.52,255.857
1780889640.713758,10.648,-12.786,-0.007,0.01,257.844,260.521,255.759
1780889640.7280772,10.479,-12.786,-0.006,0.01,257.863,260.495,255.765
1780889640.738729,10.141,-12.929,-0.006,0.01,257.914,260.459,255.749
1780889640.752502,10.254,-13.286,-0.006,0.01,257.92,260.516,255.691
1780889640.767016,9.746,-13.357,-0.006,0.01,258.0,260.439,255.684
1780889640.777638,9.408,-13.643,-0.006,0.01,258.071,260.414,255.639
1780889640.791295,9.07,-13.571,-0.006,0.01,258.099,260.36,255.662
1780889640.801791,8.732,-14.071,-0.005,0.011,258.19,260.356,255.578
1780889640.816383,8.62,-14.357,-0.005,0.011,258.223,260.369,255.534
1780889640.854084,8.338,-14.143,-0.005,0.011,258.238,260.305,255.579
1780889640.854508,7.887,-15.214,-0.005,0.012,258.388,260.342,255.402
1780889640.854858,7.831,-15.429,-0.005,0.012,258.404,260.357,255.373
1780889640.8653078,7.775,-15.286,-0.005,0.011,258.388,260.337,255.407
1780889640.878999,7.38,-16.071,-0.005,0.012,258.5,260.353,255.286
1780889640.892745,7.549,-16.214,-0.005,0.012,258.474,260.398,255.27
1780889640.9034371,6.817,-16.5,-0.004,0.012,258.609,260.304,255.228
1780889640.918164,6.423,-16.786,-0.004,0.013,258.687,260.269,255.186
1780889640.928281,6.141,-16.786,-0.004,0.012,258.708,260.229,255.203
1780889640.94208,5.859,-17.143,-0.004,0.013,258.774,260.221,255.148
1780889640.956539,5.465,-17.429,-0.003,0.013,258.852,260.187,255.106
1780889640.967196,5.521,-17.429,-0.003,0.013,258.829,260.202,255.115
1780889640.980959,5.239,-17.857,-0.003,0.013,258.888,260.204,255.056
1780889640.991581,5.239,-17.714,-0.003,0.013,258.863,260.194,255.089
1780889641.0060291,4.789,-17.857,-0.003,0.013,258.939,260.136,255.07
1780889641.016371,4.394,-17.929,-0.003,0.013,258.999,260.082,255.064
1780889641.030105,4.056,-18.286,-0.002,0.013,259.064,260.071,255.014
1780889641.055027,3.944,-18.143,-0.002,0.013,259.057,260.044,255.045
1780889641.055379,3.549,-18.143,-0.002,0.013,259.11,259.984,255.05
1780889641.068971,3.437,-17.929,-0.002,0.013,259.097,259.952,255.092
1780889641.079264,3.38,-18.071,-0.002,0.013,259.1,259.971,255.073
1780889641.0931652,2.817,-17.929,-0.002,0.013,259.17,259.869,255.101
1780889641.107344,2.648,-18.0,-0.002,0.013,259.194,259.856,255.09
1780889641.117818,2.423,-18.214,-0.001,0.013,259.242,259.846,255.055
1780889641.131739,2.254,-17.857,-0.001,0.013,259.216,259.799,255.122
1780889641.142123,1.972,-17.929,-0.001,0.013,259.261,259.766,255.11
1780889641.156435,1.972,-17.929,-0.001,0.013,259.253,259.774,255.111
1780889641.170348,1.296,-18.071,-0.001,0.013,259.361,259.691,255.087
1780889641.18091,1.352,-18.0,-0.001,0.013,259.336,259.701,255.101
1780889641.1950989,1.296,-17.857,-0.001,0.013,259.324,259.685,255.127
1780889641.205838,1.127,-17.714,-0.001,0.013,259.331,259.651,255.152
1780889641.2193038,0.845,-17.643,-0.001,0.013,259.356,259.611,255.166
1780889641.233335,0.563,-17.643,-0.0,0.013,259.397,259.572,255.164
1780889641.269823,0.169,-17.929,-0.0,0.013,259.482,259.542,255.113
1780889641.2702248,0.394,-17.214,-0.0,0.012,259.369,259.519,255.239
1780889641.270616,-0.169,-17.5,0.0,0.013,259.478,259.469,255.184
1780889641.282453,-0.225,-17.429,0.0,0.012,259.474,259.461,255.195
1780889641.2967832,-0.338,-17.429,0.0,0.012,259.487,259.45,255.194
1780889641.307421,-0.338,-17.286,0.0,0.012,259.467,259.444,255.218
1780889641.321119,-0.789,-17.429,0.0,0.012,259.543,259.397,255.19
1780889641.3316102,-0.958,-17.429,0.0,0.012,259.565,259.376,255.189
1780889641.346132,-1.07,-16.929,0.001,0.012,259.53,259.318,255.276
1780889641.359754,-1.183,-16.429,0.001,0.012,259.497,259.26,255.361
1780889641.3704908,-1.183,-16.286,0.001,0.012,259.477,259.263,255.377
1780889641.384106,-0.901,-16.786,0.0,0.012,259.475,259.365,255.284
1780889641.395246,-1.183,-17.5,0.0,0.013,259.587,259.39,255.156
1780889641.408989,-1.014,-17.5,0.0,0.013,259.555,259.422,255.157
1780889641.41967,-1.296,-17.643,0.001,0.013,259.606,259.394,255.134
1780889641.433394,-1.296,-17.929,0.0,0.013,259.63,259.424,255.085
1780889641.4477131,-1.183,-17.929,0.0,0.013,259.607,259.444,255.088
1780889641.48487,-1.239,-18.0,0.0,0.013,259.615,259.445,255.078
1780889641.485305,-1.352,-17.929,0.0,0.013,259.624,259.421,255.093
1780889641.485661,-1.07,-17.929,0.0,0.013,259.575,259.469,255.094
1780889641.496843,-1.127,-18.214,0.0,0.013,259.61,259.487,255.045
1780889641.510588,-1.183,-18.429,0.0,0.013,259.635,259.498,255.012
1780889641.521136,-1.239,-18.643,0.0,0.013,259.662,259.508,254.977
1780889641.5353112,-1.07,-18.5,0.0,0.013,259.618,259.522,255.005
1780889641.545852,-1.183,-18.929,0.0,0.014,259.675,259.543,254.932
1780889641.55971,-0.958,-18.857,0.0,0.014,259.627,259.572,254.951
1780889641.5734909,-1.07,-19.071,0.0,0.014,259.665,259.572,254.916
1780889641.584001,-0.958,-19.0,0.0,0.014,259.637,259.582,254.932
1780889641.5982988,-0.789,-19.071,-0.0,0.014,259.615,259.615,254.922
1780889641.608858,-0.732,-19.214,-0.0,0.014,259.619,259.632,254.902
1780889641.6227179,-0.789,-19.071,0.0,0.014,259.614,259.607,254.93
1780889641.63687,-0.451,-19.286,-0.0,0.014,259.578,259.681,254.895
1780889641.647678,-0.338,-19.286,-0.0,0.014,259.56,259.697,254.897
1780889641.661145,-0.169,-18.786,-0.0,0.013,259.486,259.672,254.988
1780889641.698862,-0.338,-18.786,-0.0,0.013,259.517,259.642,254.988
1780889641.699353,-0.225,-19.0,-0.0,0.014,259.52,259.679,254.95
1780889641.699739,0.507,-18.786,-0.001,0.013,259.383,259.776,254.987
1780889641.7103271,0.282,-18.643,-0.001,0.013,259.412,259.721,255.012
1780889641.724046,0.563,-18.857,-0.001,0.013,259.389,259.786,254.973
1780889641.7384908,0.451,-18.429,-0.001,0.013,259.371,259.722,255.049
1780889641.7492852,0.845,-18.5,-0.001,0.013,259.322,259.789,255.033
1780889641.762799,0.789,-18.214,-0.001,0.013,259.309,259.749,255.082
1780889641.77337,0.958,-17.786,-0.001,0.013,259.246,259.734,255.155
1780889641.7879438,1.183,-17.714,-0.001,0.013,259.208,259.763,255.163
1780889641.801687,1.239,-17.714,-0.001,0.013,259.211,259.769,255.155
1780889641.812271,1.408,-17.643,-0.001,0.013,259.182,259.788,255.164
1780889641.826554,1.634,-17.357,-0.002,0.012,259.124,259.796,255.211
1780889641.8372538,1.69,-17.214,-0.002,0.012,259.108,259.789,255.232
1780889641.851124,1.803,-16.643,-0.002,0.012,259.05,259.749,255.324
1780889641.861587,2.31,-16.714,-0.002,0.012,258.981,259.84,255.305
1780889641.8758552,1.972,-16.429,-0.002,0.012,259.018,259.754,255.35
1780889641.91451,2.254,-16.357,-0.002,0.012,258.972,259.793,255.356
1780889641.914927,2.197,-15.5,-0.002,0.011,258.916,259.701,255.495
1780889641.915284,2.704,-15.357,-0.002,0.011,258.827,259.772,255.512
1780889641.925076,2.704,-15.214,-0.002,0.011,258.823,259.758,255.529
1780889641.938643,2.423,-15.0,-0.002,0.011,258.858,259.691,255.559
1780889641.952363,2.423,-15.0,-0.002,0.011,258.858,259.691,255.559
1780889641.962765,2.423,-15.0,-0.002,0.011,258.858,259.691,255.559
1780889641.977173,2.423,-15.0,-0.002,0.011,258.858,259.691,255.559
1780889641.9877381,3.662,-13.929,-0.003,0.01,258.577,259.794,255.729
1780889642.0015302,4.056,-13.714,-0.003,0.01,258.506,259.838,255.756
1780889642.015929,4.225,-13.643,-0.003,0.01,258.485,259.857,255.758
1780889642.026381,4.507,-13.5,-0.004,0.01,258.439,259.888,255.773
1780889642.0402792,4.732,-13.786,-0.004,0.01,258.455,259.946,255.704
1780889642.050874,4.845,-12.857,-0.004,0.009,258.361,259.872,255.863
1780889642.065335,4.958,-12.786,-0.004,0.009,258.349,259.882,255.865
1780889642.0788648,5.014,-12.071,-0.004,0.009,258.285,259.821,255.983
1780889642.117283,5.465,-12.214,-0.004,0.009,258.249,259.908,255.937
1780889642.117675,5.239,-12.0,-0.004,0.009,258.277,259.848,255.966
1780889642.118029,5.634,-11.857,-0.004,0.009,258.21,259.9,255.982
1780889642.127863,5.69,-11.429,-0.004,0.009,258.172,259.867,256.049
1780889642.141633,5.69,-11.5,-0.004,0.009,258.2,259.872,256.018
1780889642.152252,6.028,-11.143,-0.004,0.009,258.122,259.893,256.074
1780889642.166689,6.028,-10.786,-0.004,0.008,258.099,259.858,256.129
1780889642.1772249,6.31,-10.714,-0.005,0.008,258.056,259.898,256.132
1780889642.19089,6.423,-10.357,-0.005,0.008,258.025,259.881,256.179
1780889642.205467,6.592,-10.357,-0.005,0.008,258.007,259.908,256.17
1780889642.2160141,6.592,-10.357,-0.005,0.008,258.016,259.907,256.162
1780889642.230156,6.817,-9.857,-0.005,0.008,257.952,259.894,256.237
1780889642.2403982,6.93,-9.714,-0.005,0.008,257.929,259.899,256.255
1780889642.2540789,6.93,-10.071,-0.005,0.008,257.97,259.933,256.183
1780889642.265733,7.211,-9.643,-0.005,0.008,257.892,259.938,256.254
1780889642.27889,7.268,-8.929,-0.005,0.007,257.833,259.876,256.37
1780889642.2926211,7.38,-9.286,-0.005,0.008,257.856,259.929,256.297
1780889642.331263,7.437,-9.214,-0.005,0.007,257.848,259.931,256.303
1780889642.331769,7.887,-9.071,-0.005,0.007,257.77,259.992,256.323
1780889642.3321002,7.775,-9.0,-0.005,0.007,257.797,259.963,256.323
1780889642.341614,7.662,-9.143,-0.005,0.008,257.834,259.957,256.292
1780889642.352201,7.887,-9.0,-0.005,0.007,257.79,259.98,256.314
1780889642.3666,7.718,-9.071,-0.005,0.008,257.83,259.957,256.297
1780889642.377074,7.718,-9.143,-0.005,0.008,257.84,259.963,256.28
1780889642.390761,7.775,-9.5,-0.005,0.008,257.872,260.005,256.211
1780889642.405269,8.056,-9.143,-0.005,0.008,257.796,260.016,256.274
1780889642.41581,7.944,-9.357,-0.005,0.008,257.838,260.016,256.233
1780889642.4295611,8.0,-9.5,-0.005,0.008,257.845,260.038,256.206
1780889642.440007,8.056,-9.5,-0.005,0.008,257.84,260.044,256.206
1780889642.453795,8.113,-9.929,-0.005,0.008,257.873,260.093,256.128
1780889642.465397,8.169,-9.857,-0.005,0.008,257.858,260.092,256.143
1780889642.478822,8.113,-9.929,-0.005,0.008,257.875,260.087,256.131
1780889642.492436,8.056,-10.357,-0.005,0.009,257.926,260.114,256.056
1780889642.503205,8.282,-10.571,-0.006,0.009,257.909,260.17,256.021
1780889642.5173151,8.282,-10.5,-0.006,0.009,257.902,260.16,256.037
1780889642.55509,8.451,-10.786,-0.006,0.009,257.903,260.208,255.992
1780889642.555475,8.507,-10.929,-0.006,0.009,257.907,260.227,255.97
1780889642.5558348,8.282,-11.286,-0.005,0.009,257.976,260.22,255.91
1780889642.5665789,8.451,-11.143,-0.006,0.009,257.934,260.231,255.94
1780889642.580147,8.507,-11.0,-0.006,0.009,257.91,260.221,255.972
1780889642.590697,8.394,-11.071,-0.006,0.009,257.935,260.206,255.962
1780889642.605226,8.732,-10.929,-0.006,0.009,257.867,260.247,255.99
1780889642.615676,8.901,-10.857,-0.006,0.009,257.835,260.266,256.004
1780889642.629447,8.451,-11.357,-0.006,0.009,257.956,260.233,255.917
1780889642.643327,8.901,-11.357,-0.006,0.009,257.883,260.306,255.92
1780889642.653904,8.789,-11.071,-0.006,0.009,257.875,260.257,255.974
1780889642.668252,8.563,-11.643,-0.006,0.009,257.964,260.272,255.873
1780889642.678698,8.789,-11.571,-0.006,0.009,257.92,260.297,255.892
1780889642.692464,8.901,-11.714,-0.006,0.009,257.915,260.328,255.869
1780889642.706833,8.845,-11.643,-0.006,0.009,257.917,260.308,255.885
1780889642.717695,8.845,-11.714,-0.006,0.009,257.923,260.313,255.874
1780889642.7311559,8.789,-11.786,-0.006,0.009,257.937,260.307,255.866
1780889642.770099,8.676,-11.857,-0.006,0.009,257.961,260.294,255.855
1780889642.770527,8.732,-11.786,-0.006,0.009,257.944,260.295,255.87
1780889642.7708778,8.676,-11.857,-0.006,0.009,257.959,260.292,255.859
1780889642.78018,8.676,-11.714,-0.006,0.009,257.944,260.276,255.889
1780889642.793824,8.62,-11.714,-0.006,0.009,257.953,260.266,255.89
1780889642.805038,8.62,-12.0,-0.006,0.01,257.978,260.294,255.839
1780889642.8187299,8.563,-11.786,-0.006,0.009,257.965,260.263,255.88
1780889642.8325481,8.451,-11.714,-0.006,0.009,257.976,260.238,255.893
1780889642.8430002,8.62,-11.643,-0.006,0.009,257.941,260.26,255.906
1780889642.857385,8.563,-11.5,-0.006,0.009,257.937,260.238,255.931
1780889642.8681011,8.676,-11.5,-0.006,0.009,257.92,260.257,255.929
1780889642.881689,8.563,-11.429,-0.006,0.009,257.931,260.232,255.941
1780889642.896024,8.732,-11.429,-0.006,0.009,257.904,260.261,255.94
1780889642.906742,8.563,-11.429,-0.006,0.009,257.932,260.233,255.939
1780889642.920383,8.62,-11.5,-0.006,0.009,257.929,260.253,255.925
1780889642.930924,8.62,-11.429,-0.006,0.009,257.922,260.246,255.937
1780889642.945288,8.563,-11.357,-0.006,0.009,257.925,260.23,255.949
1780889642.984281,8.563,-11.643,-0.006,0.009,257.952,260.259,255.897
1780889642.984726,8.394,-11.429,-0.006,0.009,257.959,260.21,255.935
1780889642.985085,8.563,-11.643,-0.006,0.009,257.951,260.26,255.896
1780889642.993682,8.282,-11.571,-0.005,0.009,257.989,260.206,255.91
1780889643.008057,8.676,-11.643,-0.006,0.009,257.931,260.281,255.897
1780889643.018657,8.62,-11.857,-0.006,0.009,257.959,260.292,255.859
1780889643.0324469,8.338,-11.857,-0.005,0.009,258.004,260.245,255.86
1780889643.046705,8.62,-11.714,-0.006,0.009,257.944,260.278,255.887
1780889643.0572228,8.507,-11.786,-0.006,0.009,257.968,260.266,255.874
1780889643.071011,8.563,-11.5,-0.006,0.009,257.933,260.249,255.925
1780889643.081613,8.789,-11.714,-0.006,0.009,257.917,260.308,255.886
1780889643.095875,8.845,-11.714,-0.006,0.009,257.908,260.316,255.886
1780889643.109625,8.845,-11.714,-0.006,0.009,257.909,260.315,255.886
1780889643.1200519,8.563,-11.429,-0.006,0.009,257.929,260.24,255.937
1780889643.1339269,8.451,-11.643,-0.006,0.009,257.967,260.243,255.898
1780889643.1451142,8.563,-11.643,-0.006,0.009,257.948,260.262,255.897
1780889643.158911,8.563,-11.5,-0.006,0.009,257.935,260.25,255.921
1780889643.196511,8.62,-11.429,-0.006,0.009,257.92,260.253,255.933
1780889643.197032,8.563,-11.643,-0.006,0.009,257.949,260.265,255.894
1780889643.1974158,8.563,-11.5,-0.006,0.009,257.936,260.251,255.92
1780889643.207743,8.507,-11.929,-0.006,0.01,257.985,260.283,255.842
1780889643.2214441,8.563,-11.571,-0.006,0.009,257.942,260.258,255.907
1780889643.235808,8.394,-11.5,-0.006,0.009,257.962,260.224,255.92
1780889643.2464268,8.507,-11.714,-0.006,0.009,257.963,260.264,255.881
1780889643.2600582,8.563,-12.0,-0.006,0.01,257.981,260.303,255.829
1780889643.270667,8.676,-11.571,-0.006,0.009,257.922,260.28,255.907
1780889643.285113,8.732,-11.429,-0.006,0.009,257.9,260.275,255.932
1780889643.298806,8.676,-11.714,-0.006,0.009,257.937,260.293,255.88
1780889643.309317,8.563,-11.5,-0.006,0.009,257.935,260.253,255.918
1780889643.32312,8.563,-11.5,-0.006,0.009,257.935,260.254,255.917
1780889643.333863,8.563,-11.643,-0.006,0.009,257.948,260.269,255.891
1780889643.348217,8.732,-11.5,-0.006,0.009,257.908,260.284,255.917
1780889643.36182,8.563,-11.5,-0.006,0.009,257.935,260.256,255.916
1780889643.398443,8.338,-12.071,-0.005,0.01,258.024,260.274,255.814
1780889643.398803,8.789,-11.571,-0.006,0.009,257.903,260.301,255.905
1780889643.399081,8.451,-11.643,-0.006,0.009,257.965,260.251,255.891
1780889643.410851,8.394,-11.857,-0.006,0.009,257.993,260.264,255.852
1780889643.421569,8.732,-11.5,-0.006,0.009,257.905,260.286,255.917
1780889643.4357288,8.62,-11.429,-0.006,0.009,257.917,260.261,255.929
1780889643.4498,8.732,-11.643,-0.006,0.009,257.92,260.301,255.889
1780889643.460021,8.507,-11.571,-0.006,0.009,257.95,260.255,255.902
1780889643.473741,8.563,-11.714,-0.006,0.009,257.953,260.28,255.876
1780889643.484996,8.676,-11.571,-0.006,0.009,257.922,260.285,255.902
1780889643.498784,8.732,-11.714,-0.006,0.009,257.927,260.308,255.875
1780889643.5124989,8.394,-11.786,-0.006,0.009,257.988,260.258,255.863
1780889643.523036,8.676,-11.5,-0.006,0.009,257.915,260.279,255.914
1780889643.5374222,8.676,-11.571,-0.006,0.009,257.923,260.286,255.9
1780889643.548244,8.563,-11.714,-0.006,0.009,257.954,260.28,255.875
1780889643.561622,8.507,-11.429,-0.006,0.009,257.936,260.244,255.926
1780889643.5759869,8.62,-11.571,-0.006,0.009,257.932,260.278,255.899
1780889643.617703,8.507,-11.429,-0.006,0.009,257.937,260.246,255.924
1780889643.618101,8.62,-11.5,-0.006,0.009,257.924,260.273,255.911
1780889643.618388,8.563,-11.643,-0.006,0.009,257.947,260.277,255.884
1780889643.625164,8.563,-11.5,-0.006,0.009,257.934,260.264,255.91
1780889643.638837,8.507,-11.5,-0.006,0.009,257.943,260.255,255.909
1780889643.649366,8.563,-11.714,-0.006,0.009,257.953,260.287,255.87
1780889643.6630201,8.789,-11.5,-0.006,0.009,257.897,260.304,255.908
1780889643.673537,8.62,-11.929,-0.006,0.01,257.964,260.317,255.831
1780889643.6879191,8.451,-11.643,-0.006,0.009,257.964,260.26,255.884
1780889643.701744,8.62,-11.643,-0.006,0.009,257.936,260.29,255.883
1780889643.7122629,8.394,-11.786,-0.006,0.009,257.986,260.266,255.857
1780889643.7265081,8.563,-11.357,-0.006,0.009,257.918,260.254,255.934
1780889643.737151,8.338,-11.643,-0.006,0.009,257.981,260.245,255.882
1780889643.750914,8.676,-11.5,-0.006,0.009,257.913,260.289,255.907
1780889643.7654212,8.732,-11.5,-0.006,0.009,257.904,260.299,255.906
1780889643.775763,8.451,-11.5,-0.006,0.009,257.95,260.251,255.905
1780889643.7894359,8.563,-11.643,-0.006,0.009,257.945,260.285,255.879
1780889643.8271601,8.563,-11.714,-0.006,0.009,257.952,260.292,255.866
1780889643.827578,8.507,-11.714,-0.006,0.009,257.961,260.282,255.867
1780889643.827934,8.732,-11.357,-0.006,0.009,257.891,260.286,255.93
1780889643.8384361,8.62,-11.714,-0.006,0.009,257.943,260.301,255.866
1780889643.8520691,8.507,-11.643,-0.006,0.009,257.954,260.276,255.879
1780889643.862627,8.732,-11.714,-0.006,0.009,257.925,260.321,255.866
1780889643.876977,8.563,-11.714,-0.006,0.009,257.952,260.292,255.866
1780889643.887576,8.394,-11.571,-0.006,0.009,257.966,260.251,255.891
1780889643.901394,8.507,-11.5,-0.006,0.009,257.94,260.264,255.903
1780889643.9158359,8.451,-11.5,-0.006,0.009,257.949,260.256,255.902
1780889643.9262562,8.676,-11.643,-0.006,0.009,257.926,260.308,255.876
1780889643.9400299,8.451,-11.357,-0.006,0.009,257.936,260.243,255.927
1780889643.950476,8.62,-11.571,-0.006,0.009,257.928,260.294,255.887
1780889643.965177,8.732,-11.5,-0.006,0.009,257.904,260.306,255.9
1780889643.978546,8.62,-11.786,-0.006,0.01,257.949,260.314,255.848
1780889643.989214,8.563,-11.571,-0.006,0.009,257.938,260.285,255.886
1780889644.003047,8.507,-11.429,-0.006,0.009,257.934,260.262,255.911
1780889644.043128,8.451,-11.429,-0.006,0.009,257.943,260.254,255.91
1780889644.043572,8.732,-11.286,-0.006,0.009,257.884,260.288,255.935
1780889644.043927,8.507,-11.571,-0.006,0.009,257.947,260.279,255.883
1780889644.0520608,8.62,-11.714,-0.006,0.009,257.942,260.312,255.857
1780889644.0663161,8.732,-11.5,-0.006,0.009,257.904,260.31,255.896
1780889644.076822,8.62,-11.643,-0.006,0.009,257.936,260.304,255.87
1780889644.090518,8.62,-11.5,-0.006,0.009,257.923,260.291,255.895
1780889644.104908,8.62,-11.5,-0.006,0.009,257.923,260.291,255.895
1780889644.115425,8.338,-11.5,-0.006,0.009,257.969,260.244,255.894
1780889644.129175,8.62,-11.571,-0.006,0.009,257.929,260.3,255.881
1780889644.139724,8.789,-11.5,-0.006,0.009,257.895,260.321,255.894
1780889644.1534011,8.62,-11.643,-0.006,0.009,257.936,260.306,255.868
1780889644.16785,8.507,-11.571,-0.006,0.009,257.948,260.281,255.881
1780889644.1784441,8.676,-11.571,-0.006,0.009,257.92,260.31,255.88
1780889644.1921961,8.732,-11.786,-0.006,0.01,257.931,260.34,255.842
1780889644.202605,8.507,-11.786,-0.006,0.01,257.968,260.302,255.842
1780889644.2171478,8.676,-11.643,-0.006,0.009,257.926,260.316,255.868
1780889644.255341,8.563,-11.357,-0.006,0.009,257.919,260.27,255.919
1780889644.255726,8.732,-11.714,-0.006,0.009,257.925,260.334,255.854
1780889644.2560918,8.507,-11.643,-0.006,0.009,257.955,260.288,255.867
1780889644.266279,8.507,-11.357,-0.006,0.009,257.928,260.262,255.918
1780889644.2798872,8.732,-11.786,-0.006,0.01,257.931,260.342,255.839
1780889644.290378,8.563,-11.571,-0.006,0.009,257.939,260.292,255.878
1780889644.304776,8.845,-11.5,-0.006,0.009,257.887,260.333,255.891
1780889644.318638,8.676,-11.429,-0.006,0.009,257.908,260.298,255.903
1780889644.3291059,8.62,-11.714,-0.006,0.009,257.944,260.316,255.851
1780889644.342829,8.451,-11.786,-0.006,0.01,257.977,260.295,255.839
1780889644.353427,8.563,-11.643,-0.006,0.009,257.945,260.301,255.865
1780889644.3682828,8.451,-11.929,-0.006,0.01,257.989,260.31,255.814
1780889644.381525,8.789,-11.571,-0.006,0.009,257.9,260.332,255.88
1780889644.392052,8.507,-11.571,-0.006,0.009,257.946,260.284,255.879
1780889644.406454,8.845,-11.643,-0.006,0.009,257.898,260.349,255.866
1780889644.416991,8.845,-11.643,-0.006,0.009,257.899,260.348,255.865
1780889644.430706,8.62,-11.714,-0.006,0.009,257.943,260.317,255.852
1780889644.470081,8.563,-11.286,-0.006,0.009,257.912,260.267,255.928
1780889644.470463,8.507,-11.571,-0.006,0.009,257.948,260.286,255.875
1780889644.470815,8.451,-11.286,-0.006,0.009,257.93,260.25,255.926
1780889644.47968,8.507,-11.786,-0.006,0.01,257.966,260.31,255.835
1780889644.4933262,8.394,-11.857,-0.006,0.01,257.99,260.299,255.823
1780889644.507741,8.563,-11.929,-0.006,0.01,257.968,260.334,255.811
1780889644.5181818,8.563,-12.0,-0.006,0.01,257.973,260.342,255.8
1780889644.531967,8.563,-11.643,-0.006,0.009,257.939,260.307,255.865
1780889644.542389,8.676,-11.571,-0.006,0.009,257.915,260.319,255.877
1780889644.5568051,8.732,-11.571,-0.006,0.009,257.906,260.329,255.876
1780889644.57053,8.845,-11.857,-0.006,0.01,257.917,260.376,255.823
1780889644.581316,8.845,-11.571,-0.006,0.009,257.891,260.347,255.875
1780889644.595465,8.563,-11.286,-0.006,0.009,257.911,260.272,255.925
1780889644.60619,8.789,-11.214,-0.006,0.009,257.868,260.304,255.936
1780889644.619933,8.62,-11.429,-0.006,0.009,257.917,260.297,255.895
1780889644.630425,8.563,-11.571,-0.006,0.009,257.94,260.302,255.868
1780889644.644146,8.563,-11.5,-0.006,0.009,257.933,260.296,255.881
1780889644.681372,8.507,-11.571,-0.006,0.009,257.948,260.294,255.868
1780889644.681758,8.338,-11.714,-0.006,0.01,257.987,260.282,255.842
1780889644.682691,8.394,-11.571,-0.006,0.009,257.963,260.278,255.868
1780889644.693172,8.282,-11.714,-0.006,0.01,257.994,260.274,255.842
1780889644.7076778,8.507,-11.929,-0.006,0.01,257.976,260.334,255.804
1780889644.72145,8.394,-11.857,-0.006,0.01,257.986,260.309,255.818
1780889644.732029,8.563,-11.357,-0.006,0.009,257.912,260.289,255.908
1780889644.746363,8.563,-11.429,-0.006,0.009,257.919,260.297,255.894
1780889644.756844,8.676,-11.714,-0.006,0.01,257.928,260.343,255.842
1780889644.7706199,8.845,-11.571,-0.006,0.009,257.888,260.358,255.867
1780889644.785619,8.62,-11.357,-0.006,0.009,257.906,260.298,255.905
1780889644.795788,8.676,-11.5,-0.006,0.009,257.911,260.322,255.878
1780889644.809333,8.732,-11.357,-0.006,0.009,257.889,260.317,255.903
1780889644.8201432,8.451,-11.071,-0.006,0.009,257.909,260.243,255.953
1780889644.8335161,8.676,-11.714,-0.006,0.01,257.933,260.345,255.836
1780889644.8480031,8.732,-11.357,-0.006,0.009,257.891,260.319,255.9
1780889644.886842,8.563,-11.571,-0.006,0.009,257.937,260.313,255.861
1780889644.88715,8.394,-11.571,-0.006,0.009,257.964,260.285,255.861
1780889644.887506,8.507,-11.5,-0.006,0.009,257.938,260.298,255.874
1780889644.896981,8.507,-11.643,-0.006,0.01,257.951,260.313,255.848
1780889644.910679,8.451,-11.5,-0.006,0.009,257.947,260.29,255.873
1780889644.921259,8.451,-11.429,-0.006,0.009,257.94,260.284,255.885
1780889644.9355452,8.563,-11.571,-0.006,0.009,257.935,260.318,255.859
1780889644.9463098,8.62,-11.643,-0.006,0.01,257.932,260.334,255.846
1780889644.959977,8.62,-11.571,-0.006,0.009,257.926,260.326,255.86
1780889644.973789,8.451,-11.857,-0.006,0.01,257.979,260.326,255.809
1780889644.985046,8.789,-12.071,-0.006,0.01,257.944,260.403,255.772
1780889644.9988601,8.789,-11.714,-0.006,0.01,257.911,260.367,255.837
1780889645.009207,8.676,-11.714,-0.006,0.01,257.93,260.347,255.836
1780889645.022942,8.732,-11.429,-0.006,0.009,257.895,260.329,255.887
1780889645.033528,8.62,-11.714,-0.006,0.01,257.94,260.338,255.835
1780889645.04805,8.845,-11.643,-0.006,0.01,257.897,260.369,255.848
1780889645.061739,8.563,-11.643,-0.006,0.01,257.943,260.322,255.847
1780889645.1013298,8.451,-11.143,-0.006,0.009,257.914,260.255,255.936
1780889645.101814,8.451,-11.5,-0.006,0.009,257.948,260.292,255.87
1780889645.102171,8.394,-11.143,-0.006,0.009,257.923,260.249,255.933
1780889645.110653,8.451,-11.571,-0.006,0.009,257.954,260.303,255.854
1780889645.125053,8.451,-11.786,-0.006,0.01,257.973,260.325,255.816
1780889645.135442,8.394,-11.5,-0.006,0.009,257.954,260.288,255.868
1780889645.149329,8.507,-11.857,-0.006,0.01,257.969,260.341,255.804
1780889645.1598132,8.394,-11.786,-0.006,0.01,257.98,260.315,255.818
1780889645.173546,8.901,-12.0,-0.006,0.01,257.917,260.421,255.78
1780889645.1879628,8.338,-11.857,-0.006,0.01,257.995,260.311,255.807
1780889645.1986308,8.732,-11.714,-0.006,0.01,257.917,260.363,255.834
1780889645.2122922,8.507,-11.857,-0.006,0.01,257.967,260.339,255.808
1780889645.222754,8.732,-11.643,-0.006,0.01,257.911,260.356,255.847
1780889645.2373078,8.901,-11.857,-0.006,0.01,257.904,260.405,255.808
1780889645.2510998,8.563,-11.571,-0.006,0.009,257.934,260.32,255.858
1780889645.2617118,8.62,-11.357,-0.006,0.009,257.905,260.309,255.895
1780889645.275912,8.338,-11.5,-0.006,0.009,257.964,260.277,255.868
1780889645.314529,8.338,-11.571,-0.006,0.009,257.97,260.286,255.855
1780889645.3149812,8.394,-11.286,-0.006,0.009,257.934,260.272,255.902
1780889645.3153348,8.451,-10.929,-0.006,0.009,257.892,260.248,255.964
1780889645.324959,8.676,-11.429,-0.006,0.009,257.903,260.336,255.872
1780889645.338731,8.394,-11.714,-0.006,0.01,257.975,260.316,255.821
1780889645.349377,8.62,-11.714,-0.006,0.01,257.938,260.355,255.821
1780889645.362985,8.676,-11.714,-0.006,0.01,257.929,260.363,255.822
1780889645.377367,8.789,-11.857,-0.006,0.01,257.924,260.395,255.797
1780889645.388096,8.62,-11.929,-0.006,0.01,257.958,260.373,255.786
1780889645.4016268,8.789,-11.714,-0.006,0.01,257.91,260.38,255.825
1780889645.41225,8.732,-11.786,-0.006,0.01,257.926,260.377,255.813
1780889645.4267268,8.845,-11.714,-0.006,0.01,257.902,260.388,255.826
1780889645.437283,8.732,-11.429,-0.006,0.009,257.895,260.34,255.877
1780889645.45099,8.507,-11.714,-0.006,0.01,257.958,260.331,255.825
1780889645.4654589,8.62,-11.429,-0.006,0.009,257.913,260.323,255.876
1780889645.475824,8.62,-11.5,-0.006,0.009,257.92,260.33,255.862
1780889645.489463,8.451,-11.214,-0.006,0.009,257.921,260.277,255.91
1780889645.529186,8.451,-11.214,-0.006,0.009,257.921,260.279,255.909
1780889645.529574,8.394,-11.357,-0.006,0.009,257.943,260.285,255.881
1780889645.52985,8.676,-11.286,-0.006,0.009,257.891,260.327,255.893
1780889645.538659,8.394,-11.929,-0.006,0.01,257.996,260.343,255.776
1780889645.552354,8.507,-11.643,-0.006,0.01,257.95,260.334,255.829
1780889645.563054,8.451,-11.714,-0.006,0.01,257.965,260.332,255.817
1780889645.577356,8.338,-11.643,-0.006,0.01,257.975,260.307,255.83
1780889645.5910861,8.338,-11.714,-0.006,0.01,257.98,260.314,255.819
1780889645.6019368,8.338,-11.929,-0.006,0.01,257.999,260.335,255.781
1780889645.616142,8.563,-11.714,-0.006,0.01,257.941,260.353,255.82
1780889645.6267252,8.789,-11.857,-0.006,0.01,257.918,260.404,255.795
1780889645.640393,8.901,-11.714,-0.006,0.01,257.888,260.407,255.822
1780889645.654825,8.732,-11.357,-0.006,0.009,257.883,260.343,255.885
1780889645.665493,8.789,-11.714,-0.006,0.01,257.909,260.387,255.82
1780889645.679056,8.732,-11.5,-0.006,0.009,257.898,260.356,255.858
1780889645.689845,8.732,-11.5,-0.006,0.009,257.9,260.358,255.856
1780889645.703368,8.507,-11.357,-0.006,0.009,257.924,260.306,255.88
1780889645.7420201,8.451,-11.357,-0.006,0.009,257.933,260.298,255.879
1780889645.74244,8.394,-11.357,-0.006,0.009,257.941,260.292,255.876
1780889645.742781,8.563,-11.214,-0.006,0.009,257.9,260.308,255.901
1780889645.752338,8.282,-11.143,-0.006,0.009,257.94,260.255,255.912
1780889645.76671,8.282,-11.143,-0.006,0.009,257.939,260.257,255.911
1780889645.780597,8.507,-11.643,-0.006,0.01,257.947,260.346,255.821
1780889645.790981,8.507,-11.786,-0.006,0.01,257.96,260.36,255.796
1780889645.805548,8.451,-11.786,-0.006,0.01,257.968,260.35,255.797
1780889645.8161752,8.451,-11.786,-0.006,0.01,257.967,260.35,255.798
1780889645.829788,8.507,-11.714,-0.006,0.01,257.95,260.352,255.812
1780889645.840338,8.563,-11.786,-0.006,0.01,257.947,260.368,255.8
1780889645.85477,8.732,-11.929,-0.006,0.01,257.933,260.41,255.775
1780889645.868489,8.732,-11.929,-0.006,0.01,257.934,260.408,255.777
1780889645.879013,8.901,-11.714,-0.006,0.01,257.888,260.413,255.816
1780889645.892684,8.676,-11.786,-0.006,0.01,257.932,260.381,255.803
1780889645.903307,8.62,-11.571,-0.006,0.01,257.921,260.351,255.842
1780889645.917805,8.732,-11.429,-0.006,0.009,257.89,260.356,255.866
1780889645.9588559,8.563,-11.286,-0.006,0.009,257.905,260.315,255.89
1780889645.9592278,8.451,-11.429,-0.006,0.009,257.937,260.312,255.863
1780889645.959591,8.507,-11.286,-0.006,0.009,257.914,260.309,255.887
1780889645.9666612,8.563,-11.429,-0.006,0.009,257.919,260.333,255.86
1780889645.98048,8.563,-11.429,-0.006,0.009,257.919,260.335,255.858
1780889645.9948668,8.394,-11.357,-0.006,0.009,257.94,260.3,255.87
1780889646.005505,8.394,-11.143,-0.006,0.009,257.92,260.281,255.907
1780889646.019207,8.451,-11.643,-0.006,0.01,257.956,260.342,255.816
1780889646.029773,8.563,-11.786,-0.006,0.01,257.951,260.374,255.791
1780889646.043471,8.451,-11.857,-0.006,0.01,257.975,260.362,255.779
1780889646.057726,8.451,-11.857,-0.006,0.01,257.975,260.362,255.779
1780889646.0686789,8.451,-11.857,-0.006,0.01,257.975,260.362,255.779
1780889646.08218,8.282,-11.071,-0.006,0.009,257.928,260.258,255.921
1780889646.09275,8.056,-10.143,-0.006,0.008,257.879,260.133,256.084
1780889646.1068811,6.366,-9.5,-0.004,0.008,258.092,259.796,256.193
1780889874.515032,0.0,0.0,0.0,0.0,258.008,258.008,258.008
1780889874.546143,0.0,0.0,0.0,0.0,258.008,258.008,258.008
1780889874.546416,0.0,0.0,0.0,0.0,258.008,258.008,258.008
1780889874.549886,0.0,0.0,0.0,0.0,258.008,258.008,258.008
1780889874.56452,0.0,0.0,0.0,0.0,258.008,258.008,258.008
1780889874.5751748,0.0,0.0,0.0,0.0,258.008,258.008,258.008
1780889874.5893602,0.0,0.0,0.0,0.0,258.008,258.008,258.008
1780889874.599801,0.0,0.0,0.0,0.0,258.008,258.008,258.008
1780889874.6142569,0.0,0.0,0.0,0.0,258.008,258.008,258.008
1780889874.628038,0.0,0.0,0.0,0.0,258.008,258.008,258.008
1780889874.652373,0.0,0.0,0.0,0.0,258.008,258.008,258.008
1780889874.652711,0.0,0.0,0.0,0.0,258.008,258.008,258.008
1780889874.6640441,0.0,0.0,0.0,0.0,258.008,258.008,258.008
1780889874.6746671,0.0,0.0,0.0,0.0,258.008,258.008,258.008
1780889874.688652,0.0,0.0,0.0,0.0,258.008,258.008,258.008
1780889874.699405,0.0,0.0,0.0,0.0,258.008,258.008,258.008
1780889874.713229,0.0,0.0,0.0,0.0,258.008,258.008,258.008
1780889874.723656,0.0,0.0,0.0,0.0,258.008,258.008,258.008
1780889874.737203,0.0,0.0,0.0,0.0,258.008,258.008,258.008
1780889874.758484,0.0,0.0,0.0,0.0,258.008,258.008,258.008
1780889874.761736,0.0,0.0,0.0,0.0,258.008,258.008,258.008
1780889874.7721548,0.0,0.0,0.0,0.0,258.008,258.008,258.008
1780889874.785745,0.0,0.0,0.0,0.0,258.008,258.008,258.008
1780889874.7961018,0.0,0.0,0.0,0.0,258.008,258.008,258.008
1780889874.809598,0.0,0.0,0.0,0.0,258.008,258.008,258.008
1780889874.820073,0.0,0.0,0.0,0.0,258.008,258.008,258.008
1780889874.8341079,0.0,0.0,0.0,0.0,258.008,258.008,258.008
1780889874.8445618,0.0,0.0,0.0,0.0,258.008,258.008,258.008
1780889874.8747258,0.0,0.0,0.0,0.0,258.008,258.008,258.008
1780889874.8751512,0.0,0.0,0.0,0.0,258.008,258.008,258.008
1780889874.8828,0.0,0.0,0.0,0.0,258.008,258.008,258.008
1780889874.892939,0.0,0.0,0.0,0.0,258.008,258.008,258.008
1780889874.906432,0.0,0.0,0.0,0.0,258.008,258.008,258.008
1780889874.916758,0.0,0.0,0.0,0.0,258.008,258.008,258.008
1780889874.930284,0.0,0.0,0.0,0.0,258.008,258.008,258.008
1780889874.940593,0.0,0.0,0.0,0.0,258.008,258.008,258.008
1780889874.954818,0.0,0.0,0.0,0.0,258.008,258.008,258.008
1780889874.965162,0.0,0.0,0.0,0.0,258.008,258.008,258.008
1780889874.978708,0.0,0.0,0.0,0.0,258.008,258.008,258.008
1780889874.9891331,0.0,0.0,0.0,0.0,258.008,258.008,258.008
1780889875.003448,0.0,0.0,0.0,0.0,258.008,258.008,258.008
1780889875.013789,0.0,0.0,0.0,0.0,258.008,258.008,258.008
1780889875.027445,0.0,0.0,0.0,0.0,258.008,258.008,258.008
1780889875.0378408,0.0,0.0,0.0,0.0,258.008,258.008,258.008
1780889875.052015,0.0,0.0,0.0,0.0,258.008,258.008,258.008
1780889875.0623791,0.0,0.0,0.0,0.0,258.008,258.008,258.008
1780889875.1068401,0.0,0.0,0.0,0.0,258.008,258.008,258.008
1780889875.107341,0.0,0.0,0.0,0.0,258.008,258.008,258.008
1780889875.1077812,0.0,0.0,0.0,0.0,258.008,258.008,258.008
1780889875.111223,0.0,0.0,0.0,0.0,258.008,258.008,258.008
1780889875.1240268,0.0,0.0,0.0,0.0,258.008,258.008,258.008
1780889875.134464,0.0,0.0,0.0,0.0,258.008,258.008,258.008
1780889875.1479418,0.0,0.0,0.0,0.0,258.008,258.008,258.008
1780889875.158342,0.0,0.0,0.0,0.0,258.008,258.008,258.008
1780889875.172416,0.0,0.0,0.0,0.0,258.008,258.008,258.008
1780889875.182934,0.0,0.0,0.0,0.0,258.008,258.008,258.008
1780889875.196262,0.0,0.0,0.0,0.0,258.008,258.008,258.008
1780889875.206672,0.0,0.0,0.0,0.0,258.008,258.008,258.008
1780889875.220309,0.0,0.0,0.0,0.0,258.008,258.008,258.008
1780889875.230588,0.0,0.0,0.0,0.0,258.008,258.008,258.008
1780889875.244749,0.0,0.0,0.0,0.0,258.008,258.008,258.008
1780889875.25533,0.0,0.0,0.0,0.0,258.008,258.008,258.008
1780889875.268833,0.0,0.0,0.0,0.0,258.008,258.008,258.008
1780889875.2789938,0.0,0.0,0.0,0.0,258.008,258.008,258.008
1780889875.329174,0.0,0.0,0.0,0.0,258.008,258.008,258.008
1780889875.32957,0.0,0.0,0.0,0.0,258.008,258.008,258.008
1780889875.3298602,0.0,0.0,0.0,0.0,258.008,258.008,258.008
1780889875.3301241,0.0,0.0,0.0,0.0,258.008,258.008,258.008
1780889875.3414452,0.0,0.0,0.0,0.0,258.008,258.008,258.008
1780889875.351997,0.0,0.0,0.0,0.0,258.008,258.008,258.008
1780889875.365628,0.0,0.0,0.0,0.0,258.008,258.008,258.008
1780889875.375921,0.0,0.0,0.0,0.0,258.008,258.008,258.008
1780889875.389493,0.0,0.0,0.0,0.0,258.008,258.008,258.008
1780889875.399803,0.0,0.0,0.0,0.0,258.008,258.008,258.008
1780889875.413941,0.0,0.0,0.0,0.0,258.008,258.008,258.008
1780889875.4242718,0.0,0.0,0.0,0.0,258.008,258.008,258.008
1780889875.437896,0.0,0.0,0.0,0.0,258.008,258.008,258.008
1780889875.4484658,0.0,0.0,0.0,0.0,258.008,258.008,258.008
1780889875.462455,0.0,0.0,0.0,0.0,258.008,258.008,258.008
1780889875.472845,0.0,0.0,0.0,0.0,258.008,258.008,258.008
1780889875.48628,0.0,0.0,0.0,0.0,258.008,258.008,258.008
1780889875.496894,0.0,0.0,0.0,0.0,258.008,258.008,258.008
1780889875.543506,0.0,0.0,0.0,0.0,258.008,258.008,258.008
1780889875.5439901,0.0,0.0,0.0,0.0,258.008,258.008,258.008
1780889875.5443661,0.0,0.0,0.0,0.0,258.008,258.008,258.008
1780889875.544736,0.0,0.0,0.0,0.0,258.008,258.008,258.008
1780889875.5581791,0.0,0.0,0.0,0.0,258.008,258.008,258.008
1780889875.568724,0.0,0.0,0.0,0.0,258.008,258.008,258.008
1780889875.58274,0.0,0.0,0.0,0.0,258.008,258.008,258.008
1780889875.59323,0.0,0.0,0.0,0.0,258.008,258.008,258.008
1780889875.606656,0.0,0.0,0.0,0.0,258.008,258.008,258.008
1780889875.617058,0.0,0.0,0.0,0.0,258.008,258.008,258.008
1780889875.6306958,0.0,0.0,0.0,0.0,258.008,258.008,258.008
1780889875.641705,0.0,0.0,0.0,0.0,258.008,258.008,258.008
1780889875.655272,0.0,0.0,0.0,0.0,258.008,258.008,258.008
1780889875.665976,0.0,0.0,0.0,0.0,258.008,258.008,258.008
1780889875.679436,0.0,0.0,0.0,0.0,258.008,258.008,258.008
1780889875.689505,0.0,0.0,0.0,0.0,258.008,258.008,258.008
1780889875.703524,0.0,0.0,0.0,0.0,258.008,258.008,258.008
1780889875.713948,0.0,0.0,0.0,0.0,258.008,258.008,258.008
1780889875.7585611,0.0,0.0,0.0,0.0,258.008,258.008,258.008
1780889875.759041,0.0,0.0,0.0,0.0,258.008,258.008,258.008
1780889875.759304,0.0,0.0,0.0,0.0,258.008,258.008,258.008
1780889875.762125,0.0,0.0,0.0,0.0,258.008,258.008,258.008
1780889875.775737,0.0,0.0,0.0,0.0,258.008,258.008,258.008
1780889875.786041,0.0,0.0,0.0,0.0,258.008,258.008,258.008
1780889875.799448,0.0,0.0,0.0,0.0,258.008,258.008,258.008
1780889875.809812,0.0,0.0,0.0,0.0,258.008,258.008,258.008
1780889875.8241222,0.0,0.0,0.0,0.0,258.008,258.008,258.008
1780889875.834445,0.0,0.0,0.0,0.0,258.008,258.008,258.008
1780889875.847973,0.0,0.0,0.0,0.0,258.008,258.008,258.008
1780889875.858297,0.0,0.0,0.0,0.0,258.008,258.008,258.008
1780889875.872415,0.0,0.0,0.0,0.0,258.008,258.008,258.008
1780889875.882872,0.0,0.0,0.0,0.0,258.008,258.008,258.008
1780889875.8966012,0.0,0.0,0.0,0.0,258.008,258.008,258.008
1780889875.906834,0.0,0.0,0.0,0.0,258.008,258.008,258.008
1780889875.920347,0.0,0.0,0.0,0.0,258.008,258.008,258.008
1780889875.9309492,0.0,0.0,0.0,0.0,258.008,258.008,258.008
1780889875.975026,0.0,0.0,0.0,0.0,258.008,258.008,258.008
1780889875.9754188,0.0,0.0,0.0,0.0,258.008,258.008,258.008
1780889875.975683,0.0,0.0,0.0,0.0,258.008,258.008,258.008
1780889875.978879,0.0,0.0,0.0,0.0,258.008,258.008,258.008
1780889875.992979,0.0,0.0,0.0,0.0,258.008,258.008,258.008
1780889876.003414,0.0,0.0,0.0,0.0,258.008,258.008,258.008
1780889876.0168588,0.0,0.0,0.0,0.0,258.008,258.008,258.008
1780889876.0272698,0.0,0.0,0.0,0.0,258.008,258.008,258.008
1780889876.0408142,0.0,0.0,0.0,0.0,258.008,258.008,258.008
1780889876.051837,0.0,0.0,0.0,0.0,258.008,258.008,258.008
1780889876.065662,0.0,0.0,0.0,0.0,258.008,258.008,258.008
1780889876.0758379,0.0,0.0,0.0,0.0,258.008,258.008,258.008
1780889876.089452,0.0,0.0,0.0,0.0,258.008,258.008,258.008
1780889876.099752,0.0,0.0,0.0,0.0,258.008,258.008,258.008
1780889876.1139588,0.0,0.0,0.0,0.0,258.008,258.008,258.008
1780889876.124426,0.0,0.0,0.0,0.0,258.008,258.008,258.008
1780889876.1377761,0.0,0.0,0.0,0.0,258.008,258.008,258.008
1780889876.148223,0.0,0.0,0.0,0.0,258.008,258.008,258.008
1780889876.191812,0.0,0.0,0.0,0.0,258.008,258.008,258.008
1780889876.192311,0.0,0.0,0.0,0.0,258.008,258.008,258.008
1780889876.19269,0.0,0.0,0.0,0.0,258.008,258.008,258.008
1780889876.196388,0.0,0.0,0.0,0.0,258.008,258.008,258.008
1780889876.209801,0.0,0.0,0.0,0.0,258.008,258.008,258.008
1780889876.2203782,0.0,0.0,0.0,0.0,258.008,258.008,258.008
1780889876.234315,0.0,0.0,0.0,0.0,258.008,258.008,258.008
1780889876.24483,0.0,0.0,0.0,0.0,258.008,258.008,258.008
1780889876.258454,0.0,0.0,0.0,0.0,258.008,258.008,258.008
1780889876.2687209,0.0,0.0,0.0,0.0,258.008,258.008,258.008
1780889876.282799,0.0,0.0,0.0,0.0,258.008,258.008,258.008
1780889876.293364,0.0,0.0,0.0,0.0,258.008,258.008,258.008
1780889876.3068092,0.0,0.0,0.0,0.0,258.008,258.008,258.008
1780889876.3172412,0.0,0.0,0.0,0.0,258.008,258.008,258.008
1780889876.3308642,0.0,0.0,0.0,0.0,258.008,258.008,258.008
1780889876.34164,0.0,0.0,0.0,0.0,258.008,258.008,258.008
1780889876.355052,0.0,0.0,0.0,0.0,258.008,258.008,258.008
1780889876.365482,0.0,0.0,0.0,0.0,258.008,258.008,258.008
1780889876.3979242,0.0,0.0,0.0,0.0,258.008,258.008,258.008
1780889876.398238,0.0,0.0,0.0,0.0,258.008,258.008,258.008
1780889876.403517,0.0,0.0,0.0,0.0,258.008,258.008,258.008
1780889876.41398,0.0,0.0,0.0,0.0,258.008,258.008,258.008
1780889876.4276211,0.0,0.0,0.0,0.0,258.008,258.008,258.008
1780889876.438143,0.0,0.0,0.0,0.0,258.008,258.008,258.008
1780889876.452157,0.0,0.0,0.0,0.0,258.008,258.008,258.008
1780889876.462502,0.0,0.0,0.0,0.0,258.008,258.008,258.008
1780889876.476049,0.0,0.0,0.0,0.0,258.008,258.008,258.008
1780889876.48676,0.0,0.0,0.0,0.0,258.008,258.008,258.008
1780889876.500034,0.0,0.0,0.0,0.0,258.008,258.008,258.008
1780889876.510171,0.0,0.0,0.0,0.0,258.008,258.008,258.008
1780889876.5241652,0.0,0.0,0.0,0.0,258.008,258.008,258.008
1780889876.5349429,0.0,0.0,0.0,0.0,258.008,258.008,258.008
1780889876.548218,0.0,0.0,0.0,0.0,258.008,258.008,258.008
1780889876.5585148,0.0,0.0,0.0,0.0,258.008,258.008,258.008
1780889876.5727098,0.0,0.0,0.0,0.0,258.008,258.008,258.008
1780889876.583113,0.0,0.0,0.0,0.0,258.008,258.008,258.008
1780889876.625298,0.0,0.0,0.0,0.0,258.008,258.008,258.008
1780889876.625775,0.0,0.0,0.0,0.0,258.008,258.008,258.008
1780889876.6260521,0.0,0.0,0.0,0.0,258.008,258.008,258.008
1780889876.631451,0.0,0.0,0.0,0.0,258.008,258.008,258.008
1780889876.644974,0.0,0.0,0.0,0.0,258.008,258.008,258.008
1780889876.6553018,0.0,0.0,0.0,0.0,258.008,258.008,258.008
1780889876.668867,0.0,0.0,0.0,0.0,258.008,258.008,258.008
1780889876.6793652,0.0,0.0,0.0,0.0,258.008,258.008,258.008
1780889876.6934688,0.0,0.0,0.0,0.0,258.008,258.008,258.008
1780889876.703873,0.0,0.0,0.0,0.0,258.008,258.008,258.008
1780889876.7174778,0.0,0.0,0.0,0.0,258.008,258.008,258.008
1780889876.727652,0.0,0.0,0.0,0.0,258.008,258.008,258.008
1780889876.742021,0.0,0.0,0.0,0.0,258.008,258.008,258.008
1780889876.7521,0.0,0.0,0.0,0.0,258.008,258.008,258.008
1780889876.7657,0.0,0.0,0.0,0.0,258.008,258.008,258.008
1780889876.776028,0.0,0.0,0.0,0.0,258.008,258.008,258.008
1780889876.7896461,0.0,0.0,0.0,0.0,258.008,258.008,258.008
1780889876.799893,0.0,0.0,0.0,0.0,258.008,258.008,258.008
1780889876.839741,0.0,0.0,0.0,0.0,258.008,258.008,258.008
1780889876.8401768,0.0,0.0,0.0,0.0,258.008,258.008,258.008
1780889876.840624,0.0,0.0,0.0,0.0,258.008,258.008,258.008
1780889876.8481889,0.0,0.0,0.0,0.0,258.008,258.008,258.008
1780889876.8623219,0.0,0.0,0.0,0.0,258.008,258.008,258.008
1780889876.872803,0.0,0.0,0.0,0.0,258.008,258.008,258.008
1780889876.886367,0.0,0.0,0.0,0.0,258.008,258.008,258.008
1780889876.896609,0.0,0.0,0.0,0.0,258.008,258.008,258.008
1780889876.910114,0.0,0.0,0.0,0.0,258.008,258.008,258.008
1780889876.920793,0.0,0.0,0.0,0.0,258.008,258.008,258.008
1780889876.934842,0.0,0.0,0.0,0.0,258.008,258.008,258.008
1780889876.9452212,0.0,0.0,0.0,0.0,258.008,258.008,258.008
1780889876.958574,0.0,0.0,0.0,0.0,258.008,258.008,258.008
1780889876.969223,0.0,0.0,0.0,0.0,258.008,258.008,258.008
1780889876.982976,0.0,0.0,0.0,0.0,258.008,258.008,258.008
1780889876.993644,0.0,0.0,0.0,0.0,258.008,258.008,258.008
1780889877.007052,0.0,0.0,0.0,0.0,258.008,258.008,258.008
1780889877.017557,0.0,0.0,0.0,0.0,258.008,258.008,258.008
1780889877.061226,0.0,0.0,0.0,0.0,258.008,258.008,258.008
1780889877.061655,0.0,0.0,0.0,0.0,258.008,258.008,258.008
1780889877.062042,0.0,0.0,0.0,0.0,258.008,258.008,258.008
1780889877.065855,0.0,0.0,0.0,0.0,258.008,258.008,258.008
1780889877.079305,0.0,0.0,0.0,0.0,258.008,258.008,258.008
1780889877.089736,0.0,0.0,0.0,0.0,258.008,258.008,258.008
1780889877.103908,0.0,0.0,0.0,0.0,258.008,258.008,258.008
1780889877.1143,0.0,0.0,0.0,0.0,258.008,258.008,258.008
1780889877.127834,0.0,0.0,0.0,0.0,258.008,258.008,258.008
1780889877.138277,0.0,0.0,0.0,0.0,258.008,258.008,258.008
1780889877.1523452,0.0,0.0,0.0,0.0,258.008,258.008,258.008
1780889877.1626902,0.0,0.0,0.0,0.0,258.008,258.008,258.008
1780889877.1761,0.0,0.0,0.0,0.0,258.008,258.008,258.008
1780889877.186592,0.0,0.0,0.0,0.0,258.008,258.008,258.008
1780889877.200045,0.0,0.0,0.0,0.0,258.008,258.008,258.008
1780889877.2104902,0.0,0.0,0.0,0.0,258.008,258.008,258.008
1780889877.2244039,0.0,0.0,0.0,0.0,258.008,258.008,258.008
1780889877.234941,0.0,0.0,0.0,0.0,258.008,258.008,258.008
1780889877.278713,0.0,0.0,0.0,0.0,258.008,258.008,258.008
1780889877.279103,0.0,0.0,0.0,0.0,258.008,258.008,258.008
1780889877.279367,0.0,0.0,0.0,0.0,258.008,258.008,258.008
1780889877.283159,0.0,0.0,0.0,0.0,258.008,258.008,258.008
1780889877.2965682,0.0,0.0,0.0,0.0,258.008,258.008,258.008
1780889877.306993,0.0,0.0,0.0,0.0,258.008,258.008,258.008
1780889877.320509,0.0,0.0,0.0,0.0,258.008,258.008,258.008
1780889877.331608,0.0,0.0,0.0,0.0,258.008,258.008,258.008
1780889877.345093,0.0,0.0,0.0,0.0,258.008,258.008,258.008
1780889877.3554502,0.0,0.0,0.0,0.0,258.008,258.008,258.008
1780889877.369032,0.0,0.0,0.0,0.0,258.008,258.008,258.008
1780889877.379457,0.0,0.0,0.0,0.0,258.008,258.008,258.008
1780889877.393593,0.0,0.0,0.0,0.0,258.008,258.008,258.008
1780889877.403913,0.0,0.0,0.0,0.0,258.008,258.008,258.008
1780889877.417506,0.0,0.0,0.0,0.0,258.008,258.008,258.008
1780889877.428125,0.0,0.0,0.0,0.0,258.008,258.008,258.008
1780889877.441867,0.0,0.0,0.0,0.0,258.008,258.008,258.008
1780889877.452511,0.0,0.0,0.0,0.0,258.008,258.008,258.008
1780889877.495954,0.0,0.0,0.0,0.0,258.008,258.008,258.008
1780889877.496385,0.0,0.0,0.0,0.0,258.008,258.008,258.008
1780889877.496767,0.0,0.0,0.0,0.0,258.008,258.008,258.008
1780889877.499976,0.0,0.0,0.0,0.0,258.008,258.008,258.008
1780889877.514068,0.0,0.0,0.0,0.0,258.008,258.008,258.008
1780889877.524385,0.0,0.0,0.0,0.0,258.008,258.008,258.008
1780889877.537924,0.0,0.0,0.0,0.0,258.008,258.008,258.008
1780889877.548512,0.0,0.0,0.0,0.0,258.008,258.008,258.008
1780889877.56243,0.0,0.0,0.0,0.0,258.008,258.008,258.008
1780889877.572843,0.0,0.0,0.0,0.0,258.008,258.008,258.008
1780889877.586397,0.0,0.0,0.0,0.0,258.008,258.008,258.008
1780889877.596849,0.0,0.0,0.0,0.0,258.008,258.008,258.008
1780889877.610341,0.0,0.0,0.0,0.0,258.008,258.008,258.008
1780889877.620964,0.0,0.0,0.0,0.0,258.008,258.008,258.008
1780889877.6350138,0.0,0.0,0.0,0.0,258.008,258.008,258.008
1780889877.6452858,0.0,0.0,0.0,0.0,258.008,258.008,258.008
1780889877.658517,0.0,0.0,0.0,0.0,258.008,258.008,258.008
1780889877.6690612,0.0,0.0,0.0,0.0,258.008,258.008,258.008
1780889877.714354,0.0,0.0,0.0,0.0,258.008,258.008,258.008
1780889877.714858,0.0,0.0,0.0,0.0,258.008,258.008,258.008
1780889877.7152388,0.0,0.0,0.0,0.0,258.008,258.008,258.008
1780889877.717294,0.0,0.0,0.0,0.0,258.008,258.008,258.008
1780889877.7314339,0.0,0.0,0.0,0.0,258.008,258.008,258.008
1780889877.741855,0.0,0.0,0.0,0.0,258.008,258.008,258.008
1780889877.7553332,0.0,0.0,0.0,0.0,258.008,258.008,258.008
1780889877.7660139,0.0,0.0,0.0,0.0,258.008,258.008,258.008
1780889877.779525,0.0,0.0,0.0,0.0,258.008,258.008,258.008
1780889877.790068,0.0,0.0,0.0,0.0,258.008,258.008,258.008
1780889877.80416,0.0,0.0,0.0,0.0,258.008,258.008,258.008
1780889877.8146071,0.0,0.0,0.0,0.0,258.008,258.008,258.008
1780889877.828297,0.0,0.0,0.0,0.0,258.008,258.008,258.008
1780889877.838989,0.0,0.0,0.0,0.0,258.008,258.008,258.008
1780889877.852788,0.0,0.0,0.0,0.0,258.008,258.008,258.008
1780889877.863234,0.0,0.0,0.0,0.0,258.008,258.008,258.008
1780889877.87661,0.0,0.0,0.0,0.0,258.008,258.008,258.008
1780889877.88725,0.0,0.0,0.0,0.0,258.008,258.008,258.008
1780889877.9291131,0.0,0.0,0.0,0.0,258.008,258.008,258.008
1780889877.929645,0.0,0.0,0.0,0.0,258.008,258.008,258.008
1780889877.9299269,0.0,0.0,0.0,0.0,258.008,258.008,258.008
1780889877.9353359,0.0,0.0,0.0,0.0,258.008,258.008,258.008
1780889877.949215,0.0,0.0,0.0,0.0,258.008,258.008,258.008
1780889877.959266,0.0,0.0,0.0,0.0,258.008,258.008,258.008
1780889877.973334,0.0,0.0,0.0,0.0,258.008,258.008,258.008
1780889877.983836,0.0,0.0,0.0,0.0,258.008,258.008,258.008
1780889877.997393,0.0,0.0,0.0,0.0,258.008,258.008,258.008
1780889878.0320692,0.0,0.0,0.0,0.0,258.008,258.008,258.008
1780889878.032522,0.0,0.0,0.0,0.0,258.008,258.008,258.008
1780889878.03288,0.0,0.0,0.0,0.0,258.008,258.008,258.008
1780889878.045824,0.0,0.0,0.0,0.0,258.008,258.008,258.008
1780889878.056124,0.0,0.0,0.0,0.0,258.008,258.008,258.008
1780889878.069643,0.0,0.0,0.0,0.0,258.008,258.008,258.008
1780889878.080001,0.0,0.0,0.0,0.0,258.008,258.008,258.008
1780889878.093962,0.0,0.0,0.0,0.0,258.008,258.008,258.008
1780889878.104506,0.0,0.0,0.0,0.0,258.008,258.008,258.008
1780889878.118025,0.0,0.0,0.0,0.0,258.008,258.008,258.008
1780889878.128563,0.0,0.0,0.0,0.0,258.008,258.008,258.008
1780889878.142555,0.0,0.0,0.0,0.0,258.008,258.008,258.008
1780889878.153053,0.0,0.0,0.0,0.0,258.008,258.008,258.008
1780889878.16625,0.0,0.0,0.0,0.0,258.008,258.008,258.008
1780889878.177043,0.0,0.0,0.0,0.0,258.008,258.008,258.008
1780889878.1903229,0.0,0.0,0.0,0.0,258.008,258.008,258.008
1780889878.201,0.0,0.0,0.0,0.0,258.008,258.008,258.008
1780889878.214835,0.0,0.0,0.0,0.0,258.008,258.008,258.008
1780889878.259669,0.0,0.0,0.0,0.0,258.008,258.008,258.008
1780889878.260169,0.0,0.0,0.0,0.0,258.008,258.008,258.008
1780889878.260465,0.0,0.0,0.0,0.0,258.008,258.008,258.008
1780889878.263243,0.0,0.0,0.0,0.0,258.008,258.008,258.008
1780889878.273521,0.0,0.0,0.0,0.0,258.008,258.008,258.008
1780889878.287025,0.0,0.0,0.0,0.0,258.008,258.008,258.008
1780889878.297568,0.0,0.0,0.0,0.0,258.008,258.008,258.008
1780889878.3115678,0.0,0.0,0.0,0.0,258.008,258.008,258.008
1780889878.32208,0.0,0.0,0.0,0.0,258.008,258.008,258.008
1780889878.335685,0.0,0.0,0.0,0.0,258.008,258.008,258.008
1780889878.346175,0.0,0.0,0.0,0.0,258.008,258.008,258.008
1780889878.359626,0.0,0.0,0.0,0.0,258.008,258.008,258.008
1780889878.3701062,0.0,0.0,0.0,0.0,258.008,258.008,258.008
1780889878.384099,0.0,0.0,0.0,0.0,258.008,258.008,258.008
1780889878.39442,0.0,0.0,0.0,0.0,258.008,258.008,258.008
1780889878.407767,0.0,0.0,0.0,0.0,258.008,258.008,258.008
1780889878.418564,0.0,0.0,0.0,0.0,258.008,258.008,258.008
1780889878.4324028,0.0,0.0,0.0,0.0,258.008,258.008,258.008
1780889878.477112,0.0,0.0,0.0,0.0,258.008,258.008,258.008
1780889878.47762,0.0,0.0,0.0,0.0,258.008,258.008,258.008
1780889878.4780009,0.0,0.0,0.0,0.0,258.008,258.008,258.008
1780889878.4800022,0.0,0.0,0.0,0.0,258.008,258.008,258.008
1780889878.490232,0.0,0.0,0.0,0.0,258.008,258.008,258.008
1780889878.504472,0.0,0.0,0.0,0.0,258.008,258.008,258.008
1780889878.514909,0.0,0.0,0.0,0.0,258.008,258.008,258.008
1780889878.528352,0.0,0.0,0.0,0.0,258.008,258.008,258.008
1780889878.53882,0.0,0.0,0.0,0.0,258.008,258.008,258.008
1780889878.553077,0.0,0.0,0.0,0.0,258.008,258.008,258.008
1780889878.563532,0.0,0.0,0.0,0.0,258.008,258.008,258.008
1780889878.5769038,0.0,0.0,0.0,0.0,258.008,258.008,258.008
1780889878.587565,0.0,0.0,0.0,0.0,258.008,258.008,258.008
1780889878.601707,0.0,0.0,0.0,0.0,258.008,258.008,258.008
1780889878.6121368,0.0,0.0,0.0,0.0,258.008,258.008,258.008
1780889878.625407,0.0,0.0,0.0,0.0,258.008,258.008,258.008
1780889878.636189,0.0,0.0,0.0,0.0,258.008,258.008,258.008
1780889878.6496608,0.0,0.0,0.0,0.0,258.008,258.008,258.008
1780889878.694155,0.0,0.0,0.0,0.0,258.008,258.008,258.008
1780889878.694617,0.0,0.0,0.0,0.0,258.008,258.008,258.008
1780889878.695022,0.0,0.0,0.0,0.0,258.008,258.008,258.008
1780889878.697561,0.0,0.0,0.0,0.0,258.008,258.008,258.008
1780889878.707872,0.0,0.0,0.0,0.0,258.008,258.008,258.008
1780889878.7218728,0.0,0.0,0.0,0.0,258.008,258.008,258.008
1780889878.732466,0.0,0.0,0.0,0.0,258.008,258.008,258.008
1780889878.745749,0.0,0.0,0.0,0.0,258.008,258.008,258.008
1780889878.756284,0.0,0.0,0.0,0.0,258.008,258.008,258.008
1780889878.76997,0.0,0.0,0.0,0.0,258.008,258.008,258.008
1780889878.780216,0.0,0.0,0.0,0.0,258.008,258.008,258.008
1780889878.7943099,0.0,0.0,0.0,0.0,258.008,258.008,258.008
1780889878.804947,0.0,0.0,0.0,0.0,258.008,258.008,258.008
1780889878.8183308,0.0,0.0,0.0,0.0,258.008,258.008,258.008
1780889878.828985,0.0,0.0,0.0,0.0,258.008,258.008,258.008
1780889878.8427782,0.0,0.0,0.0,0.0,258.008,258.008,258.008
1780889878.853135,0.0,0.0,0.0,0.0,258.008,258.008,258.008
1780889878.86666,0.0,0.0,0.0,0.0,258.008,258.008,258.008
1780889878.9188612,0.0,0.0,0.0,0.0,258.008,258.008,258.008
1780889878.919283,0.0,0.0,0.0,0.0,258.008,258.008,258.008
1780889878.919552,0.0,0.0,0.0,0.0,258.008,258.008,258.008
1780889878.91981,0.0,0.0,0.0,0.0,258.008,258.008,258.008
1780889878.925168,0.0,0.0,0.0,0.0,258.008,258.008,258.008
1780889878.938768,0.0,0.0,0.0,0.0,258.008,258.008,258.008
1780889878.949365,0.0,0.0,0.0,0.0,258.008,258.008,258.008
1780889878.963404,0.0,0.0,0.0,0.0,258.008,258.008,258.008
1780889878.97381,0.0,0.0,0.0,0.0,258.008,258.008,258.008
1780889878.987498,0.0,0.0,0.0,0.0,258.008,258.008,258.008
1780889878.998115,0.0,0.0,0.0,0.0,258.008,258.008,258.008
1780889879.0121758,0.0,0.0,0.0,0.0,258.008,258.008,258.008
1780889879.022576,0.0,0.0,0.0,0.0,258.008,258.008,258.008
1780889879.03601,0.0,0.0,0.0,0.0,258.008,258.008,258.008
1780889879.046656,0.0,0.0,0.0,0.0,258.008,258.008,258.008
1780889879.0599911,0.0,0.0,0.0,0.0,258.008,258.008,258.008
1780889879.070435,0.0,0.0,0.0,0.0,258.008,258.008,258.008
1780889879.0847821,0.0,0.0,0.0,0.0,258.008,258.008,258.008
1780889879.1279821,0.0,0.0,0.0,0.0,258.008,258.008,258.008
1780889879.1284292,0.0,0.0,0.0,0.0,258.008,258.008,258.008
1780889879.1288152,0.0,0.0,0.0,0.0,258.008,258.008,258.008
1780889879.133146,0.0,0.0,0.0,0.0,258.008,258.008,258.008
1780889879.143231,0.0,0.0,0.0,0.0,258.008,258.008,258.008
1780889879.156686,0.0,0.0,0.0,0.0,258.008,258.008,258.008
1780889879.167113,0.0,0.0,0.0,0.0,258.008,258.008,258.008
1780889879.1812868,0.0,0.0,0.0,0.0,258.008,258.008,258.008
1780889879.191741,0.0,0.0,0.0,0.0,258.008,258.008,258.008
1780889879.205308,0.0,0.0,0.0,0.0,258.008,258.008,258.008
1780889879.2156959,0.0,0.0,0.0,0.0,258.008,258.008,258.008
1780889879.229225,0.0,0.0,0.0,0.0,258.008,258.008,258.008
1780889879.239847,0.0,0.0,0.0,0.0,258.008,258.008,258.008
1780889879.253804,0.0,0.0,0.0,0.0,258.008,258.008,258.008
1780889879.264106,0.0,0.0,0.0,0.0,258.008,258.008,258.008
1780889879.277601,0.0,0.0,0.0,0.0,258.008,258.008,258.008
1780889879.2880661,0.0,0.0,0.0,0.0,258.008,258.008,258.008
1780889879.3023202,0.0,0.0,0.0,0.0,258.008,258.008,258.008
1780889879.351409,0.0,0.0,0.0,0.0,258.008,258.008,258.008
1780889879.3517702,0.0,0.0,0.0,0.0,258.008,258.008,258.008
1780889879.352205,0.0,0.0,0.0,0.0,258.008,258.008,258.008
1780889879.3526342,0.0,0.0,0.0,0.0,258.008,258.008,258.008
1780889879.3601851,0.0,0.0,0.0,0.0,258.008,258.008,258.008
1780889879.374259,0.0,0.0,0.0,0.0,258.008,258.008,258.008
1780889879.384779,0.0,0.0,0.0,0.0,258.008,258.008,258.008
1780889879.398286,0.0,0.0,0.0,0.0,258.008,258.008,258.008
1780889879.408612,0.0,0.0,0.0,0.0,258.008,258.008,258.008
1780889879.422775,0.0,0.0,0.0,0.0,258.008,258.008,258.008
1780889879.433111,0.0,0.0,0.0,0.0,258.008,258.008,258.008
1780889879.446794,0.0,0.0,0.0,0.0,258.008,258.008,258.008
1780889879.457222,0.0,0.0,0.0,0.0,258.008,258.008,258.008
1780889879.4705741,0.0,0.0,0.0,0.0,258.008,258.008,258.008
1780889879.481786,0.0,0.0,0.0,0.0,258.008,258.008,258.008
1780889879.495154,0.0,0.0,0.0,0.0,258.008,258.008,258.008
1780889879.5056798,0.0,0.0,0.0,0.0,258.008,258.008,258.008
1780889879.5191932,0.0,0.0,0.0,0.0,258.008,258.008,258.008
1780889879.576062,0.0,0.0,0.0,0.0,258.008,258.008,258.008
1780889879.5763571,0.0,0.0,0.0,0.0,258.008,258.008,258.008
1780889879.57659,0.0,0.0,0.0,0.0,258.008,258.008,258.008
1780889879.57682,0.0,0.0,0.0,0.0,258.008,258.008,258.008
1780889879.577798,0.0,0.0,0.0,0.0,258.008,258.008,258.008
1780889879.592021,0.0,0.0,0.0,0.0,258.008,258.008,258.008
1780889879.6024451,0.0,0.0,0.0,0.0,258.008,258.008,258.008
1780889879.6158998,0.0,0.0,0.0,0.0,258.008,258.008,258.008
1780889879.626154,0.0,0.0,0.0,0.0,258.008,258.008,258.008
1780889879.639891,0.0,0.0,0.0,0.0,258.008,258.008,258.008
1780889879.650337,0.0,0.0,0.0,0.0,258.008,258.008,258.008
1780889879.6648178,0.0,0.0,0.0,0.0,258.008,258.008,258.008
1780889879.674696,0.0,0.0,0.0,0.0,258.008,258.008,258.008
1780889879.6882439,0.0,0.0,0.0,0.0,258.008,258.008,258.008
1780889879.6987169,0.0,0.0,0.0,0.0,258.008,258.008,258.008
1780889879.712842,0.0,0.0,0.0,0.0,258.008,258.008,258.008
1780889879.723308,0.0,0.0,0.0,0.0,258.008,258.008,258.008
1780889879.736695,0.0,0.0,0.0,0.0,258.008,258.008,258.008
1780889879.775025,0.0,0.0,0.0,0.0,258.008,258.008,258.008
1780889879.775362,0.0,0.0,0.0,0.0,258.008,258.008,258.008
1780889879.775622,0.0,0.0,0.0,0.0,258.008,258.008,258.008
1780889879.784897,0.0,0.0,0.0,0.0,258.008,258.008,258.008
1780889879.795331,0.0,0.0,0.0,0.0,258.008,258.008,258.008
1780889879.8088782,0.0,0.0,0.0,0.0,258.008,258.008,258.008
1780889879.819371,0.0,0.0,0.0,0.0,258.008,258.008,258.008
1780889879.833172,0.0,0.0,0.0,0.0,258.008,258.008,258.008
1780889879.843782,0.0,0.0,0.0,0.0,258.008,258.008,258.008
1780889879.857355,0.0,0.0,0.0,0.0,258.008,258.008,258.008
1780889879.867949,0.0,0.0,0.0,0.0,258.008,258.008,258.008
1780889879.881866,0.0,0.0,0.0,0.0,258.008,258.008,258.008
1780889879.8920782,0.0,0.0,0.0,0.0,258.008,258.008,258.008
1780889879.905653,0.0,0.0,0.0,0.0,258.008,258.008,258.008
1780889879.916217,0.0,0.0,0.0,0.0,258.008,258.008,258.008
1780889879.929644,0.0,0.0,0.0,0.0,258.008,258.008,258.008
1780889879.9397042,0.0,0.0,0.0,0.0,258.008,258.008,258.008
1780889879.954064,0.0,0.0,0.0,0.0,258.008,258.008,258.008
1780889879.998268,0.0,0.0,0.0,0.0,258.008,258.008,258.008
1780889879.998734,0.0,0.0,0.0,0.0,258.008,258.008,258.008
1780889879.9990568,0.0,0.0,0.0,0.0,258.008,258.008,258.008
1780889880.002157,0.0,0.0,0.0,0.0,258.008,258.008,258.008
1780889880.0125482,0.0,0.0,0.0,0.0,258.008,258.008,258.008
1780889880.026077,0.0,0.0,0.0,0.0,258.008,258.008,258.008
1780889880.036373,0.0,0.0,0.0,0.0,258.008,258.008,258.008
1780889880.0499651,0.0,0.0,0.0,0.0,258.008,258.008,258.008
1780889880.0604641,0.0,0.0,0.0,0.0,258.008,258.008,258.008
1780889880.074445,0.0,0.0,0.0,0.0,258.008,258.008,258.008
1780889880.084992,0.0,0.0,0.0,0.0,258.008,258.008,258.008
1780889880.098552,0.0,0.0,0.0,0.0,258.008,258.008,258.008
1780889880.108979,0.0,0.0,0.0,0.0,258.008,258.008,258.008
1780889880.123154,0.0,0.0,0.0,0.0,258.008,258.008,258.008
1780889880.1336372,0.0,0.0,0.0,0.0,258.008,258.008,258.008
1780889880.14702,0.0,0.0,0.0,0.0,258.008,258.008,258.008
1780889880.157333,0.0,0.0,0.0,0.0,258.008,258.008,258.008
1780889880.1714659,0.0,0.0,0.0,0.0,258.008,258.008,258.008
1780889880.21572,0.0,0.0,0.0,0.0,258.008,258.008,258.008
1780889880.216197,0.0,0.0,0.0,0.0,258.008,258.008,258.008
1780889880.216553,0.0,0.0,0.0,0.0,258.008,258.008,258.008
1780889880.218977,0.0,0.0,0.0,0.0,258.008,258.008,258.008
1780889880.229342,0.0,0.0,0.0,0.0,258.008,258.008,258.008
1780889880.243524,0.0,0.0,0.0,0.0,258.008,258.008,258.008
1780889880.254003,0.0,0.0,0.0,0.0,258.008,258.008,258.008
1780889880.2676191,0.0,0.0,0.0,0.0,258.008,258.008,258.008
1780889880.278235,0.0,0.0,0.0,0.0,258.008,258.008,258.008
1780889880.2920802,0.0,0.0,0.0,0.0,258.008,258.008,258.008
1780889880.30255,0.0,0.0,0.0,0.0,258.008,258.008,258.008
1780889880.315965,0.0,0.0,0.0,0.0,258.008,258.008,258.008
1780889880.326642,0.0,0.0,0.0,0.0,258.008,258.008,258.008
1780889880.339964,0.0,0.0,0.0,0.0,258.008,258.008,258.008
1780889880.350388,0.0,0.0,0.0,0.0,258.008,258.008,258.008
1780889880.364557,0.0,0.0,0.0,0.0,258.008,258.008,258.008
1780889880.375114,0.0,0.0,0.0,0.0,258.008,258.008,258.008
1780889880.388489,0.0,0.0,0.0,0.0,258.008,258.008,258.008
1780889880.435447,0.0,0.0,0.0,0.0,258.008,258.008,258.008
1780889880.43586,0.0,0.0,0.0,0.0,258.008,258.008,258.008
1780889880.436231,0.0,0.0,0.0,0.0,258.008,258.008,258.008
1780889880.437026,0.0,0.0,0.0,0.0,258.008,258.008,258.008
1780889880.4471092,0.0,0.0,0.0,0.0,258.008,258.008,258.008
1780889880.46135,0.0,0.0,0.0,0.0,258.008,258.008,258.008
1780889880.471811,0.0,0.0,0.0,0.0,258.008,258.008,258.008
1780889880.4853609,0.0,0.0,0.0,0.0,258.008,258.008,258.008
1780889880.4956858,0.0,0.0,0.0,0.0,258.008,258.008,258.008
1780889880.50938,0.0,0.0,0.0,0.0,258.008,258.008,258.008
1780889880.519917,0.0,0.0,0.0,0.0,258.008,258.008,258.008
1780889880.5337942,0.0,0.0,0.0,0.0,258.008,258.008,258.008
1780889880.5443058,0.0,0.0,0.0,0.0,258.008,258.008,258.008
1780889880.5577059,0.0,0.0,0.0,0.0,258.008,258.008,258.008
1780889880.56805,0.0,0.0,0.0,0.0,258.008,258.008,258.008
1780889880.582505,0.0,0.0,0.0,0.0,258.008,258.008,258.008
1780889880.592437,0.0,0.0,0.0,0.0,258.008,258.008,258.008
1780889880.606116,0.0,0.0,0.0,0.0,258.008,258.008,258.008
1780889880.649125,0.0,0.0,0.0,0.0,258.008,258.008,258.008
1780889880.649497,0.0,0.0,0.0,0.0,258.008,258.008,258.008
1780889880.649888,0.0,0.0,0.0,0.0,258.008,258.008,258.008
1780889880.654298,0.0,0.0,0.0,0.0,258.008,258.008,258.008
1780889880.664811,0.0,0.0,0.0,0.0,258.008,258.008,258.008
1780889880.678188,0.0,0.0,0.0,0.0,258.008,258.008,258.008
1780889880.6886458,0.0,0.0,0.0,0.0,258.008,258.008,258.008
1780889880.702965,0.0,0.0,0.0,0.0,258.008,258.008,258.008
1780889880.7133079,0.0,0.0,0.0,0.0,258.008,258.008,258.008
1780889880.726847,0.0,0.0,0.0,0.0,258.008,258.008,258.008
1780889880.737317,0.0,0.0,0.0,0.0,258.008,258.008,258.008
1780889880.75177,0.0,0.0,0.0,0.0,258.008,258.008,258.008
1780889880.761864,0.0,0.0,0.0,0.0,258.008,258.008,258.008
1780889880.775219,0.0,0.0,0.0,0.0,258.008,258.008,258.008
1780889880.785836,0.0,0.0,0.0,0.0,258.008,258.008,258.008
1780889880.799048,0.0,0.0,0.0,0.0,258.008,258.008,258.008
1780889880.809484,0.0,0.0,0.0,0.0,258.008,258.008,258.008
1780889880.8235679,0.0,0.0,0.0,0.0,258.008,258.008,258.008
1780889880.87182,0.0,0.0,0.0,0.0,258.008,258.008,258.008
1780889880.872245,0.0,0.0,0.0,0.0,258.008,258.008,258.008
1780889880.872622,0.0,0.0,0.0,0.0,258.008,258.008,258.008
1780889880.872993,0.0,0.0,0.0,0.0,258.008,258.008,258.008
1780889880.882389,0.0,0.0,0.0,0.0,258.008,258.008,258.008
1780889880.895761,0.0,0.0,0.0,0.0,258.008,258.008,258.008
1780889880.9060311,0.0,0.0,0.0,0.0,258.008,258.008,258.008
1780889880.91954,0.0,0.0,0.0,0.0,258.008,258.008,258.008
1780889880.930073,0.0,0.0,0.0,0.0,258.008,258.008,258.008
1780889880.9442718,0.0,0.0,0.0,0.0,258.008,258.008,258.008
1780889880.954516,0.0,0.0,0.0,0.0,258.008,258.008,258.008
1780889880.968118,0.0,0.0,0.0,0.0,258.008,258.008,258.008
1780889880.978579,0.0,0.0,0.0,0.0,258.008,258.008,258.008
1780889880.9925818,0.0,0.0,0.0,0.0,258.008,258.008,258.008
1780889881.0031848,0.0,0.0,0.0,0.0,258.008,258.008,258.008
1780889881.016423,0.0,0.0,0.0,0.0,258.008,258.008,258.008
1780889881.027064,0.0,0.0,0.0,0.0,258.008,258.008,258.008
1780889881.0404532,0.0,0.0,0.0,0.0,258.008,258.008,258.008
1780889881.087178,0.0,0.0,0.0,0.0,258.008,258.008,258.008
1780889881.0874722,0.0,0.0,0.0,0.0,258.008,258.008,258.008
1780889881.087837,0.0,0.0,0.0,0.0,258.008,258.008,258.008
1780889881.088785,0.0,0.0,0.0,0.0,258.008,258.008,258.008
1780889881.099173,0.0,0.0,0.0,0.0,258.008,258.008,258.008
1780889881.113384,0.0,0.0,0.0,0.0,258.008,258.008,258.008
1780889881.1235719,0.0,0.0,0.0,0.0,258.008,258.008,258.008
1780889881.1373491,0.0,0.0,0.0,0.0,258.008,258.008,258.008
1780889881.1476521,0.0,0.0,0.0,0.0,258.008,258.008,258.008
1780889881.161799,0.0,0.0,0.0,0.0,258.008,258.008,258.008
1780889881.172265,0.0,0.0,0.0,0.0,258.008,258.008,258.008
1780889881.185712,0.0,0.0,0.0,0.0,258.008,258.008,258.008
1780889881.196228,0.0,0.0,0.0,0.0,258.008,258.008,258.008
1780889881.209627,0.0,0.0,0.0,0.0,258.008,258.008,258.008
1780889881.220139,0.0,0.0,0.0,0.0,258.008,258.008,258.008
1780889881.234087,0.0,0.0,0.0,0.0,258.008,258.008,258.008
1780889881.244543,0.0,0.0,0.0,0.0,258.008,258.008,258.008
1780889881.257952,0.0,0.0,0.0,0.0,258.008,258.008,258.008
1780889881.3007538,0.0,0.0,0.0,0.0,258.008,258.008,258.008
1780889881.30111,0.0,0.0,0.0,0.0,258.008,258.008,258.008
1780889881.3014889,0.0,0.0,0.0,0.0,258.008,258.008,258.008
1780889881.306124,0.0,0.0,0.0,0.0,258.008,258.008,258.008
1780889881.316559,0.0,0.0,0.0,0.0,258.008,258.008,258.008
1780889881.3300369,0.0,0.0,0.0,0.0,258.008,258.008,258.008
1780889881.340363,0.0,0.0,0.0,0.0,258.008,258.008,258.008
1780889881.354656,0.0,0.0,0.0,0.0,258.008,258.008,258.008
1780889881.3651059,0.0,0.0,0.0,0.0,258.008,258.008,258.008
1780889881.403152,0.0,0.0,0.0,0.0,258.008,258.008,258.008
1780889881.403517,0.0,0.0,0.0,0.0,258.008,258.008,258.008
1780889881.4038599,0.0,0.0,0.0,0.0,258.008,258.008,258.008
1780889881.413306,0.0,0.0,0.0,0.0,258.008,258.008,258.008
1780889881.4267871,0.0,0.0,0.0,0.0,258.008,258.008,258.008
1780889881.437226,0.0,0.0,0.0,0.0,258.008,258.008,258.008
1780889881.451487,0.0,0.0,0.0,0.0,258.008,258.008,258.008
1780889881.461688,0.0,0.0,0.0,0.0,258.008,258.008,258.008
1780889881.4751549,0.0,0.0,0.0,0.0,258.008,258.008,258.008
1780889881.4858081,0.0,0.0,0.0,0.0,258.008,258.008,258.008
1780889881.499228,0.0,0.0,0.0,0.0,258.008,258.008,258.008
1780889881.50946,0.0,0.0,0.0,0.0,258.008,258.008,258.008
1780889881.5235991,0.0,0.0,0.0,0.0,258.008,258.008,258.008
1780889881.534153,0.0,0.0,0.0,0.0,258.008,258.008,258.008
1780889881.547588,0.0,0.0,0.0,0.0,258.008,258.008,258.008
1780889881.55813,0.0,0.0,0.0,0.0,258.008,258.008,258.008
1780889881.572103,0.0,0.0,0.0,0.0,258.008,258.008,258.008
1780889881.582382,0.0,0.0,0.0,0.0,258.008,258.008,258.008
1780889881.627557,0.0,0.0,0.0,0.0,258.008,258.008,258.008
1780889881.6279922,0.0,0.0,0.0,0.0,258.008,258.008,258.008
1780889881.628364,0.0,0.0,0.0,0.0,258.008,258.008,258.008
1780889881.629971,0.0,0.0,0.0,0.0,258.008,258.008,258.008
1780889881.644,0.0,0.0,0.0,0.0,258.008,258.008,258.008
1780889881.654583,0.0,0.0,0.0,0.0,258.008,258.008,258.008
1780889881.667989,0.0,0.0,0.0,0.0,258.008,258.008,258.008
1780889881.678318,0.0,0.0,0.0,0.0,258.008,258.008,258.008
1780889881.692446,0.0,0.0,0.0,0.0,258.008,258.008,258.008
1780889881.703011,0.0,0.0,0.0,0.0,258.008,258.008,258.008
1780889881.7162108,0.0,0.0,0.0,0.0,258.008,258.008,258.008
1780889881.7268312,0.0,0.0,0.0,0.0,258.008,258.008,258.008
1780889881.7402859,0.0,0.0,0.0,0.0,258.008,258.008,258.008
1780889881.750905,0.0,0.0,0.0,0.0,258.008,258.008,258.008
1780889881.764858,0.0,0.0,0.0,0.0,258.008,258.008,258.008
1780889881.7753139,0.0,0.0,0.0,0.0,258.008,258.008,258.008
1780889881.7887459,0.0,0.0,0.0,0.0,258.008,258.008,258.008
1780889881.799047,0.0,0.0,0.0,0.0,258.008,258.008,258.008
1780889881.8447201,0.0,0.0,0.0,0.0,258.008,258.008,258.008
1780889881.845094,0.0,0.0,0.0,0.0,258.008,258.008,258.008
1780889881.8455,0.0,0.0,0.0,0.0,258.008,258.008,258.008
1780889881.847324,0.0,0.0,0.0,0.0,258.008,258.008,258.008
1780889881.8614678,0.0,0.0,0.0,0.0,258.008,258.008,258.008
1780889881.872007,0.0,0.0,0.0,0.0,258.008,258.008,258.008
1780889881.8855438,0.0,0.0,0.0,0.0,258.008,258.008,258.008
1780889881.8959732,0.0,0.0,0.0,0.0,258.008,258.008,258.008
1780889881.9094331,0.0,0.0,0.0,0.0,258.008,258.008,258.008
1780889881.919919,0.0,0.0,0.0,0.0,258.008,258.008,258.008
1780889881.9340448,0.0,0.0,0.0,0.0,258.008,258.008,258.008
1780889881.9445848,0.0,0.0,0.0,0.0,258.008,258.008,258.008
1780889881.957901,0.0,0.0,0.0,0.0,258.008,258.008,258.008
1780889881.968558,0.0,0.0,0.0,0.0,258.008,258.008,258.008
1780889881.982393,0.0,0.0,0.0,0.0,258.008,258.008,258.008
1780889881.992942,0.0,0.0,0.0,0.0,258.008,258.008,258.008
1780889882.0063171,0.0,0.0,0.0,0.0,258.008,258.008,258.008
1780889882.0165288,0.0,0.0,0.0,0.0,258.008,258.008,258.008
1780889882.058177,0.0,0.0,0.0,0.0,258.008,258.008,258.008
1780889882.058462,0.0,0.0,0.0,0.0,258.008,258.008,258.008
1780889882.0587468,0.0,0.0,0.0,0.0,258.008,258.008,258.008
1780889882.065064,0.0,0.0,0.0,0.0,258.008,258.008,258.008
1780889882.078479,0.0,0.0,0.0,0.0,258.008,258.008,258.008
1780889882.0887492,0.0,0.0,0.0,0.0,258.008,258.008,258.008
1780889882.1028721,0.0,0.0,0.0,0.0,258.008,258.008,258.008
1780889882.1134279,0.0,0.0,0.0,0.0,258.008,258.008,258.008
1780889882.126954,0.0,0.0,0.0,0.0,258.008,258.008,258.008
1780889882.158419,0.0,0.0,0.0,0.0,258.008,258.008,258.008
1780889882.1586812,0.0,0.0,0.0,0.0,258.008,258.008,258.008
1780889882.162008,0.0,0.0,0.0,0.0,258.008,258.008,258.008
1780889882.1754801,0.0,0.0,0.0,0.0,258.008,258.008,258.008
1780889882.1859891,0.0,0.0,0.0,0.0,258.008,258.008,258.008
1780889882.199326,0.0,0.0,0.0,0.0,258.008,258.008,258.008
1780889882.209735,0.0,0.0,0.0,0.0,258.008,258.008,258.008
1780889882.223979,0.0,0.0,0.0,0.0,258.008,258.008,258.008
1780889882.234536,0.0,0.0,0.0,0.0,258.008,258.008,258.008
1780889882.247927,0.0,0.0,0.0,0.0,258.008,258.008,258.008
1780889882.258167,0.0,0.0,0.0,0.0,258.008,258.008,258.008
1780889882.272178,0.0,0.0,0.0,0.0,258.008,258.008,258.008
1780889882.283015,0.0,0.0,0.0,0.0,258.008,258.008,258.008
1780889882.296007,0.0,0.0,0.0,0.0,258.008,258.008,258.008
1780889882.306476,0.0,0.0,0.0,0.0,258.008,258.008,258.008
1780889882.320102,0.0,0.0,0.0,0.0,258.008,258.008,258.008
1780889882.3306592,0.0,0.0,0.0,0.0,258.008,258.008,258.008
1780889882.344637,0.0,0.0,0.0,0.0,258.008,258.008,258.008
1780889882.3826401,0.0,0.0,0.0,0.0,258.008,258.008,258.008
1780889882.382903,0.0,0.0,0.0,0.0,258.008,258.008,258.008
1780889882.383142,0.0,0.0,0.0,0.0,258.008,258.008,258.008
1780889882.39284,0.0,0.0,0.0,0.0,258.008,258.008,258.008
1780889882.40323,0.0,0.0,0.0,0.0,258.008,258.008,258.008
1780889882.416834,0.0,0.0,0.0,0.0,258.008,258.008,258.008
1780889882.427362,0.0,0.0,0.0,0.0,258.008,258.008,258.008
1780889882.441252,0.0,0.0,0.0,0.0,258.008,258.008,258.008
1780889882.451823,0.0,0.0,0.0,0.0,258.008,258.008,258.008
1780889882.465014,0.0,0.0,0.0,0.0,258.008,258.008,258.008
1780889882.4756649,0.0,0.0,0.0,0.0,258.008,258.008,258.008
1780889882.4892118,0.0,0.0,0.0,0.0,258.008,258.008,258.008
1780889882.499711,0.0,0.0,0.0,0.0,258.008,258.008,258.008
1780889882.513603,0.0,0.0,0.0,0.0,258.008,258.008,258.008
1780889882.524065,0.0,0.0,0.0,0.0,258.008,258.008,258.008
1780889882.537479,0.0,0.0,0.0,0.0,258.008,258.008,258.008
1780889882.5476322,0.0,0.0,0.0,0.0,258.008,258.008,258.008
1780889882.561915,0.0,0.0,0.0,0.0,258.008,258.008,258.008
1780889882.6084712,0.0,0.0,0.0,0.0,258.008,258.008,258.008
1780889882.608926,0.0,0.0,0.0,0.0,258.008,258.008,258.008
1780889882.609262,0.0,0.0,0.0,0.0,258.008,258.008,258.008
1780889882.609649,0.0,0.0,0.0,0.0,258.008,258.008,258.008
1780889882.619891,0.0,0.0,0.0,0.0,258.008,258.008,258.008
1780889882.6338172,0.0,0.0,0.0,0.0,258.008,258.008,258.008
1780889882.6442828,0.0,0.0,0.0,0.0,258.008,258.008,258.008
1780889882.6577039,0.0,0.0,0.0,0.0,258.008,258.008,258.008
1780889882.6683,0.0,0.0,0.0,0.0,258.008,258.008,258.008
1780889882.6827211,0.0,0.0,0.0,0.0,258.008,258.008,258.008
1780889882.692827,0.0,0.0,0.0,0.0,258.008,258.008,258.008
1780889882.706305,0.0,0.0,0.0,0.0,258.008,258.008,258.008
1780889882.7165902,0.0,0.0,0.0,0.0,258.008,258.008,258.008
1780889882.7303019,0.0,0.0,0.0,0.0,258.008,258.008,258.008
1780889882.741457,0.0,0.0,0.0,0.0,258.008,258.008,258.008
1780889882.7548318,0.0,0.0,0.0,0.0,258.008,258.008,258.008
1780889882.7655392,0.0,0.0,0.0,0.0,258.008,258.008,258.008
1780889882.778955,0.0,0.0,0.0,0.0,258.008,258.008,258.008
1780889882.824186,0.0,0.0,0.0,0.0,258.008,258.008,258.008
1780889882.824675,0.0,0.0,0.0,0.0,258.008,258.008,258.008
1780889882.825043,0.0,0.0,0.0,0.0,258.008,258.008,258.008
1780889882.826992,0.0,0.0,0.0,0.0,258.008,258.008,258.008
1780889882.8374798,0.0,0.0,0.0,0.0,258.008,258.008,258.008
1780889882.8514528,0.0,0.0,0.0,0.0,258.008,258.008,258.008
1780889882.861751,0.0,0.0,0.0,0.0,258.008,258.008,258.008
1780889882.875388,0.0,0.0,0.0,0.0,258.008,258.008,258.008
1780889882.885899,0.0,0.0,0.0,0.0,258.008,258.008,258.008
1780889882.8995252,0.0,0.0,0.0,0.0,258.008,258.008,258.008
1780889882.909643,0.0,0.0,0.0,0.0,258.008,258.008,258.008
1780889882.923944,0.0,0.0,0.0,0.0,258.008,258.008,258.008
1780889882.9341922,0.0,0.0,0.0,0.0,258.008,258.008,258.008
1780889882.947675,0.0,0.0,0.0,0.0,258.008,258.008,258.008
1780889882.958029,0.0,0.0,0.0,0.0,258.008,258.008,258.008
1780889882.972165,0.0,0.0,0.0,0.0,258.008,258.008,258.008
1780889882.982582,0.0,0.0,0.0,0.0,258.008,258.008,258.008
1780889882.996085,0.0,0.0,0.0,0.0,258.008,258.008,258.008
1780889883.039912,0.0,0.0,0.0,0.0,258.008,258.008,258.008
1780889883.0404491,0.0,0.0,0.0,0.0,258.008,258.008,258.008
1780889883.040887,0.0,0.0,0.0,0.0,258.008,258.008,258.008
1780889883.0443451,0.0,0.0,0.0,0.0,258.008,258.008,258.008
1780889883.054851,0.0,0.0,0.0,0.0,258.008,258.008,258.008
1780889883.06831,0.0,0.0,0.0,0.0,258.008,258.008,258.008
1780889883.0787,0.0,0.0,0.0,0.0,258.008,258.008,258.008
1780889883.0927098,0.0,0.0,0.0,0.0,258.008,258.008,258.008
1780889883.103405,0.0,0.0,0.0,0.0,258.008,258.008,258.008
1780889883.116919,0.0,0.0,0.0,0.0,258.008,258.008,258.008
1780889883.127166,0.0,0.0,0.0,0.0,258.008,258.008,258.008
1780889883.1413581,0.0,0.0,0.0,0.0,258.008,258.008,258.008
1780889883.152215,0.0,0.0,0.0,0.0,258.008,258.008,258.008
1780889883.165696,0.0,0.0,0.0,0.0,258.008,258.008,258.008
1780889883.175828,0.0,0.0,0.0,0.0,258.008,258.008,258.008
1780889883.1893299,0.0,0.0,0.0,0.0,258.008,258.008,258.008
1780889883.1996748,0.0,0.0,0.0,0.0,258.008,258.008,258.008
1780889883.21373,0.0,0.0,0.0,0.0,258.008,258.008,258.008
1780889883.258532,0.0,0.0,0.0,0.0,258.008,258.008,258.008
1780889883.259006,0.0,0.0,0.0,0.0,258.008,258.008,258.008
1780889883.259377,0.0,0.0,0.0,0.0,258.008,258.008,258.008
1780889883.2618828,0.0,0.0,0.0,0.0,258.008,258.008,258.008
1780889883.272183,0.0,0.0,0.0,0.0,258.008,258.008,258.008
1780889883.28579,0.0,0.0,0.0,0.0,258.008,258.008,258.008
1780889883.296084,0.0,0.0,0.0,0.0,258.008,258.008,258.008
1780889883.309563,0.0,0.0,0.0,0.0,258.008,258.008,258.008
1780889883.320145,0.0,0.0,0.0,0.0,258.008,258.008,258.008
1780889883.334223,0.0,0.0,0.0,0.0,258.008,258.008,258.008
1780889883.3448079,0.0,0.0,0.0,0.0,258.008,258.008,258.008
1780889883.358117,0.0,0.0,0.0,0.0,258.008,258.008,258.008
1780889883.368642,0.0,0.0,0.0,0.0,258.008,258.008,258.008
1780889883.382538,0.0,0.0,0.0,0.0,258.008,258.008,258.008
1780889883.393174,0.0,0.0,0.0,0.0,258.008,258.008,258.008
1780889883.406534,0.0,0.0,0.0,0.0,258.008,258.008,258.008
1780889883.416756,0.0,0.0,0.0,0.0,258.008,258.008,258.008
1780889883.430453,0.0,0.0,0.0,0.0,258.008,258.008,258.008
1780889883.4755242,0.0,0.0,0.0,0.0,258.008,258.008,258.008
1780889883.476037,0.0,0.0,0.0,0.0,258.008,258.008,258.008
1780889883.4763799,0.0,0.0,0.0,0.0,258.008,258.008,258.008
1780889883.478765,0.0,0.0,0.0,0.0,258.008,258.008,258.008
1780889883.489045,0.0,0.0,0.0,0.0,258.008,258.008,258.008
1780889883.503171,0.0,0.0,0.0,0.0,258.008,258.008,258.008
1780889883.513653,0.0,0.0,0.0,0.0,258.008,258.008,258.008
1780889883.527115,0.0,0.0,0.0,0.0,258.008,258.008,258.008
1780889883.5376241,0.0,0.0,0.0,0.0,258.008,258.008,258.008
1780889883.55184,0.0,0.0,0.0,0.0,258.008,258.008,258.008
1780889883.5622568,0.0,0.0,0.0,0.0,258.008,258.008,258.008
1780889883.575588,0.0,0.0,0.0,0.0,258.008,258.008,258.008
1780889883.5864341,0.0,0.0,0.0,0.0,258.008,258.008,258.008
1780889883.5996459,0.0,0.0,0.0,0.0,258.008,258.008,258.008
1780889883.609917,0.0,0.0,0.0,0.0,258.008,258.008,258.008
1780889883.6241112,0.0,0.0,0.0,0.0,258.008,258.008,258.008
1780889883.634451,0.0,0.0,0.0,0.0,258.008,258.008,258.008
1780889883.648041,0.0,0.0,0.0,0.0,258.008,258.008,258.008
1780889883.689481,0.0,0.0,0.0,0.0,258.008,258.008,258.008
1780889883.6897962,0.0,0.0,0.0,0.0,258.008,258.008,258.008
1780889883.690064,0.0,0.0,0.0,0.0,258.008,258.008,258.008
1780889883.69613,0.0,0.0,0.0,0.0,258.008,258.008,258.008
1780889883.7066061,0.0,0.0,0.0,0.0,258.008,258.008,258.008
1780889883.7201548,0.0,0.0,0.0,0.0,258.008,258.008,258.008
1780889883.7305658,0.0,0.0,0.0,0.0,258.008,258.008,258.008
1780889883.744776,0.0,0.0,0.0,0.0,258.008,258.008,258.008
1780889883.755017,0.0,0.0,0.0,0.0,258.008,258.008,258.008
1780889883.768671,0.0,0.0,0.0,0.0,258.008,258.008,258.008
1780889883.77893,0.0,0.0,0.0,0.0,258.008,258.008,258.008
1780889883.7931871,0.0,0.0,0.0,0.0,258.008,258.008,258.008
1780889883.803357,0.0,0.0,0.0,0.0,258.008,258.008,258.008
1780889883.8167439,0.0,0.0,0.0,0.0,258.008,258.008,258.008
1780889883.827292,0.0,0.0,0.0,0.0,258.008,258.008,258.008
1780889883.841465,0.0,0.0,0.0,0.0,258.008,258.008,258.008
1780889883.8523068,0.0,0.0,0.0,0.0,258.008,258.008,258.008
1780889883.86574,0.0,0.0,0.0,0.0,258.008,258.008,258.008
1780889883.910667,0.0,0.0,0.0,0.0,258.008,258.008,258.008
1780889883.911052,0.0,0.0,0.0,0.0,258.008,258.008,258.008
1780889883.911317,0.0,0.0,0.0,0.0,258.008,258.008,258.008
1780889883.913825,0.0,0.0,0.0,0.0,258.008,258.008,258.008
1780889883.924264,0.0,0.0,0.0,0.0,258.008,258.008,258.008
1780889883.9377768,0.0,0.0,0.0,0.0,258.008,258.008,258.008
1780889883.948064,0.0,0.0,0.0,0.0,258.008,258.008,258.008
1780889883.9622989,0.0,0.0,0.0,0.0,258.008,258.008,258.008
1780889883.972735,0.0,0.0,0.0,0.0,258.008,258.008,258.008
1780889883.986287,0.0,0.0,0.0,0.0,258.008,258.008,258.008
1780889883.9967449,0.0,0.0,0.0,0.0,258.008,258.008,258.008
1780889884.010175,0.0,0.0,0.0,0.0,258.008,258.008,258.008
1780889884.020731,0.0,0.0,0.0,0.0,258.008,258.008,258.008
1780889884.034624,0.0,0.0,0.0,0.0,258.008,258.008,258.008
1780889884.044966,0.0,0.0,0.0,0.0,258.008,258.008,258.008
1780889884.0583239,0.0,0.0,0.0,0.0,258.008,258.008,258.008
1780889884.068994,0.0,0.0,0.0,0.0,258.008,258.008,258.008
1780889884.082911,0.0,0.0,0.0,0.0,258.008,258.008,258.008
1780889884.1279948,0.0,0.0,0.0,0.0,258.008,258.008,258.008
1780889884.128497,0.0,0.0,0.0,0.0,258.008,258.008,258.008
1780889884.128907,0.0,0.0,0.0,0.0,258.008,258.008,258.008
1780889884.131328,0.0,0.0,0.0,0.0,258.008,258.008,258.008
1780889884.141558,0.0,0.0,0.0,0.0,258.008,258.008,258.008
1780889884.155233,0.0,0.0,0.0,0.0,258.008,258.008,258.008
1780889884.165565,0.0,0.0,0.0,0.0,258.008,258.008,258.008
1780889884.17912,0.0,0.0,0.0,0.0,258.008,258.008,258.008
1780889884.189657,0.0,0.0,0.0,0.0,258.008,258.008,258.008
1780889884.2037382,0.0,0.0,0.0,0.0,258.008,258.008,258.008
1780889884.2141252,0.0,0.0,0.0,0.0,258.008,258.008,258.008
1780889884.22766,0.0,0.0,0.0,0.0,258.008,258.008,258.008
1780889884.2381508,0.0,0.0,0.0,0.0,258.008,258.008,258.008
1780889884.2520251,0.0,0.0,0.0,0.0,258.008,258.008,258.008
1780889884.262559,0.0,0.0,0.0,0.0,258.008,258.008,258.008
1780889884.275716,0.0,0.0,0.0,0.0,258.008,258.008,258.008
1780889884.2864482,0.0,0.0,0.0,0.0,258.008,258.008,258.008
1780889884.299701,0.0,0.0,0.0,0.0,258.008,258.008,258.008
1780889884.342357,0.0,0.0,0.0,0.0,258.008,258.008,258.008
1780889884.342826,0.0,0.0,0.0,0.0,258.008,258.008,258.008
1780889884.343105,0.0,0.0,0.0,0.0,258.008,258.008,258.008
1780889884.348029,0.0,0.0,0.0,0.0,258.008,258.008,258.008
1780889884.358467,0.0,0.0,0.0,0.0,258.008,258.008,258.008
1780889884.372563,0.0,0.0,0.0,0.0,258.008,258.008,258.008
1780889884.3829708,0.0,0.0,0.0,0.0,258.008,258.008,258.008
1780889884.396676,0.0,0.0,0.0,0.0,258.008,258.008,258.008
1780889884.4071481,0.0,0.0,0.0,0.0,258.008,258.008,258.008
1780889884.4213078,0.0,0.0,0.0,0.0,258.008,258.008,258.008
1780889884.4316852,0.0,0.0,0.0,0.0,258.008,258.008,258.008
1780889884.445004,0.0,0.0,0.0,0.0,258.008,258.008,258.008
1780889884.455605,0.0,0.0,0.0,0.0,258.008,258.008,258.008
1780889884.4688928,0.0,0.0,0.0,0.0,258.008,258.008,258.008
1780889884.479347,0.0,0.0,0.0,0.0,258.008,258.008,258.008
1780889884.4933171,0.0,0.0,0.0,0.0,258.008,258.008,258.008
1780889884.5038579,0.0,0.0,0.0,0.0,258.008,258.008,258.008
1780889884.5192,0.0,0.0,0.0,0.0,258.008,258.008,258.008
1780889884.556261,0.0,0.0,0.0,0.0,258.008,258.008,258.008
1780889884.556583,0.0,0.0,0.0,0.0,258.008,258.008,258.008
1780889884.556813,0.0,0.0,0.0,0.0,258.008,258.008,258.008
1780889884.5656252,0.0,0.0,0.0,0.0,258.008,258.008,258.008
1780889884.575886,0.0,0.0,0.0,0.0,258.008,258.008,258.008
1780889884.5894709,0.0,0.0,0.0,0.0,258.008,258.008,258.008
1780889884.599873,0.0,0.0,0.0,0.0,258.008,258.008,258.008
1780889884.6139112,0.0,0.0,0.0,0.0,258.008,258.008,258.008
1780889884.624434,0.0,0.0,0.0,0.0,258.008,258.008,258.008
1780889884.6379259,0.0,0.0,0.0,0.0,258.008,258.008,258.008
1780889884.648403,0.0,0.0,0.0,0.0,258.008,258.008,258.008
1780889884.66237,0.0,0.0,0.0,0.0,258.008,258.008,258.008
1780889884.672896,0.0,0.0,0.0,0.0,258.008,258.008,258.008
1780889884.68642,0.0,0.0,0.0,0.0,258.008,258.008,258.008
1780889884.69699,0.0,0.0,0.0,0.0,258.008,258.008,258.008
1780889884.710151,0.0,0.0,0.0,0.0,258.008,258.008,258.008
1780889884.721417,0.0,0.0,0.0,0.0,258.008,258.008,258.008
1780889884.734924,0.0,0.0,0.0,0.0,258.008,258.008,258.008
1780889884.77538,0.0,0.0,0.0,0.0,258.008,258.008,258.008
1780889884.775768,0.0,0.0,0.0,0.0,258.008,258.008,258.008
1780889884.7761989,0.0,0.0,0.0,0.0,258.008,258.008,258.008
1780889884.783037,0.0,0.0,0.0,0.0,258.008,258.008,258.008
1780889884.7936141,0.0,0.0,0.0,0.0,258.008,258.008,258.008
1780889884.807019,0.0,0.0,0.0,0.0,258.008,258.008,258.008
1780889884.8174222,0.0,0.0,0.0,0.0,258.008,258.008,258.008
1780889884.831573,0.0,0.0,0.0,0.0,258.008,258.008,258.008
1780889884.841996,0.0,0.0,0.0,0.0,258.008,258.008,258.008
1780889884.8556201,0.0,0.0,0.0,0.0,258.008,258.008,258.008
1780889884.865816,0.0,0.0,0.0,0.0,258.008,258.008,258.008
1780889884.87947,0.0,0.0,0.0,0.0,258.008,258.008,258.008
1780889884.889908,0.0,0.0,0.0,0.0,258.008,258.008,258.008
1780889884.903855,0.0,0.0,0.0,0.0,258.008,258.008,258.008
1780889884.9144802,0.0,0.0,0.0,0.0,258.008,258.008,258.008
1780889884.9276779,0.0,0.0,0.0,0.0,258.008,258.008,258.008
1780889884.9384289,0.0,0.0,0.0,0.0,258.008,258.008,258.008
1780889884.952272,0.0,0.0,0.0,0.0,258.008,258.008,258.008
1780889884.994834,0.0,0.0,0.0,0.0,258.008,258.008,258.008
1780889884.9953449,0.0,0.0,0.0,0.0,258.008,258.008,258.008
1780889884.995798,0.0,0.0,0.0,0.0,258.008,258.008,258.008
1780889884.999879,0.0,0.0,0.0,0.0,258.008,258.008,258.008
1780889885.0101418,0.0,0.0,0.0,0.0,258.008,258.008,258.008
1780889885.0243149,0.0,0.0,0.0,0.0,258.008,258.008,258.008
1780889885.034715,0.0,0.0,0.0,0.0,258.008,258.008,258.008
1780889885.048191,0.0,0.0,0.0,0.0,258.008,258.008,258.008
1780889885.0586119,0.0,0.0,0.0,0.0,258.008,258.008,258.008
1780889885.0727198,0.0,0.0,0.0,0.0,258.008,258.008,258.008
1780889885.083114,0.0,0.0,0.0,0.0,258.008,258.008,258.008
1780889885.0966988,0.0,0.0,0.0,0.0,258.008,258.008,258.008
1780889885.107162,0.0,0.0,0.0,0.0,258.008,258.008,258.008
1780889885.121184,0.0,0.0,0.0,0.0,258.008,258.008,258.008
1780889885.131795,0.0,0.0,0.0,0.0,258.008,258.008,258.008
1780889885.145142,0.0,0.0,0.0,0.0,258.008,258.008,258.008
1780889885.155715,0.0,0.0,0.0,0.0,258.008,258.008,258.008
1780889885.169216,0.0,0.0,0.0,0.0,258.008,258.008,258.008
1780889885.2106922,0.0,0.0,0.0,0.0,258.008,258.008,258.008
1780889885.211145,0.0,0.0,0.0,0.0,258.008,258.008,258.008
1780889885.211522,0.0,0.0,0.0,0.0,258.008,258.008,258.008
1780889885.217396,0.0,0.0,0.0,0.0,258.008,258.008,258.008
1780889885.2278342,0.0,0.0,0.0,0.0,258.008,258.008,258.008
1780889885.241867,0.0,0.0,0.0,0.0,258.008,258.008,258.008
1780889885.252337,0.0,0.0,0.0,0.0,258.008,258.008,258.008
1780889885.2660868,0.0,0.0,0.0,0.0,258.008,258.008,258.008
1780889885.27631,0.0,0.0,0.0,0.0,258.008,258.008,258.008
1780889885.310796,0.0,0.0,0.0,0.0,258.008,258.008,258.008
1780889885.3111172,0.0,0.0,0.0,0.0,258.008,258.008,258.008
1780889885.31407,0.0,0.0,0.0,0.0,258.008,258.008,258.008
1780889885.324446,0.0,0.0,0.0,0.0,258.008,258.008,258.008
1780889885.338022,0.0,0.0,0.0,0.0,258.008,258.008,258.008
1780889885.348454,0.0,0.0,0.0,0.0,258.008,258.008,258.008
1780889885.3626082,0.0,0.0,0.0,0.0,258.008,258.008,258.008
1780889885.3728619,0.0,0.0,0.0,0.0,258.008,258.008,258.008
1780889885.38659,0.0,0.0,0.0,0.0,258.008,258.008,258.008
1780889885.4132109,0.0,0.0,0.0,0.0,258.008,258.008,258.008
1780889885.413486,0.0,0.0,0.0,0.0,258.008,258.008,258.008
1780889885.421233,0.0,0.0,0.0,0.0,258.008,258.008,258.008
1780889885.434835,0.0,0.0,0.0,0.0,258.008,258.008,258.008
1780889885.445196,0.0,0.0,0.0,0.0,258.008,258.008,258.008
1780889885.458625,0.0,0.0,0.0,0.0,258.008,258.008,258.008
1780889885.469274,0.0,0.0,0.0,0.0,258.008,258.008,258.008
1780889885.483346,0.0,0.0,0.0,0.0,258.008,258.008,258.008
1780889885.493727,0.0,0.0,0.0,0.0,258.008,258.008,258.008
1780889885.5073018,0.0,0.0,0.0,0.0,258.008,258.008,258.008
1780889885.517937,0.0,0.0,0.0,0.0,258.008,258.008,258.008
1780889885.5318668,0.0,0.0,0.0,0.0,258.008,258.008,258.008
1780889885.542448,0.0,0.0,0.0,0.0,258.008,258.008,258.008
1780889885.555757,0.0,0.0,0.0,0.0,258.008,258.008,258.008
1780889885.566415,0.0,0.0,0.0,0.0,258.008,258.008,258.008
1780889885.57989,0.0,0.0,0.0,0.0,258.008,258.008,258.008
1780889885.590168,0.0,0.0,0.0,0.0,258.008,258.008,258.008
1780889885.60427,0.0,0.0,0.0,0.0,258.008,258.008,258.008
1780889885.644274,0.0,0.0,0.0,0.0,258.008,258.008,258.008
1780889885.6446028,0.0,0.0,0.0,0.0,258.008,258.008,258.008
1780889885.644873,0.0,0.0,0.0,0.0,258.008,258.008,258.008
1780889885.652457,0.0,0.0,0.0,0.0,258.008,258.008,258.008
1780889885.662823,0.0,0.0,0.0,0.0,258.008,258.008,258.008
1780889885.676268,0.0,0.0,0.0,0.0,258.008,258.008,258.008
1780889885.686604,0.0,0.0,0.0,0.0,258.008,258.008,258.008
1780889885.700269,0.0,0.0,0.0,0.0,258.008,258.008,258.008
1780889885.7114098,0.0,0.0,0.0,0.0,258.008,258.008,258.008
1780889885.724776,0.0,0.0,0.0,0.0,258.008,258.008,258.008
1780889885.7353039,0.0,0.0,0.0,0.0,258.008,258.008,258.008
1780889885.748568,0.0,0.0,0.0,0.0,258.008,258.008,258.008
1780889885.7592251,0.0,0.0,0.0,0.0,258.008,258.008,258.008
1780889885.7732842,0.0,0.0,0.0,0.0,258.008,258.008,258.008
1780889885.783466,0.0,0.0,0.0,0.0,258.008,258.008,258.008
1780889885.797109,0.0,0.0,0.0,0.0,258.008,258.008,258.008
1780889885.807471,0.0,0.0,0.0,0.0,258.008,258.008,258.008
1780889885.821714,0.0,0.0,0.0,0.0,258.008,258.008,258.008
1780889885.867887,0.0,0.0,0.0,0.0,258.008,258.008,258.008
1780889885.868138,0.0,0.0,0.0,0.0,258.008,258.008,258.008
1780889885.868371,0.0,0.0,0.0,0.0,258.008,258.008,258.008
1780889885.869324,0.0,0.0,0.0,0.0,258.008,258.008,258.008
1780889885.8797162,0.0,0.0,0.0,0.0,258.008,258.008,258.008
1780889885.8937972,0.0,0.0,0.0,0.0,258.008,258.008,258.008
1780889885.9041688,0.0,0.0,0.0,0.0,258.008,258.008,258.008
1780889885.917736,0.0,0.0,0.0,0.0,258.008,258.008,258.008
1780889885.9283452,0.0,0.0,0.0,0.0,258.008,258.008,258.008
1780889885.94242,0.0,0.0,0.0,0.0,258.008,258.008,258.008
1780889885.952781,0.0,0.0,0.0,0.0,258.008,258.008,258.008
1780889885.9663942,0.0,0.0,0.0,0.0,258.008,258.008,258.008
1780889885.976728,0.0,0.0,0.0,0.0,258.008,258.008,258.008
1780889885.990098,0.0,0.0,0.0,0.0,258.008,258.008,258.008
1780889886.001267,0.0,0.0,0.0,0.0,258.008,258.008,258.008
1780889886.0146601,0.0,0.0,0.0,0.0,258.008,258.008,258.008
1780889886.0251079,0.0,0.0,0.0,0.0,258.008,258.008,258.008
1780889886.038775,0.0,0.0,0.0,0.0,258.008,258.008,258.008
1780889886.076512,0.0,0.0,0.0,0.0,258.008,258.008,258.008
1780889886.0767791,0.0,0.0,0.0,0.0,258.008,258.008,258.008
1780889886.0770078,0.0,0.0,0.0,0.0,258.008,258.008,258.008
1780889886.0868359,0.0,0.0,0.0,0.0,258.008,258.008,258.008
1780889886.097291,0.0,0.0,0.0,0.0,258.008,258.008,258.008
1780889886.11147,0.0,0.0,0.0,0.0,258.008,258.008,258.008
1780889886.121683,0.0,0.0,0.0,0.0,258.008,258.008,258.008
1780889886.135318,0.0,0.0,0.0,0.0,258.008,258.008,258.008
1780889886.1456718,0.0,0.0,0.0,0.0,258.008,258.008,258.008
1780889886.1590452,0.0,0.0,0.0,0.0,258.008,258.008,258.008
1780889886.169634,0.0,0.0,0.0,0.0,258.008,258.008,258.008
1780889886.183608,0.0,0.0,0.0,0.0,258.008,258.008,258.008
1780889886.19407,0.0,0.0,0.0,0.0,258.008,258.008,258.008
1780889886.2074518,0.0,0.0,0.0,0.0,258.008,258.008,258.008
1780889886.218007,0.0,0.0,0.0,0.0,258.008,258.008,258.008
1780889886.232057,0.0,0.0,0.0,0.0,258.008,258.008,258.008
1780889886.242398,0.0,0.0,0.0,0.0,258.008,258.008,258.008
1780889886.255882,0.0,0.0,0.0,0.0,258.008,258.008,258.008
1780889886.293758,0.0,0.0,0.0,0.0,258.008,258.008,258.008
1780889886.294008,0.0,0.0,0.0,0.0,258.008,258.008,258.008
1780889886.2942379,0.0,0.0,0.0,0.0,258.008,258.008,258.008
1780889886.3040729,0.0,0.0,0.0,0.0,258.008,258.008,258.008
1780889886.3144808,0.0,0.0,0.0,0.0,258.008,258.008,258.008
1780889886.328176,0.0,0.0,0.0,0.0,258.008,258.008,258.008
1780889886.338565,0.0,0.0,0.0,0.0,258.008,258.008,258.008
1780889886.352736,0.0,0.0,0.0,0.0,258.008,258.008,258.008
1780889886.363043,0.0,0.0,0.0,0.0,258.008,258.008,258.008
1780889886.376692,0.0,0.0,0.0,0.0,258.008,258.008,258.008
1780889886.387,0.0,0.0,0.0,0.0,258.008,258.008,258.008
1780889886.401201,0.0,0.0,0.0,0.0,258.008,258.008,258.008
1780889886.411406,0.0,0.0,0.0,0.0,258.008,258.008,258.008
1780889886.4248261,0.0,0.0,0.0,0.0,258.008,258.008,258.008
1780889886.4353862,0.0,0.0,0.0,0.0,258.008,258.008,258.008
1780889886.449019,0.0,0.0,0.0,0.0,258.008,258.008,258.008
1780889886.45921,0.0,0.0,0.0,0.0,258.008,258.008,258.008
1780889886.473354,0.0,0.0,0.0,0.0,258.008,258.008,258.008
1780889886.512047,0.0,0.0,0.0,0.0,258.008,258.008,258.008
1780889886.5123131,0.0,0.0,0.0,0.0,258.008,258.008,258.008
1780889886.512546,0.0,0.0,0.0,0.0,258.008,258.008,258.008
1780889886.5218618,0.0,0.0,0.0,0.0,258.008,258.008,258.008
1780889886.5320802,0.0,0.0,0.0,0.0,258.008,258.008,258.008
1780889886.5458162,0.0,0.0,0.0,0.0,258.008,258.008,258.008
1780889886.5561368,0.0,0.0,0.0,0.0,258.008,258.008,258.008
1780889886.569675,0.0,0.0,0.0,0.0,258.008,258.008,258.008
1780889886.5800588,0.0,0.0,0.0,0.0,258.008,258.008,258.008
1780889886.594225,0.0,0.0,0.0,0.0,258.008,258.008,258.008
1780889886.604568,0.0,0.0,0.0,0.0,258.008,258.008,258.008
1780889886.618158,0.0,0.0,0.0,0.0,258.008,258.008,258.008
1780889886.628623,0.0,0.0,0.0,0.0,258.008,258.008,258.008
1780889886.6426282,0.0,0.0,0.0,0.0,258.008,258.008,258.008
1780889886.653058,0.0,0.0,0.0,0.0,258.008,258.008,258.008
1780889886.6666932,0.0,0.0,0.0,0.0,258.008,258.008,258.008
1780889886.676966,0.0,0.0,0.0,0.0,258.008,258.008,258.008
1780889886.6910982,0.0,0.0,0.0,0.0,258.008,258.008,258.008
1780889886.726961,0.0,0.0,0.0,0.0,258.008,258.008,258.008
1780889886.727232,0.0,0.0,0.0,0.0,258.008,258.008,258.008
1780889886.727464,0.0,0.0,0.0,0.0,258.008,258.008,258.008
1780889886.7390451,0.0,0.0,0.0,0.0,258.008,258.008,258.008
1780889886.749473,0.0,0.0,0.0,0.0,258.008,258.008,258.008
1780889886.763795,0.0,0.0,0.0,0.0,258.008,258.008,258.008
1780889886.774175,0.0,0.0,0.0,0.0,258.008,258.008,258.008
1780889886.7876632,0.0,0.0,0.0,0.0,258.008,258.008,258.008
1780889886.797951,0.0,0.0,0.0,0.0,258.008,258.008,258.008
1780889886.812153,0.0,0.0,0.0,0.0,258.008,258.008,258.008
1780889886.822811,0.0,0.0,0.0,0.0,258.008,258.008,258.008
1780889886.8361878,0.0,0.0,0.0,0.0,258.008,258.008,258.008
1780889886.8465862,0.0,0.0,0.0,0.0,258.008,258.008,258.008
1780889886.8598819,0.0,0.0,0.0,0.0,258.008,258.008,258.008
1780889886.8702579,0.0,0.0,0.0,0.0,258.008,258.008,258.008
1780889886.8845031,0.0,0.0,0.0,0.0,258.008,258.008,258.008
1780889886.894926,0.0,0.0,0.0,0.0,258.008,258.008,258.008
1780889886.9082072,0.0,0.0,0.0,0.0,258.008,258.008,258.008
1780889886.944602,0.0,0.0,0.0,0.0,258.008,258.008,258.008
1780889886.944866,0.0,0.0,0.0,0.0,258.008,258.008,258.008
1780889886.945104,0.0,0.0,0.0,0.0,258.008,258.008,258.008
1780889886.9565492,0.0,0.0,0.0,0.0,258.008,258.008,258.008
1780889886.966948,0.0,0.0,0.0,0.0,258.008,258.008,258.008
1780889886.9812,0.0,0.0,0.0,0.0,258.008,258.008,258.008
1780889886.99155,0.0,0.0,0.0,0.0,258.008,258.008,258.008
1780889887.005069,0.0,0.0,0.0,0.0,258.008,258.008,258.008
1780889887.015639,0.0,0.0,0.0,0.0,258.008,258.008,258.008
1780889887.029017,0.0,0.0,0.0,0.0,258.008,258.008,258.008
1780889887.0394921,0.0,0.0,0.0,0.0,258.008,258.008,258.008
1780889887.0535748,0.0,0.0,0.0,0.0,258.008,258.008,258.008
1780889887.063956,0.0,0.0,0.0,0.0,258.008,258.008,258.008
1780889887.077687,0.0,0.0,0.0,0.0,258.008,258.008,258.008
1780889887.087857,0.0,0.0,0.0,0.0,258.008,258.008,258.008
1780889887.102014,0.0,0.0,0.0,0.0,258.008,258.008,258.008
1780889887.112295,0.0,0.0,0.0,0.0,258.008,258.008,258.008
1780889887.1257842,0.0,0.0,0.0,0.0,258.008,258.008,258.008
1780889887.160265,0.0,0.0,0.0,0.0,258.008,258.008,258.008
1780889887.160527,0.0,0.0,0.0,0.0,258.008,258.008,258.008
1780889887.160757,0.0,0.0,0.0,0.0,258.008,258.008,258.008
1780889887.1740632,0.0,0.0,0.0,0.0,258.008,258.008,258.008
1780889887.184492,0.0,0.0,0.0,0.0,258.008,258.008,258.008
1780889887.198045,0.0,0.0,0.0,0.0,258.008,258.008,258.008
1780889887.208408,0.0,0.0,0.0,0.0,258.008,258.008,258.008
1780889887.2225852,0.0,0.0,0.0,0.0,258.008,258.008,258.008
1780889887.232998,0.0,0.0,0.0,0.0,258.008,258.008,258.008
1780889887.265794,0.0,0.0,0.0,0.0,258.008,258.008,258.008
1780889887.266058,0.0,0.0,0.0,0.0,258.008,258.008,258.008
1780889887.270925,0.0,0.0,0.0,0.0,258.008,258.008,258.008
1780889887.281352,0.0,0.0,0.0,0.0,258.008,258.008,258.008
1780889887.2949052,0.0,0.0,0.0,0.0,258.008,258.008,258.008
1780889887.3053272,0.0,0.0,0.0,0.0,258.008,258.008,258.008
1780889887.318988,0.0,0.0,0.0,0.0,258.008,258.008,258.008
1780889887.3292742,0.0,0.0,0.0,0.0,258.008,258.008,258.008
1780889887.343319,0.0,0.0,0.0,0.0,258.008,258.008,258.008
1780889887.3695621,0.0,0.0,0.0,0.0,258.008,258.008,258.008
1780889887.369843,0.0,0.0,0.0,0.0,258.008,258.008,258.008
1780889887.377559,0.0,0.0,0.0,0.0,258.008,258.008,258.008
1780889887.3917,0.0,0.0,0.0,0.0,258.008,258.008,258.008
1780889887.4020622,0.0,0.0,0.0,0.0,258.008,258.008,258.008
1780889887.415562,0.0,0.0,0.0,0.0,258.008,258.008,258.008
1780889887.425896,0.0,0.0,0.0,0.0,258.008,258.008,258.008
1780889887.439449,0.0,0.0,0.0,0.0,258.008,258.008,258.008
1780889887.449889,0.0,0.0,0.0,0.0,258.008,258.008,258.008
1780889887.4800708,0.0,0.0,0.0,0.0,258.008,258.008,258.008
1780889887.4803588,0.0,0.0,0.0,0.0,258.008,258.008,258.008
1780889887.48771,0.0,0.0,0.0,0.0,258.008,258.008,258.008
1780889887.498111,0.0,0.0,0.0,0.0,258.008,258.008,258.008
1780889887.5122418,0.0,0.0,0.0,0.0,258.008,258.008,258.008
1780889887.5225978,0.0,0.0,0.0,0.0,258.008,258.008,258.008
1780889887.536247,0.0,0.0,0.0,0.0,258.008,258.008,258.008
1780889887.546617,0.0,0.0,0.0,0.0,258.008,258.008,258.008
1780889887.560134,0.0,0.0,0.0,0.0,258.008,258.008,258.008
1780889887.5854669,0.0,0.0,0.0,0.0,258.008,258.008,258.008
1780889887.585824,0.0,0.0,0.0,0.0,258.008,258.008,258.008
1780889887.5949929,0.0,0.0,0.0,0.0,258.008,258.008,258.008
1780889887.608515,0.0,0.0,0.0,0.0,258.008,258.008,258.008
1780889887.618927,0.0,0.0,0.0,0.0,258.008,258.008,258.008
1780889887.6331441,0.0,0.0,0.0,0.0,258.008,258.008,258.008
1780889887.643869,0.0,0.0,0.0,0.0,258.008,258.008,258.008
1780889887.656976,0.0,0.0,0.0,0.0,258.008,258.008,258.008
1780889887.6674821,0.0,0.0,0.0,0.0,258.008,258.008,258.008
1780889887.700469,0.0,0.0,0.0,0.0,258.008,258.008,258.008
1780889887.7007732,0.0,0.0,0.0,0.0,258.008,258.008,258.008
1780889887.705319,0.0,0.0,0.0,0.0,258.008,258.008,258.008
1780889887.7158542,0.0,0.0,0.0,0.0,258.008,258.008,258.008
1780889887.729268,0.0,0.0,0.0,0.0,258.008,258.008,258.008
1780889887.7396832,0.0,0.0,0.0,0.0,258.008,258.008,258.008
1780889887.7538052,0.0,0.0,0.0,0.0,258.008,258.008,258.008
1780889887.7641752,0.0,0.0,0.0,0.0,258.008,258.008,258.008
1780889887.777641,0.0,0.0,0.0,0.0,258.008,258.008,258.008
1780889887.788036,0.0,0.0,0.0,0.0,258.008,258.008,258.008
1780889887.8022962,0.0,0.0,0.0,0.0,258.008,258.008,258.008
1780889887.812619,0.0,0.0,0.0,0.0,258.008,258.008,258.008
1780889887.8260858,0.0,0.0,0.0,0.0,258.008,258.008,258.008
1780889887.836601,0.0,0.0,0.0,0.0,258.008,258.008,258.008
1780889887.850065,0.0,0.0,0.0,0.0,258.008,258.008,258.008
1780889887.861048,0.0,0.0,0.0,0.0,258.008,258.008,258.008
1780889887.8745742,0.0,0.0,0.0,0.0,258.008,258.008,258.008
1780889887.885566,0.0,0.0,0.0,0.0,258.008,258.008,258.008
1780889887.915213,0.0,0.0,0.0,0.0,258.008,258.008,258.008
1780889887.915501,0.0,0.0,0.0,0.0,258.008,258.008,258.008
1780889887.923157,0.0,0.0,0.0,0.0,258.008,258.008,258.008
1780889887.933632,0.0,0.0,0.0,0.0,258.008,258.008,258.008
1780889887.947042,0.0,0.0,0.0,0.0,258.008,258.008,258.008
1780889887.9574668,0.0,0.0,0.0,0.0,258.008,258.008,258.008
1780889887.9716952,0.0,0.0,0.0,0.0,258.008,258.008,258.008
1780889887.982374,0.0,0.0,0.0,0.0,258.008,258.008,258.008
1780889887.995677,0.0,0.0,0.0,0.0,258.008,258.008,258.008
1780889888.006083,0.0,0.0,0.0,0.0,258.008,258.008,258.008
1780889888.0195358,0.0,0.0,0.0,0.0,258.008,258.008,258.008
1780889888.029987,0.0,0.0,0.0,0.0,258.008,258.008,258.008
1780889888.044105,0.0,0.0,0.0,0.0,258.008,258.008,258.008
1780889888.05505,0.0,0.0,0.0,0.0,258.008,258.008,258.008
1780889888.0679,0.0,0.0,0.0,0.0,258.008,258.008,258.008
1780889888.078309,0.0,0.0,0.0,0.0,258.008,258.008,258.008
1780889888.0924,0.0,0.0,0.0,0.0,258.008,258.008,258.008
1780889888.102856,0.0,0.0,0.0,0.0,258.008,258.008,258.008
1780889888.138864,0.0,0.0,0.0,0.0,258.008,258.008,258.008
1780889888.1391091,0.0,0.0,0.0,0.0,258.008,258.008,258.008
1780889888.140028,0.0,0.0,0.0,0.0,258.008,258.008,258.008
1780889888.151242,0.0,0.0,0.0,0.0,258.008,258.008,258.008
1780889888.1646678,0.0,0.0,0.0,0.0,258.008,258.008,258.008
1780889888.175148,0.0,0.0,0.0,0.0,258.008,258.008,258.008
1780889888.188632,0.0,0.0,0.0,0.0,258.008,258.008,258.008
1780889888.199282,0.0,0.0,0.0,0.0,258.008,258.008,258.008
1780889888.213034,0.0,0.0,0.0,0.0,258.008,258.008,258.008
1780889888.223455,0.0,0.0,0.0,0.0,258.008,258.008,258.008
1780889888.236932,0.0,0.0,0.0,0.0,258.008,258.008,258.008
1780889888.247361,0.0,0.0,0.0,0.0,258.008,258.008,258.008
1780889888.261577,0.0,0.0,0.0,0.0,258.008,258.008,258.008
1780889888.271957,0.0,0.0,0.0,0.0,258.008,258.008,258.008
1780889888.2854059,0.0,0.0,0.0,0.0,258.008,258.008,258.008
1780889888.2958348,0.0,0.0,0.0,0.0,258.008,258.008,258.008
1780889888.309431,0.0,0.0,0.0,0.0,258.008,258.008,258.008
1780889888.3199081,0.0,0.0,0.0,0.0,258.008,258.008,258.008
1780889888.3558688,0.0,0.0,0.0,0.0,258.008,258.008,258.008
1780889888.3561568,0.0,0.0,0.0,0.0,258.008,258.008,258.008
1780889888.357606,0.0,0.0,0.0,0.0,258.008,258.008,258.008
1780889888.3679621,0.0,0.0,0.0,0.0,258.008,258.008,258.008
1780889888.38225,0.0,0.0,0.0,0.0,258.008,258.008,258.008
1780889888.392603,0.0,0.0,0.0,0.0,258.008,258.008,258.008
1780889888.40607,0.0,0.0,0.0,0.0,258.008,258.008,258.008
1780889888.4164228,0.0,0.0,0.0,0.0,258.008,258.008,258.008
1780889888.4299572,0.0,0.0,0.0,0.0,258.008,258.008,258.008
1780889888.441004,0.0,0.0,0.0,0.0,258.008,258.008,258.008
1780889888.454475,0.0,0.0,0.0,0.0,258.008,258.008,258.008
1780889888.464909,0.0,0.0,0.0,0.0,258.008,258.008,258.008
1780889888.478397,0.0,0.0,0.0,0.0,258.008,258.008,258.008
1780889888.488799,0.0,0.0,0.0,0.0,258.008,258.008,258.008
1780889888.502919,0.0,0.0,0.0,0.0,258.008,258.008,258.008
1780889888.513352,0.0,0.0,0.0,0.0,258.008,258.008,258.008
1780889888.526933,0.0,0.0,0.0,0.0,258.008,258.008,258.008
1780889888.5373042,0.0,0.0,0.0,0.0,258.008,258.008,258.008
1780889888.573654,0.0,0.0,0.0,0.0,258.008,258.008,258.008
1780889888.573935,0.0,0.0,0.0,0.0,258.008,258.008,258.008
1780889888.57597,0.0,0.0,0.0,0.0,258.008,258.008,258.008
1780889889.566256,0.0,0.0,0.0,0.0,258.008,258.008,258.008
1780889889.577069,0.0,0.0,0.0,0.0,258.008,258.008,258.008
1780889889.59082,0.0,0.0,0.0,0.0,258.008,258.008,258.008
1780889889.601446,0.0,0.0,0.0,0.0,258.008,258.008,258.008
1780889889.6161091,0.0,0.0,0.0,0.0,258.008,258.008,258.008
1780889889.6266618,0.0,0.0,0.0,0.0,258.008,258.008,258.008
1780889889.640776,0.0,0.0,0.0,0.0,258.008,258.008,258.008
1780889889.6514702,0.0,0.0,0.0,0.0,258.008,258.008,258.008
1780889889.665885,0.0,0.0,0.0,0.0,258.008,258.008,258.008
1780889889.676445,0.0,0.0,0.0,0.0,258.008,258.008,258.008
1780889889.701351,0.0,0.0,0.0,0.0,258.008,258.008,258.008
1780889889.7016299,0.0,0.0,0.0,0.0,258.008,258.008,258.008
1780889889.715567,0.0,0.0,0.0,0.0,258.008,258.008,258.008
1780889889.72623,0.0,0.0,0.0,0.0,258.008,258.008,258.008
1780889889.740344,0.0,0.0,0.0,0.0,258.008,258.008,258.008
1780889889.7512162,0.0,0.0,0.0,0.0,258.008,258.008,258.008
1780889889.764956,0.0,0.0,0.0,0.0,258.008,258.008,258.008
1780889889.7752771,0.0,0.0,0.0,0.0,258.008,258.008,258.008
1780889889.789966,0.0,0.0,0.0,0.0,258.008,258.008,258.008
1780889891.037822,0.0,0.0,0.0,0.0,258.008,258.008,258.008
1780889891.0593102,0.0,0.0,0.0,0.0,258.008,258.008,258.008
1780889891.0625222,0.0,0.0,0.0,0.0,258.008,258.008,258.008
1780889891.073029,0.0,0.0,0.0,0.0,258.008,258.008,258.008
1780889891.087693,0.0,0.0,0.0,0.0,258.008,258.008,258.008
1780889891.098314,0.0,0.0,0.0,0.0,258.008,258.008,258.008
1780889891.1122718,0.0,0.0,0.0,0.0,258.008,258.008,258.008
1780889891.122947,0.0,0.0,0.0,0.0,258.008,258.008,258.008
1780889891.137511,0.0,0.0,0.0,0.0,258.008,258.008,258.008
1780889891.148031,0.0,0.0,0.0,0.0,258.008,258.008,258.008
1780889891.161925,0.0,0.0,0.0,0.0,258.008,258.008,258.008
1780889891.1726148,0.0,0.0,0.0,0.0,258.008,258.008,258.008
1780889891.187315,0.0,0.0,0.0,0.0,258.008,258.008,258.008
1780889891.197897,0.0,0.0,0.0,0.0,258.008,258.008,258.008
1780889891.211793,0.0,0.0,0.0,0.0,258.008,258.008,258.008
1780889891.222294,0.0,0.0,0.0,0.0,258.008,258.008,258.008
1780889891.2364311,0.0,0.0,0.0,0.0,258.008,258.008,258.008
1780889891.2469602,0.0,0.0,0.0,0.0,258.008,258.008,258.008
1780889891.26134,0.0,0.0,0.0,0.0,258.008,258.008,258.008
1780889891.281761,0.0,0.0,0.0,0.0,258.008,258.008,258.008
1780889891.284927,0.0,0.0,0.0,0.0,258.008,258.008,258.008
1780889891.295397,0.0,0.0,0.0,0.0,258.008,258.008,258.008
1780889891.30901,0.0,0.0,0.0,0.0,258.008,258.008,258.008
1780889891.319382,0.0,0.0,0.0,0.0,258.008,258.008,258.008
1780889891.333333,0.0,0.0,0.0,0.0,258.008,258.008,258.008
1780889891.3433468,0.0,0.0,0.0,0.0,258.008,258.008,258.008
1780889891.357615,0.0,0.0,0.0,0.0,258.008,258.008,258.008
1780889891.36883,0.0,0.0,0.0,0.0,258.008,258.008,258.008
1780889891.3991208,0.0,0.0,0.0,0.0,258.008,258.008,258.008
1780889891.399446,0.0,0.0,0.0,0.0,258.008,258.008,258.008
1780889891.405714,0.0,0.0,0.0,0.0,258.008,258.008,258.008
1780889891.416297,0.0,0.0,0.0,0.0,258.008,258.008,258.008
1780889891.429732,0.0,0.0,0.0,0.0,258.008,258.008,258.008
1780889891.44002,0.0,0.0,0.0,0.0,258.008,258.008,258.008
1780889891.453692,0.0,0.0,0.0,0.0,258.008,258.008,258.008
1780889891.464044,0.0,0.0,0.0,0.0,258.008,258.008,258.008
1780889891.477994,0.0,0.0,0.0,0.0,258.008,258.008,258.008
1780889891.488551,0.0,0.0,0.0,0.0,258.008,258.008,258.008
1780889891.5020201,0.0,0.0,0.0,0.0,258.008,258.008,258.008
1780889891.512209,0.0,0.0,0.0,0.0,258.008,258.008,258.008
1780889891.526586,0.0,0.0,0.0,0.0,258.008,258.008,258.008
1780889891.537179,0.0,0.0,0.0,0.0,258.008,258.008,258.008
1780889891.550499,0.0,0.0,0.0,0.0,258.008,258.008,258.008
1780889891.5610821,0.0,0.0,0.0,0.0,258.008,258.008,258.008
1780889891.574978,0.0,0.0,0.0,0.0,258.008,258.008,258.008
1780889891.5853682,0.0,0.0,0.0,0.0,258.008,258.008,258.008
1780889891.624206,0.0,0.0,0.0,0.0,258.008,258.008,258.008
1780889891.624684,0.0,0.0,0.0,0.0,258.008,258.008,258.008
1780889891.6251369,0.0,0.0,0.0,0.0,258.008,258.008,258.008
1780889891.633027,0.0,0.0,0.0,0.0,258.008,258.008,258.008
1780889891.647145,0.0,0.0,0.0,0.0,258.008,258.008,258.008
1780889891.6575518,0.0,0.0,0.0,0.0,258.008,258.008,258.008
1780889891.6711411,0.0,0.0,0.0,0.0,258.008,258.008,258.008
1780889891.681479,0.0,0.0,0.0,0.0,258.008,258.008,258.008
1780889891.695498,0.0,0.0,0.0,0.0,258.008,258.008,258.008
1780889891.705811,0.0,0.0,0.0,0.0,258.008,258.008,258.008
1780889891.719467,0.0,0.0,0.0,0.0,258.008,258.008,258.008
1780889891.729836,0.0,0.0,0.0,0.0,258.008,258.008,258.008
1780889891.7433841,0.0,0.0,0.0,0.0,258.008,258.008,258.008
1780889891.753782,0.0,0.0,0.0,0.0,258.008,258.008,258.008
1780889891.768165,0.0,0.0,0.0,0.0,258.008,258.008,258.008
1780889891.778291,0.0,0.0,0.0,0.0,258.008,258.008,258.008
1780889891.7917519,0.0,0.0,0.0,0.0,258.008,258.008,258.008
1780889891.802571,0.0,0.0,0.0,0.0,258.008,258.008,258.008
1780889891.841872,0.0,0.0,0.0,0.0,258.008,258.008,258.008
1780889891.842189,0.0,0.0,0.0,0.0,258.008,258.008,258.008
1780889891.842421,0.0,0.0,0.0,0.0,258.008,258.008,258.008
1780889891.850424,0.0,0.0,0.0,0.0,258.008,258.008,258.008
1780889891.864552,0.0,0.0,0.0,0.0,258.008,258.008,258.008
1780889891.8751419,0.0,0.0,0.0,0.0,258.008,258.008,258.008
1780889891.888531,0.0,0.0,0.0,0.0,258.008,258.008,258.008
1780889891.899175,0.0,0.0,0.0,0.0,258.008,258.008,258.008
1780889891.91262,0.0,0.0,0.0,0.0,258.008,258.008,258.008
1780889891.923024,0.0,0.0,0.0,0.0,258.008,258.008,258.008
1780889891.937067,0.0,0.0,0.0,0.0,258.008,258.008,258.008
1780889891.947495,0.0,0.0,0.0,0.0,258.008,258.008,258.008
1780889891.960937,0.0,0.0,0.0,0.0,258.008,258.008,258.008
1780889891.9715168,0.0,0.0,0.0,0.0,258.008,258.008,258.008
1780889891.9856079,0.0,0.0,0.0,0.0,258.008,258.008,258.008
1780889891.995703,0.0,0.0,0.0,0.0,258.008,258.008,258.008
1780889892.009183,0.0,0.0,0.0,0.0,258.008,258.008,258.008
1780889892.02,0.0,0.0,0.0,0.0,258.008,258.008,258.008
1780889892.0571158,0.0,0.0,0.0,0.0,258.008,258.008,258.008
1780889892.057409,0.0,0.0,0.0,0.0,258.008,258.008,258.008
1780889892.057676,0.0,0.0,0.0,0.0,258.008,258.008,258.008
1780889892.067842,0.0,0.0,0.0,0.0,258.008,258.008,258.008
1780889892.081333,0.0,0.0,0.0,0.0,258.008,258.008,258.008
1780889892.091794,0.0,0.0,0.0,0.0,258.008,258.008,258.008
1780889892.105954,0.0,0.0,0.0,0.0,258.008,258.008,258.008
1780889892.116452,0.0,0.0,0.0,0.0,258.008,258.008,258.008
1780889892.129931,0.0,0.0,0.0,0.0,258.008,258.008,258.008
1780889892.140414,0.0,0.0,0.0,0.0,258.008,258.008,258.008
1780889892.1538439,0.0,0.0,0.0,0.0,258.008,258.008,258.008
1780889892.164738,0.0,0.0,0.0,0.0,258.008,258.008,258.008
1780889892.178195,0.0,0.0,0.0,0.0,258.008,258.008,258.008
1780889892.1888,0.0,0.0,0.0,0.0,258.008,258.008,258.008
1780889892.202244,0.0,0.0,0.0,0.0,258.008,258.008,258.008
1780889892.212808,0.0,0.0,0.0,0.0,258.008,258.008,258.008
1780889892.226523,0.0,0.0,0.0,0.0,258.008,258.008,258.008
1780889892.237168,0.0,0.0,0.0,0.0,258.008,258.008,258.008
1780889892.2732549,0.0,0.0,0.0,0.0,258.008,258.008,258.008
1780889892.273513,0.0,0.0,0.0,0.0,258.008,258.008,258.008
1780889892.274875,0.0,0.0,0.0,0.0,258.008,258.008,258.008
1780889892.285388,0.0,0.0,0.0,0.0,258.008,258.008,258.008
1780889892.298972,0.0,0.0,0.0,0.0,258.008,258.008,258.008
1780889892.309349,0.0,0.0,0.0,0.0,258.008,258.008,258.008
1780889892.322921,0.0,0.0,0.0,0.0,258.008,258.008,258.008
1780889892.333248,0.0,0.0,0.0,0.0,258.008,258.008,258.008
1780889892.347494,0.0,0.0,0.0,0.0,258.008,258.008,258.008
1780889892.3577259,0.0,0.0,0.0,0.0,258.008,258.008,258.008
1780889892.3711429,0.0,0.0,0.0,0.0,258.008,258.008,258.008
1780889892.381644,0.0,0.0,0.0,0.0,258.008,258.008,258.008
1780889892.395732,0.0,0.0,0.0,0.0,258.008,258.008,258.008
1780889892.406353,0.0,0.0,0.0,0.0,258.008,258.008,258.008
1780889892.419914,0.0,0.0,0.0,0.0,258.008,258.008,258.008
1780889892.4300458,0.0,0.0,0.0,0.0,258.008,258.008,258.008
1780889892.443555,0.0,0.0,0.0,0.0,258.008,258.008,258.008
1780889892.453894,0.0,0.0,0.0,0.0,258.008,258.008,258.008
1780889892.495056,0.0,0.0,0.0,0.0,258.008,258.008,258.008
1780889892.4953442,0.0,0.0,0.0,0.0,258.008,258.008,258.008
1780889892.495584,0.0,0.0,0.0,0.0,258.008,258.008,258.008
1780889892.502211,0.0,0.0,0.0,0.0,258.008,258.008,258.008
1780889892.5162969,0.0,0.0,0.0,0.0,258.008,258.008,258.008
1780889892.526612,0.0,0.0,0.0,0.0,258.008,258.008,258.008
1780889892.540132,0.0,0.0,0.0,0.0,258.008,258.008,258.008
1780889892.55074,0.0,0.0,0.0,0.0,258.008,258.008,258.008
1780889892.5647738,0.0,0.0,0.0,0.0,258.008,258.008,258.008
1780889892.575416,0.0,0.0,0.0,0.0,258.008,258.008,258.008
1780889892.5888052,0.0,0.0,0.0,0.0,258.008,258.008,258.008
1780889892.5994408,0.0,0.0,0.0,0.0,258.008,258.008,258.008
1780889892.612821,0.0,0.0,0.0,0.0,258.008,258.008,258.008
1780889892.62309,0.0,0.0,0.0,0.0,258.008,258.008,258.008
1780889892.637287,0.0,0.0,0.0,0.0,258.008,258.008,258.008
1780889892.647882,0.0,0.0,0.0,0.0,258.008,258.008,258.008
1780889892.66122,0.0,0.0,0.0,0.0,258.008,258.008,258.008
1780889892.671575,0.0,0.0,0.0,0.0,258.008,258.008,258.008
1780889892.706557,0.0,0.0,0.0,0.0,258.008,258.008,258.008
1780889892.7069042,0.0,0.0,0.0,0.0,258.008,258.008,258.008
1780889892.709384,0.0,0.0,0.0,0.0,258.008,258.008,258.008
1780889892.7198038,0.0,0.0,0.0,0.0,258.008,258.008,258.008
1780889892.733442,0.0,0.0,0.0,0.0,258.008,258.008,258.008
1780889892.7438688,0.0,0.0,0.0,0.0,258.008,258.008,258.008
1780889892.757834,0.0,0.0,0.0,0.0,258.008,258.008,258.008
1780889892.7682161,0.0,0.0,0.0,0.0,258.008,258.008,258.008
1780889892.781892,0.0,0.0,0.0,0.0,258.008,258.008,258.008
1780889892.816906,0.0,0.0,0.0,0.0,258.008,258.008,258.008
1780889892.817166,0.0,0.0,0.0,0.0,258.008,258.008,258.008
1780889892.817418,0.0,0.0,0.0,0.0,258.008,258.008,258.008
1780889892.830122,0.0,0.0,0.0,0.0,258.008,258.008,258.008
1780889892.840532,0.0,0.0,0.0,0.0,258.008,258.008,258.008
1780889892.8547468,0.0,0.0,0.0,0.0,258.008,258.008,258.008
1780889892.8650491,0.0,0.0,0.0,0.0,258.008,258.008,258.008
1780889892.878819,0.0,0.0,0.0,0.0,258.008,258.008,258.008
1780889892.88898,0.0,0.0,0.0,0.0,258.008,258.008,258.008
1780889892.902577,0.0,0.0,0.0,0.0,258.008,258.008,258.008
1780889892.9129841,0.0,0.0,0.0,0.0,258.008,258.008,258.008
1780889892.926933,0.0,0.0,0.0,0.0,258.008,258.008,258.008
1780889892.937345,0.0,0.0,0.0,0.0,258.008,258.008,258.008
1780889892.950805,0.0,0.0,0.0,0.0,258.008,258.008,258.008
1780889892.9612522,0.0,0.0,0.0,0.0,258.008,258.008,258.008
1780889892.975318,0.0,0.0,0.0,0.0,258.008,258.008,258.008
1780889892.9861681,0.0,0.0,0.0,0.0,258.008,258.008,258.008
1780889892.999488,0.0,0.0,0.0,0.0,258.008,258.008,258.008
1780889893.035549,0.0,0.0,0.0,0.0,258.008,258.008,258.008
1780889893.035821,0.0,0.0,0.0,0.0,258.008,258.008,258.008
1780889893.0360599,0.0,0.0,0.0,0.0,258.008,258.008,258.008
1780889893.047599,0.0,0.0,0.0,0.0,258.008,258.008,258.008
1780889893.058068,0.0,0.0,0.0,0.0,258.008,258.008,258.008
1780889893.071594,0.0,0.0,0.0,0.0,258.008,258.008,258.008
1780889893.082239,0.0,0.0,0.0,0.0,258.008,258.008,258.008
1780889893.096194,0.0,0.0,0.0,0.0,258.008,258.008,258.008
1780889893.1066198,0.0,0.0,0.0,0.0,258.008,258.008,258.008
1780889893.120082,0.0,0.0,0.0,0.0,258.008,258.008,258.008
1780889893.130406,0.0,0.0,0.0,0.0,258.008,258.008,258.008
1780889893.143832,0.0,0.0,0.0,0.0,258.008,258.008,258.008
1780889893.1548958,0.0,0.0,0.0,0.0,258.008,258.008,258.008
1780889893.1682932,0.0,0.0,0.0,0.0,258.008,258.008,258.008
1780889893.1787388,0.0,0.0,0.0,0.0,258.008,258.008,258.008
1780889893.192276,0.0,0.0,0.0,0.0,258.008,258.008,258.008
1780889893.20292,0.0,0.0,0.0,0.0,258.008,258.008,258.008
1780889893.2169359,0.0,0.0,0.0,0.0,258.008,258.008,258.008
1780889893.253271,0.0,0.0,0.0,0.0,258.008,258.008,258.008
1780889893.253543,0.0,0.0,0.0,0.0,258.008,258.008,258.008
1780889893.253782,0.0,0.0,0.0,0.0,258.008,258.008,258.008
1780889893.265152,0.0,0.0,0.0,0.0,258.008,258.008,258.008
1780889893.2754922,0.0,0.0,0.0,0.0,258.008,258.008,258.008
1780889893.289115,0.0,0.0,0.0,0.0,258.008,258.008,258.008
1780889893.299479,0.0,0.0,0.0,0.0,258.008,258.008,258.008
1780889893.312999,0.0,0.0,0.0,0.0,258.008,258.008,258.008
1780889893.3233988,0.0,0.0,0.0,0.0,258.008,258.008,258.008
1780889893.3375108,0.0,0.0,0.0,0.0,258.008,258.008,258.008
1780889893.347894,0.0,0.0,0.0,0.0,258.008,258.008,258.008
1780889893.361291,0.0,0.0,0.0,0.0,258.008,258.008,258.008
1780889893.3719602,0.0,0.0,0.0,0.0,258.008,258.008,258.008
1780889893.385837,0.0,0.0,0.0,0.0,258.008,258.008,258.008
1780889893.396239,0.0,0.0,0.0,0.0,258.008,258.008,258.008
1780889893.409743,0.0,0.0,0.0,0.0,258.008,258.008,258.008
1780889893.42011,0.0,0.0,0.0,0.0,258.008,258.008,258.008
1780889893.433473,0.0,0.0,0.0,0.0,258.008,258.008,258.008
1780889893.470138,0.0,0.0,0.0,0.0,258.008,258.008,258.008
1780889893.470743,0.0,0.0,0.0,0.0,258.008,258.008,258.008
1780889893.471272,0.0,0.0,0.0,0.0,258.008,258.008,258.008
1780889893.482601,0.0,0.0,0.0,0.0,258.008,258.008,258.008
1780889893.4924648,0.0,0.0,0.0,0.0,258.008,258.008,258.008
1780889893.506864,0.0,0.0,0.0,0.0,258.008,258.008,258.008
1780889893.519663,0.0,0.0,0.0,0.0,258.008,258.008,258.008
1780889893.5307178,0.0,0.0,0.0,0.0,258.008,258.008,258.008
1780889893.541121,0.0,0.0,0.0,0.0,258.008,258.008,258.008
1780889893.589083,0.0,0.0,0.0,0.0,258.008,258.008,258.008
1780889893.5893471,0.0,0.0,0.0,0.0,258.008,258.008,258.008
1780889893.589578,0.0,0.0,0.0,0.0,258.008,258.008,258.008
1780889893.589804,0.0,0.0,0.0,0.0,258.008,258.008,258.008
1780889893.6027882,0.0,0.0,0.0,0.0,258.008,258.008,258.008
1780889893.613017,0.0,0.0,0.0,0.0,258.008,258.008,258.008
1780889893.627176,0.0,0.0,0.0,0.0,258.008,258.008,258.008
1780889893.6376011,0.0,0.0,0.0,0.0,258.008,258.008,258.008
1780889893.651125,0.0,0.0,0.0,0.0,258.008,258.008,258.008
1780889893.6613429,0.0,0.0,0.0,0.0,258.008,258.008,258.008
1780889893.6754391,0.0,0.0,0.0,0.0,258.008,258.008,258.008
1780889893.686,0.0,0.0,0.0,0.0,258.008,258.008,258.008
1780889893.699358,0.0,0.0,0.0,0.0,258.008,258.008,258.008
1780889893.709898,0.0,0.0,0.0,0.0,258.008,258.008,258.008
1780889893.723368,0.0,0.0,0.0,0.0,258.008,258.008,258.008
1780889893.73372,0.0,0.0,0.0,0.0,258.008,258.008,258.008
1780889893.7477849,0.0,0.0,0.0,0.0,258.008,258.008,258.008
1780889893.758261,0.0,0.0,0.0,0.0,258.008,258.008,258.008
1780889893.7975621,0.0,0.0,0.0,0.0,258.008,258.008,258.008
1780889893.797971,0.0,0.0,0.0,0.0,258.008,258.008,258.008
1780889893.798325,0.0,0.0,0.0,0.0,258.008,258.008,258.008
1780889893.806566,0.0,0.0,0.0,0.0,258.008,258.008,258.008
1780889893.8200698,0.0,0.0,0.0,0.0,258.008,258.008,258.008
1780889893.8304262,0.0,0.0,0.0,0.0,258.008,258.008,258.008
1780889893.844647,0.0,0.0,0.0,0.0,258.008,258.008,258.008
1780889893.855048,0.0,0.0,0.0,0.0,258.008,258.008,258.008
1780889893.868495,0.0,0.0,0.0,0.0,258.008,258.008,258.008
1780889893.879072,0.0,0.0,0.0,0.0,258.008,258.008,258.008
1780889893.892396,0.0,0.0,0.0,0.0,258.008,258.008,258.008
1780889893.903699,0.0,0.0,0.0,0.0,258.008,258.008,258.008
1780889893.9169312,0.0,0.0,0.0,0.0,258.008,258.008,258.008
1780889893.927346,0.0,0.0,0.0,0.0,258.008,258.008,258.008
1780889893.9406679,0.0,0.0,0.0,0.0,258.008,258.008,258.008
1780889893.951147,0.0,0.0,0.0,0.0,258.008,258.008,258.008
1780889893.9653409,0.0,0.0,0.0,0.0,258.008,258.008,258.008
1780889893.97573,0.0,0.0,0.0,0.0,258.008,258.008,258.008
1780889894.0137842,0.0,0.0,0.0,0.0,258.008,258.008,258.008
1780889894.014317,0.0,0.0,0.0,0.0,258.008,258.008,258.008
1780889894.014821,0.0,0.0,0.0,0.0,258.008,258.008,258.008
1780889894.023297,0.0,0.0,0.0,0.0,258.008,258.008,258.008
1780889894.037396,0.0,0.0,0.0,0.0,258.008,258.008,258.008
1780889894.0478358,0.0,0.0,0.0,0.0,258.008,258.008,258.008
1780889894.061391,0.0,0.0,0.0,0.0,258.008,258.008,258.008
1780889894.0718122,0.0,0.0,0.0,0.0,258.008,258.008,258.008
1780889894.085811,0.0,0.0,0.0,0.0,258.008,258.008,258.008
1780889894.096683,0.0,0.0,0.0,0.0,258.008,258.008,258.008
1780889894.109648,0.0,0.0,0.0,0.0,258.008,258.008,258.008
1780889894.120417,0.0,0.0,0.0,0.0,258.008,258.008,258.008
1780889894.1336918,0.0,0.0,0.0,0.0,258.008,258.008,258.008
1780889894.14406,0.0,0.0,0.0,0.0,258.008,258.008,258.008
1780889894.158047,0.0,0.0,0.0,0.0,258.008,258.008,258.008
1780889894.168772,0.0,0.0,0.0,0.0,258.008,258.008,258.008
1780889894.1819992,0.0,0.0,0.0,0.0,258.008,258.008,258.008
1780889894.192508,0.0,0.0,0.0,0.0,258.008,258.008,258.008
1780889894.2386901,0.0,0.0,0.0,0.0,258.008,258.008,258.008
1780889894.239027,0.0,0.0,0.0,0.0,258.008,258.008,258.008
1780889894.239264,0.0,0.0,0.0,0.0,258.008,258.008,258.008
1780889894.2412522,0.0,0.0,0.0,0.0,258.008,258.008,258.008
1780889894.254734,0.0,0.0,0.0,0.0,258.008,258.008,258.008
1780889894.2651782,0.0,0.0,0.0,0.0,258.008,258.008,258.008
1780889894.278786,0.0,0.0,0.0,0.0,258.008,258.008,258.008
1780889894.2891688,0.0,0.0,0.0,0.0,258.008,258.008,258.008
1780889894.302788,0.0,0.0,0.0,0.0,258.008,258.008,258.008
1780889894.313141,0.0,0.0,0.0,0.0,258.008,258.008,258.008
1780889894.327302,0.0,0.0,0.0,0.0,258.008,258.008,258.008
1780889894.337795,0.0,0.0,0.0,0.0,258.008,258.008,258.008
1780889894.352513,0.0,0.0,0.0,0.0,258.008,258.008,258.008
1780889894.36237,0.0,0.0,0.0,0.0,258.008,258.008,258.008
1780889894.375854,0.0,0.0,0.0,0.0,258.008,258.008,258.008
1780889894.386286,0.0,0.0,0.0,0.0,258.008,258.008,258.008
1780889894.399803,0.0,0.0,0.0,0.0,258.008,258.008,258.008
1780889894.410099,0.0,0.0,0.0,0.0,258.008,258.008,258.008
1780889894.446794,0.0,0.0,0.0,0.0,258.008,258.008,258.008
1780889894.447078,0.0,0.0,0.0,0.0,258.008,258.008,258.008
1780889894.448034,0.0,0.0,0.0,0.0,258.008,258.008,258.008
1780889894.4584801,0.0,0.0,0.0,0.0,258.008,258.008,258.008
1780889894.472024,0.0,0.0,0.0,0.0,258.008,258.008,258.008
1780889894.482599,0.0,0.0,0.0,0.0,258.008,258.008,258.008
1780889894.496649,0.0,0.0,0.0,0.0,258.008,258.008,258.008
1780889894.50696,0.0,0.0,0.0,0.0,258.008,258.008,258.008
1780889894.520471,0.0,0.0,0.0,0.0,258.008,258.008,258.008
1780889894.530853,0.0,0.0,0.0,0.0,258.008,258.008,258.008
1780889894.544978,0.0,0.0,0.0,0.0,258.008,258.008,258.008
1780889894.555462,0.0,0.0,0.0,0.0,258.008,258.008,258.008
1780889894.5689,0.0,0.0,0.0,0.0,258.008,258.008,258.008
1780889894.5792608,0.0,0.0,0.0,0.0,258.008,258.008,258.008
1780889894.592797,0.0,0.0,0.0,0.0,258.008,258.008,258.008
1780889894.603162,0.0,0.0,0.0,0.0,258.008,258.008,258.008
1780889894.617784,0.0,0.0,0.0,0.0,258.008,258.008,258.008
1780889894.627629,0.0,0.0,0.0,0.0,258.008,258.008,258.008
1780889894.663244,0.0,0.0,0.0,0.0,258.008,258.008,258.008
1780889894.6635141,0.0,0.0,0.0,0.0,258.008,258.008,258.008
1780889894.665663,0.0,0.0,0.0,0.0,258.008,258.008,258.008
1780889894.675966,0.0,0.0,0.0,0.0,258.008,258.008,258.008
1780889894.6895418,0.0,0.0,0.0,0.0,258.008,258.008,258.008
1780889894.700045,0.0,0.0,0.0,0.0,258.008,258.008,258.008
1780889894.7133791,0.0,0.0,0.0,0.0,258.008,258.008,258.008
1780889894.723852,0.0,0.0,0.0,0.0,258.008,258.008,258.008
1780889894.73783,0.0,0.0,0.0,0.0,258.008,258.008,258.008
1780889894.748428,0.0,0.0,0.0,0.0,258.008,258.008,258.008
1780889894.762061,0.0,0.0,0.0,0.0,258.008,258.008,258.008
1780889894.772395,0.0,0.0,0.0,0.0,258.008,258.008,258.008
1780889894.786276,0.0,0.0,0.0,0.0,258.008,258.008,258.008
1780889894.797018,0.0,0.0,0.0,0.0,258.008,258.008,258.008
1780889894.810241,0.0,0.0,0.0,0.0,258.008,258.008,258.008
1780889894.821002,0.0,0.0,0.0,0.0,258.008,258.008,258.008
1780889894.834805,0.0,0.0,0.0,0.0,258.008,258.008,258.008
1780889894.84536,0.0,0.0,0.0,0.0,258.008,258.008,258.008
1780889894.887267,0.0,0.0,0.0,0.0,258.008,258.008,258.008
1780889894.88756,0.0,0.0,0.0,0.0,258.008,258.008,258.008
1780889894.887946,0.0,0.0,0.0,0.0,258.008,258.008,258.008
1780889894.893006,0.0,0.0,0.0,0.0,258.008,258.008,258.008
1780889894.9070349,0.0,0.0,0.0,0.0,258.008,258.008,258.008
1780889894.91755,0.0,0.0,0.0,0.0,258.008,258.008,258.008
1780889894.930871,0.0,0.0,0.0,0.0,258.008,258.008,258.008
1780889894.94127,0.0,0.0,0.0,0.0,258.008,258.008,258.008
1780889894.955293,0.0,0.0,0.0,0.0,258.008,258.008,258.008
1780889894.966053,0.0,0.0,0.0,0.0,258.008,258.008,258.008
1780889894.9791942,0.0,0.0,0.0,0.0,258.008,258.008,258.008
1780889894.9896698,0.0,0.0,0.0,0.0,258.008,258.008,258.008
1780889895.00327,0.0,0.0,0.0,0.0,258.008,258.008,258.008
1780889895.0136452,0.0,0.0,0.0,0.0,258.008,258.008,258.008
1780889895.0276978,0.0,0.0,0.0,0.0,258.008,258.008,258.008
1780889895.0383308,0.0,0.0,0.0,0.0,258.008,258.008,258.008
1780889895.05174,0.0,0.0,0.0,0.0,258.008,258.008,258.008
1780889895.062044,0.0,0.0,0.0,0.0,258.008,258.008,258.008
1780889895.10115,0.0,0.0,0.0,0.0,258.008,258.008,258.008
1780889895.101444,0.0,0.0,0.0,0.0,258.008,258.008,258.008
1780889895.101669,0.0,0.0,0.0,0.0,258.008,258.008,258.008
1780889895.1103292,0.0,0.0,0.0,0.0,258.008,258.008,258.008
1780889895.1244218,0.0,0.0,0.0,0.0,258.008,258.008,258.008
1780889895.134977,0.0,0.0,0.0,0.0,258.008,258.008,258.008
1780889895.148455,0.0,0.0,0.0,0.0,258.008,258.008,258.008
1780889895.158965,0.0,0.0,0.0,0.0,258.008,258.008,258.008
1780889895.172425,0.0,0.0,0.0,0.0,258.008,258.008,258.008
1780889895.1827571,0.0,0.0,0.0,0.0,258.008,258.008,258.008
1780889895.196759,0.0,0.0,0.0,0.0,258.008,258.008,258.008
1780889895.207349,0.0,0.0,0.0,0.0,258.008,258.008,258.008
1780889895.220801,0.0,0.0,0.0,0.0,258.008,258.008,258.008
1780889895.2314901,0.0,0.0,0.0,0.0,258.008,258.008,258.008
1780889895.245209,0.0,0.0,0.0,0.0,258.008,258.008,258.008
1780889895.256011,0.0,0.0,0.0,0.0,258.008,258.008,258.008
1780889895.269134,0.0,0.0,0.0,0.0,258.008,258.008,258.008
1780889895.279791,0.0,0.0,0.0,0.0,258.008,258.008,258.008
1780889895.3237262,0.0,0.0,0.0,0.0,258.008,258.008,258.008
1780889895.324113,0.0,0.0,0.0,0.0,258.008,258.008,258.008
1780889895.324354,0.0,0.0,0.0,0.0,258.008,258.008,258.008
1780889895.327901,0.0,0.0,0.0,0.0,258.008,258.008,258.008
1780889895.341173,0.0,0.0,0.0,0.0,258.008,258.008,258.008
1780889895.351637,0.0,0.0,0.0,0.0,258.008,258.008,258.008
1780889895.366007,0.0,0.0,0.0,0.0,258.008,258.008,258.008
1780889895.376022,0.0,0.0,0.0,0.0,258.008,258.008,258.008
1780889895.389719,0.0,0.0,0.0,0.0,258.008,258.008,258.008
1780889895.399939,0.0,0.0,0.0,0.0,258.008,258.008,258.008
1780889895.413561,0.0,0.0,0.0,0.0,258.008,258.008,258.008
1780889895.424618,0.0,0.0,0.0,0.0,258.008,258.008,258.008
1780889895.438198,0.0,0.0,0.0,0.0,258.008,258.008,258.008
1780889895.448638,0.0,0.0,0.0,0.0,258.008,258.008,258.008
1780889895.462152,0.0,0.0,0.0,0.0,258.008,258.008,258.008
1780889895.472388,0.0,0.0,0.0,0.0,258.008,258.008,258.008
1780889895.4868789,0.0,0.0,0.0,0.0,258.008,258.008,258.008
1780889895.497362,0.0,0.0,0.0,0.0,258.008,258.008,258.008
1780889895.53818,0.0,0.0,0.0,0.0,258.008,258.008,258.008
1780889895.538684,0.0,0.0,0.0,0.0,258.008,258.008,258.008
1780889895.53907,0.0,0.0,0.0,0.0,258.008,258.008,258.008
1780889895.5453818,0.0,0.0,0.0,0.0,258.008,258.008,258.008
1780889895.559041,0.0,0.0,0.0,0.0,258.008,258.008,258.008
1780889895.569412,0.0,0.0,0.0,0.0,258.008,258.008,258.008
1780889895.5831292,0.0,0.0,0.0,0.0,258.008,258.008,258.008
1780889895.593361,0.0,0.0,0.0,0.0,258.008,258.008,258.008
1780889895.607435,0.0,0.0,0.0,0.0,258.008,258.008,258.008
1780889895.618185,0.0,0.0,0.0,0.0,258.008,258.008,258.008
1780889895.631317,0.0,0.0,0.0,0.0,258.008,258.008,258.008
1780889895.6417449,0.0,0.0,0.0,0.0,258.008,258.008,258.008
1780889895.655924,0.0,0.0,0.0,0.0,258.008,258.008,258.008
1780889895.66626,0.0,0.0,0.0,0.0,258.008,258.008,258.008
1780889895.6797938,0.0,0.0,0.0,0.0,258.008,258.008,258.008
1780889895.6901171,0.0,0.0,0.0,0.0,258.008,258.008,258.008
1780889895.70385,0.0,0.0,0.0,0.0,258.008,258.008,258.008
1780889895.714828,0.0,0.0,0.0,0.0,258.008,258.008,258.008
1780889895.7571359,0.0,0.0,0.0,0.0,258.008,258.008,258.008
1780889895.75751,0.0,0.0,0.0,0.0,258.008,258.008,258.008
1780889895.757847,0.0,0.0,0.0,0.0,258.008,258.008,258.008
1780889895.762597,0.0,0.0,0.0,0.0,258.008,258.008,258.008
1780889895.77664,0.0,0.0,0.0,0.0,258.008,258.008,258.008
1780889895.786998,0.0,0.0,0.0,0.0,258.008,258.008,258.008
1780889895.8006048,0.0,0.0,0.0,0.0,258.008,258.008,258.008
1780889895.811085,0.0,0.0,0.0,0.0,258.008,258.008,258.008
1780889895.825162,0.0,0.0,0.0,0.0,258.008,258.008,258.008
1780889895.835735,0.0,0.0,0.0,0.0,258.008,258.008,258.008
1780889895.849144,0.0,0.0,0.0,0.0,258.008,258.008,258.008
1780889895.859671,0.0,0.0,0.0,0.0,258.008,258.008,258.008
1780889895.872957,0.0,0.0,0.0,0.0,258.008,258.008,258.008
1780889895.883156,0.0,0.0,0.0,0.0,258.008,258.008,258.008
1780889895.897241,0.0,0.0,0.0,0.0,258.008,258.008,258.008
1780889895.907746,0.0,0.0,0.0,0.0,258.008,258.008,258.008
1780889895.921438,0.0,0.0,0.0,0.0,258.008,258.008,258.008
1780889895.9315672,0.0,0.0,0.0,0.0,258.008,258.008,258.008
1780889895.9715579,0.0,0.0,0.0,0.0,258.008,258.008,258.008
1780889895.971863,0.0,0.0,0.0,0.0,258.008,258.008,258.008
1780889895.972159,0.0,0.0,0.0,0.0,258.008,258.008,258.008
1780889895.97992,0.0,0.0,0.0,0.0,258.008,258.008,258.008
1780889895.993484,0.0,0.0,0.0,0.0,258.008,258.008,258.008
1780889896.004527,0.0,0.0,0.0,0.0,258.008,258.008,258.008
1780889896.0181289,0.0,0.0,0.0,0.0,258.008,258.008,258.008
1780889896.0288079,0.0,0.0,0.0,0.0,258.008,258.008,258.008
1780889896.0419478,0.0,0.0,0.0,0.0,258.008,258.008,258.008
1780889896.052503,0.0,0.0,0.0,0.0,258.008,258.008,258.008
1780889896.066292,0.0,0.0,0.0,0.0,258.008,258.008,258.008
1780889896.076851,0.0,0.0,0.0,0.0,258.008,258.008,258.008
1780889896.0904589,0.0,0.0,0.0,0.0,258.008,258.008,258.008
1780889896.1006532,0.0,0.0,0.0,0.0,258.008,258.008,258.008
1780889896.114868,0.0,0.0,0.0,0.0,258.008,258.008,258.008
1780889896.12542,0.0,0.0,0.0,0.0,258.008,258.008,258.008
1780889896.138876,0.0,0.0,0.0,0.0,258.008,258.008,258.008
1780889896.149237,0.0,0.0,0.0,0.0,258.008,258.008,258.008
1780889896.190976,0.0,0.0,0.0,0.0,258.008,258.008,258.008
1780889896.191359,0.0,0.0,0.0,0.0,258.008,258.008,258.008
1780889896.191651,0.0,0.0,0.0,0.0,258.008,258.008,258.008
1780889896.197491,0.0,0.0,0.0,0.0,258.008,258.008,258.008
1780889896.210986,0.0,0.0,0.0,0.0,258.008,258.008,258.008
1780889896.221405,0.0,0.0,0.0,0.0,258.008,258.008,258.008
1780889896.235407,0.0,0.0,0.0,0.0,258.008,258.008,258.008
1780889896.245832,0.0,0.0,0.0,0.0,258.008,258.008,258.008
1780889896.2593238,0.0,0.0,0.0,0.0,258.008,258.008,258.008
1780889896.2698848,0.0,0.0,0.0,0.0,258.008,258.008,258.008
1780889896.2830331,0.0,0.0,0.0,0.0,258.008,258.008,258.008
1780889896.293875,0.0,0.0,0.0,0.0,258.008,258.008,258.008
1780889896.307771,0.0,0.0,0.0,0.0,258.008,258.008,258.008
1780889896.3181078,0.0,0.0,0.0,0.0,258.008,258.008,258.008
1780889896.33184,0.0,0.0,0.0,0.0,258.008,258.008,258.008
1780889896.342122,0.0,0.0,0.0,0.0,258.008,258.008,258.008
1780889896.356164,0.0,0.0,0.0,0.0,258.008,258.008,258.008
1780889896.366623,0.0,0.0,0.0,0.0,258.008,258.008,258.008
1780889896.408569,0.0,0.0,0.0,0.0,258.008,258.008,258.008
1780889896.4090502,0.0,0.0,0.0,0.0,258.008,258.008,258.008
1780889896.409454,0.0,0.0,0.0,0.0,258.008,258.008,258.008
1780889896.414908,0.0,0.0,0.0,0.0,258.008,258.008,258.008
1780889896.428389,0.0,0.0,0.0,0.0,258.008,258.008,258.008
1780889896.4388201,0.0,0.0,0.0,0.0,258.008,258.008,258.008
1780889896.452384,0.0,0.0,0.0,0.0,258.008,258.008,258.008
1780889896.462909,0.0,0.0,0.0,0.0,258.008,258.008,258.008
1780889896.476987,0.0,0.0,0.0,0.0,258.008,258.008,258.008
1780889896.510234,0.0,0.0,0.0,0.0,258.008,258.008,258.008
1780889896.510644,0.0,0.0,0.0,0.0,258.008,258.008,258.008
1780889896.511093,0.0,0.0,0.0,0.0,258.008,258.008,258.008
1780889896.5251892,0.0,0.0,0.0,0.0,258.008,258.008,258.008
1780889896.535655,0.0,0.0,0.0,0.0,258.008,258.008,258.008
1780889896.5491788,0.0,0.0,0.0,0.0,258.008,258.008,258.008
1780889896.559289,0.0,0.0,0.0,0.0,258.008,258.008,258.008
1780889896.5729861,0.0,0.0,0.0,0.0,258.008,258.008,258.008
1780889896.583265,0.0,0.0,0.0,0.0,258.008,258.008,258.008
1780889896.6136699,0.0,0.0,0.0,0.0,258.008,258.008,258.008
1780889896.6140249,0.0,0.0,0.0,0.0,258.008,258.008,258.008
1780889896.621278,0.0,0.0,0.0,0.0,258.008,258.008,258.008
1780889896.6318452,0.0,0.0,0.0,0.0,258.008,258.008,258.008
1780889896.64581,0.0,0.0,0.0,0.0,258.008,258.008,258.008
1780889896.6562219,0.0,0.0,0.0,0.0,258.008,258.008,258.008
1780889896.669682,0.0,0.0,0.0,0.0,258.008,258.008,258.008
1780889896.6801438,0.0,0.0,0.0,0.0,258.008,258.008,258.008
1780889896.6936471,0.0,0.0,0.0,0.0,258.008,258.008,258.008
1780889896.719449,0.0,0.0,0.0,0.0,258.008,258.008,258.008
1780889896.7198641,0.0,0.0,0.0,0.0,258.008,258.008,258.008
1780889896.7285051,0.0,0.0,0.0,0.0,258.008,258.008,258.008
1780889896.741996,0.0,0.0,0.0,0.0,258.008,258.008,258.008
1780889896.7525198,0.0,0.0,0.0,0.0,258.008,258.008,258.008
1780889896.766451,0.0,0.0,0.0,0.0,258.008,258.008,258.008
1780889896.7771058,0.0,0.0,0.0,0.0,258.008,258.008,258.008
1780889896.790517,0.0,0.0,0.0,0.0,258.008,258.008,258.008
1780889896.801214,0.0,0.0,0.0,0.0,258.008,258.008,258.008
1780889896.8309681,0.0,0.0,0.0,0.0,258.008,258.008,258.008
1780889896.831241,0.0,0.0,0.0,0.0,258.008,258.008,258.008
1780889896.8386738,0.0,0.0,0.0,0.0,258.008,258.008,258.008
1780889896.849171,0.0,0.0,0.0,0.0,258.008,258.008,258.008
1780889896.862742,0.0,0.0,0.0,0.0,258.008,258.008,258.008
1780889896.8729758,0.0,0.0,0.0,0.0,258.008,258.008,258.008
1780889896.887219,0.0,0.0,0.0,0.0,258.008,258.008,258.008
1780889896.897568,0.0,0.0,0.0,0.0,258.008,258.008,258.008
1780889896.911138,0.0,0.0,0.0,0.0,258.008,258.008,258.008
1780889896.9214962,0.0,0.0,0.0,0.0,258.008,258.008,258.008
1780889896.935383,0.0,0.0,0.0,0.0,258.008,258.008,258.008
1780889896.946153,0.0,0.0,0.0,0.0,258.008,258.008,258.008
1780889896.959348,0.0,0.0,0.0,0.0,258.008,258.008,258.008
1780889896.970001,0.0,0.0,0.0,0.0,258.008,258.008,258.008
1780889896.983221,0.0,0.0,0.0,0.0,258.008,258.008,258.008
1780889896.993685,0.0,0.0,0.0,0.0,258.008,258.008,258.008
1780889897.007735,0.0,0.0,0.0,0.0,258.008,258.008,258.008
1780889897.018626,0.0,0.0,0.0,0.0,258.008,258.008,258.008
1780889897.0608,0.0,0.0,0.0,0.0,258.008,258.008,258.008
1780889897.061271,0.0,0.0,0.0,0.0,258.008,258.008,258.008
1780889897.061648,0.0,0.0,0.0,0.0,258.008,258.008,258.008
1780889897.0663638,0.0,0.0,0.0,0.0,258.008,258.008,258.008
1780889897.079921,0.0,0.0,0.0,0.0,258.008,258.008,258.008
1780889897.0902689,0.0,0.0,0.0,0.0,258.008,258.008,258.008
1780889897.104485,0.0,0.0,0.0,0.0,258.008,258.008,258.008
1780889897.1151009,0.0,0.0,0.0,0.0,258.008,258.008,258.008
1780889897.128662,0.0,0.0,0.0,0.0,258.008,258.008,258.008
1780889897.138944,0.0,0.0,0.0,0.0,258.008,258.008,258.008
1780889897.152566,0.0,0.0,0.0,0.0,258.008,258.008,258.008
1780889897.163091,0.0,0.0,0.0,0.0,258.008,258.008,258.008
1780889897.1771631,0.0,0.0,0.0,0.0,258.008,258.008,258.008
1780889897.187668,0.0,0.0,0.0,0.0,258.008,258.008,258.008
1780889897.2011259,0.0,0.0,0.0,0.0,258.008,258.008,258.008
1780889897.211831,0.0,0.0,0.0,0.0,258.008,258.008,258.008
1780889897.225939,0.0,0.0,0.0,0.0,258.008,258.008,258.008
1780889897.2362309,0.0,0.0,0.0,0.0,258.008,258.008,258.008
1780889897.2798662,0.0,0.0,0.0,0.0,258.008,258.008,258.008
1780889897.280333,0.0,0.0,0.0,0.0,258.008,258.008,258.008
1780889897.2807748,0.0,0.0,0.0,0.0,258.008,258.008,258.008
1780889897.284477,0.0,0.0,0.0,0.0,258.008,258.008,258.008
1780889897.297936,0.0,0.0,0.0,0.0,258.008,258.008,258.008
1780889897.308355,0.0,0.0,0.0,0.0,258.008,258.008,258.008
1780889897.3219001,0.0,0.0,0.0,0.0,258.008,258.008,258.008
1780889897.33253,0.0,0.0,0.0,0.0,258.008,258.008,258.008
1780889897.346508,0.0,0.0,0.0,0.0,258.008,258.008,258.008
1780889897.3568451,0.0,0.0,0.0,0.0,258.008,258.008,258.008
1780889897.3704588,0.0,0.0,0.0,0.0,258.008,258.008,258.008
1780889897.380951,0.0,0.0,0.0,0.0,258.008,258.008,258.008
1780889897.394944,0.0,0.0,0.0,0.0,258.008,258.008,258.008
1780889897.4056268,0.0,0.0,0.0,0.0,258.008,258.008,258.008
1780889897.4188612,0.0,0.0,0.0,0.0,258.008,258.008,258.008
1780889897.429493,0.0,0.0,0.0,0.0,258.008,258.008,258.008
1780889897.442733,0.0,0.0,0.0,0.0,258.008,258.008,258.008
1780889897.453325,0.0,0.0,0.0,0.0,258.008,258.008,258.008
1780889897.497379,0.0,0.0,0.0,0.0,258.008,258.008,258.008
1780889897.497681,0.0,0.0,0.0,0.0,258.008,258.008,258.008
1780889897.497944,0.0,0.0,0.0,0.0,258.008,258.008,258.008
1780889897.501388,0.0,0.0,0.0,0.0,258.008,258.008,258.008
1780889897.515697,0.0,0.0,0.0,0.0,258.008,258.008,258.008
1780889897.5259671,0.0,0.0,0.0,0.0,258.008,258.008,258.008
1780889897.539407,0.0,0.0,0.0,0.0,258.008,258.008,258.008
1780889897.5498528,0.0,0.0,0.0,0.0,258.008,258.008,258.008
1780889897.563352,0.0,0.0,0.0,0.0,258.008,258.008,258.008
1780889897.573875,0.0,0.0,0.0,0.0,258.008,258.008,258.008
1780889897.5878558,0.0,0.0,0.0,0.0,258.008,258.008,258.008
1780889897.598442,0.0,0.0,0.0,0.0,258.008,258.008,258.008
1780889897.611883,0.0,0.0,0.0,0.0,258.008,258.008,258.008
1780889897.622037,0.0,0.0,0.0,0.0,258.008,258.008,258.008
1780889897.636385,0.0,0.0,0.0,0.0,258.008,258.008,258.008
1780889897.646776,0.0,0.0,0.0,0.0,258.008,258.008,258.008
1780889897.660206,0.0,0.0,0.0,0.0,258.008,258.008,258.008
1780889897.670816,0.0,0.0,0.0,0.0,258.008,258.008,258.008
1780889897.713037,0.0,0.0,0.0,0.0,258.008,258.008,258.008
1780889897.713439,0.0,0.0,0.0,0.0,258.008,258.008,258.008
1780889897.713701,0.0,0.0,0.0,0.0,258.008,258.008,258.008
1780889897.718765,0.0,0.0,0.0,0.0,258.008,258.008,258.008
1780889897.732309,0.0,0.0,0.0,0.0,258.008,258.008,258.008
1780889897.742823,0.0,0.0,0.0,0.0,258.008,258.008,258.008
1780889897.7569861,0.0,0.0,0.0,0.0,258.008,258.008,258.008
1780889897.767456,0.0,0.0,0.0,0.0,258.008,258.008,258.008
1780889897.780916,0.0,0.0,0.0,0.0,258.008,258.008,258.008
1780889897.813441,0.0,0.0,0.0,0.0,258.008,258.008,258.008
1780889897.8139431,0.0,0.0,0.0,0.0,258.008,258.008,258.008
1780889897.815489,0.0,0.0,0.0,0.0,258.008,258.008,258.008
1780889897.829076,0.0,0.0,0.0,0.0,258.008,258.008,258.008
1780889897.839424,0.0,0.0,0.0,0.0,258.008,258.008,258.008
1780889897.853089,0.0,0.0,0.0,0.0,258.008,258.008,258.008
1780889897.86341,0.0,0.0,0.0,0.0,258.008,258.008,258.008
1780889897.87759,0.0,0.0,0.0,0.0,258.008,258.008,258.008
1780889897.887976,0.0,0.0,0.0,0.0,258.008,258.008,258.008
1780889897.901624,0.0,0.0,0.0,0.0,258.008,258.008,258.008
1780889897.9120371,0.0,0.0,0.0,0.0,258.008,258.008,258.008
1780889897.92612,0.0,0.0,0.0,0.0,258.008,258.008,258.008
1780889897.936764,0.0,0.0,0.0,0.0,258.008,258.008,258.008
1780889897.949814,0.0,0.0,0.0,0.0,258.008,258.008,258.008
1780889897.960534,0.0,0.0,0.0,0.0,258.008,258.008,258.008
1780889897.974619,0.0,0.0,0.0,0.0,258.008,258.008,258.008
1780889897.985394,0.0,0.0,0.0,0.0,258.008,258.008,258.008
1780889897.9987268,0.0,0.0,0.0,0.0,258.008,258.008,258.008
1780889898.043401,0.0,0.0,0.0,0.0,258.008,258.008,258.008
1780889898.043902,0.0,0.0,0.0,0.0,258.008,258.008,258.008
1780889898.044215,0.0,0.0,0.0,0.0,258.008,258.008,258.008
1780889898.046711,0.0,0.0,0.0,0.0,258.008,258.008,258.008
1780889898.0570061,0.0,0.0,0.0,0.0,258.008,258.008,258.008
1780889898.070532,0.0,0.0,0.0,0.0,258.008,258.008,258.008
1780889898.080959,0.0,0.0,0.0,0.0,258.008,258.008,258.008
1780889898.095218,0.0,0.0,0.0,0.0,258.008,258.008,258.008
1780889898.10559,0.0,0.0,0.0,0.0,258.008,258.008,258.008
1780889898.1191308,0.0,0.0,0.0,0.0,258.008,258.008,258.008
1780889898.129654,0.0,0.0,0.0,0.0,258.008,258.008,258.008
1780889898.142987,0.0,0.0,0.0,0.0,258.008,258.008,258.008
1780889898.153476,0.0,0.0,0.0,0.0,258.008,258.008,258.008
1780889898.167226,0.0,0.0,0.0,0.0,258.008,258.008,258.008
1780889898.177931,0.0,0.0,0.0,0.0,258.008,258.008,258.008
1780889898.1912608,0.0,0.0,0.0,0.0,258.008,258.008,258.008
1780889898.2016761,0.0,0.0,0.0,0.0,258.008,258.008,258.008
1780889898.2156842,0.0,0.0,0.0,0.0,258.008,258.008,258.008
1780889898.259676,0.0,0.0,0.0,0.0,258.008,258.008,258.008
1780889898.260164,0.0,0.0,0.0,0.0,258.008,258.008,258.008
1780889898.2604249,0.0,0.0,0.0,0.0,258.008,258.008,258.008
1780889898.2633228,0.0,0.0,0.0,0.0,258.008,258.008,258.008
1780889898.274444,0.0,0.0,0.0,0.0,258.008,258.008,258.008
1780889898.287932,0.0,0.0,0.0,0.0,258.008,258.008,258.008
1780889898.298353,0.0,0.0,0.0,0.0,258.008,258.008,258.008
1780889898.311925,0.0,0.0,0.0,0.0,258.008,258.008,258.008
1780889898.322346,0.0,0.0,0.0,0.0,258.008,258.008,258.008
1780889898.336687,0.0,0.0,0.0,0.0,258.008,258.008,258.008
1780889898.3470552,0.0,0.0,0.0,0.0,258.008,258.008,258.008
1780889898.3606389,0.0,0.0,0.0,0.0,258.008,258.008,258.008
1780889898.371084,0.0,0.0,0.0,0.0,258.008,258.008,258.008
1780889898.385313,0.0,0.0,0.0,0.0,258.008,258.008,258.008
1780889898.39595,0.0,0.0,0.0,0.0,258.008,258.008,258.008
1780889898.409318,0.0,0.0,0.0,0.0,258.008,258.008,258.008
1780889898.41982,0.0,0.0,0.0,0.0,258.008,258.008,258.008
1780889898.433175,0.0,0.0,0.0,0.0,258.008,258.008,258.008
1780889898.477095,0.0,0.0,0.0,0.0,258.008,258.008,258.008
1780889898.477623,0.0,0.0,0.0,0.0,258.008,258.008,258.008
1780889898.478077,0.0,0.0,0.0,0.0,258.008,258.008,258.008
1780889898.481376,0.0,0.0,0.0,0.0,258.008,258.008,258.008
1780889898.4919639,0.0,0.0,0.0,0.0,258.008,258.008,258.008
1780889898.50623,0.0,0.0,0.0,0.0,258.008,258.008,258.008
1780889898.516725,0.0,0.0,0.0,0.0,258.008,258.008,258.008
1780889898.530111,0.0,0.0,0.0,0.0,258.008,258.008,258.008
1780889898.5408041,0.0,0.0,0.0,0.0,258.008,258.008,258.008
1780889898.554611,0.0,0.0,0.0,0.0,258.008,258.008,258.008
1780889898.5651321,0.0,0.0,0.0,0.0,258.008,258.008,258.008
1780889898.5785081,0.0,0.0,0.0,0.0,258.008,258.008,258.008
1780889898.589024,0.0,0.0,0.0,0.0,258.008,258.008,258.008
1780889898.602496,0.0,0.0,0.0,0.0,258.008,258.008,258.008
1780889898.612787,0.0,0.0,0.0,0.0,258.008,258.008,258.008
1780889898.6268601,0.0,0.0,0.0,0.0,258.008,258.008,258.008
1780889898.637563,0.0,0.0,0.0,0.0,258.008,258.008,258.008
1780889898.650891,0.0,0.0,0.0,0.0,258.008,258.008,258.008
1780889898.6965692,0.0,0.0,0.0,0.0,258.008,258.008,258.008
