Timestamp,x_parc,y_parc,x_out,y_out,a_pos,b_pos,c_pos
1780888630.664695,0.0,0.0,0.0,0.0,258.008,258.008,258.008
1780888630.797756,0.0,0.0,0.0,0.0,258.008,258.008,258.008
1780888630.851091,0.0,0.0,0.0,0.0,258.008,258.008,258.008
1780888630.8513489,0.0,0.0,0.0,0.0,258.008,258.008,258.008
1780888630.851578,0.0,0.0,0.0,0.0,258.008,258.008,258.008
1780888630.851798,0.0,0.0,0.0,0.0,258.008,258.008,258.008
1780888630.852014,0.0,0.0,0.0,0.0,258.008,258.008,258.008
1780888630.852229,0.0,0.0,0.0,0.0,258.008,258.008,258.008
1780888630.8524501,0.0,0.0,0.0,0.0,258.008,258.008,258.008
1780888630.852669,0.0,0.0,0.0,0.0,258.008,258.008,258.008
1780888630.852886,0.0,0.0,0.0,0.0,258.008,258.008,258.008
1780888630.8531,0.0,0.0,0.0,0.0,258.008,258.008,258.008
1780888630.853315,0.0,0.0,0.0,0.0,258.008,258.008,258.008
1780888630.853533,0.0,0.0,0.0,0.0,258.008,258.008,258.008
1780888630.853754,0.0,0.0,0.0,0.0,258.008,258.008,258.008
1780888630.853968,0.0,0.0,0.0,0.0,258.008,258.008,258.008
1780888630.863478,0.0,0.0,0.0,0.0,258.008,258.008,258.008
1780888630.8738592,0.0,0.0,0.0,0.0,258.008,258.008,258.008
1780888630.887328,0.0,0.0,0.0,0.0,258.008,258.008,258.008
1780888630.8978062,0.0,0.0,0.0,0.0,258.008,258.008,258.008
1780888630.926053,0.0,0.0,0.0,0.0,258.008,258.008,258.008
1780888630.926311,0.0,0.0,0.0,0.0,258.008,258.008,258.008
1780888630.9358022,0.0,0.0,0.0,0.0,258.008,258.008,258.008
1780888630.946251,0.0,0.0,0.0,0.0,258.008,258.008,258.008
1780888630.9596632,0.0,0.0,0.0,0.0,258.008,258.008,258.008
1780888630.970013,0.0,0.0,0.0,0.0,258.008,258.008,258.008
1780888630.984145,0.0,0.0,0.0,0.0,258.008,258.008,258.008
1780888630.994565,0.0,0.0,0.0,0.0,258.008,258.008,258.008
1780888631.008115,0.0,0.0,0.0,0.0,258.008,258.008,258.008
1780888631.0184371,0.0,0.0,0.0,0.0,258.008,258.008,258.008
1780888631.0325341,0.0,0.0,0.0,0.0,258.008,258.008,258.008
1780888631.0428731,0.0,0.0,0.0,0.0,258.008,258.008,258.008
1780888631.056439,0.0,0.0,0.0,0.0,258.008,258.008,258.008
1780888631.0669062,0.0,0.0,0.0,0.0,258.008,258.008,258.008
1780888631.080279,0.0,0.0,0.0,0.0,258.008,258.008,258.008
1780888631.0907378,0.0,0.0,0.0,0.0,258.008,258.008,258.008
1780888631.104886,0.0,0.0,0.0,0.0,258.008,258.008,258.008
1780888631.115267,0.0,0.0,0.0,0.0,258.008,258.008,258.008
1780888631.139275,0.0,0.0,0.0,0.0,258.008,258.008,258.008
1780888631.139551,0.0,0.0,0.0,0.0,258.008,258.008,258.008
1780888631.153288,0.0,0.0,0.0,0.0,258.008,258.008,258.008
1780888631.1636548,0.0,0.0,0.0,0.0,258.008,258.008,258.008
1780888631.17717,0.0,0.0,0.0,0.0,258.008,258.008,258.008
1780888631.187459,0.0,0.0,0.0,0.0,258.008,258.008,258.008
1780888631.20164,0.0,0.0,0.0,0.0,258.008,258.008,258.008
1780888631.211964,0.0,0.0,0.0,0.0,258.008,258.008,258.008
1780888631.225471,0.0,0.0,0.0,0.0,258.008,258.008,258.008
1780888631.235803,0.0,0.0,0.0,0.0,258.008,258.008,258.008
1780888631.24944,0.0,0.0,0.0,0.0,258.008,258.008,258.008
1780888631.259962,0.0,0.0,0.0,0.0,258.008,258.008,258.008
1780888631.2740731,0.0,0.0,0.0,0.0,258.008,258.008,258.008
1780888631.284508,0.0,0.0,0.0,0.0,258.008,258.008,258.008
1780888631.298032,0.0,0.0,0.0,0.0,258.008,258.008,258.008
1780888631.308442,0.0,0.0,0.0,0.0,258.008,258.008,258.008
1780888631.322422,0.0,0.0,0.0,0.0,258.008,258.008,258.008
1780888631.332774,0.0,0.0,0.0,0.0,258.008,258.008,258.008
1780888631.359413,0.0,0.0,0.0,0.0,258.008,258.008,258.008
1780888631.3598201,0.0,0.0,0.0,0.0,258.008,258.008,258.008
1780888631.37009,0.0,0.0,0.0,0.0,258.008,258.008,258.008
1780888631.380469,0.0,0.0,0.0,0.0,258.008,258.008,258.008
1780888631.3946502,0.0,0.0,0.0,0.0,258.008,258.008,258.008
1780888631.405056,0.0,0.0,0.0,0.0,258.008,258.008,258.008
1780888631.418515,0.0,0.0,0.0,0.0,258.008,258.008,258.008
1780888631.4289348,0.0,0.0,0.0,0.0,258.008,258.008,258.008
1780888631.443051,0.0,0.0,0.0,0.0,258.008,258.008,258.008
1780888631.453485,0.0,0.0,0.0,0.0,258.008,258.008,258.008
1780888631.4670851,0.0,0.0,0.0,0.0,258.008,258.008,258.008
1780888631.477442,0.0,0.0,0.0,0.0,258.008,258.008,258.008
1780888631.491595,0.0,0.0,0.0,0.0,258.008,258.008,258.008
1780888631.502122,0.0,0.0,0.0,0.0,258.008,258.008,258.008
1780888631.515511,0.0,0.0,0.0,0.0,258.008,258.008,258.008
1780888631.526088,0.0,0.0,0.0,0.0,258.008,258.008,258.008
1780888631.53969,0.0,0.0,0.0,0.0,258.008,258.008,258.008
1780888631.550069,0.0,0.0,0.0,0.0,258.008,258.008,258.008
1780888631.585305,0.0,0.0,0.0,0.0,258.008,258.008,258.008
1780888631.5857449,0.0,0.0,0.0,0.0,258.008,258.008,258.008
1780888631.587688,0.0,0.0,0.0,0.0,258.008,258.008,258.008
1780888631.5979571,0.0,0.0,0.0,0.0,258.008,258.008,258.008
1780888631.612175,0.0,0.0,0.0,0.0,258.008,258.008,258.008
1780888631.622574,0.0,0.0,0.0,0.0,258.008,258.008,258.008
1780888631.636022,0.0,0.0,0.0,0.0,258.008,258.008,258.008
1780888631.646501,0.0,0.0,0.0,0.0,258.008,258.008,258.008
1780888631.659942,0.0,0.0,0.0,0.0,258.008,258.008,258.008
1780888631.6702359,0.0,0.0,0.0,0.0,258.008,258.008,258.008
1780888631.6843379,0.0,0.0,0.0,0.0,258.008,258.008,258.008
1780888631.694803,0.0,0.0,0.0,0.0,258.008,258.008,258.008
1780888631.708274,0.0,0.0,0.0,0.0,258.008,258.008,258.008
1780888631.718924,0.0,0.0,0.0,0.0,258.008,258.008,258.008
1780888631.73295,0.0,0.0,0.0,0.0,258.008,258.008,258.008
1780888631.7434108,0.0,0.0,0.0,0.0,258.008,258.008,258.008
1780888631.756886,0.0,0.0,0.0,0.0,258.008,258.008,258.008
1780888631.767332,0.0,0.0,0.0,0.0,258.008,258.008,258.008
1780888631.7962182,0.0,0.0,0.0,0.0,258.008,258.008,258.008
1780888631.796628,0.0,0.0,0.0,0.0,258.008,258.008,258.008
1780888631.80514,0.0,0.0,0.0,0.0,258.008,258.008,258.008
1780888631.815447,0.0,0.0,0.0,0.0,258.008,258.008,258.008
1780888631.8289752,0.0,0.0,0.0,0.0,258.008,258.008,258.008
1780888631.839392,0.0,0.0,0.0,0.0,258.008,258.008,258.008
1780888631.853366,0.0,0.0,0.0,0.0,258.008,258.008,258.008
1780888631.863856,0.0,0.0,0.0,0.0,258.008,258.008,258.008
1780888631.8772879,0.0,0.0,0.0,0.0,258.008,258.008,258.008
1780888631.887708,0.0,0.0,0.0,0.0,258.008,258.008,258.008
1780888631.901746,0.0,0.0,0.0,0.0,258.008,258.008,258.008
1780888631.91237,0.0,0.0,0.0,0.0,258.008,258.008,258.008
1780888631.9258492,0.0,0.0,0.0,0.0,258.008,258.008,258.008
1780888631.9362078,0.0,0.0,0.0,0.0,258.008,258.008,258.008
1780888631.949763,0.0,0.0,0.0,0.0,258.008,258.008,258.008
1780888631.960117,0.0,0.0,0.0,0.0,258.008,258.008,258.008
1780888631.974242,0.0,0.0,0.0,0.0,258.008,258.008,258.008
1780888631.984601,0.0,0.0,0.0,0.0,258.008,258.008,258.008
1780888632.0167859,0.0,0.0,0.0,0.0,258.008,258.008,258.008
1780888632.0170848,0.0,0.0,0.0,0.0,258.008,258.008,258.008
1780888632.022184,0.0,0.0,0.0,0.0,258.008,258.008,258.008
1780888632.0325341,0.0,0.0,0.0,0.0,258.008,258.008,258.008
1780888632.046068,0.0,0.0,0.0,0.0,258.008,258.008,258.008
1780888632.0564349,0.0,0.0,0.0,0.0,258.008,258.008,258.008
1780888632.0700579,0.0,0.0,0.0,0.0,258.008,258.008,258.008
1780888632.08061,0.0,0.0,0.0,0.0,258.008,258.008,258.008
1780888632.0946891,0.0,0.0,0.0,0.0,258.008,258.008,258.008
1780888632.10512,0.0,0.0,0.0,0.0,258.008,258.008,258.008
1780888632.118614,0.0,0.0,0.0,0.0,258.008,258.008,258.008
1780888632.1291468,0.0,0.0,0.0,0.0,258.008,258.008,258.008
1780888632.143125,0.0,0.0,0.0,0.0,258.008,258.008,258.008
1780888632.1536121,0.0,0.0,0.0,0.0,258.008,258.008,258.008
1780888632.167061,0.0,0.0,0.0,0.0,258.008,258.008,258.008
1780888632.177567,0.0,0.0,0.0,0.0,258.008,258.008,258.008
1780888632.190846,0.0,0.0,0.0,0.0,258.008,258.008,258.008
1780888632.202131,0.0,0.0,0.0,0.0,258.008,258.008,258.008
1780888632.2383401,0.0,0.0,0.0,0.0,258.008,258.008,258.008
1780888632.2387142,0.0,0.0,0.0,0.0,258.008,258.008,258.008
1780888632.239085,0.0,0.0,0.0,0.0,258.008,258.008,258.008
1780888632.2494888,0.0,0.0,0.0,0.0,258.008,258.008,258.008
1780888632.2636092,0.0,0.0,0.0,0.0,258.008,258.008,258.008
1780888632.273984,0.0,0.0,0.0,0.0,258.008,258.008,258.008
1780888632.287552,0.0,0.0,0.0,0.0,258.008,258.008,258.008
1780888632.297995,0.0,0.0,0.0,0.0,258.008,258.008,258.008
1780888632.312237,0.0,0.0,0.0,0.0,258.008,258.008,258.008
1780888632.322607,0.0,0.0,0.0,0.0,258.008,258.008,258.008
1780888632.3360078,0.0,0.0,0.0,0.0,258.008,258.008,258.008
1780888632.3464892,0.0,0.0,0.0,0.0,258.008,258.008,258.008
1780888632.3598819,0.0,0.0,0.0,0.0,258.008,258.008,258.008
1780888632.370427,0.0,0.0,0.0,0.0,258.008,258.008,258.008
1780888632.384485,0.0,0.0,0.0,0.0,258.008,258.008,258.008
1780888632.394946,0.0,0.0,0.0,0.0,258.008,258.008,258.008
1780888632.408355,0.0,0.0,0.0,0.0,258.008,258.008,258.008
1780888632.418758,0.0,0.0,0.0,0.0,258.008,258.008,258.008
1780888632.449606,0.0,0.0,0.0,0.0,258.008,258.008,258.008
1780888632.449989,0.0,0.0,0.0,0.0,258.008,258.008,258.008
1780888632.456598,0.0,0.0,0.0,0.0,258.008,258.008,258.008
1780888632.467027,0.0,0.0,0.0,0.0,258.008,258.008,258.008
1780888632.480475,0.0,0.0,0.0,0.0,258.008,258.008,258.008
1780888632.491379,0.0,0.0,0.0,0.0,258.008,258.008,258.008
1780888632.504854,0.0,0.0,0.0,0.0,258.008,258.008,258.008
1780888632.5153012,0.0,0.0,0.0,0.0,258.008,258.008,258.008
1780888632.5288801,0.0,0.0,0.0,0.0,258.008,258.008,258.008
1780888632.5394251,0.0,0.0,0.0,0.0,258.008,258.008,258.008
1780888632.5535989,0.0,0.0,0.0,0.0,258.008,258.008,258.008
1780888632.564008,0.0,0.0,0.0,0.0,258.008,258.008,258.008
1780888632.5775528,0.0,0.0,0.0,0.0,258.008,258.008,258.008
1780888632.588046,0.0,0.0,0.0,0.0,258.008,258.008,258.008
1780888632.602394,-8.563,-4.571,0.005,0.003,259.372,257.3,257.377
1780888632.6160011,-8.563,-4.571,0.005,0.003,259.372,257.3,257.377
1780888632.626678,-8.563,-4.571,0.005,0.003,259.372,257.3,257.377
1780888632.6402829,-12.394,-4.786,0.008,0.003,260.026,256.716,257.337
1780888632.670282,-12.62,-4.5,0.008,0.003,260.02,256.669,257.39
1780888632.670683,-12.732,-5.071,0.008,0.003,260.079,256.718,257.285
1780888632.6788359,-12.789,-4.714,0.008,0.003,260.026,256.7,257.353
1780888632.68943,-12.732,-4.786,0.008,0.003,260.012,256.726,257.34
1780888632.703847,-12.845,-5.0,0.008,0.003,260.04,256.737,257.301
1780888632.7143931,-13.014,-4.929,0.008,0.003,260.043,256.722,257.315
1780888632.728039,-13.014,-5.0,0.008,0.003,260.041,256.736,257.303
1780888632.7425642,-12.958,-5.214,0.008,0.003,260.043,256.771,257.265
1780888632.753234,-13.127,-5.357,0.008,0.003,260.077,256.762,257.241
1780888632.766826,-13.296,-5.714,0.008,0.004,260.123,256.777,257.183
1780888632.777429,-13.352,-6.0,0.008,0.004,260.152,256.798,257.134
1780888632.7916448,-13.352,-6.5,0.008,0.004,260.192,256.847,257.048
1780888632.802235,-13.408,-7.0,0.008,0.005,260.241,256.885,256.963
1780888632.815861,-13.296,-7.786,0.008,0.005,260.279,256.974,256.838
1780888632.8297448,-13.352,-8.286,0.008,0.005,260.328,257.009,256.757
1780888632.840367,-13.239,-8.5,0.008,0.006,260.321,257.044,256.729
1780888632.854781,-13.183,-8.786,0.008,0.006,260.33,257.076,256.689
1780888632.8866801,-12.958,-10.357,0.008,0.007,260.427,257.245,256.431
1780888632.88713,-12.901,-10.786,0.008,0.007,260.45,257.286,256.369
1780888632.893211,-12.845,-11.143,0.008,0.007,260.466,257.32,256.321
1780888632.903598,-12.62,-12.0,0.008,0.008,260.502,257.426,256.183
1780888632.917393,-12.282,-12.929,0.007,0.009,260.519,257.543,256.053
1780888632.931461,-12.225,-13.357,0.007,0.009,260.543,257.58,255.995
1780888632.941879,-12.225,-13.357,0.007,0.009,260.543,257.58,255.995
1780888632.9555242,-12.225,-13.357,0.007,0.009,260.543,257.58,255.995
1780888632.9662561,-10.986,-16.214,0.006,0.011,260.603,258.03,255.505
1780888632.9799879,-10.592,-17.214,0.006,0.012,260.624,258.164,255.358
1780888632.9943428,-10.592,-17.214,0.006,0.012,260.624,258.164,255.358
1780888633.0048819,-9.521,-19.0,0.005,0.013,260.6,258.45,255.107
1780888633.018698,-9.465,-19.5,0.005,0.013,260.632,258.479,255.051
1780888633.032924,-8.789,-19.929,0.005,0.013,260.553,258.603,255.007
1780888633.0435462,-8.789,-19.929,0.005,0.013,260.553,258.603,255.007
1780888633.0576022,-7.831,-22.857,0.004,0.016,260.67,259.005,254.524
1780888633.0923688,-7.831,-22.929,0.004,0.015,260.67,258.977,254.551
1780888633.092858,-7.324,-23.286,0.004,0.016,260.612,259.061,254.525
1780888633.093227,-6.761,-23.571,0.003,0.016,260.54,259.149,254.509
1780888633.106334,-6.423,-24.429,0.003,0.016,260.561,259.223,254.421
1780888633.120118,-5.915,-25.0,0.003,0.016,260.528,259.332,254.351
1780888633.1307468,-5.408,-25.429,0.003,0.017,260.482,259.426,254.305
1780888633.144958,-4.789,-25.714,0.002,0.017,260.405,259.526,254.283
1780888633.155442,-4.225,-26.571,0.002,0.017,260.395,259.67,254.161
1780888633.1694112,-3.437,-27.571,0.001,0.018,260.361,259.865,254.015
1780888633.1837492,-3.324,-28.071,0.001,0.018,260.392,259.897,253.957
1780888633.1942499,-3.211,-28.214,0.001,0.018,260.389,259.897,253.96
1780888633.208101,-2.028,-29.429,0.0,0.019,260.311,260.149,253.802
1780888633.2184541,-1.915,-29.571,0.0,0.019,260.309,260.15,253.803
1780888633.232786,-1.577,-29.571,0.0,0.019,260.256,260.177,253.827
1780888633.246439,-1.014,-29.857,-0.0,0.019,260.193,260.271,253.799
1780888633.257015,0.0,-30.571,-0.001,0.019,260.105,260.454,253.715
1780888633.270698,0.394,-30.071,-0.001,0.019,259.998,260.443,253.821
1780888633.306852,1.239,-30.429,-0.002,0.019,259.9,260.594,253.775
1780888633.307186,2.085,-31.214,-0.002,0.019,259.855,260.757,253.67
1780888633.3093572,2.31,-31.429,-0.002,0.02,259.848,260.788,253.649
1780888633.3200698,2.817,-31.643,-0.003,0.02,259.794,260.867,253.627
1780888633.334272,3.211,-31.857,-0.003,0.02,259.759,260.928,253.605
1780888633.3449001,3.775,-31.5,-0.003,0.019,259.642,260.963,253.681
1780888633.358698,4.338,-31.714,-0.004,0.02,259.581,261.054,253.655
1780888633.3732102,4.958,-31.571,-0.004,0.019,259.479,261.12,253.69
1780888633.3841121,5.465,-32.143,-0.004,0.02,259.463,261.236,253.601
1780888633.397561,6.141,-32.143,-0.005,0.02,259.38,261.299,253.623
1780888633.408185,6.535,-32.286,-0.005,0.02,259.342,261.356,253.607
1780888633.422571,6.817,-32.5,-0.005,0.02,259.33,261.401,253.578
1780888633.4362519,7.493,-31.5,-0.005,0.019,259.137,261.396,253.758
1780888633.447219,8.169,-31.429,-0.006,0.019,259.052,261.464,253.776
1780888633.460566,8.507,-31.429,-0.006,0.019,259.013,261.502,253.779
1780888633.471902,8.676,-31.071,-0.006,0.019,258.968,261.477,253.842
1780888633.4855769,9.239,-31.0,-0.006,0.019,258.886,261.549,253.855
1780888633.518492,10.028,-30.786,-0.007,0.018,258.771,261.628,253.892
1780888633.518934,10.366,-30.429,-0.007,0.018,258.7,261.633,253.953
1780888633.5240982,10.31,-30.357,-0.007,0.018,258.72,261.6,253.963
1780888633.534472,11.268,-29.714,-0.008,0.018,258.539,261.672,254.068
1780888633.548202,11.662,-29.286,-0.008,0.017,258.453,261.684,254.137
1780888633.562631,11.831,-28.714,-0.008,0.017,258.391,261.644,254.23
1780888633.573272,12.282,-28.571,-0.008,0.017,258.323,261.696,254.247
1780888633.586984,12.845,-27.786,-0.008,0.016,258.198,261.693,254.367
1780888633.601027,12.676,-27.643,-0.008,0.016,258.231,261.641,254.382
1780888633.611956,12.676,-27.643,-0.008,0.016,258.231,261.641,254.382
1780888633.625567,12.676,-27.643,-0.008,0.016,258.231,261.641,254.382
1780888633.636512,14.028,-25.286,-0.009,0.014,257.836,261.627,254.767
1780888633.6500611,14.423,-24.857,-0.009,0.014,257.758,261.647,254.825
1780888633.664545,14.366,-24.429,-0.009,0.014,257.751,261.588,254.883
1780888633.675168,14.592,-23.214,-0.009,0.013,257.648,261.499,255.061
1780888633.6889222,14.873,-23.071,-0.009,0.013,257.611,261.532,255.066
1780888633.721193,14.648,-22.071,-0.009,0.012,257.577,261.392,255.225
1780888633.721652,15.268,-21.5,-0.01,0.012,257.446,261.443,255.305
1780888633.727315,15.493,-20.286,-0.01,0.011,257.341,261.363,255.479
1780888633.7379782,15.718,-19.571,-0.01,0.011,257.262,261.333,255.583
1780888633.752223,15.831,-19.214,-0.01,0.011,257.233,261.32,255.623
1780888633.7659452,15.718,-18.571,-0.01,0.01,257.213,261.24,255.714
1780888633.7764192,15.493,-17.286,-0.01,0.009,257.171,261.086,255.896
1780888633.790136,15.718,-16.929,-0.01,0.009,257.12,261.096,255.936
1780888633.8048692,15.606,-16.571,-0.01,0.009,257.123,261.049,255.976
1780888633.815277,15.493,-14.929,-0.009,0.008,257.023,260.885,256.224
1780888633.829005,15.718,-14.429,-0.01,0.008,256.959,260.885,256.288
1780888633.839741,15.718,-13.929,-0.01,0.007,256.93,260.846,256.353
1780888633.8540711,15.831,-13.214,-0.01,0.007,256.864,260.805,256.456
1780888633.8675158,16.0,-12.5,-0.01,0.006,256.806,260.785,256.533
1780888633.878268,15.831,-11.643,-0.01,0.006,256.77,260.682,256.664
1780888633.892576,15.775,-11.143,-0.01,0.006,256.749,260.635,256.729
1780888633.925793,15.662,-10.786,-0.009,0.005,256.749,260.593,256.768
1780888633.926102,15.155,-10.071,-0.009,0.005,256.789,260.464,256.849
1780888633.930481,15.042,-9.714,-0.009,0.005,256.785,260.423,256.891
1780888633.9416928,15.211,-8.786,-0.009,0.004,256.685,260.374,257.038
1780888633.955432,15.268,-8.429,-0.009,0.004,256.656,260.362,257.079
1780888633.969242,14.93,-7.286,-0.009,0.003,256.628,260.222,257.239
1780888633.97969,14.986,-6.929,-0.009,0.003,256.598,260.21,257.281
1780888633.99408,14.648,-6.357,-0.009,0.003,256.61,260.112,257.362
1780888634.004791,14.479,-6.143,-0.009,0.003,256.636,260.091,257.356
1780888634.01844,14.31,-5.571,-0.008,0.002,256.618,260.021,257.441
1780888634.032784,14.197,-5.5,-0.008,0.002,256.636,260.009,257.433
1780888634.0433779,14.028,-5.214,-0.008,0.002,256.643,259.967,257.467
1780888634.0572858,13.465,-5.0,-0.008,0.002,256.722,259.878,257.472
1780888634.0678122,13.014,-4.857,-0.007,0.002,256.783,259.803,257.482
1780888634.082208,13.07,-4.643,-0.008,0.002,256.756,259.806,257.507
1780888634.0925992,12.845,-4.643,-0.007,0.002,256.793,259.782,257.492
1780888634.106483,12.451,-4.786,-0.007,0.002,256.868,259.757,257.441
1780888634.142876,12.169,-4.571,-0.007,0.002,256.892,259.701,257.47
1780888634.1432672,12.338,-4.643,-0.007,0.002,256.87,259.748,257.448
1780888634.144924,11.887,-4.5,-0.007,0.002,256.927,259.669,257.465
1780888634.155488,11.211,-4.643,-0.006,0.003,257.04,259.594,257.424
1780888634.1691809,10.873,-5.071,-0.006,0.003,257.127,259.59,257.34
1780888634.1835678,10.535,-5.286,-0.006,0.003,257.193,259.565,257.297
1780888634.1940851,10.423,-4.786,-0.006,0.003,257.158,259.51,257.387
1780888634.207835,9.69,-4.714,-0.005,0.003,257.252,259.404,257.394
1780888634.218412,9.634,-5.0,-0.005,0.003,257.279,259.434,257.338
1780888634.232738,8.958,-5.214,-0.005,0.003,257.398,259.354,257.296
1780888634.2433631,8.676,-5.357,-0.005,0.003,257.446,259.332,257.269
1780888634.2570372,8.507,-5.714,-0.005,0.003,257.484,259.36,257.205
1780888634.270824,8.113,-5.857,-0.004,0.004,257.55,259.317,257.18
1780888634.2821918,7.549,-6.286,-0.004,0.004,257.669,259.275,257.103
1780888634.295808,7.493,-6.929,-0.004,0.004,257.724,259.336,256.99
1780888634.3062038,6.817,-7.929,-0.004,0.005,257.896,259.335,256.822
1780888634.320286,6.535,-8.143,-0.003,0.005,257.945,259.315,256.792
1780888634.354997,6.479,-8.786,-0.003,0.006,257.998,259.373,256.685
1780888634.35534,6.141,-9.214,-0.003,0.006,258.076,259.363,256.619
1780888634.358658,5.69,-10.143,-0.003,0.007,258.201,259.384,256.477
1780888634.3692522,5.183,-10.643,-0.003,0.007,258.312,259.351,256.401
1780888634.383599,5.014,-11.0,-0.002,0.007,258.353,259.361,256.351
1780888634.394166,4.113,-11.929,-0.002,0.008,258.548,259.307,256.215
1780888634.407912,4.169,-12.429,-0.002,0.008,258.565,259.368,256.141
1780888634.422295,3.775,-13.143,-0.002,0.009,258.676,259.373,256.03
1780888634.432794,3.437,-13.5,-0.001,0.009,258.744,259.353,255.984
1780888634.446659,3.155,-14.571,-0.001,0.01,258.847,259.412,255.829
1780888634.457084,2.704,-15.571,-0.001,0.01,258.994,259.434,255.67
1780888634.4708512,2.704,-15.571,-0.001,0.01,258.994,259.434,255.67
1780888634.4851708,2.197,-16.714,-0.001,0.011,259.162,259.458,255.489
1780888634.4959419,1.69,-17.643,-0.0,0.012,259.284,259.462,255.372
1780888634.5094972,1.296,-18.357,-0.0,0.012,259.391,259.464,255.269
1780888634.520187,0.901,-18.929,0.0,0.012,259.485,259.452,255.193
1780888634.534453,0.789,-19.5,0.0,0.013,259.532,259.488,255.116
1780888634.569632,0.394,-20.857,0.0,0.014,259.676,259.55,254.926
1780888634.570061,0.169,-21.643,0.0,0.014,259.763,259.585,254.814
1780888634.5729501,-0.338,-22.214,0.001,0.015,259.876,259.552,254.74
1780888634.583495,-0.563,-22.929,0.001,0.015,259.955,259.581,254.641
1780888634.5971708,-0.901,-23.643,0.001,0.015,260.027,259.587,254.569
1780888634.607788,-1.296,-24.071,0.001,0.016,260.11,259.56,254.519
1780888634.6221938,-1.634,-24.357,0.002,0.016,260.169,259.53,254.493
1780888634.6360278,-1.577,-24.929,0.001,0.016,260.19,259.593,254.416
1780888634.6469371,-2.254,-25.786,0.002,0.017,260.339,259.561,254.311
1780888634.660227,-2.479,-26.143,0.002,0.017,260.388,259.556,254.271
1780888634.671479,-2.648,-26.643,0.002,0.017,260.442,259.575,254.205
1780888634.685355,-2.817,-26.857,0.002,0.017,260.469,259.566,254.19
1780888634.6960099,-3.437,-27.786,0.003,0.018,260.62,259.549,254.069
1780888634.709721,-3.549,-28.143,0.003,0.018,260.651,259.564,254.028
1780888634.724326,-3.549,-28.643,0.003,0.018,260.679,259.611,253.961
1780888634.734777,-3.831,-29.429,0.003,0.019,260.762,259.634,253.865
1780888634.748491,-4.113,-29.429,0.003,0.018,260.79,259.586,253.884
1780888634.785255,-4.394,-29.857,0.003,0.019,260.861,259.579,253.828
1780888634.785671,-4.225,-30.071,0.003,0.019,260.834,259.627,253.808
1780888634.787053,-4.507,-30.143,0.003,0.019,260.856,259.585,253.826
1780888634.797432,-4.676,-29.929,0.003,0.019,260.849,259.536,253.877
1780888634.811847,-4.845,-30.357,0.003,0.019,260.906,259.55,253.815
1780888634.822536,-5.07,-30.429,0.003,0.019,260.937,259.52,253.815
1780888634.836286,-5.465,-30.571,0.004,0.019,260.99,259.471,253.812
1780888634.850067,-5.296,-30.571,0.003,0.019,260.948,259.5,253.821
1780888634.860777,-5.408,-30.571,0.004,0.019,260.957,259.483,253.83
1780888634.874961,-5.408,-30.5,0.003,0.019,260.939,259.478,253.85
1780888634.885555,-5.408,-30.643,0.003,0.019,260.935,259.495,253.839
1780888634.899368,-5.465,-30.643,0.003,0.019,260.937,259.486,253.845
1780888634.913725,-5.746,-30.357,0.004,0.018,260.949,259.414,253.899
1780888634.924484,-5.352,-30.357,0.003,0.018,260.876,259.482,253.903
1780888634.9380329,-5.408,-30.214,0.003,0.018,260.862,259.462,253.934
1780888634.948716,-5.408,-29.5,0.003,0.018,260.789,259.395,254.059
1780888634.963184,-5.577,-29.571,0.003,0.018,260.823,259.377,254.046
1780888635.000581,-5.465,-29.357,0.003,0.018,260.781,259.378,254.082
1780888635.000903,-5.465,-29.571,0.003,0.018,260.799,259.403,254.043
1780888635.001417,-5.296,-29.0,0.003,0.017,260.714,259.378,254.141
1780888635.012064,-5.014,-28.929,0.003,0.017,260.661,259.42,254.151
1780888635.0259242,-4.958,-28.286,0.003,0.017,260.595,259.371,254.254
1780888635.039525,-4.958,-28.286,0.003,0.017,260.599,259.373,254.25
1780888635.050082,-4.958,-28.286,0.003,0.017,260.599,259.373,254.25
1780888635.064281,-4.958,-28.286,0.003,0.017,260.599,259.373,254.25
1780888635.074829,-4.958,-28.286,0.003,0.017,260.599,259.373,254.25
1780888635.088408,-4.958,-28.286,0.003,0.017,260.599,259.373,254.25
1780888635.0991092,-4.958,-28.286,0.003,0.017,260.599,259.373,254.25
1780888635.113322,-3.549,-25.929,0.002,0.015,260.138,259.384,254.655
1780888635.1270442,-3.211,-26.214,0.002,0.015,260.137,259.47,254.578
1780888635.1375601,-2.93,-25.143,0.001,0.014,260.0,259.414,254.754
1780888635.152194,-2.648,-24.929,0.001,0.014,259.947,259.441,254.778
1780888635.16286,-2.31,-24.571,0.001,0.014,259.871,259.462,254.827
1780888635.176458,-2.479,-24.0,0.001,0.014,259.876,259.379,254.9
1780888635.21184,-1.746,-23.929,0.001,0.014,259.761,259.494,254.899
1780888635.2122931,-1.352,-23.143,0.0,0.013,259.636,259.483,255.025
1780888635.214849,-1.352,-23.286,0.0,0.013,259.667,259.496,254.985
1780888635.225462,-0.789,-22.714,0.0,0.013,259.55,259.531,255.059
1780888635.239306,-0.451,-22.571,-0.0,0.013,259.496,259.572,255.072
1780888635.253577,0.056,-22.0,-0.001,0.013,259.374,259.598,255.16
1780888635.2641122,0.0,-22.214,-0.0,0.013,259.421,259.606,255.109
1780888635.2779362,0.451,-20.714,-0.001,0.012,259.239,259.531,255.349
1780888635.288563,1.239,-21.714,-0.001,0.013,259.221,259.756,255.157
1780888635.3031292,1.634,-22.786,-0.002,0.014,259.274,259.917,254.96
1780888635.316863,3.324,-25.571,-0.003,0.016,259.288,260.438,254.473
1780888635.32758,4.0,-26.429,-0.003,0.016,259.269,260.614,254.332
1780888635.34171,3.775,-27.357,-0.003,0.017,259.404,260.642,254.182
1780888635.352482,3.775,-27.357,-0.003,0.017,259.404,260.642,254.182
1780888635.366366,4.676,-27.714,-0.004,0.017,259.305,260.78,254.149
1780888635.3799412,4.732,-28.0,-0.004,0.017,259.331,260.795,254.113
1780888635.412888,5.07,-27.857,-0.004,0.017,259.269,260.817,254.15
1780888635.413308,4.789,-28.0,-0.003,0.017,259.336,260.763,254.137
1780888635.4150689,4.0,-27.643,-0.003,0.017,259.443,260.563,254.218
1780888635.4288452,3.211,-27.0,-0.002,0.016,259.514,260.359,254.336
1780888635.443149,3.042,-26.714,-0.002,0.016,259.515,260.299,254.389
1780888635.453739,1.803,-26.857,-0.001,0.016,259.734,260.103,254.367
1780888635.4673972,-0.507,-27.0,0.001,0.016,260.117,259.741,254.347
1780888635.477918,-2.479,-26.714,0.002,0.016,260.406,259.399,254.399
1780888635.492644,-3.606,-26.286,0.003,0.016,260.534,259.192,254.475
1780888635.506269,-5.296,-25.643,0.004,0.015,260.734,258.878,254.585
1780888635.516783,-7.38,-25.214,0.006,0.015,261.02,258.527,254.656
1780888635.530516,-10.93,-24.286,0.009,0.014,261.503,257.904,254.813
1780888635.5416389,-10.93,-24.286,0.009,0.014,261.503,257.904,254.813
1780888635.5554602,-13.803,-23.214,0.011,0.013,261.849,257.395,254.992
1780888635.569247,-16.62,-20.571,0.013,0.011,261.98,256.826,255.426
1780888635.5799491,-18.366,-19.786,0.014,0.011,262.161,256.543,255.544
1780888635.594209,-19.887,-19.0,0.015,0.01,262.302,256.298,255.66
1780888635.6294909,-22.31,-17.714,0.016,0.01,262.505,255.936,255.84
1780888635.6298392,-24.282,-16.571,0.017,0.009,262.691,255.593,256.018
1780888635.6325278,-25.69,-16.214,0.018,0.009,262.857,255.412,256.054
1780888635.643091,-27.324,-15.714,0.019,0.008,263.047,255.184,256.116
1780888635.6569102,-30.028,-13.214,0.021,0.006,263.222,254.621,256.538
1780888635.671456,-31.437,-13.071,0.022,0.006,263.409,254.471,256.529
1780888635.681972,-32.789,-12.929,0.023,0.006,263.585,254.328,256.522
1780888635.695938,-33.915,-11.929,0.023,0.006,263.632,254.143,256.672
1780888635.706311,-36.282,-10.5,0.025,0.005,263.812,253.805,256.868
1780888635.720124,-36.282,-10.5,0.025,0.005,263.812,253.805,256.868
1780888635.7343318,-38.761,-9.0,0.026,0.004,264.055,253.376,257.108
1780888635.744833,-40.563,-6.929,0.027,0.003,264.069,253.076,257.415
1780888635.7586079,-41.915,-6.5,0.028,0.002,264.227,252.91,257.455
1780888635.769301,-42.761,-6.429,0.028,0.002,264.329,252.847,257.432
1780888635.783626,-43.549,-5.857,0.029,0.002,264.37,252.748,257.503
1780888635.797475,-45.183,-5.143,0.03,0.002,264.513,252.57,257.57
1780888635.833308,-45.465,-4.929,0.029,0.002,264.504,252.568,257.58
1780888635.83374,-46.366,-4.786,0.03,0.002,264.618,252.477,257.578
1780888635.8341188,-46.366,-4.786,0.03,0.002,264.618,252.477,257.578
1780888635.846467,-48.563,-3.857,0.031,0.001,264.849,252.185,257.694
1780888635.8601758,-48.789,-3.857,0.031,0.001,264.854,252.203,257.67
1780888635.870661,-49.239,-3.214,0.031,0.001,264.836,252.13,257.767
1780888635.8851001,-49.239,-3.214,0.031,0.001,264.836,252.13,257.767
1780888635.895627,-49.239,-3.214,0.031,0.001,264.836,252.13,257.767
1780888635.909371,-50.535,-2.643,0.032,0.001,264.982,251.939,257.849
1780888635.923916,-50.592,-2.214,0.032,0.0,264.915,251.94,257.905
1780888635.934439,-50.479,-2.429,0.032,0.001,264.89,252.017,257.843
1780888635.948158,-50.761,-2.286,0.032,0.001,264.877,252.036,257.833
1780888635.958626,-50.986,-2.357,0.032,0.001,264.905,252.041,257.803
1780888635.9733272,-50.761,-2.071,0.032,0.001,264.814,252.078,257.842
1780888635.9867651,-50.535,-2.5,0.031,0.001,264.802,252.172,257.749
1780888635.997419,-50.592,-2.429,0.031,0.001,264.791,252.18,257.751
1780888636.011619,-50.592,-2.429,0.031,0.001,264.791,252.18,257.751
1780888636.042055,-49.296,-2.857,0.03,0.001,264.587,252.424,257.663
1780888636.042403,-48.563,-3.429,0.029,0.002,264.503,252.6,257.546
1780888636.049433,-47.944,-3.571,0.029,0.002,264.402,252.709,257.517
1780888636.059941,-47.606,-4.429,0.029,0.003,264.43,252.834,257.358
1780888636.074242,-47.606,-4.429,0.029,0.003,264.43,252.834,257.358
1780888636.084864,-45.634,-4.286,0.027,0.003,264.063,253.107,257.388
1780888636.098656,-44.958,-4.214,0.027,0.003,263.941,253.194,257.402
1780888636.113067,-44.056,-4.643,0.026,0.003,263.834,253.355,257.325
1780888636.123818,-43.268,-5.0,0.025,0.003,263.741,253.49,257.263
1780888636.137505,-41.465,-5.643,0.024,0.004,263.515,253.782,257.154
1780888636.148212,-40.451,-5.714,0.023,0.004,263.359,253.92,257.147
1780888636.162574,-39.211,-5.857,0.022,0.004,263.173,254.097,257.128
1780888636.17353,-38.366,-6.571,0.022,0.004,263.119,254.261,257.004
1780888636.18685,-36.394,-7.357,0.02,0.005,262.898,254.571,256.88
1780888636.200642,-35.099,-7.571,0.02,0.005,262.716,254.755,256.852
1780888636.211733,-33.972,-8.143,0.019,0.005,262.603,254.943,256.759
1780888636.225547,-32.958,-8.786,0.018,0.006,262.518,255.118,256.655
1780888636.260542,-30.479,-9.786,0.016,0.007,262.215,255.549,256.489
1780888636.261028,-29.465,-10.357,0.016,0.007,262.129,255.71,256.403
1780888636.264126,-27.606,-11.5,0.014,0.008,261.954,256.053,256.215
1780888636.2747772,-25.127,-12.071,0.013,0.008,261.654,256.389,256.151
1780888636.288322,-23.775,-12.786,0.012,0.009,261.529,256.611,256.043
1780888636.3026402,-22.423,-13.286,0.011,0.009,261.384,256.814,255.975
1780888636.313287,-20.789,-14.071,0.01,0.009,261.22,257.087,255.856
1780888636.3268049,-17.746,-15.571,0.008,0.011,260.889,257.647,255.612
1780888636.3374069,-17.746,-15.571,0.008,0.011,260.889,257.647,255.612
1780888636.351886,-14.761,-16.5,0.006,0.011,260.52,258.142,255.474
1780888636.3657,-13.239,-17.286,0.005,0.012,260.39,258.383,255.363
1780888636.376234,-10.141,-18.214,0.003,0.012,260.06,258.818,255.255
1780888636.390274,-8.282,-18.929,0.002,0.013,259.868,259.111,255.156
1780888636.4042392,-6.535,-19.143,0.001,0.013,259.65,259.339,255.146
1780888636.415083,-5.296,-20.071,0.0,0.013,259.585,259.552,255.008
1780888636.4285362,-2.141,-21.286,-0.002,0.014,259.23,260.112,254.822
1780888636.46266,-2.141,-21.286,-0.002,0.014,259.23,260.112,254.822
1780888636.463105,-2.141,-21.286,-0.002,0.014,259.23,260.112,254.822
1780888636.466987,2.592,-22.929,-0.006,0.015,258.665,260.978,254.565
1780888636.477491,2.592,-22.929,-0.006,0.015,258.665,260.978,254.565
1780888636.491894,7.662,-24.714,-0.009,0.017,258.075,261.916,254.287
1780888636.5022788,9.521,-25.286,-0.01,0.017,257.902,262.172,254.226
1780888636.5161479,17.239,-25.643,-0.016,0.017,256.781,263.443,254.199
1780888636.530049,14.31,-26.5,-0.013,0.018,257.415,262.867,254.086
1780888636.540558,14.31,-26.5,-0.013,0.018,257.415,262.867,254.086
1780888636.5549068,16.451,-26.786,-0.014,0.018,257.172,263.154,254.071
1780888636.565349,20.225,-27.0,-0.017,0.018,256.668,263.729,254.065
1780888636.579193,20.225,-27.0,-0.017,0.018,256.668,263.729,254.065
1780888636.593418,20.225,-27.0,-0.017,0.018,256.668,263.729,254.065
1780888636.6039948,24.113,-27.857,-0.02,0.018,256.216,264.392,253.946
1780888636.617722,25.634,-28.286,-0.02,0.018,256.1,264.58,253.903
1780888636.632045,28.563,-28.857,-0.022,0.019,255.777,265.046,253.833
1780888636.667576,30.366,-29.071,-0.023,0.019,255.599,265.269,253.824
1780888636.668046,32.732,-29.357,-0.024,0.019,255.339,265.609,253.801
1780888636.668384,33.859,-29.5,-0.025,0.019,255.259,265.706,253.802
1780888636.680523,34.873,-29.5,-0.025,0.019,255.179,265.774,253.825
1780888636.694836,36.225,-29.286,-0.026,0.018,255.025,265.889,253.883
1780888636.7054641,38.31,-29.214,-0.027,0.018,254.835,266.06,253.933
1780888636.719223,38.986,-28.929,-0.027,0.018,254.772,266.059,253.996
1780888636.7336771,39.887,-29.143,-0.027,0.018,254.715,266.161,253.971
1780888636.744195,40.732,-28.571,-0.028,0.018,254.595,266.173,254.08
1780888636.758092,42.592,-28.143,-0.028,0.017,254.389,266.321,254.167
1780888636.768588,42.592,-28.143,-0.028,0.017,254.389,266.321,254.167
1780888636.783094,44.563,-27.571,-0.03,0.017,254.096,266.559,254.269
1780888636.796679,45.239,-27.0,-0.03,0.016,254.002,266.552,254.37
1780888636.807223,45.239,-27.0,-0.03,0.016,254.002,266.552,254.37
1780888636.821646,47.155,-25.571,-0.031,0.015,253.648,266.692,254.616
1780888636.835409,47.493,-25.643,-0.031,0.015,253.662,266.698,254.597
1780888636.870759,47.944,-24.857,-0.031,0.015,253.633,266.58,254.72
1780888636.871211,48.676,-24.143,-0.031,0.014,253.51,266.592,254.836
1780888636.871584,49.239,-23.571,-0.032,0.014,253.424,266.59,254.926
1780888636.884586,49.352,-23.214,-0.032,0.013,253.422,266.53,254.976
1780888636.898311,50.254,-22.143,-0.032,0.013,253.278,266.511,255.14
1780888636.908886,50.31,-22.286,-0.032,0.013,253.321,266.505,255.1
1780888636.923284,50.31,-21.786,-0.032,0.012,253.313,266.422,255.176
1780888636.936953,50.535,-20.429,-0.032,0.011,253.197,266.291,255.402
1780888636.9477692,50.648,-19.286,-0.032,0.011,253.116,266.169,255.586
1780888636.9620569,50.423,-18.857,-0.031,0.01,253.146,266.065,255.64
1780888636.9725928,50.366,-18.071,-0.031,0.01,253.117,265.958,255.759
1780888636.986337,49.915,-17.214,-0.031,0.009,253.163,265.769,255.867
1780888637.0000808,49.634,-16.571,-0.03,0.009,253.173,265.646,255.96
1780888637.010794,49.127,-16.143,-0.03,0.009,253.232,265.507,256.014
1780888637.025074,48.845,-15.357,-0.03,0.008,253.224,265.375,256.132
1780888637.038887,48.113,-14.071,-0.029,0.007,253.256,265.119,256.315
1780888637.073636,47.887,-13.143,-0.029,0.007,253.224,264.992,256.457
1780888637.074035,47.549,-12.286,-0.028,0.006,253.214,264.854,256.585
1780888637.0744069,46.366,-11.5,-0.028,0.006,253.343,264.592,256.674
1780888637.0877938,45.972,-11.0,-0.027,0.005,253.367,264.488,256.739
1780888637.1019158,45.465,-10.643,-0.027,0.005,253.418,264.381,256.778
1780888637.112625,44.901,-10.0,-0.026,0.005,253.451,264.235,256.87
1780888637.126258,44.901,-10.0,-0.026,0.005,253.451,264.235,256.87
1780888637.14,42.479,-7.857,-0.025,0.003,253.632,263.602,257.236
1780888637.150645,41.577,-7.5,-0.024,0.003,253.734,263.443,257.269
1780888637.1650612,40.282,-6.857,-0.023,0.003,253.868,263.187,257.356
1780888637.175519,38.31,-5.786,-0.022,0.002,254.064,262.773,257.523
1780888637.1892638,37.521,-5.571,-0.021,0.002,254.153,262.663,257.529
1780888637.2036312,36.394,-5.214,-0.02,0.002,254.278,262.479,257.565
1780888637.2142751,35.437,-4.929,-0.02,0.002,254.383,262.332,257.589
1780888637.227904,33.352,-4.429,-0.018,0.002,254.62,262.018,257.628
1780888637.238762,32.507,-3.714,-0.018,0.001,254.666,261.85,257.735
1780888637.2530549,31.493,-3.929,-0.017,0.001,254.819,261.747,257.671
1780888637.287885,30.423,-3.429,-0.017,0.001,254.916,261.562,257.741
1780888637.2882838,28.169,-2.929,-0.015,0.001,255.168,261.228,257.79
1780888637.291181,26.93,-2.571,-0.014,0.001,255.3,261.032,257.836
1780888637.30181,26.31,-2.143,-0.014,0.0,255.33,260.936,257.896
1780888637.315539,23.606,-2.143,-0.012,0.001,255.72,260.529,257.877
1780888637.326108,22.366,-1.857,-0.011,0.0,255.852,260.349,257.912
1780888637.3399382,21.014,-1.429,-0.01,0.0,255.988,260.137,257.975
1780888637.3542259,19.831,-1.714,-0.01,0.0,256.161,260.024,257.905
1780888637.364728,17.296,-2.0,-0.008,0.001,256.507,259.74,257.824
1780888637.3786,16.394,-1.643,-0.008,0.001,256.575,259.61,257.88
1780888637.3892322,14.761,-2.071,-0.006,0.001,256.83,259.434,257.79
1780888637.403381,13.803,-2.143,-0.006,0.001,256.945,259.337,257.769
1780888637.4170618,11.042,-1.714,-0.004,0.001,257.299,258.896,257.842
1780888637.4275682,11.042,-1.714,-0.004,0.001,257.299,258.896,257.842
1780888637.442024,8.451,-2.857,-0.002,0.002,257.767,258.64,257.624
1780888637.452379,7.268,-3.286,-0.002,0.002,257.939,258.548,257.543
1780888637.4662201,4.0,-3.857,0.001,0.002,258.399,258.19,257.441
1780888637.5023282,2.873,-4.571,0.001,0.003,258.587,258.132,257.312
1780888637.5027552,1.408,-4.357,0.002,0.003,258.744,257.932,257.357
1780888637.503129,0.282,-4.929,0.003,0.003,258.921,257.86,257.257
1780888637.515367,-2.366,-5.929,0.004,0.004,259.326,257.633,257.089
1780888637.529208,-3.775,-6.357,0.005,0.004,259.537,257.499,257.02
1780888637.539828,-4.789,-6.857,0.006,0.005,259.689,257.433,256.939
1780888637.5540879,-5.746,-7.214,0.006,0.005,259.82,257.362,256.886
1780888637.564561,-8.451,-8.143,0.008,0.006,260.235,257.111,256.743
1780888637.578484,-8.451,-8.143,0.008,0.006,260.235,257.111,256.743
1780888637.589081,-10.817,-9.571,0.009,0.007,260.708,256.912,256.498
1780888637.603272,-11.831,-10.214,0.01,0.007,260.872,256.858,256.401
1780888637.6170628,-14.028,-11.071,0.011,0.008,261.26,256.635,256.266
1780888637.627593,-14.93,-12.0,0.012,0.008,261.431,256.623,256.121
1780888637.642103,-16.113,-12.571,0.012,0.009,261.617,256.533,256.042
1780888637.655793,-17.127,-13.0,0.013,0.009,261.761,256.455,255.988
1780888637.6662421,-17.859,-13.929,0.013,0.01,261.908,256.465,255.846
1780888637.680224,-20.0,-15.071,0.015,0.01,262.324,256.271,255.667
1780888637.716316,-20.958,-16.0,0.015,0.011,262.509,256.245,255.529
1780888637.716775,-21.859,-16.714,0.016,0.011,262.664,256.206,255.431
1780888637.718689,-23.606,-17.857,0.017,0.012,262.942,256.107,255.285
1780888637.729286,-24.451,-18.714,0.017,0.013,263.109,256.085,255.162
1780888637.743495,-25.183,-18.929,0.017,0.013,263.192,256.021,255.154
1780888637.757337,-26.535,-20.357,0.018,0.014,263.512,255.968,254.929
1780888637.767842,-27.155,-21.429,0.018,0.014,263.663,255.996,254.772
1780888637.7821162,-27.155,-21.429,0.018,0.014,263.663,255.996,254.772
1780888637.792914,-28.563,-22.5,0.019,0.015,263.958,255.899,254.617
1780888637.8072052,-29.69,-23.429,0.02,0.016,264.119,255.859,254.52
1780888637.820454,-30.366,-24.357,0.02,0.016,264.274,255.861,254.39
1780888637.831806,-30.479,-24.5,0.02,0.016,264.245,255.878,254.397
1780888637.8454652,-30.873,-24.857,0.02,0.016,264.296,255.868,254.364
1780888637.8591502,-31.324,-25.357,0.02,0.017,264.374,255.861,254.305
1780888637.869917,-32.225,-26.429,0.021,0.017,264.597,255.834,254.146
1780888637.8841221,-32.338,-26.857,0.021,0.017,264.608,255.871,254.101
1780888637.916963,-33.014,-27.643,0.021,0.018,264.713,255.864,254.022
1780888637.917387,-33.296,-28.071,0.021,0.018,264.763,255.871,253.973
1780888637.922643,-33.296,-28.429,0.021,0.018,264.757,255.914,253.937
1780888637.933206,-33.296,-29.071,0.021,0.019,264.784,255.98,253.85
1780888637.94703,-33.408,-29.5,0.021,0.019,264.776,256.015,253.823
1780888637.961291,-33.408,-29.857,0.021,0.019,264.781,256.052,253.783
1780888637.971872,-33.296,-29.929,0.021,0.019,264.738,256.08,253.792
1780888637.9855201,-33.296,-30.357,0.021,0.019,264.756,256.121,253.737
1780888637.9961789,-32.958,-30.643,0.02,0.019,264.677,256.202,253.724
1780888638.0099819,-33.014,-30.857,0.02,0.019,264.69,256.212,253.704
1780888638.0243042,-32.732,-31.071,0.02,0.019,264.642,256.274,253.683
1780888638.0352309,-32.282,-30.714,0.02,0.019,264.493,256.307,253.774
1780888638.0487769,-31.662,-31.214,0.019,0.019,264.423,256.446,253.699
1780888638.0632708,-31.211,-30.857,0.019,0.019,264.297,256.478,253.773
1780888638.07393,-30.761,-31.214,0.018,0.019,264.249,256.575,253.72
1780888638.087599,-29.859,-30.857,0.018,0.019,264.047,256.667,253.8
1780888638.1227179,-29.183,-30.786,0.017,0.019,263.921,256.757,253.819
1780888638.123101,-28.62,-30.714,0.017,0.019,263.819,256.828,253.837
1780888638.1259809,-27.718,-30.429,0.016,0.018,263.636,256.932,253.891
1780888638.136459,-26.197,-29.857,0.015,0.018,263.333,257.094,253.993
1780888638.15027,-25.746,-29.5,0.015,0.018,263.234,257.117,254.055
1780888638.164692,-25.07,-29.571,0.014,0.018,263.14,257.216,254.041
1780888638.1753118,-23.437,-28.643,0.013,0.017,262.801,257.358,254.197
1780888638.189135,-22.592,-28.643,0.012,0.017,262.677,257.474,254.193
1780888638.1998,-21.465,-28.643,0.012,0.017,262.506,257.634,254.189
1780888638.2140422,-21.07,-27.786,0.011,0.016,262.379,257.597,254.334
1780888638.2277691,-20.225,-27.571,0.011,0.016,262.24,257.693,254.364
1780888638.238639,-18.141,-27.143,0.009,0.016,261.867,257.967,254.432
1780888638.2529101,-17.634,-26.786,0.009,0.016,261.781,257.99,254.485
1780888638.2666829,-16.789,-26.571,0.009,0.016,261.651,258.081,254.514
1780888638.277353,-14.873,-25.143,0.007,0.015,261.26,258.207,254.742
1780888638.29162,-13.521,-24.786,0.006,0.014,261.036,258.368,254.791
1780888638.324985,-12.62,-24.286,0.006,0.014,260.877,258.441,254.866
1780888638.325474,-10.366,-23.571,0.004,0.014,260.514,258.687,254.962
1780888638.329674,-9.69,-23.143,0.004,0.013,260.405,258.728,255.023
1780888638.340131,-8.451,-22.643,0.003,0.013,260.195,258.856,255.096
1780888638.354434,-7.662,-22.357,0.003,0.013,260.082,258.929,255.13
1780888638.365039,-5.296,-21.143,0.001,0.012,259.62,259.173,255.329
1780888638.3785841,-4.507,-20.357,0.001,0.011,259.468,259.195,255.448
1780888638.392918,-4.507,-20.357,0.001,0.011,259.468,259.195,255.448
1780888638.403581,-2.141,-19.214,-0.001,0.01,259.025,259.445,255.63
1780888638.417396,0.338,-18.357,-0.003,0.01,258.661,259.704,255.734
1780888638.4280388,1.07,-17.5,-0.003,0.009,258.522,259.707,255.863
1780888638.44241,2.31,-17.214,-0.004,0.009,258.353,259.852,255.889
1780888638.4562812,3.38,-16.857,-0.004,0.009,258.206,259.96,255.93
1780888638.466698,5.014,-16.357,-0.005,0.009,258.009,260.116,255.974
1780888638.4804869,6.535,-15.429,-0.006,0.008,257.734,260.247,256.12
1780888638.4914382,8.056,-15.857,-0.007,0.009,257.587,260.508,256.02
1780888638.505269,8.056,-15.857,-0.007,0.009,257.587,260.508,256.02
1780888638.539894,11.042,-13.214,-0.009,0.007,256.991,260.677,256.449
1780888638.540281,11.042,-13.214,-0.009,0.007,256.991,260.677,256.449
1780888638.5435898,13.014,-12.143,-0.01,0.006,256.645,260.868,256.616
1780888638.557462,15.493,-11.643,-0.012,0.006,256.341,261.161,256.65
1780888638.567856,16.225,-10.643,-0.012,0.005,256.2,261.146,256.806
1780888638.5822132,17.239,-10.5,-0.013,0.005,256.09,261.267,256.805
1780888638.592696,17.239,-10.5,-0.013,0.005,256.09,261.267,256.805
1780888638.606346,20.282,-9.714,-0.015,0.005,255.671,261.629,256.898
1780888638.620296,20.282,-9.714,-0.015,0.005,255.671,261.629,256.898
1780888638.63152,22.423,-8.571,-0.016,0.004,255.301,261.842,257.081
1780888638.64522,23.38,-8.5,-0.017,0.004,255.213,261.956,257.067
1780888638.655658,25.352,-7.857,-0.018,0.004,254.918,262.19,257.159
1780888638.6693969,25.915,-8.071,-0.018,0.004,254.915,262.263,257.096
1780888638.683727,25.915,-8.071,-0.018,0.004,254.915,262.263,257.096
1780888638.6941938,27.606,-6.857,-0.019,0.003,254.612,262.39,257.295
1780888638.7082539,29.183,-7.357,-0.02,0.004,254.536,262.628,257.159
1780888638.743256,29.577,-6.929,-0.02,0.003,254.494,262.609,257.219
1780888638.743686,30.366,-6.929,-0.02,0.003,254.427,262.707,257.2
1780888638.746836,32.056,-7.0,-0.021,0.004,254.277,262.932,257.155
1780888638.757337,32.789,-6.286,-0.022,0.003,254.151,262.949,257.273
1780888638.771592,32.676,-6.143,-0.021,0.003,254.201,262.878,257.284
1780888638.782238,33.859,-6.714,-0.022,0.004,254.114,263.112,257.165
1780888638.796056,35.155,-6.643,-0.023,0.004,253.992,263.261,257.16
1780888638.806637,35.38,-6.786,-0.023,0.004,254.007,263.281,257.125
1780888638.820519,35.887,-6.571,-0.023,0.004,253.947,263.317,257.157
1780888638.83493,36.225,-6.857,-0.023,0.004,253.954,263.375,257.098
1780888638.84549,37.07,-7.214,-0.024,0.004,253.918,263.503,257.022
1780888638.859204,37.69,-7.214,-0.024,0.004,253.852,263.585,257.019
1780888638.86984,37.69,-7.429,-0.024,0.004,253.897,263.578,256.978
1780888638.8842602,38.085,-7.643,-0.024,0.005,253.879,263.644,256.938
1780888638.8979342,38.761,-8.286,-0.024,0.005,253.875,263.778,256.824
1780888638.908555,38.704,-8.929,-0.024,0.006,253.958,263.809,256.711
1780888638.922716,39.042,-9.071,-0.024,0.006,253.935,263.86,256.69
1780888638.956852,38.986,-9.5,-0.024,0.006,253.995,263.87,256.618
1780888638.95725,39.324,-10.143,-0.024,0.006,254.023,263.952,256.516
1780888638.961219,39.38,-10.429,-0.024,0.007,254.049,263.971,256.473
1780888638.9718132,39.268,-10.714,-0.024,0.007,254.099,263.961,256.43
1780888638.9855092,39.211,-11.357,-0.024,0.007,254.175,263.98,256.335
1780888638.999212,39.324,-11.5,-0.024,0.007,254.174,263.999,256.32
1780888639.0099552,39.211,-12.0,-0.024,0.008,254.237,264.016,256.239
1780888639.024333,39.042,-12.357,-0.024,0.008,254.295,264.008,256.186
1780888639.0349,38.592,-13.071,-0.023,0.008,254.424,263.977,256.081
1780888639.0486012,38.479,-13.429,-0.023,0.009,254.469,263.983,256.029
1780888639.063076,38.141,-13.714,-0.023,0.009,254.541,263.942,255.991
1780888639.0734,38.141,-14.714,-0.023,0.01,254.622,264.038,255.825
1780888639.087183,37.746,-14.929,-0.023,0.01,254.693,263.98,255.803
1780888639.101446,36.789,-16.357,-0.022,0.011,254.955,263.948,255.565
1780888639.112371,36.394,-16.786,-0.022,0.011,255.038,263.916,255.509
1780888639.125845,36.169,-17.214,-0.021,0.011,255.094,263.915,255.453
1780888639.1610649,35.099,-17.929,-0.021,0.012,255.289,263.79,255.365
1780888639.161525,34.817,-18.5,-0.02,0.012,255.364,263.797,255.283
1780888639.164433,34.31,-18.571,-0.02,0.012,255.429,263.713,255.29
1780888639.1750069,33.296,-19.429,-0.019,0.013,255.621,263.623,255.177
1780888639.188684,32.62,-20.071,-0.019,0.013,255.762,263.572,255.082
1780888639.203093,32.169,-20.5,-0.019,0.013,255.846,263.54,255.025
1780888639.2137191,31.38,-21.571,-0.018,0.014,256.04,263.514,254.857
1780888639.2273831,30.366,-22.429,-0.017,0.014,256.219,263.431,254.752
1780888639.2382112,29.634,-22.857,-0.017,0.015,256.345,263.351,254.699
1780888639.252609,28.789,-22.786,-0.016,0.015,256.442,263.202,254.732
1780888639.266379,28.056,-23.5,-0.016,0.015,256.592,263.157,254.625
1780888639.2769878,26.479,-24.357,-0.015,0.016,256.856,262.99,254.514
1780888639.2913852,25.803,-24.286,-0.014,0.015,256.923,262.877,254.546
1780888639.305116,24.958,-24.786,-0.014,0.016,257.07,262.795,254.477
1780888639.3160908,23.606,-25.5,-0.013,0.016,257.287,262.66,254.386
1780888639.329694,22.817,-26.071,-0.012,0.017,257.43,262.597,254.304
1780888639.363437,22.254,-25.857,-0.012,0.016,257.465,262.495,254.359
1780888639.3637938,20.282,-27.286,-0.011,0.017,257.877,262.313,254.127
1780888639.368154,19.38,-27.571,-0.01,0.017,257.969,262.228,254.115
1780888639.37874,19.38,-27.571,-0.01,0.017,257.969,262.228,254.115
1780888639.393122,17.803,-27.929,-0.009,0.018,258.217,262.011,254.071
1780888639.407051,16.056,-27.929,-0.008,0.017,258.417,261.758,254.105
1780888639.417558,15.38,-28.357,-0.008,0.018,258.526,261.712,254.045
1780888639.432054,14.085,-28.5,-0.007,0.018,258.709,261.529,254.035
1780888639.442504,13.465,-28.571,-0.006,0.018,258.775,261.459,254.036
1780888639.4565198,11.099,-28.571,-0.005,0.018,259.08,261.113,254.06
1780888639.4701881,10.535,-28.857,-0.005,0.018,259.157,261.078,254.021
1780888639.480854,9.69,-29.071,-0.004,0.018,259.275,260.986,253.994
1780888639.4952052,8.507,-29.143,-0.003,0.018,259.435,260.823,253.992
1780888639.5058718,6.817,-29.429,-0.002,0.018,259.657,260.63,253.962
1780888639.519521,6.028,-29.143,-0.002,0.018,259.719,260.502,254.02
1780888639.533817,5.014,-29.0,-0.001,0.018,259.834,260.351,254.051
1780888639.5685692,4.225,-29.571,-0.001,0.018,259.98,260.308,253.958
1780888639.5688791,2.141,-28.857,0.001,0.018,260.178,259.959,254.094
1780888639.569206,1.465,-29.143,0.001,0.018,260.279,259.91,254.047
1780888639.582819,0.507,-28.714,0.001,0.017,260.359,259.745,254.125
1780888639.5965812,-0.338,-28.857,0.002,0.017,260.476,259.655,254.102
1780888639.607187,-2.028,-28.571,0.003,0.017,260.656,259.421,254.154
1780888639.6214788,-2.817,-28.714,0.003,0.017,260.766,259.34,254.13
1780888639.632098,-4.056,-28.357,0.004,0.017,260.903,259.138,254.193
1780888639.645936,-5.577,-27.571,0.005,0.016,261.009,258.889,254.328
1780888639.6564639,-5.577,-27.571,0.005,0.016,261.009,258.889,254.328
1780888639.670156,-7.38,-27.286,0.006,0.016,261.253,258.607,254.374
1780888639.684512,-8.0,-26.714,0.007,0.016,261.264,258.495,254.469
1780888639.6950898,-8.732,-26.5,0.007,0.016,261.331,258.398,254.499
1780888639.708805,-10.31,-25.571,0.008,0.015,261.474,258.099,254.654
1780888639.723207,-10.986,-25.286,0.008,0.015,261.526,258.009,254.693
1780888639.733848,-11.549,-25.143,0.009,0.015,261.573,257.949,254.708
1780888639.747536,-12.845,-24.786,0.009,0.014,261.694,257.792,254.75
1780888639.7837062,-13.915,-24.0,0.01,0.014,261.769,257.588,254.877
1780888639.784137,-13.859,-23.857,0.01,0.014,261.714,257.626,254.89
1780888639.78604,-14.817,-23.857,0.01,0.014,261.852,257.511,254.878
1780888639.796512,-15.831,-23.5,0.011,0.014,261.933,257.392,254.921
1780888639.8102772,-16.676,-22.857,0.012,0.013,261.989,257.234,255.023
1780888639.824644,-17.07,-22.5,0.012,0.013,261.995,257.175,255.074
1780888639.835177,-17.915,-21.571,0.012,0.012,262.0,257.027,255.214
1780888639.8488178,-17.915,-21.571,0.012,0.012,262.0,257.027,255.214
1780888639.859392,-17.915,-21.571,0.012,0.012,262.0,257.027,255.214
1780888639.873771,-17.915,-21.571,0.012,0.012,262.0,257.027,255.214
1780888639.887535,-19.831,-19.786,0.013,0.011,262.111,256.639,255.494
1780888639.8981419,-20.507,-19.143,0.014,0.011,262.143,256.512,255.589
1780888639.91267,-20.676,-18.929,0.014,0.011,262.132,256.504,255.608
1780888639.926147,-20.845,-18.214,0.014,0.01,262.072,256.448,255.716
1780888639.9371688,-21.127,-17.214,0.014,0.009,261.993,256.379,255.856
1780888639.950486,-21.577,-17.429,0.014,0.01,262.082,256.358,255.797
1780888639.9836988,-21.634,-17.286,0.014,0.01,262.065,256.365,255.805
1780888639.984163,-22.366,-16.786,0.014,0.009,262.122,256.257,255.861
1780888639.9890401,-22.366,-16.786,0.014,0.009,262.122,256.257,255.861
1780888639.99943,-22.366,-16.786,0.014,0.009,262.122,256.257,255.861
1780888640.013713,-22.366,-16.786,0.014,0.009,262.122,256.257,255.861
1780888640.0273228,-22.366,-13.929,0.014,0.007,261.826,256.027,256.357
1780888640.0380118,-22.423,-13.214,0.014,0.007,261.762,255.983,256.459
1780888640.0523489,-22.423,-12.786,0.014,0.007,261.719,255.973,256.509
1780888640.062957,-22.254,-12.643,0.014,0.007,261.676,256.012,256.508
1780888640.076759,-21.69,-12.429,0.013,0.007,261.562,256.124,256.5
1780888640.0904598,-21.577,-12.5,0.013,0.007,261.554,256.165,256.466
1780888640.1018739,-21.296,-11.571,0.013,0.006,261.418,256.14,256.615
1780888640.115498,-21.014,-11.286,0.013,0.006,261.349,256.173,256.646
1780888640.1291132,-20.958,-10.143,0.013,0.005,261.245,256.103,256.812
1780888640.139724,-20.282,-10.5,0.012,0.006,261.175,256.253,256.726
1780888640.1539981,-20.113,-10.214,0.012,0.005,261.129,256.261,256.761
1780888640.187713,-19.775,-10.0,0.012,0.005,261.061,256.301,256.783
1780888640.188162,-19.775,-10.0,0.012,0.005,261.061,256.301,256.783
1780888640.192538,-17.972,-9.929,0.01,0.005,260.761,256.582,256.78
1780888640.203068,-17.859,-9.857,0.01,0.005,260.753,256.591,256.778
1780888640.216768,-16.901,-9.286,0.01,0.005,260.574,256.684,256.852
1780888640.2272792,-16.62,-9.929,0.009,0.006,260.607,256.782,256.722
1780888640.241741,-16.62,-9.929,0.009,0.006,260.607,256.782,256.722
1780888640.255656,-15.211,-9.5,0.008,0.005,260.346,256.958,256.791
1780888640.266248,-14.366,-9.714,0.008,0.006,260.268,257.09,256.733
1780888640.2799418,-13.859,-10.071,0.008,0.006,260.238,257.191,256.661
1780888640.29038,-13.859,-10.071,0.008,0.006,260.238,257.191,256.661
1780888640.304718,-13.859,-10.071,0.008,0.006,260.238,257.191,256.661
1780888640.318388,-11.099,-10.0,0.005,0.006,259.816,257.589,256.666
1780888640.328983,-10.592,-10.214,0.005,0.006,259.779,257.669,256.623
1780888640.343311,-10.592,-10.214,0.005,0.006,259.779,257.669,256.623
1780888640.3571808,-8.225,-10.357,0.004,0.006,259.458,258.012,256.59
1780888640.39263,-8.0,-10.5,0.004,0.006,259.464,258.035,256.563
1780888640.392954,-6.873,-10.786,0.003,0.007,259.332,258.217,256.511
1780888640.3933241,-6.197,-11.286,0.002,0.007,259.296,258.345,256.421
1780888640.405942,-4.676,-11.214,0.001,0.007,259.095,258.526,256.439
1780888640.416509,-4.451,-11.857,0.001,0.007,259.146,258.593,256.325
1780888640.430393,-3.549,-12.143,0.001,0.008,259.05,258.737,256.278
1780888640.444694,-2.648,-12.214,0.0,0.008,258.934,258.86,256.271
1780888640.4551868,-1.127,-13.0,-0.001,0.008,258.811,259.119,256.141
1780888640.469075,-0.451,-12.929,-0.001,0.008,258.72,259.19,256.162
1780888640.4833112,0.507,-13.5,-0.002,0.009,258.643,259.368,256.066
1780888640.493908,1.183,-13.643,-0.002,0.009,258.572,259.458,256.049
1780888640.507773,16.0,-48.286,-0.014,0.036,259.445,265.439,250.168
1780888640.5184681,3.775,-15.143,-0.004,0.009,258.342,259.789,255.958
1780888640.5328481,3.775,-15.143,-0.004,0.009,258.342,259.789,255.958
1780888640.5465941,3.775,-15.143,-0.004,0.009,258.342,259.789,255.958
1780888640.5574908,4.789,-15.929,-0.004,0.01,258.418,259.863,255.817
1780888640.5714188,4.789,-15.929,-0.004,0.01,258.418,259.863,255.817
1780888640.609496,7.155,-16.357,-0.005,0.01,258.089,260.285,255.741
1780888640.609887,5.803,-16.214,-0.004,0.01,258.313,260.022,255.769
1780888640.6102579,5.803,-16.214,-0.004,0.01,258.313,260.022,255.769
1780888640.6196249,5.803,-16.214,-0.004,0.01,258.313,260.022,255.769
1780888640.633813,11.662,-17.214,-0.009,0.011,257.48,261.088,255.592
1780888640.644418,13.521,-17.786,-0.01,0.011,257.269,261.42,255.497
1780888640.658208,14.592,-17.857,-0.011,0.011,257.142,261.563,255.492
1780888640.672516,15.324,-18.143,-0.011,0.011,257.087,261.67,255.449
1780888640.6831732,16.338,-18.571,-0.012,0.012,257.001,261.841,255.38
1780888640.6970592,17.746,-19.286,-0.013,0.012,256.91,262.062,255.273
1780888640.707425,18.366,-19.714,-0.013,0.012,256.882,262.166,255.207
1780888640.721856,18.366,-19.714,-0.013,0.012,256.882,262.166,255.207
1780888640.735553,19.831,-20.143,-0.014,0.013,256.72,262.418,255.143
1780888640.7465441,20.732,-21.214,-0.014,0.013,256.736,262.588,254.978
1780888640.760106,21.352,-21.5,-0.014,0.014,256.691,262.679,254.942
1780888640.77439,21.352,-21.5,-0.014,0.014,256.691,262.679,254.942
1780888640.8075972,23.437,-22.357,-0.016,0.014,256.495,263.039,254.821
1780888640.808007,23.831,-22.786,-0.016,0.014,256.498,263.106,254.761
1780888640.809161,24.225,-23.071,-0.016,0.015,256.486,263.16,254.726
1780888640.823636,24.789,-23.571,-0.016,0.015,256.465,263.267,254.653
1780888640.8371542,25.577,-23.857,-0.017,0.015,256.411,263.353,254.632
1780888640.847981,26.423,-23.786,-0.017,0.015,256.293,263.458,254.658
1780888640.8621922,26.648,-23.786,-0.017,0.015,256.279,263.459,254.67
1780888640.876068,27.155,-23.786,-0.018,0.015,256.22,263.514,254.681
1780888640.88715,27.718,-23.786,-0.018,0.015,256.171,263.548,254.7
1780888640.900424,28.282,-24.0,-0.018,0.015,256.12,263.64,254.67
1780888640.911683,28.676,-23.857,-0.018,0.015,256.064,263.666,254.703
1780888640.92545,29.296,-24.143,-0.019,0.015,256.028,263.75,254.667
1780888640.939391,29.352,-24.286,-0.019,0.015,256.049,263.748,254.649
1780888640.950027,29.69,-24.571,-0.019,0.015,256.036,263.814,254.605
1780888640.964232,29.746,-24.357,-0.019,0.015,256.022,263.778,254.65
1780888640.978018,30.085,-23.929,-0.019,0.015,255.957,263.753,254.734
1780888641.011221,30.197,-24.0,-0.019,0.015,255.959,263.763,254.724
1780888641.011539,30.366,-24.214,-0.019,0.015,255.964,263.798,254.689
1780888641.01321,30.366,-23.857,-0.019,0.014,255.942,263.745,254.755
1780888641.026942,30.423,-23.571,-0.019,0.014,255.928,263.699,254.809
1780888641.0412931,30.366,-23.714,-0.019,0.014,255.958,263.693,254.784
1780888641.051906,30.479,-23.643,-0.019,0.014,255.943,263.697,254.797
1780888641.06561,30.535,-23.286,-0.019,0.014,255.918,263.654,254.857
1780888641.079413,30.423,-23.214,-0.019,0.014,255.936,263.62,254.868
1780888641.090046,30.423,-22.857,-0.019,0.014,255.911,263.578,254.93
1780888641.104508,30.141,-22.643,-0.018,0.013,255.941,263.502,254.964
1780888641.115087,30.197,-22.5,-0.018,0.013,255.929,263.494,254.983
1780888641.128779,29.972,-22.357,-0.018,0.013,255.956,263.438,255.005
1780888641.1431282,29.521,-21.929,-0.018,0.013,255.991,263.315,255.076
1780888641.15378,29.465,-21.643,-0.018,0.013,255.977,263.279,255.121
1780888641.167365,29.296,-21.571,-0.018,0.013,255.999,263.246,255.128
1780888641.181631,29.296,-21.571,-0.018,0.013,255.999,263.246,255.128
1780888641.210426,29.296,-21.571,-0.018,0.013,255.999,263.246,255.128
1780888641.210698,27.38,-20.071,-0.016,0.012,256.163,262.774,255.377
1780888641.2164218,27.099,-20.0,-0.016,0.012,256.199,262.732,255.379
1780888641.2302122,26.873,-19.429,-0.016,0.011,256.18,262.65,255.47
1780888641.24464,25.972,-19.214,-0.015,0.011,256.298,262.486,255.496
1780888641.255353,25.465,-18.571,-0.015,0.011,256.312,262.369,255.587
1780888641.269093,25.014,-18.071,-0.014,0.01,256.333,262.259,255.664
1780888641.283503,24.169,-17.786,-0.014,0.01,256.434,262.104,255.702
1780888641.294105,24.282,-17.643,-0.014,0.01,256.396,262.132,255.714
1780888641.307842,22.986,-17.071,-0.013,0.01,256.535,261.893,255.79
1780888641.318517,22.704,-16.786,-0.013,0.01,256.545,261.839,255.829
1780888641.3326862,22.197,-16.857,-0.013,0.01,256.623,261.781,255.804
1780888641.346433,21.014,-16.357,-0.012,0.009,256.744,261.575,255.871
1780888641.357184,20.225,-16.071,-0.011,0.009,256.831,261.435,255.911
1780888641.371413,19.606,-15.786,-0.011,0.009,256.89,261.327,255.952
1780888641.38512,18.817,-16.5,-0.01,0.01,257.067,261.289,255.813
1780888641.4164128,17.69,-14.0,-0.01,0.008,256.989,260.909,256.237
1780888641.416758,17.352,-14.643,-0.009,0.008,257.089,260.945,256.106
1780888641.4195,17.352,-14.643,-0.009,0.008,257.089,260.945,256.106
1780888641.433894,17.352,-14.643,-0.009,0.008,257.089,260.945,256.106
1780888641.4476411,14.31,-14.357,-0.007,0.008,257.51,260.465,256.135
1780888641.458113,13.803,-14.429,-0.007,0.008,257.575,260.421,256.112
1780888641.472388,13.803,-14.429,-0.007,0.008,257.575,260.421,256.112
1780888641.486089,12.394,-14.071,-0.006,0.008,257.745,260.184,256.167
1780888641.496764,11.324,-13.714,-0.005,0.008,257.833,260.043,256.212
1780888641.510516,10.535,-13.286,-0.005,0.008,257.897,259.905,256.28
1780888641.521736,10.028,-12.786,-0.005,0.007,257.909,259.808,256.36
1780888641.5354822,8.169,-13.0,-0.003,0.007,258.182,259.59,256.3
1780888641.549182,7.38,-12.786,-0.003,0.007,258.264,259.475,256.33
1780888641.5598972,6.535,-12.786,-0.002,0.007,258.375,259.37,256.321
1780888641.574146,6.141,-12.429,-0.002,0.007,258.38,259.306,256.378
1780888641.584598,4.789,-12.357,-0.001,0.007,258.542,259.145,256.375
1780888641.598492,4.169,-12.5,-0.001,0.007,258.631,259.089,256.342
1780888641.633129,3.155,-12.429,-0.0,0.007,258.764,258.948,256.349
1780888641.633544,2.648,-12.214,-0.0,0.007,258.799,258.878,256.382
1780888641.63697,1.408,-12.714,0.001,0.008,258.996,258.785,256.283
1780888641.6474948,0.451,-12.643,0.001,0.008,259.119,258.652,256.293
1780888641.661798,-0.338,-12.714,0.002,0.008,259.228,258.562,256.277
1780888641.6756291,-1.07,-12.786,0.002,0.008,259.326,258.48,256.262
1780888641.6862662,-1.972,-12.857,0.003,0.008,259.425,258.401,256.245
1780888641.700089,-2.817,-12.714,0.003,0.008,259.523,258.279,256.269
1780888641.7106218,-3.437,-13.286,0.003,0.008,259.652,258.26,256.165
1780888641.7249439,-3.831,-13.5,0.004,0.008,259.709,258.244,256.128
1780888641.735513,-4.958,-13.643,0.004,0.008,259.854,258.126,256.107
1780888641.749262,-4.958,-13.643,0.004,0.008,259.854,258.126,256.107
1780888641.7635741,-4.958,-13.643,0.004,0.008,259.854,258.126,256.107
1780888641.7743309,-6.761,-14.143,0.006,0.009,260.174,257.907,256.019
1780888641.788542,-7.831,-15.071,0.006,0.009,260.375,257.875,255.865
1780888641.798338,-8.338,-15.357,0.006,0.01,260.453,257.845,255.821
1780888641.812732,-8.338,-15.357,0.006,0.01,260.453,257.845,255.821
1780888641.846978,-9.521,-16.357,0.007,0.01,260.681,257.794,255.661
1780888641.847285,-10.197,-16.714,0.007,0.011,260.795,257.74,255.608
1780888641.8512142,-10.648,-16.643,0.008,0.01,260.83,257.682,255.631
1780888641.865082,-10.873,-17.5,0.008,0.011,260.919,257.746,255.489
1780888641.8755462,-11.662,-17.643,0.008,0.011,261.004,257.669,255.486
1780888641.8892002,-12.056,-17.714,0.008,0.011,261.048,257.63,255.484
1780888641.8997812,-12.563,-18.0,0.009,0.011,261.133,257.592,255.444
1780888641.914222,-12.845,-17.929,0.009,0.011,261.146,257.557,255.466
1780888641.9288461,-13.352,-18.5,0.009,0.012,261.235,257.559,255.383
1780888641.938535,-13.465,-18.643,0.009,0.012,261.243,257.568,255.368
1780888641.953294,-13.746,-18.857,0.009,0.012,261.289,257.555,255.339
1780888641.9666371,-14.197,-19.286,0.009,0.012,261.385,257.534,255.272
1780888641.977354,-14.535,-19.786,0.009,0.012,261.448,257.547,255.203
1780888641.991703,-14.535,-19.786,0.009,0.012,261.426,257.557,255.214
1780888642.0022788,-14.704,-19.786,0.009,0.012,261.435,257.538,255.223
1780888642.015667,-14.761,-20.143,0.009,0.013,261.461,257.571,255.169
1780888642.046494,-14.761,-20.143,0.009,0.013,261.461,257.571,255.169
1780888642.046779,-14.761,-20.143,0.009,0.013,261.461,257.571,255.169
1780888642.0539572,-14.761,-20.143,0.009,0.013,261.461,257.571,255.169
1780888642.0675762,-14.761,-20.143,0.009,0.013,261.461,257.571,255.169
1780888642.0780659,-14.761,-20.143,0.009,0.013,261.461,257.571,255.169
1780888642.092351,-14.761,-20.143,0.009,0.013,261.461,257.571,255.169
1780888642.102914,-14.817,-22.143,0.009,0.014,261.651,257.752,254.827
1780888642.1165981,-14.93,-22.357,0.009,0.014,261.67,257.756,254.806
1780888642.1303098,-14.197,-22.714,0.009,0.014,261.559,257.907,254.76
1780888642.141473,-14.535,-22.929,0.009,0.015,261.623,257.871,254.738
1780888642.155332,-14.31,-22.786,0.009,0.014,261.554,257.892,254.779
1780888642.1690528,-13.915,-23.143,0.008,0.015,261.497,257.984,254.742
1780888642.179797,-13.521,-23.071,0.008,0.014,261.412,258.037,254.767
1780888642.194033,-13.296,-23.143,0.008,0.014,261.374,258.076,254.765
1780888642.204553,-12.845,-23.071,0.008,0.014,261.279,258.131,254.797
1780888642.218477,-12.451,-23.071,0.007,0.014,261.21,258.189,254.805
1780888642.2484322,-12.225,-23.214,0.007,0.014,261.185,258.232,254.787
1780888642.248702,-11.944,-23.071,0.007,0.014,261.123,258.256,254.818
1780888642.256951,-11.042,-23.286,0.006,0.014,260.996,258.405,254.792
1780888642.271301,-10.817,-23.071,0.006,0.014,260.942,258.412,254.835
1780888642.281808,-10.197,-23.357,0.006,0.014,260.87,258.529,254.789
1780888642.295588,-9.634,-23.0,0.005,0.014,260.747,258.576,254.856
1780888642.30608,-8.901,-22.786,0.005,0.014,260.622,258.652,254.897
1780888642.3199182,-8.451,-22.571,0.004,0.014,260.537,258.693,254.937
1780888642.334473,-7.944,-22.714,0.004,0.014,260.478,258.776,254.912
1780888642.344811,-6.873,-22.5,0.003,0.014,260.306,258.903,254.95
1780888642.35839,-6.366,-22.071,0.003,0.013,260.195,258.931,255.025
1780888642.3691561,-6.366,-22.071,0.003,0.013,260.195,258.931,255.025
1780888642.383434,-5.296,-22.143,0.002,0.013,260.04,259.098,255.011
1780888642.3940969,-4.225,-21.857,0.002,0.013,259.874,259.212,255.057
1780888642.407701,-3.831,-21.571,0.001,0.013,259.801,259.233,255.105
1780888642.422036,-3.831,-21.571,0.001,0.013,259.801,259.233,255.105
1780888642.459848,-3.831,-21.571,0.001,0.013,259.801,259.233,255.105
1780888642.460303,-1.577,-21.429,-0.0,0.013,259.436,259.573,255.127
1780888642.460681,-1.352,-21.214,-0.0,0.013,259.407,259.566,255.161
1780888642.472259,-0.282,-20.929,-0.001,0.012,259.23,259.693,255.207
1780888642.484564,-0.282,-20.929,-0.001,0.012,259.23,259.693,255.207
1780888642.49505,1.521,-20.5,-0.002,0.012,258.924,259.927,255.277
1780888642.5089421,1.746,-20.071,-0.002,0.012,258.881,259.896,255.347
1780888642.5233018,2.423,-20.071,-0.003,0.012,258.804,259.983,255.339
1780888642.5339231,2.873,-19.643,-0.003,0.011,258.723,259.992,255.408
1780888642.547619,4.169,-19.214,-0.004,0.011,258.536,260.12,255.466
1780888642.558281,4.789,-18.714,-0.004,0.011,258.421,260.151,255.546
1780888642.572706,5.296,-18.786,-0.004,0.011,258.378,260.22,255.524
1780888642.586435,6.141,-18.5,-0.005,0.011,258.245,260.312,255.566
1780888642.597024,7.324,-18.143,-0.006,0.011,258.084,260.43,255.612
1780888642.611246,8.113,-18.5,-0.006,0.011,258.021,260.574,255.54
1780888642.621978,8.169,-18.0,-0.006,0.011,257.996,260.51,255.623
1780888642.6356978,9.69,-17.714,-0.007,0.01,257.784,260.695,255.657
1780888642.6716008,10.085,-17.571,-0.007,0.01,257.737,260.725,255.675
1780888642.672029,10.873,-17.429,-0.008,0.01,257.627,260.822,255.693
1780888642.67412,11.155,-17.0,-0.008,0.01,257.571,260.806,255.762
1780888642.684649,12.113,-16.929,-0.008,0.01,257.469,260.918,255.758
1780888642.6985059,12.789,-16.714,-0.009,0.01,257.368,260.992,255.789
1780888642.7128131,13.634,-16.786,-0.009,0.01,257.267,261.122,255.769
1780888642.723232,14.028,-16.357,-0.01,0.01,257.193,261.125,255.839
1780888642.737119,15.042,-15.786,-0.01,0.009,257.035,261.201,255.924
1780888642.75121,15.493,-15.786,-0.01,0.009,256.991,261.258,255.915
1780888642.7620249,15.493,-15.786,-0.01,0.009,256.991,261.258,255.915
1780888642.775715,16.789,-14.929,-0.011,0.009,256.736,261.375,256.06
1780888642.786481,17.634,-14.143,-0.012,0.008,256.593,261.401,256.178
1780888642.800149,17.972,-14.714,-0.012,0.009,256.621,261.496,256.064
1780888642.814254,18.197,-14.286,-0.012,0.008,256.573,261.473,256.132
1780888642.824824,18.197,-14.286,-0.012,0.008,256.573,261.473,256.132
1780888642.838481,18.197,-14.286,-0.012,0.008,256.573,261.473,256.132
1780888642.874102,20.0,-13.929,-0.013,0.008,256.285,261.729,256.186
1780888642.8744588,20.282,-13.786,-0.013,0.008,256.259,261.74,256.202
1780888642.876895,20.789,-13.929,-0.014,0.008,256.249,261.799,256.159
1780888642.887511,21.352,-13.714,-0.014,0.008,256.167,261.856,256.19
1780888642.901825,21.408,-13.214,-0.014,0.008,256.139,261.796,256.272
1780888642.915586,21.746,-13.357,-0.014,0.008,256.123,261.852,256.237
1780888642.926123,22.479,-13.071,-0.015,0.008,256.007,261.933,256.281
1780888642.939966,22.704,-13.071,-0.015,0.008,255.995,261.954,256.273
1780888642.9545548,22.761,-12.571,-0.015,0.007,255.964,261.897,256.355
1780888642.965048,23.38,-13.071,-0.015,0.008,255.954,262.026,256.25
1780888642.978744,23.606,-13.214,-0.015,0.008,255.95,262.064,256.219
1780888642.989366,23.493,-13.071,-0.015,0.008,255.972,262.015,256.241
1780888643.003742,23.775,-13.143,-0.015,0.008,255.951,262.058,256.224
1780888643.0174751,23.944,-13.143,-0.015,0.008,255.953,262.062,256.218
1780888643.027912,24.338,-13.071,-0.015,0.008,255.898,262.113,256.228
1780888643.042391,24.113,-13.071,-0.015,0.008,255.946,262.062,256.225
1780888643.077537,24.282,-13.357,-0.015,0.008,255.956,262.111,256.171
1780888643.0778701,24.282,-13.786,-0.015,0.008,256.013,262.135,256.093
1780888643.0803468,24.225,-13.857,-0.015,0.008,256.035,262.123,256.082
1780888643.091444,24.338,-13.786,-0.015,0.008,256.017,262.127,256.096
1780888643.105218,24.169,-14.286,-0.015,0.009,256.097,262.134,256.01
1780888643.119045,23.944,-14.571,-0.015,0.009,256.16,262.117,255.961
1780888643.1296031,23.718,-14.786,-0.014,0.009,256.216,262.094,255.927
1780888643.14401,23.887,-14.929,-0.014,0.009,256.202,262.133,255.906
1780888643.1579158,23.606,-15.143,-0.014,0.009,256.265,262.095,255.877
1780888643.1681962,23.606,-15.571,-0.014,0.01,256.302,262.135,255.805
1780888643.182683,23.155,-15.643,-0.014,0.01,256.376,262.059,255.798
1780888643.1934478,23.155,-16.071,-0.014,0.01,256.411,262.1,255.728
1780888643.2072608,22.817,-16.357,-0.014,0.01,256.479,262.067,255.69
1780888643.2214808,22.704,-16.143,-0.014,0.01,256.472,262.024,255.736
1780888643.232218,22.254,-16.857,-0.013,0.011,256.602,262.017,255.614
1780888643.245887,21.521,-16.929,-0.013,0.011,256.706,261.898,255.617
1780888643.280558,21.296,-17.0,-0.012,0.011,256.739,261.869,255.611
1780888643.280907,20.732,-16.929,-0.012,0.01,256.812,261.768,255.631
1780888643.284369,20.563,-17.214,-0.012,0.011,256.854,261.772,255.585
1780888643.294992,20.338,-18.5,-0.012,0.012,256.986,261.869,255.37
1780888643.308726,20.113,-18.571,-0.012,0.012,257.015,261.839,255.368
1780888643.323155,19.437,-18.857,-0.011,0.012,257.136,261.753,255.327
1780888643.333659,19.324,-19.143,-0.011,0.012,257.165,261.767,255.287
1780888643.347451,18.31,-19.5,-0.01,0.012,257.33,261.637,255.244
1780888643.3622231,17.972,-20.214,-0.01,0.013,257.432,261.656,255.128
1780888643.372746,17.634,-20.143,-0.01,0.013,257.462,261.596,255.153
1780888643.386306,17.07,-20.786,-0.01,0.013,257.578,261.574,255.061
1780888643.396915,16.62,-21.357,-0.009,0.013,257.684,261.559,254.972
1780888643.410541,16.62,-21.357,-0.009,0.013,257.684,261.559,254.972
1780888643.42505,15.831,-22.071,-0.009,0.014,257.857,261.501,254.859
1780888643.435731,14.761,-22.143,-0.008,0.014,257.993,261.341,254.873
1780888643.449357,14.366,-22.286,-0.008,0.014,258.047,261.297,254.861
1780888643.484289,14.31,-22.429,-0.008,0.014,258.048,261.312,254.847
1780888643.484697,13.634,-23.071,-0.007,0.015,258.196,261.269,254.745
1780888643.487946,12.676,-23.429,-0.007,0.015,258.338,261.162,254.706
1780888643.498334,12.225,-23.357,-0.007,0.015,258.382,261.089,254.731
1780888643.5127249,11.662,-23.5,-0.006,0.015,258.464,261.019,254.716
1780888643.5264242,10.986,-23.643,-0.006,0.015,258.543,260.943,254.71
1780888643.536911,10.141,-23.714,-0.005,0.015,258.665,260.82,254.707
1780888643.5514948,9.746,-24.0,-0.005,0.015,258.733,260.795,254.665
1780888643.562135,9.352,-24.143,-0.005,0.015,258.788,260.757,254.648
1780888643.575973,8.394,-24.143,-0.004,0.015,258.899,260.625,254.664
1780888643.589705,8.0,-24.5,-0.004,0.015,258.975,260.608,254.608
1780888643.6004329,7.493,-24.357,-0.004,0.015,259.023,260.523,254.641
1780888643.6147468,6.873,-24.214,-0.003,0.015,259.089,260.421,254.672
1780888643.625521,5.859,-24.0,-0.003,0.015,259.192,260.263,254.72
1780888643.63913,5.296,-24.143,-0.002,0.015,259.277,260.2,254.698
1780888643.653456,5.07,-24.071,-0.002,0.015,259.286,260.174,254.714
1780888643.6896598,4.338,-23.643,-0.002,0.014,259.345,260.029,254.791
1780888643.690052,3.775,-23.929,-0.001,0.015,259.423,260.001,254.744
1780888643.690423,2.93,-24.071,-0.001,0.015,259.557,259.892,254.72
1780888643.70225,2.423,-24.357,-0.001,0.015,259.647,259.854,254.673
1780888643.7160692,2.254,-24.0,-0.0,0.015,259.619,259.811,254.738
1780888643.7265122,1.183,-23.786,0.0,0.014,259.737,259.651,254.777
1780888643.7403688,0.676,-23.929,0.001,0.014,259.815,259.6,254.752
1780888643.751446,0.451,-24.0,0.001,0.015,259.839,259.589,254.74
1780888643.765294,-0.338,-24.143,0.001,0.015,259.965,259.49,254.716
1780888643.775884,-1.239,-23.714,0.002,0.014,260.034,259.341,254.791
1780888643.7896278,-1.465,-23.786,0.002,0.014,260.059,259.33,254.778
1780888643.8039832,-2.028,-23.429,0.002,0.014,260.1,259.222,254.84
1780888643.814684,-2.535,-23.714,0.002,0.014,260.176,259.205,254.787
1780888643.82844,-2.873,-23.643,0.003,0.014,260.208,259.16,254.799
1780888643.839179,-3.324,-23.786,0.003,0.014,260.28,259.117,254.774
1780888643.853556,-3.718,-23.5,0.003,0.014,260.301,259.042,254.824
1780888643.867261,-4.225,-23.429,0.003,0.014,260.343,258.988,254.836
1780888643.9053671,-4.789,-23.5,0.004,0.014,260.429,258.919,254.822
1780888643.905808,-5.127,-23.571,0.004,0.014,260.477,258.887,254.809
1780888643.9061701,-5.352,-23.357,0.004,0.014,260.478,258.847,254.846
1780888643.9163089,-5.859,-23.714,0.004,0.014,260.566,258.829,254.783
1780888643.930021,-6.254,-23.643,0.004,0.014,260.611,258.772,254.796
1780888643.941199,-6.648,-22.929,0.005,0.014,260.593,258.655,254.921
1780888643.95504,-6.93,-23.286,0.005,0.014,260.661,258.659,254.855
1780888643.965547,-7.042,-23.0,0.005,0.014,260.626,258.643,254.902
1780888643.979348,-7.324,-22.5,0.005,0.013,260.614,258.564,254.988
1780888643.993699,-7.549,-22.143,0.005,0.013,260.607,258.508,255.047
1780888644.004262,-7.662,-22.286,0.005,0.013,260.631,258.518,255.016
1780888644.018092,-7.718,-22.143,0.005,0.013,260.608,258.521,255.033
1780888644.028832,-7.831,-21.929,0.005,0.013,260.599,258.494,255.067
1780888644.043254,-7.887,-21.571,0.005,0.013,260.568,258.462,255.125
1780888644.056865,-8.0,-21.143,0.005,0.012,260.535,258.427,255.188
1780888644.067331,-8.225,-21.0,0.005,0.012,260.556,258.388,255.207
1780888644.081772,-7.718,-20.357,0.005,0.012,260.405,258.42,255.314
1780888644.117551,-8.394,-20.143,0.005,0.012,260.498,258.3,255.343
1780888644.117897,-8.225,-19.857,0.005,0.012,260.44,258.321,255.376
1780888644.1181598,-8.113,-19.571,0.005,0.011,260.393,258.322,255.419
1780888644.130233,-8.282,-19.429,0.005,0.011,260.408,258.29,255.435
1780888644.144547,-8.169,-19.5,0.005,0.011,260.396,258.323,255.414
1780888644.1551008,-8.338,-18.714,0.005,0.011,260.352,258.237,255.537
1780888644.168751,-8.169,-18.571,0.005,0.011,260.312,258.259,255.553
1780888644.179322,-8.0,-18.357,0.005,0.011,260.265,258.273,255.582
1780888644.1938748,-8.0,-18.0,0.005,0.01,260.234,258.246,255.637
1780888644.2076,-7.718,-18.0,0.005,0.011,260.195,258.304,255.617
1780888644.2180579,-7.437,-17.429,0.004,0.01,260.097,258.301,255.711
1780888644.2324648,-7.493,-17.5,0.004,0.01,260.12,258.302,255.689
1780888644.243119,-7.38,-17.357,0.004,0.01,260.093,258.31,255.706
1780888644.256866,-6.986,-16.214,0.004,0.009,259.93,258.274,255.892
1780888644.2712178,-6.873,-16.286,0.004,0.009,259.927,258.302,255.868
1780888644.281713,-6.986,-16.071,0.004,0.009,259.933,258.267,255.896
1780888644.295448,-6.817,-16.643,0.004,0.01,259.967,258.35,255.785
1780888644.3254669,-6.366,-16.071,0.004,0.009,259.85,258.372,255.873
1780888644.325815,-6.366,-16.071,0.004,0.009,259.85,258.372,255.873
1780888644.333662,-6.366,-16.071,0.004,0.009,259.85,258.372,255.873
1780888644.34405,-6.366,-16.071,0.004,0.009,259.85,258.372,255.873
1780888644.357804,-6.366,-16.071,0.004,0.009,259.85,258.372,255.873
1780888644.368381,-4.789,-15.357,0.002,0.009,259.529,258.561,255.994
1780888644.382813,-4.62,-15.214,0.002,0.009,259.503,258.57,256.009
1780888644.396588,-3.944,-15.286,0.002,0.009,259.427,258.678,255.977
1780888644.407131,-3.662,-14.643,0.002,0.008,259.334,258.657,256.085
1780888644.42138,-3.549,-14.714,0.002,0.009,259.338,258.676,256.062
1780888644.43202,-3.549,-14.714,0.002,0.009,259.338,258.676,256.062
1780888644.445593,-3.549,-14.714,0.002,0.009,259.338,258.676,256.062
1780888644.459162,-3.549,-14.714,0.002,0.009,259.338,258.676,256.062
1780888644.469772,-1.915,-14.5,0.0,0.008,259.065,258.916,256.093
1780888644.484284,-1.465,-14.643,0.0,0.009,259.025,258.992,256.059
1780888644.494755,-0.901,-14.714,-0.0,0.009,258.979,259.066,256.031
1780888644.508524,-0.676,-14.357,-0.0,0.008,258.927,259.057,256.09
1780888644.545643,-0.225,-14.214,-0.001,0.008,258.857,259.106,256.109
1780888644.546072,0.0,-13.714,-0.001,0.008,258.792,259.084,256.193
1780888644.546826,0.732,-14.071,-0.001,0.008,258.725,259.228,256.121
1780888644.557394,1.296,-14.143,-0.002,0.008,258.658,259.314,256.102
1780888644.571745,1.577,-14.071,-0.002,0.008,258.625,259.339,256.111
1780888644.585574,2.141,-14.071,-0.002,0.008,258.552,259.418,256.106
1780888644.596075,2.873,-13.929,-0.003,0.008,258.457,259.496,256.123
1780888644.6096509,2.873,-13.929,-0.003,0.008,258.457,259.496,256.123
1780888644.620317,2.873,-13.929,-0.003,0.008,258.457,259.496,256.123
1780888644.634784,4.225,-14.143,-0.004,0.008,258.277,259.725,256.081
1780888644.648633,4.845,-14.143,-0.004,0.008,258.219,259.791,256.075
1780888644.659204,5.352,-14.214,-0.004,0.009,258.164,259.864,256.06
1780888644.673426,5.69,-14.143,-0.004,0.009,258.122,259.894,256.072
1780888644.683842,5.746,-13.857,-0.004,0.008,258.106,259.858,256.121
1780888644.697711,6.085,-13.714,-0.004,0.008,258.056,259.885,256.144
1780888644.708204,7.099,-13.929,-0.005,0.008,257.931,260.059,256.103
1780888644.722649,7.606,-14.357,-0.006,0.009,257.909,260.166,256.024
1780888644.7578628,8.451,-14.143,-0.006,0.009,257.792,260.248,256.062
1780888644.758168,8.676,-14.5,-0.006,0.009,257.807,260.301,255.998
1780888644.7602198,9.183,-14.071,-0.006,0.008,257.704,260.325,256.075
1780888644.771326,9.183,-14.071,-0.006,0.008,257.704,260.325,256.075
1780888644.784968,10.366,-14.071,-0.007,0.008,257.534,260.506,256.074
1780888644.79879,10.704,-14.429,-0.007,0.009,257.534,260.576,256.009
1780888644.809366,11.042,-14.357,-0.008,0.009,257.493,260.604,256.023
1780888644.823763,11.437,-14.643,-0.008,0.009,257.475,260.678,255.972
1780888644.8376,12.0,-14.429,-0.008,0.009,257.402,260.712,256.013
1780888644.8480918,12.0,-14.429,-0.008,0.009,257.402,260.712,256.013
1780888644.862272,12.0,-14.429,-0.008,0.009,257.402,260.712,256.013
1780888644.872965,12.0,-14.429,-0.008,0.009,257.402,260.712,256.013
1780888644.8865778,13.915,-14.714,-0.009,0.009,257.165,261.023,255.959
1780888644.90032,14.085,-15.0,-0.009,0.009,257.184,261.056,255.91
1780888644.911503,14.366,-14.786,-0.01,0.009,257.138,261.06,255.951
1780888644.925222,14.817,-14.643,-0.01,0.009,257.072,261.102,255.979
1780888644.959796,15.042,-15.0,-0.01,0.009,257.103,261.135,255.917
1780888644.960225,15.155,-14.929,-0.01,0.009,257.094,261.129,255.932
1780888644.9633658,15.155,-14.929,-0.01,0.009,257.094,261.129,255.932
1780888644.973875,15.155,-14.929,-0.01,0.009,257.094,261.129,255.932
1780888644.987489,15.155,-14.929,-0.01,0.009,257.094,261.129,255.932
1780888645.001986,15.155,-14.929,-0.01,0.009,257.094,261.129,255.932
1780888645.012522,16.845,-15.143,-0.011,0.009,256.861,261.421,255.895
1780888645.026253,17.183,-15.571,-0.011,0.01,256.881,261.476,255.825
1780888645.04028,17.127,-15.643,-0.011,0.01,256.912,261.453,255.816
1780888645.051268,17.352,-15.643,-0.011,0.01,256.89,261.472,255.82
1780888645.065046,17.521,-15.571,-0.011,0.01,256.87,261.476,255.836
1780888645.075646,17.577,-16.0,-0.011,0.01,256.923,261.495,255.766
1780888645.089677,17.859,-16.143,-0.011,0.01,256.902,261.543,255.745
1780888645.103877,17.746,-16.286,-0.011,0.01,256.942,261.523,255.723
1780888645.114662,17.859,-16.571,-0.011,0.01,256.964,261.545,255.681
1780888645.128191,17.859,-16.714,-0.011,0.01,256.983,261.548,255.661
1780888645.1631548,17.859,-16.5,-0.011,0.01,256.969,261.516,255.704
1780888645.163512,18.423,-17.0,-0.011,0.011,256.93,261.652,255.618
1780888645.166702,17.972,-17.0,-0.011,0.01,257.009,261.556,255.628
1780888645.177311,17.859,-16.929,-0.011,0.01,257.023,261.521,255.645
1780888645.19162,17.803,-17.143,-0.011,0.011,257.054,261.526,255.611
1780888645.205367,17.915,-17.143,-0.011,0.011,257.038,261.539,255.615
1780888645.21598,17.69,-17.857,-0.011,0.011,257.14,261.559,255.498
1780888645.2297258,17.408,-17.714,-0.011,0.011,257.171,261.491,255.529
1780888645.244551,17.408,-18.214,-0.011,0.011,257.214,261.536,255.445
1780888645.255,17.408,-18.5,-0.01,0.011,257.236,261.556,255.407
1780888645.2685828,17.239,-18.429,-0.01,0.011,257.253,261.515,255.427
1780888645.279371,17.014,-18.429,-0.01,0.011,257.286,261.474,255.432
1780888645.293748,16.62,-18.571,-0.01,0.011,257.358,261.419,255.412
1780888645.307471,16.394,-19.0,-0.01,0.012,257.422,261.421,255.347
1780888645.318091,16.056,-18.929,-0.009,0.012,257.464,261.356,255.366
1780888645.3323321,15.831,-19.357,-0.009,0.012,257.532,261.362,255.295
1780888645.368901,15.606,-19.357,-0.009,0.012,257.56,261.324,255.301
1780888645.369344,15.211,-19.429,-0.009,0.012,257.614,261.27,255.299
1780888645.3703191,15.155,-19.786,-0.009,0.012,257.648,261.298,255.241
1780888645.3813498,14.93,-20.0,-0.009,0.012,257.695,261.283,255.209
1780888645.39519,14.592,-20.357,-0.008,0.013,257.764,261.265,255.159
1780888645.408889,14.254,-20.286,-0.008,0.013,257.802,261.203,255.178
1780888645.419455,13.972,-20.357,-0.008,0.013,257.844,261.166,255.172
1780888645.43384,13.915,-20.571,-0.008,0.013,257.863,261.182,255.139
1780888645.447787,13.634,-20.214,-0.008,0.012,257.866,261.102,255.208
1780888645.458039,13.634,-20.214,-0.008,0.012,257.866,261.102,255.208
1780888645.4722931,13.634,-20.214,-0.008,0.012,257.866,261.102,255.208
1780888645.483056,12.113,-20.571,-0.007,0.013,258.134,260.885,255.149
1780888645.496752,11.718,-20.357,-0.006,0.012,258.148,260.818,255.196
1780888645.511277,11.549,-20.357,-0.006,0.012,258.162,260.8,255.199
1780888645.521844,11.155,-20.0,-0.006,0.012,258.18,260.709,255.265
1780888645.535608,10.761,-20.143,-0.006,0.012,258.232,260.679,255.242
1780888645.568568,10.366,-20.143,-0.006,0.012,258.285,260.623,255.243
1780888645.568911,10.366,-20.143,-0.006,0.012,258.285,260.623,255.243
1780888645.573868,10.366,-20.143,-0.006,0.012,258.285,260.623,255.243
1780888645.5844128,8.901,-20.0,-0.005,0.012,258.481,260.389,255.271
1780888645.598177,8.732,-20.071,-0.005,0.012,258.5,260.382,255.259
1780888645.612604,8.282,-19.786,-0.004,0.012,258.532,260.294,255.31
1780888645.6232991,8.113,-19.786,-0.004,0.012,258.546,260.281,255.309
1780888645.636935,7.437,-19.857,-0.004,0.012,258.634,260.203,255.296
1780888645.647468,6.873,-19.929,-0.003,0.012,258.719,260.13,255.283
1780888645.661984,6.648,-19.5,-0.003,0.012,258.701,260.066,255.359
1780888645.675586,6.197,-19.286,-0.003,0.012,258.741,259.986,255.395
1780888645.6862268,5.577,-19.214,-0.003,0.012,258.81,259.909,255.402
1780888645.700182,5.183,-18.286,-0.002,0.011,258.774,259.77,255.564
1780888645.7114828,5.239,-18.286,-0.003,0.011,258.754,259.798,255.558
1780888645.725088,4.676,-18.714,-0.002,0.011,258.876,259.761,255.476
1780888645.738849,4.113,-18.5,-0.002,0.011,258.924,259.68,255.507
1780888645.7728949,3.662,-18.643,-0.002,0.011,258.999,259.634,255.478
1780888645.7733278,3.775,-18.643,-0.002,0.011,258.968,259.668,255.476
1780888645.774018,2.648,-18.357,-0.001,0.011,259.102,259.483,255.522
1780888645.788033,2.423,-18.5,-0.001,0.011,259.14,259.475,255.494
1780888645.8021739,2.31,-18.643,-0.001,0.011,259.16,259.485,255.466
1780888645.812845,2.028,-18.571,-0.001,0.011,259.187,259.445,255.478
1780888645.8264802,1.296,-18.286,-0.0,0.011,259.256,259.325,255.526
1780888645.837067,1.07,-18.643,-0.0,0.011,259.315,259.336,255.46
1780888645.851723,0.845,-18.214,0.0,0.011,259.299,259.271,255.535
1780888645.86213,0.62,-18.286,0.0,0.011,259.332,259.255,255.52
1780888645.875704,0.0,-18.429,0.001,0.011,259.425,259.192,255.492
1780888645.8895261,-0.394,-18.357,0.001,0.011,259.472,259.133,255.504
1780888645.900186,-0.563,-18.286,0.001,0.011,259.481,259.112,255.515
1780888645.914467,-0.901,-18.071,0.001,0.011,259.505,259.049,255.552
1780888645.925317,-1.465,-18.0,0.001,0.011,259.569,258.975,255.561
1780888645.939241,-1.408,-18.143,0.001,0.011,259.563,259.011,255.534
1780888645.9533288,-1.803,-18.071,0.002,0.011,259.611,258.952,255.545
1780888645.9888608,-2.197,-18.0,0.002,0.011,259.659,258.893,255.556
1780888645.98926,-2.197,-17.714,0.002,0.011,259.61,258.889,255.604
1780888645.989631,-2.535,-18.0,0.002,0.011,259.685,258.872,255.551
1780888646.0025191,-2.479,-17.571,0.002,0.011,259.626,258.851,255.626
1780888646.016222,-2.704,-17.714,0.002,0.011,259.67,258.838,255.597
1780888646.026798,-2.93,-17.5,0.002,0.01,259.671,258.8,255.632
1780888646.0411808,-3.099,-17.786,0.002,0.011,259.72,258.808,255.579
1780888646.051601,-3.211,-17.5,0.002,0.011,259.704,258.772,255.628
1780888646.065595,-3.324,-17.786,0.002,0.011,259.737,258.797,255.573
1780888646.076113,-3.493,-17.571,0.002,0.011,259.738,258.757,255.611
1780888646.089844,-3.831,-17.571,0.003,0.011,259.788,258.709,255.609
1780888646.104268,-3.831,-17.5,0.003,0.011,259.775,258.71,255.62
1780888646.1147819,-3.718,-17.786,0.002,0.011,259.772,258.768,255.568
1780888646.128542,-3.944,-17.857,0.003,0.011,259.812,258.743,255.555
1780888646.139132,-4.0,-17.786,0.003,0.011,259.809,258.733,255.568
1780888646.153686,-4.169,-17.5,0.003,0.011,259.804,258.683,255.618
1780888646.1673741,-4.113,-17.786,0.003,0.011,259.813,258.73,255.566
1780888646.2131488,-4.169,-17.786,0.003,0.011,259.818,258.725,255.566
1780888646.213471,-4.113,-17.643,0.003,0.011,259.792,258.725,255.591
1780888646.213784,-3.944,-17.643,0.002,0.011,259.761,258.755,255.591
1780888646.2162719,-4.056,-17.643,0.003,0.011,259.775,258.743,255.589
1780888646.2298949,-3.944,-17.643,0.002,0.011,259.755,258.763,255.589
1780888646.240982,-3.887,-17.786,0.002,0.011,259.758,258.788,255.563
1780888646.254838,-3.606,-17.643,0.002,0.011,259.696,258.821,255.589
1780888646.2653801,-3.493,-17.643,0.002,0.011,259.677,258.841,255.588
1780888646.2791839,-3.38,-17.5,0.002,0.011,259.646,258.845,255.613
1780888646.29359,-3.38,-17.571,0.002,0.011,259.654,258.851,255.6
1780888646.304296,-3.38,-17.714,0.002,0.011,259.669,258.864,255.574
1780888646.317899,-3.211,-17.643,0.002,0.011,259.636,258.883,255.586
1780888646.3283489,-3.042,-17.857,0.002,0.011,259.63,258.929,255.548
1780888646.3428311,-3.042,-17.5,0.002,0.011,259.597,258.893,255.612
1780888646.3565838,-2.592,-17.929,0.001,0.011,259.568,259.003,255.536
1780888646.367289,-2.423,-17.714,0.001,0.011,259.522,259.007,255.575
1780888646.381367,-2.479,-17.929,0.001,0.011,259.555,259.014,255.537
1780888646.418627,-2.141,-17.786,0.001,0.011,259.488,259.053,255.564
1780888646.419054,-2.141,-17.929,0.001,0.011,259.511,259.056,255.54
1780888646.41932,-1.859,-18.286,0.001,0.011,259.501,259.132,255.477
1780888646.429777,-1.577,-18.143,0.001,0.011,259.444,259.16,255.505
1780888646.444085,-1.465,-18.214,0.001,0.011,259.436,259.179,255.494
1780888646.4546702,-0.789,-18.071,0.0,0.011,259.32,259.265,255.522
1780888646.468489,-0.789,-18.071,0.0,0.011,259.326,259.258,255.523
1780888646.4829829,-0.507,-18.357,-0.0,0.011,259.312,259.325,255.473
1780888646.493681,-0.225,-18.214,-0.0,0.011,259.258,259.351,255.5
1780888646.507272,0.451,-18.143,-0.001,0.011,259.153,259.44,255.514
1780888646.517817,0.789,-18.429,-0.001,0.011,259.133,259.515,255.464
1780888646.532174,0.901,-18.714,-0.001,0.011,259.149,259.55,255.415
1780888646.546058,1.127,-18.286,-0.001,0.011,259.079,259.537,255.494
1780888646.556715,1.803,-18.643,-0.002,0.011,259.018,259.665,255.432
1780888646.570404,1.859,-18.357,-0.002,0.011,258.99,259.636,255.485
1780888646.581494,2.366,-18.643,-0.002,0.011,258.943,259.738,255.435
1780888646.595263,2.366,-18.429,-0.002,0.011,258.932,259.706,255.474
1780888646.632142,2.873,-18.714,-0.002,0.011,258.893,259.798,255.426
1780888646.632503,3.493,-18.143,-0.003,0.011,258.747,259.836,255.528
1780888646.6337988,3.775,-18.571,-0.003,0.011,258.753,259.913,255.451
1780888646.644288,4.507,-18.357,-0.003,0.011,258.635,259.991,255.491
1780888646.6580632,4.789,-18.214,-0.003,0.011,258.588,260.013,255.516
1780888646.66878,5.014,-18.286,-0.004,0.011,258.57,260.045,255.503
1780888646.683095,5.127,-18.357,-0.004,0.011,258.57,260.06,255.49
1780888646.6968691,6.085,-18.5,-0.004,0.011,258.45,260.21,255.465
1780888646.707276,6.085,-19.0,-0.004,0.012,258.508,260.245,255.377
1780888646.721728,6.535,-18.857,-0.005,0.012,258.432,260.294,255.405
1780888646.732238,6.93,-18.857,-0.005,0.012,258.379,260.346,255.407
1780888646.7459998,7.38,-19.0,-0.005,0.012,258.34,260.41,255.385
1780888646.759847,7.831,-19.143,-0.005,0.012,258.292,260.486,255.362
1780888646.770411,8.0,-19.286,-0.005,0.012,258.289,260.514,255.339
1780888646.784631,8.282,-19.214,-0.006,0.012,258.247,260.541,255.354
1780888646.795369,8.901,-19.357,-0.006,0.012,258.183,260.633,255.332
1780888646.809046,9.239,-19.357,-0.006,0.012,258.139,260.676,255.334
1780888646.846643,9.465,-19.429,-0.006,0.012,258.12,260.707,255.324
1780888646.847162,10.028,-19.143,-0.007,0.012,258.014,260.761,255.377
1780888646.847662,9.972,-18.929,-0.007,0.011,258.027,260.704,255.416
1780888646.858216,10.648,-19.071,-0.007,0.012,257.942,260.822,255.39
1780888646.8725572,10.648,-19.5,-0.007,0.012,257.993,260.851,255.315
1780888646.886474,11.493,-19.714,-0.008,0.012,257.896,260.99,255.281
1780888646.8969312,11.493,-20.071,-0.007,0.012,257.939,261.011,255.221
1780888646.911354,11.775,-19.857,-0.008,0.012,257.883,261.024,255.262
1780888646.925278,11.944,-19.786,-0.008,0.012,257.859,261.033,255.278
1780888646.9357371,12.507,-19.643,-0.008,0.012,257.774,261.091,255.307
1780888646.9496078,12.62,-19.643,-0.008,0.012,257.766,261.098,255.308
1780888646.960172,13.014,-19.714,-0.008,0.012,257.719,261.161,255.296
1780888646.9744709,13.352,-19.357,-0.009,0.012,257.642,261.172,255.36
1780888646.9883058,13.634,-19.5,-0.009,0.012,257.631,261.213,255.334
1780888646.99903,13.746,-19.5,-0.009,0.012,257.623,261.221,255.334
1780888647.01317,13.803,-19.571,-0.009,0.012,257.63,261.228,255.322
1780888647.0497558,14.366,-19.429,-0.009,0.012,257.545,261.291,255.347
1780888647.0501828,14.366,-19.214,-0.009,0.012,257.534,261.26,255.385
1780888647.0515819,14.366,-19.0,-0.009,0.011,257.523,261.231,255.421
1780888647.0621738,14.761,-19.143,-0.009,0.012,257.482,261.305,255.394
1780888647.075996,14.761,-19.071,-0.009,0.012,257.492,261.283,255.404
1780888647.0898318,14.873,-19.071,-0.009,0.012,257.481,261.296,255.403
1780888647.100234,14.986,-19.0,-0.009,0.011,257.464,261.302,255.415
1780888647.1146739,14.986,-18.714,-0.009,0.011,257.445,261.268,255.464
1780888647.128474,15.324,-18.786,-0.01,0.011,257.41,261.323,255.448
1780888647.13917,15.38,-18.571,-0.01,0.011,257.388,261.306,255.485
1780888647.153501,15.662,-18.857,-0.01,0.011,257.376,261.378,255.431
1780888647.164227,15.493,-19.071,-0.01,0.012,257.435,261.359,255.391
1780888647.178035,15.493,-18.714,-0.01,0.011,257.407,261.319,255.454
1780888647.192308,15.662,-18.643,-0.01,0.011,257.378,261.338,255.466
1780888647.2030091,15.493,-18.5,-0.009,0.011,257.397,261.291,255.489
1780888647.216545,15.493,-18.571,-0.009,0.011,257.411,261.293,255.474
1780888647.253938,15.493,-18.5,-0.009,0.011,257.407,261.285,255.485
1780888647.254286,15.718,-18.286,-0.01,0.011,257.355,261.301,255.521
1780888647.254915,15.324,-18.357,-0.009,0.011,257.428,261.239,255.506
1780888647.265514,15.324,-18.5,-0.009,0.011,257.446,261.253,255.477
1780888647.2793238,15.211,-18.214,-0.009,0.011,257.439,261.205,255.527
1780888647.2937331,15.38,-18.571,-0.009,0.011,257.446,261.27,255.461
1780888647.304287,14.704,-18.357,-0.009,0.011,257.535,261.134,255.498
1780888647.317867,14.648,-18.0,-0.009,0.011,257.51,261.092,255.561
1780888647.332418,14.704,-17.929,-0.009,0.011,257.494,261.098,255.571
1780888647.3429592,14.592,-18.0,-0.009,0.011,257.518,261.089,255.555
1780888647.356683,14.761,-17.929,-0.009,0.011,257.484,261.116,255.563
1780888647.367293,14.761,-18.357,-0.009,0.011,257.523,261.16,255.486
1780888647.381804,15.042,-18.571,-0.009,0.011,257.497,261.23,255.448
1780888647.395635,14.93,-18.5,-0.009,0.011,257.508,261.203,255.461
1780888647.406177,14.93,-19.071,-0.009,0.012,257.56,261.259,255.361
1780888647.419787,14.648,-19.143,-0.009,0.012,257.61,261.216,255.352
1780888647.447346,14.704,-19.286,-0.009,0.012,257.611,261.239,255.329
1780888647.447628,14.761,-19.786,-0.009,0.012,257.643,261.294,255.249
1780888647.458373,14.648,-19.786,-0.009,0.012,257.658,261.273,255.254
1780888647.468933,14.592,-20.286,-0.009,0.013,257.71,261.311,255.17
1780888647.4832451,14.704,-20.214,-0.009,0.012,257.681,261.321,255.188
1780888647.497123,14.423,-20.357,-0.009,0.013,257.733,261.283,255.173
1780888647.5075588,14.254,-20.5,-0.008,0.013,257.769,261.267,255.153
1780888647.522401,14.423,-20.571,-0.009,0.013,257.744,261.302,255.145
1780888647.535795,14.197,-20.5,-0.008,0.013,257.77,261.255,255.163
1780888647.5466502,13.915,-20.857,-0.008,0.013,257.839,261.242,255.108
1780888647.560243,13.972,-21.0,-0.008,0.013,257.838,261.266,255.087
1780888647.5715232,13.803,-21.143,-0.008,0.013,257.874,261.251,255.067
1780888647.58513,13.577,-21.071,-0.008,0.013,257.898,261.205,255.085
1780888647.598778,13.577,-21.071,-0.008,0.013,257.898,261.205,255.085
1780888647.6091409,13.577,-21.071,-0.008,0.013,257.898,261.205,255.085
1780888647.623598,13.577,-21.071,-0.008,0.013,257.898,261.205,255.085
1780888647.6593752,13.577,-21.071,-0.008,0.013,257.898,261.205,255.085
1780888647.6597,12.338,-21.286,-0.007,0.013,258.111,261.017,255.052
1780888647.661839,12.169,-21.071,-0.007,0.013,258.108,260.973,255.094
1780888647.672341,11.887,-21.214,-0.007,0.013,258.157,260.945,255.072
1780888647.6860301,11.606,-21.357,-0.007,0.013,258.196,260.924,255.055
1780888647.699845,11.549,-21.571,-0.007,0.013,258.215,260.941,255.021
1780888647.7110379,11.211,-21.071,-0.006,0.013,258.214,260.841,255.113
1780888647.724867,10.986,-21.429,-0.006,0.013,258.275,260.845,255.051
1780888647.738702,10.873,-21.643,-0.006,0.013,258.295,260.858,255.021
1780888647.749333,10.648,-21.643,-0.006,0.013,258.322,260.826,255.024
1780888647.763535,10.535,-21.214,-0.006,0.013,258.292,260.771,255.102
1780888647.774086,10.535,-21.214,-0.006,0.013,258.292,260.771,255.102
1780888647.78795,10.535,-21.214,-0.006,0.013,258.292,260.771,255.102
1780888647.802055,10.535,-21.214,-0.006,0.013,258.292,260.771,255.102
1780888647.812545,9.183,-21.429,-0.005,0.013,258.523,260.571,255.065
1780888647.826356,8.789,-21.357,-0.005,0.013,258.556,260.52,255.08
1780888647.862018,8.225,-21.214,-0.004,0.013,258.623,260.422,255.106
1780888647.8623621,8.338,-21.143,-0.005,0.013,258.586,260.447,255.119
1780888647.864876,8.056,-21.071,-0.004,0.013,258.614,260.404,255.132
1780888647.875425,7.718,-21.357,-0.004,0.013,258.674,260.397,255.082
1780888647.889219,7.437,-21.357,-0.004,0.013,258.709,260.359,255.082
1780888647.8995898,7.437,-21.357,-0.004,0.013,258.709,260.359,255.082
1780888647.913839,7.437,-21.357,-0.004,0.013,258.709,260.359,255.082
1780888647.9275079,7.437,-21.357,-0.004,0.013,258.709,260.359,255.082
1780888647.938293,7.437,-21.357,-0.004,0.013,258.709,260.359,255.082
1780888647.952348,7.437,-21.357,-0.004,0.013,258.709,260.359,255.082
1780888647.963053,5.803,-20.857,-0.003,0.013,258.918,260.048,255.171
1780888647.9766662,5.352,-20.786,-0.003,0.013,258.956,259.999,255.181
1780888647.991145,4.958,-20.5,-0.002,0.012,258.98,259.922,255.23
1780888648.001934,5.07,-20.429,-0.002,0.012,258.941,259.95,255.24
1780888648.0155048,4.0,-20.5,-0.002,0.012,259.112,259.794,255.225
1780888648.0262542,4.62,-20.5,-0.002,0.012,258.986,259.926,255.22
1780888648.039955,4.169,-20.143,-0.002,0.012,259.017,259.829,255.281
1780888648.075485,4.056,-19.643,-0.002,0.012,258.978,259.776,255.366
1780888648.0757692,4.0,-19.714,-0.002,0.012,258.986,259.787,255.349
1780888648.078305,3.324,-19.643,-0.001,0.012,259.082,259.681,255.357
1780888648.088873,3.099,-19.429,-0.001,0.012,259.09,259.637,255.391
1780888648.1033568,3.155,-19.214,-0.001,0.011,259.051,259.64,255.424
1780888648.117135,2.535,-19.071,-0.001,0.011,259.124,259.55,255.439
1780888648.127733,2.479,-19.0,-0.001,0.011,259.118,259.547,255.447
1780888648.142227,2.254,-18.786,-0.001,0.011,259.128,259.502,255.481
1780888648.1529212,2.028,-18.786,-0.001,0.011,259.158,259.477,255.476
1780888648.166551,1.859,-18.429,-0.001,0.011,259.138,259.439,255.529
1780888648.1771462,1.803,-18.0,-0.001,0.011,259.102,259.401,255.6
1780888648.191485,1.239,-18.286,-0.0,0.011,259.216,259.346,255.543
1780888648.2052648,1.465,-17.929,-0.001,0.011,259.139,259.362,255.601
1780888648.215731,1.07,-17.571,-0.0,0.01,259.161,259.284,255.654
1780888648.229635,1.183,-17.714,-0.0,0.011,259.152,259.327,255.622
1780888648.240351,0.901,-17.571,-0.0,0.01,259.181,259.276,255.642
1780888648.254474,0.789,-17.571,-0.0,0.01,259.195,259.267,255.637
1780888648.293198,0.563,-17.643,-0.0,0.011,259.231,259.256,255.614
1780888648.293629,0.394,-17.214,0.0,0.01,259.214,259.195,255.687
1780888648.293901,0.338,-17.071,0.0,0.01,259.206,259.182,255.708
1780888648.303329,0.338,-16.786,0.0,0.01,259.175,259.163,255.754
1780888648.31713,0.169,-16.714,0.0,0.01,259.191,259.146,255.755
1780888648.327573,-0.282,-16.071,0.0,0.009,259.202,259.019,255.864
1780888648.341883,0.0,-16.571,0.0,0.01,259.201,259.123,255.768
1780888648.3555999,-0.282,-16.643,0.0,0.01,259.252,259.09,255.751
1780888648.3663309,-0.451,-16.571,0.0,0.01,259.266,259.07,255.756
1780888648.379989,-0.451,-16.429,0.0,0.01,259.25,259.063,255.778
1780888648.391124,-0.394,-16.357,0.0,0.01,259.231,259.072,255.787
1780888648.404831,-0.451,-16.429,0.0,0.01,259.245,259.075,255.771
1780888648.4185421,-0.113,-16.786,0.0,0.01,259.219,259.172,255.703
1780888648.429322,-0.225,-16.929,0.0,0.01,259.25,259.169,255.677
1780888648.443538,-0.338,-16.643,0.0,0.01,259.24,259.126,255.728
1780888648.454249,-0.169,-16.929,0.0,0.01,259.237,259.185,255.675
1780888648.46786,-0.169,-17.143,0.0,0.01,259.256,259.207,255.637
1780888648.504703,0.0,-17.214,-0.0,0.011,259.233,259.241,255.625
1780888648.505036,-0.113,-17.214,0.0,0.011,259.251,259.223,255.627
1780888648.5060532,0.0,-17.286,-0.0,0.011,259.237,259.248,255.616
1780888648.5166059,0.169,-17.357,-0.0,0.011,259.215,259.282,255.605
1780888648.531059,0.338,-17.286,-0.0,0.011,259.181,259.301,255.619
1780888648.544729,0.394,-17.571,-0.0,0.011,259.199,259.336,255.569
1780888648.555269,0.732,-17.071,-0.001,0.01,259.098,259.339,255.661
1780888648.568921,0.394,-17.357,-0.0,0.011,259.183,259.308,255.61
1780888648.5796301,0.789,-17.5,-0.001,0.011,259.132,259.386,255.586
1780888648.5940979,1.014,-17.286,-0.001,0.011,259.076,259.399,255.625
1780888648.60774,1.127,-17.5,-0.001,0.011,259.083,259.433,255.587
1780888648.6185348,1.239,-17.571,-0.001,0.011,259.074,259.454,255.576
1780888648.6328099,1.352,-17.357,-0.001,0.011,259.037,259.449,255.615
1780888648.6434,1.577,-17.286,-0.001,0.011,258.997,259.476,255.628
1780888648.657151,1.915,-17.429,-0.001,0.011,258.963,259.536,255.604
1780888648.6677482,1.803,-17.357,-0.001,0.011,258.979,259.506,255.617
1780888648.6822112,2.028,-16.857,-0.001,0.01,258.898,259.492,255.706
1780888648.7202592,2.254,-17.286,-0.002,0.011,258.907,259.567,255.628
1780888648.72059,2.423,-17.714,-0.002,0.011,258.928,259.625,255.555
1780888648.720876,2.761,-17.429,-0.002,0.011,258.849,259.648,255.607
1780888648.7310688,2.648,-17.786,-0.002,0.011,258.906,259.658,255.544
1780888648.744768,3.324,-17.643,-0.002,0.011,258.79,259.745,255.573
1780888648.7587829,3.268,-17.714,-0.002,0.011,258.811,259.736,255.561
1780888648.7691789,3.493,-17.786,-0.002,0.011,258.786,259.774,255.549
1780888648.783544,3.493,-17.714,-0.002,0.011,258.785,259.761,255.563
1780888648.794185,4.169,-18.286,-0.003,0.011,258.738,259.916,255.464
1780888648.807864,4.169,-18.0,-0.003,0.011,258.716,259.88,255.517
1780888648.8222752,4.338,-18.429,-0.003,0.011,258.734,259.942,255.443
1780888648.833045,4.563,-18.214,-0.003,0.011,258.682,259.951,255.484
1780888648.84664,5.183,-18.429,-0.004,0.011,258.612,260.058,255.451
1780888648.8573818,5.014,-18.0,-0.003,0.011,258.606,259.979,255.529
1780888648.871781,5.127,-18.286,-0.003,0.011,258.621,260.019,255.479
1780888648.885343,5.183,-18.5,-0.003,0.011,258.637,260.042,255.443
1780888648.917631,5.746,-18.643,-0.004,0.011,258.568,260.137,255.421
1780888648.917963,5.859,-18.357,-0.004,0.011,258.528,260.12,255.474
1780888648.920156,6.028,-18.643,-0.004,0.011,258.533,260.168,255.424
1780888648.934471,6.141,-18.643,-0.004,0.011,258.521,260.179,255.427
1780888648.9482281,6.479,-18.929,-0.004,0.012,258.503,260.249,255.379
1780888648.958876,6.592,-18.714,-0.004,0.011,258.47,260.238,255.42
1780888648.97333,6.761,-18.857,-0.004,0.012,258.461,260.273,255.396
1780888648.983792,7.155,-19.214,-0.005,0.012,258.436,260.365,255.335
1780888648.997819,7.437,-18.786,-0.005,0.011,258.362,260.353,255.417
1780888649.011963,7.606,-19.143,-0.005,0.012,258.374,260.408,255.355
1780888649.022539,7.944,-19.0,-0.005,0.012,258.312,260.442,255.383
1780888649.036334,8.169,-19.0,-0.005,0.012,258.288,260.461,255.389
1780888649.046863,8.056,-19.143,-0.005,0.012,258.326,260.448,255.364
1780888649.0613701,8.451,-19.286,-0.005,0.012,258.28,260.521,255.341
1780888649.072041,8.451,-19.214,-0.005,0.012,258.28,260.506,255.355
1780888649.085571,9.07,-18.786,-0.006,0.011,258.151,260.554,255.434
1780888649.099346,9.014,-18.929,-0.006,0.011,258.181,260.551,255.408
1780888649.136959,9.296,-18.857,-0.006,0.011,258.135,260.585,255.421
1780888649.137347,9.352,-18.714,-0.006,0.011,258.12,260.573,255.446
1780888649.1376882,9.915,-19.0,-0.006,0.012,258.07,260.682,255.394
1780888649.148444,10.254,-18.786,-0.007,0.011,258.003,260.71,255.432
1780888649.1626601,10.31,-18.643,-0.007,0.011,257.989,260.698,255.457
1780888649.173144,10.31,-18.929,-0.007,0.012,258.024,260.718,255.405
1780888649.18702,10.535,-19.143,-0.007,0.012,258.019,260.764,255.368
1780888649.201438,10.592,-19.214,-0.007,0.012,258.023,260.773,255.357
1780888649.21223,10.873,-19.071,-0.007,0.012,257.97,260.8,255.383
1780888649.2259572,10.986,-19.5,-0.007,0.012,258.001,260.847,255.31
1780888649.2364411,10.986,-19.286,-0.007,0.012,257.986,260.819,255.35
1780888649.25036,10.761,-19.357,-0.007,0.012,258.033,260.782,255.339
1780888649.264711,10.93,-19.429,-0.007,0.012,258.016,260.812,255.327
1780888649.275378,10.986,-19.5,-0.007,0.012,258.02,260.818,255.319
1780888649.289095,10.873,-19.714,-0.007,0.012,258.06,260.815,255.283
1780888649.303225,11.155,-20.071,-0.007,0.012,258.049,260.893,255.222
1780888649.337548,11.211,-20.143,-0.007,0.012,258.049,260.904,255.213
1780888649.3379588,11.437,-20.0,-0.007,0.012,258.001,260.919,255.245
1780888649.338294,11.324,-20.429,-0.007,0.013,258.062,260.936,255.171
1780888649.352345,11.493,-20.714,-0.007,0.013,258.062,260.988,255.125
1780888649.366195,11.437,-20.643,-0.007,0.013,258.066,260.961,255.145
1780888649.376662,11.549,-20.5,-0.007,0.013,258.035,260.961,255.174
1780888649.391158,11.042,-19.857,-0.007,0.012,258.059,260.809,255.29
1780888649.404901,11.099,-19.5,-0.007,0.012,258.017,260.783,255.353
1780888649.415655,11.437,-17.357,-0.007,0.01,257.772,260.635,255.724
1780888649.429352,11.493,-15.857,-0.007,0.009,257.632,260.503,255.981
1780888649.4399738,11.606,-14.071,-0.007,0.008,257.461,260.356,256.284
1780888649.454366,11.606,-12.429,-0.007,0.006,257.325,260.208,256.557
1780888649.468095,10.817,-8.214,-0.006,0.003,257.1,259.703,257.259
1780888649.478775,10.366,-6.214,-0.006,0.002,257.009,259.461,257.584
1780888649.4930408,9.352,-4.429,-0.005,0.001,257.026,259.153,257.866
1780888649.503733,8.507,-2.214,-0.005,-0.001,256.976,258.839,258.226
1780888649.5173619,6.197,1.929,-0.003,-0.004,256.999,258.156,258.885
1780888649.5555358,6.197,1.929,-0.003,-0.004,256.999,258.156,258.885
1780888649.556021,3.437,5.357,-0.001,-0.006,257.137,257.447,259.469
1780888649.556385,2.873,8.929,-0.001,-0.008,256.923,257.154,259.999
1780888649.5662541,2.873,8.929,-0.001,-0.008,256.923,257.154,259.999
1780888649.5800588,1.634,12.571,0.0,-0.011,256.8,256.687,260.625
1780888649.591145,0.901,14.214,0.001,-0.012,256.782,256.491,260.857
1780888649.6049972,-0.563,17.643,0.002,-0.014,256.729,256.088,261.352
1780888649.6188319,-0.901,19.357,0.002,-0.015,256.64,255.948,261.603
1780888649.6295521,-1.465,19.714,0.002,-0.015,256.711,255.893,261.585
1780888649.6438599,-3.155,21.857,0.003,-0.016,256.794,255.503,261.93
1780888649.6543539,-4.507,24.929,0.004,-0.018,256.746,255.156,262.375
1780888649.668284,-4.507,24.929,0.004,-0.018,256.746,255.156,262.375
1780888649.682515,-5.296,26.714,0.005,-0.019,256.716,254.942,262.651
1780888649.693193,-5.296,26.714,0.005,-0.019,256.716,254.942,262.651
1780888649.7068028,-6.535,28.857,0.005,-0.02,256.732,254.697,262.916
1780888649.7173471,-6.93,29.286,0.005,-0.02,256.762,254.66,262.925
1780888649.731767,-7.437,29.5,0.006,-0.02,256.829,254.622,262.895
1780888649.770249,-7.831,29.714,0.006,-0.02,256.875,254.597,262.872
1780888649.770636,-9.014,29.786,0.007,-0.02,257.058,254.51,262.769
1780888649.7709749,-9.127,30.286,0.007,-0.02,257.028,254.494,262.821
1780888649.780063,-9.803,30.214,0.007,-0.02,257.14,254.44,262.759
1780888649.794465,-10.141,29.857,0.007,-0.019,257.222,254.46,262.645
1780888649.808201,-10.986,29.571,0.008,-0.019,257.37,254.429,262.518
1780888649.8188689,-11.493,29.071,0.008,-0.018,257.488,254.429,262.39
1780888649.833218,-11.887,28.357,0.008,-0.018,257.605,254.461,262.224
1780888649.843872,-12.225,27.071,0.008,-0.016,257.751,254.572,261.94
1780888649.857714,-12.732,25.714,0.009,-0.015,257.943,254.634,261.663
1780888649.871988,-12.845,24.786,0.009,-0.015,258.028,254.716,261.48
1780888649.882543,-13.521,23.857,0.009,-0.014,258.204,254.708,261.302
1780888649.896363,-13.521,23.214,0.009,-0.013,258.242,254.777,261.184
1780888649.90995,-14.085,20.429,0.009,-0.011,258.572,254.947,260.651
1780888649.921391,-14.197,18.929,0.009,-0.01,258.703,255.067,260.384
1780888649.935024,-14.479,18.143,0.009,-0.01,258.793,255.095,260.26
1780888649.973196,-14.93,15.143,0.01,-0.007,259.09,255.289,259.746
1780888649.9736488,-14.986,14.429,0.01,-0.007,259.134,255.34,259.647
1780888649.9739149,-14.873,11.714,0.009,-0.005,259.342,255.593,259.168
1780888649.9841049,-17.521,9.214,0.011,-0.003,259.952,255.386,258.785
1780888649.99794,-17.239,7.357,0.011,-0.002,260.038,255.589,258.486
1780888650.00844,-17.69,5.286,0.011,-0.001,260.269,255.695,258.151
1780888650.0229278,-14.366,3.786,0.009,0.0,259.814,256.333,257.93
1780888650.036542,-13.577,0.143,0.008,0.003,259.968,256.73,257.378
1780888650.0472488,-13.69,-1.571,0.008,0.004,260.121,256.835,257.126
1780888650.061662,-13.239,-3.786,0.008,0.005,260.227,257.074,256.787
1780888650.0721338,-12.845,-5.286,0.007,0.006,260.274,257.237,256.582
1780888650.08596,-13.07,-7.286,0.008,0.008,260.474,257.346,256.287
1780888650.099664,-12.507,-11.786,0.007,0.011,260.782,257.811,255.552
1780888650.1103182,-12.507,-11.786,0.007,0.011,260.782,257.811,255.552
1780888650.124568,-12.507,-11.786,0.007,0.011,260.782,257.811,255.552
1780888650.1351092,-12.507,-18.0,0.007,0.015,261.35,258.338,254.54
1780888650.148959,-12.845,-22.571,0.008,0.019,261.807,258.651,253.845
1780888650.1872241,-12.282,-24.286,0.007,0.02,261.821,258.842,253.658
1780888650.187556,-11.775,-26.286,0.007,0.021,261.877,259.051,253.418
1780888650.187886,-11.437,-27.643,0.006,0.021,261.901,259.172,253.288
1780888650.201466,-10.704,-30.857,0.006,0.023,262.044,259.535,252.838
1780888650.212037,-10.704,-30.857,0.006,0.023,262.044,259.535,252.838
1780888650.225787,-10.141,-35.857,0.006,0.027,262.395,260.038,252.095
1780888650.2362812,-10.141,-35.857,0.006,0.027,262.395,260.038,252.095
1780888650.25012,-10.141,-35.857,0.006,0.027,262.395,260.038,252.095
1780888650.264363,-9.465,-40.214,0.005,0.03,262.659,260.494,251.479
1780888650.2748811,-9.465,-40.214,0.005,0.03,262.659,260.494,251.479
1780888650.288555,-8.056,-44.714,0.004,0.033,262.806,261.087,250.852
1780888650.29915,-8.056,-44.714,0.004,0.033,262.806,261.087,250.852
1780888650.313578,62.761,-58.571,-0.053,0.043,252.699,276.736,248.721
1780888650.3272479,-6.366,-48.571,0.004,0.035,263.066,261.244,250.509
1780888650.3377879,-6.366,-48.571,0.004,0.035,263.066,261.244,250.509
1780888650.351813,-6.366,-48.571,0.004,0.035,263.066,261.244,250.509
1780888650.38557,-6.366,-48.571,0.004,0.035,263.066,261.244,250.509
1780888650.3859808,-6.366,-48.571,0.004,0.035,263.066,261.244,250.509
1780888650.389704,-6.366,-48.571,0.004,0.035,263.066,261.244,250.509
1780888650.400161,-1.239,-52.714,0.0,0.037,262.505,262.48,249.943
1780888650.414536,-0.451,-53.143,-0.001,0.037,262.354,262.577,249.987
1780888650.424938,0.676,-53.5,-0.001,0.037,262.146,262.73,250.033
1780888650.438915,1.014,-54.143,-0.002,0.037,262.113,262.775,250.024
1780888650.453218,1.634,-54.643,-0.002,0.037,262.02,262.861,250.031
1780888650.463988,2.254,-54.714,-0.002,0.037,261.89,262.906,250.101
1780888650.4776561,3.493,-54.714,-0.003,0.036,261.634,262.996,250.24
1780888650.488225,4.113,-54.571,-0.004,0.035,261.499,263.032,250.323
1780888650.50265,4.62,-54.357,-0.004,0.035,261.382,263.045,250.411
1780888650.516355,6.028,-53.857,-0.005,0.034,261.085,263.142,250.58
1780888650.527176,6.648,-52.929,-0.005,0.033,260.892,263.112,250.768
1780888650.541265,7.493,-52.143,-0.006,0.033,260.679,263.139,250.926
1780888650.551821,7.887,-52.0,-0.006,0.032,260.61,263.155,250.973
1780888650.5654771,8.394,-51.143,-0.006,0.032,260.454,263.12,251.134
1780888650.596477,8.394,-51.143,-0.006,0.032,260.454,263.12,251.134
1780888650.596948,9.972,-49.571,-0.007,0.03,260.055,263.207,251.408
1780888650.6039639,10.479,-48.714,-0.008,0.029,259.913,263.177,251.556
1780888650.614531,11.437,-47.143,-0.008,0.028,259.657,263.13,251.819
1780888650.628257,12.282,-46.286,-0.009,0.028,259.464,263.168,251.958
1780888650.64257,12.282,-46.286,-0.009,0.028,259.464,263.168,251.958
1780888650.653142,13.521,-43.0,-0.01,0.025,258.982,263.03,252.501
1780888650.666943,14.93,-41.5,-0.01,0.024,258.691,263.093,252.712
1780888650.681344,15.38,-40.571,-0.011,0.023,258.573,263.061,252.847
1780888650.6919858,15.38,-40.571,-0.011,0.023,258.573,263.061,252.847
1780888650.7056398,16.394,-37.857,-0.011,0.021,258.198,262.95,253.284
1780888650.716361,16.845,-34.857,-0.011,0.019,257.944,262.706,253.726
1780888650.730245,17.296,-33.786,-0.012,0.019,257.819,262.673,253.871
1780888650.744722,17.521,-32.5,-0.012,0.018,257.711,262.581,254.052
1780888650.755339,18.366,-29.571,-0.012,0.016,257.4,262.436,254.472
1780888650.768933,18.648,-28.143,-0.012,0.015,257.27,262.345,254.675
1780888650.8038,18.648,-28.143,-0.012,0.015,257.27,262.345,254.675
1780888650.804203,19.831,-24.714,-0.013,0.012,256.818,262.213,255.228
1780888650.807436,20.507,-21.786,-0.013,0.01,256.55,262.056,255.629
1780888650.8178291,20.901,-20.786,-0.014,0.01,256.45,262.036,255.747
1780888650.832334,20.901,-19.0,-0.014,0.009,256.34,261.869,256.006
1780888650.845991,21.465,-16.214,-0.014,0.007,256.101,261.717,256.382
1780888650.85654,21.465,-16.214,-0.014,0.007,256.101,261.717,256.382
1780888650.8710458,21.408,-13.143,-0.014,0.005,255.883,261.419,256.875
1780888650.884863,21.634,-11.5,-0.014,0.004,255.751,261.317,257.103
1780888650.895694,22.254,-10.571,-0.014,0.003,255.622,261.354,257.201
1780888650.909278,22.704,-7.286,-0.014,0.001,255.311,261.128,257.735
1780888650.919952,22.704,-5.929,-0.014,0.0,255.243,261.019,257.908
1780888650.934197,23.042,-4.714,-0.015,-0.0,255.135,260.982,258.057
1780888650.948017,23.211,-2.143,-0.015,-0.002,254.981,260.808,258.385
1780888650.9586282,23.324,-0.643,-0.015,-0.003,254.877,260.705,258.594
1780888650.973098,23.549,0.714,-0.015,-0.003,254.769,260.636,258.776
1780888651.00893,23.042,1.714,-0.014,-0.004,254.802,260.479,258.893
1780888651.009352,23.38,4.143,-0.014,-0.005,254.617,260.353,259.215
1780888651.01124,23.493,5.429,-0.015,-0.006,254.526,260.274,259.391
1780888651.0218098,23.38,6.643,-0.014,-0.007,254.475,260.164,259.556
1780888651.035477,23.493,8.714,-0.014,-0.008,254.35,260.034,259.82
1780888651.0460858,23.38,9.357,-0.014,-0.008,254.345,259.98,259.88
1780888651.0598211,23.099,11.0,-0.014,-0.009,254.276,259.801,260.136
1780888651.074176,22.986,11.714,-0.014,-0.009,254.261,259.741,260.212
1780888651.084936,22.197,13.143,-0.013,-0.01,254.308,259.532,260.371
1780888651.0985868,21.972,13.357,-0.013,-0.01,254.347,259.503,260.358
1780888651.1089852,21.972,13.357,-0.013,-0.01,254.347,259.503,260.358
1780888651.1235101,21.972,13.357,-0.013,-0.01,254.347,259.503,260.358
1780888651.137119,21.183,16.0,-0.012,-0.012,254.257,259.149,260.821
1780888651.1479108,21.127,16.643,-0.012,-0.012,254.231,259.112,260.888
1780888651.162126,20.394,16.714,-0.012,-0.012,254.355,259.018,260.846
1780888651.175987,20.451,16.429,-0.012,-0.012,254.387,259.086,260.74
1780888651.214227,19.887,17.357,-0.012,-0.012,254.417,258.96,260.836
1780888651.214565,19.493,16.929,-0.011,-0.011,254.525,258.963,260.713
1780888651.2149389,19.099,17.357,-0.011,-0.012,254.555,258.883,260.762
1780888651.224833,18.31,16.571,-0.01,-0.011,254.749,258.854,260.577
1780888651.2385962,17.859,16.429,-0.01,-0.011,254.831,258.818,260.524
1780888651.249234,17.183,15.071,-0.01,-0.009,255.052,258.859,260.24
1780888651.26366,17.296,15.286,-0.01,-0.01,255.009,258.877,260.268
1780888651.277388,15.887,13.714,-0.009,-0.008,255.349,258.831,259.945
1780888651.2878761,15.606,13.214,-0.009,-0.008,255.424,258.849,259.846
1780888651.3023958,14.986,12.786,-0.008,-0.007,255.543,258.803,259.763
1780888651.31315,14.592,12.071,-0.008,-0.007,255.652,258.821,259.628
1780888651.326828,13.915,10.357,-0.008,-0.006,255.873,258.898,259.314
1780888651.341117,13.296,9.286,-0.007,-0.005,256.045,258.908,259.123
1780888651.351625,13.296,9.286,-0.007,-0.005,256.045,258.908,259.123
1780888651.365418,11.944,6.571,-0.006,-0.003,256.447,258.96,258.65
1780888651.375972,11.493,5.857,-0.006,-0.002,256.553,258.96,258.541
1780888651.3896341,10.93,4.929,-0.006,-0.002,256.695,258.961,258.393
1780888651.42511,10.423,4.214,-0.005,-0.001,256.808,258.951,258.287
1780888651.425453,9.465,1.786,-0.005,0.0,257.115,259.031,257.896
1780888651.428172,8.845,0.929,-0.004,0.001,257.256,259.013,257.77
1780888651.43875,8.338,-0.357,-0.004,0.002,257.418,259.054,257.567
1780888651.45316,7.887,-1.571,-0.004,0.003,257.564,259.097,257.38
1780888651.4638028,6.535,-4.5,-0.003,0.005,257.972,259.15,256.924
1780888651.477501,6.028,-5.143,-0.003,0.005,258.07,259.127,256.85
1780888651.491837,5.634,-6.357,-0.002,0.006,258.203,259.177,256.672
1780888651.502615,4.732,-7.857,-0.002,0.007,258.446,259.17,256.444
1780888651.5163038,4.056,-10.5,-0.001,0.009,258.712,259.305,256.059
1780888651.526877,3.662,-11.5,-0.001,0.009,258.824,259.331,255.928
1780888651.5413098,2.817,-12.357,-0.001,0.01,258.997,259.269,255.822
1780888651.551896,2.31,-13.857,-0.0,0.011,259.175,259.325,255.602
1780888651.565692,1.296,-16.643,0.0,0.012,259.511,259.412,255.207
1780888651.5794718,0.845,-18.143,0.0,0.013,259.679,259.474,254.993
1780888651.58993,0.394,-19.286,0.001,0.014,259.813,259.502,254.844
1780888651.604277,0.394,-19.286,0.001,0.014,259.813,259.502,254.844
1780888651.644511,-1.521,-23.0,0.002,0.017,260.384,259.526,254.302
1780888651.645122,-1.239,-24.429,0.002,0.017,260.418,259.702,254.111
1780888651.6454558,-1.634,-25.714,0.002,0.018,260.556,259.748,253.946
1780888651.653536,-1.859,-26.643,0.002,0.019,260.631,259.789,253.842
1780888651.667032,-3.099,-29.5,0.003,0.02,261.015,259.832,253.463
1780888651.677724,-3.831,-30.571,0.003,0.021,261.191,259.803,253.335
1780888651.692012,-4.338,-31.714,0.004,0.022,261.336,259.819,253.194
1780888651.7044108,-4.845,-32.571,0.004,0.022,261.453,259.808,253.102
1780888651.7163851,-5.183,-35.571,0.004,0.024,261.703,260.02,252.698
1780888651.730483,-5.634,-35.929,0.004,0.024,261.765,259.967,252.691
1780888651.7411551,-6.085,-36.714,0.005,0.024,261.872,259.958,252.608
1780888651.754886,-6.085,-36.714,0.005,0.024,261.872,259.958,252.608
1780888651.7654479,-7.38,-39.714,0.005,0.027,262.346,260.02,252.152
1780888651.779165,-7.606,-40.714,0.006,0.027,262.429,260.068,252.04
1780888651.793509,-7.437,-41.071,0.005,0.027,262.381,260.121,252.035
1780888651.804107,-7.718,-41.429,0.005,0.027,262.416,260.097,252.025
1780888651.8179,-8.507,-42.357,0.006,0.028,262.557,260.037,251.96
1780888651.850294,-8.507,-42.714,0.006,0.028,262.549,260.065,251.942
1780888651.850589,-8.732,-43.286,0.006,0.028,262.606,260.076,251.886
1780888651.856464,-9.352,-43.357,0.006,0.028,262.648,259.969,251.945
1780888651.867004,-9.634,-43.357,0.006,0.027,262.663,259.919,251.975
1780888651.881331,-10.141,-43.643,0.007,0.028,262.749,259.861,251.955
1780888651.891984,-10.085,-44.214,0.007,0.028,262.766,259.924,251.885
1780888651.905962,-10.366,-44.0,0.007,0.028,262.737,259.856,251.969
1780888651.919468,-10.366,-44.143,0.007,0.028,262.727,259.87,251.965
1780888651.9312232,-10.535,-43.929,0.007,0.027,262.713,259.821,252.02
1780888651.944282,-10.648,-43.929,0.007,0.027,262.712,259.804,252.035
1780888651.958068,-10.535,-43.286,0.007,0.027,262.594,259.766,252.168
1780888651.9687748,-10.704,-43.0,0.007,0.026,262.581,259.713,252.225
1780888651.982976,-10.648,-42.5,0.007,0.026,262.509,259.678,252.316
1780888651.993572,-10.761,-41.786,0.007,0.025,262.441,259.6,252.444
1780888652.0076349,-10.761,-41.286,0.007,0.025,262.384,259.558,252.528
1780888652.021751,-10.817,-40.714,0.007,0.024,262.333,259.501,252.623
1780888652.052196,-10.648,-40.071,0.007,0.024,262.237,259.475,252.728
1780888652.052505,-10.479,-38.714,0.006,0.023,262.075,259.389,252.943
1780888652.059804,-10.423,-37.929,0.006,0.022,261.991,259.332,253.066
1780888652.070983,-10.028,-37.143,0.006,0.022,261.85,259.332,253.187
1780888652.084654,-10.254,-36.286,0.006,0.021,261.813,259.222,253.318
1780888652.095197,-9.239,-34.857,0.005,0.02,261.52,259.275,253.524
1780888652.109036,-9.239,-34.857,0.005,0.02,261.52,259.275,253.524
1780888652.123323,-9.239,-34.857,0.005,0.02,261.52,259.275,253.524
1780888652.134092,-9.014,-31.071,0.005,0.017,261.125,258.964,254.156
1780888652.1474822,-8.789,-29.143,0.005,0.016,260.944,258.85,254.424
1780888652.158005,-8.789,-29.143,0.005,0.016,260.944,258.85,254.424
1780888652.172405,-8.563,-26.929,0.005,0.014,260.714,258.695,254.774
1780888652.1861691,-8.0,-26.071,0.004,0.014,260.564,258.724,254.882
1780888652.196816,-8.056,-24.286,0.005,0.013,260.459,258.58,255.113
1780888652.2110562,-7.775,-22.571,0.004,0.012,260.274,258.483,255.374
1780888652.221814,-7.437,-21.643,0.004,0.011,260.159,258.47,255.493
1780888652.2356129,-6.986,-19.357,0.004,0.01,259.925,258.365,255.809
1780888652.268924,-6.761,-18.214,0.004,0.009,259.811,258.313,255.967
1780888652.269394,-6.366,-17.286,0.003,0.008,259.689,258.307,256.086
1780888652.2737,-6.366,-17.286,0.003,0.008,259.689,258.307,256.086
1780888652.284151,-5.352,-13.714,0.003,0.006,259.216,258.155,256.682
1780888652.297876,-5.239,-12.857,0.003,0.005,259.159,258.113,256.778
1780888652.312387,-5.127,-11.5,0.003,0.005,259.052,258.023,256.968
1780888652.323331,-4.732,-10.5,0.002,0.004,258.934,258.013,257.093
1780888652.336878,-4.394,-8.857,0.002,0.003,258.802,257.95,257.283
1780888652.34742,-3.718,-7.643,0.002,0.002,258.616,257.963,257.452
1780888652.361713,-3.662,-6.786,0.002,0.002,258.565,257.908,257.556
1780888652.372345,-3.155,-5.786,0.001,0.001,258.427,257.912,257.688
1780888652.3861709,-2.085,-4.357,0.001,0.001,258.196,257.979,257.851
1780888652.396636,-1.915,-3.429,0.0,0.0,258.12,257.931,257.974
1780888652.411177,-1.408,-2.286,0.0,-0.001,257.97,257.917,258.138
1780888652.4248571,-1.183,-1.286,0.0,-0.001,257.879,257.871,258.276
1780888652.435306,-0.451,0.071,-0.0,-0.002,257.71,257.884,258.433
1780888652.449045,-0.113,1.0,-0.001,-0.002,257.606,257.862,258.561
1780888652.486787,0.451,1.0,-0.001,-0.002,257.552,257.961,258.516
1780888652.48721,0.845,2.286,-0.001,-0.003,257.406,257.911,258.716
1780888652.487582,1.634,2.929,-0.002,-0.003,257.293,257.989,258.753
1780888652.4982028,1.915,3.714,-0.002,-0.004,257.209,257.965,258.863
1780888652.512589,2.141,4.5,-0.002,-0.004,257.134,257.932,258.973
1780888652.5231738,2.873,4.857,-0.003,-0.004,257.018,258.021,259.003
1780888652.536878,3.887,5.786,-0.003,-0.005,256.836,258.102,259.109
1780888652.547452,4.169,5.643,-0.003,-0.004,256.837,258.16,259.049
1780888652.562104,4.451,5.714,-0.003,-0.004,256.816,258.197,259.034
1780888652.575702,5.352,5.714,-0.004,-0.004,256.702,258.34,259.007
1780888652.5863109,5.803,6.0,-0.004,-0.004,256.66,258.376,259.014
1780888652.5999832,6.197,6.143,-0.005,-0.004,256.611,258.42,259.021
1780888652.611252,6.479,6.214,-0.005,-0.004,256.585,258.452,259.015
1780888652.625088,6.93,6.357,-0.005,-0.004,256.526,258.505,259.025
1780888652.6357079,7.831,5.571,-0.006,-0.004,256.501,258.707,258.847
1780888652.649236,8.113,5.714,-0.006,-0.004,256.464,258.727,258.865
1780888652.659955,8.62,5.357,-0.006,-0.003,256.437,258.832,258.788
1780888652.674248,8.845,5.214,-0.006,-0.003,256.434,258.869,258.754
1780888652.716473,9.803,4.786,-0.007,-0.003,256.357,259.039,258.665
1780888652.716872,10.141,4.571,-0.007,-0.003,256.341,259.099,258.623
1780888652.7171998,10.592,3.357,-0.007,-0.002,256.396,259.272,258.395
1780888652.723219,10.817,3.214,-0.007,-0.002,256.387,259.304,258.372
1780888652.73706,11.324,2.786,-0.008,-0.001,256.371,259.391,258.304
1780888652.751381,11.718,1.786,-0.008,-0.001,256.41,259.533,258.124
1780888652.7619772,12.113,1.786,-0.008,-0.001,256.358,259.578,258.133
1780888652.775701,12.732,1.0,-0.008,0.0,256.343,259.736,257.996
1780888652.786189,12.901,-0.429,-0.008,0.001,256.462,259.857,257.758
1780888652.799894,13.352,-1.143,-0.009,0.002,256.461,259.978,257.641
1780888652.8111591,13.69,-1.643,-0.009,0.002,256.458,260.059,257.567
1780888652.824851,14.254,-3.143,-0.009,0.003,256.51,260.274,257.309
1780888652.838946,14.254,-3.643,-0.009,0.003,256.558,260.295,257.241
1780888652.849142,14.704,-4.786,-0.01,0.004,256.592,260.455,257.055
1780888652.8635972,14.704,-5.786,-0.009,0.005,256.683,260.524,256.899
1780888652.874463,15.099,-7.071,-0.01,0.006,256.732,260.659,256.724
1780888652.887825,15.268,-8.071,-0.01,0.006,256.793,260.757,256.571
1780888652.91841,15.268,-8.071,-0.01,0.006,256.793,260.757,256.571
1780888652.9187431,16.282,-10.214,-0.011,0.008,256.824,261.111,256.214
1780888652.926353,16.563,-12.143,-0.011,0.009,256.945,261.285,255.935
1780888652.9368372,16.563,-13.071,-0.011,0.01,257.023,261.343,255.807
1780888652.9512472,16.563,-13.071,-0.011,0.01,257.023,261.343,255.807
1780888652.964961,16.732,-15.0,-0.011,0.011,257.163,261.529,255.502
1780888652.975562,17.07,-17.357,-0.011,0.013,257.3,261.749,255.172
1780888652.989381,17.127,-18.357,-0.011,0.013,257.37,261.822,255.04
1780888653.0041962,17.408,-19.643,-0.011,0.014,257.429,261.964,254.858
1780888653.0142798,17.521,-22.214,-0.011,0.016,257.616,262.169,254.499
1780888653.028248,17.408,-23.429,-0.011,0.016,257.729,262.235,254.335
1780888653.0388322,17.465,-24.357,-0.011,0.017,257.787,262.303,254.221
1780888653.053292,17.634,-25.214,-0.011,0.017,257.82,262.384,254.119
1780888653.066845,17.408,-26.857,-0.011,0.018,257.972,262.445,253.924
1780888653.077513,17.408,-27.429,-0.011,0.019,258.006,262.472,253.869
1780888653.0918531,17.408,-28.071,-0.011,0.019,258.047,262.508,253.8
1780888653.1299899,17.183,-28.929,-0.01,0.019,258.144,262.528,253.693
1780888653.130454,17.07,-29.429,-0.01,0.019,258.172,262.508,253.683
1780888653.130786,16.901,-30.143,-0.01,0.02,258.248,262.529,253.595
1780888653.141022,17.014,-30.571,-0.01,0.02,258.252,262.571,253.555
1780888653.154942,16.845,-32.071,-0.01,0.021,258.385,262.652,253.363
1780888653.168597,16.732,-32.929,-0.01,0.021,258.465,262.7,253.249
1780888653.179081,16.732,-32.929,-0.01,0.021,258.465,262.7,253.249
1780888653.193554,16.056,-34.357,-0.01,0.022,258.69,262.706,253.038
1780888653.207396,16.113,-34.429,-0.01,0.022,258.645,262.691,253.092
1780888653.217741,15.831,-34.5,-0.009,0.022,258.679,262.634,253.109
1780888653.232297,15.944,-34.714,-0.009,0.022,258.663,262.663,253.099
1780888653.2428958,15.944,-35.5,-0.01,0.023,258.72,262.73,252.99
1780888653.256628,16.113,-36.143,-0.01,0.023,258.722,262.8,252.93
1780888653.270873,15.662,-35.929,-0.009,0.023,258.762,262.686,252.989
1780888653.281578,15.549,-36.5,-0.009,0.023,258.82,262.715,252.912
1780888653.295389,14.986,-36.5,-0.009,0.023,258.884,262.6,252.952
1780888653.333824,14.93,-36.786,-0.009,0.023,258.906,262.614,252.92
1780888653.334174,14.873,-36.786,-0.009,0.023,258.902,262.6,252.936
1780888653.334466,14.535,-37.143,-0.009,0.023,258.978,262.573,252.889
1780888653.3444061,14.197,-37.071,-0.008,0.023,259.002,262.5,252.929
1780888653.358233,14.423,-37.357,-0.008,0.023,258.98,262.568,252.892
1780888653.372573,13.859,-37.143,-0.008,0.023,259.041,262.445,252.94
1780888653.383073,13.803,-36.643,-0.008,0.022,258.992,262.386,253.035
1780888653.396929,13.014,-36.5,-0.007,0.022,259.088,262.242,253.071
1780888653.411212,13.07,-35.857,-0.008,0.022,259.009,262.193,253.185
1780888653.421767,12.62,-35.786,-0.007,0.022,259.068,262.114,253.198
1780888653.435603,12.169,-35.429,-0.007,0.021,259.093,262.016,253.261
1780888653.446267,12.0,-34.929,-0.007,0.021,259.066,261.946,253.345
1780888653.459991,11.831,-34.857,-0.007,0.021,259.08,261.92,253.355
1780888653.474337,11.662,-34.143,-0.007,0.02,259.035,261.83,253.474
1780888653.4850838,11.155,-33.429,-0.006,0.02,259.042,261.696,253.584
1780888653.4989812,10.817,-32.714,-0.006,0.019,259.026,261.58,253.699
1780888653.5304801,10.704,-32.143,-0.006,0.019,258.987,261.519,253.788
1780888653.53088,10.141,-31.643,-0.006,0.019,259.03,261.389,253.863
1780888653.537297,9.634,-30.571,-0.005,0.018,259.006,261.233,254.022
1780888653.54794,9.296,-29.714,-0.005,0.017,258.979,261.11,254.156
1780888653.562272,9.127,-29.143,-0.005,0.017,258.952,261.046,254.238
1780888653.576052,8.507,-27.929,-0.005,0.016,258.938,260.864,254.413
1780888653.58687,8.0,-26.714,-0.004,0.015,258.907,260.682,254.605
1780888653.601591,8.113,-26.286,-0.004,0.015,258.849,260.684,254.658
1780888653.6120782,7.775,-25.286,-0.004,0.014,258.813,260.552,254.81
1780888653.62538,6.986,-24.0,-0.004,0.013,258.825,260.345,254.987
1780888653.639301,6.592,-23.571,-0.003,0.013,258.852,260.263,255.037
1780888653.650113,6.31,-22.286,-0.003,0.012,258.779,260.118,255.238
1780888653.664459,5.972,-21.571,-0.003,0.012,258.77,260.021,255.336
1780888653.6748888,5.577,-19.857,-0.003,0.011,258.68,259.847,255.582
1780888653.68864,4.901,-19.5,-0.002,0.011,258.761,259.728,255.615
1780888653.702861,4.732,-18.643,-0.002,0.01,258.711,259.647,255.739
1780888653.742718,4.507,-17.857,-0.002,0.01,258.678,259.564,255.849
1780888653.743087,3.662,-16.857,-0.002,0.009,258.728,259.386,255.967
1780888653.743423,3.662,-16.857,-0.002,0.009,258.728,259.386,255.967
1780888653.753227,2.986,-14.714,-0.001,0.007,258.64,259.101,256.322
1780888653.765675,2.535,-14.286,-0.001,0.007,258.678,259.02,256.363
1780888653.7763112,2.141,-12.857,-0.001,0.006,258.616,258.886,256.552
1780888653.789922,1.859,-12.0,-0.001,0.006,258.585,258.791,256.672
1780888653.801204,1.634,-11.071,-0.0,0.005,258.54,258.698,256.806
1780888653.814861,1.352,-10.714,-0.0,0.005,258.557,258.65,256.835
1780888653.8252869,1.296,-9.929,-0.0,0.005,258.498,258.598,256.945
1780888653.839357,1.296,-9.929,-0.0,0.005,258.498,258.598,256.945
1780888653.853337,-0.394,-8.071,0.001,0.003,258.604,258.18,257.249
1780888653.864031,-0.394,-7.071,0.001,0.003,258.513,258.125,257.393
1780888653.87772,-0.563,-6.214,0.001,0.002,258.469,258.086,257.474
1780888653.888373,-0.958,-6.071,0.001,0.002,258.525,258.041,257.464
1780888653.902595,-1.127,-5.786,0.001,0.002,258.529,258.018,257.483
1780888653.9133492,-1.408,-4.929,0.001,0.002,258.497,257.922,257.609
1780888653.926781,-1.859,-4.357,0.002,0.002,258.523,257.853,257.653
1780888653.9655292,-2.028,-4.214,0.002,0.002,258.539,257.839,257.65
1780888653.965865,-2.028,-4.214,0.002,0.002,258.539,257.839,257.65
1780888653.96613,-2.028,-4.214,0.002,0.002,258.539,257.839,257.65
1780888653.9754019,-2.028,-4.214,0.002,0.002,258.539,257.839,257.65
1780888653.9891572,-2.028,-4.214,0.002,0.002,258.539,257.839,257.65
1780888653.999712,-3.38,-2.143,0.003,0.0,258.567,257.457,258.006
1780888654.014246,-3.606,-1.643,0.003,-0.0,258.557,257.408,258.066
1780888654.0280058,-3.831,-1.214,0.003,-0.0,258.556,257.393,258.082
1780888654.038421,-4.113,-1.143,0.003,-0.0,258.596,257.368,258.067
1780888654.052713,-4.056,-0.929,0.003,-0.0,258.567,257.383,258.081
1780888654.0634692,-4.056,-0.643,0.003,-0.0,258.541,257.38,258.11
1780888654.077194,-4.338,-0.857,0.003,-0.0,258.608,257.396,258.027
1780888654.087651,-4.563,-0.714,0.003,-0.0,258.631,257.365,258.036
1780888654.1020641,-4.394,-0.714,0.003,-0.0,258.603,257.409,258.02
1780888654.1157901,-4.451,-0.786,0.003,0.0,258.618,257.421,257.991
1780888654.126406,-4.338,-1.357,0.003,0.001,258.652,257.516,257.863
1780888654.140177,-4.62,-1.214,0.003,0.001,258.683,257.468,257.881
1780888654.17909,-4.394,-1.786,0.003,0.001,258.698,257.566,257.767
1780888654.179453,-4.676,-1.857,0.003,0.001,258.748,257.534,257.75
1780888654.17972,-4.507,-2.786,0.003,0.002,258.8,257.658,257.574
1780888654.189079,-4.507,-3.214,0.003,0.002,258.837,257.701,257.497
1780888654.2034729,-4.676,-3.286,0.003,0.002,258.866,257.682,257.486
1780888654.214037,-4.507,-4.071,0.003,0.003,258.907,257.783,257.345
1780888654.2277482,-4.338,-4.714,0.003,0.003,258.929,257.867,257.242
1780888654.238235,-4.451,-5.214,0.003,0.004,258.989,257.892,257.158
1780888654.252654,-4.394,-5.714,0.003,0.004,259.021,257.944,257.076
1780888654.263472,-4.282,-6.571,0.003,0.005,259.076,258.038,256.931
1780888654.277029,-4.0,-7.429,0.002,0.005,259.096,258.149,256.802
1780888654.291321,-4.056,-8.143,0.002,0.006,259.166,258.199,256.688
1780888654.301999,-3.831,-8.5,0.002,0.006,259.154,258.259,256.639
1780888654.3157032,-3.718,-9.571,0.002,0.007,259.229,258.368,256.462
1780888654.326109,-3.606,-10.714,0.002,0.008,259.301,258.471,256.295
1780888654.3400278,-3.437,-11.929,0.002,0.008,259.379,258.599,256.098
1780888654.351068,-3.155,-11.786,0.002,0.008,259.309,258.617,256.147
1780888654.364822,-3.155,-13.0,0.002,0.009,259.407,258.703,255.972
1780888654.39421,-2.873,-13.357,0.002,0.009,259.385,258.768,255.931
1780888654.394579,-2.873,-13.357,0.002,0.009,259.385,258.768,255.931
1780888654.40299,-2.873,-13.357,0.002,0.009,259.385,258.768,255.931
1780888654.413592,-2.028,-15.786,0.001,0.011,259.469,259.119,255.52
1780888654.427294,-1.803,-17.071,0.001,0.012,259.544,259.255,255.322
1780888654.441639,-1.859,-18.0,0.001,0.012,259.631,259.309,255.191
1780888654.4524019,-1.521,-18.143,0.001,0.012,259.577,259.354,255.199
1780888654.466053,-1.127,-19.214,0.0,0.013,259.596,259.474,255.069
1780888654.4765382,-0.732,-19.571,0.0,0.013,259.556,259.551,255.036
1780888654.491064,-0.563,-20.5,-0.0,0.014,259.609,259.644,254.901
1780888654.5047739,-0.056,-20.786,-0.0,0.014,259.545,259.731,254.88
1780888654.515427,0.113,-22.5,-0.001,0.015,259.666,259.875,254.636
1780888654.5290828,0.507,-22.786,-0.001,0.015,259.62,259.944,254.616
1780888654.5398982,0.676,-23.857,-0.001,0.016,259.688,260.05,254.456
1780888654.5541859,0.901,-24.071,-0.001,0.016,259.664,260.083,254.449
1780888654.567895,1.577,-25.071,-0.001,0.016,259.636,260.243,254.329
1780888654.6059132,1.69,-25.857,-0.002,0.017,259.688,260.313,254.219
1780888654.606199,1.972,-27.929,-0.002,0.018,259.833,260.535,253.888
1780888654.606488,2.028,-28.0,-0.002,0.018,259.821,260.524,253.908
1780888654.616794,1.972,-28.071,-0.002,0.018,259.823,260.472,253.953
1780888654.6309671,1.972,-28.071,-0.002,0.018,259.823,260.472,253.953
1780888654.641485,1.972,-28.071,-0.002,0.018,259.823,260.472,253.953
1780888654.655294,1.972,-28.071,-0.002,0.018,259.823,260.472,253.953
1780888654.665882,4.507,-28.286,-0.003,0.018,259.419,260.87,253.965
1780888654.67972,5.127,-28.357,-0.004,0.018,259.328,260.954,253.974
1780888654.694128,5.465,-28.643,-0.004,0.018,259.305,261.012,253.943
1780888654.704681,6.254,-28.571,-0.005,0.018,259.181,261.087,253.99
1780888654.718427,6.704,-28.714,-0.005,0.018,259.129,261.153,253.98
1780888654.7291598,6.93,-28.571,-0.005,0.018,259.087,261.153,254.018
1780888654.743393,7.38,-28.571,-0.005,0.018,259.022,261.207,254.03
1780888654.754188,7.718,-28.429,-0.005,0.018,258.974,261.208,254.074
1780888654.767877,8.0,-28.429,-0.006,0.018,258.938,261.237,254.082
1780888654.782301,8.451,-28.429,-0.006,0.018,258.874,261.295,254.089
1780888654.822739,8.732,-28.5,-0.006,0.018,258.845,261.332,254.083
1780888654.823157,9.352,-28.214,-0.006,0.017,258.74,261.374,254.143
1780888654.823499,10.085,-28.214,-0.007,0.017,258.632,261.483,254.147
1780888654.8312151,10.761,-27.5,-0.007,0.017,258.47,261.51,254.274
1780888654.844932,10.873,-27.571,-0.007,0.017,258.474,261.519,254.262
1780888654.855467,11.606,-26.929,-0.008,0.016,258.327,261.55,254.372
1780888654.8693278,12.0,-26.714,-0.008,0.016,258.26,261.582,254.407
1780888654.883733,11.887,-26.5,-0.008,0.016,258.275,261.527,254.441
1780888654.894221,12.563,-25.357,-0.008,0.015,258.092,261.508,254.631
1780888654.9081202,12.958,-25.143,-0.008,0.015,258.026,261.544,254.66
1780888654.9188218,13.239,-25.071,-0.009,0.015,257.992,261.576,254.665
1780888654.933322,13.239,-24.929,-0.009,0.015,257.996,261.552,254.682
1780888654.946899,13.746,-24.143,-0.009,0.014,257.874,261.544,254.805
1780888654.957589,13.972,-24.214,-0.009,0.014,257.861,261.582,254.783
1780888654.9718158,14.197,-24.0,-0.009,0.014,257.821,261.592,254.812
1780888654.98557,14.592,-23.571,-0.009,0.014,257.734,261.611,254.879
1780888655.021852,14.592,-22.929,-0.009,0.013,257.707,261.534,254.973
1780888655.022167,15.042,-22.143,-0.01,0.013,257.578,261.53,255.101
1780888655.022461,15.211,-22.071,-0.01,0.013,257.561,261.548,255.101
1780888655.034681,15.324,-20.286,-0.01,0.012,257.413,261.385,255.389
1780888655.0484009,15.493,-20.071,-0.01,0.011,257.383,261.394,255.41
1780888655.058985,15.606,-20.0,-0.01,0.011,257.375,261.406,255.406
1780888655.0733628,16.169,-19.5,-0.01,0.011,257.256,261.453,255.48
1780888655.087169,16.394,-19.0,-0.01,0.011,257.209,261.44,255.537
1780888655.097687,16.732,-18.429,-0.011,0.011,257.12,261.441,255.623
1780888655.1121988,16.563,-17.786,-0.01,0.01,257.105,261.348,255.722
1780888655.122946,16.732,-17.714,-0.01,0.01,257.088,261.372,255.717
1780888655.136496,17.07,-16.786,-0.011,0.009,256.98,261.341,255.851
1780888655.150788,17.465,-16.5,-0.011,0.009,256.908,261.381,255.885
1780888655.16168,17.465,-16.071,-0.011,0.009,256.885,261.34,255.945
1780888655.17519,17.521,-15.357,-0.011,0.009,256.841,261.283,256.041
1780888655.1888251,17.352,-14.5,-0.011,0.008,256.804,261.173,256.177
1780888655.226787,17.465,-14.571,-0.011,0.008,256.807,261.204,256.146
1780888655.227169,17.07,-14.0,-0.01,0.008,256.831,261.085,256.232
1780888655.227456,17.634,-13.214,-0.011,0.007,256.696,261.114,256.338
1780888655.2378838,17.465,-12.929,-0.011,0.007,256.71,261.063,256.372
1780888655.252306,17.634,-12.643,-0.011,0.007,256.669,261.069,256.406
1780888655.2628732,17.859,-12.5,-0.011,0.007,256.633,261.099,256.415
1780888655.276588,17.69,-11.929,-0.011,0.007,256.63,261.025,256.486
1780888655.290901,17.408,-11.429,-0.011,0.006,256.639,260.934,256.561
1780888655.3014588,17.296,-11.429,-0.01,0.006,256.666,260.922,256.545
1780888655.315131,17.408,-10.786,-0.011,0.006,256.607,260.893,256.632
1780888655.3258932,17.408,-10.643,-0.011,0.006,256.602,260.885,256.643
1780888655.3398242,17.239,-10.286,-0.01,0.006,256.604,260.828,256.694
1780888655.3541,16.958,-10.071,-0.01,0.006,256.636,260.767,256.719
1780888655.364717,16.394,-10.0,-0.01,0.006,256.73,260.681,256.706
1780888655.3784041,16.451,-10.5,-0.01,0.006,256.769,260.748,256.604
1780888655.392864,15.662,-11.571,-0.009,0.007,256.991,260.726,256.404
1780888655.430861,14.93,-11.929,-0.009,0.007,257.135,260.644,256.337
1780888655.4313002,13.239,-13.0,-0.007,0.008,257.481,260.483,256.147
1780888655.4317188,12.338,-14.357,-0.007,0.009,257.734,260.474,255.908
1780888655.442017,11.606,-15.071,-0.006,0.01,257.897,260.431,255.791
1780888655.455749,10.366,-15.786,-0.005,0.01,258.114,260.313,255.691
1780888655.466285,9.521,-16.571,-0.005,0.011,258.298,260.26,255.564
1780888655.4808,8.958,-15.857,-0.004,0.01,258.295,260.109,255.706
1780888655.494443,8.113,-15.714,-0.004,0.01,258.393,259.97,255.742
1780888655.505379,7.211,-16.071,-0.003,0.01,258.546,259.872,255.687
1780888655.5189052,5.183,-14.429,-0.002,0.009,258.693,259.399,255.989
1780888655.529581,4.789,-13.071,-0.002,0.008,258.601,259.235,256.233
1780888655.543884,3.606,-12.857,-0.001,0.008,258.748,259.051,256.266
1780888655.554611,2.254,-11.857,0.0,0.007,258.821,258.803,256.434
1780888655.568353,1.239,-11.643,0.001,0.007,258.941,258.652,256.463
1780888655.582709,0.394,-10.786,0.001,0.006,258.972,258.47,256.609
1780888655.593205,-0.507,-10.714,0.002,0.006,259.088,258.355,256.61
1780888655.60704,-2.479,-10.5,0.003,0.006,259.338,258.092,256.626
1780888655.6460311,-3.606,-10.0,0.004,0.006,259.448,257.903,256.707
1780888655.6464,-4.394,-10.143,0.004,0.006,259.562,257.83,256.67
1780888655.64674,-5.296,-9.857,0.005,0.006,259.654,257.698,256.712
1780888655.656107,-7.38,-9.0,0.006,0.005,259.857,257.365,256.848
1780888655.6696892,-7.606,-9.214,0.006,0.005,259.884,257.39,256.798
1780888655.680675,-7.606,-9.214,0.006,0.005,259.884,257.39,256.798
1780888655.6945012,-7.606,-9.214,0.006,0.005,259.884,257.39,256.798
1780888655.704926,-10.761,-8.429,0.008,0.005,260.27,256.902,256.918
1780888655.718762,-10.761,-8.429,0.008,0.005,260.27,256.902,256.918
1780888655.7332852,-12.169,-7.786,0.009,0.004,260.41,256.665,257.024
1780888655.743917,-13.014,-8.071,0.01,0.005,260.545,256.604,256.959
1780888655.757739,-14.648,-7.357,0.011,0.004,260.68,256.371,257.067
1780888655.7682931,-15.155,-7.286,0.011,0.004,260.725,256.328,257.069
1780888655.782725,-16.056,-7.071,0.011,0.004,260.823,256.209,257.097
1780888655.796448,-17.014,-7.5,0.012,0.004,260.961,256.177,257.001
1780888655.807063,-17.577,-7.357,0.012,0.004,261.012,256.112,257.02
1780888655.821234,-18.197,-7.286,0.012,0.004,261.079,256.044,257.026
1780888655.860521,-18.817,-7.571,0.013,0.005,261.183,256.007,256.968
1780888655.860949,-19.606,-7.571,0.013,0.005,261.259,255.946,256.959
1780888655.8612852,-19.944,-7.857,0.013,0.005,261.317,255.948,256.903
1780888655.8696902,-20.451,-8.071,0.014,0.005,261.398,255.915,256.862
1780888655.883852,-20.789,-7.929,0.014,0.005,261.414,255.875,256.888
1780888655.894378,-20.789,-7.929,0.014,0.005,261.414,255.875,256.888
1780888655.9081962,-22.31,-8.5,0.015,0.005,261.706,255.715,256.782
1780888655.918899,-22.31,-8.643,0.015,0.005,261.689,255.754,256.758
1780888655.933154,-22.704,-8.857,0.015,0.006,261.75,255.736,256.721
1780888655.9471061,-22.817,-9.643,0.015,0.006,261.793,255.829,256.587
1780888655.957474,-23.042,-10.214,0.015,0.007,261.863,255.862,256.49
1780888655.971909,-23.099,-10.571,0.015,0.007,261.884,255.9,256.433
1780888655.985727,-23.155,-10.929,0.015,0.007,261.906,255.936,256.377
1780888655.996533,-23.268,-11.5,0.015,0.008,261.94,255.989,256.293
1780888656.010062,-23.268,-11.929,0.015,0.008,261.963,256.035,256.226
1780888656.0211751,-23.211,-12.286,0.014,0.008,261.97,256.082,256.172
1780888656.034944,-23.099,-13.786,0.014,0.009,262.064,256.241,255.929
1780888656.08499,-23.268,-13.357,0.014,0.009,262.033,256.176,256.021
1780888656.085408,-23.324,-13.571,0.014,0.009,262.049,256.189,255.995
1780888656.085751,-23.268,-13.643,0.014,0.009,262.032,256.205,255.994
1780888656.087305,-22.93,-15.286,0.014,0.01,262.111,256.404,255.725
1780888656.0979269,-22.93,-15.643,0.014,0.01,262.133,256.432,255.678
1780888656.112303,-22.704,-16.214,0.014,0.011,262.139,256.514,255.592
1780888656.122972,-22.535,-16.429,0.014,0.011,262.119,256.553,255.57
1780888656.1365619,-21.69,-17.357,0.013,0.011,262.047,256.755,255.437
1780888656.1510441,-21.465,-17.571,0.013,0.011,262.022,256.799,255.416
1780888656.1615171,-20.958,-18.071,0.012,0.012,261.979,256.913,255.344
1780888656.175488,-20.338,-19.0,0.012,0.012,261.956,257.07,255.211
1780888656.189169,-20.0,-19.357,0.012,0.013,261.93,257.14,255.166
1780888656.199948,-19.831,-19.929,0.012,0.013,261.955,257.203,255.083
1780888656.214238,-19.38,-20.5,0.011,0.013,261.931,257.31,255.001
1780888656.224798,-19.38,-20.5,0.011,0.013,261.931,257.31,255.001
1780888656.238373,-17.69,-22.286,0.01,0.015,261.815,257.724,254.707
1780888656.2759879,-17.127,-23.071,0.009,0.015,261.797,257.86,254.594
1780888656.276418,-16.958,-23.214,0.009,0.015,261.784,257.872,254.595
1780888656.277245,-15.662,-23.929,0.009,0.016,261.637,258.091,254.517
1780888656.29142,-15.38,-23.786,0.008,0.015,261.579,258.095,254.564
1780888656.3019378,-14.31,-24.214,0.008,0.016,261.444,258.281,254.509
1780888656.315941,-12.676,-24.857,0.006,0.016,261.247,258.547,254.435
1780888656.326258,-12.113,-25.071,0.006,0.016,261.184,258.627,254.416
1780888656.340697,-11.268,-25.143,0.006,0.016,261.061,258.74,254.421
1780888656.3545961,-10.761,-25.714,0.005,0.016,261.046,258.845,254.337
1780888656.365131,-9.634,-25.786,0.005,0.016,260.892,258.972,254.357
1780888656.3789802,-7.775,-25.786,0.003,0.016,260.594,259.246,254.371
1780888656.3894,-7.606,-26.286,0.003,0.017,260.636,259.286,254.296
1780888656.403696,-6.592,-26.357,0.003,0.017,260.492,259.426,254.297
1780888656.417438,-6.592,-26.357,0.003,0.017,260.492,259.426,254.297
1780888656.428586,-4.676,-27.286,0.001,0.017,260.281,259.796,254.149
1780888656.442313,-3.549,-27.286,0.0,0.017,260.118,259.941,254.164
1780888656.480482,-3.549,-27.286,0.0,0.017,260.118,259.941,254.164
1780888656.480813,-1.465,-27.857,-0.001,0.018,259.882,260.256,254.094
1780888656.4811342,-0.338,-27.929,-0.002,0.018,259.73,260.408,254.095
1780888656.491112,-0.338,-27.929,-0.002,0.018,259.73,260.408,254.095
1780888656.504867,1.465,-28.429,-0.003,0.018,259.51,260.715,254.02
1780888656.51522,2.93,-28.214,-0.004,0.018,259.315,260.847,254.081
1780888656.529061,2.93,-28.214,-0.004,0.018,259.315,260.847,254.081
1780888656.543414,4.732,-28.143,-0.005,0.017,259.045,261.1,254.103
1780888656.5538938,6.366,-28.214,-0.006,0.017,258.859,261.29,254.107
1780888656.567862,7.549,-28.0,-0.007,0.017,258.683,261.425,254.151
1780888656.5790741,8.169,-27.643,-0.007,0.017,258.587,261.45,254.219
1780888656.592748,8.958,-28.0,-0.007,0.017,258.529,261.577,254.16
1780888656.606472,10.704,-28.214,-0.009,0.017,258.303,261.855,254.127
1780888656.616972,11.606,-27.357,-0.009,0.017,258.117,261.878,254.281
1780888656.631296,12.113,-27.429,-0.009,0.017,258.082,261.928,254.269
1780888656.645101,12.113,-27.429,-0.009,0.017,258.082,261.928,254.269
1780888656.6659698,14.704,-26.714,-0.011,0.016,257.684,262.218,254.392
1780888656.6694038,15.268,-26.643,-0.011,0.016,257.629,262.266,254.403
1780888656.679896,15.268,-26.643,-0.011,0.016,257.629,262.266,254.403
1780888656.694357,16.845,-26.143,-0.012,0.016,257.372,262.449,254.487
1780888656.708087,17.972,-25.5,-0.013,0.015,257.222,262.498,254.588
1780888656.718575,18.873,-25.286,-0.013,0.015,257.1,262.596,254.619
1780888656.733454,19.718,-25.214,-0.014,0.015,257.0,262.7,254.626
1780888656.746868,21.07,-24.571,-0.014,0.015,256.807,262.801,254.725
1780888656.757505,21.239,-24.286,-0.014,0.014,256.793,262.767,254.767
1780888656.771787,22.028,-24.214,-0.015,0.014,256.699,262.867,254.772
1780888656.782442,22.873,-23.643,-0.015,0.014,256.551,262.926,254.864
1780888656.796202,23.887,-22.571,-0.016,0.013,256.368,262.938,255.032
1780888656.809969,24.732,-22.286,-0.016,0.013,256.246,263.032,255.07
1780888656.821053,25.127,-22.143,-0.017,0.013,256.208,263.06,255.083
1780888656.8348851,25.127,-22.143,-0.017,0.013,256.208,263.06,255.083
1780888656.8487198,26.592,-20.857,-0.017,0.012,255.937,263.136,255.284
1780888656.8861172,27.155,-20.0,-0.018,0.011,255.81,263.124,255.421
1780888656.8864799,27.38,-19.357,-0.018,0.011,255.754,263.077,255.518
1780888656.8868139,28.056,-18.643,-0.018,0.011,255.654,263.088,255.608
1780888656.897853,28.113,-17.857,-0.018,0.01,255.608,263.001,255.73
1780888656.9122581,29.127,-17.857,-0.019,0.01,255.482,263.168,255.71
1780888656.9226182,29.577,-17.429,-0.019,0.01,255.407,263.187,255.768
1780888656.936398,29.972,-16.357,-0.019,0.009,255.312,263.12,255.922
1780888656.950856,30.085,-15.714,-0.019,0.009,255.267,263.063,256.018
1780888656.9615319,30.423,-15.571,-0.019,0.009,255.231,263.099,256.024
1780888656.975134,30.479,-14.857,-0.019,0.008,255.186,263.027,256.133
1780888656.985735,31.042,-13.857,-0.019,0.008,255.062,263.011,256.273
1780888656.999613,30.986,-13.0,-0.019,0.007,255.02,262.909,256.407
1780888657.013966,31.042,-12.714,-0.019,0.007,255.01,262.887,256.436
1780888657.02458,31.38,-12.071,-0.019,0.007,254.947,262.878,256.509
1780888657.038296,31.549,-11.643,-0.02,0.006,254.905,262.862,256.566
1780888657.052534,31.549,-11.714,-0.019,0.006,254.931,262.869,256.533
1780888657.094038,31.718,-11.071,-0.02,0.006,254.867,262.832,256.631
1780888657.094391,31.662,-10.357,-0.019,0.006,254.846,262.752,256.725
1780888657.094721,31.211,-10.429,-0.019,0.006,254.937,262.682,256.694
1780888657.101484,31.38,-10.0,-0.019,0.005,254.887,262.672,256.755
1780888657.115212,31.324,-9.786,-0.019,0.005,254.89,262.644,256.777
1780888657.125699,31.549,-8.786,-0.019,0.005,254.791,262.592,256.926
1780888657.1395452,30.93,-8.429,-0.019,0.004,254.867,262.452,256.974
1780888657.150799,30.592,-7.857,-0.018,0.004,254.878,262.344,257.06
1780888657.16465,30.423,-7.714,-0.018,0.004,254.9,262.31,257.068
1780888657.178648,29.746,-7.786,-0.018,0.004,255.024,262.218,257.023
1780888657.189174,29.746,-7.357,-0.018,0.004,254.99,262.186,257.088
1780888657.203488,30.085,-7.5,-0.018,0.004,254.955,262.27,257.048
1780888657.2141068,29.183,-6.857,-0.017,0.004,255.044,262.069,257.139
1780888657.22767,28.394,-6.643,-0.017,0.004,255.147,261.923,257.166
1780888657.242045,28.056,-6.357,-0.017,0.003,255.173,261.85,257.206
1780888657.2528079,27.662,-6.5,-0.016,0.004,255.244,261.811,257.168
1780888657.266295,26.93,-6.286,-0.016,0.004,255.331,261.693,257.188
1780888657.30628,26.366,-6.5,-0.015,0.004,255.431,261.633,257.14
1780888657.306657,26.085,-6.357,-0.015,0.004,255.455,261.586,257.159
1780888657.306987,25.577,-6.643,-0.015,0.004,255.551,261.543,257.1
1780888657.315257,24.282,-6.571,-0.014,0.004,255.724,261.346,257.104
1780888657.3291361,24.676,-7.143,-0.014,0.004,255.702,261.488,256.995
1780888657.339608,23.211,-7.071,-0.013,0.004,255.912,261.245,257.007
1780888657.3541481,22.93,-7.071,-0.013,0.004,255.94,261.215,257.005
1780888657.364746,21.408,-7.286,-0.012,0.005,256.165,261.014,256.964
1780888657.37852,20.901,-7.786,-0.012,0.005,256.27,260.997,256.873
1780888657.392781,20.113,-7.714,-0.011,0.005,256.368,260.875,256.888
1780888657.40346,19.042,-7.857,-0.01,0.005,256.527,260.729,256.864
1780888657.417161,16.789,-7.786,-0.009,0.005,256.827,260.39,256.881
1780888657.42754,14.93,-7.357,-0.007,0.005,257.054,260.065,256.96
1780888657.442131,14.93,-7.357,-0.007,0.005,257.054,260.065,256.96
1780888657.455673,11.831,-6.929,-0.005,0.004,257.474,259.544,257.038
1780888657.466319,8.225,-6.857,-0.002,0.004,258.004,258.989,257.048
1780888657.479936,6.648,-6.143,-0.001,0.004,258.142,258.718,257.176
1780888657.517622,4.958,-5.714,-0.0,0.003,258.324,258.46,257.248
1780888657.517956,3.099,-5.286,0.001,0.003,258.534,258.178,257.319
1780888657.518202,0.169,-4.571,0.003,0.002,258.838,257.763,257.433
1780888657.529073,-1.915,-4.643,0.004,0.003,259.133,257.499,257.41
1780888657.543276,-3.662,-4.357,0.005,0.002,259.336,257.259,257.453
1780888657.553774,-3.662,-4.357,0.005,0.002,259.336,257.259,257.453
1780888657.567349,-6.986,-3.786,0.008,0.002,259.772,256.747,257.548
1780888657.5779998,-6.986,-3.786,0.008,0.002,259.772,256.747,257.548
1780888657.592478,-6.986,-3.786,0.008,0.002,259.772,256.747,257.548
1780888657.602989,-13.352,-3.786,0.012,0.002,260.771,255.827,257.536
1780888657.6166432,-16.732,-3.714,0.015,0.002,261.251,255.389,257.539
1780888657.631043,-16.732,-3.714,0.015,0.002,261.251,255.389,257.539
1780888657.641792,-19.549,-4.0,0.016,0.002,261.668,255.074,257.476
1780888657.6554291,-21.014,-4.5,0.017,0.003,261.873,254.987,257.378
1780888657.666261,-22.366,-4.571,0.018,0.003,262.019,254.875,257.36
1780888657.679886,-25.465,-5.429,0.02,0.003,262.551,254.563,257.199
1780888657.694165,-26.873,-5.5,0.02,0.004,262.706,254.441,257.187
1780888657.7340128,-29.239,-6.357,0.021,0.004,263.02,254.316,257.035
1780888657.734396,-30.479,-6.5,0.022,0.004,263.164,254.214,257.013
1780888657.734743,-31.662,-6.357,0.023,0.004,263.271,254.094,257.044
1780888657.743283,-32.676,-6.857,0.023,0.005,263.419,254.052,256.956
1780888657.753793,-34.873,-7.857,0.024,0.005,263.753,253.932,256.787
1780888657.767576,-35.887,-8.429,0.025,0.006,263.916,253.886,256.692
1780888657.781868,-35.887,-8.429,0.025,0.006,263.916,253.886,256.692
1780888657.7924218,-38.028,-9.0,0.026,0.006,264.284,253.669,256.598
1780888657.806164,-39.493,-10.429,0.027,0.007,264.541,253.679,256.366
1780888657.820778,-40.394,-10.714,0.027,0.007,264.66,253.616,256.33
1780888657.8313012,-41.239,-10.857,0.027,0.007,264.756,253.547,256.32
1780888657.845182,-41.803,-11.5,0.028,0.008,264.857,253.561,256.219
1780888657.855715,-43.099,-12.0,0.028,0.008,265.015,253.488,256.161
1780888657.869518,-43.944,-12.643,0.029,0.009,265.177,253.452,256.061
1780888657.883929,-44.338,-13.214,0.029,0.009,265.249,253.476,255.975
1780888657.894562,-45.296,-14.143,0.029,0.009,265.411,253.472,255.844
1780888657.907952,-45.69,-14.714,0.029,0.01,265.491,253.488,255.76
1780888657.947201,-45.69,-14.714,0.029,0.01,265.491,253.488,255.76
1780888657.947516,-45.69,-14.714,0.029,0.01,265.491,253.488,255.76
1780888657.94785,-46.761,-17.071,0.03,0.012,265.835,253.574,255.386
1780888657.957068,-46.592,-17.929,0.029,0.012,265.843,253.691,255.26
1780888657.9713972,-46.817,-18.214,0.029,0.012,265.867,253.696,255.235
1780888657.985315,-46.704,-18.5,0.029,0.012,265.831,253.75,255.209
1780888657.995832,-46.817,-19.714,0.029,0.013,265.903,253.858,255.04
1780888658.009367,-46.592,-19.357,0.029,0.013,265.785,253.867,255.127
1780888658.023807,-46.592,-19.357,0.029,0.013,265.785,253.867,255.127
1780888658.034216,-46.592,-19.357,0.029,0.013,265.785,253.867,255.127
1780888658.0481138,-45.521,-21.929,0.028,0.015,265.831,254.254,254.697
1780888658.0588229,-45.408,-22.643,0.028,0.015,265.857,254.328,254.602
1780888658.0737128,-45.014,-22.714,0.027,0.015,265.762,254.388,254.619
1780888658.087137,-44.169,-23.571,0.027,0.015,265.652,254.575,254.522
1780888658.098026,-43.662,-23.857,0.026,0.016,265.57,254.665,254.498
1780888658.112161,-42.986,-24.357,0.026,0.016,265.484,254.799,254.435
1780888658.150847,-42.141,-24.786,0.025,0.016,265.362,254.95,254.384
1780888658.151253,-40.958,-25.286,0.024,0.016,265.184,255.139,254.343
1780888658.151606,-40.113,-25.429,0.023,0.016,265.042,255.261,254.34
1780888658.161359,-39.38,-25.714,0.023,0.016,264.94,255.377,254.31
1780888658.175127,-37.859,-25.929,0.022,0.016,264.695,255.584,254.309
1780888658.189068,-36.169,-26.214,0.021,0.017,264.427,255.845,254.276
1780888658.1994328,-35.549,-26.714,0.02,0.017,264.382,255.956,254.205
1780888658.2137809,-34.761,-26.357,0.02,0.017,264.218,256.017,254.284
1780888658.227482,-32.338,-27.071,0.018,0.017,263.897,256.396,254.185
1780888658.238212,-32.338,-27.071,0.018,0.017,263.897,256.396,254.185
1780888658.252725,-29.972,-27.286,0.016,0.017,263.519,256.752,254.162
1780888658.263105,-29.07,-27.429,0.016,0.017,263.404,256.866,254.151
1780888658.276832,-26.873,-28.0,0.014,0.018,263.104,257.223,254.065
1780888658.291179,-25.634,-28.0,0.013,0.018,262.921,257.373,254.079
1780888658.3018801,-24.507,-28.214,0.013,0.018,262.783,257.525,254.055
1780888658.315685,-21.746,-28.786,0.011,0.018,262.435,257.921,253.98
1780888658.3554492,-20.676,-28.5,0.01,0.018,262.261,258.016,254.042
1780888658.355799,-19.324,-28.5,0.009,0.018,262.068,258.185,254.052
1780888658.356163,-19.324,-28.5,0.009,0.018,262.068,258.185,254.052
1780888658.364657,-14.648,-27.929,0.006,0.017,261.304,258.782,254.166
1780888658.3783512,-13.127,-28.286,0.005,0.017,261.134,259.006,254.109
1780888658.3926132,-13.127,-28.286,0.005,0.017,261.134,259.006,254.109
1780888658.403071,-10.31,-27.5,0.003,0.017,260.635,259.335,254.251
1780888658.416793,-7.662,-27.357,0.001,0.017,260.24,259.695,254.278
1780888658.427326,-7.662,-27.357,0.001,0.017,260.24,259.695,254.278
1780888658.441869,-4.451,-26.643,-0.001,0.016,259.704,260.093,254.403
1780888658.455508,-4.451,-26.643,-0.001,0.016,259.704,260.093,254.403
1780888658.466228,-1.521,-26.214,-0.003,0.016,259.255,260.468,254.475
1780888658.480171,1.915,-25.5,-0.005,0.015,258.706,260.901,254.596
1780888658.49424,3.268,-25.214,-0.006,0.015,258.547,261.019,254.639
1780888658.5049222,6.31,-24.571,-0.008,0.015,258.08,261.394,254.743
1780888658.518523,8.225,-23.643,-0.009,0.014,257.776,261.546,254.897
1780888658.556473,9.408,-24.0,-0.01,0.014,257.709,261.702,254.821
1780888658.556858,11.211,-23.786,-0.011,0.014,257.486,261.912,254.849
1780888658.557208,13.746,-23.143,-0.012,0.014,257.189,262.132,254.941
1780888658.56774,15.211,-23.0,-0.013,0.014,257.022,262.298,254.955
1780888658.5820212,16.845,-22.786,-0.014,0.013,256.821,262.489,254.983
1780888658.592439,17.915,-22.357,-0.014,0.013,256.689,262.56,255.048
1780888658.606244,20.845,-21.786,-0.016,0.013,256.253,262.948,255.137
1780888658.619946,20.845,-21.786,-0.016,0.013,256.253,262.948,255.137
1780888658.631008,20.845,-21.786,-0.016,0.013,256.253,262.948,255.137
1780888658.644841,20.845,-21.786,-0.016,0.013,256.253,262.948,255.137
1780888658.65864,27.775,-19.571,-0.021,0.011,255.16,263.791,255.494
1780888658.6692438,29.352,-18.5,-0.022,0.01,254.916,263.878,255.664
1780888658.683678,29.859,-18.286,-0.022,0.01,254.909,263.867,255.68
1780888658.6944408,32.113,-17.571,-0.023,0.01,254.667,264.052,255.767
1780888658.707927,33.521,-17.071,-0.024,0.01,254.487,264.186,255.836
1780888658.722414,34.93,-17.286,-0.024,0.01,254.368,264.397,255.777
1780888658.76257,35.831,-16.5,-0.025,0.009,254.236,264.412,255.899
1780888658.76299,38.197,-16.0,-0.026,0.009,253.975,264.667,255.951
1780888658.763262,39.099,-15.643,-0.026,0.009,253.875,264.734,255.997
1780888658.77139,40.0,-14.929,-0.027,0.008,253.742,264.767,256.107
1780888658.785119,40.0,-14.929,-0.027,0.008,253.742,264.767,256.107
1780888658.795491,42.704,-13.571,-0.028,0.007,253.352,265.009,256.307
1780888658.809352,42.704,-13.571,-0.028,0.007,253.352,265.009,256.307
1780888658.8237178,43.887,-12.571,-0.029,0.007,253.154,265.069,256.465
1780888658.834293,45.69,-12.357,-0.03,0.007,252.99,265.281,256.457
1780888658.848128,46.366,-11.286,-0.03,0.006,252.857,265.244,256.63
1780888658.862529,46.817,-11.214,-0.03,0.006,252.84,265.276,256.621
1780888658.87308,47.662,-10.857,-0.031,0.006,252.738,265.353,256.664
1780888658.886781,48.62,-10.286,-0.031,0.006,252.647,265.391,256.728
1780888658.897351,49.127,-9.929,-0.031,0.005,252.588,265.412,256.774
1780888658.9116201,49.352,-9.357,-0.031,0.005,252.551,265.36,256.858
1780888658.925181,49.352,-9.357,-0.031,0.005,252.551,265.36,256.858
1780888658.964673,49.352,-9.357,-0.031,0.005,252.551,265.36,256.858
1780888658.9650712,49.352,-9.357,-0.031,0.005,252.551,265.36,256.858
1780888658.965431,51.099,-7.786,-0.033,0.004,252.205,265.485,257.123
1780888658.974047,51.268,-7.571,-0.033,0.004,252.209,265.464,257.138
1780888658.987844,51.606,-6.929,-0.033,0.003,252.188,265.407,257.209
1780888658.9982479,51.099,-7.071,-0.032,0.004,252.311,265.307,257.162
1780888659.012764,51.268,-6.714,-0.032,0.003,252.287,265.283,257.208
1780888659.0233269,51.099,-6.929,-0.032,0.004,252.359,265.259,257.151
1780888659.037089,50.93,-6.357,-0.031,0.003,252.385,265.141,257.224
1780888659.051713,50.817,-6.5,-0.031,0.004,252.435,265.127,257.183
1780888659.0621629,50.592,-6.357,-0.031,0.003,252.474,265.062,257.196
1780888659.075841,49.859,-6.286,-0.03,0.004,252.604,264.912,257.185
1780888659.0863721,49.577,-6.429,-0.03,0.004,252.668,264.875,257.149
1780888659.1008482,49.07,-6.5,-0.03,0.004,252.756,264.789,257.128
1780888659.111667,48.845,-6.357,-0.029,0.004,252.783,264.735,257.147
1780888659.1251252,47.775,-6.357,-0.029,0.004,252.946,264.549,257.134
1780888659.1389399,46.986,-6.571,-0.028,0.004,253.08,264.435,257.089
1780888659.1760461,46.648,-6.429,-0.028,0.004,253.114,264.368,257.111
1780888659.176453,45.803,-6.643,-0.027,0.004,253.253,264.249,257.068
1780888659.176733,44.563,-6.929,-0.026,0.004,253.445,264.081,257.011
1780888659.1880372,43.944,-6.929,-0.026,0.004,253.526,263.985,257.01
1780888659.202454,43.042,-7.214,-0.025,0.005,253.672,263.869,256.957
1780888659.213082,42.085,-7.357,-0.024,0.005,253.812,263.73,256.932
1780888659.2267032,40.451,-7.786,-0.023,0.005,254.058,263.524,256.856
1780888659.2372391,39.775,-7.929,-0.023,0.005,254.151,263.44,256.833
1780888659.251576,38.648,-8.286,-0.022,0.005,254.329,263.299,256.772
1780888659.265425,38.648,-8.286,-0.022,0.005,254.329,263.299,256.772
1780888659.275894,35.775,-9.714,-0.02,0.006,254.827,262.988,256.534
1780888659.289696,34.648,-9.857,-0.019,0.007,254.978,262.833,256.517
1780888659.300978,33.859,-10.286,-0.019,0.007,255.102,262.767,256.449
1780888659.3147242,31.775,-10.643,-0.017,0.007,255.381,262.497,256.405
1780888659.3282719,30.817,-10.857,-0.017,0.007,255.511,262.383,256.376
1780888659.339087,29.239,-11.357,-0.016,0.007,255.76,262.191,256.296
1780888659.3533251,28.282,-11.214,-0.015,0.007,255.855,262.045,256.333
1780888659.393604,25.915,-11.714,-0.014,0.008,256.184,261.758,256.261
1780888659.394007,24.732,-11.786,-0.013,0.008,256.332,261.598,256.258
1780888659.394356,23.268,-12.071,-0.012,0.008,256.543,261.413,256.216
1780888659.402418,22.085,-12.571,-0.011,0.008,256.728,261.3,256.136
1780888659.4161322,19.831,-13.143,-0.01,0.009,257.04,261.052,256.055
1780888659.43049,18.479,-13.357,-0.009,0.009,257.226,260.883,256.028
1780888659.4411352,17.239,-13.929,-0.008,0.009,257.425,260.77,255.937
1780888659.454709,17.239,-13.929,-0.008,0.009,257.425,260.77,255.937
1780888659.468715,14.423,-14.571,-0.006,0.01,257.883,260.398,255.835
1780888659.479224,11.718,-15.286,-0.004,0.01,258.325,260.061,255.722
1780888659.4934568,10.648,-15.714,-0.004,0.01,258.472,259.975,255.661
1780888659.504052,8.056,-16.429,-0.002,0.011,258.828,259.711,255.569
1780888659.517855,6.479,-16.214,-0.001,0.011,259.001,259.478,255.622
1780888659.532237,5.127,-17.286,-0.0,0.011,259.259,259.407,255.446
1780888659.5429518,4.113,-17.786,0.0,0.012,259.408,259.336,255.374
1780888659.556573,1.408,-18.714,0.002,0.012,259.812,259.073,255.244
1780888659.593062,-0.169,-18.929,0.003,0.012,260.029,258.881,255.224
1780888659.593483,-1.352,-19.143,0.003,0.012,260.181,258.755,255.203
1780888659.5938141,-2.535,-19.071,0.004,0.012,260.306,258.603,255.231
1780888659.605589,-4.845,-20.143,0.005,0.013,260.669,258.421,255.073
1780888659.619304,-4.845,-20.143,0.005,0.013,260.669,258.421,255.073
1780888659.6300108,-7.549,-21.071,0.007,0.014,261.154,258.115,254.925
1780888659.644295,53.521,-57.286,-0.042,0.043,254.62,273.457,248.889
1780888659.654884,-9.746,-22.0,0.01,0.014,261.656,257.612,254.955
1780888659.668632,-9.746,-22.0,0.01,0.014,261.656,257.612,254.955
1780888659.6828969,-9.746,-22.0,0.01,0.014,261.656,257.612,254.955
1780888659.693335,-9.746,-22.0,0.01,0.014,261.656,257.612,254.955
1780888659.7070599,-13.859,-20.857,0.013,0.013,262.164,256.934,255.159
1780888659.721482,-13.859,-20.857,0.013,0.013,262.164,256.934,255.159
1780888659.732172,-13.859,-20.857,0.013,0.013,262.164,256.934,255.159
1780888659.745913,-19.775,-21.429,0.016,0.013,263.052,256.245,255.054
1780888659.756533,-19.775,-21.429,0.016,0.013,263.052,256.245,255.054
1780888659.770883,-22.141,-22.643,0.018,0.014,263.492,256.075,254.841
1780888659.809119,-23.099,-23.571,0.018,0.015,263.651,256.097,254.684
1780888659.809479,-25.127,-24.286,0.019,0.015,263.885,256.002,254.579
1780888659.80981,-26.085,-24.786,0.019,0.016,264.014,255.969,254.502
1780888659.8232079,-26.704,-24.857,0.019,0.016,264.042,255.946,254.501
1780888659.833668,-27.549,-24.929,0.02,0.016,264.117,255.884,254.499
1780888659.847511,-29.014,-25.286,0.02,0.016,264.262,255.803,254.456
1780888659.858043,-29.07,-25.143,0.02,0.016,264.185,255.834,254.49
1780888659.8723059,-29.183,-24.786,0.02,0.015,264.103,255.832,254.561
1780888659.886265,-30.31,-25.143,0.02,0.016,264.229,255.775,254.51
1780888659.8967528,-30.817,-25.286,0.021,0.016,264.283,255.748,254.491
1780888659.911167,-31.437,-25.214,0.021,0.016,264.337,255.683,254.51
1780888659.92496,-32.0,-25.357,0.021,0.016,264.407,255.645,254.49
1780888659.9355881,-32.338,-25.643,0.021,0.016,264.41,255.682,254.45
1780888659.949316,-32.676,-25.786,0.021,0.016,264.447,255.671,254.431
1780888659.9599712,-32.789,-25.857,0.021,0.016,264.437,255.686,254.424
1780888659.974412,-32.62,-25.857,0.021,0.016,264.372,255.736,254.429
1780888660.0125718,-33.296,-25.714,0.021,0.016,264.421,255.661,254.461
1780888660.0130079,-33.239,-25.5,0.021,0.016,264.361,255.671,254.502
1780888660.013363,-33.014,-25.286,0.021,0.015,264.275,255.704,254.542
1780888660.0268722,-33.014,-25.357,0.02,0.015,264.244,255.741,254.532
1780888660.03741,-33.127,-25.071,0.02,0.015,264.219,255.711,254.583
1780888660.051741,-32.845,-25.071,0.02,0.015,264.154,255.766,254.582
1780888660.062454,-32.676,-25.0,0.02,0.015,264.105,255.796,254.594
1780888660.076266,-32.056,-24.786,0.019,0.015,263.954,255.889,254.631
1780888660.090593,-31.944,-24.643,0.019,0.015,263.915,255.899,254.654
1780888660.101214,-31.718,-24.429,0.019,0.015,263.85,255.919,254.69
1780888660.115061,-31.493,-24.286,0.019,0.015,263.793,255.945,254.712
1780888660.1287382,-30.31,-23.571,0.018,0.014,263.512,256.069,254.83
1780888660.139574,-29.521,-23.357,0.017,0.014,263.357,256.172,254.863
1780888660.153703,-29.408,-22.857,0.017,0.014,263.296,256.141,254.945
1780888660.164574,-28.225,-21.929,0.016,0.013,263.017,256.236,255.093
1780888660.177942,-28.225,-21.929,0.016,0.013,263.017,256.236,255.093
1780888660.214617,-26.535,-21.5,0.015,0.013,262.693,256.457,255.159
1780888660.2150111,-25.915,-20.571,0.015,0.012,262.514,256.461,255.312
1780888660.216579,-24.958,-20.0,0.014,0.012,262.341,256.541,255.387
1780888660.231044,-23.944,-19.5,0.013,0.011,262.141,256.645,255.461
1780888660.2416892,-23.155,-19.429,0.013,0.011,262.026,256.751,255.46
1780888660.2555258,-21.972,-18.714,0.012,0.011,261.811,256.845,255.56
1780888660.266059,-20.732,-18.357,0.011,0.011,261.593,256.994,255.609
1780888660.280448,-20.169,-18.429,0.011,0.011,261.537,257.073,255.582
1780888660.29467,-19.155,-17.643,0.01,0.01,261.319,257.145,255.709
1780888660.3049421,-17.352,-17.286,0.009,0.01,261.048,257.362,255.744
1780888660.318739,-16.789,-16.571,0.009,0.009,260.919,257.366,255.858
1780888660.3330188,-15.775,-16.286,0.008,0.009,260.757,257.482,255.894
1780888660.343636,-15.775,-16.286,0.008,0.009,260.757,257.482,255.894
1780888660.357213,-12.676,-15.143,0.006,0.009,260.208,257.826,256.066
1780888660.3679428,-12.676,-15.143,0.006,0.009,260.208,257.826,256.066
1780888660.382505,-11.099,-14.5,0.005,0.008,259.929,257.994,256.164
1780888660.4212081,-8.789,-13.643,0.003,0.008,259.563,258.228,256.28
1780888660.421584,-7.831,-13.643,0.003,0.008,259.455,258.353,256.262
1780888660.421866,-6.873,-13.0,0.002,0.007,259.286,258.417,256.361
1780888660.431133,-6.028,-13.0,0.002,0.007,259.196,258.524,256.343
1780888660.44493,-3.606,-12.143,0.0,0.007,258.816,258.775,256.466
1780888660.458657,-2.704,-11.786,-0.0,0.007,258.685,258.856,256.513
1780888660.4692328,-1.352,-11.429,-0.001,0.006,258.482,259.011,256.561
1780888660.483575,-0.225,-11.071,-0.002,0.006,258.317,259.128,256.609
1780888660.4941068,2.141,-10.286,-0.003,0.006,257.964,259.373,256.718
1780888660.508169,3.042,-10.357,-0.004,0.006,257.878,259.493,256.689
1780888660.52245,4.451,-10.214,-0.005,0.006,257.689,259.676,256.699
1780888660.5329978,5.07,-10.0,-0.005,0.006,257.621,259.721,256.724
1780888660.546746,6.197,-9.786,-0.006,0.005,257.471,259.851,256.749
1780888660.557748,8.282,-9.571,-0.007,0.005,257.169,260.141,256.774
1780888660.571671,9.127,-9.5,-0.008,0.005,257.081,260.233,256.774
1780888660.582307,9.127,-9.5,-0.008,0.005,257.081,260.233,256.774
1780888660.596046,12.507,-8.857,-0.01,0.005,256.597,260.652,256.866
1780888660.634722,12.507,-8.857,-0.01,0.005,256.597,260.652,256.866
1780888660.6350899,14.704,-8.643,-0.012,0.005,256.288,260.957,256.892
1780888660.635371,15.493,-9.0,-0.012,0.005,256.255,261.076,256.815
1780888660.644879,17.69,-8.429,-0.013,0.005,255.917,261.345,256.909
1780888660.6585548,18.592,-9.071,-0.014,0.005,255.893,261.51,256.781
1780888660.672948,18.592,-9.071,-0.014,0.005,255.893,261.51,256.781
1780888660.683403,20.282,-8.643,-0.015,0.005,255.648,261.705,256.851
1780888660.6972759,20.958,-9.071,-0.015,0.005,255.638,261.81,256.765
1780888660.7077498,23.437,-9.286,-0.017,0.006,255.328,262.207,256.72
1780888660.722337,23.831,-9.0,-0.017,0.005,255.299,262.188,256.768
1780888660.7359948,25.746,-9.786,-0.018,0.006,255.176,262.493,256.618
1780888660.746546,26.817,-9.786,-0.019,0.006,255.061,262.626,256.617
1780888660.760742,27.324,-10.5,-0.019,0.007,255.093,262.734,256.488
1780888660.771523,28.056,-10.5,-0.019,0.007,255.024,262.81,256.49
1780888660.7851698,29.408,-10.929,-0.02,0.007,254.936,262.993,256.417
1780888660.7988548,29.972,-11.214,-0.02,0.007,254.913,263.074,256.37
1780888660.839353,30.817,-11.071,-0.02,0.007,254.806,263.163,256.4
1780888660.8397272,31.324,-11.643,-0.021,0.007,254.814,263.266,256.301
1780888660.840087,32.732,-11.643,-0.021,0.007,254.664,263.428,256.312
1780888660.84797,33.352,-11.571,-0.022,0.007,254.595,263.489,256.329
1780888660.86225,33.577,-12.0,-0.022,0.008,254.629,263.533,256.257
1780888660.872829,34.141,-11.786,-0.022,0.007,254.552,263.573,256.3
1780888660.886494,35.268,-12.571,-0.023,0.008,254.501,263.783,256.169
1780888660.90084,35.606,-12.929,-0.023,0.008,254.506,263.845,256.112
1780888660.911434,36.113,-12.786,-0.023,0.008,254.439,263.885,256.144
1780888660.9252758,36.62,-13.571,-0.023,0.009,254.474,263.991,256.017
1780888660.939119,36.845,-13.786,-0.023,0.009,254.477,264.022,255.987
1780888660.94969,37.127,-14.429,-0.023,0.009,254.507,264.11,255.881
1780888660.963813,37.296,-14.571,-0.023,0.009,254.509,264.126,255.866
1780888660.9746182,37.296,-14.571,-0.023,0.009,254.509,264.126,255.866
1780888660.988226,37.296,-14.571,-0.023,0.009,254.509,264.126,255.866
1780888661.002442,38.141,-16.0,-0.024,0.011,254.519,264.4,255.621
1780888661.029134,38.254,-16.5,-0.024,0.011,254.557,264.44,255.548
1780888661.029464,38.31,-17.071,-0.024,0.011,254.618,264.451,255.477
1780888661.041057,38.141,-17.214,-0.024,0.011,254.663,264.408,255.467
1780888661.051591,38.366,-17.643,-0.024,0.011,254.672,264.47,255.406
1780888661.065359,38.254,-18.286,-0.024,0.012,254.752,264.473,255.322
1780888661.075935,37.972,-18.929,-0.023,0.012,254.854,264.468,255.224
1780888661.089945,37.634,-19.0,-0.023,0.012,254.911,264.396,255.227
1780888661.104094,37.408,-19.429,-0.023,0.013,254.981,264.384,255.167
1780888661.1146991,37.127,-20.286,-0.022,0.013,255.092,264.396,255.046
1780888661.1285288,36.563,-20.5,-0.022,0.013,255.192,264.304,255.025
1780888661.142976,36.394,-20.786,-0.022,0.013,255.235,264.294,254.99
1780888661.153526,35.944,-20.857,-0.022,0.013,255.302,264.211,254.992
1780888661.1672819,34.93,-22.214,-0.021,0.014,255.557,264.157,254.785
1780888661.17795,34.535,-22.143,-0.02,0.014,255.597,264.076,254.815
1780888661.192242,34.31,-22.071,-0.02,0.014,255.612,264.027,254.842
1780888661.206075,33.296,-22.714,-0.02,0.014,255.797,263.914,254.755
1780888661.244746,32.62,-22.714,-0.019,0.014,255.886,263.795,254.768
1780888661.245172,32.282,-23.143,-0.019,0.015,255.959,263.785,254.705
1780888661.2455082,31.437,-22.857,-0.018,0.014,256.047,263.61,254.768
1780888661.25516,30.197,-23.143,-0.017,0.015,256.229,263.437,254.738
1780888661.268667,30.197,-23.714,-0.017,0.015,256.26,263.508,254.647
1780888661.279244,29.183,-23.714,-0.017,0.015,256.398,263.337,254.658
1780888661.293679,28.845,-23.857,-0.017,0.015,256.442,263.305,254.643
1780888661.307344,27.211,-24.071,-0.015,0.015,256.673,263.068,254.623
1780888661.3178618,26.648,-24.214,-0.015,0.015,256.751,262.999,254.607
1780888661.3324952,26.085,-24.5,-0.015,0.015,256.841,262.946,254.566
1780888661.3464031,24.225,-24.143,-0.013,0.015,257.051,262.622,254.645
1780888661.357471,23.606,-24.286,-0.013,0.015,257.135,262.55,254.625
1780888661.371331,22.761,-24.429,-0.012,0.015,257.256,262.44,254.606
1780888661.382105,21.803,-24.571,-0.012,0.015,257.394,262.311,254.587
1780888661.395621,20.225,-24.357,-0.011,0.015,257.568,262.065,254.636
1780888661.409195,19.211,-24.214,-0.01,0.015,257.688,261.903,254.664
1780888661.448492,18.254,-24.286,-0.01,0.015,257.817,261.774,254.655
1780888661.448829,17.296,-24.357,-0.009,0.015,257.947,261.646,254.645
1780888661.44914,15.944,-24.643,-0.008,0.015,258.126,261.506,254.6
1780888661.458412,14.93,-24.5,-0.007,0.015,258.245,261.348,254.629
1780888661.4727528,13.803,-24.429,-0.007,0.015,258.388,261.18,254.644
1780888661.483257,12.0,-24.214,-0.006,0.015,258.593,260.92,254.683
1780888661.497092,11.155,-24.071,-0.005,0.015,258.683,260.798,254.709
1780888661.5114722,10.366,-23.714,-0.005,0.014,258.745,260.665,254.772
1780888661.522231,9.183,-23.786,-0.004,0.014,258.911,260.508,254.758
1780888661.535892,7.38,-23.786,-0.003,0.014,259.137,260.279,254.756
1780888661.5466182,6.366,-23.643,-0.002,0.014,259.255,260.132,254.78
1780888661.560915,5.521,-23.214,-0.002,0.014,259.318,259.988,254.854
1780888661.574579,5.07,-22.714,-0.001,0.014,259.31,259.903,254.939
1780888661.585089,2.648,-23.0,0.0,0.014,259.67,259.604,254.882
1780888661.598939,1.746,-22.714,0.001,0.014,259.756,259.467,254.929
1780888661.609493,0.901,-22.643,0.001,0.014,259.854,259.36,254.938
1780888661.623868,-0.394,-22.214,0.002,0.013,259.993,259.146,255.009
1780888661.664201,-1.69,-21.714,0.003,0.013,260.092,258.968,255.084
1780888661.664542,-1.69,-21.714,0.003,0.013,260.092,258.968,255.084
1780888661.664823,-3.662,-21.143,0.004,0.013,260.333,258.633,255.179
1780888661.672597,-4.394,-21.0,0.005,0.012,260.405,258.546,255.195
1780888661.686395,-6.704,-20.643,0.006,0.012,260.722,258.183,255.25
1780888661.700577,-6.986,-20.357,0.006,0.012,260.7,258.16,255.292
1780888661.7111309,-7.775,-19.857,0.007,0.012,260.747,258.033,255.371
1780888661.7248142,-7.775,-19.857,0.007,0.012,260.747,258.033,255.371
1780888661.7355468,-10.197,-19.786,0.008,0.012,261.073,257.731,255.364
1780888661.7492511,-10.986,-19.643,0.009,0.012,261.154,257.638,255.38
1780888661.7637298,-11.831,-19.143,0.009,0.011,261.211,257.502,255.46
1780888661.774267,-13.183,-18.643,0.01,0.011,261.318,257.329,255.531
1780888661.788034,-13.859,-18.5,0.01,0.011,261.386,257.251,255.545
1780888661.79871,-14.479,-18.214,0.01,0.011,261.431,257.168,255.586
1780888661.813199,-15.493,-18.214,0.011,0.011,261.572,257.048,255.575
1780888661.826636,-16.563,-17.286,0.012,0.01,261.6,256.874,255.72
1780888661.8643389,-17.239,-17.643,0.012,0.01,261.723,256.838,255.645
1780888661.864702,-17.859,-17.143,0.012,0.01,261.75,256.732,255.725
1780888661.865331,-18.479,-17.143,0.013,0.01,261.828,256.671,255.715
1780888661.875906,-19.38,-16.571,0.013,0.01,261.874,256.546,255.797
1780888661.889536,-19.493,-16.214,0.013,0.009,261.832,256.529,255.851
1780888661.900636,-20.169,-16.214,0.013,0.01,261.926,256.454,255.84
1780888661.914446,-20.507,-15.786,0.013,0.009,261.919,256.393,255.907
1780888661.928112,-20.507,-15.786,0.013,0.009,261.919,256.393,255.907
1780888661.938844,-21.803,-14.857,0.014,0.009,262.029,256.138,256.063
1780888661.9532852,-22.085,-14.429,0.014,0.008,262.013,256.09,256.126
1780888661.966988,-22.986,-14.071,0.015,0.008,262.093,255.979,256.164
1780888661.977793,-22.93,-13.571,0.015,0.008,262.014,255.973,256.241
1780888661.991932,-22.986,-13.643,0.015,0.008,262.015,255.999,256.214
1780888662.00259,-22.93,-13.857,0.015,0.008,262.012,256.052,256.164
1780888662.0162969,-23.042,-13.643,0.015,0.008,261.984,256.059,256.182
1780888662.030751,-23.042,-13.5,0.014,0.008,261.959,256.065,256.198
1780888662.070418,-23.38,-13.214,0.015,0.008,261.98,256.005,256.241
1780888662.0708249,-23.606,-12.857,0.015,0.008,261.965,255.972,256.287
1780888662.071163,-23.606,-12.929,0.015,0.008,261.964,255.994,256.265
1780888662.079264,-23.437,-12.929,0.014,0.008,261.928,256.034,256.257
1780888662.093538,-23.549,-12.929,0.014,0.008,261.942,256.029,256.25
1780888662.104099,-23.211,-13.286,0.014,0.008,261.91,256.133,256.175
1780888662.117839,-23.099,-13.143,0.014,0.008,261.873,256.144,256.197
1780888662.132378,-23.155,-13.643,0.014,0.008,261.93,256.186,256.104
1780888662.1429539,-23.099,-13.643,0.014,0.008,261.916,256.2,256.103
1780888662.156967,-22.761,-13.071,0.014,0.008,261.795,256.208,256.204
1780888662.1710389,-22.648,-13.071,0.014,0.008,261.776,256.229,256.2
1780888662.1816618,-22.479,-12.714,0.013,0.008,261.712,256.226,256.261
1780888662.1953,-21.634,-12.929,0.013,0.008,261.594,256.378,256.217
1780888662.206172,-21.352,-12.643,0.013,0.008,261.522,256.395,256.265
1780888662.219824,-21.352,-12.286,0.013,0.007,261.493,256.361,256.326
1780888662.23412,-20.901,-11.857,0.012,0.007,261.38,256.392,256.398
1780888662.2712882,-20.169,-11.643,0.012,0.007,261.253,256.483,256.424
1780888662.271717,-19.831,-11.643,0.011,0.007,261.206,256.532,256.417
1780888662.27262,-19.211,-11.357,0.011,0.007,261.083,256.599,256.463
1780888662.283136,-18.535,-11.429,0.011,0.007,260.989,256.705,256.444
1780888662.29686,-17.296,-11.571,0.01,0.007,260.823,256.895,256.409
1780888662.307261,-16.676,-10.929,0.009,0.007,260.673,256.923,256.521
1780888662.321721,-16.113,-10.786,0.009,0.006,260.583,256.987,256.54
1780888662.335422,-15.887,-10.286,0.009,0.006,260.516,256.965,256.625
1780888662.3461142,-14.423,-10.143,0.008,0.006,260.296,257.16,256.636
1780888662.3597791,-13.972,-9.929,0.007,0.006,260.223,257.198,256.668
1780888662.374038,-13.408,-10.286,0.007,0.006,260.185,257.306,256.596
1780888662.384606,-12.732,-10.0,0.007,0.006,260.067,257.372,256.643
1780888662.3982909,-12.732,-10.0,0.007,0.006,260.067,257.372,256.643
1780888662.4090428,-10.761,-10.429,0.005,0.006,259.803,257.709,256.56
1780888662.4232461,-10.141,-10.929,0.005,0.007,259.776,257.831,256.466
1780888662.437021,-8.676,-10.5,0.004,0.006,259.546,257.978,256.54
1780888662.476535,-8.225,-11.5,0.004,0.007,259.595,258.118,256.358
1780888662.476944,-7.155,-11.071,0.003,0.007,259.402,258.224,256.437
1780888662.477275,-6.535,-10.857,0.003,0.007,259.307,258.277,256.476
1780888662.486037,-4.958,-11.143,0.002,0.007,259.131,258.505,256.424
1780888662.499824,-4.282,-11.286,0.001,0.007,259.062,258.599,256.398
1780888662.51086,-3.437,-11.0,0.001,0.007,258.925,258.681,256.451
1780888662.524677,-2.817,-11.5,0.0,0.007,258.899,258.8,256.361
1780888662.535258,-1.07,-12.071,-0.001,0.008,258.724,259.079,256.262
1780888662.549152,-0.225,-12.214,-0.001,0.008,258.627,259.199,256.241
1780888662.563564,0.845,-12.0,-0.002,0.008,258.462,259.322,256.284
1780888662.574101,2.254,-12.929,-0.003,0.008,258.379,259.574,256.125
1780888662.587987,3.155,-12.714,-0.003,0.008,258.241,259.668,256.17
1780888662.598644,3.887,-13.286,-0.004,0.009,258.205,259.809,256.072
1780888662.613038,4.958,-13.5,-0.005,0.009,258.08,259.971,256.041
1780888662.626514,6.254,-14.071,-0.005,0.009,257.98,260.168,255.954
1780888662.637248,6.254,-14.071,-0.005,0.009,257.98,260.168,255.954
1780888662.651437,8.113,-14.643,-0.007,0.009,257.762,260.498,255.86
1780888662.691533,8.676,-15.286,-0.007,0.01,257.761,260.612,255.755
1780888662.69188,8.676,-15.286,-0.007,0.01,257.761,260.612,255.755
1780888662.692215,11.211,-15.786,-0.009,0.01,257.431,261.047,255.677
1780888662.6997938,11.831,-16.143,-0.009,0.011,257.399,261.137,255.627
1780888662.714226,13.127,-16.643,-0.01,0.011,257.271,261.358,255.551
1780888662.724728,14.423,-17.143,-0.011,0.011,257.175,261.53,255.489
1780888662.73861,15.042,-17.357,-0.011,0.011,257.127,261.609,255.465
1780888662.752838,15.324,-17.571,-0.011,0.011,257.131,261.633,255.44
1780888662.763479,17.127,-18.571,-0.012,0.012,256.993,261.953,255.289
1780888662.7773929,17.634,-18.5,-0.012,0.012,256.933,261.988,255.316
1780888662.791945,18.366,-18.857,-0.013,0.012,256.875,262.108,255.265
1780888662.802314,18.93,-19.143,-0.013,0.012,256.838,262.191,255.228
1780888662.816322,20.845,-19.5,-0.014,0.012,256.62,262.477,255.189
1780888662.826654,21.183,-19.786,-0.014,0.013,256.618,262.522,255.15
1780888662.840972,21.746,-19.714,-0.015,0.013,256.548,262.573,255.175
1780888662.854687,21.746,-19.714,-0.015,0.013,256.548,262.573,255.175
1780888662.890893,23.775,-20.786,-0.016,0.013,256.376,262.955,255.009
1780888662.891263,24.282,-21.143,-0.016,0.014,256.353,263.039,254.959
1780888662.893051,24.732,-20.786,-0.016,0.013,256.274,263.04,255.035
1780888662.903438,24.732,-20.786,-0.016,0.013,256.274,263.04,255.035
1780888662.917254,26.254,-21.714,-0.017,0.014,256.144,263.366,254.882
1780888662.9278238,26.873,-21.786,-0.018,0.014,256.079,263.439,254.883
1780888662.942252,27.324,-22.0,-0.018,0.014,256.053,263.499,254.858
1780888662.956005,28.113,-22.286,-0.018,0.014,256.001,263.589,254.831
1780888662.9666739,28.563,-22.429,-0.019,0.014,255.965,263.647,254.817
1780888662.9810612,29.127,-23.0,-0.019,0.015,255.949,263.771,254.727
1780888662.994787,29.352,-22.857,-0.019,0.014,255.921,263.76,254.764
1780888663.005347,30.028,-23.071,-0.019,0.014,255.87,263.839,254.746
1780888663.019011,30.085,-23.286,-0.019,0.015,255.898,263.841,254.718
1780888663.0298471,30.31,-23.357,-0.019,0.015,255.885,263.86,254.714
1780888663.0440938,30.366,-23.5,-0.019,0.015,255.903,263.858,254.698
1780888663.057947,30.873,-23.429,-0.019,0.015,255.843,263.895,254.726
1780888663.098233,31.324,-23.5,-0.02,0.015,255.792,263.961,254.72
1780888663.0986738,30.986,-23.5,-0.019,0.015,255.857,263.878,254.726
1780888663.099027,30.873,-23.643,-0.019,0.015,255.908,263.836,254.712
1780888663.1070578,31.38,-23.857,-0.019,0.015,255.856,263.934,254.679
1780888663.121415,31.324,-23.5,-0.019,0.014,255.842,263.872,254.747
1780888663.131965,31.38,-23.571,-0.019,0.015,255.847,263.876,254.738
1780888663.1457112,31.155,-23.286,-0.019,0.014,255.87,263.784,254.793
1780888663.159318,30.873,-23.143,-0.019,0.014,255.907,263.711,254.82
1780888663.1705909,30.761,-23.071,-0.019,0.014,255.922,263.677,254.833
1780888663.1844292,30.817,-23.357,-0.019,0.014,255.942,263.713,254.783
1780888663.1982322,30.592,-23.357,-0.019,0.014,255.983,263.663,254.786
1780888663.2087119,30.366,-23.071,-0.018,0.014,255.993,263.591,254.837
1780888663.223212,30.197,-23.429,-0.018,0.014,256.052,263.596,254.775
1780888663.233817,29.521,-23.286,-0.018,0.014,256.145,263.461,254.8
1780888663.247561,29.296,-23.071,-0.017,0.014,256.158,263.401,254.839
1780888663.261952,29.352,-23.0,-0.018,0.014,256.139,263.407,254.851
1780888663.29856,28.901,-23.0,-0.017,0.014,256.207,263.331,254.85
1780888663.2989912,27.718,-22.571,-0.016,0.014,256.344,263.091,254.923
1780888663.299805,27.493,-22.357,-0.016,0.014,256.354,263.039,254.959
1780888663.310892,27.324,-22.143,-0.016,0.013,256.354,262.998,254.994
1780888663.324663,26.704,-22.071,-0.016,0.013,256.439,262.892,255.003
1780888663.335222,25.69,-22.071,-0.015,0.013,256.58,262.74,254.997
1780888663.349083,25.352,-21.857,-0.015,0.013,256.604,262.673,255.032
1780888663.363353,24.732,-21.714,-0.014,0.013,256.679,262.565,255.054
1780888663.3740108,23.831,-21.286,-0.014,0.013,256.759,262.399,255.122
1780888663.387563,23.437,-21.429,-0.013,0.013,256.822,262.363,255.092
1780888663.4021068,23.437,-21.429,-0.013,0.013,256.822,262.363,255.092
1780888663.412933,21.746,-21.0,-0.012,0.013,257.038,262.044,255.164
1780888663.426408,20.732,-20.5,-0.012,0.012,257.119,261.867,255.242
1780888663.43706,20.169,-20.929,-0.011,0.013,257.231,261.838,255.16
1780888663.451465,20.169,-20.929,-0.011,0.013,257.231,261.838,255.16
1780888663.4651809,18.93,-20.071,-0.01,0.012,257.332,261.564,255.307
1780888663.502879,17.577,-19.714,-0.009,0.012,257.474,261.355,255.356
1780888663.503308,16.845,-19.5,-0.009,0.012,257.552,261.239,255.387
1780888663.503808,16.225,-19.071,-0.009,0.011,257.591,261.121,255.455
1780888663.514242,14.817,-18.714,-0.008,0.011,257.742,260.911,255.5
1780888663.527978,14.141,-18.571,-0.007,0.011,257.817,260.814,255.517
1780888663.5385559,13.465,-18.143,-0.007,0.011,257.865,260.689,255.585
1780888663.552809,12.789,-17.714,-0.006,0.01,257.913,260.566,255.651
1780888663.566603,11.268,-17.286,-0.006,0.01,258.077,260.334,255.708
1780888663.577205,10.761,-17.0,-0.005,0.01,258.111,260.254,255.748
1780888663.591566,9.746,-16.714,-0.005,0.01,258.227,260.09,255.788
1780888663.605241,9.239,-16.571,-0.004,0.01,258.274,260.026,255.803
1780888663.615707,7.662,-16.071,-0.003,0.009,258.439,259.783,255.871
1780888663.629429,7.662,-16.071,-0.003,0.009,258.439,259.783,255.871
1780888663.640674,6.254,-15.214,-0.002,0.009,258.565,259.503,256.014
1780888663.654221,5.577,-14.786,-0.002,0.008,258.611,259.389,256.077
1780888663.66803,4.958,-14.714,-0.002,0.008,258.681,259.319,256.076
1780888663.7063591,3.38,-13.857,-0.0,0.008,258.834,259.017,256.217
1780888663.706764,2.648,-13.929,-0.0,0.008,258.935,258.945,256.188
1780888663.707071,1.239,-12.929,0.001,0.007,259.02,258.7,256.342
1780888663.7171478,0.62,-12.857,0.001,0.007,259.09,258.633,256.339
1780888663.727687,-0.282,-13.071,0.002,0.008,259.234,258.546,256.286
1780888663.742045,-1.07,-12.929,0.002,0.007,259.323,258.443,256.3
1780888663.755918,-2.254,-12.643,0.003,0.007,259.439,258.299,256.33
1780888663.766505,-2.986,-12.071,0.003,0.007,259.48,258.164,256.422
1780888663.780908,-3.493,-12.214,0.003,0.007,259.553,258.132,256.384
1780888663.7914271,-4.225,-12.143,0.004,0.007,259.642,258.042,256.387
1780888663.8051991,-5.408,-11.786,0.005,0.007,259.753,257.888,256.432
1780888663.818961,-5.972,-11.357,0.005,0.007,259.781,257.791,256.5
1780888663.829613,-6.761,-11.357,0.005,0.007,259.889,257.698,256.49
1780888663.843682,-7.38,-11.214,0.006,0.007,259.954,257.618,256.507
1780888663.8546681,-8.394,-11.429,0.006,0.007,260.096,257.539,256.451
1780888663.8681521,-9.127,-11.571,0.007,0.007,260.208,257.465,256.419
1780888663.882587,-9.577,-11.643,0.007,0.007,260.265,257.428,256.401
1780888663.923341,-9.972,-11.0,0.007,0.007,260.244,257.335,256.513
1780888663.923669,-10.93,-11.071,0.008,0.007,260.367,257.245,256.486
1780888663.9240031,-11.549,-11.286,0.008,0.007,260.47,257.192,256.443
1780888663.931533,-11.887,-10.857,0.008,0.007,260.462,257.125,256.516
1780888663.9453912,-12.451,-10.786,0.009,0.006,260.529,257.055,256.524
1780888663.955863,-13.07,-11.357,0.009,0.007,260.645,257.057,256.414
1780888663.9695911,-13.296,-11.5,0.009,0.007,260.676,257.055,256.387
1780888663.9839911,-13.746,-11.357,0.009,0.007,260.718,256.991,256.411
1780888663.994529,-14.648,-11.786,0.01,0.007,260.872,256.927,256.332
1780888664.0083451,-15.268,-11.643,0.01,0.007,260.942,256.835,256.359
1780888664.0191019,-15.437,-11.429,0.01,0.007,260.929,256.808,256.397
1780888664.033464,-15.493,-11.857,0.01,0.007,260.962,256.857,256.319
1780888664.047318,-15.831,-11.857,0.01,0.007,260.983,256.835,256.32
1780888664.057912,-16.225,-12.071,0.01,0.008,261.055,256.807,256.283
1780888664.072233,-16.394,-12.571,0.01,0.008,261.116,256.839,256.195
1780888664.0857642,-16.676,-12.786,0.011,0.008,261.168,256.826,256.16
1780888664.121991,-16.62,-13.214,0.01,0.008,261.167,256.894,256.093
1780888664.122387,-16.789,-13.286,0.011,0.008,261.188,256.882,256.086
1780888664.122716,-16.789,-13.357,0.01,0.008,261.181,256.896,256.078
1780888664.134686,-16.732,-13.857,0.01,0.009,261.196,256.963,256.0
1780888664.148437,-16.845,-14.143,0.01,0.009,261.232,256.975,255.955
1780888664.159009,-16.845,-14.429,0.01,0.009,261.249,257.004,255.91
1780888664.173331,-17.014,-14.571,0.01,0.009,261.281,256.993,255.892
1780888664.187108,-17.014,-15.214,0.01,0.01,261.323,257.056,255.792
1780888664.197666,-16.789,-15.571,0.01,0.01,261.309,257.125,255.737
1780888664.21211,-16.676,-15.643,0.01,0.01,261.288,257.148,255.734
1780888664.22285,-16.507,-15.571,0.01,0.01,261.244,257.167,255.756
1780888664.2365289,-16.62,-16.357,0.01,0.01,261.326,257.217,255.632
1780888664.2509792,-16.507,-16.786,0.01,0.011,261.342,257.271,255.566
1780888664.2615511,-16.338,-17.0,0.01,0.011,261.327,257.313,255.538
1780888664.2752151,-15.662,-17.714,0.009,0.011,261.271,257.475,255.432
1780888664.288996,-15.437,-17.714,0.009,0.011,261.228,257.503,255.443
1780888664.328444,-15.268,-17.929,0.009,0.011,261.218,257.541,255.416
1780888664.328771,-14.873,-18.286,0.009,0.012,261.184,257.628,255.363
1780888664.329031,-14.31,-18.786,0.008,0.012,261.135,257.744,255.295
1780888664.338075,-13.915,-19.143,0.008,0.012,261.104,257.828,255.243
1780888664.352434,-13.465,-19.5,0.008,0.012,261.063,257.921,255.191
1780888664.36306,-13.239,-19.714,0.007,0.013,261.048,257.963,255.165
1780888664.3766139,-12.507,-19.714,0.007,0.012,260.929,258.052,255.187
1780888664.390908,-12.507,-19.714,0.007,0.012,260.929,258.052,255.187
1780888664.40154,-12.507,-19.714,0.007,0.012,260.929,258.052,255.187
1780888664.415617,-10.592,-21.571,0.006,0.014,260.797,258.496,254.886
1780888664.425868,-10.254,-21.5,0.005,0.014,260.741,258.521,254.913
1780888664.4396641,-9.746,-21.929,0.005,0.014,260.705,258.622,254.851
1780888664.454047,-9.352,-22.429,0.005,0.014,260.695,258.71,254.777
1780888664.46464,-8.394,-22.857,0.004,0.015,260.593,258.859,254.73
1780888664.478403,-7.662,-22.786,0.004,0.014,260.472,258.949,254.756
1780888664.489043,-7.042,-23.214,0.003,0.015,260.421,259.066,254.693
1780888664.503466,-6.479,-23.429,0.003,0.015,260.359,259.154,254.668
1780888664.541617,-5.127,-23.357,0.002,0.015,260.151,259.317,254.706
1780888664.541918,-4.394,-23.429,0.002,0.015,260.051,259.419,254.703
1780888664.542198,-3.831,-23.429,0.001,0.015,259.974,259.485,254.712
1780888664.552335,-3.099,-23.571,0.001,0.015,259.884,259.593,254.695
1780888664.566027,-1.577,-24.071,-0.0,0.015,259.717,259.838,254.624
1780888664.58031,-0.958,-23.643,-0.001,0.015,259.594,259.871,254.707
1780888664.5910568,-0.394,-23.643,-0.001,0.015,259.522,259.937,254.712
1780888664.604741,0.338,-23.857,-0.001,0.015,259.443,260.052,254.68
1780888664.615333,1.577,-23.786,-0.002,0.015,259.277,260.193,254.705
1780888664.629117,2.197,-24.0,-0.003,0.015,259.218,260.29,254.671
1780888664.6434271,2.761,-23.929,-0.003,0.015,259.142,260.349,254.688
1780888664.654289,4.62,-24.429,-0.004,0.015,258.93,260.656,254.607
1780888664.6679099,4.451,-24.0,-0.004,0.015,258.942,260.555,254.687
1780888664.678595,4.676,-24.0,-0.004,0.015,258.927,260.567,254.69
1780888664.692977,5.972,-23.786,-0.005,0.015,258.717,260.74,254.73
1780888664.706573,7.268,-23.286,-0.006,0.014,258.509,260.858,254.818
1780888664.742687,8.0,-22.929,-0.006,0.014,258.384,260.921,254.88
1780888664.743144,8.62,-23.286,-0.007,0.014,258.344,261.036,254.815
1780888664.743477,9.183,-22.929,-0.007,0.014,258.246,261.07,254.877
1780888664.755564,10.592,-22.714,-0.008,0.014,258.052,261.238,254.909
1780888664.769273,11.042,-22.643,-0.008,0.014,258.0,261.282,254.919
1780888664.780621,11.775,-22.214,-0.008,0.013,257.87,261.339,254.992
1780888664.7941382,12.282,-22.214,-0.009,0.013,257.816,261.401,254.987
1780888664.804767,12.62,-22.286,-0.009,0.013,257.796,261.441,254.971
1780888664.818523,14.254,-21.643,-0.01,0.013,257.502,261.634,255.081
1780888664.832962,14.592,-21.0,-0.01,0.012,257.42,261.602,255.188
1780888664.843368,15.493,-20.429,-0.011,0.012,257.287,261.652,255.272
1780888664.85719,15.493,-20.429,-0.011,0.012,257.287,261.652,255.272
1780888664.871744,16.901,-20.0,-0.012,0.012,257.054,261.83,255.339
1780888664.882321,17.521,-19.786,-0.012,0.012,256.969,261.891,255.366
1780888664.896113,18.535,-19.286,-0.012,0.011,256.828,261.97,255.434
1780888664.9067142,18.817,-18.429,-0.013,0.011,256.738,261.91,255.576
1780888664.921232,19.493,-18.357,-0.013,0.011,256.656,262.0,255.576
1780888664.95954,20.0,-18.286,-0.013,0.011,256.6,262.06,255.576
1780888664.9599628,20.845,-17.786,-0.014,0.01,256.483,262.116,255.642
1780888664.960308,21.07,-17.357,-0.014,0.01,256.437,262.094,255.708
1780888664.973517,21.803,-17.214,-0.014,0.01,256.337,262.19,255.721
1780888664.9840052,22.479,-16.857,-0.015,0.01,256.254,262.237,255.762
1780888664.99784,22.93,-16.357,-0.015,0.01,256.164,262.248,255.84
1780888665.008353,23.268,-16.071,-0.015,0.009,256.112,262.263,255.879
1780888665.022688,23.493,-15.643,-0.015,0.009,256.064,262.244,255.944
1780888665.0365639,24.282,-15.214,-0.016,0.009,255.951,262.312,255.996
1780888665.04706,23.831,-15.214,-0.015,0.009,256.045,262.221,255.984
1780888665.061318,24.62,-14.5,-0.016,0.008,255.879,262.276,256.1
1780888665.075105,25.014,-14.143,-0.016,0.008,255.808,262.299,256.151
1780888665.08574,25.183,-13.5,-0.016,0.008,255.767,262.247,256.239
1780888665.099469,25.296,-13.214,-0.016,0.008,255.744,262.231,256.277
1780888665.1108322,25.634,-13.0,-0.016,0.007,255.692,262.261,256.302
1780888665.124496,25.859,-12.571,-0.016,0.007,255.658,262.244,256.352
1780888665.161868,25.972,-12.071,-0.016,0.007,255.613,262.208,256.43
1780888665.162337,26.028,-12.0,-0.016,0.007,255.615,262.206,256.429
1780888665.162861,26.366,-12.071,-0.016,0.007,255.585,262.269,256.404
1780888665.176689,26.31,-11.714,-0.016,0.007,255.59,262.214,256.448
1780888665.18725,26.423,-11.643,-0.016,0.007,255.579,262.224,256.45
1780888665.201681,26.141,-11.0,-0.016,0.006,255.577,262.108,256.557
1780888665.212287,25.915,-11.143,-0.016,0.007,255.636,262.083,256.519
1780888665.2260501,26.085,-11.143,-0.016,0.007,255.627,262.113,256.501
1780888665.240567,26.254,-11.071,-0.016,0.007,255.603,262.135,256.506
1780888665.251116,26.028,-11.214,-0.016,0.007,255.658,262.11,256.473
1780888665.264964,26.197,-11.0,-0.016,0.007,255.626,262.119,256.497
1780888665.278651,25.859,-11.143,-0.016,0.007,255.696,262.074,256.466
1780888665.2895172,26.085,-10.714,-0.016,0.006,255.627,262.071,256.539
1780888665.303645,25.634,-10.714,-0.015,0.006,255.702,261.994,256.533
1780888665.314427,25.408,-10.571,-0.015,0.006,255.728,261.947,256.549
1780888665.327997,25.183,-10.786,-0.015,0.007,255.784,261.933,256.506
1780888665.366008,24.901,-10.143,-0.015,0.006,255.77,261.824,256.618
1780888665.366303,24.901,-10.214,-0.015,0.006,255.777,261.838,256.599
1780888665.366643,24.507,-10.0,-0.015,0.006,255.819,261.76,256.627
1780888665.3809412,24.338,-9.857,-0.014,0.006,255.831,261.723,256.648
1780888665.391453,24.0,-9.857,-0.014,0.006,255.883,261.672,256.643
1780888665.4051998,23.324,-10.071,-0.014,0.006,256.001,261.593,256.596
1780888665.415714,23.211,-10.143,-0.014,0.006,256.02,261.589,256.58
1780888665.4295611,22.761,-10.143,-0.013,0.006,256.085,261.52,256.578
1780888665.443999,22.704,-10.286,-0.013,0.006,256.101,261.533,256.55
1780888665.45439,21.577,-9.857,-0.013,0.006,256.224,261.315,256.626
1780888665.468195,21.296,-10.357,-0.012,0.006,256.304,261.329,256.532
1780888665.478849,20.845,-10.429,-0.012,0.007,256.371,261.27,256.519
1780888665.4932532,20.507,-10.571,-0.012,0.007,256.426,261.238,256.494
1780888665.506933,19.38,-11.0,-0.011,0.007,256.618,261.111,256.419
1780888665.517648,18.873,-11.071,-0.011,0.007,256.69,261.045,256.409
1780888665.53199,18.648,-11.071,-0.011,0.007,256.71,261.02,256.411
1780888665.5715368,17.972,-11.214,-0.01,0.007,256.815,260.933,256.388
1780888665.571886,17.183,-11.786,-0.01,0.008,256.959,260.883,256.291
1780888665.572201,16.676,-11.714,-0.009,0.007,257.015,260.804,256.308
1780888665.580977,16.113,-11.786,-0.009,0.007,257.093,260.73,256.299
1780888665.5947871,15.042,-12.357,-0.008,0.008,257.277,260.636,256.206
1780888665.608403,14.254,-12.5,-0.008,0.008,257.395,260.532,256.186
1780888665.619021,14.028,-13.214,-0.008,0.009,257.475,260.58,256.063
1780888665.633392,13.634,-13.214,-0.007,0.009,257.515,260.528,256.071
1780888665.647132,12.338,-13.857,-0.007,0.009,257.739,260.403,255.969
1780888665.657711,12.113,-13.786,-0.006,0.009,257.745,260.374,255.991
1780888665.672023,11.324,-14.143,-0.006,0.009,257.881,260.291,255.935
1780888665.682576,11.155,-14.643,-0.006,0.009,257.931,260.327,255.854
1780888665.6964228,11.155,-14.643,-0.006,0.009,257.931,260.327,255.854
1780888665.71079,9.183,-15.571,-0.004,0.01,258.31,260.1,255.699
1780888665.721417,8.676,-15.571,-0.004,0.01,258.361,260.034,255.712
1780888665.735117,7.38,-16.5,-0.003,0.011,258.596,259.946,255.57
1780888665.773226,6.873,-16.429,-0.003,0.011,258.64,259.872,255.596
1780888665.773636,6.423,-16.357,-0.003,0.011,258.676,259.809,255.621
1780888665.773917,5.577,-16.5,-0.002,0.011,258.798,259.701,255.606
1780888665.784327,4.507,-18.0,-0.002,0.012,259.054,259.704,255.362
1780888665.7980642,4.507,-17.857,-0.002,0.012,259.008,259.707,255.402
1780888665.8086,3.324,-17.643,-0.001,0.011,259.153,259.507,255.452
1780888665.823174,2.704,-18.071,-0.0,0.012,259.265,259.465,255.386
1780888665.836898,1.521,-17.929,0.0,0.011,259.387,259.295,255.431
1780888665.847521,1.352,-18.286,0.0,0.012,259.42,259.321,255.376
1780888665.861755,0.845,-18.357,0.001,0.012,259.482,259.263,255.373
1780888665.872471,-0.056,-18.571,0.001,0.012,259.624,259.153,255.344
1780888665.886155,-0.845,-19.143,0.002,0.012,259.753,259.113,255.261
1780888665.900457,-1.07,-19.0,0.002,0.012,259.749,259.081,255.295
1780888665.911249,-1.803,-19.357,0.002,0.012,259.878,259.012,255.24
1780888665.924843,-2.423,-19.571,0.002,0.012,259.974,258.949,255.211
1780888665.9354591,-3.887,-20.071,0.003,0.013,260.211,258.793,255.14
1780888665.9491148,-4.113,-20.143,0.004,0.013,260.226,258.782,255.137
1780888665.979676,-4.451,-20.214,0.004,0.013,260.261,258.751,255.133
1780888665.9800682,-4.958,-20.214,0.004,0.013,260.32,258.686,255.14
1780888665.9873931,-4.958,-20.214,0.004,0.013,260.32,258.686,255.14
1780888665.9978611,-6.141,-20.571,0.005,0.013,260.526,258.545,255.085
1780888666.012335,-6.704,-21.214,0.005,0.013,260.654,258.534,254.98
1780888666.023057,-7.606,-21.286,0.006,0.013,260.754,258.432,254.985
1780888666.036694,-7.831,-21.071,0.006,0.013,260.743,258.394,255.031
1780888666.050931,-7.944,-21.143,0.006,0.013,260.743,258.4,255.025
1780888666.06142,-7.944,-21.143,0.006,0.013,260.743,258.4,255.025
1780888666.075052,-7.944,-21.143,0.006,0.013,260.743,258.4,255.025
1780888666.0858061,-9.465,-21.571,0.007,0.014,261.018,258.211,254.956
1780888666.0994282,-9.803,-21.714,0.007,0.014,261.06,258.19,254.938
1780888666.113826,-10.141,-21.643,0.007,0.014,261.082,258.147,254.958
1780888666.1245172,-10.535,-21.714,0.007,0.014,261.104,258.127,254.958
1780888666.138286,-10.761,-21.714,0.007,0.014,261.119,258.107,254.964
1780888666.1524422,-10.93,-22.071,0.007,0.014,261.161,258.128,254.906
1780888666.193602,-11.155,-22.0,0.007,0.014,261.171,258.099,254.924
1780888666.194052,-11.099,-22.0,0.007,0.014,261.123,258.134,254.935
1780888666.1943848,-11.099,-22.0,0.007,0.014,261.123,258.134,254.935
1780888666.201144,-11.099,-22.0,0.007,0.014,261.123,258.134,254.935
1780888666.214856,-11.099,-22.0,0.007,0.014,261.123,258.134,254.935
1780888666.225177,-11.099,-22.0,0.007,0.014,261.123,258.134,254.935
1780888666.238933,-11.099,-22.0,0.007,0.014,261.123,258.134,254.935
1780888666.2530718,-11.099,-22.0,0.007,0.014,261.123,258.134,254.935
1780888666.2635431,-11.099,-22.0,0.007,0.014,261.123,258.134,254.935
1780888666.277303,-11.099,-22.0,0.007,0.014,261.123,258.134,254.935
1780888666.2877812,-11.099,-22.0,0.007,0.014,261.123,258.134,254.935
1780888666.3019662,-11.099,-22.0,0.007,0.014,261.123,258.134,254.935
1780888666.315698,-11.099,-22.0,0.007,0.014,261.123,258.134,254.935
1780888666.3261518,-11.099,-22.0,0.007,0.014,261.123,258.134,254.935
1780888666.340391,-11.099,-22.0,0.007,0.014,261.123,258.134,254.935
1780888666.353982,-11.099,-22.0,0.007,0.014,261.123,258.134,254.935
1780888666.3910148,-11.155,-21.929,0.007,0.014,261.109,258.129,254.951
1780888666.391428,-11.155,-21.929,0.007,0.014,261.095,258.139,254.955
1780888666.3917649,-11.155,-22.0,0.007,0.014,261.089,258.155,254.945
1780888666.403218,-10.761,-22.071,0.007,0.014,261.017,258.233,254.936
1780888666.417036,-10.479,-22.0,0.006,0.014,260.946,258.283,254.953
1780888666.4273841,-10.535,-21.643,0.006,0.013,260.915,258.244,255.018
1780888666.4419358,-10.366,-21.714,0.006,0.013,260.888,258.282,255.006
1780888666.455672,-10.028,-21.714,0.006,0.013,260.827,258.339,255.006
1780888666.466238,-9.352,-21.5,0.005,0.013,260.69,258.43,255.044
1780888666.4804459,-9.352,-21.5,0.005,0.013,260.69,258.43,255.044
1780888666.491041,-9.352,-21.5,0.005,0.013,260.69,258.43,255.044
1780888666.50476,-9.352,-21.5,0.005,0.013,260.69,258.43,255.044
1780888666.515321,-7.549,-21.143,0.004,0.013,260.362,258.682,255.105
1780888666.529166,-7.099,-20.929,0.004,0.013,260.275,258.728,255.142
1780888666.543356,-6.704,-21.071,0.003,0.013,260.233,258.798,255.114
1780888666.5539489,-6.479,-20.5,0.003,0.012,260.152,258.773,255.213
1780888666.56763,-6.479,-20.5,0.003,0.012,260.152,258.773,255.213
1780888666.603227,-4.958,-20.0,0.002,0.012,259.863,258.966,255.297
1780888666.603575,-4.563,-20.143,0.002,0.012,259.829,259.032,255.266
1780888666.605982,-3.775,-19.786,0.001,0.012,259.7,259.102,255.32
1780888666.616468,-3.099,-19.5,0.001,0.012,259.579,259.174,255.365
1780888666.63098,-2.704,-18.929,0.001,0.011,259.48,259.171,255.46
1780888666.641474,-2.085,-18.214,0.0,0.011,259.331,259.193,255.579
1780888666.655284,-1.127,-18.643,-0.0,0.011,259.257,259.367,255.485
1780888666.6690419,-0.676,-18.714,-0.001,0.011,259.212,259.433,255.466
1780888666.679748,-0.225,-18.929,-0.001,0.011,259.179,259.513,255.423
1780888666.693964,0.338,-19.0,-0.001,0.012,259.113,259.597,255.406
1780888666.704618,1.183,-18.357,-0.002,0.011,258.955,259.643,255.511
1780888666.7184498,1.972,-18.357,-0.002,0.011,258.848,259.758,255.506
1780888666.732739,2.028,-18.214,-0.002,0.011,258.848,259.736,255.526
1780888666.743403,2.592,-18.286,-0.003,0.011,258.783,259.821,255.508
1780888666.757132,3.662,-17.857,-0.003,0.011,258.611,259.925,255.575
1780888666.767599,4.507,-18.071,-0.004,0.011,258.515,260.069,255.532
1780888666.782258,4.338,-17.714,-0.004,0.011,258.532,259.988,255.592
1780888666.8220239,5.803,-17.429,-0.005,0.01,258.311,260.171,255.633
1780888666.822369,6.254,-17.286,-0.005,0.01,258.248,260.215,255.653
1780888666.82272,6.817,-17.357,-0.005,0.01,258.186,260.299,255.635
1780888666.831001,7.437,-16.571,-0.006,0.01,258.036,260.308,255.77
1780888666.844782,8.0,-16.786,-0.006,0.01,258.012,260.39,255.718
1780888666.8584828,8.732,-16.429,-0.006,0.01,257.883,260.461,255.776
1780888666.869184,9.127,-16.571,-0.007,0.01,257.856,260.524,255.745
1780888666.883429,9.521,-16.571,-0.007,0.01,257.815,260.573,255.74
1780888666.893904,10.479,-16.143,-0.007,0.01,257.667,260.657,255.805
1780888666.90781,11.324,-15.929,-0.008,0.01,257.535,260.762,255.837
1780888666.922356,11.155,-15.929,-0.008,0.01,257.585,260.715,255.832
1780888666.932849,11.718,-15.571,-0.008,0.009,257.483,260.76,255.89
1780888666.946479,12.338,-15.643,-0.008,0.009,257.412,260.856,255.871
1780888666.960743,12.338,-15.643,-0.008,0.009,257.412,260.856,255.871
1780888666.971497,13.859,-15.214,-0.01,0.009,257.153,261.055,255.942
1780888666.985146,14.704,-14.857,-0.01,0.009,257.013,261.142,255.999
1780888667.022366,14.873,-14.429,-0.01,0.009,257.001,261.09,256.058
1780888667.022781,15.38,-14.071,-0.01,0.008,256.913,261.124,256.114
1780888667.0235462,15.606,-14.0,-0.01,0.008,256.895,261.139,256.118
1780888667.0340831,15.606,-14.0,-0.01,0.008,256.895,261.139,256.118
1780888667.047824,16.789,-13.5,-0.011,0.008,256.687,261.275,256.199
1780888667.0622358,17.127,-13.786,-0.011,0.008,256.686,261.343,256.138
1780888667.072912,17.352,-13.429,-0.011,0.008,256.643,261.328,256.195
1780888667.086532,17.803,-13.143,-0.012,0.008,256.593,261.342,256.232
1780888667.097242,18.366,-13.643,-0.012,0.008,256.571,261.473,256.134
1780888667.111718,18.648,-13.357,-0.012,0.008,256.522,261.476,256.18
1780888667.125477,18.873,-13.071,-0.012,0.008,256.481,261.471,256.225
1780888667.1360278,19.324,-12.929,-0.012,0.008,256.434,261.507,256.239
1780888667.1497548,19.549,-12.643,-0.013,0.008,256.391,261.505,256.284
1780888667.164005,19.662,-12.786,-0.013,0.008,256.404,261.526,256.252
1780888667.174762,20.338,-12.857,-0.013,0.008,256.337,261.626,256.229
1780888667.188425,20.282,-12.643,-0.013,0.008,256.342,261.583,256.263
1780888667.226971,20.563,-12.786,-0.013,0.008,256.324,261.635,256.233
1780888667.2273338,20.563,-12.786,-0.013,0.008,256.338,261.624,256.229
1780888667.227592,20.789,-12.857,-0.013,0.008,256.333,261.649,256.211
1780888667.237468,21.183,-12.857,-0.013,0.008,256.282,261.708,256.208
1780888667.251838,20.958,-13.071,-0.013,0.008,256.347,261.681,256.168
1780888667.265664,21.127,-12.929,-0.013,0.008,256.317,261.687,256.193
1780888667.2761421,21.014,-13.0,-0.013,0.008,256.356,261.661,256.177
1780888667.290347,21.183,-12.714,-0.013,0.008,256.311,261.656,256.227
1780888667.3010151,21.296,-12.857,-0.013,0.008,256.313,261.684,256.2
1780888667.314636,21.07,-13.0,-0.013,0.008,256.373,261.648,256.173
1780888667.328575,21.014,-13.0,-0.013,0.008,256.385,261.634,256.172
1780888667.339082,21.127,-13.214,-0.013,0.008,256.391,261.672,256.134
1780888667.353376,20.901,-13.214,-0.013,0.008,256.429,261.629,256.134
1780888667.367142,20.789,-13.286,-0.013,0.008,256.457,261.611,256.122
1780888667.37803,20.901,-13.214,-0.013,0.008,256.434,261.621,256.136
1780888667.39221,20.676,-13.286,-0.013,0.008,256.477,261.588,256.124
1780888667.430469,20.789,-12.929,-0.013,0.008,256.427,261.571,256.189
1780888667.430924,20.225,-13.143,-0.012,0.008,256.536,261.495,256.15
1780888667.431265,20.225,-13.5,-0.012,0.008,256.566,261.531,256.086
1780888667.441164,20.0,-13.286,-0.012,0.008,256.58,261.472,256.126
1780888667.454953,19.718,-13.214,-0.012,0.008,256.612,261.422,256.14
1780888667.468562,19.042,-13.571,-0.011,0.008,256.748,261.344,256.077
1780888667.479223,19.042,-13.714,-0.011,0.009,256.755,261.363,256.053
1780888667.493541,18.535,-13.357,-0.011,0.008,256.796,261.245,256.119
1780888667.504375,18.141,-13.643,-0.011,0.009,256.871,261.217,256.07
1780888667.517867,17.915,-14.214,-0.01,0.009,256.951,261.241,255.969
1780888667.532453,17.577,-14.143,-0.01,0.009,256.99,261.182,255.986
1780888667.542913,17.239,-13.786,-0.01,0.009,257.002,261.096,256.053
1780888667.5566459,17.239,-14.071,-0.01,0.009,257.019,261.131,256.003
1780888667.570781,17.239,-14.071,-0.01,0.009,257.019,261.131,256.003
1780888667.581543,17.239,-14.071,-0.01,0.009,257.019,261.131,256.003
1780888667.5950232,15.606,-14.286,-0.009,0.009,257.288,260.882,255.967
1780888667.6260731,14.704,-14.143,-0.008,0.009,257.389,260.741,255.999
1780888667.6264331,14.592,-14.571,-0.008,0.009,257.431,260.777,255.924
1780888667.633213,14.028,-14.857,-0.008,0.009,257.532,260.722,255.877
1780888667.643807,14.028,-14.857,-0.008,0.009,257.532,260.722,255.877
1780888667.6574929,12.732,-15.143,-0.007,0.01,257.749,260.544,255.83
1780888667.671934,12.282,-15.643,-0.007,0.01,257.846,260.532,255.747
1780888667.6824498,11.831,-15.429,-0.006,0.01,257.877,260.451,255.792
1780888667.696183,11.155,-15.643,-0.006,0.01,257.964,260.388,255.765
1780888667.706846,10.535,-16.214,-0.006,0.01,258.097,260.355,255.669
1780888667.721474,10.423,-16.357,-0.006,0.01,258.107,260.364,255.65
1780888667.7350678,9.69,-16.0,-0.005,0.01,258.171,260.221,255.721
1780888667.745756,9.014,-16.071,-0.005,0.01,258.246,260.146,255.718
1780888667.759337,8.563,-16.0,-0.004,0.01,258.293,260.08,255.735
1780888667.770847,8.394,-16.0,-0.004,0.01,258.301,260.068,255.738
1780888667.784703,7.38,-16.429,-0.004,0.01,258.467,259.971,255.67
1780888667.7982101,6.93,-16.714,-0.003,0.011,258.548,259.938,255.623
1780888667.837406,6.254,-16.5,-0.003,0.01,258.617,259.82,255.666
1780888667.8378072,6.085,-16.214,-0.003,0.01,258.598,259.782,255.721
1780888667.838071,5.07,-17.0,-0.002,0.011,258.798,259.722,255.586
1780888667.8472278,4.451,-17.714,-0.002,0.011,258.946,259.703,255.464
1780888667.861554,4.563,-17.571,-0.002,0.011,258.892,259.723,255.497
1780888667.872161,3.718,-16.929,-0.001,0.011,258.95,259.535,255.618
1780888667.885868,2.93,-17.643,-0.001,0.011,259.107,259.504,255.498
1780888667.896418,2.479,-17.357,-0.001,0.011,259.133,259.418,255.554
1780888667.910846,2.085,-17.643,-0.0,0.011,259.205,259.396,255.507
1780888667.9248052,1.521,-17.929,-0.0,0.011,259.305,259.346,255.46
1780888667.9353962,0.732,-18.214,0.0,0.011,259.419,259.275,255.42
1780888667.949203,0.676,-18.286,0.0,0.011,259.415,259.287,255.413
1780888667.959821,0.0,-18.286,0.001,0.011,259.507,259.19,255.418
1780888667.974189,-0.563,-18.143,0.001,0.011,259.566,259.099,255.448
1780888667.984936,-1.239,-18.5,0.002,0.012,259.671,259.053,255.393
1780888667.998488,-1.915,-18.5,0.002,0.012,259.764,258.958,255.397
1780888668.012915,-1.859,-18.286,0.002,0.011,259.713,258.963,255.439
1780888668.05183,-1.859,-18.714,0.002,0.012,259.737,259.018,255.366
1780888668.052275,-2.93,-19.286,0.002,0.012,259.933,258.921,255.274
1780888668.052607,-3.437,-19.714,0.003,0.012,260.039,258.892,255.205
1780888668.061891,-3.775,-20.143,0.003,0.013,260.116,258.889,255.136
1780888668.075656,-4.282,-19.786,0.003,0.012,260.127,258.795,255.215
1780888668.08616,-4.563,-20.214,0.003,0.013,260.197,258.802,255.144
1780888668.10044,-4.676,-20.643,0.003,0.013,260.238,258.835,255.075
1780888668.11091,-4.676,-20.643,0.003,0.013,260.238,258.835,255.075
1780888668.124855,-4.676,-20.643,0.003,0.013,260.238,258.835,255.075
1780888668.138628,-4.676,-20.643,0.003,0.013,260.238,258.835,255.075
1780888668.14923,-6.761,-21.357,0.005,0.014,260.639,258.572,254.957
1780888668.163563,-6.423,-21.429,0.005,0.014,260.562,258.649,254.955
1780888668.174305,-6.704,-21.643,0.005,0.014,260.585,258.648,254.934
1780888668.1880279,-6.873,-21.643,0.005,0.014,260.593,258.632,254.943
1780888668.202187,-6.986,-21.714,0.005,0.014,260.6,258.63,254.938
1780888668.212903,-7.155,-21.714,0.005,0.014,260.611,258.612,254.945
1780888668.2264802,-7.437,-21.714,0.005,0.014,260.625,258.583,254.959
1780888668.2647302,-7.38,-22.143,0.005,0.014,260.643,258.641,254.889
1780888668.265093,-7.775,-21.929,0.005,0.014,260.675,258.564,254.933
1780888668.2654269,-7.549,-22.214,0.005,0.014,260.651,258.635,254.888
1780888668.2756832,-7.718,-21.571,0.005,0.013,260.593,258.56,255.01
1780888668.2895648,-7.944,-21.643,0.005,0.013,260.629,258.537,254.999
1780888668.300558,-8.056,-21.571,0.005,0.013,260.632,258.519,255.014
1780888668.314311,-8.0,-21.857,0.005,0.014,260.642,258.561,254.965
1780888668.324904,-8.0,-21.429,0.005,0.013,260.586,258.531,255.045
1780888668.338559,-8.056,-21.571,0.005,0.013,260.603,258.54,255.02
1780888668.35308,-8.0,-21.5,0.005,0.013,260.582,258.547,255.033
1780888668.3637938,-8.0,-21.214,0.005,0.013,260.545,258.528,255.084
1780888668.377397,-7.944,-20.786,0.005,0.013,260.491,258.501,255.159
1780888668.388095,-7.718,-21.357,0.005,0.013,260.507,258.595,255.056
1780888668.40236,-7.662,-21.286,0.005,0.013,260.489,258.599,255.068
1780888668.416074,-7.324,-21.214,0.004,0.013,260.422,258.65,255.081
1780888668.426698,-7.211,-21.214,0.004,0.013,260.404,258.668,255.08
1780888668.44099,-7.324,-21.214,0.004,0.013,260.424,258.649,255.08
1780888668.48209,-6.986,-21.0,0.004,0.013,260.348,258.684,255.117
1780888668.4825332,-6.93,-21.143,0.004,0.013,260.358,258.703,255.09
1780888668.482871,-6.761,-20.929,0.004,0.013,260.311,258.709,255.127
1780888668.4896,-6.085,-21.0,0.003,0.013,260.207,258.824,255.113
1780888668.503689,-6.085,-21.0,0.003,0.013,260.207,258.824,255.113
1780888668.514173,-6.085,-21.0,0.003,0.013,260.207,258.824,255.113
1780888668.5279438,-6.085,-21.0,0.003,0.013,260.207,258.824,255.113
1780888668.542351,-4.732,-20.429,0.002,0.012,259.932,258.987,255.213
1780888668.553087,-4.676,-20.143,0.002,0.012,259.907,258.962,255.26
1780888668.5667799,-3.662,-20.357,0.002,0.012,259.782,259.135,255.213
1780888668.5772722,-3.775,-20.286,0.002,0.012,259.807,259.1,255.223
1780888668.5916648,-3.493,-19.5,0.002,0.012,259.697,259.064,255.36
1780888668.605386,-2.93,-19.357,0.001,0.012,259.603,259.136,255.379
1780888668.6160152,-2.085,-18.5,0.001,0.011,259.412,259.177,255.518
1780888668.630572,-2.141,-18.429,0.001,0.011,259.431,259.153,255.522
1780888668.641207,-1.465,-18.571,0.0,0.011,259.349,259.271,255.489
1780888668.654876,-0.789,-18.286,-0.0,0.011,259.243,259.336,255.527
1780888668.692943,-0.338,-18.571,-0.001,0.011,259.212,259.428,255.47
1780888668.6933591,0.113,-18.357,-0.001,0.011,259.134,259.471,255.504
1780888668.693701,0.676,-18.143,-0.001,0.011,259.038,259.532,255.537
1780888668.7037592,1.352,-17.857,-0.002,0.011,258.934,259.593,255.578
1780888668.717482,1.352,-17.857,-0.002,0.011,258.952,259.581,255.572
1780888668.7319522,2.028,-17.786,-0.002,0.011,258.851,259.676,255.58
1780888668.742496,2.31,-17.786,-0.002,0.011,258.822,259.71,255.575
1780888668.756225,2.704,-17.143,-0.002,0.01,258.731,259.689,255.68
1780888668.766634,3.211,-17.071,-0.003,0.01,258.659,259.757,255.686
1780888668.781089,3.211,-17.071,-0.003,0.01,258.659,259.757,255.686
1780888668.7915058,4.225,-17.571,-0.003,0.011,258.558,259.962,255.591
1780888668.805266,5.239,-16.5,-0.004,0.01,258.329,259.999,255.775
1780888668.8191009,5.521,-16.571,-0.004,0.01,258.312,260.039,255.755
1780888668.829699,5.859,-16.571,-0.004,0.01,258.277,260.082,255.748
1780888668.8439622,6.254,-16.143,-0.005,0.01,258.193,260.092,255.819
1780888668.85487,6.761,-16.5,-0.005,0.01,258.183,260.186,255.742
1780888668.868478,7.38,-16.5,-0.005,0.01,258.101,260.276,255.738
1780888668.902364,7.549,-16.214,-0.005,0.01,258.065,260.262,255.785
1780888668.9028218,8.225,-16.0,-0.006,0.01,257.954,260.341,255.819
1780888668.906804,8.901,-16.143,-0.006,0.01,257.897,260.44,255.783
1780888668.917291,9.183,-15.5,-0.006,0.009,257.81,260.41,255.894
1780888668.931587,9.465,-15.786,-0.007,0.01,257.81,260.472,255.837
1780888668.945302,9.465,-15.786,-0.007,0.01,257.81,260.472,255.837
1780888668.9558342,10.986,-15.286,-0.008,0.009,257.539,260.666,255.921
1780888668.969565,11.211,-14.929,-0.008,0.009,257.493,260.652,255.979
1780888668.9807842,11.606,-15.0,-0.008,0.009,257.458,260.71,255.959
1780888668.994556,12.282,-14.714,-0.008,0.009,257.365,260.766,255.999
1780888669.008152,12.507,-14.643,-0.008,0.009,257.343,260.782,256.005
1780888669.018898,12.507,-14.643,-0.008,0.009,257.343,260.782,256.005
1780888669.0329971,12.507,-14.643,-0.008,0.009,257.343,260.782,256.005
1780888669.046784,12.507,-14.643,-0.008,0.009,257.343,260.782,256.005
1780888669.057261,14.028,-14.286,-0.01,0.009,257.09,260.99,256.063
1780888669.071745,14.31,-14.357,-0.01,0.009,257.076,261.026,256.044
1780888669.111097,14.873,-14.143,-0.01,0.008,256.99,261.083,256.076
1780888669.111447,15.099,-14.071,-0.01,0.008,256.993,261.08,256.076
1780888669.111778,15.38,-13.929,-0.01,0.008,256.955,261.098,256.097
1780888669.120596,15.549,-14.357,-0.01,0.009,256.987,261.154,256.014
1780888669.134248,15.831,-13.857,-0.01,0.008,256.914,261.138,256.101
1780888669.1481311,15.831,-13.857,-0.01,0.008,256.914,261.138,256.101
1780888669.158583,15.831,-13.857,-0.01,0.008,256.914,261.138,256.101
1780888669.172894,16.901,-13.929,-0.011,0.008,256.769,261.313,256.083
1780888669.183655,17.577,-14.143,-0.011,0.009,256.72,261.417,256.037
1780888669.1972868,17.183,-14.143,-0.011,0.009,256.8,261.333,256.035
1780888669.211694,17.746,-14.071,-0.011,0.009,256.72,261.408,256.045
1780888669.2221901,17.803,-14.0,-0.011,0.009,256.72,261.396,256.056
1780888669.2360241,18.085,-14.0,-0.012,0.009,256.704,261.419,256.052
1780888669.250556,17.859,-13.643,-0.011,0.008,256.72,261.333,256.114
1780888669.261096,18.254,-13.214,-0.012,0.008,256.631,261.35,256.187
1780888669.274899,18.197,-13.643,-0.011,0.008,256.691,261.374,256.106
1780888669.31199,18.31,-13.786,-0.011,0.008,256.707,261.389,256.076
1780888669.312416,18.31,-13.643,-0.011,0.008,256.703,261.367,256.1
1780888669.313196,18.31,-13.571,-0.011,0.008,256.704,261.354,256.111
1780888669.323679,18.141,-13.714,-0.011,0.008,256.757,261.328,256.082
1780888669.33745,18.423,-13.714,-0.011,0.008,256.718,261.372,256.081
1780888669.351865,18.479,-13.786,-0.011,0.009,256.721,261.384,256.067
1780888669.362473,18.479,-13.643,-0.011,0.008,256.713,261.365,256.092
1780888669.376205,18.197,-13.5,-0.011,0.008,256.753,261.295,256.117
1780888669.3868842,18.141,-13.929,-0.011,0.009,256.803,261.325,256.038
1780888669.401223,17.915,-14.214,-0.011,0.009,256.866,261.313,255.988
1780888669.415081,17.972,-14.286,-0.011,0.009,256.864,261.328,255.977
1780888669.425528,17.972,-14.0,-0.011,0.009,256.837,261.296,256.032
1780888669.439394,17.634,-14.143,-0.011,0.009,256.904,261.252,256.007
1780888669.453619,17.465,-13.857,-0.01,0.009,256.904,261.195,256.058
1780888669.464378,17.183,-14.071,-0.01,0.009,256.965,261.17,256.021
1780888669.477834,17.352,-13.643,-0.01,0.008,256.897,261.159,256.098
1780888669.515178,16.901,-14.0,-0.01,0.009,257.0,261.119,256.032
1780888669.51551,16.789,-13.857,-0.01,0.009,257.002,261.089,256.058
1780888669.516313,16.394,-13.714,-0.01,0.008,257.049,261.012,256.083
1780888669.527006,15.775,-14.0,-0.009,0.009,257.169,260.94,256.031
1780888669.541316,15.831,-13.786,-0.009,0.009,257.134,260.936,256.069
1780888669.555108,15.493,-13.714,-0.009,0.008,257.176,260.878,256.081
1780888669.5655968,14.873,-13.929,-0.009,0.009,257.282,260.808,256.041
1780888669.579226,14.873,-14.286,-0.009,0.009,257.307,260.851,255.977
1780888669.5904372,14.592,-14.071,-0.008,0.009,257.325,260.789,256.017
1780888669.6041868,13.859,-14.214,-0.008,0.009,257.439,260.694,255.994
1780888669.6177511,13.859,-14.214,-0.008,0.009,257.439,260.694,255.994
1780888669.6283011,13.859,-14.214,-0.008,0.009,257.439,260.694,255.994
1780888669.642648,13.859,-14.214,-0.008,0.009,257.439,260.694,255.994
1780888669.656401,12.225,-15.0,-0.007,0.009,257.747,260.516,255.858
1780888669.6670122,12.0,-15.429,-0.007,0.01,257.807,260.531,255.785
1780888669.681375,11.775,-14.857,-0.007,0.009,257.775,260.448,255.893
1780888669.721109,11.211,-15.286,-0.006,0.01,257.891,260.407,255.819
1780888669.7215319,10.423,-16.214,-0.006,0.01,258.072,260.387,255.663
1780888669.721879,10.423,-16.071,-0.006,0.01,258.041,260.383,255.696
1780888669.7296078,9.859,-16.071,-0.005,0.01,258.116,260.299,255.702
1780888669.743913,9.634,-16.214,-0.005,0.01,258.149,260.286,255.682
1780888669.75795,8.732,-16.286,-0.005,0.01,258.268,260.165,255.68
1780888669.768339,8.451,-16.071,-0.004,0.01,258.277,260.109,255.723
1780888669.782783,8.169,-16.214,-0.004,0.01,258.32,260.088,255.701
1780888669.793306,7.549,-16.5,-0.004,0.01,258.415,260.037,255.658
1780888669.807022,7.268,-16.357,-0.004,0.01,258.432,259.988,255.687
1780888669.817596,6.366,-16.571,-0.003,0.01,258.583,259.87,255.652
1780888669.832151,6.028,-16.429,-0.003,0.01,258.607,259.814,255.681
1780888669.845967,5.521,-16.857,-0.003,0.011,258.697,259.798,255.612
1780888669.856502,4.901,-16.786,-0.002,0.011,258.774,259.701,255.629
1780888669.8708758,4.225,-17.929,-0.002,0.011,258.974,259.712,255.429
1780888669.88158,4.451,-17.571,-0.002,0.011,258.883,259.728,255.501
1780888669.8951838,3.775,-17.429,-0.002,0.011,258.947,259.624,255.537
1780888669.9345112,3.268,-17.429,-0.001,0.011,259.014,259.552,255.541
1780888669.934922,3.042,-17.357,-0.001,0.011,259.027,259.522,255.557
1780888669.935256,2.479,-17.357,-0.001,0.011,259.103,259.442,255.56
1780888669.944154,2.028,-17.143,-0.001,0.011,259.126,259.376,255.601
1780888669.957834,1.634,-17.571,-0.0,0.011,259.216,259.365,255.526
1780888669.972329,1.239,-17.5,-0.0,0.011,259.258,259.306,255.542
1780888669.982862,0.958,-17.571,0.0,0.011,259.295,259.28,255.531
1780888669.9965281,0.169,-17.786,0.001,0.011,259.413,259.196,255.5
1780888670.007128,-0.394,-17.857,0.001,0.011,259.496,259.124,255.49
1780888670.021555,-0.394,-18.071,0.001,0.011,259.5,259.158,255.455
1780888670.0351748,-0.901,-17.929,0.001,0.011,259.554,259.073,255.483
1780888670.046188,-1.803,-17.857,0.002,0.011,259.664,258.946,255.501
1780888670.059663,-1.915,-18.071,0.002,0.011,259.687,258.962,255.465
1780888670.0710132,-2.085,-18.286,0.002,0.011,259.719,258.967,255.429
1780888670.084627,-1.972,-18.071,0.002,0.011,259.665,258.977,255.47
1780888670.095135,-2.873,-18.857,0.002,0.012,259.861,258.927,255.335
1780888670.109069,-3.324,-18.643,0.003,0.012,259.9,258.844,255.378
1780888670.146262,-3.493,-19.0,0.003,0.012,259.947,258.861,255.319
1780888670.146729,-3.775,-19.357,0.003,0.012,259.997,258.869,255.265
1780888670.147486,-4.394,-19.0,0.003,0.012,260.051,258.743,255.333
1780888670.158017,-4.282,-19.5,0.003,0.012,260.066,258.819,255.248
1780888670.1724539,-4.451,-19.429,0.003,0.012,260.073,258.793,255.266
1780888670.1861079,-4.958,-19.714,0.003,0.012,260.159,258.754,255.224
1780888670.1966898,-5.296,-19.429,0.004,0.012,260.175,258.68,255.279
1780888670.211013,-5.296,-19.571,0.004,0.012,260.176,258.703,255.257
1780888670.221641,-5.465,-19.929,0.004,0.012,260.226,258.717,255.197
1780888670.235444,-5.972,-19.714,0.004,0.012,260.267,258.629,255.242
1780888670.249179,-6.028,-19.643,0.004,0.012,260.258,258.621,255.258
1780888670.260447,-6.197,-19.857,0.004,0.012,260.297,258.622,255.222
1780888670.274254,-6.197,-20.214,0.004,0.013,260.321,258.662,255.162
1780888670.284788,-6.535,-20.643,0.004,0.013,260.399,258.658,255.094
1780888670.2986271,-6.479,-21.214,0.004,0.013,260.434,258.726,254.999
1780888670.312937,-6.761,-21.071,0.004,0.013,260.456,258.669,255.032
1780888670.3441331,-6.479,-21.143,0.004,0.013,260.405,258.726,255.025
1780888670.344496,-6.704,-21.286,0.004,0.013,260.438,258.709,255.011
1780888670.3475368,-6.648,-21.286,0.004,0.013,260.421,258.72,255.016
1780888670.3620238,-6.648,-21.357,0.004,0.013,260.421,258.729,255.008
1780888670.375766,-6.592,-21.643,0.004,0.013,260.426,258.766,254.969
1780888670.386379,-6.704,-21.5,0.004,0.013,260.425,258.735,254.999
1780888670.4008331,-6.535,-21.786,0.004,0.014,260.419,258.79,254.952
1780888670.411339,-6.535,-21.929,0.004,0.014,260.428,258.803,254.931
1780888670.424993,-6.141,-22.071,0.004,0.014,260.368,258.88,254.915
1780888670.455379,-6.31,-22.0,0.004,0.014,260.387,258.843,254.932
1780888670.455775,-6.31,-22.357,0.004,0.014,260.419,258.875,254.873
1780888670.463671,-6.366,-22.571,0.004,0.014,260.446,258.884,254.84
1780888670.4742222,-6.423,-22.429,0.004,0.014,260.434,258.858,254.875
1780888670.487971,-6.31,-22.286,0.004,0.014,260.399,258.862,254.903
1780888670.498531,-6.366,-22.429,0.004,0.014,260.42,258.865,254.881
1780888670.51278,-6.366,-22.571,0.004,0.014,260.432,258.877,254.859
1780888670.526599,-6.028,-22.429,0.003,0.014,260.358,258.916,254.89
1780888670.537287,-5.859,-22.786,0.003,0.014,260.364,258.975,254.829
1780888670.551573,-5.69,-22.857,0.003,0.014,260.342,259.006,254.821
1780888670.562239,-5.521,-22.643,0.003,0.014,260.294,259.009,254.862
1780888670.576145,-5.352,-23.143,0.003,0.014,260.316,259.076,254.779
1780888670.590295,-5.465,-23.143,0.003,0.014,260.335,259.053,254.783
1780888670.600787,-5.239,-23.143,0.003,0.014,260.298,259.086,254.786
1780888670.6145432,-5.127,-22.714,0.003,0.014,260.239,259.06,254.865
1780888670.625107,-4.62,-22.714,0.002,0.014,260.16,259.135,254.866
1780888670.638954,-4.732,-22.357,0.003,0.014,260.149,259.078,254.93
1780888670.6786199,-4.225,-22.714,0.002,0.014,260.102,259.192,254.866
1780888670.679014,-3.775,-22.214,0.002,0.014,259.99,259.208,254.954
1780888670.679343,-3.662,-22.286,0.002,0.014,259.985,259.228,254.94
1780888670.6881468,-3.38,-22.286,0.002,0.014,259.945,259.269,254.939
1780888670.7022269,-3.268,-22.286,0.002,0.014,259.933,259.281,254.938
1780888670.716115,-2.986,-22.143,0.001,0.014,259.879,259.308,254.963
1780888670.726505,-2.986,-22.143,0.001,0.014,259.879,259.308,254.963
1780888670.740753,-2.986,-22.143,0.001,0.014,259.879,259.308,254.963
1780888670.751376,-1.69,-21.143,0.0,0.013,259.577,259.421,255.137
1780888670.765407,-1.296,-20.643,0.0,0.012,259.494,259.422,255.213
1780888670.779079,-1.07,-20.071,0.0,0.012,259.417,259.398,255.307
1780888670.7895539,-0.901,-20.286,-0.0,0.012,259.425,259.44,255.261
1780888670.803807,-0.394,-19.643,-0.0,0.012,259.294,259.455,255.368
1780888670.8144488,-0.282,-19.571,-0.0,0.012,259.298,259.455,255.364
1780888670.828296,0.676,-19.071,-0.001,0.011,259.108,259.56,255.445
1780888670.842564,0.789,-18.929,-0.001,0.011,259.093,259.557,255.461
1780888670.8812559,1.296,-19.143,-0.001,0.011,259.047,259.654,255.415
1780888670.881664,1.972,-19.143,-0.002,0.012,258.968,259.747,255.402
1780888670.881993,2.254,-18.857,-0.002,0.011,258.911,259.757,255.447
1780888670.8915699,2.535,-18.857,-0.002,0.011,258.881,259.794,255.441
1780888670.905375,2.535,-18.643,-0.002,0.011,258.877,259.764,255.473
1780888670.91591,3.324,-18.357,-0.003,0.011,258.752,259.85,255.511
1780888670.930294,3.775,-18.143,-0.003,0.011,258.675,259.895,255.543
1780888670.9409962,4.563,-18.571,-0.004,0.011,258.603,260.058,255.46
1780888670.954752,4.845,-17.429,-0.004,0.01,258.482,259.971,255.655
1780888670.968569,5.014,-17.571,-0.004,0.011,258.485,260.004,255.622
1780888670.9791858,5.465,-17.0,-0.004,0.01,258.375,260.015,255.716
1780888670.99343,5.69,-16.714,-0.004,0.01,258.33,260.016,255.758
1780888671.003995,6.31,-16.214,-0.004,0.01,258.219,260.055,255.829
1780888671.0176609,6.479,-15.714,-0.005,0.009,258.163,260.028,255.909
1780888671.031935,6.479,-15.714,-0.005,0.009,258.163,260.028,255.909
1780888671.042507,6.479,-15.714,-0.005,0.009,258.163,260.028,255.909
1780888671.0563352,8.0,-15.071,-0.006,0.009,257.899,260.203,256.001
1780888671.0941231,7.944,-14.714,-0.006,0.009,257.896,260.149,256.053
1780888671.094411,8.451,-14.214,-0.006,0.008,257.788,260.178,256.131
1780888671.094785,8.732,-14.071,-0.006,0.008,257.751,260.204,256.143
1780888671.105474,9.183,-13.5,-0.006,0.008,257.665,260.208,256.223
1780888671.119265,9.408,-13.357,-0.006,0.008,257.635,260.225,256.236
1780888671.130319,9.577,-13.0,-0.006,0.008,257.594,260.212,256.288
1780888671.144175,9.915,-12.5,-0.007,0.007,257.513,260.215,256.366
1780888671.154727,10.592,-12.571,-0.007,0.007,257.448,260.323,256.328
1780888671.168631,10.761,-12.357,-0.007,0.007,257.419,260.323,256.356
1780888671.1995819,11.268,-12.071,-0.007,0.007,257.33,260.374,256.397
1780888671.199975,11.775,-11.571,-0.008,0.007,257.239,260.396,256.465
1780888671.207117,11.887,-11.214,-0.008,0.007,257.207,260.373,256.519
1780888671.221472,12.282,-11.429,-0.008,0.007,257.181,260.454,256.469
1780888671.2320151,12.394,-11.214,-0.008,0.007,257.16,260.445,256.498
1780888671.245756,12.789,-11.429,-0.008,0.007,257.149,260.519,256.44
1780888671.2563999,13.07,-10.857,-0.008,0.006,257.066,260.503,256.537
1780888671.2706811,13.239,-11.0,-0.009,0.007,257.067,260.539,256.502
1780888671.2844539,13.521,-10.786,-0.009,0.006,257.016,260.559,256.534
1780888671.295037,13.915,-10.429,-0.009,0.006,256.95,260.577,256.584
1780888671.308831,14.028,-10.643,-0.009,0.006,256.965,260.61,256.538
1780888671.3230238,14.31,-10.429,-0.009,0.006,256.913,260.63,256.571
1780888671.3337011,14.592,-10.286,-0.009,0.006,256.88,260.65,256.585
1780888671.347569,14.648,-10.0,-0.009,0.006,256.857,260.625,256.631
1780888671.3581738,14.704,-10.0,-0.009,0.006,256.859,260.629,256.625
1780888671.372709,14.648,-10.071,-0.009,0.006,256.884,260.622,256.606
1780888671.410311,15.211,-10.429,-0.01,0.006,256.846,260.741,256.533
1780888671.41072,15.099,-10.429,-0.009,0.006,256.872,260.716,256.531
1780888671.41105,15.324,-10.429,-0.01,0.006,256.844,260.749,256.529
1780888671.424869,15.211,-10.357,-0.009,0.006,256.862,260.717,256.54
1780888671.435222,15.662,-10.643,-0.01,0.007,256.83,260.81,256.485
1780888671.4490921,15.831,-10.929,-0.01,0.007,256.836,260.86,256.433
1780888671.460334,15.887,-10.714,-0.01,0.007,256.813,260.842,256.473
1780888671.474082,15.606,-10.714,-0.01,0.007,256.866,260.785,256.473
1780888671.487778,15.606,-10.786,-0.01,0.007,256.876,260.788,256.46
1780888671.4984279,15.606,-10.857,-0.01,0.007,256.886,260.792,256.447
1780888671.512952,15.493,-11.143,-0.009,0.007,256.932,260.797,256.396
1780888671.526625,15.493,-11.714,-0.009,0.007,256.985,260.846,256.298
1780888671.537285,15.606,-11.429,-0.01,0.007,256.942,260.833,256.353
1780888671.5515862,15.268,-11.857,-0.009,0.008,257.035,260.815,256.278
1780888671.562428,15.437,-12.214,-0.009,0.008,257.039,260.876,256.218
1780888671.576033,15.099,-12.643,-0.009,0.008,257.128,260.853,256.152
1780888671.6131358,15.099,-12.571,-0.009,0.008,257.118,260.843,256.17
1780888671.613533,15.042,-13.0,-0.009,0.008,257.163,260.873,256.099
1780888671.6145222,14.986,-13.5,-0.009,0.009,257.208,260.906,256.024
1780888671.628284,14.704,-13.786,-0.009,0.009,257.274,260.883,255.98
1780888671.638885,14.704,-13.857,-0.009,0.009,257.275,260.887,255.975
1780888671.653146,14.366,-14.071,-0.009,0.009,257.343,260.849,255.944
1780888671.663695,14.592,-14.786,-0.009,0.01,257.359,260.954,255.833
1780888671.677381,14.254,-15.0,-0.009,0.01,257.427,260.914,255.804
1780888671.691416,13.915,-15.643,-0.008,0.01,257.532,260.917,255.698
1780888671.701987,13.915,-15.643,-0.008,0.01,257.532,260.917,255.698
1780888671.716033,13.127,-16.357,-0.008,0.011,257.714,260.851,255.583
1780888671.730359,13.127,-16.357,-0.008,0.011,257.701,260.85,255.596
1780888671.7409332,12.563,-16.429,-0.007,0.011,257.785,260.762,255.595
1780888671.7545412,12.62,-16.786,-0.007,0.011,257.796,260.808,255.542
1780888671.7653959,12.338,-17.357,-0.007,0.011,257.868,260.817,255.465
1780888671.779104,11.887,-17.929,-0.007,0.012,257.981,260.797,255.375
1780888671.816562,11.775,-18.143,-0.007,0.012,258.004,260.799,255.35
1780888671.816912,11.324,-17.857,-0.007,0.011,258.024,260.698,255.424
1780888671.8173618,10.648,-18.0,-0.006,0.011,258.133,260.601,255.408
1780888671.831784,10.93,-18.143,-0.006,0.012,258.087,260.667,255.391
1780888671.84237,10.648,-18.5,-0.006,0.012,258.154,260.658,255.337
1780888671.856113,10.141,-18.714,-0.006,0.012,258.23,260.601,255.316
1780888671.866762,9.859,-19.143,-0.006,0.012,258.303,260.599,255.249
1780888671.881189,9.577,-19.214,-0.005,0.012,258.341,260.562,255.245
1780888671.89517,9.352,-19.0,-0.005,0.012,258.344,260.508,255.292
1780888671.905598,8.901,-19.929,-0.005,0.013,258.476,260.532,255.145
1780888671.919272,8.451,-19.929,-0.005,0.013,258.535,260.46,255.154
1780888671.930625,8.338,-20.286,-0.005,0.013,258.573,260.482,255.1
1780888671.944174,8.0,-20.714,-0.004,0.013,258.64,260.474,255.044
1780888671.9579678,8.0,-20.714,-0.004,0.013,258.64,260.474,255.044
1780888671.968639,8.0,-20.714,-0.004,0.013,258.64,260.474,255.044
1780888671.982593,8.0,-20.714,-0.004,0.013,258.64,260.474,255.044
1780888672.0198169,8.0,-20.714,-0.004,0.013,258.64,260.474,255.044
1780888672.0202408,6.254,-21.857,-0.003,0.014,259.017,260.296,254.852
1780888672.0211809,5.746,-21.857,-0.003,0.014,259.078,260.219,254.866
1780888672.0317068,5.859,-21.714,-0.003,0.014,259.024,260.234,254.903
1780888672.0454102,5.408,-22.0,-0.003,0.014,259.085,260.202,254.875
1780888672.055915,4.958,-22.214,-0.002,0.014,259.161,260.156,254.846
1780888672.070417,4.958,-22.5,-0.002,0.014,259.17,260.192,254.805
1780888672.084182,4.789,-22.429,-0.002,0.014,259.173,260.164,254.827
1780888672.0948899,4.338,-22.786,-0.002,0.014,259.249,260.138,254.781
1780888672.1087291,4.0,-22.929,-0.002,0.014,259.302,260.102,254.764
1780888672.119138,3.437,-22.714,-0.002,0.014,259.359,259.995,254.81
1780888672.1335151,3.38,-22.857,-0.002,0.014,259.366,260.008,254.791
1780888672.147295,2.761,-23.357,-0.001,0.015,259.485,259.97,254.716
1780888672.157852,2.254,-22.857,-0.001,0.014,259.505,259.846,254.811
1780888672.172126,2.197,-23.214,-0.001,0.014,259.534,259.881,254.752
1780888672.1826692,1.972,-23.0,-0.001,0.014,259.536,259.832,254.795
1780888672.196484,1.746,-22.786,-0.001,0.014,259.527,259.793,254.839
1780888672.234347,1.296,-22.571,-0.0,0.014,259.57,259.707,254.879
1780888672.2347782,1.408,-22.714,-0.0,0.014,259.553,259.75,254.855
1780888672.235102,0.789,-23.0,-0.0,0.014,259.672,259.683,254.807
1780888672.245514,0.507,-23.071,0.0,0.014,259.701,259.661,254.8
1780888672.259176,0.169,-22.643,0.0,0.014,259.705,259.574,254.877
1780888672.270417,-0.225,-22.643,0.001,0.014,259.76,259.519,254.878
1780888672.284192,-0.507,-22.643,0.001,0.014,259.784,259.492,254.879
1780888672.297914,-0.62,-22.357,0.001,0.014,259.766,259.457,254.929
1780888672.308843,-1.127,-22.214,0.001,0.014,259.827,259.37,254.953
1780888672.323105,-1.352,-22.0,0.001,0.013,259.834,259.324,254.989
1780888672.333586,-1.465,-22.071,0.001,0.013,259.841,259.334,254.973
1780888672.347305,-1.183,-21.929,0.001,0.013,259.773,259.377,254.997
1780888672.361724,-1.352,-22.143,0.001,0.014,259.816,259.377,254.957
1780888672.372496,-1.127,-22.071,0.001,0.013,259.765,259.415,254.968
1780888672.3861911,-1.803,-22.643,0.001,0.014,259.92,259.369,254.869
1780888672.396808,-1.972,-22.643,0.001,0.014,259.94,259.347,254.87
1780888672.411166,-1.972,-22.857,0.001,0.014,259.953,259.374,254.834
1780888672.451434,-2.254,-22.929,0.002,0.014,260.0,259.34,254.823
1780888672.451825,-2.535,-23.357,0.002,0.014,260.071,259.345,254.753
1780888672.452159,-2.592,-22.857,0.002,0.014,260.024,259.293,254.844
1780888672.459148,-2.704,-23.0,0.002,0.014,260.05,259.294,254.82
1780888672.473641,-2.817,-23.357,0.002,0.014,260.096,259.314,254.758
1780888672.484169,-2.93,-23.429,0.002,0.014,260.107,259.311,254.751
1780888672.498059,-3.099,-23.357,0.002,0.014,260.122,259.28,254.766
1780888672.512338,-3.155,-23.357,0.002,0.014,260.125,259.275,254.768
1780888672.52283,-3.268,-23.429,0.002,0.014,260.144,259.268,254.757
1780888672.536644,-3.268,-23.286,0.002,0.014,260.12,259.262,254.785
1780888672.547273,-3.268,-23.214,0.002,0.014,260.108,259.259,254.799
1780888672.5617359,-3.155,-23.0,0.002,0.014,260.065,259.26,254.837
1780888672.575426,-3.38,-23.286,0.002,0.014,260.125,259.255,254.787
1780888672.585977,-3.324,-23.286,0.002,0.014,260.112,259.267,254.788
1780888672.60062,-3.437,-22.929,0.002,0.014,260.093,259.218,254.851
1780888672.611109,-3.268,-22.857,0.002,0.014,260.056,259.242,254.863
1780888672.6247969,-3.493,-22.429,0.002,0.014,260.049,259.17,254.935
1780888672.660576,-3.437,-22.643,0.002,0.014,260.059,259.204,254.895
1780888672.661025,-3.549,-22.5,0.002,0.014,260.063,259.174,254.918
1780888672.663313,-3.099,-22.357,0.002,0.014,259.973,259.238,254.942
1780888672.673883,-3.268,-21.929,0.002,0.013,259.962,259.174,255.011
1780888672.68754,-2.93,-22.214,0.002,0.014,259.935,259.259,254.957
1780888672.701786,-3.042,-22.143,0.002,0.013,259.948,259.234,254.968
1780888672.712393,-2.873,-22.071,0.002,0.013,259.915,259.256,254.978
1780888672.7259352,-2.873,-22.071,0.002,0.013,259.915,259.256,254.978
1780888672.7364821,-2.873,-22.071,0.002,0.013,259.915,259.256,254.978
1780888672.7507432,-2.873,-22.071,0.002,0.013,259.915,259.256,254.978
1780888672.764617,-2.873,-22.071,0.002,0.013,259.915,259.256,254.978
1780888672.775212,-2.873,-22.071,0.002,0.013,259.915,259.256,254.978
1780888672.7888389,-1.634,-21.143,0.001,0.013,259.623,259.372,255.139
1780888672.7992918,-1.746,-20.5,0.001,0.012,259.59,259.291,255.246
1780888672.813828,-1.465,-20.286,0.001,0.012,259.532,259.316,255.276
1780888672.827391,-1.239,-20.0,0.0,0.012,259.489,259.325,255.308
1780888672.8634398,-0.958,-19.643,0.0,0.012,259.418,259.337,255.363
1780888672.8638651,-0.845,-19.5,0.0,0.012,259.397,259.34,255.379
1780888672.864199,-0.676,-19.0,0.0,0.011,259.332,259.319,255.459
1780888672.876439,-0.113,-18.714,-0.0,0.011,259.236,259.383,255.491
1780888672.890902,-0.056,-18.643,-0.0,0.011,259.232,259.383,255.494
1780888672.901566,0.113,-18.571,-0.0,0.011,259.208,259.402,255.498
1780888672.915194,0.901,-18.5,-0.001,0.011,259.095,259.519,255.495
1780888672.925727,1.127,-18.429,-0.001,0.011,259.064,259.544,255.501
1780888672.9404218,1.352,-18.214,-0.001,0.011,259.018,259.556,255.533
1780888672.954081,1.69,-18.0,-0.002,0.011,258.955,259.587,255.564
1780888672.96476,1.803,-17.5,-0.002,0.01,258.916,259.547,255.638
1780888672.9784489,2.366,-17.143,-0.002,0.01,258.802,259.603,255.694
1780888672.989156,2.535,-17.143,-0.002,0.01,258.788,259.626,255.685
1780888673.003414,2.704,-17.071,-0.002,0.01,258.767,259.643,255.69
1780888673.014139,3.211,-16.786,-0.002,0.01,258.684,259.689,255.726
1780888673.027734,3.437,-16.5,-0.003,0.01,258.633,259.694,255.769
1780888673.0421638,3.718,-16.714,-0.003,0.01,258.62,259.756,255.724
1780888673.0823529,4.225,-16.5,-0.003,0.01,258.531,259.813,255.756
1780888673.0827699,4.789,-15.429,-0.003,0.009,258.37,259.791,255.93
1780888673.083092,4.789,-15.5,-0.003,0.009,258.392,259.792,255.908
1780888673.0910258,5.014,-15.571,-0.004,0.009,258.376,259.831,255.887
1780888673.1047091,5.239,-16.357,-0.004,0.01,258.426,259.938,255.74
1780888673.115284,5.803,-16.071,-0.004,0.01,258.329,259.988,255.786
1780888673.129149,5.746,-16.286,-0.004,0.01,258.37,259.991,255.744
1780888673.14043,6.479,-16.357,-0.005,0.01,258.268,260.112,255.729
1780888673.154063,6.648,-16.5,-0.005,0.01,258.276,260.135,255.699
1780888673.168343,7.042,-16.714,-0.005,0.01,258.242,260.212,255.661
1780888673.178519,7.211,-17.071,-0.005,0.011,258.258,260.265,255.598
1780888673.19275,7.606,-16.786,-0.005,0.01,258.177,260.292,255.65
1780888673.203342,8.056,-16.786,-0.005,0.01,258.123,260.347,255.65
1780888673.217196,8.169,-16.929,-0.005,0.011,258.128,260.369,255.625
1780888673.2317069,8.451,-16.714,-0.006,0.01,258.072,260.385,255.664
1780888673.242249,8.676,-16.786,-0.006,0.01,258.052,260.42,255.652
1780888673.256098,9.183,-16.571,-0.006,0.01,257.971,260.464,255.689
1780888673.292274,9.296,-16.357,-0.006,0.01,257.943,260.453,255.727
1780888673.2926831,9.408,-16.429,-0.006,0.01,257.941,260.47,255.712
1780888673.294612,9.746,-16.5,-0.006,0.01,257.903,260.525,255.698
1780888673.305176,10.31,-16.714,-0.007,0.01,257.851,260.622,255.659
1780888673.318784,10.592,-16.857,-0.007,0.01,257.829,260.673,255.634
1780888673.329449,10.648,-16.643,-0.007,0.01,257.809,260.651,255.673
1780888673.343665,10.986,-16.357,-0.007,0.01,257.738,260.671,255.724
1780888673.357315,11.268,-16.786,-0.007,0.01,257.753,260.741,255.646
1780888673.368128,11.549,-16.214,-0.007,0.01,257.663,260.723,255.748
1780888673.38242,11.775,-15.857,-0.008,0.01,257.605,260.718,255.81
1780888673.396281,12.0,-16.5,-0.008,0.01,257.647,260.804,255.69
1780888673.407097,12.113,-16.429,-0.008,0.01,257.631,260.807,255.703
1780888673.421259,12.169,-16.643,-0.008,0.01,257.649,260.829,255.665
1780888673.4317818,12.282,-16.643,-0.008,0.01,257.638,260.84,255.665
1780888673.445544,12.563,-16.714,-0.008,0.01,257.612,260.879,255.655
1780888673.459269,12.901,-16.714,-0.008,0.01,257.565,260.928,255.656
1780888673.496976,13.127,-16.929,-0.008,0.011,257.556,260.979,255.618
1780888673.497397,13.127,-16.929,-0.008,0.011,257.562,260.97,255.62
1780888673.497735,13.352,-16.929,-0.008,0.011,257.54,260.992,255.622
1780888673.508306,13.521,-16.929,-0.009,0.011,257.518,261.014,255.623
1780888673.5226529,13.465,-16.929,-0.008,0.011,257.533,260.997,255.624
1780888673.5331662,13.69,-17.071,-0.009,0.011,257.521,261.035,255.601
1780888673.546973,13.859,-16.857,-0.009,0.01,257.479,261.036,255.641
1780888673.5613499,13.915,-17.143,-0.009,0.011,257.501,261.068,255.59
1780888673.57196,13.915,-17.357,-0.009,0.011,257.525,261.083,255.554
1780888673.585757,13.972,-17.714,-0.009,0.011,257.555,261.115,255.495
1780888673.5994902,13.859,-17.786,-0.009,0.011,257.582,261.097,255.486
1780888673.610677,14.197,-17.857,-0.009,0.011,257.536,261.156,255.477
1780888673.624465,14.085,-18.286,-0.009,0.012,257.595,261.173,255.404
1780888673.6350489,13.859,-18.357,-0.008,0.012,257.64,261.13,255.4
1780888673.648743,14.141,-18.286,-0.009,0.011,257.588,261.167,255.417
1780888673.663124,13.69,-18.286,-0.008,0.011,257.66,261.086,255.421
1780888673.699768,13.915,-18.571,-0.008,0.012,257.649,261.146,255.377
1780888673.700211,13.634,-18.643,-0.008,0.012,257.7,261.102,255.368
1780888673.7016242,13.69,-18.357,-0.008,0.011,257.663,261.081,255.422
1780888673.712159,13.803,-18.357,-0.008,0.011,257.644,261.099,255.424
1780888673.725805,13.408,-18.571,-0.008,0.012,257.725,261.051,255.39
1780888673.736352,13.239,-18.214,-0.008,0.011,257.716,260.987,255.456
1780888673.750914,13.408,-18.571,-0.008,0.012,257.72,261.052,255.393
1780888673.764648,13.183,-18.214,-0.008,0.011,257.722,260.978,255.459
1780888673.775164,13.014,-18.214,-0.008,0.011,257.745,260.952,255.46
1780888673.7890182,12.958,-18.571,-0.008,0.012,257.785,260.98,255.397
1780888673.80334,12.901,-18.429,-0.008,0.011,257.778,260.957,255.424
1780888673.814108,12.62,-18.286,-0.008,0.011,257.804,260.9,255.451
1780888673.827853,12.507,-18.214,-0.007,0.011,257.813,260.876,255.464
1780888673.838603,12.282,-18.0,-0.007,0.011,257.827,260.82,255.502
1780888673.852967,12.225,-18.143,-0.007,0.011,257.846,260.829,255.475
1780888673.86658,12.507,-17.929,-0.008,0.011,257.776,260.861,255.513
1780888673.905727,12.169,-18.214,-0.007,0.011,257.855,260.834,255.462
1780888673.9061592,11.718,-18.286,-0.007,0.011,257.931,260.768,255.449
1780888673.906496,12.113,-18.143,-0.007,0.011,257.85,260.825,255.475
1780888673.9155579,11.831,-18.357,-0.007,0.011,257.91,260.805,255.436
1780888673.9293172,11.38,-18.214,-0.007,0.011,257.965,260.718,255.462
1780888673.940537,11.324,-18.5,-0.007,0.011,257.996,260.74,255.412
1780888673.954335,11.042,-18.357,-0.006,0.011,258.018,260.688,255.439
1780888673.968032,11.099,-18.143,-0.007,0.011,257.984,260.681,255.477
1780888673.9785879,11.042,-18.429,-0.007,0.011,258.016,260.704,255.426
1780888673.993048,10.817,-18.286,-0.006,0.011,258.035,260.655,255.452
1780888674.0068438,10.31,-17.929,-0.006,0.011,258.075,260.546,255.514
1780888674.017813,10.366,-17.857,-0.006,0.011,258.055,260.554,255.525
1780888674.0317729,10.254,-18.0,-0.006,0.011,258.082,260.555,255.499
1780888674.0422862,9.859,-17.643,-0.006,0.011,258.109,260.459,255.561
1780888674.056128,9.408,-17.5,-0.005,0.011,258.159,260.384,255.582
1780888674.0704482,9.521,-17.571,-0.006,0.011,258.143,260.417,255.567
1780888674.111082,9.352,-17.286,-0.005,0.011,258.139,260.368,255.616
1780888674.111466,9.183,-17.0,-0.005,0.01,258.136,260.32,255.664
1780888674.111795,8.563,-16.857,-0.005,0.01,258.214,260.218,255.682
1780888674.1188748,8.451,-16.857,-0.005,0.01,258.228,260.208,255.678
1780888674.133287,8.225,-16.857,-0.005,0.01,258.259,260.179,255.675
1780888674.143865,8.056,-16.5,-0.005,0.01,258.243,260.134,255.733
1780888674.157571,8.0,-16.643,-0.005,0.01,258.261,260.147,255.703
1780888674.1680481,7.831,-16.214,-0.004,0.01,258.245,260.085,255.776
1780888674.182376,7.775,-16.429,-0.004,0.01,258.27,260.105,255.733
1780888674.196398,7.211,-16.714,-0.004,0.01,258.379,260.056,255.675
1780888674.206975,6.817,-15.571,-0.004,0.009,258.331,259.888,255.877
1780888674.221192,6.479,-15.929,-0.004,0.01,258.414,259.877,255.807
1780888674.2317388,6.479,-15.786,-0.004,0.01,258.395,259.874,255.828
1780888674.245527,5.803,-15.5,-0.003,0.009,258.467,259.755,255.87
1780888674.256395,6.085,-15.429,-0.003,0.009,258.409,259.806,255.878
1780888674.270517,5.803,-15.143,-0.003,0.009,258.424,259.742,255.925
1780888674.284275,5.352,-15.286,-0.003,0.009,258.506,259.691,255.894
1780888674.322479,4.507,-15.714,-0.002,0.01,258.67,259.612,255.811
1780888674.322846,4.732,-15.357,-0.003,0.009,258.59,259.627,255.873
1780888674.3231502,4.789,-15.5,-0.003,0.01,258.588,259.659,255.845
1780888674.333409,4.901,-15.5,-0.003,0.01,258.564,259.686,255.843
1780888674.347153,4.394,-14.143,-0.002,0.008,258.51,259.494,256.075
1780888674.357651,4.169,-13.0,-0.002,0.008,258.437,259.359,256.273
1780888674.372181,4.169,-13.357,-0.002,0.008,258.469,259.405,256.197
1780888674.382732,3.831,-12.786,-0.002,0.008,258.468,259.317,256.282
1780888674.396362,3.775,-12.786,-0.002,0.008,258.476,259.319,256.273
1780888674.41094,3.887,-12.143,-0.002,0.007,258.396,259.287,256.38
1780888674.4215639,3.549,-12.0,-0.002,0.007,258.438,259.229,256.395
1780888674.43518,3.099,-11.857,-0.002,0.007,258.498,259.163,256.4
1780888674.445747,3.324,-11.214,-0.002,0.007,258.4,259.151,256.507
1780888674.459489,2.93,-11.143,-0.002,0.007,258.458,259.09,256.509
1780888674.473952,2.873,-11.0,-0.002,0.006,258.453,259.078,256.524
1780888674.4845,2.817,-11.071,-0.002,0.007,258.466,259.096,256.495
1780888674.498291,2.761,-11.286,-0.002,0.007,258.494,259.116,256.449
1780888674.539984,2.704,-11.071,-0.002,0.007,258.482,259.094,256.482
1780888674.540386,2.479,-10.714,-0.001,0.006,258.484,259.031,256.54
1780888674.540729,2.197,-10.786,-0.001,0.007,258.535,259.009,256.511
1780888674.547293,2.423,-10.357,-0.001,0.006,258.457,259.013,256.583
1780888674.561671,2.254,-10.357,-0.001,0.006,258.484,258.993,256.576
1780888674.572224,2.197,-10.357,-0.001,0.006,258.492,258.991,256.57
1780888674.5860522,1.972,-10.286,-0.001,0.006,258.518,258.961,256.573
1780888674.600435,1.859,-10.357,-0.001,0.006,258.542,258.956,256.556
1780888674.610997,2.028,-10.429,-0.001,0.006,258.52,258.996,256.539
1780888674.624825,1.859,-10.286,-0.001,0.006,258.533,258.96,256.561
1780888674.6353831,1.859,-10.214,-0.001,0.006,258.523,258.963,256.567
1780888674.649119,1.915,-10.286,-0.001,0.006,258.52,258.983,256.551
1780888674.6596649,1.859,-11.286,-0.001,0.007,258.622,259.071,256.368
1780888674.674326,1.803,-11.643,-0.001,0.007,258.659,259.097,256.308
1780888674.6878238,1.972,-12.0,-0.001,0.008,258.661,259.159,256.247
1780888674.698436,1.803,-11.571,-0.001,0.007,258.645,259.09,256.329
1780888674.712758,1.972,-12.071,-0.001,0.008,258.661,259.165,256.241
1780888674.746374,1.972,-12.071,-0.001,0.008,258.656,259.161,256.25
1780888674.746798,1.972,-12.714,-0.001,0.008,258.713,259.221,256.138
1780888674.7511208,1.972,-13.143,-0.001,0.009,258.75,259.259,256.067
1780888674.7616158,2.479,-13.5,-0.002,0.009,258.696,259.373,256.01
1780888674.775326,2.254,-13.643,-0.001,0.009,258.74,259.339,256.0
1780888674.7859101,2.197,-13.929,-0.001,0.009,258.773,259.353,255.956
1780888674.800308,2.31,-14.286,-0.002,0.009,258.784,259.401,255.9
1780888674.8140538,2.31,-14.071,-0.002,0.009,258.76,259.375,255.947
1780888674.824642,2.366,-15.0,-0.002,0.01,258.831,259.463,255.797
1780888674.838469,2.535,-15.429,-0.002,0.01,258.84,259.526,255.73
1780888674.849,2.423,-15.714,-0.002,0.01,258.881,259.528,255.69
1780888674.8635478,2.704,-16.071,-0.002,0.01,258.863,259.602,255.637
1780888674.877246,2.986,-16.714,-0.002,0.011,258.87,259.695,255.544
1780888674.8879418,2.817,-17.0,-0.002,0.011,258.921,259.685,255.505
1780888674.9020429,2.873,-17.214,-0.002,0.011,258.927,259.707,255.478
1780888674.912769,2.986,-17.571,-0.002,0.011,258.938,259.752,255.427
1780888674.92642,3.38,-18.071,-0.002,0.012,258.911,259.849,255.362
1780888674.9647849,3.775,-18.286,-0.003,0.012,258.864,259.925,255.336
1780888674.965261,3.549,-18.429,-0.002,0.012,258.912,259.89,255.322
1780888674.9656231,3.099,-18.714,-0.002,0.012,259.007,259.825,255.294
1780888674.975362,2.873,-19.071,-0.002,0.012,259.073,259.816,255.241
1780888674.989132,2.873,-19.357,-0.002,0.012,259.094,259.838,255.201
1780888675.003562,2.873,-19.786,-0.002,0.013,259.128,259.873,255.136
1780888675.0140328,3.099,-20.429,-0.002,0.013,259.139,259.958,255.048
1780888675.0277991,2.648,-20.429,-0.002,0.013,259.207,259.876,255.06
1780888675.038389,2.479,-20.429,-0.001,0.013,259.228,259.843,255.071
1780888675.052889,2.479,-20.571,-0.002,0.013,259.234,259.853,255.055
1780888675.06353,2.592,-20.643,-0.002,0.013,259.209,259.873,255.06
1780888675.0772312,2.31,-21.143,-0.001,0.013,259.298,259.87,254.98
1780888675.09157,2.592,-21.214,-0.002,0.013,259.251,259.921,254.977
1780888675.102386,2.423,-21.286,-0.001,0.013,259.281,259.895,254.973
1780888675.116126,2.423,-21.857,-0.001,0.014,259.324,259.943,254.889
1780888675.126716,2.366,-22.0,-0.001,0.014,259.341,259.944,254.873
1780888675.1414661,2.31,-22.143,-0.001,0.014,259.358,259.944,254.857
1780888675.180657,2.31,-22.143,-0.001,0.014,259.352,259.941,254.865
1780888675.181088,2.479,-22.643,-0.002,0.014,259.362,260.01,254.793
1780888675.181419,2.31,-22.5,-0.001,0.014,259.371,259.964,254.826
1780888675.189366,2.141,-22.714,-0.001,0.014,259.415,259.953,254.796
1780888675.2038112,2.479,-22.929,-0.002,0.014,259.374,260.028,254.765
1780888675.217607,2.535,-23.0,-0.002,0.014,259.363,260.037,254.768
1780888675.228139,2.592,-23.071,-0.002,0.014,259.357,260.049,254.761
1780888675.242522,2.479,-23.214,-0.002,0.015,259.387,260.04,254.742
1780888675.253108,2.704,-23.286,-0.002,0.015,259.351,260.078,254.741
1780888675.266888,2.648,-23.0,-0.002,0.014,259.331,260.037,254.796
1780888675.2812538,2.761,-23.286,-0.002,0.014,259.338,260.081,254.749
1780888675.291855,2.648,-23.429,-0.002,0.015,259.369,260.073,254.729
1780888675.305631,2.817,-23.286,-0.002,0.014,259.325,260.083,254.761
1780888675.316229,2.704,-23.357,-0.002,0.014,259.349,260.068,254.751
1780888675.330698,2.704,-23.357,-0.002,0.014,259.348,260.066,254.754
1780888675.3444538,2.873,-23.357,-0.002,0.014,259.319,260.092,254.757
1780888675.383452,3.042,-23.357,-0.002,0.014,259.291,260.117,254.761
1780888675.383879,3.211,-23.286,-0.002,0.014,259.257,260.136,254.776
1780888675.384205,2.93,-22.929,-0.002,0.014,259.271,260.051,254.84
1780888675.393486,3.042,-23.214,-0.002,0.014,259.28,260.097,254.789
1780888675.407216,3.042,-23.0,-0.002,0.014,259.261,260.073,254.829
1780888675.417834,3.099,-22.857,-0.002,0.014,259.239,260.068,254.854
1780888675.4322839,3.493,-23.0,-0.002,0.014,259.189,260.147,254.828
1780888675.442903,3.493,-22.786,-0.002,0.014,259.172,260.124,254.865
1780888675.4565399,3.324,-22.714,-0.002,0.014,259.197,260.086,254.876
1780888675.4672031,3.437,-22.357,-0.002,0.014,259.147,260.07,254.938
1780888675.4816482,3.493,-22.429,-0.002,0.014,259.147,260.086,254.923
1780888675.495424,3.493,-22.143,-0.002,0.013,259.125,260.058,254.969
1780888675.505772,3.493,-22.143,-0.002,0.013,259.125,260.058,254.969
1780888675.519444,3.493,-22.143,-0.002,0.013,259.125,260.058,254.969
1780888675.530685,3.493,-22.143,-0.002,0.013,259.125,260.058,254.969
1780888675.544301,3.493,-22.143,-0.002,0.013,259.125,260.058,254.969
1780888675.5577579,3.493,-22.143,-0.002,0.013,259.125,260.058,254.969
1780888675.593709,3.493,-22.143,-0.002,0.013,259.125,260.058,254.969
1780888675.594144,3.493,-22.143,-0.002,0.013,259.125,260.058,254.969
1780888675.59451,3.493,-22.143,-0.002,0.013,259.125,260.058,254.969
1780888675.6066601,3.493,-22.143,-0.002,0.013,259.125,260.058,254.969
1780888675.620806,3.493,-22.143,-0.002,0.013,259.125,260.058,254.969
1780888675.6315892,3.549,-19.143,-0.002,0.011,258.837,259.781,255.495
1780888675.645122,3.775,-18.571,-0.002,0.011,258.767,259.777,255.564
1780888675.655645,3.831,-18.5,-0.002,0.011,258.761,259.786,255.562
1780888675.6694038,3.831,-18.786,-0.002,0.011,258.798,259.819,255.497
1780888675.6838322,3.775,-18.714,-0.002,0.011,258.808,259.807,255.498
1780888675.6946712,4.0,-18.571,-0.003,0.011,258.772,259.84,255.501
1780888675.708298,3.775,-18.214,-0.002,0.011,258.782,259.771,255.556
1780888675.7188559,3.775,-18.571,-0.002,0.011,258.822,259.809,255.483
1780888675.733353,3.718,-19.286,-0.002,0.012,258.903,259.871,255.35
1780888675.747118,3.549,-20.357,-0.002,0.013,259.031,259.948,255.157
1780888675.757685,2.873,-20.643,-0.002,0.013,259.168,259.862,255.109
1780888675.7719061,3.099,-21.429,-0.002,0.013,259.201,259.976,254.974
1780888675.80176,3.042,-21.429,-0.002,0.013,259.205,259.965,254.98
1780888675.8021278,2.873,-21.286,-0.002,0.013,259.21,259.921,255.015
1780888675.8104022,2.93,-21.643,-0.002,0.014,259.231,259.965,254.956
1780888675.820909,2.93,-22.357,-0.002,0.014,259.294,260.032,254.836
1780888675.834751,2.704,-22.643,-0.002,0.014,259.352,260.019,254.794
1780888675.845192,2.592,-22.714,-0.002,0.014,259.366,260.003,254.796
1780888675.858954,2.873,-23.071,-0.002,0.015,259.347,260.083,254.74
1780888675.870187,2.423,-23.143,-0.001,0.015,259.423,260.011,254.735
1780888675.884172,2.31,-23.357,-0.001,0.015,259.449,260.011,254.712
1780888675.914347,2.085,-23.714,-0.001,0.015,259.514,260.006,254.656
1780888675.9146922,2.141,-23.643,-0.001,0.015,259.49,260.008,254.676
1780888675.922582,2.423,-23.857,-0.001,0.015,259.458,260.074,254.645
1780888675.933117,2.197,-24.214,-0.001,0.015,259.519,260.067,254.596
1780888675.947009,2.085,-24.143,-0.001,0.015,259.525,260.039,254.616
1780888675.961256,1.972,-24.214,-0.001,0.015,259.545,260.026,254.61
1780888675.9718862,2.085,-24.286,-0.001,0.015,259.527,260.051,254.603
1780888675.985502,2.197,-24.214,-0.001,0.015,259.492,260.06,254.627
1780888676.015645,2.028,-24.071,-0.001,0.015,259.504,260.016,254.656
1780888676.0160441,1.915,-24.071,-0.001,0.015,259.519,259.997,254.659
1780888676.0242682,2.085,-24.429,-0.001,0.015,259.522,260.06,254.6
1780888676.034803,2.028,-24.357,-0.001,0.015,259.519,260.043,254.619
1780888676.048386,2.197,-23.929,-0.001,0.015,259.447,260.029,254.697
1780888676.059058,2.141,-23.857,-0.001,0.015,259.449,260.013,254.71
1780888676.073434,2.085,-23.714,-0.001,0.015,259.444,259.99,254.735
1780888676.087235,1.972,-23.714,-0.001,0.015,259.462,259.973,254.734
1780888676.097833,2.254,-23.429,-0.001,0.014,259.388,259.994,254.784
1780888676.112361,2.141,-23.286,-0.001,0.014,259.394,259.962,254.807
1780888676.122891,2.31,-23.429,-0.002,0.014,259.38,260.005,254.781
1780888676.136626,2.197,-22.714,-0.001,0.014,259.333,259.92,254.902
1780888676.1510022,2.085,-22.286,-0.001,0.013,259.313,259.862,254.973
1780888676.1617558,2.141,-22.429,-0.001,0.014,259.32,259.888,254.943
1780888676.175352,2.028,-22.357,-0.001,0.014,259.337,259.867,254.947
1780888676.186053,2.028,-22.357,-0.001,0.014,259.338,259.87,254.944
1780888676.20045,1.69,-22.214,-0.001,0.014,259.381,259.802,254.966
1780888676.239768,1.972,-21.786,-0.001,0.013,259.295,259.812,255.037
1780888676.240179,2.197,-20.857,-0.001,0.012,259.175,259.769,255.189
1780888676.240469,2.085,-20.857,-0.001,0.013,259.198,259.754,255.181
1780888676.248755,2.423,-20.714,-0.002,0.012,259.133,259.8,255.199
1780888676.2633119,2.197,-20.429,-0.001,0.012,259.148,259.738,255.242
1780888676.273849,2.254,-19.857,-0.001,0.012,259.095,259.701,255.327
1780888676.287615,2.197,-19.5,-0.001,0.012,259.075,259.662,255.381
1780888676.301993,2.085,-19.214,-0.001,0.011,259.072,259.621,255.422
1780888676.3125398,2.141,-18.857,-0.001,0.011,259.034,259.601,255.476
1780888676.326547,2.197,-18.143,-0.001,0.011,258.969,259.553,255.582
1780888676.3370721,2.366,-18.143,-0.002,0.011,258.948,259.587,255.571
1780888676.3513138,2.085,-17.857,-0.001,0.011,258.974,259.518,255.611
1780888676.365062,2.141,-17.429,-0.001,0.01,258.929,259.492,255.677
1780888676.375605,2.254,-17.0,-0.001,0.01,258.883,259.482,255.731
1780888676.38932,2.366,-16.714,-0.002,0.01,258.844,259.479,255.77
1780888676.400655,2.423,-16.643,-0.002,0.01,258.835,259.487,255.772
1780888676.414345,2.31,-16.071,-0.001,0.009,258.813,259.424,255.852
1780888676.4520352,2.479,-15.643,-0.002,0.009,258.751,259.417,255.917
1780888676.4524422,2.648,-15.357,-0.002,0.009,258.704,259.422,255.957
1780888676.4527712,2.423,-15.071,-0.002,0.009,258.721,259.363,255.996
1780888676.463149,2.479,-14.571,-0.002,0.009,258.68,259.336,256.061
1780888676.4768488,2.535,-14.071,-0.002,0.008,258.631,259.304,256.139
1780888676.491316,2.648,-13.857,-0.002,0.008,258.6,259.308,256.164
1780888676.501821,2.592,-13.643,-0.002,0.008,258.597,259.284,256.19
1780888676.5155551,2.986,-12.571,-0.002,0.007,258.448,259.258,256.357
1780888676.526162,2.986,-12.857,-0.002,0.008,258.485,259.291,256.291
1780888676.540674,2.986,-12.5,-0.002,0.007,258.459,259.261,256.344
1780888676.5542111,2.986,-12.214,-0.002,0.007,258.441,259.239,256.383
1780888676.5649338,2.93,-11.643,-0.002,0.007,258.412,259.185,256.462
1780888676.578707,3.099,-11.571,-0.002,0.007,258.385,259.212,256.462
1780888676.589268,3.324,-11.214,-0.002,0.007,258.323,259.22,256.515
1780888676.6035242,3.268,-11.357,-0.002,0.007,258.354,259.228,256.477
1780888676.6171799,3.211,-11.071,-0.002,0.007,258.351,259.197,256.51
1780888676.653749,3.324,-11.214,-0.002,0.007,258.352,259.233,256.474
1780888676.654109,3.324,-11.214,-0.002,0.007,258.357,259.236,256.466
1780888676.656791,3.38,-11.214,-0.002,0.007,258.354,259.247,256.459
1780888676.666316,3.493,-11.286,-0.002,0.007,258.352,259.277,256.433
1780888676.676946,3.549,-11.071,-0.002,0.007,258.327,259.266,256.467
1780888676.691369,3.775,-11.071,-0.002,0.007,258.295,259.304,256.462
1780888676.705136,3.775,-11.357,-0.002,0.007,258.331,259.331,256.401
1780888676.715416,3.549,-11.0,-0.002,0.007,258.337,259.26,256.463
1780888676.729441,3.775,-11.214,-0.002,0.007,258.324,259.318,256.42
1780888676.740525,4.056,-11.429,-0.003,0.007,258.301,259.385,256.379
1780888676.7542012,4.225,-11.071,-0.003,0.007,258.248,259.375,256.44
1780888676.7678468,4.394,-11.286,-0.003,0.007,258.245,259.421,256.399
1780888676.778547,4.507,-11.286,-0.003,0.007,258.231,259.437,256.398
1780888676.792897,4.676,-11.286,-0.003,0.007,258.207,259.462,256.396
1780888676.803551,4.789,-11.286,-0.003,0.007,258.197,259.474,256.395
1780888676.817197,4.958,-11.571,-0.003,0.007,258.2,259.526,256.343
1780888676.831645,4.732,-11.643,-0.003,0.007,258.247,259.492,256.33
1780888676.874275,4.789,-11.786,-0.003,0.007,258.253,259.512,256.305
1780888676.874688,5.183,-12.429,-0.003,0.008,258.252,259.631,256.194
1780888676.875009,5.014,-12.214,-0.003,0.008,258.261,259.577,256.236
1780888676.8806,5.296,-12.357,-0.003,0.008,258.23,259.633,256.213
1780888676.8944361,5.239,-12.571,-0.003,0.008,258.261,259.639,256.177
1780888676.905066,5.352,-13.0,-0.003,0.008,258.284,259.689,256.109
1780888676.91875,5.465,-12.286,-0.004,0.008,258.2,259.634,256.241
1780888676.9293718,5.69,-13.286,-0.004,0.009,258.259,259.763,256.063
1780888676.943668,5.577,-13.429,-0.004,0.009,258.291,259.752,256.043
1780888676.95763,5.746,-14.0,-0.004,0.009,258.317,259.823,255.952
1780888676.968183,5.746,-13.786,-0.004,0.009,258.296,259.796,255.997
1780888676.9825542,5.746,-14.286,-0.004,0.009,258.342,259.838,255.913
1780888676.9931672,5.915,-14.5,-0.004,0.009,258.333,259.875,255.888
1780888677.007168,6.085,-14.857,-0.004,0.01,258.338,259.931,255.83
1780888677.0210402,5.859,-14.929,-0.004,0.01,258.38,259.893,255.825
1780888677.031744,6.085,-15.5,-0.004,0.01,258.395,259.98,255.73
1780888677.04543,6.31,-15.643,-0.004,0.01,258.366,260.018,255.723
1780888677.0817358,6.31,-15.714,-0.004,0.01,258.371,260.018,255.718
1780888677.08221,6.141,-16.0,-0.004,0.01,258.424,260.01,255.674
1780888677.0825758,6.366,-16.214,-0.004,0.01,258.405,260.062,255.644
1780888677.0945249,6.197,-16.714,-0.004,0.011,258.475,260.069,255.571
1780888677.108259,6.31,-16.714,-0.004,0.011,258.454,260.082,255.58
1780888677.118731,6.141,-16.929,-0.004,0.011,258.499,260.068,255.549
1780888677.13312,6.254,-17.357,-0.004,0.011,258.517,260.123,255.481
1780888677.1436632,6.423,-17.5,-0.004,0.011,258.496,260.153,255.474
1780888677.157523,6.366,-17.714,-0.004,0.011,258.522,260.158,255.444
1780888677.17213,6.254,-17.786,-0.004,0.011,258.544,260.14,255.439
1780888677.1826339,6.141,-17.929,-0.004,0.011,258.573,260.13,255.421
1780888677.1964002,6.31,-18.857,-0.004,0.012,258.625,260.238,255.273
1780888677.2074602,6.31,-18.857,-0.004,0.012,258.62,260.232,255.283
1780888677.2214222,6.028,-19.071,-0.004,0.012,258.682,260.2,255.254
1780888677.23513,6.31,-19.071,-0.004,0.012,258.631,260.243,255.263
1780888677.245785,6.31,-19.714,-0.004,0.013,258.683,260.295,255.166
1780888677.25918,6.423,-19.643,-0.004,0.012,258.654,260.301,255.188
1780888677.298761,6.254,-20.357,-0.004,0.013,258.745,260.337,255.07
1780888677.299113,6.31,-20.286,-0.004,0.013,258.718,260.329,255.102
1780888677.299378,6.085,-20.429,-0.004,0.013,258.764,260.3,255.085
1780888677.308372,6.197,-20.643,-0.004,0.013,258.762,260.336,255.055
1780888677.32274,6.085,-20.714,-0.004,0.013,258.782,260.319,255.05
1780888677.3333042,6.085,-20.357,-0.004,0.013,258.74,260.279,255.128
1780888677.347022,6.141,-20.714,-0.004,0.013,258.761,260.32,255.069
1780888677.3615081,6.028,-20.714,-0.004,0.013,258.776,260.298,255.075
1780888677.37221,5.972,-20.929,-0.004,0.013,258.803,260.307,255.042
1780888677.385943,5.859,-20.643,-0.004,0.013,258.788,260.257,255.103
1780888677.396559,6.028,-20.786,-0.004,0.013,258.771,260.298,255.081
1780888677.410877,5.972,-20.643,-0.004,0.013,258.765,260.273,255.109
1780888677.424617,6.028,-20.786,-0.004,0.013,258.767,260.295,255.087
1780888677.4353678,6.141,-20.5,-0.004,0.013,258.718,260.284,255.143
1780888677.449019,6.085,-20.357,-0.004,0.013,258.713,260.26,255.169
1780888677.459452,6.31,-20.214,-0.004,0.012,258.663,260.284,255.195
1780888677.474196,6.254,-20.143,-0.004,0.012,258.667,260.267,255.207
1780888677.5126789,6.197,-20.0,-0.004,0.012,258.665,260.243,255.231
1780888677.5130072,6.423,-19.929,-0.004,0.012,258.623,260.274,255.242
1780888677.513333,6.197,-19.786,-0.004,0.012,258.648,260.222,255.266
1780888677.522936,6.254,-19.571,-0.004,0.012,258.62,260.212,255.302
1780888677.5365188,6.254,-19.214,-0.004,0.012,258.59,260.18,255.36
1780888677.5470998,6.479,-19.214,-0.004,0.012,258.555,260.219,255.357
1780888677.561609,6.423,-19.143,-0.004,0.012,258.561,260.203,255.366
1780888677.575383,6.479,-18.357,-0.004,0.011,258.484,260.139,255.498
1780888677.586114,6.479,-18.214,-0.004,0.011,258.475,260.127,255.517
1780888677.6003652,6.366,-18.071,-0.004,0.011,258.484,260.098,255.537
1780888677.61111,6.141,-18.0,-0.004,0.011,258.517,260.056,255.543
1780888677.624832,6.254,-17.786,-0.004,0.011,258.486,260.06,255.569
1780888677.638613,6.535,-17.786,-0.004,0.011,258.443,260.11,255.564
1780888677.649371,6.479,-17.5,-0.004,0.011,258.429,260.075,255.609
1780888677.6635149,6.648,-17.643,-0.004,0.011,258.419,260.12,255.578
1780888677.674154,6.479,-17.214,-0.004,0.01,258.414,260.054,255.643
1780888677.688084,6.873,-16.714,-0.004,0.01,258.307,260.075,255.726
1780888677.727083,6.93,-16.571,-0.004,0.01,258.29,260.072,255.744
1780888677.72749,6.648,-16.571,-0.004,0.01,258.341,260.027,255.737
1780888677.72784,6.423,-16.0,-0.004,0.01,258.334,259.941,255.825
1780888677.736755,6.423,-16.0,-0.004,0.01,258.334,259.941,255.825
1780888677.750916,6.423,-16.0,-0.004,0.01,258.334,259.941,255.825
1780888677.764768,6.423,-16.0,-0.004,0.01,258.334,259.941,255.825
1780888677.775179,6.423,-16.0,-0.004,0.01,258.334,259.941,255.825
1780888677.7887292,6.423,-16.0,-0.004,0.01,258.334,259.941,255.825
1780888677.7991612,6.423,-16.0,-0.004,0.01,258.334,259.941,255.825
1780888677.8134642,6.423,-16.0,-0.004,0.01,258.334,259.941,255.825
1780888677.826963,6.423,-16.0,-0.004,0.01,258.334,259.941,255.825
1780888677.837504,6.423,-16.0,-0.004,0.01,258.334,259.941,255.825
1780888677.851904,6.423,-16.0,-0.004,0.01,258.334,259.941,255.825
1780888677.8624718,6.423,-16.0,-0.004,0.01,258.334,259.941,255.825
1780888677.876183,6.704,-13.571,-0.004,0.008,258.067,259.76,256.251
1780888677.886827,6.761,-13.429,-0.004,0.008,258.054,259.765,256.259
1780888677.901071,6.648,-13.286,-0.004,0.008,258.068,259.74,256.269
1780888677.9382222,6.704,-13.0,-0.004,0.007,258.041,259.73,256.304
1780888677.938655,6.648,-13.0,-0.004,0.008,258.066,259.734,256.277
1780888677.939032,6.704,-12.857,-0.004,0.008,258.05,259.736,256.29
1780888677.9499881,6.479,-12.857,-0.004,0.008,258.093,259.705,256.278
1780888677.963809,6.31,-12.5,-0.004,0.007,258.097,259.655,256.321
1780888677.97753,6.197,-12.857,-0.004,0.008,258.152,259.677,256.247
1780888677.988061,6.31,-12.5,-0.004,0.007,258.104,259.667,256.303
1780888678.002413,5.915,-12.643,-0.004,0.008,258.184,259.621,256.269
1780888678.013107,6.141,-12.429,-0.004,0.008,258.132,259.649,256.293
1780888678.026741,6.028,-12.071,-0.004,0.007,258.119,259.601,256.351
1780888678.041137,5.915,-12.0,-0.004,0.007,258.133,259.581,256.356
1780888678.051903,5.803,-12.0,-0.003,0.007,258.153,259.568,256.349
1780888678.065405,5.972,-12.0,-0.004,0.007,258.128,259.605,256.339
1780888678.0760782,5.746,-12.214,-0.003,0.008,258.186,259.592,256.295
1780888678.090632,5.577,-12.0,-0.003,0.007,258.193,259.547,256.33
1780888678.1040351,5.577,-12.286,-0.003,0.008,258.219,259.579,256.274
1780888678.1391401,5.803,-12.143,-0.004,0.008,258.169,259.609,256.295
1780888678.139425,5.69,-12.286,-0.003,0.008,258.201,259.606,256.266
1780888678.139651,5.69,-12.357,-0.003,0.008,258.207,259.615,256.252
1780888678.153117,5.746,-12.5,-0.004,0.008,258.211,259.64,256.225
1780888678.166829,5.746,-12.214,-0.004,0.008,258.183,259.615,256.276
1780888678.177391,5.521,-12.786,-0.003,0.008,258.272,259.634,256.172
1780888678.191933,5.69,-12.643,-0.003,0.008,258.23,259.649,256.198
1780888678.202389,5.465,-12.714,-0.003,0.008,258.272,259.619,256.185
1780888678.216358,5.352,-12.929,-0.003,0.008,258.306,259.624,256.148
1780888678.2303739,5.634,-13.429,-0.003,0.009,258.305,259.719,256.06
1780888678.240988,5.408,-13.214,-0.003,0.008,258.319,259.66,256.102
1780888678.2546282,5.465,-13.214,-0.003,0.008,258.308,259.67,256.104
1780888678.265198,5.352,-13.714,-0.003,0.009,258.368,259.699,256.019
1780888678.278956,5.014,-13.714,-0.003,0.009,258.419,259.642,256.023
1780888678.28963,5.296,-14.071,-0.003,0.009,258.403,259.723,255.962
1780888678.3038368,5.07,-14.071,-0.003,0.009,258.432,259.683,255.972
1780888678.3174899,5.183,-14.286,-0.003,0.009,258.43,259.722,255.937
1780888678.35446,5.014,-14.929,-0.003,0.01,258.514,259.754,255.827
1780888678.354889,4.901,-15.214,-0.003,0.01,258.554,259.761,255.783
1780888678.35516,5.127,-15.286,-0.003,0.01,258.514,259.801,255.783
1780888678.366595,5.239,-15.0,-0.003,0.01,258.465,259.79,255.84
1780888678.380991,5.07,-15.0,-0.003,0.01,258.49,259.76,255.844
1780888678.391561,5.352,-14.929,-0.003,0.009,258.435,259.798,255.861
1780888678.405264,5.69,-14.929,-0.004,0.009,258.378,259.85,255.867
1780888678.415906,5.634,-14.643,-0.004,0.009,258.361,259.81,255.921
1780888678.4303732,5.634,-15.0,-0.004,0.009,258.395,259.842,255.858
1780888678.443952,5.972,-14.857,-0.004,0.009,258.327,259.882,255.886
1780888678.454547,5.803,-14.929,-0.004,0.009,258.364,259.856,255.875
1780888678.468266,5.859,-14.929,-0.004,0.009,258.355,259.863,255.877
1780888678.478998,6.028,-14.429,-0.004,0.009,258.282,259.841,255.968
1780888678.4931579,6.197,-14.571,-0.004,0.009,258.27,259.881,255.942
1780888678.506864,6.028,-14.714,-0.004,0.009,258.314,259.862,255.917
1780888678.5174668,5.915,-14.714,-0.004,0.009,258.334,259.841,255.918
1780888678.531778,6.254,-15.071,-0.004,0.009,258.313,259.931,255.854
1780888678.5717409,6.254,-15.286,-0.004,0.01,258.334,259.948,255.818
1780888678.572149,6.423,-15.214,-0.004,0.01,258.301,259.964,255.835
1780888678.5724852,6.31,-15.357,-0.004,0.01,258.334,259.955,255.812
1780888678.5806222,6.479,-15.429,-0.004,0.01,258.313,259.987,255.801
1780888678.5942678,6.197,-15.429,-0.004,0.01,258.359,259.937,255.804
1780888678.6048481,6.254,-15.714,-0.004,0.01,258.377,259.97,255.757
1780888678.61857,6.423,-15.786,-0.004,0.01,258.355,260.003,255.747
1780888678.63303,6.366,-15.786,-0.004,0.01,258.364,259.99,255.75
1780888678.6435049,6.366,-15.714,-0.004,0.01,258.355,259.979,255.768
1780888678.657567,6.535,-15.714,-0.004,0.01,258.328,260.005,255.77
1780888678.667943,6.479,-16.0,-0.004,0.01,258.364,260.021,255.721
1780888678.6823711,6.479,-15.714,-0.004,0.01,258.337,259.991,255.775
1780888678.69328,6.535,-16.0,-0.004,0.01,258.355,260.023,255.728
1780888678.7072031,6.761,-16.214,-0.004,0.01,258.339,260.079,255.692
1780888678.721132,6.592,-16.071,-0.004,0.01,258.353,260.034,255.72
1780888678.7319958,6.761,-16.143,-0.004,0.01,258.332,260.067,255.709
1780888678.745493,6.873,-16.286,-0.004,0.01,258.327,260.094,255.689
1780888678.78366,6.761,-16.357,-0.004,0.01,258.353,260.079,255.678
1780888678.784032,6.873,-16.286,-0.004,0.01,258.328,260.089,255.693
1780888678.784343,6.704,-16.714,-0.004,0.011,258.395,260.099,255.619
1780888678.794505,6.704,-16.714,-0.004,0.011,258.393,260.094,255.626
1780888678.8083122,6.986,-16.429,-0.004,0.01,258.32,260.112,255.679
1780888678.81884,6.648,-17.214,-0.004,0.011,258.449,260.129,255.541
1780888678.8332422,6.873,-17.071,-0.004,0.011,258.397,260.15,255.571
1780888678.846951,6.817,-17.429,-0.004,0.011,258.436,260.17,255.514
1780888678.857868,6.704,-17.429,-0.004,0.011,258.453,260.148,255.519
1780888678.8720691,6.761,-17.214,-0.004,0.011,258.422,260.135,255.561
1780888678.882705,6.817,-17.5,-0.004,0.011,258.438,260.17,255.513
1780888678.896448,6.761,-17.357,-0.004,0.011,258.432,260.141,255.545
1780888678.910759,6.648,-17.643,-0.004,0.011,258.476,260.149,255.497
1780888678.921431,6.592,-17.929,-0.004,0.011,258.509,260.165,255.45
1780888678.935185,6.423,-17.929,-0.004,0.011,258.532,260.133,255.458
1780888678.945864,6.704,-17.929,-0.004,0.011,258.483,260.179,255.461
1780888678.959542,6.366,-17.786,-0.004,0.011,258.523,260.108,255.489
1780888678.9976199,6.479,-18.071,-0.004,0.011,258.529,260.154,255.441
1780888678.9980311,6.535,-17.929,-0.004,0.011,258.502,260.149,255.472
1780888678.998282,6.479,-18.143,-0.004,0.011,258.529,260.159,255.436
1780888679.0084522,6.31,-18.071,-0.004,0.011,258.548,260.123,255.452
1780888679.022778,6.31,-18.429,-0.004,0.012,258.579,260.157,255.391
1780888679.036583,6.366,-18.643,-0.004,0.012,258.583,260.186,255.361
1780888679.047123,6.423,-18.643,-0.004,0.012,258.572,260.194,255.364
1780888679.061506,6.366,-18.857,-0.004,0.012,258.599,260.203,255.33
1780888679.072314,6.423,-18.786,-0.004,0.012,258.581,260.204,255.346
1780888679.085995,6.197,-18.857,-0.004,0.012,258.62,260.171,255.339
1780888679.096627,6.028,-19.143,-0.004,0.012,258.671,260.17,255.292
1780888679.1110778,6.254,-19.071,-0.004,0.012,258.624,260.2,255.308
1780888679.124746,6.254,-19.071,-0.004,0.012,258.622,260.199,255.311
1780888679.135338,6.028,-19.0,-0.004,0.012,258.648,260.154,255.328
1780888679.149149,6.085,-18.786,-0.004,0.012,258.617,260.143,255.368
1780888679.1602502,5.915,-19.071,-0.004,0.012,258.67,260.143,255.319
1780888679.174125,5.859,-19.357,-0.004,0.012,258.702,260.161,255.271
1780888679.210811,5.746,-18.929,-0.003,0.012,258.677,260.101,255.35
1780888679.211191,5.859,-19.214,-0.004,0.012,258.683,260.149,255.3
1780888679.212425,5.634,-18.929,-0.003,0.012,258.691,260.084,255.353
1780888679.223037,5.577,-18.5,-0.003,0.011,258.656,260.036,255.43
1780888679.236794,5.408,-19.0,-0.003,0.012,258.729,260.059,255.34
1780888679.251127,5.577,-18.571,-0.003,0.011,258.658,260.048,255.417
1780888679.261777,5.408,-18.714,-0.003,0.012,258.698,260.035,255.39
1780888679.275428,5.577,-18.5,-0.003,0.011,258.649,260.046,255.428
1780888679.286083,5.69,-19.0,-0.003,0.012,258.677,260.114,255.338
1780888679.3005672,5.859,-18.786,-0.004,0.012,258.628,260.122,255.377
1780888679.314473,5.915,-18.786,-0.004,0.012,258.619,260.131,255.377
1780888679.325115,5.972,-18.643,-0.004,0.012,258.597,260.126,255.403
1780888679.338805,5.803,-19.071,-0.004,0.012,258.665,260.139,255.326
1780888679.349432,5.915,-19.0,-0.004,0.012,258.639,260.15,255.34
1780888679.363764,5.915,-19.071,-0.004,0.012,258.646,260.156,255.329
1780888679.377163,6.085,-19.214,-0.004,0.012,258.633,260.196,255.304
1780888679.415616,5.915,-18.929,-0.004,0.012,258.633,260.139,255.356
1780888679.416032,6.197,-18.929,-0.004,0.012,258.588,260.185,255.357
1780888679.416341,6.085,-19.0,-0.004,0.012,258.614,260.172,255.344
1780888679.4263198,5.972,-18.571,-0.004,0.011,258.593,260.11,255.421
1780888679.440604,5.972,-18.929,-0.004,0.012,258.627,260.145,255.356
1780888679.451178,6.141,-18.571,-0.004,0.011,258.567,260.139,255.419
1780888679.4650261,6.197,-18.643,-0.004,0.012,258.566,260.156,255.404
1780888679.4755049,6.085,-18.714,-0.004,0.012,258.592,260.144,255.39
1780888679.4901829,6.254,-18.714,-0.004,0.012,258.566,260.172,255.39
1780888679.5006132,6.141,-18.357,-0.004,0.011,258.552,260.118,255.453
1780888679.514544,6.197,-18.286,-0.004,0.011,258.539,260.121,255.462
1780888679.528287,6.141,-18.0,-0.004,0.011,258.523,260.085,255.511
1780888679.53899,6.254,-18.071,-0.004,0.011,258.513,260.112,255.495
1780888679.55316,6.197,-18.0,-0.004,0.011,258.518,260.096,255.506
1780888679.563908,6.085,-18.071,-0.004,0.011,258.547,260.085,255.488
1780888679.577485,6.085,-18.143,-0.004,0.011,258.554,260.093,255.474
1780888679.5918589,6.197,-18.071,-0.004,0.011,258.53,260.106,255.485
1780888679.63069,6.028,-18.357,-0.004,0.011,258.585,260.105,255.433
1780888679.631103,5.915,-18.429,-0.004,0.011,258.609,260.094,255.42
1780888679.631428,6.197,-18.214,-0.004,0.011,258.542,260.121,255.459
1780888679.6406422,5.803,-18.429,-0.004,0.011,258.627,260.076,255.42
1780888679.654457,6.141,-18.571,-0.004,0.012,258.584,260.147,255.395
1780888679.6649878,5.803,-18.286,-0.004,0.011,258.611,260.064,255.447
1780888679.678783,5.972,-18.786,-0.004,0.012,258.629,260.142,255.358
1780888679.6892228,6.028,-18.286,-0.004,0.011,258.572,260.102,255.448
1780888679.703558,5.915,-18.714,-0.004,0.012,258.631,260.125,255.372
1780888679.717506,5.521,-18.786,-0.003,0.012,258.699,260.065,255.362
1780888679.727983,6.028,-18.786,-0.004,0.012,258.614,260.151,255.364
1780888679.742314,6.085,-18.929,-0.004,0.012,258.618,260.173,255.34
1780888679.753056,6.141,-19.214,-0.004,0.012,258.634,260.208,255.292
1780888679.766637,5.972,-18.929,-0.004,0.012,258.634,260.15,255.345
1780888679.7811332,6.028,-19.071,-0.004,0.012,258.638,260.173,255.321
1780888679.791578,6.197,-19.143,-0.004,0.012,258.616,260.207,255.31
1780888679.805217,5.915,-19.071,-0.004,0.012,258.655,260.15,255.326
1780888679.842471,6.028,-18.786,-0.004,0.012,258.609,260.141,255.378
1780888679.842913,6.028,-18.714,-0.004,0.012,258.602,260.134,255.39
1780888679.843827,6.028,-18.786,-0.004,0.012,258.609,260.141,255.377
1780888679.8545668,6.141,-18.786,-0.004,0.012,258.591,260.159,255.378
1780888679.868114,5.803,-18.857,-0.004,0.012,258.653,260.109,255.365
1780888679.87861,5.915,-18.857,-0.004,0.012,258.634,260.129,255.365
1780888679.892946,6.085,-18.643,-0.004,0.012,258.586,260.137,255.403
1780888679.9035661,5.915,-18.5,-0.004,0.011,258.601,260.095,255.428
1780888679.91731,5.859,-18.714,-0.004,0.012,258.63,260.107,255.389
1780888679.9317088,6.028,-18.5,-0.004,0.011,258.582,260.115,255.426
1780888679.942293,6.085,-18.5,-0.004,0.011,258.574,260.125,255.425
1780888679.955946,5.972,-18.571,-0.004,0.011,258.6,260.115,255.41
1780888679.9665751,5.972,-18.357,-0.004,0.011,258.58,260.095,255.447
1780888679.980957,5.915,-18.429,-0.004,0.011,258.597,260.093,255.433
1780888679.99469,6.028,-18.357,-0.004,0.011,258.572,260.106,255.445
1780888680.005505,6.197,-18.0,-0.004,0.011,258.512,260.102,255.506
1780888680.018976,6.085,-18.071,-0.004,0.011,258.539,260.09,255.49
1780888680.057546,6.141,-18.143,-0.004,0.011,258.538,260.107,255.476
1780888680.0579169,6.085,-18.571,-0.004,0.012,258.589,260.139,255.398
1780888680.05824,6.197,-18.143,-0.004,0.011,258.531,260.116,255.474
1780888680.0678132,6.141,-18.071,-0.004,0.011,258.535,260.1,255.485
1780888680.082183,6.254,-18.143,-0.004,0.011,258.525,260.126,255.471
1780888680.092633,6.31,-18.214,-0.004,0.011,258.525,260.141,255.456
1780888680.1064892,6.366,-18.571,-0.004,0.012,258.551,260.184,255.393
1780888680.120807,6.31,-18.714,-0.004,0.012,258.574,260.187,255.369
1780888680.131315,6.254,-18.643,-0.004,0.012,258.576,260.169,255.383
1780888680.145365,6.479,-18.286,-0.004,0.011,258.507,260.169,255.448
1780888680.1558368,6.254,-18.714,-0.004,0.012,258.585,260.172,255.372
1780888680.1702862,6.254,-18.429,-0.004,0.011,258.558,260.144,255.423
1780888680.184055,6.197,-18.571,-0.004,0.012,258.58,260.148,255.398
1780888680.1947489,6.197,-18.857,-0.004,0.012,258.606,260.175,255.349
1780888680.20833,6.592,-18.643,-0.004,0.012,258.521,260.219,255.389
1780888680.219064,6.479,-18.714,-0.004,0.012,258.547,260.206,255.377
1780888680.233493,6.254,-18.929,-0.004,0.012,258.604,260.187,255.34
1780888680.269248,6.254,-18.5,-0.004,0.011,258.561,260.145,255.419
1780888680.269665,6.254,-18.357,-0.004,0.011,258.548,260.132,255.444
1780888680.27182,6.141,-18.571,-0.004,0.012,258.587,260.134,255.405
1780888680.28234,6.028,-18.357,-0.004,0.011,258.585,260.096,255.442
1780888680.2960799,6.085,-18.143,-0.004,0.011,258.555,260.088,255.477
1780888680.306701,5.915,-18.286,-0.004,0.011,258.596,260.075,255.45
1780888680.320883,6.028,-18.143,-0.004,0.011,258.564,260.082,255.475
1780888680.334674,6.085,-18.214,-0.004,0.011,258.562,260.099,255.461
1780888680.345175,6.028,-17.786,-0.004,0.011,258.531,260.051,255.535
1780888680.3589818,5.972,-18.286,-0.004,0.011,258.587,260.092,255.443
1780888680.370241,6.028,-17.857,-0.004,0.011,258.538,260.061,255.519
1780888680.3842602,6.085,-18.071,-0.004,0.011,258.55,260.092,255.479
1780888680.3977659,6.028,-18.214,-0.004,0.011,258.573,260.097,255.452
1780888680.408362,5.972,-17.929,-0.004,0.011,258.555,260.061,255.503
1780888680.4225469,5.972,-18.0,-0.004,0.011,258.562,260.069,255.489
1780888680.433432,5.803,-17.857,-0.004,0.011,258.577,260.029,255.512
1780888680.447145,6.141,-17.5,-0.004,0.011,258.488,260.053,255.574
1780888680.4862652,5.746,-17.643,-0.003,0.011,258.567,260.002,255.546
1780888680.4866638,5.859,-17.643,-0.004,0.011,258.549,260.023,255.544
1780888680.486995,5.803,-17.643,-0.004,0.011,258.559,260.015,255.54
1780888680.4962292,5.859,-17.5,-0.004,0.011,258.537,260.013,255.564
1780888680.510499,5.859,-17.5,-0.004,0.011,258.537,260.014,255.562
1780888680.524472,5.746,-17.286,-0.004,0.011,258.536,259.976,255.599
1780888680.534793,5.859,-17.286,-0.004,0.011,258.519,259.998,255.594
1780888680.548495,6.028,-17.286,-0.004,0.011,258.493,260.028,255.592
1780888680.559055,5.69,-17.357,-0.003,0.011,258.555,259.979,255.578
1780888680.573931,5.803,-17.357,-0.004,0.011,258.537,260.0,255.577
1780888680.587188,5.69,-17.0,-0.003,0.01,258.523,259.948,255.638
1780888680.5978932,5.577,-17.5,-0.003,0.011,258.588,259.979,255.547
1780888680.6120389,5.577,-17.357,-0.003,0.011,258.574,259.967,255.572
1780888680.6227012,5.521,-17.357,-0.003,0.011,258.582,259.959,255.571
1780888680.636461,5.465,-17.5,-0.003,0.011,258.604,259.965,255.545
1780888680.650811,5.746,-17.5,-0.004,0.011,258.557,260.014,255.545
1780888680.690177,5.634,-17.357,-0.003,0.011,258.562,259.981,255.57
1780888680.690528,5.465,-17.571,-0.003,0.011,258.608,259.974,255.533
1780888680.69086,5.803,-17.5,-0.004,0.011,258.545,260.024,255.546
1780888680.700037,5.577,-17.214,-0.003,0.011,258.556,259.959,255.596
1780888680.7105532,5.746,-17.357,-0.004,0.011,258.542,260.002,255.57
1780888680.724403,6.028,-17.714,-0.004,0.011,258.529,260.084,255.506
1780888680.738157,6.028,-17.286,-0.004,0.011,258.49,260.041,255.583
1780888680.748723,5.577,-17.357,-0.003,0.011,258.571,259.972,255.57
1780888680.7631202,5.859,-17.071,-0.004,0.011,258.498,259.993,255.62
1780888680.773652,5.859,-17.286,-0.004,0.011,258.52,260.013,255.58
1780888680.78769,5.859,-17.5,-0.004,0.011,258.541,260.033,255.542
1780888680.801965,5.915,-17.429,-0.004,0.011,258.525,260.035,255.555
1780888680.812667,6.085,-17.214,-0.004,0.011,258.478,260.042,255.593
1780888680.826272,6.31,-17.357,-0.004,0.011,258.457,260.093,255.566
1780888680.836923,6.197,-17.429,-0.004,0.011,258.484,260.08,255.553
1780888680.851255,6.028,-17.143,-0.004,0.011,258.486,260.023,255.604
1780888680.8648582,6.254,-17.357,-0.004,0.011,258.47,260.081,255.565
1780888680.903571,6.197,-17.286,-0.004,0.011,258.474,260.064,255.577
1780888680.903981,6.197,-16.929,-0.004,0.01,258.442,260.029,255.64
1780888680.904327,6.197,-17.286,-0.004,0.011,258.477,260.063,255.575
1780888680.913902,6.085,-17.214,-0.004,0.011,258.49,260.036,255.587
1780888680.9275992,6.31,-17.0,-0.004,0.011,258.434,260.053,255.625
1780888680.938138,6.254,-17.429,-0.004,0.011,258.485,260.084,255.547
1780888680.952415,6.31,-17.214,-0.004,0.011,258.456,260.072,255.586
1780888680.962955,6.423,-17.357,-0.004,0.011,258.452,260.103,255.561
1780888680.976632,5.972,-17.286,-0.004,0.011,258.52,260.02,255.574
1780888680.9911811,6.31,-17.214,-0.004,0.011,258.458,260.07,255.587
1780888681.001785,6.366,-17.071,-0.004,0.011,258.436,260.065,255.612
1780888681.01585,6.31,-17.143,-0.004,0.011,258.453,260.062,255.598
1780888681.0260758,6.197,-17.214,-0.004,0.011,258.479,260.05,255.585
1780888681.040467,6.31,-17.429,-0.004,0.011,258.481,260.089,255.547
1780888681.054212,6.31,-17.357,-0.004,0.011,258.474,260.081,255.56
1780888681.064807,6.254,-17.143,-0.004,0.011,258.464,260.051,255.598
1780888681.0786371,6.423,-17.357,-0.004,0.011,258.457,260.099,255.56
1780888681.1188202,6.423,-17.071,-0.004,0.011,258.431,260.071,255.611
1780888681.1192179,6.197,-17.571,-0.004,0.011,258.516,260.081,255.521
1780888681.1195571,6.197,-17.429,-0.004,0.011,258.502,260.066,255.548
1780888681.127533,6.254,-17.5,-0.004,0.011,258.499,260.082,255.536
1780888681.141917,5.972,-17.357,-0.004,0.011,258.531,260.021,255.562
1780888681.152378,6.93,-17.357,-0.004,0.011,258.374,260.182,255.562
1780888681.166157,6.31,-16.929,-0.004,0.01,258.437,260.035,255.639
1780888681.1766899,6.254,-17.286,-0.004,0.011,258.481,260.061,255.573
1780888681.191417,6.028,-17.214,-0.004,0.011,258.51,260.017,255.586
1780888681.205111,6.028,-17.286,-0.004,0.011,258.516,260.025,255.573
1780888681.2155368,6.254,-17.286,-0.004,0.011,258.479,260.064,255.572
1780888681.229295,6.197,-17.5,-0.004,0.011,258.508,260.075,255.534
1780888681.240864,6.028,-17.071,-0.004,0.011,258.495,260.005,255.611
1780888681.2542799,6.31,-17.143,-0.004,0.011,258.454,260.061,255.598
1780888681.2680519,6.085,-17.357,-0.004,0.011,258.511,260.044,255.56
1780888681.278663,6.141,-17.357,-0.004,0.011,258.501,260.054,255.56
1780888681.292981,6.254,-17.214,-0.004,0.011,258.469,260.059,255.586
1780888681.3318179,6.085,-17.214,-0.004,0.011,258.497,260.031,255.585
1780888681.332255,5.859,-17.286,-0.004,0.011,258.54,260.001,255.572
1780888681.332607,6.028,-17.357,-0.004,0.011,258.518,260.037,255.56
1780888681.341874,6.085,-17.143,-0.004,0.011,258.488,260.026,255.598
1780888681.355577,6.479,-17.429,-0.004,0.011,258.451,260.121,255.546
1780888681.366168,5.972,-17.571,-0.004,0.011,258.547,260.048,255.522
1780888681.380636,6.141,-17.357,-0.004,0.011,258.498,260.056,255.561
1780888681.394412,5.915,-17.071,-0.004,0.011,258.508,259.991,255.612
1780888681.405066,5.972,-17.357,-0.004,0.011,258.526,260.029,255.559
1780888681.4186492,6.254,-17.357,-0.004,0.011,258.48,260.076,255.56
1780888681.429458,6.028,-17.286,-0.004,0.011,258.51,260.031,255.573
1780888681.443854,6.479,-17.429,-0.004,0.011,258.45,260.12,255.547
1780888681.45763,6.085,-17.357,-0.004,0.011,258.508,260.047,255.56
1780888681.4681249,6.254,-17.214,-0.004,0.011,258.467,260.061,255.586
1780888681.4826188,6.085,-17.429,-0.004,0.011,258.515,260.053,255.547
1780888681.493224,6.028,-17.214,-0.004,0.011,258.502,260.024,255.587
1780888681.506732,6.085,-17.357,-0.004,0.011,258.507,260.047,255.561
1780888681.533227,6.366,-16.929,-0.004,0.01,258.421,260.053,255.637
1780888681.5336251,6.423,-17.214,-0.004,0.011,258.44,260.09,255.585
1780888681.545259,6.197,-17.286,-0.004,0.011,258.484,260.059,255.572
1780888681.5559192,6.31,-17.0,-0.004,0.011,258.44,260.05,255.623
1780888681.570205,6.31,-17.143,-0.004,0.011,258.454,260.063,255.596
1780888681.5807319,5.915,-17.214,-0.004,0.011,258.525,260.004,255.583
1780888681.5944378,6.141,-17.214,-0.004,0.011,258.489,260.042,255.582
1780888681.608199,6.141,-17.214,-0.004,0.011,258.489,260.042,255.582
1780888681.618808,6.141,-17.5,-0.004,0.011,258.516,260.07,255.531
1780888681.63325,6.31,-17.143,-0.004,0.011,258.454,260.063,255.596
1780888681.6438138,6.085,-17.5,-0.004,0.011,258.524,260.06,255.533
1780888681.6575942,6.141,-17.214,-0.004,0.011,258.488,260.042,255.584
1780888681.67218,6.141,-17.429,-0.004,0.011,258.508,260.062,255.546
1780888681.682765,6.197,-17.214,-0.004,0.011,258.478,260.051,255.585
1780888681.6964538,5.803,-17.214,-0.004,0.011,258.542,259.986,255.584
1780888681.707443,6.085,-17.286,-0.004,0.011,258.502,260.041,255.571
1780888681.721349,6.028,-17.286,-0.004,0.011,258.511,260.032,255.571
1780888681.7603588,6.141,-17.286,-0.004,0.011,258.492,260.051,255.571
1780888681.7606778,5.915,-17.5,-0.004,0.011,258.548,260.035,255.533
1780888681.761012,6.197,-17.214,-0.004,0.011,258.475,260.054,255.585
1780888681.770298,6.31,-17.357,-0.004,0.011,258.47,260.087,255.559
1780888681.783956,6.254,-17.286,-0.004,0.011,258.474,260.069,255.572
1780888681.797776,5.859,-17.143,-0.004,0.011,258.525,259.989,255.598
1780888681.808286,6.028,-17.429,-0.004,0.011,258.523,260.046,255.546
1780888681.8226628,6.141,-17.5,-0.004,0.011,258.511,260.072,255.534
1780888681.833518,6.254,-17.214,-0.004,0.011,258.465,260.063,255.585
1780888681.847003,5.972,-17.357,-0.004,0.011,258.525,260.03,255.56
1780888681.861264,6.197,-16.857,-0.004,0.01,258.441,260.02,255.648
1780888681.8719842,6.254,-17.071,-0.004,0.011,258.454,260.05,255.608
1780888681.8857348,6.366,-17.143,-0.004,0.011,258.443,260.075,255.596
1780888681.896443,5.972,-17.357,-0.004,0.011,258.528,260.029,255.557
1780888681.910739,6.085,-17.214,-0.004,0.011,258.496,260.035,255.583
1780888681.921331,6.31,-17.5,-0.004,0.011,258.486,260.1,255.532
1780888681.935047,6.085,-17.5,-0.004,0.011,258.523,260.062,255.532
1780888681.974205,6.254,-17.286,-0.004,0.011,258.475,260.069,255.571
1780888681.9745631,6.141,-17.143,-0.004,0.011,258.48,260.036,255.596
1780888681.9748962,6.254,-17.143,-0.004,0.011,258.462,260.055,255.596
1780888681.983913,6.197,-17.357,-0.004,0.011,258.492,260.066,255.558
1780888681.99767,5.859,-17.5,-0.004,0.011,258.56,260.023,255.533
1780888682.012129,6.085,-17.214,-0.004,0.011,258.495,260.034,255.584
1780888682.0225751,6.085,-17.143,-0.004,0.011,258.488,260.028,255.597
1780888682.036274,6.254,-17.357,-0.004,0.011,258.481,260.076,255.559
1780888682.046887,6.085,-17.357,-0.004,0.011,258.508,260.047,255.559
1780888682.061217,5.69,-17.071,-0.003,0.011,258.545,259.955,255.61
1780888682.0749462,6.141,-17.429,-0.004,0.011,258.504,260.066,255.546
1780888682.085567,6.31,-17.357,-0.004,0.011,258.471,260.085,255.56
1780888682.09917,5.972,-17.286,-0.004,0.011,258.519,260.021,255.573
1780888682.1105,6.085,-17.286,-0.004,0.011,258.501,260.041,255.573
1780888682.124205,6.197,-17.429,-0.004,0.011,258.496,260.072,255.548
1780888682.137883,6.141,-17.429,-0.004,0.011,258.506,260.062,255.548
1780888682.175019,6.085,-17.429,-0.004,0.011,258.514,260.053,255.548
1780888682.17541,6.197,-17.214,-0.004,0.011,258.476,260.051,255.587
1780888682.17579,6.085,-17.286,-0.004,0.011,258.501,260.04,255.573
1780888682.1867142,6.028,-17.143,-0.004,0.011,258.497,260.017,255.598
1780888682.20105,6.254,-17.5,-0.004,0.011,258.494,260.09,255.534
1780888682.211503,6.141,-17.357,-0.004,0.011,258.499,260.056,255.56
1780888682.225308,6.141,-17.071,-0.004,0.011,258.472,260.03,255.61
1780888682.235903,6.31,-17.571,-0.004,0.011,258.492,260.106,255.52
1780888682.250394,6.366,-17.429,-0.004,0.011,258.47,260.101,255.547
1780888682.264029,6.254,-17.357,-0.004,0.011,258.482,260.074,255.56
1780888682.274564,6.254,-17.429,-0.004,0.011,258.489,260.081,255.547
1780888682.288379,6.085,-17.143,-0.004,0.011,258.489,260.025,255.598
1780888682.299003,6.366,-17.357,-0.004,0.011,258.464,260.093,255.559
1780888682.31336,6.197,-17.429,-0.004,0.011,258.498,260.071,255.547
1780888682.323999,6.028,-17.357,-0.004,0.011,258.52,260.036,255.559
1780888682.337697,6.085,-17.143,-0.004,0.011,258.49,260.026,255.597
1780888682.351997,6.141,-17.429,-0.004,0.011,258.507,260.063,255.546
1780888682.3897212,6.085,-17.357,-0.004,0.011,258.509,260.047,255.559
1780888682.390046,6.197,-17.357,-0.004,0.011,258.49,260.066,255.56
1780888682.390393,6.31,-17.571,-0.004,0.011,258.491,260.105,255.522
1780888682.400744,6.141,-17.429,-0.004,0.011,258.506,260.062,255.549
1780888682.4145842,6.141,-17.5,-0.004,0.011,258.512,260.069,255.536
1780888682.4249432,6.197,-17.143,-0.004,0.011,258.469,260.043,255.601
1780888682.4387999,6.197,-17.5,-0.004,0.011,258.503,260.078,255.536
1780888682.450083,6.197,-17.5,-0.004,0.011,258.503,260.078,255.537
1780888682.463864,5.746,-17.357,-0.003,0.011,258.562,259.989,255.563
1780888682.4775648,6.028,-17.429,-0.004,0.011,258.521,260.044,255.55
1780888682.488148,6.254,-17.286,-0.004,0.011,258.471,260.069,255.575
1780888682.502538,6.085,-17.571,-0.004,0.011,258.526,260.067,255.524
1780888682.513184,6.085,-17.5,-0.004,0.011,258.52,260.059,255.537
1780888682.5268779,6.197,-17.357,-0.004,0.011,258.488,260.065,255.563
1780888682.5412412,6.141,-17.214,-0.004,0.011,258.484,260.041,255.588
1780888682.551906,6.423,-17.5,-0.004,0.011,258.465,260.116,255.537
1780888682.565685,6.366,-17.286,-0.004,0.011,258.455,260.085,255.575
1780888682.605008,6.197,-17.071,-0.004,0.011,258.464,260.036,255.612
1780888682.605411,6.366,-17.071,-0.004,0.011,258.437,260.065,255.611
1780888682.605736,6.085,-17.143,-0.004,0.011,258.491,260.025,255.597
1780888682.6145012,6.141,-17.357,-0.004,0.011,258.502,260.056,255.558
1780888682.628099,6.254,-17.214,-0.004,0.011,258.47,260.061,255.583
1780888682.638716,6.197,-17.429,-0.004,0.011,258.5,260.072,255.545
1780888682.6530921,6.254,-17.071,-0.004,0.011,258.457,260.047,255.609
1780888682.666914,6.592,-17.286,-0.004,0.011,258.423,260.125,255.569
1780888682.6774468,5.972,-17.143,-0.004,0.011,258.511,260.006,255.595
1780888682.692276,6.197,-17.429,-0.004,0.011,258.501,260.073,255.544
1780888682.702451,6.197,-17.5,-0.004,0.011,258.507,260.079,255.532
1780888682.7161758,6.254,-17.429,-0.004,0.011,258.49,260.081,255.546
1780888682.726652,6.31,-17.214,-0.004,0.011,258.461,260.07,255.584
1780888682.7410429,6.085,-17.286,-0.004,0.011,258.505,260.039,255.571
1780888682.7549,6.141,-17.143,-0.004,0.011,258.482,260.035,255.596
1780888682.7655108,5.972,-17.214,-0.004,0.011,258.516,260.015,255.582
1780888682.779211,6.254,-17.357,-0.004,0.011,258.483,260.077,255.556
1780888682.815285,6.254,-17.214,-0.004,0.011,258.47,260.063,255.582
1780888682.815685,6.31,-17.5,-0.004,0.011,258.488,260.098,255.532
1780888682.817446,6.141,-16.857,-0.004,0.01,258.455,260.008,255.647
1780888682.827968,6.141,-17.214,-0.004,0.011,258.489,260.043,255.582
1780888682.842365,6.197,-17.5,-0.004,0.011,258.507,260.08,255.531
1780888682.85291,6.141,-17.429,-0.004,0.011,258.508,260.063,255.545
1780888682.866704,6.197,-17.643,-0.004,0.011,258.519,260.093,255.508
1780888682.8810802,6.085,-17.5,-0.004,0.011,258.523,260.059,255.534
1780888682.8917918,6.085,-17.286,-0.004,0.011,258.502,260.039,255.573
1780888682.905484,6.085,-17.357,-0.004,0.011,258.509,260.047,255.559
1780888682.915948,6.085,-17.357,-0.004,0.011,258.509,260.047,255.559
1780888682.9301288,6.085,-17.357,-0.004,0.011,258.509,260.047,255.559
1780888682.943858,6.085,-17.357,-0.004,0.011,258.509,260.047,255.559
1780888682.954497,2.366,-14.5,-0.001,0.009,258.845,259.161,256.069
1780888682.968024,2.592,-13.429,-0.001,0.008,258.7,259.119,256.248
